dist	t_0	alpha	wk1	wk2	wk3	wk4
negbin	2017-07-06	0.0	0.08	0.08	0.08	0.14
negbin	2017-07-06	0.1	0.16	0.16	0.16	0.22
negbin	2017-07-06	0.2	0.32	0.22	0.16	0.32
negbin	2017-07-06	0.30000000000000004	0.34	0.4	0.32	0.5
negbin	2017-07-06	0.4	0.42	0.4	0.32	0.5
negbin	2017-07-06	0.5	0.52	0.56	0.5	0.58
negbin	2017-07-06	0.6000000000000001	0.72	0.58	0.6	0.64
negbin	2017-07-06	0.7000000000000001	0.84	0.68	0.72	0.68
negbin	2017-07-06	0.8	0.84	0.78	0.82	0.84
negbin	2017-07-06	0.9	0.92	0.94	0.9	0.96
negbin	2017-07-06	1.0	1.0	1.0	1.0	1.0
negbin	2017-07-13	0.0	0.08	0.04	0.08	0.02
negbin	2017-07-13	0.1	0.16	0.22	0.22	0.24
negbin	2017-07-13	0.2	0.26	0.22	0.3	0.24
negbin	2017-07-13	0.30000000000000004	0.32	0.4	0.46	0.34
negbin	2017-07-13	0.4	0.48	0.4	0.56	0.4
negbin	2017-07-13	0.5	0.48	0.52	0.6	0.48
negbin	2017-07-13	0.6000000000000001	0.64	0.56	0.62	0.62
negbin	2017-07-13	0.7000000000000001	0.66	0.68	0.66	0.74
negbin	2017-07-13	0.8	0.78	0.74	0.78	0.94
negbin	2017-07-13	0.9	0.94	0.9	0.9	1.0
negbin	2017-07-13	1.0	1.0	1.0	1.0	1.0
negbin	2017-07-20	0.0	0.04	0.08	0.02	0.1
negbin	2017-07-20	0.1	0.12	0.22	0.14	0.16
negbin	2017-07-20	0.2	0.22	0.3	0.28	0.24
negbin	2017-07-20	0.30000000000000004	0.26	0.4	0.28	0.38
negbin	2017-07-20	0.4	0.46	0.56	0.4	0.46
negbin	2017-07-20	0.5	0.46	0.62	0.58	0.6
negbin	2017-07-20	0.6000000000000001	0.56	0.64	0.7	0.76
negbin	2017-07-20	0.7000000000000001	0.68	0.7	0.78	0.76
negbin	2017-07-20	0.8	0.78	0.78	0.94	0.82
negbin	2017-07-20	0.9	0.9	0.9	1.0	0.92
negbin	2017-07-20	1.0	1.0	1.0	1.0	1.0
negbin	2017-07-27	0.0	0.08	0.02	0.1	0.02
negbin	2017-07-27	0.1	0.22	0.14	0.16	0.24
negbin	2017-07-27	0.2	0.3	0.24	0.28	0.24
negbin	2017-07-27	0.30000000000000004	0.4	0.34	0.38	0.38
negbin	2017-07-27	0.4	0.56	0.4	0.46	0.6
negbin	2017-07-27	0.5	0.62	0.58	0.6	0.64
negbin	2017-07-27	0.6000000000000001	0.64	0.74	0.76	0.7
negbin	2017-07-27	0.7000000000000001	0.7	0.78	0.76	0.84
negbin	2017-07-27	0.8	0.78	0.94	0.84	0.86
negbin	2017-07-27	0.9	0.9	1.0	0.92	0.9
negbin	2017-07-27	1.0	1.0	1.0	1.0	1.0
negbin	2017-08-03	0.0	0.1	0.08	0.02	0.08
negbin	2017-08-03	0.1	0.12	0.18	0.24	0.2
negbin	2017-08-03	0.2	0.3	0.34	0.24	0.2
negbin	2017-08-03	0.30000000000000004	0.3	0.34	0.38	0.34
negbin	2017-08-03	0.4	0.42	0.48	0.6	0.48
negbin	2017-08-03	0.5	0.52	0.64	0.64	0.5
negbin	2017-08-03	0.6000000000000001	0.62	0.68	0.7	0.56
negbin	2017-08-03	0.7000000000000001	0.84	0.78	0.84	0.74
negbin	2017-08-03	0.8	0.94	0.84	0.86	0.8
negbin	2017-08-03	0.9	1.0	0.92	0.9	0.94
negbin	2017-08-03	1.0	1.0	1.0	1.0	1.0
negbin	2017-08-10	0.0	0.08	0.14	0.08	0.02
negbin	2017-08-10	0.1	0.18	0.16	0.18	0.08
negbin	2017-08-10	0.2	0.28	0.3	0.3	0.24
negbin	2017-08-10	0.30000000000000004	0.44	0.48	0.34	0.34
negbin	2017-08-10	0.4	0.48	0.48	0.48	0.36
negbin	2017-08-10	0.5	0.56	0.64	0.48	0.48
negbin	2017-08-10	0.6000000000000001	0.66	0.78	0.5	0.5
negbin	2017-08-10	0.7000000000000001	0.7	0.8	0.74	0.64
negbin	2017-08-10	0.8	0.84	0.84	0.78	0.74
negbin	2017-08-10	0.9	0.92	0.92	0.94	0.84
negbin	2017-08-10	1.0	1.0	1.0	1.0	1.0
negbin	2017-08-17	0.0	0.14	0.1	0.02	0.06
negbin	2017-08-17	0.1	0.28	0.18	0.16	0.16
negbin	2017-08-17	0.2	0.3	0.3	0.16	0.16
negbin	2017-08-17	0.30000000000000004	0.48	0.4	0.34	0.34
negbin	2017-08-17	0.4	0.52	0.44	0.44	0.44
negbin	2017-08-17	0.5	0.52	0.48	0.48	0.46
negbin	2017-08-17	0.6000000000000001	0.74	0.62	0.5	0.58
negbin	2017-08-17	0.7000000000000001	0.78	0.72	0.64	0.7
negbin	2017-08-17	0.8	0.88	0.78	0.74	0.8
negbin	2017-08-17	0.9	0.92	0.94	0.84	0.86
negbin	2017-08-17	1.0	1.0	1.0	1.0	1.0
negbin	2017-08-24	0.0	0.1	0.02	0.06	0.12
negbin	2017-08-24	0.1	0.18	0.1	0.12	0.14
negbin	2017-08-24	0.2	0.3	0.26	0.24	0.14
negbin	2017-08-24	0.30000000000000004	0.4	0.34	0.34	0.22
negbin	2017-08-24	0.4	0.44	0.44	0.38	0.3
negbin	2017-08-24	0.5	0.48	0.46	0.54	0.32
negbin	2017-08-24	0.6000000000000001	0.62	0.5	0.56	0.54
negbin	2017-08-24	0.7000000000000001	0.72	0.64	0.7	0.62
negbin	2017-08-24	0.8	0.92	0.74	0.78	0.74
negbin	2017-08-24	0.9	0.94	0.88	0.9	0.82
negbin	2017-08-24	1.0	1.0	1.0	1.0	1.0
negbin	2017-08-31	0.0	0.08	0.06	0.12	0.1
negbin	2017-08-31	0.1	0.1	0.2	0.12	0.24
negbin	2017-08-31	0.2	0.26	0.2	0.18	0.24
negbin	2017-08-31	0.30000000000000004	0.34	0.28	0.22	0.34
negbin	2017-08-31	0.4	0.42	0.38	0.3	0.36
negbin	2017-08-31	0.5	0.46	0.54	0.48	0.56
negbin	2017-08-31	0.6000000000000001	0.62	0.68	0.5	0.66
negbin	2017-08-31	0.7000000000000001	0.7	0.76	0.62	0.74
negbin	2017-08-31	0.8	0.84	0.8	0.7	0.84
negbin	2017-08-31	0.9	0.88	0.9	0.92	0.96
negbin	2017-08-31	1.0	1.0	1.0	1.0	1.0
negbin	2017-09-07	0.0	0.06	0.0	0.06	0.04
negbin	2017-09-07	0.1	0.14	0.16	0.16	0.16
negbin	2017-09-07	0.2	0.24	0.16	0.3	0.28
negbin	2017-09-07	0.30000000000000004	0.28	0.26	0.3	0.28
negbin	2017-09-07	0.4	0.38	0.3	0.5	0.36
negbin	2017-09-07	0.5	0.48	0.48	0.62	0.5
negbin	2017-09-07	0.6000000000000001	0.66	0.56	0.66	0.58
negbin	2017-09-07	0.7000000000000001	0.74	0.68	0.7	0.62
negbin	2017-09-07	0.8	0.8	0.74	0.84	0.7
negbin	2017-09-07	0.9	0.88	0.92	0.96	0.8
negbin	2017-09-07	1.0	1.0	1.0	1.0	1.0
negbin	2017-09-14	0.0	0.04	0.06	0.06	0.1
negbin	2017-09-14	0.1	0.04	0.12	0.26	0.14
negbin	2017-09-14	0.2	0.24	0.38	0.26	0.24
negbin	2017-09-14	0.30000000000000004	0.24	0.46	0.38	0.24
negbin	2017-09-14	0.4	0.44	0.56	0.44	0.46
negbin	2017-09-14	0.5	0.54	0.6	0.48	0.52
negbin	2017-09-14	0.6000000000000001	0.54	0.66	0.54	0.58
negbin	2017-09-14	0.7000000000000001	0.64	0.8	0.6	0.68
negbin	2017-09-14	0.8	0.74	0.96	0.7	0.8
negbin	2017-09-14	0.9	0.88	0.96	0.78	0.94
negbin	2017-09-14	1.0	1.0	1.0	1.0	1.0
negbin	2017-09-21	0.0	0.16	0.08	0.1	0.04
negbin	2017-09-21	0.1	0.26	0.12	0.12	0.12
negbin	2017-09-21	0.2	0.32	0.2	0.16	0.16
negbin	2017-09-21	0.30000000000000004	0.42	0.26	0.2	0.34
negbin	2017-09-21	0.4	0.42	0.32	0.24	0.34
negbin	2017-09-21	0.5	0.62	0.46	0.36	0.48
negbin	2017-09-21	0.6000000000000001	0.7	0.52	0.36	0.58
negbin	2017-09-21	0.7000000000000001	0.86	0.56	0.48	0.64
negbin	2017-09-21	0.8	0.88	0.62	0.66	0.68
negbin	2017-09-21	0.9	0.98	0.8	0.76	0.76
negbin	2017-09-21	1.0	1.0	1.0	1.0	1.0
negbin	2017-09-28	0.0	0.08	0.04	0.08	0.04
negbin	2017-09-28	0.1	0.16	0.14	0.26	0.08
negbin	2017-09-28	0.2	0.22	0.18	0.3	0.12
negbin	2017-09-28	0.30000000000000004	0.26	0.3	0.44	0.16
negbin	2017-09-28	0.4	0.38	0.3	0.48	0.28
negbin	2017-09-28	0.5	0.48	0.4	0.54	0.38
negbin	2017-09-28	0.6000000000000001	0.56	0.52	0.6	0.38
negbin	2017-09-28	0.7000000000000001	0.56	0.6	0.66	0.52
negbin	2017-09-28	0.8	0.68	0.7	0.7	0.62
negbin	2017-09-28	0.9	0.76	0.86	0.8	0.68
negbin	2017-09-28	1.0	1.0	1.0	1.0	1.0
negbin	2017-10-05	0.0	0.04	0.18	0.04	0.04
negbin	2017-10-05	0.1	0.08	0.26	0.08	0.1
negbin	2017-10-05	0.2	0.18	0.4	0.24	0.3
negbin	2017-10-05	0.30000000000000004	0.34	0.5	0.24	0.34
negbin	2017-10-05	0.4	0.34	0.5	0.34	0.48
negbin	2017-10-05	0.5	0.48	0.6	0.34	0.52
negbin	2017-10-05	0.6000000000000001	0.58	0.62	0.48	0.58
negbin	2017-10-05	0.7000000000000001	0.62	0.66	0.52	0.72
negbin	2017-10-05	0.8	0.7	0.74	0.68	0.84
negbin	2017-10-05	0.9	0.9	0.82	0.8	0.88
negbin	2017-10-05	1.0	1.0	1.0	1.0	1.0
negbin	2017-10-12	0.0	0.14	0.12	0.2	0.08
negbin	2017-10-12	0.1	0.2	0.16	0.24	0.26
negbin	2017-10-12	0.2	0.38	0.22	0.38	0.26
negbin	2017-10-12	0.30000000000000004	0.44	0.26	0.44	0.32
negbin	2017-10-12	0.4	0.54	0.36	0.44	0.32
negbin	2017-10-12	0.5	0.58	0.44	0.54	0.4
negbin	2017-10-12	0.6000000000000001	0.62	0.54	0.68	0.54
negbin	2017-10-12	0.7000000000000001	0.7	0.6	0.72	0.7
negbin	2017-10-12	0.8	0.76	0.72	0.78	0.8
negbin	2017-10-12	0.9	0.9	0.8	0.94	0.9
negbin	2017-10-12	1.0	1.0	1.0	1.0	1.0
negbin	2017-10-19	0.0	0.06	0.14	0.06	0.06
negbin	2017-10-19	0.1	0.28	0.14	0.08	0.26
negbin	2017-10-19	0.2	0.28	0.34	0.16	0.26
negbin	2017-10-19	0.30000000000000004	0.36	0.44	0.3	0.48
negbin	2017-10-19	0.4	0.42	0.54	0.44	0.54
negbin	2017-10-19	0.5	0.46	0.6	0.6	0.56
negbin	2017-10-19	0.6000000000000001	0.56	0.64	0.6	0.7
negbin	2017-10-19	0.7000000000000001	0.64	0.7	0.76	0.76
negbin	2017-10-19	0.8	0.72	0.82	0.82	0.84
negbin	2017-10-19	0.9	0.9	0.88	0.9	0.94
negbin	2017-10-19	1.0	1.0	1.0	1.0	1.0
negbin	2017-10-26	0.0	0.0	0.02	0.06	0.04
negbin	2017-10-26	0.1	0.14	0.08	0.22	0.18
negbin	2017-10-26	0.2	0.4	0.18	0.4	0.2
negbin	2017-10-26	0.30000000000000004	0.5	0.32	0.4	0.38
negbin	2017-10-26	0.4	0.54	0.44	0.54	0.42
negbin	2017-10-26	0.5	0.58	0.56	0.56	0.56
negbin	2017-10-26	0.6000000000000001	0.66	0.66	0.62	0.56
negbin	2017-10-26	0.7000000000000001	0.72	0.76	0.8	0.78
negbin	2017-10-26	0.8	0.82	0.84	0.84	0.9
negbin	2017-10-26	0.9	0.9	0.94	0.94	0.98
negbin	2017-10-26	1.0	1.0	1.0	1.0	1.0
negbin	2017-11-02	0.0	0.02	0.06	0.04	0.02
negbin	2017-11-02	0.1	0.08	0.22	0.2	0.14
negbin	2017-11-02	0.2	0.1	0.4	0.2	0.26
negbin	2017-11-02	0.30000000000000004	0.32	0.4	0.38	0.26
negbin	2017-11-02	0.4	0.44	0.54	0.42	0.46
negbin	2017-11-02	0.5	0.56	0.56	0.52	0.56
negbin	2017-11-02	0.6000000000000001	0.66	0.62	0.7	0.68
negbin	2017-11-02	0.7000000000000001	0.76	0.8	0.74	0.78
negbin	2017-11-02	0.8	0.84	0.84	0.9	0.82
negbin	2017-11-02	0.9	0.94	0.94	0.98	0.92
negbin	2017-11-02	1.0	1.0	1.0	1.0	1.0
negbin	2017-11-09	0.0	0.06	0.04	0.12	0.2
negbin	2017-11-09	0.1	0.22	0.06	0.14	0.38
negbin	2017-11-09	0.2	0.4	0.2	0.2	0.38
negbin	2017-11-09	0.30000000000000004	0.4	0.38	0.26	0.54
negbin	2017-11-09	0.4	0.54	0.48	0.46	0.54
negbin	2017-11-09	0.5	0.56	0.52	0.6	0.68
negbin	2017-11-09	0.6000000000000001	0.62	0.7	0.6	0.72
negbin	2017-11-09	0.7000000000000001	0.8	0.84	0.78	0.78
negbin	2017-11-09	0.8	0.84	0.9	0.86	0.88
negbin	2017-11-09	0.9	0.94	0.98	0.92	0.88
negbin	2017-11-09	1.0	1.0	1.0	1.0	1.0
negbin	2017-11-16	0.0	0.04	0.02	0.2	0.08
negbin	2017-11-16	0.1	0.18	0.14	0.3	0.18
negbin	2017-11-16	0.2	0.2	0.26	0.38	0.24
negbin	2017-11-16	0.30000000000000004	0.38	0.34	0.54	0.28
negbin	2017-11-16	0.4	0.42	0.46	0.62	0.38
negbin	2017-11-16	0.5	0.56	0.56	0.72	0.58
negbin	2017-11-16	0.6000000000000001	0.6	0.68	0.72	0.58
negbin	2017-11-16	0.7000000000000001	0.78	0.78	0.8	0.78
negbin	2017-11-16	0.8	0.9	0.88	0.88	0.84
negbin	2017-11-16	0.9	0.98	0.92	0.88	0.92
negbin	2017-11-16	1.0	1.0	1.0	1.0	1.0
negbin	2017-11-23	0.0	0.02	0.1	0.1	0.04
negbin	2017-11-23	0.1	0.08	0.3	0.18	0.14
negbin	2017-11-23	0.2	0.28	0.34	0.28	0.22
negbin	2017-11-23	0.30000000000000004	0.28	0.5	0.28	0.48
negbin	2017-11-23	0.4	0.44	0.62	0.38	0.58
negbin	2017-11-23	0.5	0.64	0.66	0.44	0.66
negbin	2017-11-23	0.6000000000000001	0.7	0.74	0.64	0.76
negbin	2017-11-23	0.7000000000000001	0.78	0.8	0.78	0.86
negbin	2017-11-23	0.8	0.84	0.8	0.84	0.86
negbin	2017-11-23	0.9	0.88	0.9	0.92	0.98
negbin	2017-11-23	1.0	1.0	1.0	1.0	1.0
negbin	2017-11-30	0.0	0.1	0.1	0.04	0.06
negbin	2017-11-30	0.1	0.14	0.18	0.14	0.06
negbin	2017-11-30	0.2	0.42	0.22	0.22	0.18
negbin	2017-11-30	0.30000000000000004	0.5	0.36	0.48	0.18
negbin	2017-11-30	0.4	0.54	0.36	0.58	0.26
negbin	2017-11-30	0.5	0.68	0.44	0.66	0.3
negbin	2017-11-30	0.6000000000000001	0.7	0.64	0.76	0.5
negbin	2017-11-30	0.7000000000000001	0.76	0.78	0.86	0.68
negbin	2017-11-30	0.8	0.8	0.82	0.86	0.88
negbin	2017-11-30	0.9	0.9	0.92	0.98	0.94
negbin	2017-11-30	1.0	1.0	1.0	1.0	1.0
negbin	2017-12-07	0.0	0.1	0.04	0.06	0.02
negbin	2017-12-07	0.1	0.14	0.22	0.06	0.12
negbin	2017-12-07	0.2	0.3	0.22	0.18	0.22
negbin	2017-12-07	0.30000000000000004	0.3	0.48	0.18	0.48
negbin	2017-12-07	0.4	0.42	0.56	0.26	0.52
negbin	2017-12-07	0.5	0.5	0.66	0.3	0.6
negbin	2017-12-07	0.6000000000000001	0.52	0.76	0.5	0.64
negbin	2017-12-07	0.7000000000000001	0.68	0.82	0.68	0.8
negbin	2017-12-07	0.8	0.82	0.86	0.88	0.94
negbin	2017-12-07	0.9	0.86	0.94	0.94	0.96
negbin	2017-12-07	1.0	1.0	1.0	1.0	1.0
negbin	2017-12-14	0.0	0.04	0.0	0.02	0.14
negbin	2017-12-14	0.1	0.14	0.06	0.12	0.24
negbin	2017-12-14	0.2	0.22	0.14	0.22	0.44
negbin	2017-12-14	0.30000000000000004	0.48	0.18	0.48	0.44
negbin	2017-12-14	0.4	0.58	0.26	0.48	0.54
negbin	2017-12-14	0.5	0.66	0.4	0.6	0.6
negbin	2017-12-14	0.6000000000000001	0.76	0.5	0.74	0.72
negbin	2017-12-14	0.7000000000000001	0.86	0.68	0.8	0.82
negbin	2017-12-14	0.8	0.86	0.88	0.9	0.84
negbin	2017-12-14	0.9	0.98	0.94	0.96	0.92
negbin	2017-12-14	1.0	1.0	1.0	1.0	1.0
negbin	2017-12-21	0.0	0.06	0.02	0.14	0.06
negbin	2017-12-21	0.1	0.06	0.22	0.24	0.24
negbin	2017-12-21	0.2	0.18	0.22	0.44	0.24
negbin	2017-12-21	0.30000000000000004	0.18	0.48	0.44	0.44
negbin	2017-12-21	0.4	0.26	0.48	0.54	0.44
negbin	2017-12-21	0.5	0.3	0.6	0.6	0.62
negbin	2017-12-21	0.6000000000000001	0.5	0.64	0.64	0.66
negbin	2017-12-21	0.7000000000000001	0.68	0.8	0.72	0.74
negbin	2017-12-21	0.8	0.72	0.9	0.84	0.78
negbin	2017-12-21	0.9	0.94	0.96	0.92	0.9
negbin	2017-12-21	1.0	1.0	1.0	1.0	1.0
negbin	2017-12-28	0.0	0.02	0.1	0.06	0.18
negbin	2017-12-28	0.1	0.12	0.24	0.24	0.26
negbin	2017-12-28	0.2	0.22	0.44	0.24	0.34
negbin	2017-12-28	0.30000000000000004	0.32	0.44	0.44	0.42
negbin	2017-12-28	0.4	0.52	0.54	0.44	0.5
negbin	2017-12-28	0.5	0.6	0.6	0.62	0.68
negbin	2017-12-28	0.6000000000000001	0.64	0.72	0.66	0.7
negbin	2017-12-28	0.7000000000000001	0.8	0.78	0.74	0.84
negbin	2017-12-28	0.8	0.94	0.84	0.78	0.86
negbin	2017-12-28	0.9	0.96	0.92	0.9	0.9
negbin	2017-12-28	1.0	1.0	1.0	1.0	1.0
negbin	2018-01-04	0.0	0.1	0.06	0.08	0.08
negbin	2018-01-04	0.1	0.24	0.18	0.26	0.18
negbin	2018-01-04	0.2	0.44	0.24	0.42	0.36
negbin	2018-01-04	0.30000000000000004	0.44	0.36	0.42	0.36
negbin	2018-01-04	0.4	0.54	0.44	0.62	0.52
negbin	2018-01-04	0.5	0.6	0.62	0.62	0.52
negbin	2018-01-04	0.6000000000000001	0.72	0.66	0.7	0.64
negbin	2018-01-04	0.7000000000000001	0.78	0.74	0.72	0.68
negbin	2018-01-04	0.8	0.84	0.78	0.86	0.8
negbin	2018-01-04	0.9	0.92	0.9	0.9	0.86
negbin	2018-01-04	1.0	1.0	1.0	1.0	1.0
negbin	2018-01-11	0.0	0.06	0.18	0.1	0.04
negbin	2018-01-11	0.1	0.12	0.26	0.18	0.16
negbin	2018-01-11	0.2	0.24	0.34	0.34	0.18
negbin	2018-01-11	0.30000000000000004	0.32	0.42	0.44	0.22
negbin	2018-01-11	0.4	0.54	0.56	0.44	0.28
negbin	2018-01-11	0.5	0.54	0.56	0.54	0.44
negbin	2018-01-11	0.6000000000000001	0.66	0.7	0.58	0.48
negbin	2018-01-11	0.7000000000000001	0.74	0.84	0.74	0.66
negbin	2018-01-11	0.8	0.78	0.84	0.8	0.82
negbin	2018-01-11	0.9	0.86	0.92	0.86	0.9
negbin	2018-01-11	1.0	1.0	1.0	1.0	1.0
negbin	2018-01-18	0.0	0.18	0.1	0.04	0.1
negbin	2018-01-18	0.1	0.26	0.18	0.16	0.26
negbin	2018-01-18	0.2	0.34	0.34	0.18	0.4
negbin	2018-01-18	0.30000000000000004	0.42	0.44	0.22	0.48
negbin	2018-01-18	0.4	0.56	0.44	0.28	0.54
negbin	2018-01-18	0.5	0.56	0.54	0.44	0.68
negbin	2018-01-18	0.6000000000000001	0.7	0.58	0.48	0.68
negbin	2018-01-18	0.7000000000000001	0.84	0.74	0.66	0.8
negbin	2018-01-18	0.8	0.84	0.8	0.82	0.9
negbin	2018-01-18	0.9	0.9	0.86	0.9	0.94
negbin	2018-01-18	1.0	1.0	1.0	1.0	1.0
negbin	2018-01-25	0.0	0.1	0.04	0.1	0.04
negbin	2018-01-25	0.1	0.18	0.16	0.26	0.12
negbin	2018-01-25	0.2	0.34	0.18	0.4	0.26
negbin	2018-01-25	0.30000000000000004	0.44	0.22	0.48	0.26
negbin	2018-01-25	0.4	0.44	0.28	0.54	0.5
negbin	2018-01-25	0.5	0.54	0.44	0.68	0.5
negbin	2018-01-25	0.6000000000000001	0.58	0.44	0.68	0.62
negbin	2018-01-25	0.7000000000000001	0.74	0.54	0.8	0.72
negbin	2018-01-25	0.8	0.8	0.82	0.9	0.78
negbin	2018-01-25	0.9	0.86	0.9	0.94	0.88
negbin	2018-01-25	1.0	1.0	1.0	1.0	1.0
negbin	2018-02-01	0.0	0.04	0.1	0.04	0.12
negbin	2018-02-01	0.1	0.16	0.26	0.12	0.12
negbin	2018-02-01	0.2	0.18	0.4	0.18	0.4
negbin	2018-02-01	0.30000000000000004	0.28	0.48	0.26	0.5
negbin	2018-02-01	0.4	0.28	0.54	0.5	0.58
negbin	2018-02-01	0.5	0.44	0.68	0.5	0.68
negbin	2018-02-01	0.6000000000000001	0.48	0.74	0.62	0.82
negbin	2018-02-01	0.7000000000000001	0.66	0.84	0.72	0.92
negbin	2018-02-01	0.8	0.82	0.9	0.78	0.96
negbin	2018-02-01	0.9	0.9	0.94	0.88	1.0
negbin	2018-02-01	1.0	1.0	1.0	1.0	1.0
negbin	2018-02-08	0.0	0.16	0.04	0.12	0.06
negbin	2018-02-08	0.1	0.26	0.12	0.22	0.2
negbin	2018-02-08	0.2	0.34	0.18	0.4	0.3
negbin	2018-02-08	0.30000000000000004	0.48	0.26	0.48	0.4
negbin	2018-02-08	0.4	0.6	0.32	0.58	0.42
negbin	2018-02-08	0.5	0.6	0.5	0.74	0.56
negbin	2018-02-08	0.6000000000000001	0.74	0.62	0.74	0.62
negbin	2018-02-08	0.7000000000000001	0.8	0.76	0.86	0.72
negbin	2018-02-08	0.8	0.86	0.78	0.98	0.86
negbin	2018-02-08	0.9	0.94	0.88	1.0	1.0
negbin	2018-02-08	1.0	1.0	1.0	1.0	1.0
negbin	2018-02-15	0.0	0.04	0.12	0.06	0.06
negbin	2018-02-15	0.1	0.12	0.22	0.2	0.18
negbin	2018-02-15	0.2	0.18	0.4	0.3	0.24
negbin	2018-02-15	0.30000000000000004	0.26	0.48	0.4	0.34
negbin	2018-02-15	0.4	0.32	0.58	0.4	0.4
negbin	2018-02-15	0.5	0.5	0.64	0.56	0.5
negbin	2018-02-15	0.6000000000000001	0.62	0.74	0.62	0.6
negbin	2018-02-15	0.7000000000000001	0.72	0.86	0.72	0.78
negbin	2018-02-15	0.8	0.78	0.94	0.86	0.92
negbin	2018-02-15	0.9	0.88	1.0	1.0	0.96
negbin	2018-02-15	1.0	1.0	1.0	1.0	1.0
negbin	2018-02-22	0.0	0.12	0.14	0.06	0.04
negbin	2018-02-22	0.1	0.22	0.2	0.18	0.14
negbin	2018-02-22	0.2	0.4	0.3	0.24	0.16
negbin	2018-02-22	0.30000000000000004	0.48	0.4	0.34	0.28
negbin	2018-02-22	0.4	0.58	0.42	0.4	0.32
negbin	2018-02-22	0.5	0.74	0.56	0.6	0.38
negbin	2018-02-22	0.6000000000000001	0.74	0.62	0.6	0.42
negbin	2018-02-22	0.7000000000000001	0.86	0.72	0.78	0.62
negbin	2018-02-22	0.8	0.96	0.86	0.82	0.84
negbin	2018-02-22	0.9	1.0	0.94	0.98	0.84
negbin	2018-02-22	1.0	1.0	1.0	1.0	1.0
negbin	2018-03-01	0.0	0.14	0.06	0.04	0.1
negbin	2018-03-01	0.1	0.24	0.06	0.14	0.3
negbin	2018-03-01	0.2	0.3	0.24	0.16	0.4
negbin	2018-03-01	0.30000000000000004	0.32	0.3	0.28	0.54
negbin	2018-03-01	0.4	0.42	0.4	0.32	0.58
negbin	2018-03-01	0.5	0.48	0.5	0.38	0.58
negbin	2018-03-01	0.6000000000000001	0.66	0.6	0.42	0.68
negbin	2018-03-01	0.7000000000000001	0.66	0.64	0.62	0.74
negbin	2018-03-01	0.8	0.82	0.82	0.66	0.8
negbin	2018-03-01	0.9	0.94	0.96	0.84	0.92
negbin	2018-03-01	1.0	1.0	1.0	1.0	1.0
negbin	2018-03-08	0.0	0.06	0.1	0.2	0.08
negbin	2018-03-08	0.1	0.18	0.14	0.3	0.24
negbin	2018-03-08	0.2	0.24	0.26	0.44	0.24
negbin	2018-03-08	0.30000000000000004	0.34	0.28	0.54	0.48
negbin	2018-03-08	0.4	0.4	0.34	0.54	0.48
negbin	2018-03-08	0.5	0.5	0.38	0.68	0.58
negbin	2018-03-08	0.6000000000000001	0.6	0.42	0.68	0.64
negbin	2018-03-08	0.7000000000000001	0.78	0.6	0.72	0.72
negbin	2018-03-08	0.8	0.82	0.84	0.78	0.8
negbin	2018-03-08	0.9	0.96	0.94	0.9	0.86
negbin	2018-03-08	1.0	1.0	1.0	1.0	1.0
negbin	2018-03-15	0.0	0.12	0.14	0.16	0.12
negbin	2018-03-15	0.1	0.22	0.34	0.32	0.26
negbin	2018-03-15	0.2	0.22	0.34	0.32	0.26
negbin	2018-03-15	0.30000000000000004	0.32	0.54	0.38	0.28
negbin	2018-03-15	0.4	0.32	0.54	0.46	0.4
negbin	2018-03-15	0.5	0.52	0.68	0.46	0.52
negbin	2018-03-15	0.6000000000000001	0.56	0.68	0.6	0.52
negbin	2018-03-15	0.7000000000000001	0.74	0.72	0.7	0.66
negbin	2018-03-15	0.8	0.78	0.78	0.82	0.72
negbin	2018-03-15	0.9	0.94	0.9	0.84	0.84
negbin	2018-03-15	1.0	1.0	1.0	1.0	1.0
negbin	2018-03-22	0.0	0.14	0.16	0.14	0.14
negbin	2018-03-22	0.1	0.24	0.22	0.26	0.14
negbin	2018-03-22	0.2	0.44	0.22	0.26	0.3
negbin	2018-03-22	0.30000000000000004	0.44	0.38	0.38	0.3
negbin	2018-03-22	0.4	0.58	0.38	0.4	0.34
negbin	2018-03-22	0.5	0.58	0.52	0.4	0.44
negbin	2018-03-22	0.6000000000000001	0.68	0.52	0.62	0.56
negbin	2018-03-22	0.7000000000000001	0.74	0.6	0.66	0.64
negbin	2018-03-22	0.8	0.78	0.74	0.7	0.72
negbin	2018-03-22	0.9	0.88	0.82	0.8	0.88
negbin	2018-03-22	1.0	1.0	1.0	1.0	1.0
negbin	2018-03-29	0.0	0.08	0.02	0.08	0.08
negbin	2018-03-29	0.1	0.24	0.02	0.12	0.18
negbin	2018-03-29	0.2	0.32	0.26	0.26	0.3
negbin	2018-03-29	0.30000000000000004	0.32	0.26	0.38	0.3
negbin	2018-03-29	0.4	0.58	0.44	0.38	0.58
negbin	2018-03-29	0.5	0.58	0.44	0.5	0.58
negbin	2018-03-29	0.6000000000000001	0.72	0.62	0.5	0.72
negbin	2018-03-29	0.7000000000000001	0.74	0.66	0.68	0.74
negbin	2018-03-29	0.8	0.82	0.8	0.8	0.86
negbin	2018-03-29	0.9	0.82	0.82	0.86	0.92
negbin	2018-03-29	1.0	1.0	1.0	1.0	1.0
negbin	2018-04-05	0.0	0.02	0.08	0.1	0.04
negbin	2018-04-05	0.1	0.14	0.22	0.18	0.14
negbin	2018-04-05	0.2	0.14	0.26	0.34	0.28
negbin	2018-04-05	0.30000000000000004	0.4	0.26	0.46	0.34
negbin	2018-04-05	0.4	0.4	0.34	0.46	0.38
negbin	2018-04-05	0.5	0.44	0.46	0.64	0.44
negbin	2018-04-05	0.6000000000000001	0.62	0.6	0.64	0.56
negbin	2018-04-05	0.7000000000000001	0.62	0.6	0.78	0.68
negbin	2018-04-05	0.8	0.76	0.84	0.8	0.82
negbin	2018-04-05	0.9	0.82	0.86	0.92	0.88
negbin	2018-04-05	1.0	1.0	1.0	1.0	1.0
negbin	2018-04-12	0.0	0.08	0.1	0.04	0.14
negbin	2018-04-12	0.1	0.22	0.1	0.14	0.14
negbin	2018-04-12	0.2	0.26	0.34	0.14	0.34
negbin	2018-04-12	0.30000000000000004	0.34	0.34	0.34	0.34
negbin	2018-04-12	0.4	0.46	0.52	0.34	0.58
negbin	2018-04-12	0.5	0.46	0.52	0.44	0.64
negbin	2018-04-12	0.6000000000000001	0.6	0.64	0.56	0.7
negbin	2018-04-12	0.7000000000000001	0.68	0.78	0.78	0.72
negbin	2018-04-12	0.8	0.84	0.86	0.82	0.84
negbin	2018-04-12	0.9	0.9	0.92	0.88	0.92
negbin	2018-04-12	1.0	1.0	1.0	1.0	1.0
negbin	2018-04-19	0.0	0.1	0.04	0.14	0.16
negbin	2018-04-19	0.1	0.18	0.14	0.26	0.24
negbin	2018-04-19	0.2	0.18	0.28	0.34	0.3
negbin	2018-04-19	0.30000000000000004	0.46	0.34	0.42	0.5
negbin	2018-04-19	0.4	0.46	0.38	0.42	0.54
negbin	2018-04-19	0.5	0.64	0.38	0.64	0.66
negbin	2018-04-19	0.6000000000000001	0.72	0.56	0.66	0.66
negbin	2018-04-19	0.7000000000000001	0.78	0.68	0.8	0.78
negbin	2018-04-19	0.8	0.86	0.82	0.86	0.82
negbin	2018-04-19	0.9	0.92	0.88	0.94	0.88
negbin	2018-04-19	1.0	1.0	1.0	1.0	1.0
negbin	2018-04-26	0.0	0.04	0.12	0.06	0.12
negbin	2018-04-26	0.1	0.18	0.26	0.22	0.16
negbin	2018-04-26	0.2	0.28	0.34	0.26	0.28
negbin	2018-04-26	0.30000000000000004	0.32	0.4	0.34	0.38
negbin	2018-04-26	0.4	0.32	0.48	0.38	0.42
negbin	2018-04-26	0.5	0.5	0.5	0.58	0.54
negbin	2018-04-26	0.6000000000000001	0.62	0.74	0.68	0.58
negbin	2018-04-26	0.7000000000000001	0.72	0.82	0.7	0.66
negbin	2018-04-26	0.8	0.86	0.82	0.82	0.8
negbin	2018-04-26	0.9	0.88	0.92	0.88	0.94
negbin	2018-04-26	1.0	1.0	1.0	1.0	1.0
negbin	2018-05-03	0.0	0.14	0.16	0.04	0.04
negbin	2018-05-03	0.1	0.26	0.24	0.16	0.14
negbin	2018-05-03	0.2	0.34	0.3	0.26	0.32
negbin	2018-05-03	0.30000000000000004	0.42	0.5	0.38	0.38
negbin	2018-05-03	0.4	0.58	0.54	0.46	0.54
negbin	2018-05-03	0.5	0.64	0.62	0.5	0.54
negbin	2018-05-03	0.6000000000000001	0.72	0.66	0.6	0.7
negbin	2018-05-03	0.7000000000000001	0.8	0.78	0.64	0.72
negbin	2018-05-03	0.8	0.86	0.8	0.76	0.82
negbin	2018-05-03	0.9	0.94	0.88	0.94	0.92
negbin	2018-05-03	1.0	1.0	1.0	1.0	1.0
negbin	2018-05-10	0.0	0.08	0.04	0.04	0.18
negbin	2018-05-10	0.1	0.24	0.14	0.14	0.28
negbin	2018-05-10	0.2	0.44	0.26	0.32	0.32
negbin	2018-05-10	0.30000000000000004	0.5	0.34	0.38	0.42
negbin	2018-05-10	0.4	0.5	0.46	0.5	0.52
negbin	2018-05-10	0.5	0.62	0.52	0.54	0.68
negbin	2018-05-10	0.6000000000000001	0.66	0.56	0.7	0.72
negbin	2018-05-10	0.7000000000000001	0.78	0.7	0.72	0.74
negbin	2018-05-10	0.8	0.86	0.74	0.82	0.86
negbin	2018-05-10	0.9	0.98	0.94	0.92	0.94
negbin	2018-05-10	1.0	1.0	1.0	1.0	1.0
negbin	2018-05-17	0.0	0.1	0.04	0.18	0.06
negbin	2018-05-17	0.1	0.14	0.22	0.28	0.16
negbin	2018-05-17	0.2	0.22	0.32	0.32	0.3
negbin	2018-05-17	0.30000000000000004	0.34	0.44	0.42	0.36
negbin	2018-05-17	0.4	0.46	0.5	0.52	0.5
negbin	2018-05-17	0.5	0.52	0.64	0.68	0.5
negbin	2018-05-17	0.6000000000000001	0.56	0.64	0.68	0.64
negbin	2018-05-17	0.7000000000000001	0.7	0.76	0.74	0.7
negbin	2018-05-17	0.8	0.88	0.82	0.86	0.88
negbin	2018-05-17	0.9	0.96	0.92	0.94	0.94
negbin	2018-05-17	1.0	1.0	1.0	1.0	1.0
negbin	2018-05-24	0.0	0.04	0.1	0.06	0.1
negbin	2018-05-24	0.1	0.22	0.28	0.16	0.18
negbin	2018-05-24	0.2	0.32	0.42	0.3	0.28
negbin	2018-05-24	0.30000000000000004	0.44	0.42	0.36	0.36
negbin	2018-05-24	0.4	0.5	0.6	0.5	0.38
negbin	2018-05-24	0.5	0.64	0.6	0.5	0.56
negbin	2018-05-24	0.6000000000000001	0.64	0.7	0.64	0.62
negbin	2018-05-24	0.7000000000000001	0.76	0.74	0.84	0.64
negbin	2018-05-24	0.8	0.82	0.86	0.88	0.82
negbin	2018-05-24	0.9	0.92	0.94	0.94	0.88
negbin	2018-05-24	1.0	1.0	1.0	1.0	1.0
negbin	2018-05-31	0.0	0.1	0.06	0.1	0.08
negbin	2018-05-31	0.1	0.28	0.16	0.18	0.2
negbin	2018-05-31	0.2	0.38	0.3	0.28	0.24
negbin	2018-05-31	0.30000000000000004	0.42	0.36	0.36	0.4
negbin	2018-05-31	0.4	0.6	0.5	0.44	0.4
negbin	2018-05-31	0.5	0.6	0.56	0.56	0.52
negbin	2018-05-31	0.6000000000000001	0.7	0.64	0.62	0.74
negbin	2018-05-31	0.7000000000000001	0.74	0.84	0.64	0.76
negbin	2018-05-31	0.8	0.86	0.92	0.82	0.84
negbin	2018-05-31	0.9	0.94	0.96	0.88	0.88
negbin	2018-05-31	1.0	1.0	1.0	1.0	1.0
negbin	2018-06-07	0.0	0.06	0.08	0.08	0.06
negbin	2018-06-07	0.1	0.2	0.18	0.2	0.16
negbin	2018-06-07	0.2	0.3	0.26	0.24	0.18
negbin	2018-06-07	0.30000000000000004	0.44	0.36	0.4	0.36
negbin	2018-06-07	0.4	0.44	0.44	0.4	0.42
negbin	2018-06-07	0.5	0.56	0.44	0.52	0.52
negbin	2018-06-07	0.6000000000000001	0.64	0.62	0.74	0.58
negbin	2018-06-07	0.7000000000000001	0.84	0.8	0.76	0.7
negbin	2018-06-07	0.8	0.9	0.88	0.84	0.84
negbin	2018-06-07	0.9	0.94	0.96	0.88	0.86
negbin	2018-06-07	1.0	1.0	1.0	1.0	1.0
negbin	2018-06-14	0.0	0.08	0.08	0.06	0.12
negbin	2018-06-14	0.1	0.18	0.24	0.16	0.22
negbin	2018-06-14	0.2	0.36	0.24	0.3	0.3
negbin	2018-06-14	0.30000000000000004	0.36	0.4	0.3	0.42
negbin	2018-06-14	0.4	0.44	0.42	0.42	0.5
negbin	2018-06-14	0.5	0.56	0.52	0.48	0.54
negbin	2018-06-14	0.6000000000000001	0.62	0.6	0.6	0.6
negbin	2018-06-14	0.7000000000000001	0.82	0.76	0.72	0.72
negbin	2018-06-14	0.8	0.82	0.84	0.84	0.8
negbin	2018-06-14	0.9	0.88	0.88	0.88	0.96
negbin	2018-06-14	1.0	1.0	1.0	1.0	1.0
negbin	2018-06-21	0.0	0.08	0.06	0.1	0.1
negbin	2018-06-21	0.1	0.2	0.08	0.22	0.26
negbin	2018-06-21	0.2	0.24	0.18	0.32	0.26
negbin	2018-06-21	0.30000000000000004	0.3	0.36	0.32	0.48
negbin	2018-06-21	0.4	0.5	0.36	0.5	0.48
negbin	2018-06-21	0.5	0.52	0.52	0.54	0.58
negbin	2018-06-21	0.6000000000000001	0.74	0.68	0.6	0.62
negbin	2018-06-21	0.7000000000000001	0.76	0.7	0.72	0.76
negbin	2018-06-21	0.8	0.84	0.84	0.84	0.9
negbin	2018-06-21	0.9	0.88	0.86	0.96	0.94
negbin	2018-06-21	1.0	1.0	1.0	1.0	1.0
negbin	2018-06-28	0.0	0.02	0.1	0.1	0.02
negbin	2018-06-28	0.1	0.08	0.24	0.2	0.14
negbin	2018-06-28	0.2	0.24	0.24	0.26	0.14
negbin	2018-06-28	0.30000000000000004	0.24	0.4	0.48	0.28
negbin	2018-06-28	0.4	0.46	0.4	0.48	0.28
negbin	2018-06-28	0.5	0.52	0.52	0.58	0.48
negbin	2018-06-28	0.6000000000000001	0.68	0.56	0.7	0.56
negbin	2018-06-28	0.7000000000000001	0.82	0.7	0.76	0.66
negbin	2018-06-28	0.8	0.84	0.84	0.84	0.84
negbin	2018-06-28	0.9	0.84	0.96	0.94	0.92
negbin	2018-06-28	1.0	1.0	1.0	1.0	1.0
negbin	2018-07-05	0.0	0.1	0.1	0.02	0.12
negbin	2018-07-05	0.1	0.24	0.2	0.14	0.26
negbin	2018-07-05	0.2	0.24	0.26	0.14	0.38
negbin	2018-07-05	0.30000000000000004	0.4	0.48	0.28	0.46
negbin	2018-07-05	0.4	0.5	0.48	0.28	0.46
negbin	2018-07-05	0.5	0.52	0.58	0.48	0.52
negbin	2018-07-05	0.6000000000000001	0.56	0.7	0.56	0.64
negbin	2018-07-05	0.7000000000000001	0.7	0.76	0.66	0.66
negbin	2018-07-05	0.8	0.84	0.84	0.84	0.78
negbin	2018-07-05	0.9	0.96	0.94	0.92	0.88
negbin	2018-07-05	1.0	1.0	1.0	1.0	1.0
negbin	2018-07-12	0.0	0.1	0.1	0.14	0.12
negbin	2018-07-12	0.1	0.2	0.12	0.26	0.14
negbin	2018-07-12	0.2	0.26	0.24	0.44	0.22
negbin	2018-07-12	0.30000000000000004	0.4	0.24	0.44	0.42
negbin	2018-07-12	0.4	0.54	0.38	0.46	0.42
negbin	2018-07-12	0.5	0.58	0.48	0.52	0.54
negbin	2018-07-12	0.6000000000000001	0.7	0.56	0.56	0.6
negbin	2018-07-12	0.7000000000000001	0.76	0.7	0.66	0.66
negbin	2018-07-12	0.8	0.84	0.76	0.78	0.8
negbin	2018-07-12	0.9	0.94	0.88	0.82	0.92
negbin	2018-07-12	1.0	1.0	1.0	1.0	1.0
negbin	2018-07-19	0.0	0.02	0.12	0.12	0.04
negbin	2018-07-19	0.1	0.14	0.38	0.2	0.2
negbin	2018-07-19	0.2	0.14	0.38	0.22	0.34
negbin	2018-07-19	0.30000000000000004	0.28	0.46	0.26	0.34
negbin	2018-07-19	0.4	0.28	0.46	0.48	0.46
negbin	2018-07-19	0.5	0.48	0.52	0.54	0.52
negbin	2018-07-19	0.6000000000000001	0.56	0.6	0.6	0.64
negbin	2018-07-19	0.7000000000000001	0.66	0.66	0.66	0.8
negbin	2018-07-19	0.8	0.76	0.78	0.82	0.86
negbin	2018-07-19	0.9	0.88	0.82	0.92	0.9
negbin	2018-07-19	1.0	1.0	1.0	1.0	1.0
negbin	2018-07-26	0.0	0.12	0.08	0.16	0.1
negbin	2018-07-26	0.1	0.24	0.2	0.2	0.3
negbin	2018-07-26	0.2	0.4	0.26	0.24	0.4
negbin	2018-07-26	0.30000000000000004	0.4	0.26	0.38	0.48
negbin	2018-07-26	0.4	0.52	0.48	0.46	0.56
negbin	2018-07-26	0.5	0.6	0.54	0.52	0.6
negbin	2018-07-26	0.6000000000000001	0.62	0.64	0.64	0.72
negbin	2018-07-26	0.7000000000000001	0.76	0.76	0.74	0.76
negbin	2018-07-26	0.8	0.78	0.78	0.86	0.86
negbin	2018-07-26	0.9	0.88	0.92	0.88	0.92
negbin	2018-07-26	1.0	1.0	1.0	1.0	1.0
negbin	2018-08-02	0.0	0.08	0.16	0.1	0.06
negbin	2018-08-02	0.1	0.2	0.2	0.3	0.22
negbin	2018-08-02	0.2	0.24	0.24	0.4	0.22
negbin	2018-08-02	0.30000000000000004	0.26	0.38	0.48	0.42
negbin	2018-08-02	0.4	0.48	0.38	0.48	0.48
negbin	2018-08-02	0.5	0.54	0.52	0.6	0.54
negbin	2018-08-02	0.6000000000000001	0.64	0.64	0.72	0.66
negbin	2018-08-02	0.7000000000000001	0.76	0.74	0.76	0.68
negbin	2018-08-02	0.8	0.78	0.86	0.86	0.82
negbin	2018-08-02	0.9	0.92	0.88	0.94	0.84
negbin	2018-08-02	1.0	1.0	1.0	1.0	1.0
negbin	2018-08-09	0.0	0.16	0.1	0.06	0.02
negbin	2018-08-09	0.1	0.2	0.3	0.14	0.12
negbin	2018-08-09	0.2	0.24	0.42	0.22	0.12
negbin	2018-08-09	0.30000000000000004	0.38	0.42	0.42	0.4
negbin	2018-08-09	0.4	0.46	0.56	0.48	0.4
negbin	2018-08-09	0.5	0.52	0.6	0.54	0.5
negbin	2018-08-09	0.6000000000000001	0.64	0.72	0.66	0.58
negbin	2018-08-09	0.7000000000000001	0.74	0.82	0.68	0.7
negbin	2018-08-09	0.8	0.86	0.86	0.78	0.78
negbin	2018-08-09	0.9	0.9	0.94	0.84	0.88
negbin	2018-08-09	1.0	1.0	1.0	1.0	1.0
negbin	2018-08-16	0.0	0.2	0.06	0.02	0.1
negbin	2018-08-16	0.1	0.3	0.14	0.12	0.22
negbin	2018-08-16	0.2	0.42	0.28	0.3	0.24
negbin	2018-08-16	0.30000000000000004	0.42	0.28	0.4	0.46
negbin	2018-08-16	0.4	0.56	0.48	0.46	0.5
negbin	2018-08-16	0.5	0.6	0.54	0.5	0.66
negbin	2018-08-16	0.6000000000000001	0.72	0.66	0.58	0.68
negbin	2018-08-16	0.7000000000000001	0.82	0.78	0.74	0.76
negbin	2018-08-16	0.8	0.9	0.8	0.78	0.84
negbin	2018-08-16	0.9	0.94	0.9	0.92	0.94
negbin	2018-08-16	1.0	1.0	1.0	1.0	1.0
negbin	2018-08-23	0.0	0.08	0.1	0.02	0.1
negbin	2018-08-23	0.1	0.2	0.28	0.12	0.14
negbin	2018-08-23	0.2	0.2	0.3	0.24	0.24
negbin	2018-08-23	0.30000000000000004	0.34	0.36	0.36	0.24
negbin	2018-08-23	0.4	0.34	0.36	0.56	0.44
negbin	2018-08-23	0.5	0.52	0.48	0.6	0.52
negbin	2018-08-23	0.6000000000000001	0.58	0.52	0.64	0.64
negbin	2018-08-23	0.7000000000000001	0.76	0.62	0.74	0.8
negbin	2018-08-23	0.8	0.8	0.82	0.86	0.84
negbin	2018-08-23	0.9	0.9	0.92	0.94	0.9
negbin	2018-08-23	1.0	1.0	1.0	1.0	1.0
negbin	2018-08-30	0.0	0.1	0.02	0.1	0.12
negbin	2018-08-30	0.1	0.3	0.12	0.18	0.24
negbin	2018-08-30	0.2	0.3	0.36	0.18	0.36
negbin	2018-08-30	0.30000000000000004	0.36	0.36	0.34	0.36
negbin	2018-08-30	0.4	0.46	0.56	0.42	0.52
negbin	2018-08-30	0.5	0.48	0.6	0.52	0.64
negbin	2018-08-30	0.6000000000000001	0.52	0.7	0.64	0.68
negbin	2018-08-30	0.7000000000000001	0.62	0.76	0.74	0.8
negbin	2018-08-30	0.8	0.86	0.86	0.88	0.86
negbin	2018-08-30	0.9	0.92	0.94	0.92	0.94
negbin	2018-08-30	1.0	1.0	1.0	1.0	1.0
negbin	2018-09-06	0.0	0.02	0.1	0.12	0.18
negbin	2018-09-06	0.1	0.24	0.14	0.24	0.24
negbin	2018-09-06	0.2	0.24	0.18	0.36	0.38
negbin	2018-09-06	0.30000000000000004	0.46	0.34	0.36	0.46
negbin	2018-09-06	0.4	0.56	0.44	0.52	0.54
negbin	2018-09-06	0.5	0.6	0.52	0.64	0.58
negbin	2018-09-06	0.6000000000000001	0.64	0.64	0.68	0.68
negbin	2018-09-06	0.7000000000000001	0.74	0.8	0.8	0.7
negbin	2018-09-06	0.8	0.86	0.88	0.86	0.82
negbin	2018-09-06	0.9	0.94	0.92	0.94	0.9
negbin	2018-09-06	1.0	1.0	1.0	1.0	1.0
negbin	2018-09-13	0.0	0.1	0.12	0.18	0.1
negbin	2018-09-13	0.1	0.14	0.24	0.24	0.2
negbin	2018-09-13	0.2	0.18	0.36	0.38	0.28
negbin	2018-09-13	0.30000000000000004	0.34	0.36	0.46	0.32
negbin	2018-09-13	0.4	0.44	0.52	0.54	0.42
negbin	2018-09-13	0.5	0.52	0.64	0.58	0.46
negbin	2018-09-13	0.6000000000000001	0.64	0.68	0.68	0.64
negbin	2018-09-13	0.7000000000000001	0.8	0.8	0.7	0.72
negbin	2018-09-13	0.8	0.88	0.9	0.82	0.84
negbin	2018-09-13	0.9	0.92	0.94	0.9	0.94
negbin	2018-09-13	1.0	1.0	1.0	1.0	1.0
negbin	2018-09-20	0.0	0.12	0.18	0.1	0.1
negbin	2018-09-20	0.1	0.24	0.24	0.2	0.16
negbin	2018-09-20	0.2	0.36	0.28	0.24	0.24
negbin	2018-09-20	0.30000000000000004	0.46	0.46	0.32	0.42
negbin	2018-09-20	0.4	0.52	0.58	0.46	0.52
negbin	2018-09-20	0.5	0.64	0.58	0.46	0.52
negbin	2018-09-20	0.6000000000000001	0.68	0.68	0.64	0.64
negbin	2018-09-20	0.7000000000000001	0.8	0.72	0.74	0.74
negbin	2018-09-20	0.8	0.9	0.82	0.84	0.84
negbin	2018-09-20	0.9	0.94	0.9	0.96	0.96
negbin	2018-09-20	1.0	1.0	1.0	1.0	1.0
negbin	2018-09-27	0.0	0.06	0.1	0.06	0.1
negbin	2018-09-27	0.1	0.34	0.14	0.24	0.22
negbin	2018-09-27	0.2	0.34	0.24	0.24	0.42
negbin	2018-09-27	0.30000000000000004	0.46	0.38	0.4	0.42
negbin	2018-09-27	0.4	0.54	0.52	0.5	0.54
negbin	2018-09-27	0.5	0.6	0.56	0.54	0.68
negbin	2018-09-27	0.6000000000000001	0.66	0.64	0.62	0.74
negbin	2018-09-27	0.7000000000000001	0.74	0.78	0.76	0.78
negbin	2018-09-27	0.8	0.76	0.9	0.8	0.88
negbin	2018-09-27	0.9	0.84	0.92	0.92	0.94
negbin	2018-09-27	1.0	1.0	1.0	1.0	1.0
negbin	2018-10-04	0.0	0.1	0.06	0.1	0.1
negbin	2018-10-04	0.1	0.14	0.14	0.24	0.24
negbin	2018-10-04	0.2	0.24	0.32	0.42	0.24
negbin	2018-10-04	0.30000000000000004	0.38	0.32	0.48	0.52
negbin	2018-10-04	0.4	0.52	0.44	0.56	0.58
negbin	2018-10-04	0.5	0.56	0.54	0.62	0.62
negbin	2018-10-04	0.6000000000000001	0.64	0.62	0.72	0.66
negbin	2018-10-04	0.7000000000000001	0.78	0.76	0.8	0.68
negbin	2018-10-04	0.8	0.84	0.82	0.9	0.78
negbin	2018-10-04	0.9	0.92	0.92	0.92	0.92
negbin	2018-10-04	1.0	1.0	1.0	1.0	1.0
negbin	2018-10-11	0.0	0.06	0.12	0.1	0.0
negbin	2018-10-11	0.1	0.16	0.22	0.3	0.22
negbin	2018-10-11	0.2	0.32	0.42	0.3	0.22
negbin	2018-10-11	0.30000000000000004	0.32	0.48	0.4	0.36
negbin	2018-10-11	0.4	0.5	0.54	0.6	0.5
negbin	2018-10-11	0.5	0.56	0.6	0.62	0.5
negbin	2018-10-11	0.6000000000000001	0.64	0.74	0.66	0.6
negbin	2018-10-11	0.7000000000000001	0.7	0.78	0.72	0.8
negbin	2018-10-11	0.8	0.84	0.88	0.8	0.9
negbin	2018-10-11	0.9	0.94	0.94	0.88	0.96
negbin	2018-10-11	1.0	1.0	1.0	1.0	1.0
negbin	2018-10-18	0.0	0.12	0.1	0.0	0.04
negbin	2018-10-18	0.1	0.22	0.2	0.18	0.06
negbin	2018-10-18	0.2	0.28	0.3	0.26	0.12
negbin	2018-10-18	0.30000000000000004	0.48	0.4	0.36	0.36
negbin	2018-10-18	0.4	0.6	0.6	0.4	0.46
negbin	2018-10-18	0.5	0.6	0.6	0.52	0.54
negbin	2018-10-18	0.6000000000000001	0.74	0.66	0.6	0.64
negbin	2018-10-18	0.7000000000000001	0.84	0.72	0.74	0.72
negbin	2018-10-18	0.8	0.88	0.8	0.9	0.8
negbin	2018-10-18	0.9	0.94	0.88	0.96	0.94
negbin	2018-10-18	1.0	1.0	1.0	1.0	1.0
negbin	2018-10-25	0.0	0.1	0.18	0.04	0.1
negbin	2018-10-25	0.1	0.2	0.18	0.06	0.12
negbin	2018-10-25	0.2	0.3	0.26	0.12	0.22
negbin	2018-10-25	0.30000000000000004	0.4	0.26	0.36	0.32
negbin	2018-10-25	0.4	0.6	0.4	0.46	0.4
negbin	2018-10-25	0.5	0.6	0.52	0.54	0.56
negbin	2018-10-25	0.6000000000000001	0.66	0.6	0.64	0.72
negbin	2018-10-25	0.7000000000000001	0.72	0.74	0.72	0.72
negbin	2018-10-25	0.8	0.8	0.9	0.8	0.82
negbin	2018-10-25	0.9	0.88	0.96	0.94	0.94
negbin	2018-10-25	1.0	1.0	1.0	1.0	1.0
negbin	2018-11-01	0.0	0.18	0.06	0.1	0.1
negbin	2018-11-01	0.1	0.22	0.18	0.14	0.18
negbin	2018-11-01	0.2	0.26	0.22	0.34	0.38
negbin	2018-11-01	0.30000000000000004	0.26	0.32	0.34	0.38
negbin	2018-11-01	0.4	0.32	0.32	0.44	0.46
negbin	2018-11-01	0.5	0.42	0.52	0.5	0.5
negbin	2018-11-01	0.6000000000000001	0.62	0.68	0.64	0.6
negbin	2018-11-01	0.7000000000000001	0.8	0.68	0.7	0.72
negbin	2018-11-01	0.8	0.9	0.8	0.84	0.76
negbin	2018-11-01	0.9	0.96	0.92	0.92	0.86
negbin	2018-11-01	1.0	1.0	1.0	1.0	1.0
negbin	2018-11-08	0.0	0.06	0.1	0.08	0.06
negbin	2018-11-08	0.1	0.1	0.24	0.24	0.14
negbin	2018-11-08	0.2	0.22	0.24	0.24	0.2
negbin	2018-11-08	0.30000000000000004	0.32	0.36	0.4	0.3
negbin	2018-11-08	0.4	0.44	0.42	0.44	0.3
negbin	2018-11-08	0.5	0.52	0.5	0.5	0.46
negbin	2018-11-08	0.6000000000000001	0.62	0.58	0.56	0.68
negbin	2018-11-08	0.7000000000000001	0.68	0.7	0.66	0.72
negbin	2018-11-08	0.8	0.88	0.84	0.8	0.74
negbin	2018-11-08	0.9	0.92	0.94	0.92	0.8
negbin	2018-11-08	1.0	1.0	1.0	1.0	1.0
negbin	2018-11-15	0.0	0.1	0.08	0.06	0.02
negbin	2018-11-15	0.1	0.2	0.14	0.14	0.12
negbin	2018-11-15	0.2	0.24	0.24	0.2	0.18
negbin	2018-11-15	0.30000000000000004	0.26	0.4	0.3	0.32
negbin	2018-11-15	0.4	0.42	0.44	0.3	0.5
negbin	2018-11-15	0.5	0.5	0.5	0.46	0.52
negbin	2018-11-15	0.6000000000000001	0.58	0.56	0.52	0.62
negbin	2018-11-15	0.7000000000000001	0.7	0.66	0.72	0.68
negbin	2018-11-15	0.8	0.84	0.8	0.74	0.78
negbin	2018-11-15	0.9	0.94	0.92	0.8	0.8
negbin	2018-11-15	1.0	1.0	1.0	1.0	1.0
negbin	2018-11-22	0.0	0.08	0.06	0.02	0.12
negbin	2018-11-22	0.1	0.14	0.2	0.12	0.18
negbin	2018-11-22	0.2	0.24	0.2	0.18	0.28
negbin	2018-11-22	0.30000000000000004	0.26	0.3	0.32	0.28
negbin	2018-11-22	0.4	0.44	0.34	0.38	0.5
negbin	2018-11-22	0.5	0.56	0.46	0.52	0.5
negbin	2018-11-22	0.6000000000000001	0.56	0.52	0.62	0.62
negbin	2018-11-22	0.7000000000000001	0.7	0.72	0.68	0.68
negbin	2018-11-22	0.8	0.8	0.74	0.78	0.7
negbin	2018-11-22	0.9	0.92	0.8	0.8	0.8
negbin	2018-11-22	1.0	1.0	1.0	1.0	1.0
negbin	2018-11-29	0.0	0.06	0.1	0.12	0.04
negbin	2018-11-29	0.1	0.14	0.12	0.18	0.1
negbin	2018-11-29	0.2	0.2	0.32	0.22	0.2
negbin	2018-11-29	0.30000000000000004	0.28	0.32	0.28	0.24
negbin	2018-11-29	0.4	0.3	0.5	0.5	0.34
negbin	2018-11-29	0.5	0.46	0.52	0.5	0.34
negbin	2018-11-29	0.6000000000000001	0.68	0.58	0.62	0.5
negbin	2018-11-29	0.7000000000000001	0.72	0.72	0.68	0.58
negbin	2018-11-29	0.8	0.74	0.78	0.7	0.6
negbin	2018-11-29	0.9	0.8	0.8	0.92	0.86
negbin	2018-11-29	1.0	1.0	1.0	1.0	1.0
negbin	2018-12-06	0.0	0.1	0.12	0.04	0.16
negbin	2018-12-06	0.1	0.24	0.16	0.14	0.26
negbin	2018-12-06	0.2	0.26	0.22	0.2	0.32
negbin	2018-12-06	0.30000000000000004	0.38	0.4	0.3	0.38
negbin	2018-12-06	0.4	0.44	0.46	0.34	0.42
negbin	2018-12-06	0.5	0.56	0.62	0.46	0.52
negbin	2018-12-06	0.6000000000000001	0.66	0.68	0.5	0.66
negbin	2018-12-06	0.7000000000000001	0.68	0.68	0.58	0.66
negbin	2018-12-06	0.8	0.78	0.8	0.72	0.84
negbin	2018-12-06	0.9	0.88	0.92	0.86	0.94
negbin	2018-12-06	1.0	1.0	1.0	1.0	1.0
negbin	2018-12-13	0.0	0.18	0.1	0.1	0.06
negbin	2018-12-13	0.1	0.22	0.2	0.16	0.1
negbin	2018-12-13	0.2	0.34	0.24	0.32	0.26
negbin	2018-12-13	0.30000000000000004	0.46	0.36	0.42	0.4
negbin	2018-12-13	0.4	0.52	0.42	0.48	0.46
negbin	2018-12-13	0.5	0.58	0.54	0.66	0.58
negbin	2018-12-13	0.6000000000000001	0.64	0.54	0.66	0.62
negbin	2018-12-13	0.7000000000000001	0.78	0.68	0.82	0.7
negbin	2018-12-13	0.8	0.9	0.84	0.92	0.8
negbin	2018-12-13	0.9	1.0	0.9	0.94	0.86
negbin	2018-12-13	1.0	1.0	1.0	1.0	1.0
negbin	2018-12-20	0.0	0.1	0.06	0.04	0.1
negbin	2018-12-20	0.1	0.2	0.16	0.1	0.18
negbin	2018-12-20	0.2	0.32	0.26	0.24	0.32
negbin	2018-12-20	0.30000000000000004	0.36	0.42	0.4	0.4
negbin	2018-12-20	0.4	0.44	0.56	0.52	0.5
negbin	2018-12-20	0.5	0.5	0.62	0.58	0.5
negbin	2018-12-20	0.6000000000000001	0.68	0.82	0.7	0.62
negbin	2018-12-20	0.7000000000000001	0.68	0.82	0.7	0.66
negbin	2018-12-20	0.8	0.84	0.92	0.8	0.74
negbin	2018-12-20	0.9	0.9	1.0	0.86	0.86
negbin	2018-12-20	1.0	1.0	1.0	1.0	1.0
negbin	2018-12-27	0.0	0.06	0.04	0.1	0.14
negbin	2018-12-27	0.1	0.16	0.18	0.24	0.16
negbin	2018-12-27	0.2	0.26	0.24	0.32	0.32
negbin	2018-12-27	0.30000000000000004	0.42	0.24	0.32	0.36
negbin	2018-12-27	0.4	0.56	0.52	0.5	0.46
negbin	2018-12-27	0.5	0.62	0.58	0.5	0.48
negbin	2018-12-27	0.6000000000000001	0.82	0.66	0.6	0.6
negbin	2018-12-27	0.7000000000000001	0.82	0.7	0.62	0.6
negbin	2018-12-27	0.8	0.92	0.76	0.74	0.82
negbin	2018-12-27	0.9	1.0	0.84	0.86	0.96
negbin	2018-12-27	1.0	1.0	1.0	1.0	1.0
negbin	2019-01-03	0.0	0.14	0.14	0.14	0.1
negbin	2019-01-03	0.1	0.18	0.24	0.3	0.24
negbin	2019-01-03	0.2	0.18	0.24	0.32	0.36
negbin	2019-01-03	0.30000000000000004	0.36	0.42	0.42	0.36
negbin	2019-01-03	0.4	0.36	0.42	0.46	0.52
negbin	2019-01-03	0.5	0.6	0.6	0.46	0.54
negbin	2019-01-03	0.6000000000000001	0.66	0.6	0.6	0.6
negbin	2019-01-03	0.7000000000000001	0.76	0.66	0.76	0.64
negbin	2019-01-03	0.8	0.76	0.7	0.76	0.82
negbin	2019-01-03	0.9	0.84	0.86	0.94	0.9
negbin	2019-01-03	1.0	1.0	1.0	1.0	1.0
negbin	2019-01-10	0.0	0.14	0.16	0.1	0.16
negbin	2019-01-10	0.1	0.24	0.3	0.24	0.2
negbin	2019-01-10	0.2	0.34	0.3	0.36	0.28
negbin	2019-01-10	0.30000000000000004	0.42	0.42	0.44	0.32
negbin	2019-01-10	0.4	0.42	0.42	0.52	0.32
negbin	2019-01-10	0.5	0.6	0.58	0.58	0.5
negbin	2019-01-10	0.6000000000000001	0.6	0.6	0.6	0.56
negbin	2019-01-10	0.7000000000000001	0.64	0.76	0.78	0.74
negbin	2019-01-10	0.8	0.7	0.76	0.82	0.86
negbin	2019-01-10	0.9	0.86	0.94	0.9	0.94
negbin	2019-01-10	1.0	1.0	1.0	1.0	1.0
negbin	2019-01-17	0.0	0.16	0.14	0.16	0.04
negbin	2019-01-17	0.1	0.3	0.24	0.16	0.04
negbin	2019-01-17	0.2	0.4	0.32	0.28	0.3
negbin	2019-01-17	0.30000000000000004	0.42	0.44	0.28	0.3
negbin	2019-01-17	0.4	0.54	0.44	0.42	0.44
negbin	2019-01-17	0.5	0.58	0.58	0.5	0.54
negbin	2019-01-17	0.6000000000000001	0.58	0.6	0.68	0.72
negbin	2019-01-17	0.7000000000000001	0.76	0.74	0.74	0.74
negbin	2019-01-17	0.8	0.84	0.82	0.86	0.86
negbin	2019-01-17	0.9	0.9	0.88	0.94	0.9
negbin	2019-01-17	1.0	1.0	1.0	1.0	1.0
negbin	2019-01-24	0.0	0.14	0.08	0.04	0.18
negbin	2019-01-24	0.1	0.22	0.24	0.16	0.3
negbin	2019-01-24	0.2	0.32	0.24	0.16	0.42
negbin	2019-01-24	0.30000000000000004	0.38	0.38	0.38	0.42
negbin	2019-01-24	0.4	0.5	0.38	0.38	0.56
negbin	2019-01-24	0.5	0.5	0.6	0.44	0.6
negbin	2019-01-24	0.6000000000000001	0.72	0.68	0.72	0.66
negbin	2019-01-24	0.7000000000000001	0.74	0.68	0.74	0.72
negbin	2019-01-24	0.8	0.84	0.86	0.86	0.8
negbin	2019-01-24	0.9	0.9	0.92	0.94	0.86
negbin	2019-01-24	1.0	1.0	1.0	1.0	1.0
negbin	2019-01-31	0.0	0.08	0.12	0.18	0.08
negbin	2019-01-31	0.1	0.08	0.2	0.3	0.22
negbin	2019-01-31	0.2	0.34	0.24	0.3	0.38
negbin	2019-01-31	0.30000000000000004	0.34	0.24	0.52	0.44
negbin	2019-01-31	0.4	0.56	0.56	0.52	0.52
negbin	2019-01-31	0.5	0.56	0.56	0.56	0.66
negbin	2019-01-31	0.6000000000000001	0.6	0.62	0.66	0.66
negbin	2019-01-31	0.7000000000000001	0.74	0.74	0.72	0.8
negbin	2019-01-31	0.8	0.8	0.76	0.8	0.88
negbin	2019-01-31	0.9	0.86	0.9	0.92	0.96
negbin	2019-01-31	1.0	1.0	1.0	1.0	1.0
negbin	2019-02-07	0.0	0.12	0.18	0.08	0.08
negbin	2019-02-07	0.1	0.16	0.3	0.22	0.22
negbin	2019-02-07	0.2	0.24	0.42	0.38	0.22
negbin	2019-02-07	0.30000000000000004	0.24	0.52	0.44	0.36
negbin	2019-02-07	0.4	0.38	0.56	0.52	0.4
negbin	2019-02-07	0.5	0.62	0.56	0.66	0.46
negbin	2019-02-07	0.6000000000000001	0.62	0.66	0.68	0.56
negbin	2019-02-07	0.7000000000000001	0.74	0.72	0.8	0.72
negbin	2019-02-07	0.8	0.76	0.8	0.92	0.8
negbin	2019-02-07	0.9	0.94	0.94	0.96	0.9
negbin	2019-02-07	1.0	1.0	1.0	1.0	1.0
negbin	2019-02-14	0.0	0.18	0.08	0.08	0.2
negbin	2019-02-14	0.1	0.3	0.08	0.22	0.32
negbin	2019-02-14	0.2	0.3	0.38	0.32	0.32
negbin	2019-02-14	0.30000000000000004	0.52	0.38	0.36	0.44
negbin	2019-02-14	0.4	0.52	0.52	0.36	0.48
negbin	2019-02-14	0.5	0.62	0.66	0.46	0.56
negbin	2019-02-14	0.6000000000000001	0.66	0.78	0.56	0.58
negbin	2019-02-14	0.7000000000000001	0.72	0.8	0.72	0.68
negbin	2019-02-14	0.8	0.8	0.88	0.9	0.72
negbin	2019-02-14	0.9	0.94	0.96	0.9	0.84
negbin	2019-02-14	1.0	1.0	1.0	1.0	1.0
negbin	2019-02-21	0.0	0.16	0.1	0.2	0.1
negbin	2019-02-21	0.1	0.16	0.18	0.26	0.2
negbin	2019-02-21	0.2	0.32	0.18	0.38	0.28
negbin	2019-02-21	0.30000000000000004	0.32	0.38	0.38	0.32
negbin	2019-02-21	0.4	0.58	0.38	0.52	0.44
negbin	2019-02-21	0.5	0.58	0.56	0.52	0.52
negbin	2019-02-21	0.6000000000000001	0.64	0.56	0.6	0.52
negbin	2019-02-21	0.7000000000000001	0.84	0.7	0.62	0.72
negbin	2019-02-21	0.8	0.86	0.8	0.8	0.86
negbin	2019-02-21	0.9	0.92	0.92	0.94	0.88
negbin	2019-02-21	1.0	1.0	1.0	1.0	1.0
negbin	2019-02-28	0.0	0.1	0.06	0.1	0.02
negbin	2019-02-28	0.1	0.1	0.26	0.18	0.14
negbin	2019-02-28	0.2	0.24	0.26	0.28	0.2
negbin	2019-02-28	0.30000000000000004	0.24	0.46	0.28	0.2
negbin	2019-02-28	0.4	0.52	0.46	0.44	0.32
negbin	2019-02-28	0.5	0.52	0.56	0.44	0.32
negbin	2019-02-28	0.6000000000000001	0.56	0.6	0.72	0.54
negbin	2019-02-28	0.7000000000000001	0.7	0.6	0.72	0.58
negbin	2019-02-28	0.8	0.8	0.8	0.86	0.78
negbin	2019-02-28	0.9	0.92	0.94	0.88	0.92
negbin	2019-02-28	1.0	1.0	1.0	1.0	1.0
negbin	2019-03-07	0.0	0.06	0.1	0.02	0.12
negbin	2019-03-07	0.1	0.26	0.18	0.14	0.12
negbin	2019-03-07	0.2	0.26	0.28	0.14	0.26
negbin	2019-03-07	0.30000000000000004	0.46	0.4	0.3	0.26
negbin	2019-03-07	0.4	0.46	0.44	0.3	0.3
negbin	2019-03-07	0.5	0.56	0.44	0.32	0.38
negbin	2019-03-07	0.6000000000000001	0.56	0.72	0.54	0.48
negbin	2019-03-07	0.7000000000000001	0.72	0.72	0.58	0.68
negbin	2019-03-07	0.8	0.74	0.86	0.78	0.68
negbin	2019-03-07	0.9	0.94	0.94	0.92	0.88
negbin	2019-03-07	1.0	1.0	1.0	1.0	1.0
negbin	2019-03-14	0.0	0.08	0.12	0.12	0.12
negbin	2019-03-14	0.1	0.08	0.12	0.22	0.28
negbin	2019-03-14	0.2	0.3	0.24	0.22	0.44
negbin	2019-03-14	0.30000000000000004	0.3	0.24	0.34	0.44
negbin	2019-03-14	0.4	0.6	0.5	0.34	0.54
negbin	2019-03-14	0.5	0.6	0.5	0.38	0.64
negbin	2019-03-14	0.6000000000000001	0.64	0.52	0.58	0.7
negbin	2019-03-14	0.7000000000000001	0.84	0.7	0.68	0.84
negbin	2019-03-14	0.8	0.84	0.74	0.86	0.9
negbin	2019-03-14	0.9	0.92	0.92	0.86	0.94
negbin	2019-03-14	1.0	1.0	1.0	1.0	1.0
negbin	2019-03-21	0.0	0.1	0.1	0.16	0.14
negbin	2019-03-21	0.1	0.1	0.18	0.28	0.34
negbin	2019-03-21	0.2	0.42	0.3	0.28	0.34
negbin	2019-03-21	0.30000000000000004	0.42	0.3	0.38	0.54
negbin	2019-03-21	0.4	0.44	0.5	0.54	0.54
negbin	2019-03-21	0.5	0.6	0.54	0.54	0.76
negbin	2019-03-21	0.6000000000000001	0.66	0.58	0.78	0.82
negbin	2019-03-21	0.7000000000000001	0.82	0.76	0.84	0.86
negbin	2019-03-21	0.8	0.84	0.86	0.84	0.96
negbin	2019-03-21	0.9	0.88	0.96	1.0	0.96
negbin	2019-03-21	1.0	1.0	1.0	1.0	1.0
negbin	2019-03-28	0.0	0.08	0.16	0.2	0.2
negbin	2019-03-28	0.1	0.18	0.16	0.34	0.2
negbin	2019-03-28	0.2	0.18	0.26	0.34	0.34
negbin	2019-03-28	0.30000000000000004	0.38	0.38	0.34	0.5
negbin	2019-03-28	0.4	0.5	0.38	0.76	0.5
negbin	2019-03-28	0.5	0.5	0.68	0.76	0.64
negbin	2019-03-28	0.6000000000000001	0.72	0.68	0.82	0.64
negbin	2019-03-28	0.7000000000000001	0.76	0.78	0.82	0.82
negbin	2019-03-28	0.8	0.86	0.9	0.94	0.82
negbin	2019-03-28	0.9	0.96	0.96	0.96	0.94
negbin	2019-03-28	1.0	1.0	1.0	1.0	1.0
negbin	2019-04-04	0.0	0.16	0.2	0.2	0.18
negbin	2019-04-04	0.1	0.26	0.34	0.2	0.18
negbin	2019-04-04	0.2	0.26	0.34	0.5	0.48
negbin	2019-04-04	0.30000000000000004	0.38	0.34	0.5	0.48
negbin	2019-04-04	0.4	0.38	0.76	0.5	0.48
negbin	2019-04-04	0.5	0.68	0.76	0.64	0.58
negbin	2019-04-04	0.6000000000000001	0.68	0.82	0.64	0.58
negbin	2019-04-04	0.7000000000000001	0.78	0.82	0.82	0.78
negbin	2019-04-04	0.8	0.9	0.94	0.92	0.9
negbin	2019-04-04	0.9	1.0	0.96	0.94	0.96
negbin	2019-04-04	1.0	1.0	1.0	1.0	1.0
negbin	2019-04-11	0.0	0.2	0.2	0.18	0.28
negbin	2019-04-11	0.1	0.34	0.2	0.18	0.38
negbin	2019-04-11	0.2	0.34	0.5	0.48	0.38
negbin	2019-04-11	0.30000000000000004	0.34	0.5	0.48	0.52
negbin	2019-04-11	0.4	0.76	0.5	0.48	0.6
negbin	2019-04-11	0.5	0.76	0.64	0.58	0.6
negbin	2019-04-11	0.6000000000000001	0.82	0.64	0.58	0.72
negbin	2019-04-11	0.7000000000000001	0.86	0.82	0.78	0.8
negbin	2019-04-11	0.8	0.94	0.92	0.9	0.84
negbin	2019-04-11	0.9	0.96	0.94	0.96	0.94
negbin	2019-04-11	1.0	1.0	1.0	1.0	1.0
negbin	2019-04-18	0.0	0.2	0.18	0.28	0.14
negbin	2019-04-18	0.1	0.2	0.18	0.38	0.24
negbin	2019-04-18	0.2	0.36	0.34	0.38	0.24
negbin	2019-04-18	0.30000000000000004	0.5	0.48	0.38	0.24
negbin	2019-04-18	0.4	0.5	0.48	0.6	0.5
negbin	2019-04-18	0.5	0.64	0.58	0.6	0.5
negbin	2019-04-18	0.6000000000000001	0.64	0.58	0.72	0.66
negbin	2019-04-18	0.7000000000000001	0.82	0.78	0.72	0.66
negbin	2019-04-18	0.8	0.92	0.9	0.84	0.76
negbin	2019-04-18	0.9	0.94	0.96	0.94	0.9
negbin	2019-04-18	1.0	1.0	1.0	1.0	1.0
negbin	2019-04-25	0.0	0.16	0.1	0.1	0.12
negbin	2019-04-25	0.1	0.34	0.38	0.24	0.28
negbin	2019-04-25	0.2	0.34	0.38	0.24	0.28
negbin	2019-04-25	0.30000000000000004	0.44	0.46	0.48	0.32
negbin	2019-04-25	0.4	0.58	0.46	0.48	0.44
negbin	2019-04-25	0.5	0.58	0.72	0.66	0.44
negbin	2019-04-25	0.6000000000000001	0.64	0.72	0.66	0.7
negbin	2019-04-25	0.7000000000000001	0.76	0.76	0.76	0.86
negbin	2019-04-25	0.8	0.9	0.92	0.86	0.88
negbin	2019-04-25	0.9	0.98	0.94	0.9	0.92
negbin	2019-04-25	1.0	1.0	1.0	1.0	1.0
negbin	2019-05-02	0.0	0.1	0.1	0.12	0.12
negbin	2019-05-02	0.1	0.1	0.1	0.28	0.12
negbin	2019-05-02	0.2	0.46	0.48	0.28	0.32
negbin	2019-05-02	0.30000000000000004	0.46	0.48	0.32	0.32
negbin	2019-05-02	0.4	0.46	0.48	0.44	0.48
negbin	2019-05-02	0.5	0.58	0.64	0.44	0.6
negbin	2019-05-02	0.6000000000000001	0.72	0.66	0.7	0.68
negbin	2019-05-02	0.7000000000000001	0.76	0.76	0.86	0.78
negbin	2019-05-02	0.8	0.84	0.86	0.88	0.82
negbin	2019-05-02	0.9	0.94	0.9	0.92	0.88
negbin	2019-05-02	1.0	1.0	1.0	1.0	1.0
negbin	2019-05-09	0.0	0.24	0.16	0.12	0.14
negbin	2019-05-09	0.1	0.34	0.16	0.24	0.24
negbin	2019-05-09	0.2	0.34	0.4	0.24	0.42
negbin	2019-05-09	0.30000000000000004	0.5	0.4	0.48	0.42
negbin	2019-05-09	0.4	0.64	0.58	0.48	0.58
negbin	2019-05-09	0.5	0.74	0.62	0.56	0.58
negbin	2019-05-09	0.6000000000000001	0.74	0.78	0.68	0.72
negbin	2019-05-09	0.7000000000000001	0.86	0.8	0.72	0.82
negbin	2019-05-09	0.8	0.9	0.9	0.84	0.84
negbin	2019-05-09	0.9	0.92	0.94	0.92	0.92
negbin	2019-05-09	1.0	1.0	1.0	1.0	1.0
negbin	2019-05-16	0.0	0.16	0.12	0.14	0.16
negbin	2019-05-16	0.1	0.28	0.24	0.24	0.36
negbin	2019-05-16	0.2	0.4	0.24	0.24	0.46
negbin	2019-05-16	0.30000000000000004	0.4	0.48	0.42	0.46
negbin	2019-05-16	0.4	0.58	0.48	0.5	0.5
negbin	2019-05-16	0.5	0.62	0.68	0.58	0.56
negbin	2019-05-16	0.6000000000000001	0.78	0.68	0.72	0.56
negbin	2019-05-16	0.7000000000000001	0.8	0.72	0.72	0.82
negbin	2019-05-16	0.8	0.9	0.84	0.92	0.92
negbin	2019-05-16	0.9	0.98	0.92	0.92	0.92
negbin	2019-05-16	1.0	1.0	1.0	1.0	1.0
negbin	2019-05-23	0.0	0.12	0.14	0.2	0.1
negbin	2019-05-23	0.1	0.24	0.14	0.36	0.18
negbin	2019-05-23	0.2	0.24	0.42	0.36	0.4
negbin	2019-05-23	0.30000000000000004	0.48	0.42	0.5	0.52
negbin	2019-05-23	0.4	0.48	0.58	0.56	0.62
negbin	2019-05-23	0.5	0.56	0.58	0.56	0.7
negbin	2019-05-23	0.6000000000000001	0.68	0.66	0.64	0.74
negbin	2019-05-23	0.7000000000000001	0.72	0.82	0.74	0.84
negbin	2019-05-23	0.8	0.84	0.84	0.92	0.88
negbin	2019-05-23	0.9	0.92	0.94	0.94	0.98
negbin	2019-05-23	1.0	1.0	1.0	1.0	1.0
negbin	2019-05-30	0.0	0.14	0.2	0.1	0.04
negbin	2019-05-30	0.1	0.14	0.36	0.18	0.14
negbin	2019-05-30	0.2	0.42	0.4	0.18	0.28
negbin	2019-05-30	0.30000000000000004	0.42	0.4	0.52	0.38
negbin	2019-05-30	0.4	0.58	0.56	0.6	0.48
negbin	2019-05-30	0.5	0.58	0.56	0.7	0.56
negbin	2019-05-30	0.6000000000000001	0.66	0.64	0.8	0.6
negbin	2019-05-30	0.7000000000000001	0.82	0.74	0.88	0.74
negbin	2019-05-30	0.8	0.84	0.92	0.96	0.82
negbin	2019-05-30	0.9	0.94	0.94	0.98	0.9
negbin	2019-05-30	1.0	1.0	1.0	1.0	1.0
negbin	2019-06-06	0.0	0.2	0.08	0.04	0.08
negbin	2019-06-06	0.1	0.24	0.18	0.04	0.14
negbin	2019-06-06	0.2	0.4	0.3	0.28	0.22
negbin	2019-06-06	0.30000000000000004	0.46	0.52	0.38	0.22
negbin	2019-06-06	0.4	0.46	0.6	0.48	0.38
negbin	2019-06-06	0.5	0.64	0.7	0.52	0.44
negbin	2019-06-06	0.6000000000000001	0.74	0.8	0.66	0.48
negbin	2019-06-06	0.7000000000000001	0.74	0.88	0.66	0.6
negbin	2019-06-06	0.8	0.92	0.96	0.88	0.82
negbin	2019-06-06	0.9	0.96	0.98	0.92	0.9
negbin	2019-06-06	1.0	1.0	1.0	1.0	1.0
negbin	2019-06-13	0.0	0.08	0.04	0.08	0.1
negbin	2019-06-13	0.1	0.18	0.14	0.14	0.1
negbin	2019-06-13	0.2	0.3	0.28	0.14	0.26
negbin	2019-06-13	0.30000000000000004	0.52	0.38	0.28	0.26
negbin	2019-06-13	0.4	0.6	0.48	0.38	0.42
negbin	2019-06-13	0.5	0.7	0.48	0.42	0.42
negbin	2019-06-13	0.6000000000000001	0.8	0.6	0.48	0.5
negbin	2019-06-13	0.7000000000000001	0.88	0.74	0.66	0.64
negbin	2019-06-13	0.8	0.96	0.82	0.76	0.7
negbin	2019-06-13	0.9	0.98	0.9	0.9	0.78
negbin	2019-06-13	1.0	1.0	1.0	1.0	1.0
negbin	2019-06-20	0.0	0.14	0.08	0.12	0.06
negbin	2019-06-20	0.1	0.24	0.16	0.12	0.14
negbin	2019-06-20	0.2	0.28	0.26	0.3	0.24
negbin	2019-06-20	0.30000000000000004	0.32	0.32	0.3	0.24
negbin	2019-06-20	0.4	0.42	0.38	0.38	0.44
negbin	2019-06-20	0.5	0.48	0.5	0.52	0.52
negbin	2019-06-20	0.6000000000000001	0.66	0.66	0.6	0.52
negbin	2019-06-20	0.7000000000000001	0.8	0.7	0.62	0.62
negbin	2019-06-20	0.8	0.82	0.84	0.7	0.66
negbin	2019-06-20	0.9	0.96	0.96	0.84	0.82
negbin	2019-06-20	1.0	1.0	1.0	1.0	1.0
negbin	2019-06-27	0.0	0.08	0.08	0.08	0.02
negbin	2019-06-27	0.1	0.18	0.2	0.14	0.18
negbin	2019-06-27	0.2	0.32	0.24	0.28	0.28
negbin	2019-06-27	0.30000000000000004	0.32	0.34	0.28	0.36
negbin	2019-06-27	0.4	0.5	0.48	0.46	0.46
negbin	2019-06-27	0.5	0.5	0.52	0.56	0.46
negbin	2019-06-27	0.6000000000000001	0.66	0.54	0.62	0.68
negbin	2019-06-27	0.7000000000000001	0.72	0.66	0.66	0.76
negbin	2019-06-27	0.8	0.84	0.7	0.76	0.84
negbin	2019-06-27	0.9	0.96	0.84	0.92	0.9
negbin	2019-06-27	1.0	1.0	1.0	1.0	1.0
negbin	2019-07-04	0.0	0.04	0.14	0.02	0.12
negbin	2019-07-04	0.1	0.18	0.14	0.12	0.28
negbin	2019-07-04	0.2	0.26	0.3	0.12	0.28
negbin	2019-07-04	0.30000000000000004	0.28	0.4	0.38	0.44
negbin	2019-07-04	0.4	0.4	0.46	0.58	0.48
negbin	2019-07-04	0.5	0.44	0.5	0.66	0.5
negbin	2019-07-04	0.6000000000000001	0.58	0.7	0.74	0.6
negbin	2019-07-04	0.7000000000000001	0.68	0.7	0.76	0.74
negbin	2019-07-04	0.8	0.72	0.92	0.88	0.8
negbin	2019-07-04	0.9	0.84	0.96	0.9	0.86
negbin	2019-07-04	1.0	1.0	1.0	1.0	1.0
negbin	2019-07-11	0.0	0.1	0.2	0.04	0.1
negbin	2019-07-11	0.1	0.18	0.3	0.12	0.14
negbin	2019-07-11	0.2	0.22	0.38	0.22	0.3
negbin	2019-07-11	0.30000000000000004	0.36	0.48	0.38	0.3
negbin	2019-07-11	0.4	0.54	0.48	0.48	0.48
negbin	2019-07-11	0.5	0.6	0.54	0.66	0.6
negbin	2019-07-11	0.6000000000000001	0.66	0.72	0.76	0.66
negbin	2019-07-11	0.7000000000000001	0.76	0.72	0.8	0.72
negbin	2019-07-11	0.8	0.9	0.82	0.84	0.8
negbin	2019-07-11	0.9	0.96	0.88	0.9	0.94
negbin	2019-07-11	1.0	1.0	1.0	1.0	1.0
negbin	2019-07-18	0.0	0.2	0.04	0.04	0.08
negbin	2019-07-18	0.1	0.3	0.14	0.14	0.14
negbin	2019-07-18	0.2	0.38	0.22	0.2	0.24
negbin	2019-07-18	0.30000000000000004	0.48	0.48	0.38	0.24
negbin	2019-07-18	0.4	0.48	0.54	0.38	0.34
negbin	2019-07-18	0.5	0.54	0.66	0.6	0.52
negbin	2019-07-18	0.6000000000000001	0.56	0.68	0.66	0.56
negbin	2019-07-18	0.7000000000000001	0.72	0.8	0.7	0.7
negbin	2019-07-18	0.8	0.82	0.84	0.74	0.78
negbin	2019-07-18	0.9	0.88	0.9	0.86	0.92
negbin	2019-07-18	1.0	1.0	1.0	1.0	1.0
negbin	2019-07-25	0.0	0.08	0.1	0.04	0.06
negbin	2019-07-25	0.1	0.12	0.2	0.12	0.12
negbin	2019-07-25	0.2	0.28	0.24	0.2	0.38
negbin	2019-07-25	0.30000000000000004	0.38	0.34	0.34	0.38
negbin	2019-07-25	0.4	0.6	0.4	0.4	0.5
negbin	2019-07-25	0.5	0.6	0.54	0.5	0.58
negbin	2019-07-25	0.6000000000000001	0.74	0.68	0.54	0.58
negbin	2019-07-25	0.7000000000000001	0.78	0.68	0.64	0.62
negbin	2019-07-25	0.8	0.84	0.78	0.82	0.72
negbin	2019-07-25	0.9	0.9	0.92	0.9	0.88
negbin	2019-07-25	1.0	1.0	1.0	1.0	1.0
negbin	2019-08-01	0.0	0.1	0.04	0.06	0.18
negbin	2019-08-01	0.1	0.2	0.12	0.2	0.26
negbin	2019-08-01	0.2	0.24	0.2	0.26	0.4
negbin	2019-08-01	0.30000000000000004	0.4	0.34	0.5	0.4
negbin	2019-08-01	0.4	0.4	0.44	0.5	0.56
negbin	2019-08-01	0.5	0.54	0.5	0.58	0.68
negbin	2019-08-01	0.6000000000000001	0.68	0.54	0.62	0.7
negbin	2019-08-01	0.7000000000000001	0.68	0.74	0.62	0.84
negbin	2019-08-01	0.8	0.78	0.78	0.72	0.9
negbin	2019-08-01	0.9	0.92	0.94	0.98	0.94
negbin	2019-08-01	1.0	1.0	1.0	1.0	1.0
negbin	2019-08-08	0.0	0.04	0.14	0.18	0.06
negbin	2019-08-08	0.1	0.12	0.2	0.28	0.12
negbin	2019-08-08	0.2	0.2	0.38	0.36	0.2
negbin	2019-08-08	0.30000000000000004	0.28	0.38	0.5	0.48
negbin	2019-08-08	0.4	0.44	0.58	0.52	0.48
negbin	2019-08-08	0.5	0.5	0.58	0.58	0.62
negbin	2019-08-08	0.6000000000000001	0.54	0.62	0.82	0.68
negbin	2019-08-08	0.7000000000000001	0.74	0.7	0.84	0.78
negbin	2019-08-08	0.8	0.78	0.82	0.9	0.8
negbin	2019-08-08	0.9	0.94	0.96	0.92	0.96
negbin	2019-08-08	1.0	1.0	1.0	1.0	1.0
negbin	2019-08-15	0.0	0.12	0.1	0.06	0.06
negbin	2019-08-15	0.1	0.26	0.2	0.24	0.24
negbin	2019-08-15	0.2	0.34	0.4	0.3	0.46
negbin	2019-08-15	0.30000000000000004	0.4	0.4	0.42	0.46
negbin	2019-08-15	0.4	0.5	0.62	0.5	0.48
negbin	2019-08-15	0.5	0.5	0.66	0.64	0.52
negbin	2019-08-15	0.6000000000000001	0.7	0.72	0.66	0.62
negbin	2019-08-15	0.7000000000000001	0.82	0.78	0.68	0.82
negbin	2019-08-15	0.8	0.82	0.92	0.82	0.82
negbin	2019-08-15	0.9	0.92	0.94	0.9	0.88
negbin	2019-08-15	1.0	1.0	1.0	1.0	1.0
negbin	2019-08-22	0.0	0.1	0.06	0.06	0.1
negbin	2019-08-22	0.1	0.2	0.12	0.4	0.18
negbin	2019-08-22	0.2	0.38	0.3	0.4	0.26
negbin	2019-08-22	0.30000000000000004	0.48	0.38	0.48	0.36
negbin	2019-08-22	0.4	0.48	0.6	0.48	0.46
negbin	2019-08-22	0.5	0.66	0.64	0.52	0.54
negbin	2019-08-22	0.6000000000000001	0.78	0.66	0.62	0.62
negbin	2019-08-22	0.7000000000000001	0.88	0.68	0.66	0.76
negbin	2019-08-22	0.8	0.92	0.84	0.82	0.86
negbin	2019-08-22	0.9	0.94	0.96	0.86	0.96
negbin	2019-08-22	1.0	1.0	1.0	1.0	1.0
negbin	2019-08-29	0.0	0.06	0.18	0.08	0.14
negbin	2019-08-29	0.1	0.24	0.24	0.18	0.38
negbin	2019-08-29	0.2	0.3	0.3	0.26	0.38
negbin	2019-08-29	0.30000000000000004	0.5	0.46	0.44	0.52
negbin	2019-08-29	0.4	0.5	0.48	0.46	0.56
negbin	2019-08-29	0.5	0.64	0.48	0.52	0.64
negbin	2019-08-29	0.6000000000000001	0.66	0.58	0.6	0.78
negbin	2019-08-29	0.7000000000000001	0.68	0.78	0.76	0.82
negbin	2019-08-29	0.8	0.82	0.86	0.82	0.88
negbin	2019-08-29	0.9	0.9	0.88	0.94	0.98
negbin	2019-08-29	1.0	1.0	1.0	1.0	1.0
negbin	2019-09-05	0.0	0.06	0.08	0.08	0.1
negbin	2019-09-05	0.1	0.24	0.18	0.18	0.18
negbin	2019-09-05	0.2	0.24	0.26	0.32	0.32
negbin	2019-09-05	0.30000000000000004	0.3	0.32	0.56	0.42
negbin	2019-09-05	0.4	0.52	0.42	0.56	0.58
negbin	2019-09-05	0.5	0.52	0.64	0.68	0.66
negbin	2019-09-05	0.6000000000000001	0.7	0.66	0.76	0.74
negbin	2019-09-05	0.7000000000000001	0.74	0.78	0.82	0.82
negbin	2019-09-05	0.8	0.82	0.86	0.92	0.9
negbin	2019-09-05	0.9	0.88	0.9	0.96	0.94
negbin	2019-09-05	1.0	1.0	1.0	1.0	1.0
negbin	2019-09-12	0.0	0.08	0.08	0.1	0.02
negbin	2019-09-12	0.1	0.16	0.32	0.32	0.12
negbin	2019-09-12	0.2	0.26	0.32	0.32	0.2
negbin	2019-09-12	0.30000000000000004	0.42	0.56	0.48	0.3
negbin	2019-09-12	0.4	0.42	0.6	0.56	0.38
negbin	2019-09-12	0.5	0.64	0.68	0.66	0.42
negbin	2019-09-12	0.6000000000000001	0.66	0.72	0.74	0.5
negbin	2019-09-12	0.7000000000000001	0.78	0.82	0.74	0.64
negbin	2019-09-12	0.8	0.86	0.92	0.84	0.8
negbin	2019-09-12	0.9	0.9	0.96	0.94	0.9
negbin	2019-09-12	1.0	1.0	1.0	1.0	1.0
negbin	2019-09-19	0.0	0.08	0.08	0.1	0.1
negbin	2019-09-19	0.1	0.18	0.18	0.2	0.22
negbin	2019-09-19	0.2	0.4	0.28	0.2	0.22
negbin	2019-09-19	0.30000000000000004	0.4	0.42	0.36	0.34
negbin	2019-09-19	0.4	0.64	0.58	0.38	0.36
negbin	2019-09-19	0.5	0.68	0.74	0.46	0.48
negbin	2019-09-19	0.6000000000000001	0.76	0.74	0.62	0.58
negbin	2019-09-19	0.7000000000000001	0.88	0.82	0.72	0.58
negbin	2019-09-19	0.8	0.92	0.9	0.76	0.76
negbin	2019-09-19	0.9	0.98	0.94	0.94	0.9
negbin	2019-09-19	1.0	1.0	1.0	1.0	1.0
negbin	2019-09-26	0.0	0.1	0.08	0.08	0.08
negbin	2019-09-26	0.1	0.18	0.16	0.18	0.1
negbin	2019-09-26	0.2	0.28	0.26	0.26	0.2
negbin	2019-09-26	0.30000000000000004	0.46	0.34	0.42	0.26
negbin	2019-09-26	0.4	0.46	0.48	0.46	0.44
negbin	2019-09-26	0.5	0.68	0.56	0.56	0.5
negbin	2019-09-26	0.6000000000000001	0.74	0.68	0.58	0.5
negbin	2019-09-26	0.7000000000000001	0.88	0.72	0.68	0.6
negbin	2019-09-26	0.8	0.92	0.8	0.78	0.72
negbin	2019-09-26	0.9	0.98	0.9	0.88	0.86
negbin	2019-09-26	1.0	1.0	1.0	1.0	1.0
negbin	2019-10-03	0.0	0.08	0.12	0.1	0.14
negbin	2019-10-03	0.1	0.16	0.2	0.2	0.22
negbin	2019-10-03	0.2	0.36	0.38	0.28	0.3
negbin	2019-10-03	0.30000000000000004	0.36	0.38	0.34	0.46
negbin	2019-10-03	0.4	0.56	0.58	0.36	0.46
negbin	2019-10-03	0.5	0.56	0.58	0.5	0.6
negbin	2019-10-03	0.6000000000000001	0.66	0.7	0.58	0.64
negbin	2019-10-03	0.7000000000000001	0.74	0.74	0.66	0.76
negbin	2019-10-03	0.8	0.82	0.8	0.76	0.88
negbin	2019-10-03	0.9	0.86	0.86	0.86	0.96
negbin	2019-10-03	1.0	1.0	1.0	1.0	1.0
negbin	2019-10-10	0.0	0.12	0.1	0.14	0.06
negbin	2019-10-10	0.1	0.2	0.2	0.3	0.18
negbin	2019-10-10	0.2	0.3	0.28	0.3	0.34
negbin	2019-10-10	0.30000000000000004	0.38	0.34	0.46	0.42
negbin	2019-10-10	0.4	0.58	0.44	0.46	0.54
negbin	2019-10-10	0.5	0.58	0.44	0.6	0.54
negbin	2019-10-10	0.6000000000000001	0.7	0.58	0.64	0.7
negbin	2019-10-10	0.7000000000000001	0.74	0.66	0.76	0.84
negbin	2019-10-10	0.8	0.8	0.74	0.88	0.84
negbin	2019-10-10	0.9	0.86	0.82	0.96	1.0
negbin	2019-10-10	1.0	1.0	1.0	1.0	1.0
negbin	2019-10-17	0.0	0.1	0.08	0.06	0.06
negbin	2019-10-17	0.1	0.2	0.22	0.22	0.28
negbin	2019-10-17	0.2	0.26	0.32	0.34	0.34
negbin	2019-10-17	0.30000000000000004	0.34	0.4	0.44	0.46
negbin	2019-10-17	0.4	0.42	0.56	0.52	0.56
negbin	2019-10-17	0.5	0.44	0.56	0.7	0.66
negbin	2019-10-17	0.6000000000000001	0.58	0.68	0.82	0.7
negbin	2019-10-17	0.7000000000000001	0.74	0.72	0.82	0.8
negbin	2019-10-17	0.8	0.74	0.84	0.92	0.9
negbin	2019-10-17	0.9	0.82	0.96	1.0	0.94
negbin	2019-10-17	1.0	1.0	1.0	1.0	1.0
negbin	2019-10-24	0.0	0.08	0.06	0.06	0.08
negbin	2019-10-24	0.1	0.22	0.22	0.28	0.24
negbin	2019-10-24	0.2	0.32	0.34	0.34	0.24
negbin	2019-10-24	0.30000000000000004	0.4	0.44	0.46	0.38
negbin	2019-10-24	0.4	0.56	0.52	0.56	0.38
negbin	2019-10-24	0.5	0.56	0.7	0.66	0.64
negbin	2019-10-24	0.6000000000000001	0.68	0.82	0.7	0.7
negbin	2019-10-24	0.7000000000000001	0.72	0.82	0.8	0.82
negbin	2019-10-24	0.8	0.84	0.92	0.9	0.9
negbin	2019-10-24	0.9	0.96	1.0	0.94	0.98
negbin	2019-10-24	1.0	1.0	1.0	1.0	1.0
negbin	2019-10-31	0.0	0.06	0.06	0.08	0.1
negbin	2019-10-31	0.1	0.22	0.28	0.16	0.16
negbin	2019-10-31	0.2	0.44	0.46	0.24	0.26
negbin	2019-10-31	0.30000000000000004	0.44	0.46	0.32	0.5
negbin	2019-10-31	0.4	0.68	0.62	0.38	0.5
negbin	2019-10-31	0.5	0.68	0.62	0.64	0.7
negbin	2019-10-31	0.6000000000000001	0.82	0.76	0.66	0.78
negbin	2019-10-31	0.7000000000000001	0.82	0.8	0.72	0.86
negbin	2019-10-31	0.8	0.92	0.9	0.9	0.86
negbin	2019-10-31	0.9	0.98	0.94	0.98	0.98
negbin	2019-10-31	1.0	1.0	1.0	1.0	1.0
negbin	2019-11-07	0.0	0.06	0.08	0.1	0.1
negbin	2019-11-07	0.1	0.28	0.16	0.2	0.18
negbin	2019-11-07	0.2	0.34	0.24	0.26	0.24
negbin	2019-11-07	0.30000000000000004	0.56	0.3	0.3	0.28
negbin	2019-11-07	0.4	0.56	0.38	0.5	0.46
negbin	2019-11-07	0.5	0.66	0.64	0.52	0.46
negbin	2019-11-07	0.6000000000000001	0.7	0.7	0.78	0.58
negbin	2019-11-07	0.7000000000000001	0.8	0.82	0.86	0.72
negbin	2019-11-07	0.8	0.9	0.9	0.86	0.74
negbin	2019-11-07	0.9	0.94	0.98	0.98	0.88
negbin	2019-11-07	1.0	1.0	1.0	1.0	1.0
negbin	2019-11-14	0.0	0.08	0.06	0.06	0.06
negbin	2019-11-14	0.1	0.16	0.16	0.16	0.16
negbin	2019-11-14	0.2	0.24	0.36	0.24	0.3
negbin	2019-11-14	0.30000000000000004	0.32	0.46	0.42	0.38
negbin	2019-11-14	0.4	0.56	0.64	0.46	0.52
negbin	2019-11-14	0.5	0.56	0.68	0.56	0.54
negbin	2019-11-14	0.6000000000000001	0.66	0.76	0.7	0.64
negbin	2019-11-14	0.7000000000000001	0.72	0.76	0.72	0.72
negbin	2019-11-14	0.8	0.88	0.86	0.84	0.76
negbin	2019-11-14	0.9	0.94	0.96	0.92	0.94
negbin	2019-11-14	1.0	1.0	1.0	1.0	1.0
negbin	2019-11-21	0.0	0.06	0.1	0.06	0.04
negbin	2019-11-21	0.1	0.16	0.16	0.16	0.12
negbin	2019-11-21	0.2	0.36	0.24	0.3	0.24
negbin	2019-11-21	0.30000000000000004	0.46	0.42	0.38	0.3
negbin	2019-11-21	0.4	0.5	0.46	0.54	0.36
negbin	2019-11-21	0.5	0.68	0.56	0.54	0.46
negbin	2019-11-21	0.6000000000000001	0.76	0.56	0.64	0.56
negbin	2019-11-21	0.7000000000000001	0.84	0.72	0.64	0.6
negbin	2019-11-21	0.8	0.86	0.84	0.76	0.64
negbin	2019-11-21	0.9	0.98	0.92	0.86	0.74
negbin	2019-11-21	1.0	1.0	1.0	1.0	1.0
negbin	2019-11-28	0.0	0.06	0.14	0.06	0.1
negbin	2019-11-28	0.1	0.24	0.28	0.14	0.22
negbin	2019-11-28	0.2	0.34	0.34	0.22	0.32
negbin	2019-11-28	0.30000000000000004	0.44	0.34	0.26	0.42
negbin	2019-11-28	0.4	0.52	0.5	0.36	0.46
negbin	2019-11-28	0.5	0.66	0.58	0.48	0.66
negbin	2019-11-28	0.6000000000000001	0.7	0.66	0.56	0.66
negbin	2019-11-28	0.7000000000000001	0.82	0.74	0.58	0.78
negbin	2019-11-28	0.8	0.84	0.78	0.72	0.84
negbin	2019-11-28	0.9	0.9	0.9	0.88	0.9
negbin	2019-11-28	1.0	1.0	1.0	1.0	1.0
negbin	2019-12-05	0.0	0.14	0.06	0.12	0.12
negbin	2019-12-05	0.1	0.28	0.14	0.22	0.18
negbin	2019-12-05	0.2	0.28	0.22	0.32	0.28
negbin	2019-12-05	0.30000000000000004	0.4	0.32	0.42	0.44
negbin	2019-12-05	0.4	0.5	0.36	0.56	0.46
negbin	2019-12-05	0.5	0.58	0.5	0.6	0.62
negbin	2019-12-05	0.6000000000000001	0.66	0.5	0.76	0.62
negbin	2019-12-05	0.7000000000000001	0.74	0.66	0.78	0.78
negbin	2019-12-05	0.8	0.86	0.68	0.84	0.88
negbin	2019-12-05	0.9	0.96	0.88	0.9	0.88
negbin	2019-12-05	1.0	1.0	1.0	1.0	1.0
negbin	2019-12-12	0.0	0.08	0.12	0.06	0.14
negbin	2019-12-12	0.1	0.14	0.22	0.18	0.16
negbin	2019-12-12	0.2	0.24	0.32	0.34	0.2
negbin	2019-12-12	0.30000000000000004	0.32	0.46	0.44	0.28
negbin	2019-12-12	0.4	0.32	0.56	0.54	0.32
negbin	2019-12-12	0.5	0.38	0.66	0.56	0.46
negbin	2019-12-12	0.6000000000000001	0.5	0.7	0.72	0.66
negbin	2019-12-12	0.7000000000000001	0.6	0.82	0.78	0.66
negbin	2019-12-12	0.8	0.82	0.84	0.88	0.74
negbin	2019-12-12	0.9	0.92	0.9	0.88	0.82
negbin	2019-12-12	1.0	1.0	1.0	1.0	1.0
negbin	2019-12-19	0.0	0.12	0.06	0.14	0.12
negbin	2019-12-19	0.1	0.22	0.18	0.16	0.18
negbin	2019-12-19	0.2	0.32	0.34	0.2	0.28
negbin	2019-12-19	0.30000000000000004	0.46	0.44	0.28	0.3
negbin	2019-12-19	0.4	0.56	0.54	0.32	0.48
negbin	2019-12-19	0.5	0.66	0.56	0.46	0.64
negbin	2019-12-19	0.6000000000000001	0.7	0.72	0.66	0.68
negbin	2019-12-19	0.7000000000000001	0.82	0.78	0.66	0.68
negbin	2019-12-19	0.8	0.84	0.88	0.74	0.74
negbin	2019-12-19	0.9	0.9	0.88	0.82	0.82
negbin	2019-12-19	1.0	1.0	1.0	1.0	1.0
negbin	2019-12-26	0.0	0.16	0.04	0.1	0.16
negbin	2019-12-26	0.1	0.22	0.18	0.22	0.26
negbin	2019-12-26	0.2	0.32	0.32	0.22	0.26
negbin	2019-12-26	0.30000000000000004	0.44	0.34	0.46	0.32
negbin	2019-12-26	0.4	0.54	0.34	0.46	0.32
negbin	2019-12-26	0.5	0.64	0.54	0.5	0.46
negbin	2019-12-26	0.6000000000000001	0.72	0.58	0.66	0.52
negbin	2019-12-26	0.7000000000000001	0.78	0.72	0.72	0.7
negbin	2019-12-26	0.8	0.84	0.8	0.78	0.82
negbin	2019-12-26	0.9	0.92	0.92	0.88	0.92
negbin	2019-12-26	1.0	1.0	1.0	1.0	1.0
negbin	2020-01-02	0.0	0.04	0.1	0.16	0.06
negbin	2020-01-02	0.1	0.18	0.22	0.26	0.08
negbin	2020-01-02	0.2	0.32	0.4	0.26	0.08
negbin	2020-01-02	0.30000000000000004	0.34	0.46	0.32	0.2
negbin	2020-01-02	0.4	0.34	0.46	0.32	0.3
negbin	2020-01-02	0.5	0.54	0.5	0.46	0.4
negbin	2020-01-02	0.6000000000000001	0.58	0.66	0.52	0.42
negbin	2020-01-02	0.7000000000000001	0.72	0.72	0.7	0.68
negbin	2020-01-02	0.8	0.8	0.78	0.82	0.8
negbin	2020-01-02	0.9	0.92	0.86	0.92	0.82
negbin	2020-01-02	1.0	1.0	1.0	1.0	1.0
negbin	2020-01-09	0.0	0.1	0.16	0.06	0.02
negbin	2020-01-09	0.1	0.22	0.26	0.08	0.1
negbin	2020-01-09	0.2	0.4	0.26	0.08	0.1
negbin	2020-01-09	0.30000000000000004	0.46	0.32	0.2	0.26
negbin	2020-01-09	0.4	0.46	0.36	0.3	0.3
negbin	2020-01-09	0.5	0.5	0.46	0.4	0.44
negbin	2020-01-09	0.6000000000000001	0.66	0.52	0.42	0.44
negbin	2020-01-09	0.7000000000000001	0.72	0.7	0.68	0.56
negbin	2020-01-09	0.8	0.78	0.82	0.8	0.58
negbin	2020-01-09	0.9	0.86	0.92	0.92	0.74
negbin	2020-01-09	1.0	1.0	1.0	1.0	1.0
negbin	2020-01-16	0.0	0.16	0.06	0.02	0.04
negbin	2020-01-16	0.1	0.26	0.08	0.1	0.12
negbin	2020-01-16	0.2	0.3	0.08	0.1	0.18
negbin	2020-01-16	0.30000000000000004	0.32	0.2	0.26	0.18
negbin	2020-01-16	0.4	0.32	0.3	0.3	0.3
negbin	2020-01-16	0.5	0.46	0.4	0.4	0.3
negbin	2020-01-16	0.6000000000000001	0.52	0.42	0.44	0.4
negbin	2020-01-16	0.7000000000000001	0.7	0.68	0.56	0.4
negbin	2020-01-16	0.8	0.82	0.8	0.74	0.5
negbin	2020-01-16	0.9	0.88	0.92	0.9	0.7
negbin	2020-01-16	1.0	1.0	1.0	1.0	1.0
negbin	2020-01-23	0.0	0.06	0.08	0.04	0.1
negbin	2020-01-23	0.1	0.08	0.1	0.12	0.18
negbin	2020-01-23	0.2	0.08	0.1	0.12	0.18
negbin	2020-01-23	0.30000000000000004	0.2	0.26	0.28	0.42
negbin	2020-01-23	0.4	0.3	0.26	0.28	0.42
negbin	2020-01-23	0.5	0.4	0.4	0.4	0.66
negbin	2020-01-23	0.6000000000000001	0.42	0.44	0.4	0.66
negbin	2020-01-23	0.7000000000000001	0.68	0.56	0.48	0.7
negbin	2020-01-23	0.8	0.8	0.74	0.5	0.72
negbin	2020-01-23	0.9	0.92	0.9	0.7	0.86
negbin	2020-01-23	1.0	1.0	1.0	1.0	1.0
negbin	2020-01-30	0.0	0.08	0.08	0.1	0.08
negbin	2020-01-30	0.1	0.1	0.12	0.18	0.22
negbin	2020-01-30	0.2	0.26	0.12	0.18	0.28
negbin	2020-01-30	0.30000000000000004	0.26	0.28	0.42	0.28
negbin	2020-01-30	0.4	0.36	0.28	0.42	0.38
negbin	2020-01-30	0.5	0.4	0.4	0.66	0.38
negbin	2020-01-30	0.6000000000000001	0.54	0.4	0.66	0.5
negbin	2020-01-30	0.7000000000000001	0.56	0.48	0.7	0.5
negbin	2020-01-30	0.8	0.74	0.5	0.72	0.8
negbin	2020-01-30	0.9	0.9	0.7	0.86	0.82
negbin	2020-01-30	1.0	1.0	1.0	1.0	1.0
negbin	2020-02-06	0.0	0.1	0.22	0.1	0.06
negbin	2020-02-06	0.1	0.1	0.42	0.24	0.28
negbin	2020-02-06	0.2	0.28	0.52	0.24	0.28
negbin	2020-02-06	0.30000000000000004	0.28	0.52	0.44	0.32
negbin	2020-02-06	0.4	0.4	0.54	0.44	0.36
negbin	2020-02-06	0.5	0.4	0.62	0.5	0.48
negbin	2020-02-06	0.6000000000000001	0.46	0.64	0.78	0.48
negbin	2020-02-06	0.7000000000000001	0.68	0.78	0.78	0.62
negbin	2020-02-06	0.8	0.68	0.82	0.78	0.72
negbin	2020-02-06	0.9	0.78	0.94	0.9	0.94
negbin	2020-02-06	1.0	1.0	1.0	1.0	1.0
negbin	2020-02-13	0.0	0.2	0.1	0.22	0.16
negbin	2020-02-13	0.1	0.42	0.1	0.22	0.26
negbin	2020-02-13	0.2	0.42	0.36	0.32	0.26
negbin	2020-02-13	0.30000000000000004	0.54	0.36	0.32	0.38
negbin	2020-02-13	0.4	0.54	0.44	0.36	0.54
negbin	2020-02-13	0.5	0.62	0.72	0.46	0.54
negbin	2020-02-13	0.6000000000000001	0.76	0.78	0.58	0.8
negbin	2020-02-13	0.7000000000000001	0.78	0.78	0.58	0.84
negbin	2020-02-13	0.8	0.82	0.88	0.78	0.88
negbin	2020-02-13	0.9	0.92	0.9	0.94	0.88
negbin	2020-02-13	1.0	1.0	1.0	1.0	1.0
negbin	2020-02-20	0.0	0.1	0.22	0.16	0.12
negbin	2020-02-20	0.1	0.1	0.22	0.26	0.22
negbin	2020-02-20	0.2	0.36	0.32	0.26	0.22
negbin	2020-02-20	0.30000000000000004	0.36	0.32	0.38	0.32
negbin	2020-02-20	0.4	0.36	0.36	0.54	0.52
negbin	2020-02-20	0.5	0.72	0.46	0.54	0.52
negbin	2020-02-20	0.6000000000000001	0.72	0.58	0.8	0.72
negbin	2020-02-20	0.7000000000000001	0.78	0.58	0.84	0.76
negbin	2020-02-20	0.8	0.88	0.78	0.84	0.82
negbin	2020-02-20	0.9	0.88	0.94	0.88	0.84
negbin	2020-02-20	1.0	1.0	1.0	1.0	1.0
negbin	2020-02-27	0.0	0.22	0.16	0.12	0.12
negbin	2020-02-27	0.1	0.26	0.16	0.12	0.12
negbin	2020-02-27	0.2	0.32	0.38	0.32	0.36
negbin	2020-02-27	0.30000000000000004	0.32	0.38	0.32	0.36
negbin	2020-02-27	0.4	0.32	0.54	0.52	0.48
negbin	2020-02-27	0.5	0.46	0.66	0.58	0.58
negbin	2020-02-27	0.6000000000000001	0.46	0.8	0.72	0.68
negbin	2020-02-27	0.7000000000000001	0.58	0.8	0.72	0.68
negbin	2020-02-27	0.8	0.78	0.84	0.76	0.78
negbin	2020-02-27	0.9	0.88	0.88	0.84	0.86
negbin	2020-02-27	1.0	1.0	1.0	1.0	1.0
negbin	2020-03-05	0.0	0.16	0.12	0.12	0.12
negbin	2020-03-05	0.1	0.16	0.22	0.26	0.26
negbin	2020-03-05	0.2	0.38	0.22	0.26	0.26
negbin	2020-03-05	0.30000000000000004	0.38	0.32	0.36	0.42
negbin	2020-03-05	0.4	0.54	0.52	0.48	0.46
negbin	2020-03-05	0.5	0.66	0.52	0.48	0.46
negbin	2020-03-05	0.6000000000000001	0.8	0.72	0.68	0.64
negbin	2020-03-05	0.7000000000000001	0.8	0.76	0.72	0.7
negbin	2020-03-05	0.8	0.84	0.82	0.82	0.8
negbin	2020-03-05	0.9	0.88	0.84	0.86	0.92
negbin	2020-03-05	1.0	1.0	1.0	1.0	1.0
negbin	2020-03-12	0.0	0.12	0.12	0.12	0.08
negbin	2020-03-12	0.1	0.22	0.26	0.26	0.18
negbin	2020-03-12	0.2	0.22	0.26	0.26	0.18
negbin	2020-03-12	0.30000000000000004	0.52	0.48	0.46	0.42
negbin	2020-03-12	0.4	0.52	0.48	0.46	0.42
negbin	2020-03-12	0.5	0.52	0.58	0.56	0.48
negbin	2020-03-12	0.6000000000000001	0.72	0.68	0.64	0.64
negbin	2020-03-12	0.7000000000000001	0.76	0.72	0.7	0.74
negbin	2020-03-12	0.8	0.82	0.82	0.8	0.8
negbin	2020-03-12	0.9	0.84	0.86	0.92	0.84
negbin	2020-03-12	1.0	1.0	1.0	1.0	1.0
negbin	2020-03-19	0.0	0.14	0.14	0.1	0.08
negbin	2020-03-19	0.1	0.26	0.26	0.18	0.24
negbin	2020-03-19	0.2	0.26	0.26	0.18	0.3
negbin	2020-03-19	0.30000000000000004	0.48	0.46	0.28	0.42
negbin	2020-03-19	0.4	0.48	0.46	0.42	0.42
negbin	2020-03-19	0.5	0.58	0.56	0.48	0.64
negbin	2020-03-19	0.6000000000000001	0.68	0.64	0.58	0.64
negbin	2020-03-19	0.7000000000000001	0.72	0.7	0.74	0.86
negbin	2020-03-19	0.8	0.76	0.74	0.74	0.88
negbin	2020-03-19	0.9	0.92	0.92	0.86	0.98
negbin	2020-03-19	1.0	1.0	1.0	1.0	1.0
negbin	2020-03-26	0.0	0.14	0.1	0.08	0.02
negbin	2020-03-26	0.1	0.26	0.18	0.24	0.12
negbin	2020-03-26	0.2	0.26	0.18	0.3	0.3
negbin	2020-03-26	0.30000000000000004	0.46	0.28	0.3	0.3
negbin	2020-03-26	0.4	0.46	0.42	0.42	0.42
negbin	2020-03-26	0.5	0.56	0.48	0.64	0.42
negbin	2020-03-26	0.6000000000000001	0.64	0.64	0.64	0.64
negbin	2020-03-26	0.7000000000000001	0.7	0.74	0.86	0.66
negbin	2020-03-26	0.8	0.8	0.74	0.88	0.8
negbin	2020-03-26	0.9	0.96	0.86	0.98	0.84
negbin	2020-03-26	1.0	1.0	1.0	1.0	1.0
negbin	2020-04-02	0.0	0.08	0.08	0.02	0.1
negbin	2020-04-02	0.1	0.18	0.08	0.12	0.18
negbin	2020-04-02	0.2	0.18	0.3	0.3	0.36
negbin	2020-04-02	0.30000000000000004	0.42	0.3	0.3	0.36
negbin	2020-04-02	0.4	0.42	0.56	0.42	0.36
negbin	2020-04-02	0.5	0.42	0.56	0.42	0.62
negbin	2020-04-02	0.6000000000000001	0.64	0.64	0.64	0.7
negbin	2020-04-02	0.7000000000000001	0.74	0.86	0.66	0.76
negbin	2020-04-02	0.8	0.8	0.88	0.8	0.82
negbin	2020-04-02	0.9	0.84	0.94	0.9	0.9
negbin	2020-04-02	1.0	1.0	1.0	1.0	1.0
negbin	2020-04-09	0.0	0.06	0.1	0.18	0.08
negbin	2020-04-09	0.1	0.14	0.2	0.28	0.2
negbin	2020-04-09	0.2	0.28	0.2	0.46	0.2
negbin	2020-04-09	0.30000000000000004	0.28	0.22	0.46	0.48
negbin	2020-04-09	0.4	0.44	0.36	0.54	0.48
negbin	2020-04-09	0.5	0.56	0.54	0.6	0.54
negbin	2020-04-09	0.6000000000000001	0.68	0.6	0.6	0.68
negbin	2020-04-09	0.7000000000000001	0.76	0.62	0.72	0.72
negbin	2020-04-09	0.8	0.9	0.76	0.8	0.86
negbin	2020-04-09	0.9	0.92	0.86	0.9	0.96
negbin	2020-04-09	1.0	1.0	1.0	1.0	1.0
negbin	2020-04-16	0.0	0.1	0.18	0.08	0.02
negbin	2020-04-16	0.1	0.1	0.28	0.2	0.02
negbin	2020-04-16	0.2	0.22	0.28	0.3	0.28
negbin	2020-04-16	0.30000000000000004	0.22	0.54	0.3	0.28
negbin	2020-04-16	0.4	0.54	0.54	0.54	0.54
negbin	2020-04-16	0.5	0.54	0.6	0.54	0.54
negbin	2020-04-16	0.6000000000000001	0.56	0.6	0.68	0.74
negbin	2020-04-16	0.7000000000000001	0.7	0.68	0.72	0.76
negbin	2020-04-16	0.8	0.72	0.8	0.86	0.92
negbin	2020-04-16	0.9	0.86	0.9	0.96	0.94
negbin	2020-04-16	1.0	1.0	1.0	1.0	1.0
negbin	2020-04-23	0.0	0.18	0.08	0.08	0.16
negbin	2020-04-23	0.1	0.28	0.2	0.1	0.34
negbin	2020-04-23	0.2	0.28	0.2	0.1	0.34
negbin	2020-04-23	0.30000000000000004	0.54	0.48	0.46	0.5
negbin	2020-04-23	0.4	0.54	0.48	0.46	0.5
negbin	2020-04-23	0.5	0.6	0.66	0.7	0.56
negbin	2020-04-23	0.6000000000000001	0.6	0.68	0.74	0.64
negbin	2020-04-23	0.7000000000000001	0.68	0.68	0.74	0.64
negbin	2020-04-23	0.8	0.8	0.86	0.92	0.72
negbin	2020-04-23	0.9	0.9	0.96	0.96	0.84
negbin	2020-04-23	1.0	1.0	1.0	1.0	1.0
negbin	2020-04-30	0.0	0.12	0.08	0.16	0.1
negbin	2020-04-30	0.1	0.3	0.26	0.16	0.12
negbin	2020-04-30	0.2	0.38	0.28	0.38	0.12
negbin	2020-04-30	0.30000000000000004	0.38	0.28	0.38	0.42
negbin	2020-04-30	0.4	0.6	0.62	0.54	0.42
negbin	2020-04-30	0.5	0.6	0.62	0.54	0.62
negbin	2020-04-30	0.6000000000000001	0.66	0.7	0.56	0.62
negbin	2020-04-30	0.7000000000000001	0.82	0.86	0.68	0.74
negbin	2020-04-30	0.8	0.86	0.92	0.72	0.74
negbin	2020-04-30	0.9	0.96	0.94	0.84	0.9
negbin	2020-04-30	1.0	1.0	1.0	1.0	1.0
negbin	2020-05-07	0.0	0.18	0.04	0.1	0.08
negbin	2020-05-07	0.1	0.26	0.2	0.1	0.28
negbin	2020-05-07	0.2	0.26	0.2	0.34	0.32
negbin	2020-05-07	0.30000000000000004	0.44	0.42	0.34	0.32
negbin	2020-05-07	0.4	0.44	0.42	0.42	0.52
negbin	2020-05-07	0.5	0.62	0.54	0.6	0.52
negbin	2020-05-07	0.6000000000000001	0.78	0.58	0.62	0.7
negbin	2020-05-07	0.7000000000000001	0.86	0.6	0.74	0.74
negbin	2020-05-07	0.8	0.92	0.78	0.74	0.88
negbin	2020-05-07	0.9	0.94	0.84	0.9	0.98
negbin	2020-05-07	1.0	1.0	1.0	1.0	1.0
negbin	2020-05-14	0.0	0.04	0.1	0.08	0.02
negbin	2020-05-14	0.1	0.2	0.32	0.28	0.04
negbin	2020-05-14	0.2	0.2	0.34	0.32	0.04
negbin	2020-05-14	0.30000000000000004	0.24	0.34	0.32	0.22
negbin	2020-05-14	0.4	0.42	0.6	0.52	0.22
negbin	2020-05-14	0.5	0.42	0.6	0.52	0.46
negbin	2020-05-14	0.6000000000000001	0.58	0.62	0.7	0.54
negbin	2020-05-14	0.7000000000000001	0.6	0.74	0.74	0.64
negbin	2020-05-14	0.8	0.78	0.74	0.88	0.64
negbin	2020-05-14	0.9	0.82	0.86	0.9	0.78
negbin	2020-05-14	1.0	1.0	1.0	1.0	1.0
negbin	2020-05-21	0.0	0.1	0.2	0.02	0.12
negbin	2020-05-21	0.1	0.32	0.28	0.02	0.24
negbin	2020-05-21	0.2	0.32	0.28	0.12	0.4
negbin	2020-05-21	0.30000000000000004	0.52	0.44	0.12	0.44
negbin	2020-05-21	0.4	0.52	0.44	0.42	0.44
negbin	2020-05-21	0.5	0.6	0.62	0.46	0.68
negbin	2020-05-21	0.6000000000000001	0.7	0.62	0.56	0.74
negbin	2020-05-21	0.7000000000000001	0.72	0.84	0.64	0.86
negbin	2020-05-21	0.8	0.84	0.88	0.76	0.88
negbin	2020-05-21	0.9	0.86	0.98	0.78	0.98
negbin	2020-05-21	1.0	1.0	1.0	1.0	1.0
negbin	2020-05-28	0.0	0.12	0.08	0.12	0.16
negbin	2020-05-28	0.1	0.32	0.08	0.28	0.26
negbin	2020-05-28	0.2	0.32	0.3	0.4	0.42
negbin	2020-05-28	0.30000000000000004	0.5	0.3	0.4	0.58
negbin	2020-05-28	0.4	0.5	0.32	0.62	0.58
negbin	2020-05-28	0.5	0.54	0.42	0.62	0.72
negbin	2020-05-28	0.6000000000000001	0.68	0.52	0.78	0.74
negbin	2020-05-28	0.7000000000000001	0.76	0.68	0.84	0.8
negbin	2020-05-28	0.8	0.92	0.76	0.94	0.82
negbin	2020-05-28	0.9	0.96	0.84	1.0	0.96
negbin	2020-05-28	1.0	1.0	1.0	1.0	1.0
negbin	2020-06-04	0.0	0.08	0.16	0.16	0.12
negbin	2020-06-04	0.1	0.28	0.28	0.26	0.2
negbin	2020-06-04	0.2	0.28	0.28	0.42	0.26
negbin	2020-06-04	0.30000000000000004	0.3	0.58	0.58	0.36
negbin	2020-06-04	0.4	0.4	0.58	0.58	0.44
negbin	2020-06-04	0.5	0.42	0.72	0.72	0.52
negbin	2020-06-04	0.6000000000000001	0.64	0.78	0.72	0.64
negbin	2020-06-04	0.7000000000000001	0.64	0.78	0.8	0.68
negbin	2020-06-04	0.8	0.68	0.92	0.82	0.78
negbin	2020-06-04	0.9	0.84	0.98	0.96	0.92
negbin	2020-06-04	1.0	1.0	1.0	1.0	1.0
negbin	2020-06-11	0.0	0.12	0.1	0.12	0.06
negbin	2020-06-11	0.1	0.28	0.26	0.18	0.14
negbin	2020-06-11	0.2	0.4	0.42	0.26	0.26
negbin	2020-06-11	0.30000000000000004	0.58	0.58	0.34	0.46
negbin	2020-06-11	0.4	0.62	0.66	0.44	0.52
negbin	2020-06-11	0.5	0.62	0.72	0.52	0.56
negbin	2020-06-11	0.6000000000000001	0.78	0.74	0.68	0.64
negbin	2020-06-11	0.7000000000000001	0.84	0.82	0.72	0.74
negbin	2020-06-11	0.8	0.94	0.82	0.84	0.92
negbin	2020-06-11	0.9	1.0	0.98	0.92	0.96
negbin	2020-06-11	1.0	1.0	1.0	1.0	1.0
negbin	2020-06-18	0.0	0.16	0.08	0.08	0.06
negbin	2020-06-18	0.1	0.32	0.2	0.28	0.1
negbin	2020-06-18	0.2	0.42	0.2	0.34	0.16
negbin	2020-06-18	0.30000000000000004	0.42	0.36	0.34	0.16
negbin	2020-06-18	0.4	0.64	0.44	0.5	0.36
negbin	2020-06-18	0.5	0.64	0.56	0.56	0.5
negbin	2020-06-18	0.6000000000000001	0.78	0.64	0.64	0.54
negbin	2020-06-18	0.7000000000000001	0.8	0.74	0.72	0.66
negbin	2020-06-18	0.8	0.9	0.78	0.86	0.72
negbin	2020-06-18	0.9	0.96	0.92	0.96	0.86
negbin	2020-06-18	1.0	1.0	1.0	1.0	1.0
negbin	2020-06-25	0.0	0.12	0.08	0.06	0.1
negbin	2020-06-25	0.1	0.2	0.08	0.1	0.16
negbin	2020-06-25	0.2	0.26	0.34	0.16	0.26
negbin	2020-06-25	0.30000000000000004	0.36	0.34	0.26	0.34
negbin	2020-06-25	0.4	0.44	0.5	0.36	0.34
negbin	2020-06-25	0.5	0.44	0.56	0.36	0.46
negbin	2020-06-25	0.6000000000000001	0.64	0.64	0.54	0.52
negbin	2020-06-25	0.7000000000000001	0.74	0.72	0.66	0.54
negbin	2020-06-25	0.8	0.78	0.86	0.72	0.7
negbin	2020-06-25	0.9	0.92	0.96	0.86	0.84
negbin	2020-06-25	1.0	1.0	1.0	1.0	1.0
negbin	2020-07-02	0.0	0.08	0.06	0.1	0.06
negbin	2020-07-02	0.1	0.14	0.1	0.16	0.1
negbin	2020-07-02	0.2	0.34	0.16	0.26	0.14
negbin	2020-07-02	0.30000000000000004	0.46	0.26	0.34	0.14
negbin	2020-07-02	0.4	0.5	0.36	0.34	0.3
negbin	2020-07-02	0.5	0.56	0.36	0.46	0.3
negbin	2020-07-02	0.6000000000000001	0.64	0.54	0.46	0.46
negbin	2020-07-02	0.7000000000000001	0.72	0.66	0.54	0.5
negbin	2020-07-02	0.8	0.92	0.72	0.7	0.62
negbin	2020-07-02	0.9	0.96	0.86	0.84	0.8
negbin	2020-07-02	1.0	1.0	1.0	1.0	1.0
negbin	2020-07-09	0.0	0.06	0.1	0.06	0.08
negbin	2020-07-09	0.1	0.06	0.16	0.06	0.08
negbin	2020-07-09	0.2	0.16	0.26	0.14	0.22
negbin	2020-07-09	0.30000000000000004	0.16	0.34	0.14	0.22
negbin	2020-07-09	0.4	0.36	0.34	0.3	0.4
negbin	2020-07-09	0.5	0.5	0.46	0.3	0.46
negbin	2020-07-09	0.6000000000000001	0.54	0.52	0.46	0.46
negbin	2020-07-09	0.7000000000000001	0.66	0.54	0.5	0.6
negbin	2020-07-09	0.8	0.72	0.7	0.62	0.7
negbin	2020-07-09	0.9	0.86	0.84	0.8	0.86
negbin	2020-07-09	1.0	1.0	1.0	1.0	1.0
negbin	2020-07-16	0.0	0.06	0.04	0.18	0.16
negbin	2020-07-16	0.1	0.14	0.18	0.26	0.28
negbin	2020-07-16	0.2	0.14	0.24	0.32	0.38
negbin	2020-07-16	0.30000000000000004	0.34	0.36	0.4	0.44
negbin	2020-07-16	0.4	0.4	0.36	0.52	0.5
negbin	2020-07-16	0.5	0.5	0.44	0.58	0.6
negbin	2020-07-16	0.6000000000000001	0.66	0.5	0.68	0.6
negbin	2020-07-16	0.7000000000000001	0.72	0.6	0.76	0.68
negbin	2020-07-16	0.8	0.82	0.74	0.84	0.74
negbin	2020-07-16	0.9	0.9	0.82	0.92	0.84
negbin	2020-07-16	1.0	1.0	1.0	1.0	1.0
negbin	2020-07-23	0.0	0.14	0.06	0.1	0.08
negbin	2020-07-23	0.1	0.26	0.24	0.26	0.1
negbin	2020-07-23	0.2	0.3	0.36	0.32	0.16
negbin	2020-07-23	0.30000000000000004	0.34	0.44	0.44	0.28
negbin	2020-07-23	0.4	0.4	0.54	0.5	0.34
negbin	2020-07-23	0.5	0.46	0.7	0.6	0.52
negbin	2020-07-23	0.6000000000000001	0.58	0.78	0.66	0.6
negbin	2020-07-23	0.7000000000000001	0.68	0.84	0.7	0.6
negbin	2020-07-23	0.8	0.72	0.9	0.84	0.8
negbin	2020-07-23	0.9	0.78	1.0	0.86	0.86
negbin	2020-07-23	1.0	1.0	1.0	1.0	1.0
negbin	2020-07-30	0.0	0.12	0.06	0.02	0.1
negbin	2020-07-30	0.1	0.18	0.16	0.1	0.18
negbin	2020-07-30	0.2	0.28	0.22	0.22	0.2
negbin	2020-07-30	0.30000000000000004	0.46	0.38	0.28	0.28
negbin	2020-07-30	0.4	0.54	0.42	0.46	0.32
negbin	2020-07-30	0.5	0.7	0.6	0.56	0.48
negbin	2020-07-30	0.6000000000000001	0.82	0.7	0.56	0.48
negbin	2020-07-30	0.7000000000000001	0.82	0.76	0.66	0.62
negbin	2020-07-30	0.8	0.96	0.82	0.82	0.78
negbin	2020-07-30	0.9	0.98	0.9	0.88	0.86
negbin	2020-07-30	1.0	1.0	1.0	1.0	1.0
negbin	2020-08-06	0.0	0.06	0.02	0.1	0.04
negbin	2020-08-06	0.1	0.22	0.1	0.18	0.12
negbin	2020-08-06	0.2	0.22	0.22	0.2	0.18
negbin	2020-08-06	0.30000000000000004	0.42	0.28	0.28	0.26
negbin	2020-08-06	0.4	0.42	0.46	0.32	0.3
negbin	2020-08-06	0.5	0.6	0.56	0.4	0.34
negbin	2020-08-06	0.6000000000000001	0.64	0.56	0.48	0.4
negbin	2020-08-06	0.7000000000000001	0.76	0.66	0.62	0.44
negbin	2020-08-06	0.8	0.82	0.82	0.78	0.54
negbin	2020-08-06	0.9	0.9	0.88	0.86	0.68
negbin	2020-08-06	1.0	1.0	1.0	1.0	1.0
negbin	2020-08-13	0.0	0.18	0.02	0.06	0.1
negbin	2020-08-13	0.1	0.3	0.06	0.1	0.26
negbin	2020-08-13	0.2	0.36	0.16	0.14	0.42
negbin	2020-08-13	0.30000000000000004	0.36	0.24	0.2	0.42
negbin	2020-08-13	0.4	0.5	0.44	0.28	0.6
negbin	2020-08-13	0.5	0.56	0.44	0.3	0.6
negbin	2020-08-13	0.6000000000000001	0.62	0.68	0.48	0.72
negbin	2020-08-13	0.7000000000000001	0.72	0.72	0.6	0.76
negbin	2020-08-13	0.8	0.76	0.84	0.64	0.86
negbin	2020-08-13	0.9	0.82	0.94	0.78	0.92
negbin	2020-08-13	1.0	1.0	1.0	1.0	1.0
negbin	2020-08-20	0.0	0.08	0.06	0.16	0.02
negbin	2020-08-20	0.1	0.24	0.08	0.42	0.08
negbin	2020-08-20	0.2	0.24	0.12	0.42	0.22
negbin	2020-08-20	0.30000000000000004	0.42	0.22	0.62	0.4
negbin	2020-08-20	0.4	0.42	0.36	0.62	0.52
negbin	2020-08-20	0.5	0.56	0.4	0.66	0.6
negbin	2020-08-20	0.6000000000000001	0.6	0.44	0.68	0.6
negbin	2020-08-20	0.7000000000000001	0.72	0.58	0.8	0.7
negbin	2020-08-20	0.8	0.84	0.8	0.82	0.76
negbin	2020-08-20	0.9	0.94	0.9	0.94	0.8
negbin	2020-08-20	1.0	1.0	1.0	1.0	1.0
negbin	2020-08-27	0.0	0.06	0.16	0.02	0.04
negbin	2020-08-27	0.1	0.08	0.26	0.08	0.16
negbin	2020-08-27	0.2	0.22	0.42	0.22	0.32
negbin	2020-08-27	0.30000000000000004	0.22	0.52	0.4	0.32
negbin	2020-08-27	0.4	0.36	0.66	0.52	0.48
negbin	2020-08-27	0.5	0.4	0.66	0.6	0.58
negbin	2020-08-27	0.6000000000000001	0.44	0.68	0.6	0.64
negbin	2020-08-27	0.7000000000000001	0.58	0.8	0.7	0.66
negbin	2020-08-27	0.8	0.8	0.86	0.76	0.8
negbin	2020-08-27	0.9	0.9	0.94	0.8	0.86
negbin	2020-08-27	1.0	1.0	1.0	1.0	1.0
negbin	2020-09-03	0.0	0.1	0.02	0.04	0.04
negbin	2020-09-03	0.1	0.26	0.16	0.16	0.1
negbin	2020-09-03	0.2	0.36	0.28	0.36	0.16
negbin	2020-09-03	0.30000000000000004	0.56	0.28	0.36	0.28
negbin	2020-09-03	0.4	0.56	0.54	0.5	0.38
negbin	2020-09-03	0.5	0.68	0.54	0.52	0.44
negbin	2020-09-03	0.6000000000000001	0.72	0.7	0.62	0.6
negbin	2020-09-03	0.7000000000000001	0.72	0.7	0.74	0.8
negbin	2020-09-03	0.8	0.84	0.78	0.84	0.82
negbin	2020-09-03	0.9	0.96	0.84	0.86	0.92
negbin	2020-09-03	1.0	1.0	1.0	1.0	1.0
negbin	2020-09-10	0.0	0.14	0.12	0.04	0.14
negbin	2020-09-10	0.1	0.16	0.16	0.16	0.16
negbin	2020-09-10	0.2	0.22	0.24	0.16	0.26
negbin	2020-09-10	0.30000000000000004	0.36	0.46	0.32	0.4
negbin	2020-09-10	0.4	0.36	0.46	0.32	0.44
negbin	2020-09-10	0.5	0.54	0.52	0.44	0.46
negbin	2020-09-10	0.6000000000000001	0.7	0.62	0.6	0.5
negbin	2020-09-10	0.7000000000000001	0.7	0.68	0.62	0.62
negbin	2020-09-10	0.8	0.72	0.78	0.8	0.72
negbin	2020-09-10	0.9	0.84	0.86	0.82	0.8
negbin	2020-09-10	1.0	1.0	1.0	1.0	1.0
negbin	2020-09-17	0.0	0.12	0.04	0.14	0.06
negbin	2020-09-17	0.1	0.24	0.1	0.16	0.08
negbin	2020-09-17	0.2	0.24	0.16	0.26	0.28
negbin	2020-09-17	0.30000000000000004	0.46	0.2	0.4	0.3
negbin	2020-09-17	0.4	0.48	0.38	0.44	0.4
negbin	2020-09-17	0.5	0.52	0.48	0.5	0.42
negbin	2020-09-17	0.6000000000000001	0.62	0.48	0.5	0.48
negbin	2020-09-17	0.7000000000000001	0.68	0.62	0.62	0.68
negbin	2020-09-17	0.8	0.78	0.8	0.72	0.68
negbin	2020-09-17	0.9	0.84	0.82	0.8	0.82
negbin	2020-09-17	1.0	1.0	1.0	1.0	1.0
negbin	2020-09-24	0.0	0.12	0.12	0.1	0.12
negbin	2020-09-24	0.1	0.18	0.14	0.16	0.14
negbin	2020-09-24	0.2	0.24	0.24	0.28	0.24
negbin	2020-09-24	0.30000000000000004	0.28	0.32	0.46	0.24
negbin	2020-09-24	0.4	0.46	0.46	0.46	0.36
negbin	2020-09-24	0.5	0.46	0.54	0.52	0.46
negbin	2020-09-24	0.6000000000000001	0.68	0.6	0.6	0.64
negbin	2020-09-24	0.7000000000000001	0.76	0.62	0.72	0.8
negbin	2020-09-24	0.8	0.92	0.74	0.8	0.8
negbin	2020-09-24	0.9	0.92	0.84	0.92	0.94
negbin	2020-09-24	1.0	1.0	1.0	1.0	1.0
negbin	2020-10-01	0.0	0.12	0.1	0.12	0.12
negbin	2020-10-01	0.1	0.24	0.22	0.16	0.16
negbin	2020-10-01	0.2	0.24	0.28	0.18	0.24
negbin	2020-10-01	0.30000000000000004	0.46	0.3	0.26	0.42
negbin	2020-10-01	0.4	0.46	0.52	0.36	0.5
negbin	2020-10-01	0.5	0.54	0.52	0.46	0.54
negbin	2020-10-01	0.6000000000000001	0.56	0.6	0.56	0.64
negbin	2020-10-01	0.7000000000000001	0.66	0.72	0.68	0.7
negbin	2020-10-01	0.8	0.74	0.8	0.86	0.76
negbin	2020-10-01	0.9	0.84	0.92	0.9	0.94
negbin	2020-10-01	1.0	1.0	1.0	1.0	1.0
negbin	2020-10-08	0.0	0.1	0.12	0.04	0.06
negbin	2020-10-08	0.1	0.22	0.14	0.16	0.08
negbin	2020-10-08	0.2	0.28	0.18	0.26	0.2
negbin	2020-10-08	0.30000000000000004	0.3	0.24	0.42	0.42
negbin	2020-10-08	0.4	0.52	0.36	0.5	0.48
negbin	2020-10-08	0.5	0.52	0.46	0.58	0.56
negbin	2020-10-08	0.6000000000000001	0.6	0.64	0.62	0.6
negbin	2020-10-08	0.7000000000000001	0.72	0.68	0.68	0.7
negbin	2020-10-08	0.8	0.8	0.8	0.88	0.82
negbin	2020-10-08	0.9	0.92	0.9	0.94	0.86
negbin	2020-10-08	1.0	1.0	1.0	1.0	1.0
negbin	2020-10-15	0.0	0.12	0.04	0.06	0.04
negbin	2020-10-15	0.1	0.14	0.26	0.2	0.14
negbin	2020-10-15	0.2	0.24	0.26	0.2	0.22
negbin	2020-10-15	0.30000000000000004	0.24	0.42	0.42	0.38
negbin	2020-10-15	0.4	0.36	0.42	0.42	0.38
negbin	2020-10-15	0.5	0.46	0.58	0.56	0.48
negbin	2020-10-15	0.6000000000000001	0.64	0.66	0.66	0.6
negbin	2020-10-15	0.7000000000000001	0.8	0.68	0.7	0.62
negbin	2020-10-15	0.8	0.8	0.88	0.82	0.76
negbin	2020-10-15	0.9	0.94	0.94	0.86	0.88
negbin	2020-10-15	1.0	1.0	1.0	1.0	1.0
negbin	2020-10-22	0.0	0.04	0.12	0.1	0.08
negbin	2020-10-22	0.1	0.14	0.18	0.18	0.12
negbin	2020-10-22	0.2	0.34	0.34	0.22	0.2
negbin	2020-10-22	0.30000000000000004	0.34	0.36	0.4	0.34
negbin	2020-10-22	0.4	0.5	0.5	0.4	0.58
negbin	2020-10-22	0.5	0.58	0.56	0.56	0.64
negbin	2020-10-22	0.6000000000000001	0.66	0.62	0.64	0.76
negbin	2020-10-22	0.7000000000000001	0.82	0.76	0.68	0.76
negbin	2020-10-22	0.8	0.84	0.84	0.8	0.86
negbin	2020-10-22	0.9	0.94	0.94	0.92	1.0
negbin	2020-10-22	1.0	1.0	1.0	1.0	1.0
negbin	2020-10-29	0.0	0.16	0.08	0.04	0.06
negbin	2020-10-29	0.1	0.28	0.28	0.18	0.16
negbin	2020-10-29	0.2	0.42	0.28	0.26	0.24
negbin	2020-10-29	0.30000000000000004	0.42	0.4	0.36	0.32
negbin	2020-10-29	0.4	0.5	0.4	0.44	0.4
negbin	2020-10-29	0.5	0.5	0.56	0.64	0.52
negbin	2020-10-29	0.6000000000000001	0.66	0.64	0.7	0.56
negbin	2020-10-29	0.7000000000000001	0.72	0.74	0.8	0.76
negbin	2020-10-29	0.8	0.84	0.84	0.86	0.8
negbin	2020-10-29	0.9	0.94	0.94	0.98	0.94
negbin	2020-10-29	1.0	1.0	1.0	1.0	1.0
negbin	2020-11-05	0.0	0.1	0.08	0.06	0.06
negbin	2020-11-05	0.1	0.18	0.12	0.14	0.18
negbin	2020-11-05	0.2	0.22	0.2	0.24	0.26
negbin	2020-11-05	0.30000000000000004	0.4	0.34	0.32	0.32
negbin	2020-11-05	0.4	0.4	0.58	0.48	0.42
negbin	2020-11-05	0.5	0.56	0.64	0.48	0.6
negbin	2020-11-05	0.6000000000000001	0.64	0.76	0.56	0.66
negbin	2020-11-05	0.7000000000000001	0.68	0.76	0.76	0.76
negbin	2020-11-05	0.8	0.8	0.86	0.84	0.84
negbin	2020-11-05	0.9	0.92	1.0	0.94	0.94
negbin	2020-11-05	1.0	1.0	1.0	1.0	1.0
negbin	2020-11-12	0.0	0.04	0.06	0.06	0.06
negbin	2020-11-12	0.1	0.12	0.14	0.14	0.14
negbin	2020-11-12	0.2	0.26	0.24	0.26	0.46
negbin	2020-11-12	0.30000000000000004	0.34	0.32	0.36	0.46
negbin	2020-11-12	0.4	0.58	0.4	0.42	0.58
negbin	2020-11-12	0.5	0.58	0.52	0.6	0.58
negbin	2020-11-12	0.6000000000000001	0.7	0.56	0.66	0.68
negbin	2020-11-12	0.7000000000000001	0.8	0.76	0.76	0.7
negbin	2020-11-12	0.8	0.86	0.8	0.84	0.88
negbin	2020-11-12	0.9	1.0	0.94	0.94	0.94
negbin	2020-11-12	1.0	1.0	1.0	1.0	1.0
negbin	2020-11-19	0.0	0.06	0.06	0.08	0.08
negbin	2020-11-19	0.1	0.14	0.18	0.14	0.22
negbin	2020-11-19	0.2	0.32	0.26	0.24	0.34
negbin	2020-11-19	0.30000000000000004	0.32	0.32	0.46	0.42
negbin	2020-11-19	0.4	0.48	0.54	0.5	0.44
negbin	2020-11-19	0.5	0.52	0.54	0.66	0.58
negbin	2020-11-19	0.6000000000000001	0.56	0.66	0.68	0.58
negbin	2020-11-19	0.7000000000000001	0.66	0.76	0.74	0.68
negbin	2020-11-19	0.8	0.84	0.8	0.88	0.84
negbin	2020-11-19	0.9	0.94	0.92	0.94	0.92
negbin	2020-11-19	1.0	1.0	1.0	1.0	1.0
negbin	2020-11-26	0.0	0.06	0.08	0.08	0.04
negbin	2020-11-26	0.1	0.18	0.14	0.22	0.08
negbin	2020-11-26	0.2	0.26	0.24	0.34	0.14
negbin	2020-11-26	0.30000000000000004	0.32	0.5	0.42	0.3
negbin	2020-11-26	0.4	0.54	0.5	0.44	0.48
negbin	2020-11-26	0.5	0.54	0.66	0.58	0.48
negbin	2020-11-26	0.6000000000000001	0.66	0.68	0.64	0.6
negbin	2020-11-26	0.7000000000000001	0.76	0.74	0.68	0.68
negbin	2020-11-26	0.8	0.86	0.88	0.84	0.82
negbin	2020-11-26	0.9	0.92	0.94	0.92	0.9
negbin	2020-11-26	1.0	1.0	1.0	1.0	1.0
negbin	2020-12-03	0.0	0.08	0.08	0.04	0.06
negbin	2020-12-03	0.1	0.18	0.22	0.08	0.12
negbin	2020-12-03	0.2	0.24	0.34	0.24	0.2
negbin	2020-12-03	0.30000000000000004	0.28	0.44	0.3	0.32
negbin	2020-12-03	0.4	0.5	0.44	0.44	0.42
negbin	2020-12-03	0.5	0.58	0.58	0.5	0.46
negbin	2020-12-03	0.6000000000000001	0.68	0.62	0.5	0.6
negbin	2020-12-03	0.7000000000000001	0.74	0.76	0.68	0.68
negbin	2020-12-03	0.8	0.8	0.84	0.84	0.78
negbin	2020-12-03	0.9	0.92	0.92	0.94	0.84
negbin	2020-12-03	1.0	1.0	1.0	1.0	1.0
negbin	2020-12-10	0.0	0.08	0.04	0.08	0.02
negbin	2020-12-10	0.1	0.22	0.08	0.14	0.2
negbin	2020-12-10	0.2	0.34	0.14	0.24	0.28
negbin	2020-12-10	0.30000000000000004	0.42	0.3	0.3	0.4
negbin	2020-12-10	0.4	0.44	0.34	0.42	0.4
negbin	2020-12-10	0.5	0.58	0.48	0.52	0.56
negbin	2020-12-10	0.6000000000000001	0.64	0.6	0.56	0.58
negbin	2020-12-10	0.7000000000000001	0.68	0.68	0.62	0.7
negbin	2020-12-10	0.8	0.84	0.82	0.68	0.74
negbin	2020-12-10	0.9	0.92	0.9	0.82	0.88
negbin	2020-12-10	1.0	1.0	1.0	1.0	1.0
negbin	2020-12-17	0.0	0.04	0.06	0.02	0.12
negbin	2020-12-17	0.1	0.08	0.14	0.2	0.2
negbin	2020-12-17	0.2	0.14	0.2	0.28	0.3
negbin	2020-12-17	0.30000000000000004	0.3	0.3	0.4	0.42
negbin	2020-12-17	0.4	0.48	0.42	0.4	0.42
negbin	2020-12-17	0.5	0.48	0.52	0.56	0.62
negbin	2020-12-17	0.6000000000000001	0.6	0.56	0.58	0.62
negbin	2020-12-17	0.7000000000000001	0.68	0.62	0.68	0.7
negbin	2020-12-17	0.8	0.82	0.68	0.74	0.78
negbin	2020-12-17	0.9	0.9	0.82	0.88	0.9
negbin	2020-12-17	1.0	1.0	1.0	1.0	1.0
negbin	2020-12-24	0.0	0.06	0.18	0.12	0.04
negbin	2020-12-24	0.1	0.06	0.2	0.2	0.18
negbin	2020-12-24	0.2	0.2	0.32	0.2	0.18
negbin	2020-12-24	0.30000000000000004	0.32	0.4	0.42	0.38
negbin	2020-12-24	0.4	0.42	0.48	0.42	0.38
negbin	2020-12-24	0.5	0.46	0.56	0.62	0.54
negbin	2020-12-24	0.6000000000000001	0.6	0.58	0.68	0.68
negbin	2020-12-24	0.7000000000000001	0.68	0.7	0.68	0.68
negbin	2020-12-24	0.8	0.78	0.74	0.78	0.74
negbin	2020-12-24	0.9	0.84	0.9	0.9	0.9
negbin	2020-12-24	1.0	1.0	1.0	1.0	1.0
negbin	2020-12-31	0.0	0.18	0.08	0.14	0.14
negbin	2020-12-31	0.1	0.3	0.2	0.3	0.22
negbin	2020-12-31	0.2	0.32	0.32	0.34	0.22
negbin	2020-12-31	0.30000000000000004	0.4	0.4	0.38	0.4
negbin	2020-12-31	0.4	0.48	0.5	0.42	0.4
negbin	2020-12-31	0.5	0.5	0.56	0.56	0.54
negbin	2020-12-31	0.6000000000000001	0.6	0.56	0.56	0.6
negbin	2020-12-31	0.7000000000000001	0.64	0.76	0.74	0.78
negbin	2020-12-31	0.8	0.84	0.86	0.8	0.82
negbin	2020-12-31	0.9	0.92	0.9	0.92	0.92
negbin	2020-12-31	1.0	1.0	1.0	1.0	1.0
negbin	2021-01-07	0.0	0.08	0.14	0.08	0.1
negbin	2021-01-07	0.1	0.2	0.3	0.22	0.16
negbin	2021-01-07	0.2	0.32	0.3	0.34	0.2
negbin	2021-01-07	0.30000000000000004	0.4	0.38	0.4	0.2
negbin	2021-01-07	0.4	0.4	0.38	0.48	0.46
negbin	2021-01-07	0.5	0.56	0.56	0.54	0.46
negbin	2021-01-07	0.6000000000000001	0.64	0.62	0.6	0.6
negbin	2021-01-07	0.7000000000000001	0.76	0.8	0.78	0.66
negbin	2021-01-07	0.8	0.84	0.88	0.82	0.76
negbin	2021-01-07	0.9	0.9	0.94	0.92	0.82
negbin	2021-01-07	1.0	1.0	1.0	1.0	1.0
negbin	2021-01-14	0.0	0.16	0.08	0.1	0.2
negbin	2021-01-14	0.1	0.3	0.2	0.14	0.28
negbin	2021-01-14	0.2	0.34	0.34	0.2	0.28
negbin	2021-01-14	0.30000000000000004	0.38	0.42	0.3	0.5
negbin	2021-01-14	0.4	0.52	0.48	0.3	0.5
negbin	2021-01-14	0.5	0.52	0.54	0.48	0.52
negbin	2021-01-14	0.6000000000000001	0.62	0.66	0.54	0.7
negbin	2021-01-14	0.7000000000000001	0.68	0.66	0.66	0.72
negbin	2021-01-14	0.8	0.88	0.84	0.78	0.9
negbin	2021-01-14	0.9	0.94	0.92	0.82	0.94
negbin	2021-01-14	1.0	1.0	1.0	1.0	1.0
negbin	2021-01-21	0.0	0.08	0.1	0.2	0.12
negbin	2021-01-21	0.1	0.2	0.14	0.28	0.2
negbin	2021-01-21	0.2	0.34	0.14	0.4	0.2
negbin	2021-01-21	0.30000000000000004	0.42	0.3	0.4	0.4
negbin	2021-01-21	0.4	0.48	0.3	0.52	0.4
negbin	2021-01-21	0.5	0.54	0.48	0.52	0.5
negbin	2021-01-21	0.6000000000000001	0.66	0.54	0.7	0.62
negbin	2021-01-21	0.7000000000000001	0.7	0.72	0.72	0.72
negbin	2021-01-21	0.8	0.84	0.78	0.9	0.8
negbin	2021-01-21	0.9	0.92	0.86	0.92	0.92
negbin	2021-01-21	1.0	1.0	1.0	1.0	1.0
negbin	2021-01-28	0.0	0.04	0.12	0.12	0.22
negbin	2021-01-28	0.1	0.14	0.32	0.26	0.28
negbin	2021-01-28	0.2	0.24	0.34	0.34	0.28
negbin	2021-01-28	0.30000000000000004	0.26	0.42	0.44	0.4
negbin	2021-01-28	0.4	0.32	0.54	0.5	0.4
negbin	2021-01-28	0.5	0.38	0.64	0.5	0.68
negbin	2021-01-28	0.6000000000000001	0.6	0.66	0.6	0.72
negbin	2021-01-28	0.7000000000000001	0.66	0.78	0.72	0.72
negbin	2021-01-28	0.8	0.78	0.78	0.84	0.84
negbin	2021-01-28	0.9	0.88	0.94	0.86	0.96
negbin	2021-01-28	1.0	1.0	1.0	1.0	1.0
negbin	2021-02-04	0.0	0.2	0.12	0.22	0.06
negbin	2021-02-04	0.1	0.32	0.2	0.22	0.26
negbin	2021-02-04	0.2	0.4	0.34	0.4	0.42
negbin	2021-02-04	0.30000000000000004	0.42	0.34	0.4	0.42
negbin	2021-02-04	0.4	0.42	0.5	0.58	0.5
negbin	2021-02-04	0.5	0.64	0.5	0.58	0.64
negbin	2021-02-04	0.6000000000000001	0.66	0.62	0.68	0.68
negbin	2021-02-04	0.7000000000000001	0.78	0.72	0.82	0.76
negbin	2021-02-04	0.8	0.78	0.8	0.84	0.88
negbin	2021-02-04	0.9	0.94	0.94	0.96	0.9
negbin	2021-02-04	1.0	1.0	1.0	1.0	1.0
negbin	2021-02-11	0.0	0.12	0.22	0.06	0.1
negbin	2021-02-11	0.1	0.26	0.28	0.26	0.1
negbin	2021-02-11	0.2	0.34	0.4	0.26	0.36
negbin	2021-02-11	0.30000000000000004	0.44	0.4	0.5	0.36
negbin	2021-02-11	0.4	0.5	0.4	0.5	0.36
negbin	2021-02-11	0.5	0.5	0.68	0.54	0.58
negbin	2021-02-11	0.6000000000000001	0.6	0.68	0.68	0.66
negbin	2021-02-11	0.7000000000000001	0.72	0.82	0.76	0.82
negbin	2021-02-11	0.8	0.84	0.84	0.88	0.86
negbin	2021-02-11	0.9	0.86	0.96	0.9	0.92
negbin	2021-02-11	1.0	1.0	1.0	1.0	1.0
negbin	2021-02-18	0.0	0.22	0.06	0.1	0.18
negbin	2021-02-18	0.1	0.28	0.26	0.1	0.36
negbin	2021-02-18	0.2	0.28	0.26	0.36	0.36
negbin	2021-02-18	0.30000000000000004	0.4	0.5	0.36	0.48
negbin	2021-02-18	0.4	0.4	0.5	0.36	0.64
negbin	2021-02-18	0.5	0.68	0.54	0.58	0.72
negbin	2021-02-18	0.6000000000000001	0.72	0.68	0.66	0.72
negbin	2021-02-18	0.7000000000000001	0.84	0.76	0.86	0.86
negbin	2021-02-18	0.8	0.86	0.88	0.88	0.86
negbin	2021-02-18	0.9	0.96	0.9	0.92	0.96
negbin	2021-02-18	1.0	1.0	1.0	1.0	1.0
negbin	2021-02-25	0.0	0.2	0.1	0.18	0.18
negbin	2021-02-25	0.1	0.28	0.2	0.18	0.28
negbin	2021-02-25	0.2	0.34	0.2	0.48	0.28
negbin	2021-02-25	0.30000000000000004	0.34	0.36	0.48	0.52
negbin	2021-02-25	0.4	0.54	0.36	0.56	0.52
negbin	2021-02-25	0.5	0.62	0.44	0.72	0.52
negbin	2021-02-25	0.6000000000000001	0.62	0.66	0.74	0.68
negbin	2021-02-25	0.7000000000000001	0.8	0.7	0.86	0.72
negbin	2021-02-25	0.8	0.82	0.88	0.9	0.8
negbin	2021-02-25	0.9	0.92	0.92	0.96	0.96
negbin	2021-02-25	1.0	1.0	1.0	1.0	1.0
negbin	2021-03-04	0.0	0.1	0.18	0.18	0.12
negbin	2021-03-04	0.1	0.2	0.18	0.28	0.28
negbin	2021-03-04	0.2	0.2	0.48	0.28	0.28
negbin	2021-03-04	0.30000000000000004	0.2	0.48	0.52	0.44
negbin	2021-03-04	0.4	0.44	0.56	0.52	0.5
negbin	2021-03-04	0.5	0.44	0.72	0.52	0.5
negbin	2021-03-04	0.6000000000000001	0.7	0.74	0.68	0.7
negbin	2021-03-04	0.7000000000000001	0.72	0.74	0.72	0.78
negbin	2021-03-04	0.8	0.92	0.9	0.8	0.88
negbin	2021-03-04	0.9	0.92	0.94	0.96	0.92
negbin	2021-03-04	1.0	1.0	1.0	1.0	1.0
negbin	2021-03-11	0.0	0.18	0.18	0.12	0.2
negbin	2021-03-11	0.1	0.18	0.28	0.28	0.38
negbin	2021-03-11	0.2	0.48	0.28	0.28	0.38
negbin	2021-03-11	0.30000000000000004	0.48	0.52	0.44	0.46
negbin	2021-03-11	0.4	0.56	0.52	0.5	0.62
negbin	2021-03-11	0.5	0.72	0.6	0.5	0.66
negbin	2021-03-11	0.6000000000000001	0.74	0.6	0.7	0.66
negbin	2021-03-11	0.7000000000000001	0.74	0.72	0.78	0.8
negbin	2021-03-11	0.8	0.9	0.8	0.88	0.84
negbin	2021-03-11	0.9	0.94	0.96	0.92	0.92
negbin	2021-03-11	1.0	1.0	1.0	1.0	1.0
negbin	2021-03-18	0.0	0.18	0.12	0.2	0.14
negbin	2021-03-18	0.1	0.28	0.28	0.38	0.22
negbin	2021-03-18	0.2	0.28	0.28	0.38	0.22
negbin	2021-03-18	0.30000000000000004	0.38	0.44	0.46	0.38
negbin	2021-03-18	0.4	0.52	0.5	0.62	0.48
negbin	2021-03-18	0.5	0.6	0.5	0.66	0.7
negbin	2021-03-18	0.6000000000000001	0.6	0.7	0.66	0.7
negbin	2021-03-18	0.7000000000000001	0.72	0.78	0.8	0.86
negbin	2021-03-18	0.8	0.8	0.88	0.84	0.9
negbin	2021-03-18	0.9	0.96	0.92	0.92	0.96
negbin	2021-03-18	1.0	1.0	1.0	1.0	1.0
negbin	2021-03-25	0.0	0.16	0.2	0.14	0.14
negbin	2021-03-25	0.1	0.28	0.38	0.22	0.26
negbin	2021-03-25	0.2	0.28	0.38	0.22	0.26
negbin	2021-03-25	0.30000000000000004	0.34	0.46	0.38	0.48
negbin	2021-03-25	0.4	0.5	0.62	0.48	0.48
negbin	2021-03-25	0.5	0.58	0.66	0.7	0.54
negbin	2021-03-25	0.6000000000000001	0.58	0.74	0.7	0.54
negbin	2021-03-25	0.7000000000000001	0.78	0.8	0.86	0.7
negbin	2021-03-25	0.8	0.88	0.84	0.9	0.78
negbin	2021-03-25	0.9	0.96	0.92	0.96	0.96
negbin	2021-03-25	1.0	1.0	1.0	1.0	1.0
negbin	2021-04-01	0.0	0.2	0.14	0.14	0.1
negbin	2021-04-01	0.1	0.2	0.22	0.26	0.24
negbin	2021-04-01	0.2	0.46	0.22	0.26	0.24
negbin	2021-04-01	0.30000000000000004	0.46	0.38	0.38	0.48
negbin	2021-04-01	0.4	0.46	0.48	0.48	0.48
negbin	2021-04-01	0.5	0.66	0.7	0.48	0.48
negbin	2021-04-01	0.6000000000000001	0.74	0.7	0.66	0.52
negbin	2021-04-01	0.7000000000000001	0.8	0.86	0.7	0.8
negbin	2021-04-01	0.8	0.84	0.9	0.78	0.84
negbin	2021-04-01	0.9	0.92	0.96	0.96	0.96
negbin	2021-04-01	1.0	1.0	1.0	1.0	1.0
negbin	2021-04-08	0.0	0.14	0.14	0.1	0.18
negbin	2021-04-08	0.1	0.22	0.26	0.24	0.32
negbin	2021-04-08	0.2	0.22	0.26	0.24	0.32
negbin	2021-04-08	0.30000000000000004	0.38	0.38	0.36	0.38
negbin	2021-04-08	0.4	0.48	0.48	0.48	0.5
negbin	2021-04-08	0.5	0.7	0.48	0.48	0.5
negbin	2021-04-08	0.6000000000000001	0.7	0.66	0.72	0.68
negbin	2021-04-08	0.7000000000000001	0.86	0.66	0.8	0.78
negbin	2021-04-08	0.8	0.9	0.7	0.8	0.84
negbin	2021-04-08	0.9	0.96	0.96	0.96	0.94
negbin	2021-04-08	1.0	1.0	1.0	1.0	1.0
negbin	2021-04-15	0.0	0.14	0.1	0.18	0.2
negbin	2021-04-15	0.1	0.26	0.24	0.32	0.36
negbin	2021-04-15	0.2	0.26	0.24	0.32	0.36
negbin	2021-04-15	0.30000000000000004	0.38	0.36	0.38	0.5
negbin	2021-04-15	0.4	0.48	0.48	0.5	0.6
negbin	2021-04-15	0.5	0.48	0.48	0.5	0.6
negbin	2021-04-15	0.6000000000000001	0.66	0.72	0.68	0.72
negbin	2021-04-15	0.7000000000000001	0.66	0.8	0.78	0.78
negbin	2021-04-15	0.8	0.7	0.84	0.84	0.82
negbin	2021-04-15	0.9	0.96	0.96	0.94	0.88
negbin	2021-04-15	1.0	1.0	1.0	1.0	1.0
negbin	2021-04-22	0.0	0.1	0.18	0.2	0.24
negbin	2021-04-22	0.1	0.1	0.18	0.2	0.42
negbin	2021-04-22	0.2	0.36	0.24	0.36	0.42
negbin	2021-04-22	0.30000000000000004	0.36	0.38	0.5	0.5
negbin	2021-04-22	0.4	0.36	0.38	0.6	0.58
negbin	2021-04-22	0.5	0.68	0.66	0.6	0.68
negbin	2021-04-22	0.6000000000000001	0.68	0.66	0.72	0.68
negbin	2021-04-22	0.7000000000000001	0.72	0.68	0.72	0.84
negbin	2021-04-22	0.8	0.88	0.84	0.78	0.9
negbin	2021-04-22	0.9	0.92	0.9	0.88	0.98
negbin	2021-04-22	1.0	1.0	1.0	1.0	1.0
negbin	2021-04-29	0.0	0.18	0.2	0.24	0.12
negbin	2021-04-29	0.1	0.24	0.2	0.42	0.28
negbin	2021-04-29	0.2	0.24	0.5	0.42	0.28
negbin	2021-04-29	0.30000000000000004	0.38	0.5	0.5	0.48
negbin	2021-04-29	0.4	0.38	0.6	0.58	0.48
negbin	2021-04-29	0.5	0.66	0.6	0.68	0.52
negbin	2021-04-29	0.6000000000000001	0.66	0.72	0.68	0.66
negbin	2021-04-29	0.7000000000000001	0.68	0.72	0.84	0.76
negbin	2021-04-29	0.8	0.84	0.78	0.9	0.92
negbin	2021-04-29	0.9	0.9	0.88	0.98	0.96
negbin	2021-04-29	1.0	1.0	1.0	1.0	1.0
negbin	2021-05-06	0.0	0.16	0.24	0.16	0.18
negbin	2021-05-06	0.1	0.36	0.32	0.16	0.24
negbin	2021-05-06	0.2	0.36	0.32	0.32	0.34
negbin	2021-05-06	0.30000000000000004	0.46	0.6	0.32	0.34
negbin	2021-05-06	0.4	0.6	0.6	0.36	0.56
negbin	2021-05-06	0.5	0.64	0.66	0.52	0.56
negbin	2021-05-06	0.6000000000000001	0.64	0.74	0.62	0.7
negbin	2021-05-06	0.7000000000000001	0.78	0.8	0.8	0.74
negbin	2021-05-06	0.8	0.82	0.9	0.84	0.82
negbin	2021-05-06	0.9	0.92	0.92	0.96	0.94
negbin	2021-05-06	1.0	1.0	1.0	1.0	1.0
negbin	2021-05-13	0.0	0.24	0.16	0.18	0.12
negbin	2021-05-13	0.1	0.24	0.28	0.24	0.18
negbin	2021-05-13	0.2	0.5	0.32	0.24	0.32
negbin	2021-05-13	0.30000000000000004	0.5	0.32	0.5	0.36
negbin	2021-05-13	0.4	0.6	0.52	0.5	0.54
negbin	2021-05-13	0.5	0.68	0.52	0.64	0.64
negbin	2021-05-13	0.6000000000000001	0.74	0.76	0.7	0.68
negbin	2021-05-13	0.7000000000000001	0.8	0.8	0.74	0.72
negbin	2021-05-13	0.8	0.9	0.84	0.82	0.76
negbin	2021-05-13	0.9	0.92	0.96	0.9	0.82
negbin	2021-05-13	1.0	1.0	1.0	1.0	1.0
negbin	2021-05-20	0.0	0.12	0.16	0.14	0.04
negbin	2021-05-20	0.1	0.12	0.22	0.26	0.12
negbin	2021-05-20	0.2	0.44	0.22	0.44	0.32
negbin	2021-05-20	0.30000000000000004	0.44	0.48	0.5	0.32
negbin	2021-05-20	0.4	0.48	0.48	0.5	0.58
negbin	2021-05-20	0.5	0.62	0.58	0.58	0.7
negbin	2021-05-20	0.6000000000000001	0.66	0.62	0.58	0.74
negbin	2021-05-20	0.7000000000000001	0.76	0.68	0.72	0.8
negbin	2021-05-20	0.8	0.92	0.8	0.76	0.86
negbin	2021-05-20	0.9	0.96	0.88	0.82	0.94
negbin	2021-05-20	1.0	1.0	1.0	1.0	1.0
negbin	2021-05-27	0.0	0.06	0.14	0.04	0.06
negbin	2021-05-27	0.1	0.22	0.26	0.12	0.2
negbin	2021-05-27	0.2	0.22	0.44	0.32	0.3
negbin	2021-05-27	0.30000000000000004	0.48	0.44	0.44	0.4
negbin	2021-05-27	0.4	0.48	0.5	0.58	0.6
negbin	2021-05-27	0.5	0.58	0.58	0.7	0.6
negbin	2021-05-27	0.6000000000000001	0.62	0.58	0.7	0.7
negbin	2021-05-27	0.7000000000000001	0.68	0.72	0.8	0.74
negbin	2021-05-27	0.8	0.8	0.76	0.86	0.92
negbin	2021-05-27	0.9	0.88	0.82	0.94	0.98
negbin	2021-05-27	1.0	1.0	1.0	1.0	1.0
negbin	2021-06-03	0.0	0.14	0.04	0.14	0.08
negbin	2021-06-03	0.1	0.26	0.12	0.24	0.1
negbin	2021-06-03	0.2	0.26	0.12	0.3	0.22
negbin	2021-06-03	0.30000000000000004	0.5	0.44	0.4	0.4
negbin	2021-06-03	0.4	0.5	0.44	0.5	0.4
negbin	2021-06-03	0.5	0.58	0.7	0.54	0.46
negbin	2021-06-03	0.6000000000000001	0.68	0.76	0.68	0.6
negbin	2021-06-03	0.7000000000000001	0.68	0.86	0.84	0.74
negbin	2021-06-03	0.8	0.76	0.88	0.88	0.78
negbin	2021-06-03	0.9	0.82	0.96	0.98	0.84
negbin	2021-06-03	1.0	1.0	1.0	1.0	1.0
negbin	2021-06-10	0.0	0.08	0.1	0.02	0.14
negbin	2021-06-10	0.1	0.2	0.24	0.1	0.18
negbin	2021-06-10	0.2	0.24	0.34	0.18	0.34
negbin	2021-06-10	0.30000000000000004	0.36	0.44	0.34	0.38
negbin	2021-06-10	0.4	0.56	0.44	0.44	0.42
negbin	2021-06-10	0.5	0.62	0.58	0.58	0.52
negbin	2021-06-10	0.6000000000000001	0.82	0.68	0.68	0.66
negbin	2021-06-10	0.7000000000000001	0.84	0.82	0.7	0.78
negbin	2021-06-10	0.8	0.94	0.9	0.8	0.84
negbin	2021-06-10	0.9	1.0	1.0	0.92	0.88
negbin	2021-06-10	1.0	1.0	1.0	1.0	1.0
negbin	2021-06-17	0.0	0.1	0.02	0.04	0.08
negbin	2021-06-17	0.1	0.24	0.1	0.18	0.22
negbin	2021-06-17	0.2	0.34	0.3	0.34	0.22
negbin	2021-06-17	0.30000000000000004	0.44	0.3	0.34	0.42
negbin	2021-06-17	0.4	0.44	0.44	0.42	0.46
negbin	2021-06-17	0.5	0.58	0.58	0.58	0.54
negbin	2021-06-17	0.6000000000000001	0.68	0.68	0.66	0.7
negbin	2021-06-17	0.7000000000000001	0.82	0.7	0.78	0.7
negbin	2021-06-17	0.8	0.9	0.8	0.82	0.86
negbin	2021-06-17	0.9	1.0	0.86	0.88	0.92
negbin	2021-06-17	1.0	1.0	1.0	1.0	1.0
negbin	2021-06-24	0.0	0.08	0.04	0.08	0.04
negbin	2021-06-24	0.1	0.1	0.18	0.12	0.1
negbin	2021-06-24	0.2	0.3	0.34	0.22	0.14
negbin	2021-06-24	0.30000000000000004	0.3	0.34	0.42	0.22
negbin	2021-06-24	0.4	0.44	0.42	0.46	0.38
negbin	2021-06-24	0.5	0.58	0.52	0.62	0.42
negbin	2021-06-24	0.6000000000000001	0.6	0.66	0.62	0.56
negbin	2021-06-24	0.7000000000000001	0.68	0.78	0.74	0.72
negbin	2021-06-24	0.8	0.8	0.82	0.86	0.92
negbin	2021-06-24	0.9	0.86	0.88	0.92	0.96
negbin	2021-06-24	1.0	1.0	1.0	1.0	1.0
negbin	2021-07-01	0.0	0.14	0.08	0.04	0.06
negbin	2021-07-01	0.1	0.18	0.12	0.1	0.2
negbin	2021-07-01	0.2	0.34	0.22	0.18	0.48
negbin	2021-07-01	0.30000000000000004	0.34	0.42	0.22	0.54
negbin	2021-07-01	0.4	0.42	0.46	0.38	0.62
negbin	2021-07-01	0.5	0.52	0.54	0.42	0.68
negbin	2021-07-01	0.6000000000000001	0.66	0.62	0.56	0.76
negbin	2021-07-01	0.7000000000000001	0.78	0.7	0.72	0.82
negbin	2021-07-01	0.8	0.82	0.86	0.92	0.9
negbin	2021-07-01	0.9	0.88	0.92	0.96	0.94
negbin	2021-07-01	1.0	1.0	1.0	1.0	1.0
negbin	2021-07-08	0.0	0.08	0.06	0.14	0.12
negbin	2021-07-08	0.1	0.22	0.1	0.2	0.2
negbin	2021-07-08	0.2	0.22	0.18	0.48	0.2
negbin	2021-07-08	0.30000000000000004	0.42	0.18	0.48	0.42
negbin	2021-07-08	0.4	0.46	0.38	0.62	0.48
negbin	2021-07-08	0.5	0.54	0.5	0.74	0.5
negbin	2021-07-08	0.6000000000000001	0.7	0.56	0.76	0.62
negbin	2021-07-08	0.7000000000000001	0.7	0.72	0.82	0.74
negbin	2021-07-08	0.8	0.86	0.88	0.84	0.84
negbin	2021-07-08	0.9	0.92	0.96	0.94	0.88
negbin	2021-07-08	1.0	1.0	1.0	1.0	1.0
negbin	2021-07-15	0.0	0.06	0.14	0.12	0.06
negbin	2021-07-15	0.1	0.1	0.2	0.2	0.12
negbin	2021-07-15	0.2	0.18	0.48	0.2	0.22
negbin	2021-07-15	0.30000000000000004	0.18	0.48	0.42	0.44
negbin	2021-07-15	0.4	0.38	0.62	0.48	0.44
negbin	2021-07-15	0.5	0.5	0.74	0.5	0.54
negbin	2021-07-15	0.6000000000000001	0.56	0.76	0.62	0.6
negbin	2021-07-15	0.7000000000000001	0.72	0.82	0.74	0.6
negbin	2021-07-15	0.8	0.88	0.84	0.84	0.72
negbin	2021-07-15	0.9	0.96	0.94	0.88	0.8
negbin	2021-07-15	1.0	1.0	1.0	1.0	1.0
negbin	2021-07-22	0.0	0.06	0.12	0.06	0.14
negbin	2021-07-22	0.1	0.2	0.2	0.12	0.26
negbin	2021-07-22	0.2	0.34	0.2	0.32	0.26
negbin	2021-07-22	0.30000000000000004	0.54	0.42	0.32	0.46
negbin	2021-07-22	0.4	0.62	0.44	0.44	0.58
negbin	2021-07-22	0.5	0.68	0.5	0.54	0.6
negbin	2021-07-22	0.6000000000000001	0.76	0.62	0.58	0.62
negbin	2021-07-22	0.7000000000000001	0.82	0.8	0.6	0.78
negbin	2021-07-22	0.8	0.9	0.82	0.78	0.82
negbin	2021-07-22	0.9	0.94	0.88	0.8	0.94
negbin	2021-07-22	1.0	1.0	1.0	1.0	1.0
negbin	2021-07-29	0.0	0.12	0.06	0.14	0.1
negbin	2021-07-29	0.1	0.2	0.12	0.18	0.2
negbin	2021-07-29	0.2	0.2	0.32	0.26	0.36
negbin	2021-07-29	0.30000000000000004	0.42	0.32	0.46	0.36
negbin	2021-07-29	0.4	0.44	0.44	0.58	0.5
negbin	2021-07-29	0.5	0.5	0.54	0.58	0.58
negbin	2021-07-29	0.6000000000000001	0.62	0.58	0.62	0.62
negbin	2021-07-29	0.7000000000000001	0.74	0.6	0.7	0.68
negbin	2021-07-29	0.8	0.82	0.78	0.82	0.8
negbin	2021-07-29	0.9	0.88	0.8	0.92	0.84
negbin	2021-07-29	1.0	1.0	1.0	1.0	1.0
negbin	2021-08-05	0.0	0.06	0.14	0.1	0.1
negbin	2021-08-05	0.1	0.12	0.18	0.2	0.18
negbin	2021-08-05	0.2	0.32	0.38	0.36	0.18
negbin	2021-08-05	0.30000000000000004	0.32	0.46	0.36	0.22
negbin	2021-08-05	0.4	0.44	0.5	0.5	0.36
negbin	2021-08-05	0.5	0.54	0.58	0.58	0.36
negbin	2021-08-05	0.6000000000000001	0.58	0.62	0.62	0.46
negbin	2021-08-05	0.7000000000000001	0.6	0.7	0.68	0.52
negbin	2021-08-05	0.8	0.72	0.82	0.8	0.68
negbin	2021-08-05	0.9	0.8	0.92	0.9	0.78
negbin	2021-08-05	1.0	1.0	1.0	1.0	1.0
negbin	2021-08-12	0.0	0.14	0.1	0.1	0.02
negbin	2021-08-12	0.1	0.26	0.2	0.18	0.08
negbin	2021-08-12	0.2	0.26	0.36	0.18	0.08
negbin	2021-08-12	0.30000000000000004	0.46	0.36	0.22	0.1
negbin	2021-08-12	0.4	0.58	0.54	0.36	0.2
negbin	2021-08-12	0.5	0.6	0.58	0.36	0.22
negbin	2021-08-12	0.6000000000000001	0.66	0.62	0.46	0.3
negbin	2021-08-12	0.7000000000000001	0.78	0.72	0.52	0.36
negbin	2021-08-12	0.8	0.82	0.8	0.7	0.52
negbin	2021-08-12	0.9	0.94	0.94	0.78	0.62
negbin	2021-08-12	1.0	1.0	1.0	1.0	1.0
negbin	2021-08-19	0.0	0.1	0.1	0.02	0.04
negbin	2021-08-19	0.1	0.2	0.16	0.06	0.12
negbin	2021-08-19	0.2	0.36	0.2	0.1	0.12
negbin	2021-08-19	0.30000000000000004	0.5	0.22	0.1	0.16
negbin	2021-08-19	0.4	0.5	0.3	0.16	0.24
negbin	2021-08-19	0.5	0.58	0.44	0.28	0.26
negbin	2021-08-19	0.6000000000000001	0.66	0.44	0.3	0.26
negbin	2021-08-19	0.7000000000000001	0.74	0.52	0.36	0.34
negbin	2021-08-19	0.8	0.8	0.68	0.5	0.42
negbin	2021-08-19	0.9	0.9	0.88	0.72	0.52
negbin	2021-08-19	1.0	1.0	1.0	1.0	1.0
negbin	2021-08-26	0.0	0.08	0.06	0.06	0.08
negbin	2021-08-26	0.1	0.1	0.14	0.1	0.16
negbin	2021-08-26	0.2	0.24	0.16	0.12	0.18
negbin	2021-08-26	0.30000000000000004	0.24	0.26	0.12	0.36
negbin	2021-08-26	0.4	0.4	0.26	0.24	0.48
negbin	2021-08-26	0.5	0.56	0.4	0.38	0.48
negbin	2021-08-26	0.6000000000000001	0.58	0.5	0.38	0.6
negbin	2021-08-26	0.7000000000000001	0.72	0.5	0.48	0.72
negbin	2021-08-26	0.8	0.82	0.66	0.66	0.84
negbin	2021-08-26	0.9	0.9	0.82	0.78	0.92
negbin	2021-08-26	1.0	1.0	1.0	1.0	1.0
negbin	2021-09-02	0.0	0.12	0.08	0.12	0.08
negbin	2021-09-02	0.1	0.18	0.16	0.2	0.1
negbin	2021-09-02	0.2	0.26	0.24	0.3	0.24
negbin	2021-09-02	0.30000000000000004	0.34	0.4	0.44	0.44
negbin	2021-09-02	0.4	0.5	0.4	0.62	0.44
negbin	2021-09-02	0.5	0.5	0.58	0.62	0.58
negbin	2021-09-02	0.6000000000000001	0.66	0.62	0.78	0.64
negbin	2021-09-02	0.7000000000000001	0.7	0.64	0.82	0.74
negbin	2021-09-02	0.8	0.76	0.8	0.86	0.86
negbin	2021-09-02	0.9	0.84	0.86	0.92	0.94
negbin	2021-09-02	1.0	1.0	1.0	1.0	1.0
negbin	2021-09-09	0.0	0.16	0.1	0.16	0.06
negbin	2021-09-09	0.1	0.24	0.2	0.24	0.18
negbin	2021-09-09	0.2	0.24	0.28	0.26	0.24
negbin	2021-09-09	0.30000000000000004	0.44	0.4	0.32	0.32
negbin	2021-09-09	0.4	0.52	0.42	0.4	0.4
negbin	2021-09-09	0.5	0.54	0.5	0.54	0.54
negbin	2021-09-09	0.6000000000000001	0.54	0.64	0.66	0.54
negbin	2021-09-09	0.7000000000000001	0.7	0.74	0.74	0.72
negbin	2021-09-09	0.8	0.74	0.82	0.86	0.84
negbin	2021-09-09	0.9	0.86	0.88	0.9	0.92
negbin	2021-09-09	1.0	1.0	1.0	1.0	1.0
negbin	2021-09-16	0.0	0.1	0.16	0.06	0.1
negbin	2021-09-16	0.1	0.1	0.24	0.24	0.16
negbin	2021-09-16	0.2	0.28	0.26	0.24	0.26
negbin	2021-09-16	0.30000000000000004	0.4	0.32	0.4	0.32
negbin	2021-09-16	0.4	0.42	0.4	0.4	0.48
negbin	2021-09-16	0.5	0.5	0.66	0.54	0.56
negbin	2021-09-16	0.6000000000000001	0.66	0.66	0.56	0.66
negbin	2021-09-16	0.7000000000000001	0.66	0.74	0.76	0.74
negbin	2021-09-16	0.8	0.82	0.86	0.76	0.82
negbin	2021-09-16	0.9	0.92	0.9	0.86	0.92
negbin	2021-09-16	1.0	1.0	1.0	1.0	1.0
negbin	2021-09-23	0.0	0.16	0.06	0.1	0.08
negbin	2021-09-23	0.1	0.24	0.18	0.16	0.14
negbin	2021-09-23	0.2	0.26	0.24	0.26	0.18
negbin	2021-09-23	0.30000000000000004	0.32	0.32	0.42	0.3
negbin	2021-09-23	0.4	0.4	0.4	0.48	0.34
negbin	2021-09-23	0.5	0.52	0.54	0.56	0.46
negbin	2021-09-23	0.6000000000000001	0.66	0.54	0.66	0.48
negbin	2021-09-23	0.7000000000000001	0.74	0.72	0.74	0.62
negbin	2021-09-23	0.8	0.8	0.84	0.82	0.64
negbin	2021-09-23	0.9	0.9	0.92	0.92	0.82
negbin	2021-09-23	1.0	1.0	1.0	1.0	1.0
negbin	2021-09-30	0.0	0.08	0.1	0.08	0.08
negbin	2021-09-30	0.1	0.2	0.18	0.16	0.26
negbin	2021-09-30	0.2	0.28	0.28	0.2	0.26
negbin	2021-09-30	0.30000000000000004	0.34	0.34	0.42	0.4
negbin	2021-09-30	0.4	0.5	0.44	0.42	0.46
negbin	2021-09-30	0.5	0.56	0.58	0.48	0.64
negbin	2021-09-30	0.6000000000000001	0.72	0.58	0.52	0.64
negbin	2021-09-30	0.7000000000000001	0.78	0.72	0.68	0.7
negbin	2021-09-30	0.8	0.86	0.88	0.8	0.86
negbin	2021-09-30	0.9	0.94	0.94	0.9	0.94
negbin	2021-09-30	1.0	1.0	1.0	1.0	1.0
negbin	2021-10-07	0.0	0.08	0.14	0.08	0.02
negbin	2021-10-07	0.1	0.14	0.22	0.16	0.18
negbin	2021-10-07	0.2	0.24	0.22	0.24	0.24
negbin	2021-10-07	0.30000000000000004	0.32	0.3	0.42	0.34
negbin	2021-10-07	0.4	0.42	0.34	0.52	0.34
negbin	2021-10-07	0.5	0.42	0.46	0.62	0.4
negbin	2021-10-07	0.6000000000000001	0.6	0.54	0.62	0.54
negbin	2021-10-07	0.7000000000000001	0.66	0.68	0.82	0.56
negbin	2021-10-07	0.8	0.76	0.8	0.92	0.66
negbin	2021-10-07	0.9	0.94	0.88	1.0	0.8
negbin	2021-10-07	1.0	1.0	1.0	1.0	1.0
negbin	2021-10-14	0.0	0.14	0.08	0.16	0.06
negbin	2021-10-14	0.1	0.14	0.26	0.18	0.12
negbin	2021-10-14	0.2	0.22	0.34	0.28	0.2
negbin	2021-10-14	0.30000000000000004	0.22	0.38	0.34	0.2
negbin	2021-10-14	0.4	0.42	0.46	0.38	0.32
negbin	2021-10-14	0.5	0.46	0.7	0.38	0.32
negbin	2021-10-14	0.6000000000000001	0.54	0.76	0.54	0.4
negbin	2021-10-14	0.7000000000000001	0.62	0.9	0.64	0.5
negbin	2021-10-14	0.8	0.8	0.9	0.66	0.6
negbin	2021-10-14	0.9	0.9	0.98	0.8	0.74
negbin	2021-10-14	1.0	1.0	1.0	1.0	1.0
negbin	2021-10-21	0.0	0.08	0.02	0.06	0.0
negbin	2021-10-21	0.1	0.16	0.18	0.08	0.0
negbin	2021-10-21	0.2	0.34	0.24	0.14	0.02
negbin	2021-10-21	0.30000000000000004	0.42	0.34	0.14	0.02
negbin	2021-10-21	0.4	0.46	0.38	0.2	0.12
negbin	2021-10-21	0.5	0.56	0.4	0.32	0.12
negbin	2021-10-21	0.6000000000000001	0.76	0.54	0.32	0.12
negbin	2021-10-21	0.7000000000000001	0.82	0.56	0.4	0.2
negbin	2021-10-21	0.8	0.9	0.66	0.5	0.28
negbin	2021-10-21	0.9	0.98	0.8	0.6	0.34
negbin	2021-10-21	1.0	1.0	1.0	1.0	1.0
negbin	2021-10-28	0.0	0.04	0.12	0.1	0.02
negbin	2021-10-28	0.1	0.14	0.2	0.1	0.02
negbin	2021-10-28	0.2	0.28	0.26	0.12	0.04
negbin	2021-10-28	0.30000000000000004	0.44	0.32	0.2	0.04
negbin	2021-10-28	0.4	0.46	0.42	0.28	0.08
negbin	2021-10-28	0.5	0.56	0.48	0.28	0.2
negbin	2021-10-28	0.6000000000000001	0.62	0.6	0.34	0.2
negbin	2021-10-28	0.7000000000000001	0.74	0.74	0.34	0.26
negbin	2021-10-28	0.8	0.86	0.74	0.42	0.42
negbin	2021-10-28	0.9	0.88	0.94	0.54	0.52
negbin	2021-10-28	1.0	1.0	1.0	1.0	1.0
negbin	2021-11-04	0.0	0.08	0.08	0.04	0.04
negbin	2021-11-04	0.1	0.18	0.16	0.16	0.06
negbin	2021-11-04	0.2	0.3	0.22	0.18	0.08
negbin	2021-11-04	0.30000000000000004	0.4	0.22	0.24	0.12
negbin	2021-11-04	0.4	0.46	0.3	0.26	0.12
negbin	2021-11-04	0.5	0.46	0.4	0.42	0.28
negbin	2021-11-04	0.6000000000000001	0.66	0.54	0.52	0.38
negbin	2021-11-04	0.7000000000000001	0.72	0.54	0.52	0.4
negbin	2021-11-04	0.8	0.94	0.7	0.6	0.6
negbin	2021-11-04	0.9	0.98	0.7	0.7	0.72
negbin	2021-11-04	1.0	1.0	1.0	1.0	1.0
negbin	2021-11-11	0.0	0.06	0.06	0.02	0.0
negbin	2021-11-11	0.1	0.14	0.18	0.06	0.02
negbin	2021-11-11	0.2	0.14	0.34	0.1	0.02
negbin	2021-11-11	0.30000000000000004	0.3	0.38	0.24	0.12
negbin	2021-11-11	0.4	0.3	0.48	0.26	0.12
negbin	2021-11-11	0.5	0.42	0.5	0.36	0.14
negbin	2021-11-11	0.6000000000000001	0.52	0.52	0.36	0.14
negbin	2021-11-11	0.7000000000000001	0.68	0.6	0.58	0.22
negbin	2021-11-11	0.8	0.7	0.7	0.72	0.34
negbin	2021-11-11	0.9	0.94	0.7	0.84	0.66
negbin	2021-11-11	1.0	1.0	1.0	1.0	1.0
negbin	2021-11-18	0.0	0.16	0.14	0.1	0.14
negbin	2021-11-18	0.1	0.22	0.14	0.1	0.2
negbin	2021-11-18	0.2	0.32	0.28	0.12	0.28
negbin	2021-11-18	0.30000000000000004	0.32	0.28	0.12	0.32
negbin	2021-11-18	0.4	0.44	0.5	0.2	0.42
negbin	2021-11-18	0.5	0.56	0.54	0.22	0.42
negbin	2021-11-18	0.6000000000000001	0.56	0.66	0.34	0.5
negbin	2021-11-18	0.7000000000000001	0.68	0.68	0.34	0.66
negbin	2021-11-18	0.8	0.7	0.8	0.64	0.68
negbin	2021-11-18	0.9	0.92	0.92	0.74	0.74
negbin	2021-11-18	1.0	1.0	1.0	1.0	1.0
negbin	2021-11-25	0.0	0.1	0.02	0.08	0.06
negbin	2021-11-25	0.1	0.24	0.12	0.22	0.22
negbin	2021-11-25	0.2	0.44	0.2	0.28	0.22
negbin	2021-11-25	0.30000000000000004	0.48	0.2	0.34	0.38
negbin	2021-11-25	0.4	0.48	0.32	0.38	0.38
negbin	2021-11-25	0.5	0.62	0.32	0.42	0.52
negbin	2021-11-25	0.6000000000000001	0.66	0.64	0.62	0.52
negbin	2021-11-25	0.7000000000000001	0.78	0.64	0.66	0.6
negbin	2021-11-25	0.8	0.8	0.74	0.72	0.6
negbin	2021-11-25	0.9	0.92	0.74	0.96	0.76
negbin	2021-11-25	1.0	1.0	1.0	1.0	1.0
negbin	2021-12-02	0.0	0.08	0.06	0.08	0.02
negbin	2021-12-02	0.1	0.1	0.1	0.2	0.1
negbin	2021-12-02	0.2	0.22	0.18	0.26	0.14
negbin	2021-12-02	0.30000000000000004	0.32	0.34	0.26	0.3
negbin	2021-12-02	0.4	0.32	0.48	0.34	0.3
negbin	2021-12-02	0.5	0.62	0.48	0.44	0.36
negbin	2021-12-02	0.6000000000000001	0.62	0.6	0.44	0.36
negbin	2021-12-02	0.7000000000000001	0.72	0.64	0.74	0.62
negbin	2021-12-02	0.8	0.74	0.9	0.76	0.8
negbin	2021-12-02	0.9	0.82	0.94	0.86	0.82
negbin	2021-12-02	1.0	1.0	1.0	1.0	1.0
negbin	2021-12-09	0.0	0.04	0.12	0.08	0.04
negbin	2021-12-09	0.1	0.1	0.2	0.1	0.1
negbin	2021-12-09	0.2	0.1	0.2	0.22	0.18
negbin	2021-12-09	0.30000000000000004	0.34	0.26	0.26	0.26
negbin	2021-12-09	0.4	0.34	0.26	0.3	0.32
negbin	2021-12-09	0.5	0.54	0.4	0.34	0.36
negbin	2021-12-09	0.6000000000000001	0.6	0.44	0.6	0.52
negbin	2021-12-09	0.7000000000000001	0.82	0.74	0.6	0.58
negbin	2021-12-09	0.8	0.9	0.84	0.8	0.72
negbin	2021-12-09	0.9	0.94	0.86	0.94	0.86
negbin	2021-12-09	1.0	1.0	1.0	1.0	1.0
negbin	2021-12-16	0.0	0.12	0.08	0.04	0.08
negbin	2021-12-16	0.1	0.2	0.08	0.04	0.16
negbin	2021-12-16	0.2	0.2	0.22	0.18	0.22
negbin	2021-12-16	0.30000000000000004	0.26	0.26	0.26	0.36
negbin	2021-12-16	0.4	0.32	0.3	0.32	0.44
negbin	2021-12-16	0.5	0.4	0.34	0.36	0.6
negbin	2021-12-16	0.6000000000000001	0.44	0.6	0.52	0.6
negbin	2021-12-16	0.7000000000000001	0.6	0.6	0.52	0.78
negbin	2021-12-16	0.8	0.84	0.8	0.72	0.78
negbin	2021-12-16	0.9	0.86	0.94	0.86	0.84
negbin	2021-12-16	1.0	1.0	1.0	1.0	1.0
negbin	2021-12-23	0.0	0.12	0.08	0.08	0.06
negbin	2021-12-23	0.1	0.2	0.12	0.16	0.08
negbin	2021-12-23	0.2	0.24	0.18	0.3	0.12
negbin	2021-12-23	0.30000000000000004	0.26	0.24	0.36	0.18
negbin	2021-12-23	0.4	0.5	0.38	0.5	0.36
negbin	2021-12-23	0.5	0.54	0.46	0.58	0.4
negbin	2021-12-23	0.6000000000000001	0.76	0.62	0.6	0.58
negbin	2021-12-23	0.7000000000000001	0.76	0.62	0.78	0.58
negbin	2021-12-23	0.8	0.9	0.82	0.82	0.72
negbin	2021-12-23	0.9	0.92	0.86	0.84	0.88
negbin	2021-12-23	1.0	1.0	1.0	1.0	1.0
negbin	2021-12-30	0.0	0.06	0.14	0.02	0.1
negbin	2021-12-30	0.1	0.06	0.28	0.2	0.22
negbin	2021-12-30	0.2	0.28	0.36	0.26	0.22
negbin	2021-12-30	0.30000000000000004	0.28	0.36	0.42	0.4
negbin	2021-12-30	0.4	0.44	0.62	0.46	0.5
negbin	2021-12-30	0.5	0.44	0.62	0.46	0.62
negbin	2021-12-30	0.6000000000000001	0.5	0.68	0.66	0.62
negbin	2021-12-30	0.7000000000000001	0.7	0.8	0.7	0.76
negbin	2021-12-30	0.8	0.74	0.82	0.88	0.76
negbin	2021-12-30	0.9	0.92	0.88	0.96	0.94
negbin	2021-12-30	1.0	1.0	1.0	1.0	1.0
negbin	2022-01-06	0.0	0.14	0.18	0.12	0.16
negbin	2022-01-06	0.1	0.28	0.34	0.26	0.26
negbin	2022-01-06	0.2	0.28	0.36	0.26	0.36
negbin	2022-01-06	0.30000000000000004	0.54	0.36	0.48	0.42
negbin	2022-01-06	0.4	0.54	0.56	0.52	0.42
negbin	2022-01-06	0.5	0.62	0.56	0.66	0.56
negbin	2022-01-06	0.6000000000000001	0.66	0.76	0.76	0.58
negbin	2022-01-06	0.7000000000000001	0.72	0.82	0.76	0.74
negbin	2022-01-06	0.8	0.86	0.94	0.92	0.82
negbin	2022-01-06	0.9	0.88	0.96	0.98	0.88
negbin	2022-01-06	1.0	1.0	1.0	1.0	1.0
negbin	2022-01-13	0.0	0.16	0.14	0.16	0.1
negbin	2022-01-13	0.1	0.34	0.14	0.26	0.16
negbin	2022-01-13	0.2	0.34	0.38	0.36	0.3
negbin	2022-01-13	0.30000000000000004	0.5	0.38	0.46	0.34
negbin	2022-01-13	0.4	0.5	0.62	0.52	0.34
negbin	2022-01-13	0.5	0.56	0.66	0.52	0.52
negbin	2022-01-13	0.6000000000000001	0.72	0.66	0.72	0.54
negbin	2022-01-13	0.7000000000000001	0.76	0.92	0.74	0.76
negbin	2022-01-13	0.8	0.9	0.92	0.8	0.9
negbin	2022-01-13	0.9	0.96	0.96	0.92	0.9
negbin	2022-01-13	1.0	1.0	1.0	1.0	1.0
negbin	2022-01-20	0.0	0.12	0.1	0.1	0.1
negbin	2022-01-20	0.1	0.26	0.2	0.24	0.14
negbin	2022-01-20	0.2	0.26	0.36	0.3	0.14
negbin	2022-01-20	0.30000000000000004	0.4	0.36	0.42	0.4
negbin	2022-01-20	0.4	0.52	0.62	0.46	0.48
negbin	2022-01-20	0.5	0.78	0.62	0.46	0.58
negbin	2022-01-20	0.6000000000000001	0.78	0.74	0.7	0.58
negbin	2022-01-20	0.7000000000000001	0.82	0.78	0.72	0.78
negbin	2022-01-20	0.8	0.96	0.8	0.86	0.78
negbin	2022-01-20	0.9	0.96	0.9	0.96	0.9
negbin	2022-01-20	1.0	1.0	1.0	1.0	1.0
negbin	2022-01-27	0.0	0.1	0.12	0.14	0.12
negbin	2022-01-27	0.1	0.1	0.26	0.24	0.22
negbin	2022-01-27	0.2	0.36	0.26	0.34	0.3
negbin	2022-01-27	0.30000000000000004	0.36	0.54	0.34	0.3
negbin	2022-01-27	0.4	0.52	0.54	0.38	0.54
negbin	2022-01-27	0.5	0.58	0.7	0.68	0.58
negbin	2022-01-27	0.6000000000000001	0.68	0.7	0.68	0.66
negbin	2022-01-27	0.7000000000000001	0.76	0.74	0.88	0.74
negbin	2022-01-27	0.8	0.82	0.86	0.88	0.9
negbin	2022-01-27	0.9	0.92	0.92	0.98	0.96
negbin	2022-01-27	1.0	1.0	1.0	1.0	1.0
negbin	2022-02-03	0.0	0.12	0.14	0.1	0.08
negbin	2022-02-03	0.1	0.12	0.24	0.22	0.18
negbin	2022-02-03	0.2	0.44	0.34	0.22	0.3
negbin	2022-02-03	0.30000000000000004	0.44	0.34	0.5	0.3
negbin	2022-02-03	0.4	0.54	0.56	0.5	0.46
negbin	2022-02-03	0.5	0.64	0.56	0.62	0.56
negbin	2022-02-03	0.6000000000000001	0.7	0.8	0.66	0.72
negbin	2022-02-03	0.7000000000000001	0.74	0.88	0.74	0.78
negbin	2022-02-03	0.8	0.86	0.88	0.9	0.92
negbin	2022-02-03	0.9	0.88	0.98	0.96	0.96
negbin	2022-02-03	1.0	1.0	1.0	1.0	1.0
negbin	2022-02-10	0.0	0.14	0.12	0.08	0.08
negbin	2022-02-10	0.1	0.14	0.22	0.08	0.18
negbin	2022-02-10	0.2	0.34	0.22	0.3	0.26
negbin	2022-02-10	0.30000000000000004	0.34	0.5	0.3	0.42
negbin	2022-02-10	0.4	0.56	0.5	0.46	0.5
negbin	2022-02-10	0.5	0.56	0.62	0.56	0.66
negbin	2022-02-10	0.6000000000000001	0.68	0.66	0.72	0.74
negbin	2022-02-10	0.7000000000000001	0.88	0.74	0.78	0.86
negbin	2022-02-10	0.8	0.88	0.9	0.92	0.86
negbin	2022-02-10	0.9	0.98	0.96	0.96	0.94
negbin	2022-02-10	1.0	1.0	1.0	1.0	1.0
negbin	2022-02-17	0.0	0.1	0.1	0.1	0.06
negbin	2022-02-17	0.1	0.1	0.18	0.18	0.14
negbin	2022-02-17	0.2	0.42	0.18	0.34	0.22
negbin	2022-02-17	0.30000000000000004	0.42	0.4	0.42	0.28
negbin	2022-02-17	0.4	0.58	0.4	0.58	0.36
negbin	2022-02-17	0.5	0.58	0.62	0.66	0.5
negbin	2022-02-17	0.6000000000000001	0.62	0.72	0.74	0.5
negbin	2022-02-17	0.7000000000000001	0.74	0.92	0.84	0.66
negbin	2022-02-17	0.8	0.82	0.92	0.9	0.72
negbin	2022-02-17	0.9	0.96	0.94	0.94	0.88
negbin	2022-02-17	1.0	1.0	1.0	1.0	1.0
negbin	2022-02-24	0.0	0.1	0.1	0.06	0.06
negbin	2022-02-24	0.1	0.18	0.18	0.14	0.24
negbin	2022-02-24	0.2	0.18	0.34	0.22	0.32
negbin	2022-02-24	0.30000000000000004	0.4	0.42	0.28	0.38
negbin	2022-02-24	0.4	0.4	0.58	0.36	0.48
negbin	2022-02-24	0.5	0.62	0.66	0.44	0.52
negbin	2022-02-24	0.6000000000000001	0.72	0.76	0.5	0.62
negbin	2022-02-24	0.7000000000000001	0.78	0.84	0.66	0.76
negbin	2022-02-24	0.8	0.92	0.9	0.72	0.8
negbin	2022-02-24	0.9	0.96	0.92	0.88	0.9
negbin	2022-02-24	1.0	1.0	1.0	1.0	1.0
negbin	2022-03-03	0.0	0.1	0.08	0.06	0.06
negbin	2022-03-03	0.1	0.26	0.14	0.24	0.18
negbin	2022-03-03	0.2	0.34	0.2	0.24	0.3
negbin	2022-03-03	0.30000000000000004	0.34	0.28	0.38	0.42
negbin	2022-03-03	0.4	0.58	0.28	0.48	0.42
negbin	2022-03-03	0.5	0.58	0.44	0.58	0.66
negbin	2022-03-03	0.6000000000000001	0.76	0.5	0.62	0.72
negbin	2022-03-03	0.7000000000000001	0.84	0.66	0.76	0.84
negbin	2022-03-03	0.8	0.9	0.72	0.78	0.86
negbin	2022-03-03	0.9	0.94	0.88	0.9	0.94
negbin	2022-03-03	1.0	1.0	1.0	1.0	1.0
negbin	2022-03-10	0.0	0.06	0.06	0.12	0.08
negbin	2022-03-10	0.1	0.14	0.24	0.18	0.14
negbin	2022-03-10	0.2	0.22	0.32	0.18	0.14
negbin	2022-03-10	0.30000000000000004	0.28	0.38	0.42	0.44
negbin	2022-03-10	0.4	0.36	0.48	0.52	0.44
negbin	2022-03-10	0.5	0.44	0.58	0.66	0.54
negbin	2022-03-10	0.6000000000000001	0.5	0.62	0.72	0.6
negbin	2022-03-10	0.7000000000000001	0.66	0.76	0.84	0.76
negbin	2022-03-10	0.8	0.72	0.78	0.86	0.76
negbin	2022-03-10	0.9	0.88	0.9	0.94	0.88
negbin	2022-03-10	1.0	1.0	1.0	1.0	1.0
negbin	2022-03-17	0.0	0.06	0.12	0.06	0.12
negbin	2022-03-17	0.1	0.24	0.18	0.14	0.32
negbin	2022-03-17	0.2	0.32	0.3	0.14	0.44
negbin	2022-03-17	0.30000000000000004	0.38	0.42	0.44	0.52
negbin	2022-03-17	0.4	0.48	0.52	0.48	0.56
negbin	2022-03-17	0.5	0.52	0.66	0.54	0.64
negbin	2022-03-17	0.6000000000000001	0.62	0.72	0.6	0.68
negbin	2022-03-17	0.7000000000000001	0.76	0.84	0.76	0.74
negbin	2022-03-17	0.8	0.78	0.86	0.76	0.76
negbin	2022-03-17	0.9	0.9	0.94	0.88	0.94
negbin	2022-03-17	1.0	1.0	1.0	1.0	1.0
negbin	2022-03-24	0.0	0.12	0.06	0.12	0.06
negbin	2022-03-24	0.1	0.18	0.14	0.32	0.06
negbin	2022-03-24	0.2	0.3	0.24	0.44	0.18
negbin	2022-03-24	0.30000000000000004	0.3	0.24	0.44	0.22
negbin	2022-03-24	0.4	0.52	0.48	0.56	0.3
negbin	2022-03-24	0.5	0.58	0.54	0.6	0.36
negbin	2022-03-24	0.6000000000000001	0.72	0.6	0.68	0.48
negbin	2022-03-24	0.7000000000000001	0.78	0.68	0.74	0.48
negbin	2022-03-24	0.8	0.9	0.76	0.78	0.6
negbin	2022-03-24	0.9	0.94	0.88	0.94	0.84
negbin	2022-03-24	1.0	1.0	1.0	1.0	1.0
negbin	2022-03-31	0.0	0.06	0.12	0.06	0.04
negbin	2022-03-31	0.1	0.14	0.24	0.14	0.04
negbin	2022-03-31	0.2	0.24	0.44	0.18	0.14
negbin	2022-03-31	0.30000000000000004	0.24	0.48	0.22	0.18
negbin	2022-03-31	0.4	0.48	0.56	0.3	0.38
negbin	2022-03-31	0.5	0.54	0.6	0.36	0.38
negbin	2022-03-31	0.6000000000000001	0.6	0.74	0.48	0.7
negbin	2022-03-31	0.7000000000000001	0.68	0.76	0.5	0.74
negbin	2022-03-31	0.8	0.8	0.78	0.6	0.84
negbin	2022-03-31	0.9	0.88	0.94	0.84	0.92
negbin	2022-03-31	1.0	1.0	1.0	1.0	1.0
negbin	2022-04-07	0.0	0.12	0.06	0.04	0.1
negbin	2022-04-07	0.1	0.32	0.1	0.14	0.18
negbin	2022-04-07	0.2	0.44	0.18	0.14	0.18
negbin	2022-04-07	0.30000000000000004	0.52	0.26	0.24	0.24
negbin	2022-04-07	0.4	0.56	0.3	0.28	0.24
negbin	2022-04-07	0.5	0.68	0.36	0.38	0.4
negbin	2022-04-07	0.6000000000000001	0.68	0.46	0.64	0.48
negbin	2022-04-07	0.7000000000000001	0.74	0.54	0.8	0.7
negbin	2022-04-07	0.8	0.76	0.56	0.84	0.7
negbin	2022-04-07	0.9	0.94	0.8	0.92	0.84
negbin	2022-04-07	1.0	1.0	1.0	1.0	1.0
negbin	2022-04-14	0.0	0.04	0.1	0.1	0.04
negbin	2022-04-14	0.1	0.1	0.14	0.18	0.2
negbin	2022-04-14	0.2	0.1	0.14	0.2	0.28
negbin	2022-04-14	0.30000000000000004	0.26	0.24	0.24	0.38
negbin	2022-04-14	0.4	0.3	0.24	0.24	0.38
negbin	2022-04-14	0.5	0.4	0.54	0.4	0.54
negbin	2022-04-14	0.6000000000000001	0.46	0.64	0.48	0.56
negbin	2022-04-14	0.7000000000000001	0.54	0.8	0.64	0.68
negbin	2022-04-14	0.8	0.56	0.84	0.84	0.7
negbin	2022-04-14	0.9	0.8	0.92	0.84	0.88
negbin	2022-04-14	1.0	1.0	1.0	1.0	1.0
negbin	2022-04-21	0.0	0.1	0.02	0.04	0.14
negbin	2022-04-21	0.1	0.2	0.12	0.12	0.26
negbin	2022-04-21	0.2	0.24	0.12	0.28	0.3
negbin	2022-04-21	0.30000000000000004	0.24	0.32	0.28	0.48
negbin	2022-04-21	0.4	0.5	0.32	0.5	0.56
negbin	2022-04-21	0.5	0.5	0.52	0.5	0.6
negbin	2022-04-21	0.6000000000000001	0.64	0.56	0.64	0.62
negbin	2022-04-21	0.7000000000000001	0.74	0.7	0.66	0.8
negbin	2022-04-21	0.8	0.88	0.84	0.76	0.82
negbin	2022-04-21	0.9	0.96	0.92	0.94	0.9
negbin	2022-04-21	1.0	1.0	1.0	1.0	1.0
negbin	2022-04-28	0.0	0.02	0.08	0.12	0.14
negbin	2022-04-28	0.1	0.12	0.12	0.26	0.28
negbin	2022-04-28	0.2	0.24	0.12	0.44	0.4
negbin	2022-04-28	0.30000000000000004	0.32	0.4	0.48	0.52
negbin	2022-04-28	0.4	0.32	0.4	0.52	0.58
negbin	2022-04-28	0.5	0.52	0.6	0.6	0.62
negbin	2022-04-28	0.6000000000000001	0.52	0.64	0.76	0.68
negbin	2022-04-28	0.7000000000000001	0.7	0.72	0.8	0.7
negbin	2022-04-28	0.8	0.78	0.76	0.88	0.9
negbin	2022-04-28	0.9	0.92	0.9	0.9	0.94
negbin	2022-04-28	1.0	1.0	1.0	1.0	1.0
negbin	2022-05-05	0.0	0.08	0.12	0.14	0.06
negbin	2022-05-05	0.1	0.12	0.12	0.28	0.2
negbin	2022-05-05	0.2	0.24	0.44	0.4	0.26
negbin	2022-05-05	0.30000000000000004	0.4	0.44	0.52	0.44
negbin	2022-05-05	0.4	0.4	0.52	0.58	0.44
negbin	2022-05-05	0.5	0.6	0.6	0.62	0.64
negbin	2022-05-05	0.6000000000000001	0.6	0.74	0.68	0.68
negbin	2022-05-05	0.7000000000000001	0.72	0.76	0.7	0.82
negbin	2022-05-05	0.8	0.74	0.88	0.9	0.92
negbin	2022-05-05	0.9	0.9	0.96	0.94	0.96
negbin	2022-05-05	1.0	1.0	1.0	1.0	1.0
negbin	2022-05-12	0.0	0.12	0.14	0.14	0.02
negbin	2022-05-12	0.1	0.3	0.26	0.2	0.14
negbin	2022-05-12	0.2	0.44	0.4	0.32	0.26
negbin	2022-05-12	0.30000000000000004	0.48	0.46	0.38	0.4
negbin	2022-05-12	0.4	0.52	0.58	0.56	0.46
negbin	2022-05-12	0.5	0.52	0.66	0.56	0.54
negbin	2022-05-12	0.6000000000000001	0.74	0.66	0.72	0.54
negbin	2022-05-12	0.7000000000000001	0.76	0.84	0.76	0.72
negbin	2022-05-12	0.8	0.86	0.9	0.92	0.86
negbin	2022-05-12	0.9	0.96	0.94	0.96	0.94
negbin	2022-05-12	1.0	1.0	1.0	1.0	1.0
negbin	2022-05-19	0.0	0.12	0.14	0.12	0.06
negbin	2022-05-19	0.1	0.26	0.26	0.14	0.14
negbin	2022-05-19	0.2	0.32	0.32	0.4	0.28
negbin	2022-05-19	0.30000000000000004	0.46	0.44	0.4	0.34
negbin	2022-05-19	0.4	0.5	0.5	0.52	0.48
negbin	2022-05-19	0.5	0.62	0.64	0.52	0.48
negbin	2022-05-19	0.6000000000000001	0.82	0.64	0.68	0.58
negbin	2022-05-19	0.7000000000000001	0.84	0.82	0.72	0.76
negbin	2022-05-19	0.8	0.9	0.92	0.86	0.84
negbin	2022-05-19	0.9	0.96	0.94	0.94	0.9
negbin	2022-05-19	1.0	1.0	1.0	1.0	1.0
negbin	2022-05-26	0.0	0.12	0.12	0.06	0.02
negbin	2022-05-26	0.1	0.26	0.14	0.2	0.08
negbin	2022-05-26	0.2	0.32	0.28	0.28	0.3
negbin	2022-05-26	0.30000000000000004	0.44	0.4	0.42	0.3
negbin	2022-05-26	0.4	0.5	0.46	0.42	0.5
negbin	2022-05-26	0.5	0.58	0.52	0.58	0.54
negbin	2022-05-26	0.6000000000000001	0.64	0.68	0.58	0.72
negbin	2022-05-26	0.7000000000000001	0.82	0.72	0.76	0.72
negbin	2022-05-26	0.8	0.86	0.8	0.84	0.8
negbin	2022-05-26	0.9	0.94	0.94	0.94	0.88
negbin	2022-05-26	1.0	1.0	1.0	1.0	1.0
negbin	2022-06-02	0.0	0.12	0.06	0.02	0.06
negbin	2022-06-02	0.1	0.26	0.2	0.08	0.2
negbin	2022-06-02	0.2	0.28	0.28	0.2	0.2
negbin	2022-06-02	0.30000000000000004	0.46	0.36	0.3	0.44
negbin	2022-06-02	0.4	0.46	0.42	0.5	0.44
negbin	2022-06-02	0.5	0.66	0.58	0.5	0.58
negbin	2022-06-02	0.6000000000000001	0.68	0.68	0.64	0.6
negbin	2022-06-02	0.7000000000000001	0.78	0.76	0.78	0.76
negbin	2022-06-02	0.8	0.8	0.84	0.8	0.86
negbin	2022-06-02	0.9	0.94	0.94	0.88	0.88
negbin	2022-06-02	1.0	1.0	1.0	1.0	1.0
negbin	2022-06-09	0.0	0.08	0.12	0.06	0.04
negbin	2022-06-09	0.1	0.22	0.28	0.28	0.12
negbin	2022-06-09	0.2	0.32	0.3	0.34	0.32
negbin	2022-06-09	0.30000000000000004	0.38	0.4	0.48	0.32
negbin	2022-06-09	0.4	0.48	0.46	0.56	0.5
negbin	2022-06-09	0.5	0.56	0.62	0.74	0.52
negbin	2022-06-09	0.6000000000000001	0.66	0.66	0.74	0.6
negbin	2022-06-09	0.7000000000000001	0.72	0.76	0.84	0.64
negbin	2022-06-09	0.8	0.76	0.84	0.86	0.86
negbin	2022-06-09	0.9	0.88	0.92	0.98	0.96
negbin	2022-06-09	1.0	1.0	1.0	1.0	1.0
negbin	2022-06-16	0.0	0.12	0.06	0.04	0.16
negbin	2022-06-16	0.1	0.14	0.34	0.2	0.22
negbin	2022-06-16	0.2	0.3	0.34	0.2	0.26
negbin	2022-06-16	0.30000000000000004	0.36	0.56	0.44	0.38
negbin	2022-06-16	0.4	0.46	0.56	0.44	0.38
negbin	2022-06-16	0.5	0.56	0.74	0.52	0.54
negbin	2022-06-16	0.6000000000000001	0.66	0.74	0.56	0.72
negbin	2022-06-16	0.7000000000000001	0.76	0.84	0.64	0.72
negbin	2022-06-16	0.8	0.84	0.86	0.88	0.82
negbin	2022-06-16	0.9	0.92	0.98	0.96	0.9
negbin	2022-06-16	1.0	1.0	1.0	1.0	1.0
negbin	2022-06-23	0.0	0.22	0.08	0.06	0.06
negbin	2022-06-23	0.1	0.28	0.12	0.22	0.22
negbin	2022-06-23	0.2	0.48	0.24	0.34	0.22
negbin	2022-06-23	0.30000000000000004	0.48	0.38	0.34	0.36
negbin	2022-06-23	0.4	0.72	0.38	0.5	0.38
negbin	2022-06-23	0.5	0.74	0.54	0.68	0.5
negbin	2022-06-23	0.6000000000000001	0.82	0.56	0.72	0.7
negbin	2022-06-23	0.7000000000000001	0.82	0.76	0.78	0.78
negbin	2022-06-23	0.8	0.86	0.9	0.84	0.82
negbin	2022-06-23	0.9	0.98	0.94	0.94	0.92
negbin	2022-06-23	1.0	1.0	1.0	1.0	1.0
negbin	2022-06-30	0.0	0.08	0.06	0.06	0.14
negbin	2022-06-30	0.1	0.2	0.22	0.22	0.32
negbin	2022-06-30	0.2	0.24	0.3	0.22	0.32
negbin	2022-06-30	0.30000000000000004	0.3	0.46	0.36	0.52
negbin	2022-06-30	0.4	0.38	0.5	0.48	0.62
negbin	2022-06-30	0.5	0.54	0.64	0.48	0.66
negbin	2022-06-30	0.6000000000000001	0.56	0.68	0.62	0.72
negbin	2022-06-30	0.7000000000000001	0.76	0.78	0.78	0.76
negbin	2022-06-30	0.8	0.84	0.84	0.82	0.86
negbin	2022-06-30	0.9	0.92	0.92	0.92	0.92
negbin	2022-06-30	1.0	1.0	1.0	1.0	1.0
negbin	2022-07-07	0.0	0.16	0.06	0.14	0.1
negbin	2022-07-07	0.1	0.22	0.14	0.26	0.22
negbin	2022-07-07	0.2	0.26	0.3	0.32	0.34
negbin	2022-07-07	0.30000000000000004	0.38	0.36	0.52	0.42
negbin	2022-07-07	0.4	0.5	0.38	0.62	0.46
negbin	2022-07-07	0.5	0.54	0.5	0.66	0.52
negbin	2022-07-07	0.6000000000000001	0.72	0.7	0.72	0.68
negbin	2022-07-07	0.7000000000000001	0.78	0.72	0.76	0.82
negbin	2022-07-07	0.8	0.82	0.82	0.86	0.86
negbin	2022-07-07	0.9	0.9	0.88	0.92	0.96
negbin	2022-07-07	1.0	1.0	1.0	1.0	1.0
negbin	2022-07-14	0.0	0.06	0.12	0.12	0.1
negbin	2022-07-14	0.1	0.22	0.26	0.18	0.26
negbin	2022-07-14	0.2	0.22	0.44	0.28	0.4
negbin	2022-07-14	0.30000000000000004	0.36	0.48	0.38	0.46
negbin	2022-07-14	0.4	0.38	0.56	0.56	0.5
negbin	2022-07-14	0.5	0.5	0.66	0.56	0.62
negbin	2022-07-14	0.6000000000000001	0.7	0.74	0.68	0.72
negbin	2022-07-14	0.7000000000000001	0.72	0.76	0.76	0.78
negbin	2022-07-14	0.8	0.82	0.86	0.88	0.82
negbin	2022-07-14	0.9	0.92	0.92	0.92	0.9
negbin	2022-07-14	1.0	1.0	1.0	1.0	1.0
negbin	2022-07-21	0.0	0.12	0.06	0.1	0.06
negbin	2022-07-21	0.1	0.26	0.18	0.3	0.1
negbin	2022-07-21	0.2	0.38	0.32	0.3	0.18
negbin	2022-07-21	0.30000000000000004	0.48	0.32	0.46	0.24
negbin	2022-07-21	0.4	0.56	0.48	0.5	0.34
negbin	2022-07-21	0.5	0.66	0.62	0.62	0.5
negbin	2022-07-21	0.6000000000000001	0.74	0.68	0.68	0.64
negbin	2022-07-21	0.7000000000000001	0.76	0.76	0.82	0.74
negbin	2022-07-21	0.8	0.86	0.86	0.82	0.9
negbin	2022-07-21	0.9	0.98	0.92	0.9	0.92
negbin	2022-07-21	1.0	1.0	1.0	1.0	1.0
negbin	2022-07-28	0.0	0.12	0.16	0.06	0.1
negbin	2022-07-28	0.1	0.28	0.26	0.12	0.16
negbin	2022-07-28	0.2	0.28	0.4	0.16	0.3
negbin	2022-07-28	0.30000000000000004	0.38	0.44	0.24	0.34
negbin	2022-07-28	0.4	0.46	0.5	0.28	0.38
negbin	2022-07-28	0.5	0.56	0.56	0.52	0.42
negbin	2022-07-28	0.6000000000000001	0.68	0.66	0.68	0.56
negbin	2022-07-28	0.7000000000000001	0.76	0.78	0.78	0.64
negbin	2022-07-28	0.8	0.86	0.82	0.82	0.78
negbin	2022-07-28	0.9	0.92	0.9	0.92	0.94
negbin	2022-07-28	1.0	1.0	1.0	1.0	1.0
negbin	2022-08-04	0.0	0.16	0.06	0.06	0.08
negbin	2022-08-04	0.1	0.36	0.12	0.16	0.2
negbin	2022-08-04	0.2	0.36	0.22	0.3	0.2
negbin	2022-08-04	0.30000000000000004	0.44	0.26	0.34	0.34
negbin	2022-08-04	0.4	0.5	0.28	0.38	0.5
negbin	2022-08-04	0.5	0.6	0.52	0.42	0.54
negbin	2022-08-04	0.6000000000000001	0.72	0.56	0.52	0.66
negbin	2022-08-04	0.7000000000000001	0.78	0.72	0.7	0.68
negbin	2022-08-04	0.8	0.82	0.82	0.78	0.84
negbin	2022-08-04	0.9	0.92	0.92	0.92	0.9
negbin	2022-08-04	1.0	1.0	1.0	1.0	1.0
negbin	2022-08-11	0.0	0.06	0.1	0.08	0.1
negbin	2022-08-11	0.1	0.16	0.16	0.12	0.12
negbin	2022-08-11	0.2	0.16	0.3	0.26	0.36
negbin	2022-08-11	0.30000000000000004	0.24	0.34	0.34	0.46
negbin	2022-08-11	0.4	0.28	0.38	0.5	0.46
negbin	2022-08-11	0.5	0.52	0.42	0.5	0.58
negbin	2022-08-11	0.6000000000000001	0.68	0.56	0.6	0.7
negbin	2022-08-11	0.7000000000000001	0.78	0.64	0.68	0.74
negbin	2022-08-11	0.8	0.82	0.74	0.84	0.82
negbin	2022-08-11	0.9	0.92	0.94	0.9	0.9
negbin	2022-08-11	1.0	1.0	1.0	1.0	1.0
negbin	2022-08-18	0.0	0.06	0.08	0.02	0.12
negbin	2022-08-18	0.1	0.16	0.16	0.1	0.28
negbin	2022-08-18	0.2	0.3	0.28	0.24	0.3
negbin	2022-08-18	0.30000000000000004	0.34	0.34	0.4	0.38
negbin	2022-08-18	0.4	0.38	0.42	0.48	0.48
negbin	2022-08-18	0.5	0.42	0.54	0.62	0.6
negbin	2022-08-18	0.6000000000000001	0.52	0.66	0.7	0.64
negbin	2022-08-18	0.7000000000000001	0.64	0.68	0.76	0.74
negbin	2022-08-18	0.8	0.78	0.88	0.82	0.8
negbin	2022-08-18	0.9	0.92	0.9	0.9	0.9
negbin	2022-08-18	1.0	1.0	1.0	1.0	1.0
negbin	2022-08-25	0.0	0.08	0.02	0.12	0.04
negbin	2022-08-25	0.1	0.16	0.1	0.28	0.06
negbin	2022-08-25	0.2	0.28	0.24	0.28	0.18
negbin	2022-08-25	0.30000000000000004	0.34	0.48	0.38	0.42
negbin	2022-08-25	0.4	0.42	0.56	0.48	0.48
negbin	2022-08-25	0.5	0.54	0.62	0.6	0.66
negbin	2022-08-25	0.6000000000000001	0.66	0.7	0.64	0.7
negbin	2022-08-25	0.7000000000000001	0.68	0.8	0.74	0.78
negbin	2022-08-25	0.8	0.88	0.82	0.8	0.88
negbin	2022-08-25	0.9	0.9	0.9	0.9	0.92
negbin	2022-08-25	1.0	1.0	1.0	1.0	1.0
negbin	2022-09-01	0.0	0.02	0.12	0.02	0.1
negbin	2022-09-01	0.1	0.1	0.28	0.06	0.34
negbin	2022-09-01	0.2	0.24	0.28	0.18	0.4
negbin	2022-09-01	0.30000000000000004	0.48	0.38	0.42	0.48
negbin	2022-09-01	0.4	0.48	0.48	0.48	0.6
negbin	2022-09-01	0.5	0.62	0.6	0.56	0.66
negbin	2022-09-01	0.6000000000000001	0.7	0.64	0.7	0.74
negbin	2022-09-01	0.7000000000000001	0.8	0.74	0.78	0.76
negbin	2022-09-01	0.8	0.82	0.8	0.88	0.9
negbin	2022-09-01	0.9	0.9	0.9	0.92	0.94
negbin	2022-09-01	1.0	1.0	1.0	1.0	1.0
negbin	2022-09-08	0.0	0.12	0.02	0.1	0.06
negbin	2022-09-08	0.1	0.2	0.1	0.24	0.32
negbin	2022-09-08	0.2	0.3	0.1	0.4	0.32
negbin	2022-09-08	0.30000000000000004	0.38	0.24	0.5	0.4
negbin	2022-09-08	0.4	0.48	0.5	0.6	0.58
negbin	2022-09-08	0.5	0.6	0.6	0.66	0.64
negbin	2022-09-08	0.6000000000000001	0.7	0.7	0.74	0.66
negbin	2022-09-08	0.7000000000000001	0.74	0.74	0.82	0.72
negbin	2022-09-08	0.8	0.88	0.88	0.9	0.8
negbin	2022-09-08	0.9	0.9	0.98	0.92	0.96
negbin	2022-09-08	1.0	1.0	1.0	1.0	1.0
negbin	2022-09-15	0.0	0.02	0.14	0.06	0.16
negbin	2022-09-15	0.1	0.06	0.3	0.18	0.24
negbin	2022-09-15	0.2	0.16	0.3	0.34	0.36
negbin	2022-09-15	0.30000000000000004	0.24	0.42	0.4	0.46
negbin	2022-09-15	0.4	0.5	0.5	0.58	0.58
negbin	2022-09-15	0.5	0.6	0.6	0.6	0.64
negbin	2022-09-15	0.6000000000000001	0.7	0.72	0.66	0.68
negbin	2022-09-15	0.7000000000000001	0.74	0.8	0.78	0.74
negbin	2022-09-15	0.8	0.88	0.9	0.88	0.84
negbin	2022-09-15	0.9	0.98	0.96	0.96	0.92
negbin	2022-09-15	1.0	1.0	1.0	1.0	1.0
negbin	2022-09-22	0.0	0.14	0.12	0.16	0.08
negbin	2022-09-22	0.1	0.3	0.18	0.24	0.26
negbin	2022-09-22	0.2	0.3	0.34	0.36	0.26
negbin	2022-09-22	0.30000000000000004	0.42	0.4	0.46	0.38
negbin	2022-09-22	0.4	0.5	0.5	0.54	0.48
negbin	2022-09-22	0.5	0.6	0.6	0.64	0.52
negbin	2022-09-22	0.6000000000000001	0.72	0.66	0.68	0.64
negbin	2022-09-22	0.7000000000000001	0.8	0.74	0.72	0.78
negbin	2022-09-22	0.8	0.9	0.88	0.76	0.88
negbin	2022-09-22	0.9	0.96	0.96	0.92	0.96
negbin	2022-09-22	1.0	1.0	1.0	1.0	1.0
negbin	2022-09-29	0.0	0.06	0.08	0.08	0.12
negbin	2022-09-29	0.1	0.18	0.32	0.16	0.26
negbin	2022-09-29	0.2	0.34	0.32	0.26	0.36
negbin	2022-09-29	0.30000000000000004	0.4	0.44	0.3	0.52
negbin	2022-09-29	0.4	0.58	0.6	0.42	0.66
negbin	2022-09-29	0.5	0.6	0.64	0.54	0.66
negbin	2022-09-29	0.6000000000000001	0.66	0.68	0.68	0.78
negbin	2022-09-29	0.7000000000000001	0.72	0.72	0.74	0.88
negbin	2022-09-29	0.8	0.8	0.84	0.88	0.88
negbin	2022-09-29	0.9	0.96	0.9	0.94	0.94
negbin	2022-09-29	1.0	1.0	1.0	1.0	1.0
negbin	2022-10-06	0.0	0.08	0.08	0.14	0.06
negbin	2022-10-06	0.1	0.32	0.16	0.26	0.16
negbin	2022-10-06	0.2	0.32	0.16	0.44	0.2
negbin	2022-10-06	0.30000000000000004	0.44	0.3	0.44	0.3
negbin	2022-10-06	0.4	0.6	0.42	0.58	0.3
negbin	2022-10-06	0.5	0.64	0.54	0.72	0.44
negbin	2022-10-06	0.6000000000000001	0.68	0.68	0.78	0.6
negbin	2022-10-06	0.7000000000000001	0.72	0.8	0.88	0.6
negbin	2022-10-06	0.8	0.82	0.88	0.88	0.66
negbin	2022-10-06	0.9	0.9	0.92	0.94	0.86
negbin	2022-10-06	1.0	1.0	1.0	1.0	1.0
negbin	2022-10-13	0.0	0.08	0.12	0.1	0.12
negbin	2022-10-13	0.1	0.26	0.22	0.2	0.28
negbin	2022-10-13	0.2	0.26	0.44	0.2	0.28
negbin	2022-10-13	0.30000000000000004	0.38	0.44	0.24	0.38
negbin	2022-10-13	0.4	0.48	0.6	0.3	0.62
negbin	2022-10-13	0.5	0.52	0.72	0.46	0.62
negbin	2022-10-13	0.6000000000000001	0.64	0.74	0.54	0.66
negbin	2022-10-13	0.7000000000000001	0.78	0.8	0.64	0.84
negbin	2022-10-13	0.8	0.88	0.88	0.7	0.92
negbin	2022-10-13	0.9	0.96	0.94	0.84	0.98
negbin	2022-10-13	1.0	1.0	1.0	1.0	1.0
negbin	2022-10-20	0.0	0.1	0.1	0.12	0.04
negbin	2022-10-20	0.1	0.3	0.14	0.16	0.2
negbin	2022-10-20	0.2	0.3	0.2	0.3	0.34
negbin	2022-10-20	0.30000000000000004	0.52	0.2	0.3	0.34
negbin	2022-10-20	0.4	0.58	0.3	0.5	0.4
negbin	2022-10-20	0.5	0.68	0.46	0.62	0.56
negbin	2022-10-20	0.6000000000000001	0.74	0.46	0.74	0.6
negbin	2022-10-20	0.7000000000000001	0.8	0.58	0.76	0.76
negbin	2022-10-20	0.8	0.88	0.76	0.86	0.9
negbin	2022-10-20	0.9	0.9	0.82	0.98	1.0
negbin	2022-10-20	1.0	1.0	1.0	1.0	1.0
negbin	2022-10-27	0.0	0.04	0.12	0.16	0.08
negbin	2022-10-27	0.1	0.14	0.16	0.2	0.26
negbin	2022-10-27	0.2	0.2	0.3	0.28	0.26
negbin	2022-10-27	0.30000000000000004	0.26	0.38	0.38	0.34
negbin	2022-10-27	0.4	0.3	0.5	0.4	0.5
negbin	2022-10-27	0.5	0.46	0.62	0.56	0.5
negbin	2022-10-27	0.6000000000000001	0.46	0.74	0.74	0.56
negbin	2022-10-27	0.7000000000000001	0.58	0.76	0.76	0.7
negbin	2022-10-27	0.8	0.76	0.86	0.88	0.82
negbin	2022-10-27	0.9	0.82	0.98	0.98	0.88
negbin	2022-10-27	1.0	1.0	1.0	1.0	1.0
negbin	2022-11-03	0.0	0.12	0.16	0.08	0.12
negbin	2022-11-03	0.1	0.16	0.28	0.16	0.28
negbin	2022-11-03	0.2	0.3	0.28	0.28	0.28
negbin	2022-11-03	0.30000000000000004	0.38	0.38	0.34	0.5
negbin	2022-11-03	0.4	0.5	0.4	0.42	0.52
negbin	2022-11-03	0.5	0.62	0.56	0.52	0.58
negbin	2022-11-03	0.6000000000000001	0.74	0.74	0.56	0.66
negbin	2022-11-03	0.7000000000000001	0.76	0.84	0.7	0.7
negbin	2022-11-03	0.8	0.86	0.96	0.82	0.8
negbin	2022-11-03	0.9	0.98	0.98	0.88	0.94
negbin	2022-11-03	1.0	1.0	1.0	1.0	1.0
negbin	2022-11-10	0.0	0.16	0.08	0.12	0.06
negbin	2022-11-10	0.1	0.28	0.16	0.2	0.12
negbin	2022-11-10	0.2	0.28	0.28	0.42	0.14
negbin	2022-11-10	0.30000000000000004	0.38	0.28	0.42	0.3
negbin	2022-11-10	0.4	0.4	0.42	0.56	0.3
negbin	2022-11-10	0.5	0.56	0.52	0.58	0.5
negbin	2022-11-10	0.6000000000000001	0.7	0.56	0.66	0.66
negbin	2022-11-10	0.7000000000000001	0.76	0.7	0.74	0.66
negbin	2022-11-10	0.8	0.88	0.82	0.82	0.8
negbin	2022-11-10	0.9	0.98	0.88	0.9	0.86
negbin	2022-11-10	1.0	1.0	1.0	1.0	1.0
negbin	2022-11-17	0.0	0.08	0.12	0.06	0.1
negbin	2022-11-17	0.1	0.16	0.2	0.12	0.16
negbin	2022-11-17	0.2	0.28	0.42	0.24	0.22
negbin	2022-11-17	0.30000000000000004	0.28	0.42	0.24	0.3
negbin	2022-11-17	0.4	0.42	0.56	0.42	0.4
negbin	2022-11-17	0.5	0.52	0.58	0.5	0.4
negbin	2022-11-17	0.6000000000000001	0.56	0.66	0.58	0.58
negbin	2022-11-17	0.7000000000000001	0.7	0.74	0.66	0.6
negbin	2022-11-17	0.8	0.82	0.82	0.8	0.76
negbin	2022-11-17	0.9	0.86	0.9	0.86	0.84
negbin	2022-11-17	1.0	1.0	1.0	1.0	1.0
negbin	2022-11-24	0.0	0.12	0.06	0.06	0.12
negbin	2022-11-24	0.1	0.2	0.08	0.16	0.26
negbin	2022-11-24	0.2	0.28	0.14	0.24	0.26
negbin	2022-11-24	0.30000000000000004	0.36	0.2	0.3	0.56
negbin	2022-11-24	0.4	0.52	0.38	0.38	0.68
negbin	2022-11-24	0.5	0.64	0.5	0.48	0.74
negbin	2022-11-24	0.6000000000000001	0.64	0.58	0.58	0.78
negbin	2022-11-24	0.7000000000000001	0.74	0.66	0.6	0.86
negbin	2022-11-24	0.8	0.8	0.82	0.76	0.9
negbin	2022-11-24	0.9	0.9	0.86	0.84	0.92
negbin	2022-11-24	1.0	1.0	1.0	1.0	1.0
negbin	2022-12-01	0.0	0.02	0.06	0.12	0.12
negbin	2022-12-01	0.1	0.08	0.16	0.26	0.2
negbin	2022-12-01	0.2	0.14	0.24	0.32	0.34
negbin	2022-12-01	0.30000000000000004	0.28	0.3	0.56	0.42
negbin	2022-12-01	0.4	0.38	0.38	0.68	0.52
negbin	2022-12-01	0.5	0.46	0.48	0.74	0.6
negbin	2022-12-01	0.6000000000000001	0.58	0.58	0.78	0.7
negbin	2022-12-01	0.7000000000000001	0.6	0.6	0.86	0.74
negbin	2022-12-01	0.8	0.7	0.76	0.9	0.82
negbin	2022-12-01	0.9	0.86	0.84	0.92	0.9
negbin	2022-12-01	1.0	1.0	1.0	1.0	1.0
negbin	2022-12-08	0.0	0.1	0.14	0.14	0.04
negbin	2022-12-08	0.1	0.16	0.38	0.26	0.16
negbin	2022-12-08	0.2	0.22	0.5	0.36	0.22
negbin	2022-12-08	0.30000000000000004	0.24	0.5	0.44	0.42
negbin	2022-12-08	0.4	0.32	0.62	0.44	0.42
negbin	2022-12-08	0.5	0.5	0.62	0.62	0.64
negbin	2022-12-08	0.6000000000000001	0.5	0.76	0.62	0.64
negbin	2022-12-08	0.7000000000000001	0.7	0.8	0.76	0.76
negbin	2022-12-08	0.8	0.76	0.88	0.8	0.82
negbin	2022-12-08	0.9	0.82	0.94	0.88	0.92
negbin	2022-12-08	1.0	1.0	1.0	1.0	1.0
negbin	2022-12-15	0.0	0.14	0.14	0.04	0.08
negbin	2022-12-15	0.1	0.26	0.26	0.16	0.18
negbin	2022-12-15	0.2	0.5	0.36	0.22	0.18
negbin	2022-12-15	0.30000000000000004	0.56	0.44	0.42	0.32
negbin	2022-12-15	0.4	0.62	0.44	0.42	0.32
negbin	2022-12-15	0.5	0.74	0.62	0.64	0.54
negbin	2022-12-15	0.6000000000000001	0.76	0.62	0.64	0.64
negbin	2022-12-15	0.7000000000000001	0.8	0.76	0.76	0.78
negbin	2022-12-15	0.8	0.88	0.8	0.82	0.84
negbin	2022-12-15	0.9	0.94	0.88	0.92	0.94
negbin	2022-12-15	1.0	1.0	1.0	1.0	1.0
negbin	2022-12-22	0.0	0.12	0.12	0.08	0.14
negbin	2022-12-22	0.1	0.12	0.16	0.14	0.18
negbin	2022-12-22	0.2	0.34	0.36	0.24	0.34
negbin	2022-12-22	0.30000000000000004	0.34	0.36	0.24	0.4
negbin	2022-12-22	0.4	0.52	0.54	0.46	0.44
negbin	2022-12-22	0.5	0.52	0.54	0.56	0.6
negbin	2022-12-22	0.6000000000000001	0.7	0.72	0.64	0.6
negbin	2022-12-22	0.7000000000000001	0.74	0.78	0.74	0.74
negbin	2022-12-22	0.8	0.82	0.86	0.84	0.82
negbin	2022-12-22	0.9	0.9	0.94	0.96	0.92
negbin	2022-12-22	1.0	1.0	1.0	1.0	1.0
negbin	2022-12-29	0.0	0.12	0.08	0.14	0.22
negbin	2022-12-29	0.1	0.32	0.14	0.18	0.3
negbin	2022-12-29	0.2	0.36	0.24	0.34	0.3
negbin	2022-12-29	0.30000000000000004	0.48	0.38	0.4	0.5
negbin	2022-12-29	0.4	0.54	0.38	0.4	0.5
negbin	2022-12-29	0.5	0.62	0.56	0.6	0.66
negbin	2022-12-29	0.6000000000000001	0.72	0.66	0.66	0.68
negbin	2022-12-29	0.7000000000000001	0.78	0.74	0.74	0.78
negbin	2022-12-29	0.8	0.86	0.94	0.86	0.82
negbin	2022-12-29	0.9	0.94	0.96	0.86	0.92
negbin	2022-12-29	1.0	1.0	1.0	1.0	1.0
negbin	2023-01-05	0.0	0.06	0.04	0.22	0.06
negbin	2023-01-05	0.1	0.14	0.18	0.3	0.14
negbin	2023-01-05	0.2	0.14	0.18	0.38	0.14
negbin	2023-01-05	0.30000000000000004	0.38	0.4	0.5	0.42
negbin	2023-01-05	0.4	0.48	0.56	0.56	0.42
negbin	2023-01-05	0.5	0.56	0.6	0.56	0.46
negbin	2023-01-05	0.6000000000000001	0.66	0.66	0.68	0.5
negbin	2023-01-05	0.7000000000000001	0.8	0.74	0.7	0.62
negbin	2023-01-05	0.8	0.9	0.78	0.82	0.74
negbin	2023-01-05	0.9	0.96	0.88	0.92	0.92
negbin	2023-01-05	1.0	1.0	1.0	1.0	1.0
negbin	2023-01-12	0.0	0.04	0.22	0.08	0.12
negbin	2023-01-12	0.1	0.18	0.3	0.14	0.2
negbin	2023-01-12	0.2	0.24	0.3	0.14	0.36
negbin	2023-01-12	0.30000000000000004	0.4	0.5	0.42	0.36
negbin	2023-01-12	0.4	0.56	0.5	0.42	0.44
negbin	2023-01-12	0.5	0.6	0.56	0.46	0.54
negbin	2023-01-12	0.6000000000000001	0.66	0.68	0.5	0.64
negbin	2023-01-12	0.7000000000000001	0.74	0.7	0.62	0.78
negbin	2023-01-12	0.8	0.78	0.82	0.74	0.82
negbin	2023-01-12	0.9	0.88	0.92	0.92	0.9
negbin	2023-01-12	1.0	1.0	1.0	1.0	1.0
negbin	2023-01-19	0.0	0.08	0.08	0.12	0.06
negbin	2023-01-19	0.1	0.08	0.08	0.28	0.18
negbin	2023-01-19	0.2	0.42	0.34	0.36	0.18
negbin	2023-01-19	0.30000000000000004	0.42	0.34	0.36	0.24
negbin	2023-01-19	0.4	0.6	0.46	0.46	0.28
negbin	2023-01-19	0.5	0.6	0.46	0.54	0.34
negbin	2023-01-19	0.6000000000000001	0.66	0.5	0.64	0.46
negbin	2023-01-19	0.7000000000000001	0.76	0.52	0.68	0.58
negbin	2023-01-19	0.8	0.78	0.64	0.78	0.68
negbin	2023-01-19	0.9	0.86	0.9	0.9	0.78
negbin	2023-01-19	1.0	1.0	1.0	1.0	1.0
negbin	2023-01-26	0.0	0.06	0.12	0.06	0.1
negbin	2023-01-26	0.1	0.14	0.2	0.12	0.26
negbin	2023-01-26	0.2	0.22	0.2	0.24	0.26
negbin	2023-01-26	0.30000000000000004	0.22	0.44	0.24	0.34
negbin	2023-01-26	0.4	0.46	0.44	0.3	0.44
negbin	2023-01-26	0.5	0.46	0.54	0.34	0.56
negbin	2023-01-26	0.6000000000000001	0.62	0.64	0.46	0.62
negbin	2023-01-26	0.7000000000000001	0.62	0.74	0.68	0.7
negbin	2023-01-26	0.8	0.74	0.82	0.7	0.8
negbin	2023-01-26	0.9	0.84	0.92	0.84	0.92
negbin	2023-01-26	1.0	1.0	1.0	1.0	1.0
negbin	2023-02-02	0.0	0.12	0.06	0.16	0.22
negbin	2023-02-02	0.1	0.2	0.06	0.26	0.38
negbin	2023-02-02	0.2	0.2	0.24	0.26	0.38
negbin	2023-02-02	0.30000000000000004	0.44	0.24	0.44	0.42
negbin	2023-02-02	0.4	0.44	0.3	0.44	0.46
negbin	2023-02-02	0.5	0.64	0.34	0.56	0.46
negbin	2023-02-02	0.6000000000000001	0.64	0.46	0.62	0.7
negbin	2023-02-02	0.7000000000000001	0.74	0.68	0.7	0.7
negbin	2023-02-02	0.8	0.82	0.7	0.8	0.86
negbin	2023-02-02	0.9	0.9	0.84	0.92	0.92
negbin	2023-02-02	1.0	1.0	1.0	1.0	1.0
negbin	2023-02-09	0.0	0.06	0.1	0.22	0.06
negbin	2023-02-09	0.1	0.12	0.26	0.38	0.18
negbin	2023-02-09	0.2	0.12	0.26	0.38	0.18
negbin	2023-02-09	0.30000000000000004	0.3	0.34	0.46	0.3
negbin	2023-02-09	0.4	0.3	0.44	0.46	0.4
negbin	2023-02-09	0.5	0.46	0.56	0.46	0.4
negbin	2023-02-09	0.6000000000000001	0.46	0.56	0.7	0.62
negbin	2023-02-09	0.7000000000000001	0.56	0.7	0.76	0.7
negbin	2023-02-09	0.8	0.7	0.8	0.92	0.92
negbin	2023-02-09	0.9	0.9	0.92	0.92	0.92
negbin	2023-02-09	1.0	1.0	1.0	1.0	1.0
negbin	2023-02-16	0.0	0.1	0.16	0.12	0.16
negbin	2023-02-16	0.1	0.18	0.16	0.18	0.26
negbin	2023-02-16	0.2	0.18	0.42	0.18	0.26
negbin	2023-02-16	0.30000000000000004	0.46	0.42	0.28	0.44
negbin	2023-02-16	0.4	0.46	0.58	0.4	0.5
negbin	2023-02-16	0.5	0.64	0.58	0.44	0.5
negbin	2023-02-16	0.6000000000000001	0.64	0.64	0.62	0.76
negbin	2023-02-16	0.7000000000000001	0.74	0.82	0.7	0.8
negbin	2023-02-16	0.8	0.84	0.82	0.74	0.88
negbin	2023-02-16	0.9	0.94	0.94	0.94	0.88
negbin	2023-02-16	1.0	1.0	1.0	1.0	1.0
negbin	2023-02-23	0.0	0.16	0.06	0.16	0.2
negbin	2023-02-23	0.1	0.38	0.18	0.16	0.26
negbin	2023-02-23	0.2	0.38	0.18	0.44	0.26
negbin	2023-02-23	0.30000000000000004	0.42	0.4	0.44	0.42
negbin	2023-02-23	0.4	0.46	0.4	0.5	0.52
negbin	2023-02-23	0.5	0.58	0.44	0.7	0.52
negbin	2023-02-23	0.6000000000000001	0.64	0.62	0.76	0.58
negbin	2023-02-23	0.7000000000000001	0.76	0.7	0.76	0.8
negbin	2023-02-23	0.8	0.82	0.92	0.88	0.8
negbin	2023-02-23	0.9	0.94	0.92	0.88	0.96
negbin	2023-02-23	1.0	1.0	1.0	1.0	1.0
negbin	2023-03-02	0.0	0.06	0.16	0.2	0.14
negbin	2023-03-02	0.1	0.06	0.34	0.26	0.14
negbin	2023-03-02	0.2	0.3	0.34	0.26	0.46
negbin	2023-03-02	0.30000000000000004	0.3	0.44	0.36	0.46
negbin	2023-03-02	0.4	0.4	0.64	0.52	0.46
negbin	2023-03-02	0.5	0.58	0.7	0.52	0.58
negbin	2023-03-02	0.6000000000000001	0.62	0.7	0.74	0.66
negbin	2023-03-02	0.7000000000000001	0.62	0.84	0.74	0.72
negbin	2023-03-02	0.8	0.88	0.88	0.8	0.8
negbin	2023-03-02	0.9	0.92	1.0	0.96	0.92
negbin	2023-03-02	1.0	1.0	1.0	1.0	1.0
negbin	2023-03-09	0.0	0.16	0.2	0.14	0.18
negbin	2023-03-09	0.1	0.34	0.26	0.14	0.32
negbin	2023-03-09	0.2	0.34	0.26	0.46	0.32
negbin	2023-03-09	0.30000000000000004	0.44	0.36	0.46	0.44
negbin	2023-03-09	0.4	0.64	0.52	0.46	0.44
negbin	2023-03-09	0.5	0.7	0.52	0.58	0.6
negbin	2023-03-09	0.6000000000000001	0.7	0.74	0.66	0.72
negbin	2023-03-09	0.7000000000000001	0.84	0.74	0.72	0.8
negbin	2023-03-09	0.8	0.88	0.8	0.8	0.82
negbin	2023-03-09	0.9	0.88	0.96	0.92	0.92
negbin	2023-03-09	1.0	1.0	1.0	1.0	1.0
negbin	2023-03-16	0.0	0.06	0.14	0.18	0.14
negbin	2023-03-16	0.1	0.26	0.32	0.18	0.14
negbin	2023-03-16	0.2	0.26	0.32	0.32	0.28
negbin	2023-03-16	0.30000000000000004	0.42	0.46	0.44	0.42
negbin	2023-03-16	0.4	0.52	0.58	0.44	0.42
negbin	2023-03-16	0.5	0.58	0.58	0.56	0.58
negbin	2023-03-16	0.6000000000000001	0.58	0.64	0.72	0.58
negbin	2023-03-16	0.7000000000000001	0.8	0.72	0.8	0.72
negbin	2023-03-16	0.8	0.82	0.8	0.86	0.72
negbin	2023-03-16	0.9	0.84	0.94	0.92	0.94
negbin	2023-03-16	1.0	1.0	1.0	1.0	1.0
negbin	2023-03-23	0.0	0.18	0.18	0.14	0.12
negbin	2023-03-23	0.1	0.32	0.18	0.14	0.2
negbin	2023-03-23	0.2	0.32	0.44	0.28	0.2
negbin	2023-03-23	0.30000000000000004	0.44	0.44	0.42	0.34
negbin	2023-03-23	0.4	0.58	0.44	0.42	0.54
negbin	2023-03-23	0.5	0.64	0.56	0.58	0.54
negbin	2023-03-23	0.6000000000000001	0.64	0.72	0.58	0.66
negbin	2023-03-23	0.7000000000000001	0.8	0.8	0.72	0.7
negbin	2023-03-23	0.8	0.84	0.86	0.74	0.84
negbin	2023-03-23	0.9	0.94	0.92	0.94	0.92
negbin	2023-03-23	1.0	1.0	1.0	1.0	1.0
negbin	2023-03-30	0.0	0.18	0.14	0.08	0.18
negbin	2023-03-30	0.1	0.3	0.14	0.2	0.28
negbin	2023-03-30	0.2	0.3	0.42	0.2	0.28
negbin	2023-03-30	0.30000000000000004	0.44	0.42	0.4	0.46
negbin	2023-03-30	0.4	0.56	0.42	0.54	0.58
negbin	2023-03-30	0.5	0.56	0.5	0.54	0.64
negbin	2023-03-30	0.6000000000000001	0.8	0.58	0.66	0.64
negbin	2023-03-30	0.7000000000000001	0.8	0.72	0.84	0.8
negbin	2023-03-30	0.8	0.86	0.74	0.9	0.82
negbin	2023-03-30	0.9	0.98	0.94	0.92	0.94
negbin	2023-03-30	1.0	1.0	1.0	1.0	1.0
negbin	2023-04-06	0.0	0.14	0.08	0.18	0.14
negbin	2023-04-06	0.1	0.28	0.2	0.18	0.36
negbin	2023-04-06	0.2	0.28	0.2	0.46	0.36
negbin	2023-04-06	0.30000000000000004	0.36	0.4	0.46	0.48
negbin	2023-04-06	0.4	0.5	0.54	0.52	0.66
negbin	2023-04-06	0.5	0.5	0.66	0.64	0.72
negbin	2023-04-06	0.6000000000000001	0.64	0.66	0.72	0.88
negbin	2023-04-06	0.7000000000000001	0.74	0.84	0.72	0.88
negbin	2023-04-06	0.8	0.84	0.9	0.82	0.9
negbin	2023-04-06	0.9	0.98	0.92	0.92	0.96
negbin	2023-04-06	1.0	1.0	1.0	1.0	1.0
negbin	2023-04-13	0.0	0.08	0.18	0.14	0.18
negbin	2023-04-13	0.1	0.2	0.18	0.36	0.32
negbin	2023-04-13	0.2	0.2	0.46	0.36	0.32
negbin	2023-04-13	0.30000000000000004	0.4	0.46	0.48	0.56
negbin	2023-04-13	0.4	0.54	0.46	0.66	0.56
negbin	2023-04-13	0.5	0.66	0.64	0.72	0.72
negbin	2023-04-13	0.6000000000000001	0.66	0.72	0.88	0.72
negbin	2023-04-13	0.7000000000000001	0.84	0.8	0.88	0.88
negbin	2023-04-13	0.8	0.9	0.82	0.94	0.9
negbin	2023-04-13	0.9	0.92	0.92	0.96	0.96
negbin	2023-04-13	1.0	1.0	1.0	1.0	1.0
negbin	2023-04-20	0.0	0.18	0.14	0.14	0.08
negbin	2023-04-20	0.1	0.36	0.26	0.14	0.16
negbin	2023-04-20	0.2	0.36	0.48	0.38	0.16
negbin	2023-04-20	0.30000000000000004	0.52	0.48	0.38	0.34
negbin	2023-04-20	0.4	0.52	0.54	0.6	0.34
negbin	2023-04-20	0.5	0.6	0.76	0.6	0.68
negbin	2023-04-20	0.6000000000000001	0.72	0.76	0.74	0.68
negbin	2023-04-20	0.7000000000000001	0.74	0.9	0.76	0.8
negbin	2023-04-20	0.8	0.9	0.92	0.92	0.82
negbin	2023-04-20	0.9	0.92	0.96	0.92	0.94
negbin	2023-04-20	1.0	1.0	1.0	1.0	1.0
negbin	2023-04-27	0.0	0.14	0.18	0.08	0.14
negbin	2023-04-27	0.1	0.14	0.32	0.08	0.24
negbin	2023-04-27	0.2	0.48	0.32	0.26	0.24
negbin	2023-04-27	0.30000000000000004	0.48	0.56	0.26	0.36
negbin	2023-04-27	0.4	0.72	0.56	0.58	0.44
negbin	2023-04-27	0.5	0.72	0.72	0.68	0.48
negbin	2023-04-27	0.6000000000000001	0.76	0.74	0.78	0.52
negbin	2023-04-27	0.7000000000000001	0.9	0.74	0.78	0.66
negbin	2023-04-27	0.8	0.92	0.9	0.9	0.68
negbin	2023-04-27	0.9	0.96	0.96	0.92	0.84
negbin	2023-04-27	1.0	1.0	1.0	1.0	1.0
negbin	2023-05-04	0.0	0.18	0.1	0.14	0.08
negbin	2023-05-04	0.1	0.36	0.18	0.24	0.16
negbin	2023-05-04	0.2	0.36	0.42	0.24	0.24
negbin	2023-05-04	0.30000000000000004	0.62	0.42	0.36	0.3
negbin	2023-05-04	0.4	0.62	0.5	0.44	0.42
negbin	2023-05-04	0.5	0.68	0.6	0.48	0.42
negbin	2023-05-04	0.6000000000000001	0.82	0.68	0.52	0.6
negbin	2023-05-04	0.7000000000000001	0.86	0.88	0.66	0.78
negbin	2023-05-04	0.8	0.92	0.88	0.68	0.82
negbin	2023-05-04	0.9	0.96	0.98	0.84	0.88
negbin	2023-05-04	1.0	1.0	1.0	1.0	1.0
negbin	2023-05-11	0.0	0.24	0.12	0.12	0.04
negbin	2023-05-11	0.1	0.24	0.16	0.2	0.1
negbin	2023-05-11	0.2	0.44	0.26	0.2	0.18
negbin	2023-05-11	0.30000000000000004	0.44	0.26	0.44	0.18
negbin	2023-05-11	0.4	0.52	0.38	0.44	0.34
negbin	2023-05-11	0.5	0.62	0.52	0.7	0.34
negbin	2023-05-11	0.6000000000000001	0.7	0.52	0.76	0.56
negbin	2023-05-11	0.7000000000000001	0.7	0.68	0.82	0.58
negbin	2023-05-11	0.8	0.84	0.76	0.84	0.68
negbin	2023-05-11	0.9	0.94	0.98	0.94	0.84
negbin	2023-05-11	1.0	1.0	1.0	1.0	1.0
negbin	2023-05-18	0.0	0.04	0.16	0.04	0.0
negbin	2023-05-18	0.1	0.04	0.28	0.12	0.06
negbin	2023-05-18	0.2	0.28	0.28	0.18	0.06
negbin	2023-05-18	0.30000000000000004	0.28	0.54	0.34	0.08
negbin	2023-05-18	0.4	0.38	0.54	0.34	0.22
negbin	2023-05-18	0.5	0.54	0.62	0.56	0.22
negbin	2023-05-18	0.6000000000000001	0.68	0.68	0.56	0.32
negbin	2023-05-18	0.7000000000000001	0.68	0.76	0.66	0.32
negbin	2023-05-18	0.8	0.84	0.92	0.68	0.52
negbin	2023-05-18	0.9	0.96	0.96	0.84	0.62
negbin	2023-05-18	1.0	1.0	1.0	1.0	1.0
negbin	2023-05-25	0.0	0.16	0.16	0.02	0.04
negbin	2023-05-25	0.1	0.34	0.24	0.16	0.06
negbin	2023-05-25	0.2	0.46	0.46	0.22	0.1
negbin	2023-05-25	0.30000000000000004	0.46	0.5	0.32	0.14
negbin	2023-05-25	0.4	0.6	0.5	0.32	0.24
negbin	2023-05-25	0.5	0.6	0.66	0.32	0.24
negbin	2023-05-25	0.6000000000000001	0.68	0.66	0.52	0.4
negbin	2023-05-25	0.7000000000000001	0.78	0.8	0.62	0.52
negbin	2023-05-25	0.8	0.86	0.8	0.62	0.52
negbin	2023-05-25	0.9	0.94	0.92	0.74	0.64
negbin	2023-05-25	1.0	1.0	1.0	1.0	1.0
negbin	2023-06-01	0.0	0.16	0.14	0.04	0.1
negbin	2023-06-01	0.1	0.16	0.16	0.08	0.14
negbin	2023-06-01	0.2	0.46	0.16	0.1	0.18
negbin	2023-06-01	0.30000000000000004	0.46	0.32	0.2	0.18
negbin	2023-06-01	0.4	0.6	0.32	0.24	0.24
negbin	2023-06-01	0.5	0.6	0.52	0.4	0.24
negbin	2023-06-01	0.6000000000000001	0.8	0.52	0.4	0.3
negbin	2023-06-01	0.7000000000000001	0.8	0.62	0.52	0.46
negbin	2023-06-01	0.8	0.9	0.74	0.64	0.7
negbin	2023-06-01	0.9	0.9	0.74	0.8	0.82
negbin	2023-06-01	1.0	1.0	1.0	1.0	1.0
negbin	2023-06-08	0.0	0.2	0.16	0.04	0.06
negbin	2023-06-08	0.1	0.3	0.26	0.04	0.08
negbin	2023-06-08	0.2	0.3	0.26	0.14	0.18
negbin	2023-06-08	0.30000000000000004	0.54	0.42	0.14	0.24
negbin	2023-06-08	0.4	0.54	0.42	0.4	0.36
negbin	2023-06-08	0.5	0.56	0.58	0.44	0.42
negbin	2023-06-08	0.6000000000000001	0.68	0.6	0.68	0.48
negbin	2023-06-08	0.7000000000000001	0.74	0.76	0.68	0.6
negbin	2023-06-08	0.8	0.88	0.8	0.82	0.64
negbin	2023-06-08	0.9	0.96	0.9	0.9	0.82
negbin	2023-06-08	1.0	1.0	1.0	1.0	1.0
negbin	2023-06-15	0.0	0.12	0.16	0.1	0.14
negbin	2023-06-15	0.1	0.28	0.22	0.1	0.2
negbin	2023-06-15	0.2	0.28	0.22	0.28	0.26
negbin	2023-06-15	0.30000000000000004	0.4	0.5	0.28	0.28
negbin	2023-06-15	0.4	0.5	0.5	0.36	0.44
negbin	2023-06-15	0.5	0.66	0.66	0.42	0.44
negbin	2023-06-15	0.6000000000000001	0.7	0.76	0.54	0.62
negbin	2023-06-15	0.7000000000000001	0.74	0.84	0.6	0.64
negbin	2023-06-15	0.8	0.86	0.88	0.78	0.86
negbin	2023-06-15	0.9	1.0	0.92	0.94	0.9
negbin	2023-06-15	1.0	1.0	1.0	1.0	1.0
negbin	2023-06-22	0.0	0.24	0.12	0.06	0.08
negbin	2023-06-22	0.1	0.4	0.18	0.14	0.22
negbin	2023-06-22	0.2	0.4	0.18	0.28	0.32
negbin	2023-06-22	0.30000000000000004	0.58	0.4	0.4	0.36
negbin	2023-06-22	0.4	0.58	0.4	0.46	0.44
negbin	2023-06-22	0.5	0.62	0.46	0.46	0.54
negbin	2023-06-22	0.6000000000000001	0.7	0.66	0.7	0.62
negbin	2023-06-22	0.7000000000000001	0.74	0.66	0.8	0.78
negbin	2023-06-22	0.8	0.86	0.9	0.86	0.88
negbin	2023-06-22	0.9	0.9	0.94	0.92	0.94
negbin	2023-06-22	1.0	1.0	1.0	1.0	1.0
negbin	2023-06-29	0.0	0.12	0.08	0.14	0.06
negbin	2023-06-29	0.1	0.18	0.14	0.22	0.2
negbin	2023-06-29	0.2	0.18	0.14	0.26	0.26
negbin	2023-06-29	0.30000000000000004	0.4	0.4	0.36	0.46
negbin	2023-06-29	0.4	0.4	0.4	0.46	0.54
negbin	2023-06-29	0.5	0.46	0.68	0.54	0.56
negbin	2023-06-29	0.6000000000000001	0.66	0.7	0.64	0.7
negbin	2023-06-29	0.7000000000000001	0.66	0.72	0.72	0.78
negbin	2023-06-29	0.8	0.84	0.8	0.82	0.78
negbin	2023-06-29	0.9	0.94	0.92	0.9	0.86
negbin	2023-06-29	1.0	1.0	1.0	1.0	1.0
negbin	2023-07-06	0.0	0.08	0.14	0.14	0.12
negbin	2023-07-06	0.1	0.14	0.18	0.2	0.26
negbin	2023-07-06	0.2	0.26	0.26	0.4	0.26
negbin	2023-07-06	0.30000000000000004	0.4	0.26	0.46	0.4
negbin	2023-07-06	0.4	0.4	0.46	0.48	0.52
negbin	2023-07-06	0.5	0.68	0.46	0.56	0.56
negbin	2023-07-06	0.6000000000000001	0.68	0.64	0.76	0.64
negbin	2023-07-06	0.7000000000000001	0.72	0.72	0.76	0.7
negbin	2023-07-06	0.8	0.8	0.82	0.78	0.76
negbin	2023-07-06	0.9	0.92	0.9	0.86	0.88
negbin	2023-07-06	1.0	1.0	1.0	1.0	1.0
negbin	2023-07-13	0.0	0.14	0.14	0.12	0.12
negbin	2023-07-13	0.1	0.18	0.2	0.26	0.26
negbin	2023-07-13	0.2	0.26	0.4	0.26	0.34
negbin	2023-07-13	0.30000000000000004	0.26	0.46	0.4	0.38
negbin	2023-07-13	0.4	0.46	0.48	0.52	0.42
negbin	2023-07-13	0.5	0.46	0.56	0.56	0.52
negbin	2023-07-13	0.6000000000000001	0.64	0.76	0.64	0.52
negbin	2023-07-13	0.7000000000000001	0.72	0.76	0.7	0.64
negbin	2023-07-13	0.8	0.82	0.78	0.76	0.76
negbin	2023-07-13	0.9	0.9	0.86	0.88	0.78
negbin	2023-07-13	1.0	1.0	1.0	1.0	1.0
negbin	2023-07-20	0.0	0.06	0.12	0.12	0.14
negbin	2023-07-20	0.1	0.2	0.16	0.2	0.16
negbin	2023-07-20	0.2	0.26	0.3	0.34	0.26
negbin	2023-07-20	0.30000000000000004	0.26	0.42	0.38	0.38
negbin	2023-07-20	0.4	0.54	0.52	0.48	0.46
negbin	2023-07-20	0.5	0.68	0.6	0.48	0.56
negbin	2023-07-20	0.6000000000000001	0.7	0.7	0.6	0.62
negbin	2023-07-20	0.7000000000000001	0.78	0.7	0.68	0.68
negbin	2023-07-20	0.8	0.78	0.76	0.76	0.76
negbin	2023-07-20	0.9	0.86	0.86	0.82	0.84
negbin	2023-07-20	1.0	1.0	1.0	1.0	1.0
negbin	2023-07-27	0.0	0.04	0.08	0.14	0.12
negbin	2023-07-27	0.1	0.16	0.12	0.24	0.18
negbin	2023-07-27	0.2	0.28	0.24	0.26	0.22
negbin	2023-07-27	0.30000000000000004	0.42	0.44	0.34	0.44
negbin	2023-07-27	0.4	0.5	0.44	0.46	0.44
negbin	2023-07-27	0.5	0.66	0.56	0.56	0.58
negbin	2023-07-27	0.6000000000000001	0.66	0.64	0.62	0.68
negbin	2023-07-27	0.7000000000000001	0.74	0.72	0.68	0.72
negbin	2023-07-27	0.8	0.84	0.78	0.8	0.78
negbin	2023-07-27	0.9	0.86	0.84	0.86	0.88
negbin	2023-07-27	1.0	1.0	1.0	1.0	1.0
negbin	2023-08-03	0.0	0.08	0.1	0.12	0.04
negbin	2023-08-03	0.1	0.12	0.24	0.16	0.08
negbin	2023-08-03	0.2	0.24	0.34	0.22	0.08
negbin	2023-08-03	0.30000000000000004	0.3	0.34	0.44	0.24
negbin	2023-08-03	0.4	0.52	0.46	0.46	0.28
negbin	2023-08-03	0.5	0.52	0.52	0.62	0.38
negbin	2023-08-03	0.6000000000000001	0.64	0.68	0.62	0.5
negbin	2023-08-03	0.7000000000000001	0.72	0.7	0.72	0.6
negbin	2023-08-03	0.8	0.78	0.8	0.82	0.68
negbin	2023-08-03	0.9	0.84	0.86	0.86	0.82
negbin	2023-08-03	1.0	1.0	1.0	1.0	1.0
negbin	2023-08-10	0.0	0.14	0.12	0.04	0.04
negbin	2023-08-10	0.1	0.24	0.22	0.06	0.08
negbin	2023-08-10	0.2	0.34	0.22	0.08	0.1
negbin	2023-08-10	0.30000000000000004	0.34	0.44	0.24	0.12
negbin	2023-08-10	0.4	0.46	0.46	0.34	0.2
negbin	2023-08-10	0.5	0.52	0.58	0.38	0.22
negbin	2023-08-10	0.6000000000000001	0.62	0.68	0.5	0.36
negbin	2023-08-10	0.7000000000000001	0.68	0.72	0.6	0.46
negbin	2023-08-10	0.8	0.8	0.82	0.68	0.62
negbin	2023-08-10	0.9	0.86	0.88	0.82	0.68
negbin	2023-08-10	1.0	1.0	1.0	1.0	1.0
negbin	2023-08-17	0.0	0.06	0.02	0.04	0.0
negbin	2023-08-17	0.1	0.18	0.14	0.1	0.04
negbin	2023-08-17	0.2	0.36	0.14	0.1	0.08
negbin	2023-08-17	0.30000000000000004	0.36	0.26	0.2	0.18
negbin	2023-08-17	0.4	0.56	0.34	0.2	0.18
negbin	2023-08-17	0.5	0.64	0.4	0.34	0.28
negbin	2023-08-17	0.6000000000000001	0.64	0.54	0.44	0.36
negbin	2023-08-17	0.7000000000000001	0.72	0.6	0.58	0.36
negbin	2023-08-17	0.8	0.8	0.68	0.68	0.48
negbin	2023-08-17	0.9	0.88	0.88	0.84	0.78
negbin	2023-08-17	1.0	1.0	1.0	1.0	1.0
negbin	2023-08-24	0.0	0.02	0.04	0.0	0.06
negbin	2023-08-24	0.1	0.1	0.06	0.04	0.18
negbin	2023-08-24	0.2	0.14	0.1	0.04	0.3
negbin	2023-08-24	0.30000000000000004	0.26	0.2	0.18	0.3
negbin	2023-08-24	0.4	0.26	0.34	0.18	0.36
negbin	2023-08-24	0.5	0.4	0.34	0.28	0.56
negbin	2023-08-24	0.6000000000000001	0.54	0.44	0.34	0.56
negbin	2023-08-24	0.7000000000000001	0.6	0.58	0.48	0.64
negbin	2023-08-24	0.8	0.66	0.68	0.48	0.7
negbin	2023-08-24	0.9	0.88	0.84	0.78	0.82
negbin	2023-08-24	1.0	1.0	1.0	1.0	1.0
negbin	2023-08-31	0.0	0.08	0.1	0.06	0.1
negbin	2023-08-31	0.1	0.22	0.18	0.22	0.14
negbin	2023-08-31	0.2	0.24	0.18	0.28	0.22
negbin	2023-08-31	0.30000000000000004	0.32	0.24	0.48	0.22
negbin	2023-08-31	0.4	0.5	0.36	0.48	0.36
negbin	2023-08-31	0.5	0.54	0.4	0.6	0.36
negbin	2023-08-31	0.6000000000000001	0.62	0.5	0.78	0.5
negbin	2023-08-31	0.7000000000000001	0.62	0.72	0.78	0.56
negbin	2023-08-31	0.8	0.8	0.74	0.9	0.62
negbin	2023-08-31	0.9	0.86	0.94	0.96	0.76
negbin	2023-08-31	1.0	1.0	1.0	1.0	1.0
negbin	2023-09-07	0.0	0.12	0.06	0.12	0.06
negbin	2023-09-07	0.1	0.18	0.14	0.24	0.26
negbin	2023-09-07	0.2	0.24	0.26	0.32	0.32
negbin	2023-09-07	0.30000000000000004	0.32	0.42	0.34	0.42
negbin	2023-09-07	0.4	0.64	0.5	0.38	0.54
negbin	2023-09-07	0.5	0.64	0.56	0.52	0.54
negbin	2023-09-07	0.6000000000000001	0.76	0.68	0.52	0.7
negbin	2023-09-07	0.7000000000000001	0.76	0.84	0.66	0.78
negbin	2023-09-07	0.8	0.86	0.9	0.68	0.78
negbin	2023-09-07	0.9	0.9	0.96	0.84	0.86
negbin	2023-09-07	1.0	1.0	1.0	1.0	1.0
negbin	2023-09-14	0.0	0.06	0.12	0.06	0.04
negbin	2023-09-14	0.1	0.18	0.24	0.26	0.16
negbin	2023-09-14	0.2	0.26	0.34	0.32	0.16
negbin	2023-09-14	0.30000000000000004	0.34	0.34	0.42	0.26
negbin	2023-09-14	0.4	0.5	0.42	0.54	0.26
negbin	2023-09-14	0.5	0.62	0.42	0.54	0.38
negbin	2023-09-14	0.6000000000000001	0.62	0.66	0.7	0.42
negbin	2023-09-14	0.7000000000000001	0.72	0.66	0.78	0.62
negbin	2023-09-14	0.8	0.9	0.68	0.8	0.66
negbin	2023-09-14	0.9	0.96	0.8	0.86	0.86
negbin	2023-09-14	1.0	1.0	1.0	1.0	1.0
negbin	2023-09-21	0.0	0.02	0.06	0.08	0.04
negbin	2023-09-21	0.1	0.14	0.12	0.14	0.1
negbin	2023-09-21	0.2	0.18	0.18	0.22	0.22
negbin	2023-09-21	0.30000000000000004	0.3	0.32	0.26	0.28
negbin	2023-09-21	0.4	0.44	0.52	0.4	0.34
negbin	2023-09-21	0.5	0.52	0.56	0.46	0.54
negbin	2023-09-21	0.6000000000000001	0.56	0.66	0.52	0.54
negbin	2023-09-21	0.7000000000000001	0.66	0.76	0.56	0.66
negbin	2023-09-21	0.8	0.76	0.8	0.76	0.74
negbin	2023-09-21	0.9	0.86	0.88	0.88	0.86
negbin	2023-09-21	1.0	1.0	1.0	1.0	1.0
negbin	2023-09-28	0.0	0.06	0.06	0.06	0.08
negbin	2023-09-28	0.1	0.12	0.14	0.1	0.12
negbin	2023-09-28	0.2	0.18	0.18	0.16	0.18
negbin	2023-09-28	0.30000000000000004	0.32	0.26	0.28	0.22
negbin	2023-09-28	0.4	0.52	0.32	0.36	0.44
negbin	2023-09-28	0.5	0.66	0.48	0.36	0.52
negbin	2023-09-28	0.6000000000000001	0.66	0.52	0.58	0.52
negbin	2023-09-28	0.7000000000000001	0.76	0.56	0.62	0.74
negbin	2023-09-28	0.8	0.84	0.82	0.7	0.78
negbin	2023-09-28	0.9	0.9	0.9	0.78	0.86
negbin	2023-09-28	1.0	1.0	1.0	1.0	1.0
negbin	2023-10-05	0.0	0.06	0.06	0.04	0.08
negbin	2023-10-05	0.1	0.14	0.1	0.12	0.2
negbin	2023-10-05	0.2	0.18	0.16	0.22	0.2
negbin	2023-10-05	0.30000000000000004	0.32	0.3	0.22	0.32
negbin	2023-10-05	0.4	0.32	0.3	0.44	0.32
negbin	2023-10-05	0.5	0.48	0.36	0.46	0.44
negbin	2023-10-05	0.6000000000000001	0.52	0.58	0.54	0.64
negbin	2023-10-05	0.7000000000000001	0.6	0.62	0.74	0.66
negbin	2023-10-05	0.8	0.82	0.7	0.78	0.76
negbin	2023-10-05	0.9	0.9	0.78	0.86	0.88
negbin	2023-10-05	1.0	1.0	1.0	1.0	1.0
negbin	2023-10-12	0.0	0.12	0.16	0.12	0.06
negbin	2023-10-12	0.1	0.18	0.22	0.32	0.1
negbin	2023-10-12	0.2	0.22	0.28	0.42	0.24
negbin	2023-10-12	0.30000000000000004	0.4	0.48	0.52	0.24
negbin	2023-10-12	0.4	0.46	0.56	0.6	0.42
negbin	2023-10-12	0.5	0.6	0.62	0.78	0.42
negbin	2023-10-12	0.6000000000000001	0.6	0.62	0.82	0.54
negbin	2023-10-12	0.7000000000000001	0.66	0.74	0.86	0.68
negbin	2023-10-12	0.8	0.78	0.9	0.96	0.8
negbin	2023-10-12	0.9	0.88	0.92	0.98	0.86
negbin	2023-10-12	1.0	1.0	1.0	1.0	1.0
negbin	2023-10-19	0.0	0.2	0.1	0.12	0.14
negbin	2023-10-19	0.1	0.26	0.3	0.18	0.22
negbin	2023-10-19	0.2	0.26	0.3	0.26	0.32
negbin	2023-10-19	0.30000000000000004	0.44	0.52	0.3	0.42
negbin	2023-10-19	0.4	0.5	0.62	0.34	0.5
negbin	2023-10-19	0.5	0.58	0.64	0.36	0.62
negbin	2023-10-19	0.6000000000000001	0.66	0.72	0.54	0.7
negbin	2023-10-19	0.7000000000000001	0.78	0.9	0.62	0.78
negbin	2023-10-19	0.8	0.82	0.94	0.8	0.78
negbin	2023-10-19	0.9	0.92	0.98	0.84	0.9
negbin	2023-10-19	1.0	1.0	1.0	1.0	1.0
negbin	2023-10-26	0.0	0.2	0.06	0.08	0.02
negbin	2023-10-26	0.1	0.3	0.18	0.22	0.08
negbin	2023-10-26	0.2	0.42	0.22	0.32	0.12
negbin	2023-10-26	0.30000000000000004	0.42	0.3	0.42	0.16
negbin	2023-10-26	0.4	0.62	0.32	0.54	0.26
negbin	2023-10-26	0.5	0.7	0.46	0.64	0.26
negbin	2023-10-26	0.6000000000000001	0.8	0.46	0.74	0.42
negbin	2023-10-26	0.7000000000000001	0.9	0.62	0.74	0.66
negbin	2023-10-26	0.8	0.96	0.84	0.82	0.8
negbin	2023-10-26	0.9	0.96	0.86	0.92	0.84
negbin	2023-10-26	1.0	1.0	1.0	1.0	1.0
negbin	2023-11-02	0.0	0.06	0.08	0.06	0.04
negbin	2023-11-02	0.1	0.18	0.32	0.08	0.06
negbin	2023-11-02	0.2	0.22	0.32	0.12	0.18
negbin	2023-11-02	0.30000000000000004	0.32	0.54	0.16	0.26
negbin	2023-11-02	0.4	0.32	0.54	0.2	0.38
negbin	2023-11-02	0.5	0.46	0.64	0.34	0.46
negbin	2023-11-02	0.6000000000000001	0.54	0.68	0.48	0.52
negbin	2023-11-02	0.7000000000000001	0.76	0.74	0.5	0.6
negbin	2023-11-02	0.8	0.8	0.82	0.68	0.76
negbin	2023-11-02	0.9	0.86	0.92	0.82	0.84
negbin	2023-11-02	1.0	1.0	1.0	1.0	1.0
negbin	2023-11-09	0.0	0.08	0.06	0.04	0.04
negbin	2023-11-09	0.1	0.22	0.08	0.16	0.12
negbin	2023-11-09	0.2	0.32	0.16	0.18	0.24
negbin	2023-11-09	0.30000000000000004	0.54	0.16	0.36	0.32
negbin	2023-11-09	0.4	0.54	0.26	0.36	0.34
negbin	2023-11-09	0.5	0.64	0.34	0.46	0.5
negbin	2023-11-09	0.6000000000000001	0.68	0.42	0.58	0.5
negbin	2023-11-09	0.7000000000000001	0.74	0.66	0.6	0.62
negbin	2023-11-09	0.8	0.82	0.68	0.74	0.78
negbin	2023-11-09	0.9	0.92	0.84	0.84	0.88
negbin	2023-11-09	1.0	1.0	1.0	1.0	1.0
negbin	2023-11-16	0.0	0.02	0.12	0.12	0.0
negbin	2023-11-16	0.1	0.08	0.16	0.16	0.06
negbin	2023-11-16	0.2	0.12	0.26	0.32	0.28
negbin	2023-11-16	0.30000000000000004	0.16	0.28	0.32	0.28
negbin	2023-11-16	0.4	0.26	0.44	0.48	0.42
negbin	2023-11-16	0.5	0.34	0.44	0.5	0.44
negbin	2023-11-16	0.6000000000000001	0.42	0.52	0.62	0.56
negbin	2023-11-16	0.7000000000000001	0.66	0.7	0.78	0.58
negbin	2023-11-16	0.8	0.8	0.74	0.78	0.74
negbin	2023-11-16	0.9	0.82	1.0	0.88	0.8
negbin	2023-11-16	1.0	1.0	1.0	1.0	1.0
negbin	2023-11-23	0.0	0.12	0.12	0.06	0.06
negbin	2023-11-23	0.1	0.22	0.2	0.2	0.1
negbin	2023-11-23	0.2	0.26	0.24	0.2	0.1
negbin	2023-11-23	0.30000000000000004	0.34	0.4	0.38	0.2
negbin	2023-11-23	0.4	0.36	0.48	0.38	0.28
negbin	2023-11-23	0.5	0.5	0.6	0.54	0.4
negbin	2023-11-23	0.6000000000000001	0.62	0.78	0.56	0.44
negbin	2023-11-23	0.7000000000000001	0.64	0.78	0.74	0.6
negbin	2023-11-23	0.8	0.8	0.88	0.8	0.66
negbin	2023-11-23	0.9	1.0	0.92	0.86	0.78
negbin	2023-11-23	1.0	1.0	1.0	1.0	1.0
negbin	2023-11-30	0.0	0.12	0.06	0.06	0.06
negbin	2023-11-30	0.1	0.16	0.06	0.06	0.22
negbin	2023-11-30	0.2	0.24	0.2	0.1	0.22
negbin	2023-11-30	0.30000000000000004	0.32	0.28	0.18	0.4
negbin	2023-11-30	0.4	0.48	0.42	0.28	0.4
negbin	2023-11-30	0.5	0.6	0.42	0.4	0.58
negbin	2023-11-30	0.6000000000000001	0.62	0.56	0.44	0.62
negbin	2023-11-30	0.7000000000000001	0.78	0.74	0.6	0.76
negbin	2023-11-30	0.8	0.88	0.8	0.66	0.8
negbin	2023-11-30	0.9	0.92	0.86	0.78	0.88
negbin	2023-11-30	1.0	1.0	1.0	1.0	1.0
negbin	2023-12-07	0.0	0.14	0.04	0.06	0.1
negbin	2023-12-07	0.1	0.2	0.14	0.18	0.14
negbin	2023-12-07	0.2	0.3	0.2	0.24	0.2
negbin	2023-12-07	0.30000000000000004	0.3	0.28	0.38	0.28
negbin	2023-12-07	0.4	0.42	0.28	0.48	0.34
negbin	2023-12-07	0.5	0.5	0.5	0.68	0.42
negbin	2023-12-07	0.6000000000000001	0.7	0.5	0.68	0.56
negbin	2023-12-07	0.7000000000000001	0.78	0.6	0.76	0.64
negbin	2023-12-07	0.8	0.8	0.76	0.8	0.76
negbin	2023-12-07	0.9	0.86	0.78	0.86	0.92
negbin	2023-12-07	1.0	1.0	1.0	1.0	1.0
negbin	2023-12-14	0.0	0.1	0.12	0.1	0.08
negbin	2023-12-14	0.1	0.14	0.18	0.16	0.14
negbin	2023-12-14	0.2	0.14	0.32	0.2	0.18
negbin	2023-12-14	0.30000000000000004	0.28	0.38	0.26	0.24
negbin	2023-12-14	0.4	0.28	0.38	0.34	0.32
negbin	2023-12-14	0.5	0.42	0.62	0.46	0.48
negbin	2023-12-14	0.6000000000000001	0.5	0.68	0.54	0.48
negbin	2023-12-14	0.7000000000000001	0.6	0.76	0.64	0.58
negbin	2023-12-14	0.8	0.76	0.86	0.84	0.64
negbin	2023-12-14	0.9	0.92	0.9	0.94	0.84
negbin	2023-12-14	1.0	1.0	1.0	1.0	1.0
negbin	2023-12-21	0.0	0.12	0.06	0.06	0.12
negbin	2023-12-21	0.1	0.26	0.12	0.12	0.2
negbin	2023-12-21	0.2	0.32	0.22	0.2	0.26
negbin	2023-12-21	0.30000000000000004	0.46	0.34	0.2	0.34
negbin	2023-12-21	0.4	0.52	0.38	0.32	0.48
negbin	2023-12-21	0.5	0.56	0.46	0.4	0.6
negbin	2023-12-21	0.6000000000000001	0.66	0.54	0.48	0.64
negbin	2023-12-21	0.7000000000000001	0.78	0.74	0.56	0.66
negbin	2023-12-21	0.8	0.82	0.76	0.74	0.78
negbin	2023-12-21	0.9	0.9	0.9	0.94	0.9
negbin	2023-12-21	1.0	1.0	1.0	1.0	1.0
negbin	2023-12-28	0.0	0.06	0.06	0.12	0.08
negbin	2023-12-28	0.1	0.12	0.06	0.2	0.18
negbin	2023-12-28	0.2	0.22	0.2	0.26	0.26
negbin	2023-12-28	0.30000000000000004	0.34	0.24	0.34	0.3
negbin	2023-12-28	0.4	0.38	0.32	0.48	0.38
negbin	2023-12-28	0.5	0.38	0.4	0.6	0.56
negbin	2023-12-28	0.6000000000000001	0.54	0.48	0.64	0.56
negbin	2023-12-28	0.7000000000000001	0.74	0.56	0.66	0.68
negbin	2023-12-28	0.8	0.76	0.74	0.78	0.78
negbin	2023-12-28	0.9	0.9	0.94	0.9	0.9
negbin	2023-12-28	1.0	1.0	1.0	1.0	1.0
negbin	2024-01-04	0.0	0.06	0.12	0.08	0.18
negbin	2024-01-04	0.1	0.06	0.2	0.18	0.28
negbin	2024-01-04	0.2	0.2	0.26	0.26	0.34
negbin	2024-01-04	0.30000000000000004	0.2	0.34	0.3	0.38
negbin	2024-01-04	0.4	0.32	0.48	0.38	0.5
negbin	2024-01-04	0.5	0.4	0.6	0.5	0.62
negbin	2024-01-04	0.6000000000000001	0.48	0.64	0.56	0.62
negbin	2024-01-04	0.7000000000000001	0.56	0.66	0.68	0.84
negbin	2024-01-04	0.8	0.74	0.78	0.78	0.9
negbin	2024-01-04	0.9	0.94	0.9	0.9	0.96
negbin	2024-01-04	1.0	1.0	1.0	1.0	1.0
negbin	2024-01-11	0.0	0.12	0.08	0.18	0.06
negbin	2024-01-11	0.1	0.2	0.18	0.28	0.1
negbin	2024-01-11	0.2	0.26	0.26	0.34	0.24
negbin	2024-01-11	0.30000000000000004	0.34	0.3	0.38	0.36
negbin	2024-01-11	0.4	0.48	0.38	0.5	0.38
negbin	2024-01-11	0.5	0.6	0.5	0.62	0.62
negbin	2024-01-11	0.6000000000000001	0.64	0.56	0.62	0.62
negbin	2024-01-11	0.7000000000000001	0.66	0.68	0.84	0.74
negbin	2024-01-11	0.8	0.78	0.78	0.9	0.82
negbin	2024-01-11	0.9	0.9	0.9	0.96	0.9
negbin	2024-01-11	1.0	1.0	1.0	1.0	1.0
negbin	2024-01-18	0.0	0.1	0.1	0.04	0.06
negbin	2024-01-18	0.1	0.18	0.28	0.1	0.1
negbin	2024-01-18	0.2	0.22	0.28	0.1	0.18
negbin	2024-01-18	0.30000000000000004	0.3	0.38	0.36	0.22
negbin	2024-01-18	0.4	0.42	0.5	0.38	0.3
negbin	2024-01-18	0.5	0.5	0.58	0.56	0.46
negbin	2024-01-18	0.6000000000000001	0.6	0.62	0.62	0.62
negbin	2024-01-18	0.7000000000000001	0.68	0.84	0.74	0.64
negbin	2024-01-18	0.8	0.78	0.9	0.82	0.76
negbin	2024-01-18	0.9	0.9	0.96	0.9	0.84
negbin	2024-01-18	1.0	1.0	1.0	1.0	1.0
negbin	2024-01-25	0.0	0.1	0.04	0.06	0.02
negbin	2024-01-25	0.1	0.14	0.16	0.14	0.24
negbin	2024-01-25	0.2	0.32	0.22	0.18	0.28
negbin	2024-01-25	0.30000000000000004	0.4	0.4	0.34	0.42
negbin	2024-01-25	0.4	0.46	0.54	0.38	0.52
negbin	2024-01-25	0.5	0.6	0.62	0.5	0.54
negbin	2024-01-25	0.6000000000000001	0.72	0.64	0.58	0.64
negbin	2024-01-25	0.7000000000000001	0.8	0.76	0.7	0.7
negbin	2024-01-25	0.8	0.88	0.8	0.72	0.74
negbin	2024-01-25	0.9	0.94	0.9	0.84	0.82
negbin	2024-01-25	1.0	1.0	1.0	1.0	1.0
negbin	2024-02-01	0.0	0.12	0.08	0.22	0.0
negbin	2024-02-01	0.1	0.3	0.24	0.24	0.16
negbin	2024-02-01	0.2	0.34	0.3	0.38	0.22
negbin	2024-02-01	0.30000000000000004	0.42	0.42	0.42	0.28
negbin	2024-02-01	0.4	0.48	0.46	0.52	0.32
negbin	2024-02-01	0.5	0.48	0.46	0.62	0.38
negbin	2024-02-01	0.6000000000000001	0.68	0.58	0.7	0.42
negbin	2024-02-01	0.7000000000000001	0.7	0.66	0.7	0.62
negbin	2024-02-01	0.8	0.84	0.78	0.8	0.62
negbin	2024-02-01	0.9	0.94	0.92	0.96	0.76
negbin	2024-02-01	1.0	1.0	1.0	1.0	1.0
negbin	2024-02-08	0.0	0.08	0.22	0.0	0.1
negbin	2024-02-08	0.1	0.24	0.22	0.16	0.16
negbin	2024-02-08	0.2	0.3	0.38	0.22	0.24
negbin	2024-02-08	0.30000000000000004	0.42	0.38	0.28	0.24
negbin	2024-02-08	0.4	0.46	0.52	0.32	0.54
negbin	2024-02-08	0.5	0.54	0.62	0.38	0.54
negbin	2024-02-08	0.6000000000000001	0.58	0.68	0.42	0.54
negbin	2024-02-08	0.7000000000000001	0.74	0.7	0.62	0.76
negbin	2024-02-08	0.8	0.78	0.76	0.62	0.8
negbin	2024-02-08	0.9	0.88	0.96	0.76	0.84
negbin	2024-02-08	1.0	1.0	1.0	1.0	1.0
negbin	2024-02-15	0.0	0.14	0.16	0.06	0.06
negbin	2024-02-15	0.1	0.36	0.22	0.16	0.3
negbin	2024-02-15	0.2	0.46	0.22	0.32	0.38
negbin	2024-02-15	0.30000000000000004	0.48	0.28	0.4	0.44
negbin	2024-02-15	0.4	0.48	0.34	0.4	0.48
negbin	2024-02-15	0.5	0.58	0.52	0.54	0.58
negbin	2024-02-15	0.6000000000000001	0.68	0.56	0.74	0.64
negbin	2024-02-15	0.7000000000000001	0.74	0.74	0.74	0.72
negbin	2024-02-15	0.8	0.76	0.76	0.8	0.82
negbin	2024-02-15	0.9	0.94	0.96	0.92	0.82
negbin	2024-02-15	1.0	1.0	1.0	1.0	1.0
negbin	2024-02-22	0.0	0.06	0.16	0.24	0.14
negbin	2024-02-22	0.1	0.12	0.22	0.3	0.22
negbin	2024-02-22	0.2	0.28	0.22	0.36	0.34
negbin	2024-02-22	0.30000000000000004	0.28	0.22	0.36	0.36
negbin	2024-02-22	0.4	0.46	0.52	0.54	0.36
negbin	2024-02-22	0.5	0.46	0.6	0.54	0.48
negbin	2024-02-22	0.6000000000000001	0.66	0.6	0.62	0.56
negbin	2024-02-22	0.7000000000000001	0.7	0.78	0.68	0.66
negbin	2024-02-22	0.8	0.94	0.78	0.78	0.78
negbin	2024-02-22	0.9	0.96	0.9	0.94	0.9
negbin	2024-02-22	1.0	1.0	1.0	1.0	1.0
negbin	2024-02-29	0.0	0.0	0.06	0.14	0.08
negbin	2024-02-29	0.1	0.16	0.3	0.26	0.08
negbin	2024-02-29	0.2	0.16	0.4	0.34	0.2
negbin	2024-02-29	0.30000000000000004	0.42	0.4	0.42	0.2
negbin	2024-02-29	0.4	0.42	0.5	0.44	0.46
negbin	2024-02-29	0.5	0.52	0.58	0.44	0.5
negbin	2024-02-29	0.6000000000000001	0.56	0.58	0.56	0.68
negbin	2024-02-29	0.7000000000000001	0.64	0.68	0.64	0.7
negbin	2024-02-29	0.8	0.86	0.74	0.76	0.82
negbin	2024-02-29	0.9	0.94	0.94	0.9	0.96
negbin	2024-02-29	1.0	1.0	1.0	1.0	1.0
negbin	2024-03-07	0.0	0.06	0.12	0.06	0.1
negbin	2024-03-07	0.1	0.16	0.26	0.14	0.3
negbin	2024-03-07	0.2	0.4	0.34	0.28	0.3
negbin	2024-03-07	0.30000000000000004	0.44	0.42	0.34	0.46
negbin	2024-03-07	0.4	0.5	0.5	0.52	0.46
negbin	2024-03-07	0.5	0.5	0.52	0.64	0.68
negbin	2024-03-07	0.6000000000000001	0.64	0.52	0.64	0.7
negbin	2024-03-07	0.7000000000000001	0.68	0.66	0.8	0.7
negbin	2024-03-07	0.8	0.86	0.84	0.88	0.82
negbin	2024-03-07	0.9	1.0	0.88	0.92	0.94
negbin	2024-03-07	1.0	1.0	1.0	1.0	1.0
negbin	2024-03-14	0.0	0.12	0.06	0.1	0.12
negbin	2024-03-14	0.1	0.2	0.2	0.1	0.18
negbin	2024-03-14	0.2	0.2	0.2	0.4	0.18
negbin	2024-03-14	0.30000000000000004	0.42	0.46	0.4	0.36
negbin	2024-03-14	0.4	0.42	0.46	0.46	0.36
negbin	2024-03-14	0.5	0.5	0.52	0.58	0.52
negbin	2024-03-14	0.6000000000000001	0.62	0.76	0.68	0.58
negbin	2024-03-14	0.7000000000000001	0.66	0.8	0.82	0.66
negbin	2024-03-14	0.8	0.84	0.88	0.82	0.8
negbin	2024-03-14	0.9	0.92	0.92	0.94	0.86
negbin	2024-03-14	1.0	1.0	1.0	1.0	1.0
negbin	2024-03-21	0.0	0.06	0.1	0.12	0.06
negbin	2024-03-21	0.1	0.2	0.1	0.18	0.12
negbin	2024-03-21	0.2	0.2	0.4	0.18	0.12
negbin	2024-03-21	0.30000000000000004	0.46	0.4	0.36	0.36
negbin	2024-03-21	0.4	0.46	0.58	0.36	0.36
negbin	2024-03-21	0.5	0.52	0.58	0.52	0.44
negbin	2024-03-21	0.6000000000000001	0.76	0.68	0.58	0.6
negbin	2024-03-21	0.7000000000000001	0.76	0.82	0.66	0.74
negbin	2024-03-21	0.8	0.88	0.82	0.8	0.8
negbin	2024-03-21	0.9	0.92	0.92	0.84	0.86
negbin	2024-03-21	1.0	1.0	1.0	1.0	1.0
negbin	2024-03-28	0.0	0.1	0.12	0.06	0.08
negbin	2024-03-28	0.1	0.2	0.18	0.12	0.26
negbin	2024-03-28	0.2	0.4	0.18	0.12	0.44
negbin	2024-03-28	0.30000000000000004	0.4	0.36	0.36	0.52
negbin	2024-03-28	0.4	0.58	0.36	0.36	0.52
negbin	2024-03-28	0.5	0.58	0.52	0.44	0.66
negbin	2024-03-28	0.6000000000000001	0.68	0.58	0.6	0.66
negbin	2024-03-28	0.7000000000000001	0.82	0.66	0.74	0.72
negbin	2024-03-28	0.8	0.82	0.8	0.8	0.8
negbin	2024-03-28	0.9	0.92	0.86	0.86	0.9
negbin	2024-03-28	1.0	1.0	1.0	1.0	1.0
negbin	2024-04-04	0.0	0.06	0.06	0.18	0.04
negbin	2024-04-04	0.1	0.18	0.06	0.18	0.08
negbin	2024-04-04	0.2	0.28	0.26	0.34	0.24
negbin	2024-04-04	0.30000000000000004	0.28	0.26	0.34	0.24
negbin	2024-04-04	0.4	0.36	0.44	0.58	0.44
negbin	2024-04-04	0.5	0.52	0.44	0.64	0.52
negbin	2024-04-04	0.6000000000000001	0.66	0.58	0.72	0.62
negbin	2024-04-04	0.7000000000000001	0.66	0.76	0.8	0.68
negbin	2024-04-04	0.8	0.74	0.8	0.82	0.8
negbin	2024-04-04	0.9	0.86	0.86	0.86	0.9
negbin	2024-04-04	1.0	1.0	1.0	1.0	1.0
negbin	2024-04-11	0.0	0.06	0.18	0.04	0.02
negbin	2024-04-11	0.1	0.12	0.26	0.08	0.14
negbin	2024-04-11	0.2	0.26	0.26	0.24	0.26
negbin	2024-04-11	0.30000000000000004	0.26	0.52	0.36	0.32
negbin	2024-04-11	0.4	0.44	0.52	0.44	0.46
negbin	2024-04-11	0.5	0.44	0.58	0.54	0.54
negbin	2024-04-11	0.6000000000000001	0.58	0.72	0.62	0.54
negbin	2024-04-11	0.7000000000000001	0.76	0.72	0.74	0.76
negbin	2024-04-11	0.8	0.8	0.82	0.8	0.8
negbin	2024-04-11	0.9	0.86	0.9	0.9	0.88
negbin	2024-04-11	1.0	1.0	1.0	1.0	1.0
negbin	2024-04-18	0.0	0.18	0.04	0.02	0.1
negbin	2024-04-18	0.1	0.26	0.08	0.14	0.16
negbin	2024-04-18	0.2	0.34	0.24	0.26	0.32
negbin	2024-04-18	0.30000000000000004	0.34	0.36	0.32	0.38
negbin	2024-04-18	0.4	0.58	0.44	0.46	0.46
negbin	2024-04-18	0.5	0.58	0.52	0.54	0.56
negbin	2024-04-18	0.6000000000000001	0.72	0.62	0.62	0.58
negbin	2024-04-18	0.7000000000000001	0.8	0.68	0.76	0.64
negbin	2024-04-18	0.8	0.82	0.8	0.86	0.74
negbin	2024-04-18	0.9	0.9	0.9	0.92	0.92
negbin	2024-04-18	1.0	1.0	1.0	1.0	1.0
negbin	2024-04-25	0.0	0.04	0.02	0.1	0.02
negbin	2024-04-25	0.1	0.08	0.14	0.16	0.1
negbin	2024-04-25	0.2	0.24	0.26	0.32	0.26
negbin	2024-04-25	0.30000000000000004	0.36	0.32	0.46	0.44
negbin	2024-04-25	0.4	0.44	0.46	0.46	0.44
negbin	2024-04-25	0.5	0.52	0.54	0.56	0.6
negbin	2024-04-25	0.6000000000000001	0.62	0.62	0.62	0.72
negbin	2024-04-25	0.7000000000000001	0.68	0.8	0.68	0.84
negbin	2024-04-25	0.8	0.82	0.86	0.74	0.88
negbin	2024-04-25	0.9	0.9	0.92	0.92	0.98
negbin	2024-04-25	1.0	1.0	1.0	1.0	1.0
negbin	2024-05-02	0.0	0.02	0.1	0.02	0.1
negbin	2024-05-02	0.1	0.14	0.16	0.1	0.12
negbin	2024-05-02	0.2	0.26	0.32	0.26	0.4
negbin	2024-05-02	0.30000000000000004	0.32	0.46	0.44	0.4
negbin	2024-05-02	0.4	0.46	0.46	0.44	0.5
negbin	2024-05-02	0.5	0.54	0.56	0.6	0.54
negbin	2024-05-02	0.6000000000000001	0.62	0.62	0.72	0.64
negbin	2024-05-02	0.7000000000000001	0.8	0.68	0.84	0.72
negbin	2024-05-02	0.8	0.86	0.74	0.92	0.82
negbin	2024-05-02	0.9	0.92	0.92	0.98	0.88
negbin	2024-05-02	1.0	1.0	1.0	1.0	1.0
negbin	2024-05-09	0.0	0.1	0.02	0.02	0.14
negbin	2024-05-09	0.1	0.32	0.18	0.12	0.32
negbin	2024-05-09	0.2	0.32	0.26	0.26	0.4
negbin	2024-05-09	0.30000000000000004	0.46	0.44	0.46	0.48
negbin	2024-05-09	0.4	0.46	0.52	0.5	0.48
negbin	2024-05-09	0.5	0.56	0.6	0.54	0.6
negbin	2024-05-09	0.6000000000000001	0.62	0.66	0.64	0.62
negbin	2024-05-09	0.7000000000000001	0.68	0.84	0.72	0.72
negbin	2024-05-09	0.8	0.74	0.92	0.78	0.82
negbin	2024-05-09	0.9	0.94	0.98	0.88	0.88
negbin	2024-05-09	1.0	1.0	1.0	1.0	1.0
negbin	2024-05-16	0.0	0.08	0.1	0.14	0.04
negbin	2024-05-16	0.1	0.1	0.24	0.18	0.12
negbin	2024-05-16	0.2	0.18	0.26	0.44	0.18
negbin	2024-05-16	0.30000000000000004	0.34	0.44	0.48	0.44
negbin	2024-05-16	0.4	0.52	0.44	0.56	0.48
negbin	2024-05-16	0.5	0.52	0.58	0.56	0.64
negbin	2024-05-16	0.6000000000000001	0.66	0.68	0.68	0.74
negbin	2024-05-16	0.7000000000000001	0.74	0.7	0.8	0.82
negbin	2024-05-16	0.8	0.88	0.78	0.88	0.84
negbin	2024-05-16	0.9	0.98	0.88	0.88	0.96
negbin	2024-05-16	1.0	1.0	1.0	1.0	1.0
negbin	2024-05-23	0.0	0.1	0.04	0.04	0.08
negbin	2024-05-23	0.1	0.24	0.18	0.1	0.14
negbin	2024-05-23	0.2	0.3	0.26	0.18	0.32
negbin	2024-05-23	0.30000000000000004	0.3	0.44	0.44	0.32
negbin	2024-05-23	0.4	0.52	0.56	0.56	0.48
negbin	2024-05-23	0.5	0.58	0.64	0.6	0.68
negbin	2024-05-23	0.6000000000000001	0.68	0.64	0.7	0.7
negbin	2024-05-23	0.7000000000000001	0.7	0.78	0.76	0.84
negbin	2024-05-23	0.8	0.78	0.88	0.84	0.88
negbin	2024-05-23	0.9	0.84	0.88	0.96	0.92
negbin	2024-05-23	1.0	1.0	1.0	1.0	1.0
negbin	2024-05-30	0.0	0.14	0.04	0.06	0.08
negbin	2024-05-30	0.1	0.18	0.12	0.14	0.18
negbin	2024-05-30	0.2	0.36	0.18	0.24	0.36
negbin	2024-05-30	0.30000000000000004	0.48	0.44	0.36	0.38
negbin	2024-05-30	0.4	0.56	0.48	0.48	0.52
negbin	2024-05-30	0.5	0.56	0.64	0.52	0.54
negbin	2024-05-30	0.6000000000000001	0.68	0.68	0.7	0.62
negbin	2024-05-30	0.7000000000000001	0.8	0.82	0.84	0.72
negbin	2024-05-30	0.8	0.82	0.84	0.88	0.84
negbin	2024-05-30	0.9	0.88	0.96	0.92	0.92
negbin	2024-05-30	1.0	1.0	1.0	1.0	1.0
negbin	2024-06-06	0.0	0.04	0.08	0.14	0.04
negbin	2024-06-06	0.1	0.1	0.16	0.24	0.06
negbin	2024-06-06	0.2	0.3	0.34	0.46	0.2
negbin	2024-06-06	0.30000000000000004	0.3	0.34	0.46	0.38
negbin	2024-06-06	0.4	0.56	0.6	0.56	0.38
negbin	2024-06-06	0.5	0.6	0.64	0.58	0.56
negbin	2024-06-06	0.6000000000000001	0.7	0.78	0.7	0.7
negbin	2024-06-06	0.7000000000000001	0.76	0.84	0.82	0.72
negbin	2024-06-06	0.8	0.9	0.9	0.86	0.84
negbin	2024-06-06	0.9	0.96	0.94	0.94	0.94
negbin	2024-06-06	1.0	1.0	1.0	1.0	1.0
negbin	2024-06-13	0.0	0.08	0.14	0.04	0.06
negbin	2024-06-13	0.1	0.16	0.24	0.06	0.12
negbin	2024-06-13	0.2	0.28	0.38	0.2	0.28
negbin	2024-06-13	0.30000000000000004	0.34	0.46	0.38	0.28
negbin	2024-06-13	0.4	0.6	0.56	0.38	0.32
negbin	2024-06-13	0.5	0.74	0.68	0.56	0.42
negbin	2024-06-13	0.6000000000000001	0.74	0.68	0.7	0.46
negbin	2024-06-13	0.7000000000000001	0.82	0.82	0.72	0.6
negbin	2024-06-13	0.8	0.9	0.86	0.84	0.72
negbin	2024-06-13	0.9	0.94	0.94	0.94	0.82
negbin	2024-06-13	1.0	1.0	1.0	1.0	1.0
negbin	2024-06-20	0.0	0.14	0.06	0.1	0.04
negbin	2024-06-20	0.1	0.34	0.08	0.12	0.14
negbin	2024-06-20	0.2	0.34	0.2	0.18	0.14
negbin	2024-06-20	0.30000000000000004	0.54	0.24	0.22	0.28
negbin	2024-06-20	0.4	0.54	0.34	0.28	0.36
negbin	2024-06-20	0.5	0.72	0.48	0.3	0.38
negbin	2024-06-20	0.6000000000000001	0.76	0.62	0.36	0.42
negbin	2024-06-20	0.7000000000000001	0.82	0.68	0.38	0.52
negbin	2024-06-20	0.8	0.9	0.72	0.5	0.7
negbin	2024-06-20	0.9	0.94	0.84	0.7	0.76
negbin	2024-06-20	1.0	1.0	1.0	1.0	1.0
negbin	2024-06-27	0.0	0.02	0.1	0.1	0.1
negbin	2024-06-27	0.1	0.08	0.16	0.14	0.16
negbin	2024-06-27	0.2	0.12	0.18	0.22	0.22
negbin	2024-06-27	0.30000000000000004	0.24	0.24	0.28	0.26
negbin	2024-06-27	0.4	0.38	0.28	0.36	0.32
negbin	2024-06-27	0.5	0.6	0.34	0.42	0.42
negbin	2024-06-27	0.6000000000000001	0.66	0.38	0.5	0.42
negbin	2024-06-27	0.7000000000000001	0.72	0.48	0.52	0.56
negbin	2024-06-27	0.8	0.74	0.6	0.68	0.68
negbin	2024-06-27	0.9	0.86	0.74	0.8	0.8
negbin	2024-06-27	1.0	1.0	1.0	1.0	1.0
negbin	2024-07-04	0.0	0.06	0.08	0.06	0.1
negbin	2024-07-04	0.1	0.12	0.16	0.12	0.14
negbin	2024-07-04	0.2	0.18	0.2	0.22	0.16
negbin	2024-07-04	0.30000000000000004	0.28	0.38	0.32	0.28
negbin	2024-07-04	0.4	0.32	0.38	0.5	0.28
negbin	2024-07-04	0.5	0.42	0.58	0.56	0.38
negbin	2024-07-04	0.6000000000000001	0.58	0.64	0.66	0.4
negbin	2024-07-04	0.7000000000000001	0.66	0.7	0.74	0.46
negbin	2024-07-04	0.8	0.72	0.76	0.78	0.52
negbin	2024-07-04	0.9	0.82	0.86	0.94	0.62
negbin	2024-07-04	1.0	1.0	1.0	1.0	1.0
negbin	2024-07-11	0.0	0.08	0.06	0.1	0.04
negbin	2024-07-11	0.1	0.2	0.12	0.14	0.04
negbin	2024-07-11	0.2	0.2	0.22	0.16	0.1
negbin	2024-07-11	0.30000000000000004	0.38	0.32	0.18	0.12
negbin	2024-07-11	0.4	0.38	0.5	0.28	0.18
negbin	2024-07-11	0.5	0.58	0.56	0.38	0.26
negbin	2024-07-11	0.6000000000000001	0.58	0.66	0.38	0.36
negbin	2024-07-11	0.7000000000000001	0.7	0.74	0.42	0.36
negbin	2024-07-11	0.8	0.76	0.78	0.52	0.52
negbin	2024-07-11	0.9	0.88	0.94	0.62	0.64
negbin	2024-07-11	1.0	1.0	1.0	1.0	1.0
negbin	2024-07-18	0.0	0.06	0.1	0.04	0.04
negbin	2024-07-18	0.1	0.16	0.12	0.04	0.06
negbin	2024-07-18	0.2	0.34	0.16	0.1	0.12
negbin	2024-07-18	0.30000000000000004	0.34	0.26	0.16	0.12
negbin	2024-07-18	0.4	0.5	0.36	0.18	0.18
negbin	2024-07-18	0.5	0.56	0.36	0.24	0.2
negbin	2024-07-18	0.6000000000000001	0.7	0.4	0.36	0.26
negbin	2024-07-18	0.7000000000000001	0.78	0.46	0.44	0.4
negbin	2024-07-18	0.8	0.84	0.52	0.52	0.46
negbin	2024-07-18	0.9	0.94	0.62	0.64	0.54
negbin	2024-07-18	1.0	1.0	1.0	1.0	1.0
negbin	2024-07-25	0.0	0.1	0.06	0.06	0.04
negbin	2024-07-25	0.1	0.18	0.12	0.12	0.1
negbin	2024-07-25	0.2	0.22	0.22	0.18	0.18
negbin	2024-07-25	0.30000000000000004	0.22	0.36	0.32	0.22
negbin	2024-07-25	0.4	0.36	0.4	0.32	0.34
negbin	2024-07-25	0.5	0.46	0.48	0.4	0.34
negbin	2024-07-25	0.6000000000000001	0.46	0.56	0.42	0.42
negbin	2024-07-25	0.7000000000000001	0.58	0.6	0.48	0.52
negbin	2024-07-25	0.8	0.68	0.72	0.66	0.62
negbin	2024-07-25	0.9	0.78	0.92	0.82	0.74
negbin	2024-07-25	1.0	1.0	1.0	1.0	1.0
negbin	2024-08-01	0.0	0.08	0.06	0.06	0.16
negbin	2024-08-01	0.1	0.26	0.18	0.12	0.26
negbin	2024-08-01	0.2	0.26	0.18	0.26	0.32
negbin	2024-08-01	0.30000000000000004	0.4	0.3	0.26	0.46
negbin	2024-08-01	0.4	0.44	0.52	0.42	0.56
negbin	2024-08-01	0.5	0.6	0.52	0.54	0.56
negbin	2024-08-01	0.6000000000000001	0.66	0.66	0.58	0.68
negbin	2024-08-01	0.7000000000000001	0.88	0.74	0.7	0.8
negbin	2024-08-01	0.8	0.92	0.86	0.8	0.86
negbin	2024-08-01	0.9	0.96	0.92	0.92	0.96
negbin	2024-08-01	1.0	1.0	1.0	1.0	1.0
negbin	2024-08-08	0.0	0.06	0.06	0.16	0.06
negbin	2024-08-08	0.1	0.08	0.12	0.22	0.1
negbin	2024-08-08	0.2	0.24	0.22	0.4	0.16
negbin	2024-08-08	0.30000000000000004	0.24	0.36	0.4	0.24
negbin	2024-08-08	0.4	0.46	0.42	0.46	0.28
negbin	2024-08-08	0.5	0.6	0.5	0.64	0.4
negbin	2024-08-08	0.6000000000000001	0.64	0.58	0.7	0.46
negbin	2024-08-08	0.7000000000000001	0.72	0.7	0.76	0.62
negbin	2024-08-08	0.8	0.84	0.84	0.84	0.74
negbin	2024-08-08	0.9	0.92	0.94	0.94	0.8
negbin	2024-08-08	1.0	1.0	1.0	1.0	1.0
negbin	2024-08-15	0.0	0.1	0.08	0.04	0.06
negbin	2024-08-15	0.1	0.2	0.14	0.16	0.14
negbin	2024-08-15	0.2	0.34	0.14	0.16	0.24
negbin	2024-08-15	0.30000000000000004	0.4	0.38	0.2	0.36
negbin	2024-08-15	0.4	0.44	0.44	0.32	0.36
negbin	2024-08-15	0.5	0.52	0.56	0.38	0.42
negbin	2024-08-15	0.6000000000000001	0.62	0.64	0.48	0.54
negbin	2024-08-15	0.7000000000000001	0.66	0.76	0.5	0.62
negbin	2024-08-15	0.8	0.76	0.84	0.7	0.64
negbin	2024-08-15	0.9	0.96	0.92	0.8	0.76
negbin	2024-08-15	1.0	1.0	1.0	1.0	1.0
negbin	2024-08-22	0.0	0.08	0.06	0.06	0.08
negbin	2024-08-22	0.1	0.14	0.1	0.22	0.08
negbin	2024-08-22	0.2	0.3	0.16	0.22	0.3
negbin	2024-08-22	0.30000000000000004	0.38	0.2	0.3	0.36
negbin	2024-08-22	0.4	0.48	0.28	0.4	0.36
negbin	2024-08-22	0.5	0.6	0.4	0.42	0.48
negbin	2024-08-22	0.6000000000000001	0.62	0.46	0.54	0.56
negbin	2024-08-22	0.7000000000000001	0.74	0.62	0.62	0.68
negbin	2024-08-22	0.8	0.84	0.74	0.64	0.8
negbin	2024-08-22	0.9	0.94	0.8	0.84	0.84
negbin	2024-08-22	1.0	1.0	1.0	1.0	1.0
negbin	2024-08-29	0.0	0.0	0.08	0.18	0.02
negbin	2024-08-29	0.1	0.06	0.14	0.32	0.16
negbin	2024-08-29	0.2	0.18	0.24	0.32	0.16
negbin	2024-08-29	0.30000000000000004	0.26	0.32	0.38	0.22
negbin	2024-08-29	0.4	0.32	0.42	0.42	0.3
negbin	2024-08-29	0.5	0.36	0.5	0.5	0.36
negbin	2024-08-29	0.6000000000000001	0.54	0.56	0.62	0.54
negbin	2024-08-29	0.7000000000000001	0.6	0.58	0.7	0.58
negbin	2024-08-29	0.8	0.66	0.66	0.8	0.66
negbin	2024-08-29	0.9	0.88	0.8	0.86	0.72
negbin	2024-08-29	1.0	1.0	1.0	1.0	1.0
negbin	2024-09-05	0.0	0.08	0.18	0.02	0.02
negbin	2024-09-05	0.1	0.14	0.26	0.12	0.06
negbin	2024-09-05	0.2	0.2	0.32	0.18	0.08
negbin	2024-09-05	0.30000000000000004	0.32	0.38	0.22	0.12
negbin	2024-09-05	0.4	0.44	0.42	0.26	0.3
negbin	2024-09-05	0.5	0.44	0.5	0.36	0.44
negbin	2024-09-05	0.6000000000000001	0.56	0.62	0.54	0.44
negbin	2024-09-05	0.7000000000000001	0.6	0.7	0.58	0.56
negbin	2024-09-05	0.8	0.66	0.8	0.66	0.68
negbin	2024-09-05	0.9	0.76	0.86	0.72	0.9
negbin	2024-09-05	1.0	1.0	1.0	1.0	1.0
negbin	2024-09-12	0.0	0.18	0.02	0.04	0.04
negbin	2024-09-12	0.1	0.26	0.06	0.06	0.1
negbin	2024-09-12	0.2	0.32	0.2	0.08	0.24
negbin	2024-09-12	0.30000000000000004	0.38	0.22	0.2	0.38
negbin	2024-09-12	0.4	0.42	0.3	0.2	0.46
negbin	2024-09-12	0.5	0.5	0.5	0.38	0.52
negbin	2024-09-12	0.6000000000000001	0.62	0.54	0.5	0.62
negbin	2024-09-12	0.7000000000000001	0.7	0.58	0.68	0.72
negbin	2024-09-12	0.8	0.82	0.66	0.74	0.82
negbin	2024-09-12	0.9	0.86	0.82	0.9	0.84
negbin	2024-09-12	1.0	1.0	1.0	1.0	1.0
negbin	2024-09-19	0.0	0.04	0.04	0.06	0.04
negbin	2024-09-19	0.1	0.06	0.06	0.16	0.1
negbin	2024-09-19	0.2	0.2	0.16	0.16	0.12
negbin	2024-09-19	0.30000000000000004	0.24	0.16	0.32	0.14
negbin	2024-09-19	0.4	0.26	0.28	0.52	0.26
negbin	2024-09-19	0.5	0.44	0.44	0.52	0.34
negbin	2024-09-19	0.6000000000000001	0.54	0.5	0.6	0.4
negbin	2024-09-19	0.7000000000000001	0.62	0.62	0.72	0.4
negbin	2024-09-19	0.8	0.7	0.74	0.82	0.6
negbin	2024-09-19	0.9	0.8	0.88	0.92	0.64
negbin	2024-09-19	1.0	1.0	1.0	1.0	1.0
negbin	2024-09-26	0.0	0.08	0.08	0.02	0.0
negbin	2024-09-26	0.1	0.1	0.14	0.08	0.06
negbin	2024-09-26	0.2	0.22	0.26	0.22	0.06
negbin	2024-09-26	0.30000000000000004	0.28	0.34	0.3	0.06
negbin	2024-09-26	0.4	0.3	0.38	0.3	0.18
negbin	2024-09-26	0.5	0.42	0.56	0.38	0.3
negbin	2024-09-26	0.6000000000000001	0.52	0.76	0.5	0.32
negbin	2024-09-26	0.7000000000000001	0.74	0.76	0.6	0.4
negbin	2024-09-26	0.8	0.82	0.84	0.64	0.54
negbin	2024-09-26	0.9	0.92	0.94	0.74	0.66
negbin	2024-09-26	1.0	1.0	1.0	1.0	1.0
negbin	2024-10-03	0.0	0.08	0.02	0.0	0.04
negbin	2024-10-03	0.1	0.2	0.12	0.0	0.06
negbin	2024-10-03	0.2	0.2	0.26	0.06	0.08
negbin	2024-10-03	0.30000000000000004	0.34	0.3	0.16	0.1
negbin	2024-10-03	0.4	0.48	0.36	0.16	0.1
negbin	2024-10-03	0.5	0.56	0.48	0.28	0.12
negbin	2024-10-03	0.6000000000000001	0.76	0.5	0.38	0.18
negbin	2024-10-03	0.7000000000000001	0.76	0.6	0.54	0.24
negbin	2024-10-03	0.8	0.84	0.64	0.62	0.28
negbin	2024-10-03	0.9	0.94	0.82	0.66	0.34
negbin	2024-10-03	1.0	1.0	1.0	1.0	1.0
negbin	2024-10-10	0.0	0.1	0.0	0.02	0.08
negbin	2024-10-10	0.1	0.18	0.1	0.02	0.1
negbin	2024-10-10	0.2	0.26	0.2	0.08	0.12
negbin	2024-10-10	0.30000000000000004	0.32	0.2	0.1	0.12
negbin	2024-10-10	0.4	0.42	0.34	0.16	0.12
negbin	2024-10-10	0.5	0.56	0.34	0.16	0.16
negbin	2024-10-10	0.6000000000000001	0.56	0.48	0.24	0.2
negbin	2024-10-10	0.7000000000000001	0.62	0.58	0.28	0.2
negbin	2024-10-10	0.8	0.74	0.66	0.34	0.42
negbin	2024-10-10	0.9	0.82	0.68	0.48	0.68
negbin	2024-10-10	1.0	1.0	1.0	1.0	1.0
negbin	2024-10-17	0.0	0.08	0.06	0.2	0.06
negbin	2024-10-17	0.1	0.22	0.1	0.2	0.26
negbin	2024-10-17	0.2	0.26	0.24	0.34	0.32
negbin	2024-10-17	0.30000000000000004	0.34	0.3	0.38	0.42
negbin	2024-10-17	0.4	0.46	0.46	0.54	0.44
negbin	2024-10-17	0.5	0.46	0.52	0.54	0.56
negbin	2024-10-17	0.6000000000000001	0.7	0.62	0.6	0.56
negbin	2024-10-17	0.7000000000000001	0.8	0.62	0.72	0.74
negbin	2024-10-17	0.8	0.8	0.78	0.82	0.76
negbin	2024-10-17	0.9	0.9	0.92	0.9	0.86
negbin	2024-10-17	1.0	1.0	1.0	1.0	1.0
negbin	2024-10-24	0.0	0.06	0.2	0.06	0.04
negbin	2024-10-24	0.1	0.06	0.3	0.26	0.08
negbin	2024-10-24	0.2	0.24	0.34	0.32	0.24
negbin	2024-10-24	0.30000000000000004	0.3	0.5	0.32	0.36
negbin	2024-10-24	0.4	0.46	0.54	0.44	0.46
negbin	2024-10-24	0.5	0.52	0.6	0.52	0.48
negbin	2024-10-24	0.6000000000000001	0.62	0.6	0.56	0.66
negbin	2024-10-24	0.7000000000000001	0.76	0.72	0.74	0.7
negbin	2024-10-24	0.8	0.78	0.8	0.78	0.84
negbin	2024-10-24	0.9	0.92	0.9	0.86	0.88
negbin	2024-10-24	1.0	1.0	1.0	1.0	1.0
negbin	2024-10-31	0.0	0.1	0.06	0.04	0.08
negbin	2024-10-31	0.1	0.3	0.26	0.08	0.32
negbin	2024-10-31	0.2	0.46	0.32	0.24	0.32
negbin	2024-10-31	0.30000000000000004	0.5	0.42	0.36	0.46
negbin	2024-10-31	0.4	0.5	0.44	0.46	0.46
negbin	2024-10-31	0.5	0.6	0.48	0.48	0.6
negbin	2024-10-31	0.6000000000000001	0.6	0.56	0.66	0.66
negbin	2024-10-31	0.7000000000000001	0.72	0.74	0.7	0.7
negbin	2024-10-31	0.8	0.86	0.8	0.84	0.76
negbin	2024-10-31	0.9	0.92	0.86	0.88	0.82
negbin	2024-10-31	1.0	1.0	1.0	1.0	1.0
negbin	2024-11-07	0.0	0.2	0.04	0.08	0.02
negbin	2024-11-07	0.1	0.26	0.2	0.18	0.22
negbin	2024-11-07	0.2	0.36	0.24	0.32	0.22
negbin	2024-11-07	0.30000000000000004	0.42	0.34	0.46	0.46
negbin	2024-11-07	0.4	0.46	0.46	0.46	0.46
negbin	2024-11-07	0.5	0.48	0.6	0.6	0.54
negbin	2024-11-07	0.6000000000000001	0.66	0.66	0.66	0.58
negbin	2024-11-07	0.7000000000000001	0.74	0.76	0.7	0.68
negbin	2024-11-07	0.8	0.8	0.84	0.76	0.8
negbin	2024-11-07	0.9	0.94	0.88	0.82	0.9
negbin	2024-11-07	1.0	1.0	1.0	1.0	1.0
negbin	2024-11-14	0.0	0.04	0.08	0.08	0.12
negbin	2024-11-14	0.1	0.08	0.22	0.1	0.22
negbin	2024-11-14	0.2	0.24	0.32	0.22	0.24
negbin	2024-11-14	0.30000000000000004	0.36	0.34	0.36	0.34
negbin	2024-11-14	0.4	0.46	0.56	0.48	0.4
negbin	2024-11-14	0.5	0.48	0.56	0.52	0.4
negbin	2024-11-14	0.6000000000000001	0.66	0.66	0.62	0.5
negbin	2024-11-14	0.7000000000000001	0.7	0.7	0.7	0.64
negbin	2024-11-14	0.8	0.84	0.7	0.74	0.74
negbin	2024-11-14	0.9	0.88	0.88	0.9	0.84
negbin	2024-11-14	1.0	1.0	1.0	1.0	1.0
negbin	2024-11-21	0.0	0.1	0.12	0.08	0.12
negbin	2024-11-21	0.1	0.18	0.24	0.2	0.2
negbin	2024-11-21	0.2	0.3	0.26	0.2	0.24
negbin	2024-11-21	0.30000000000000004	0.44	0.4	0.4	0.38
negbin	2024-11-21	0.4	0.48	0.4	0.4	0.46
negbin	2024-11-21	0.5	0.5	0.58	0.56	0.46
negbin	2024-11-21	0.6000000000000001	0.62	0.6	0.58	0.56
negbin	2024-11-21	0.7000000000000001	0.74	0.74	0.66	0.68
negbin	2024-11-21	0.8	0.76	0.8	0.78	0.72
negbin	2024-11-21	0.9	0.8	0.92	0.92	0.88
negbin	2024-11-21	1.0	1.0	1.0	1.0	1.0
negbin	2024-11-28	0.0	0.12	0.02	0.08	0.02
negbin	2024-11-28	0.1	0.24	0.1	0.2	0.08
negbin	2024-11-28	0.2	0.3	0.18	0.3	0.12
negbin	2024-11-28	0.30000000000000004	0.32	0.28	0.34	0.36
negbin	2024-11-28	0.4	0.46	0.54	0.46	0.38
negbin	2024-11-28	0.5	0.46	0.54	0.54	0.46
negbin	2024-11-28	0.6000000000000001	0.68	0.6	0.56	0.64
negbin	2024-11-28	0.7000000000000001	0.7	0.72	0.68	0.76
negbin	2024-11-28	0.8	0.8	0.86	0.8	0.82
negbin	2024-11-28	0.9	0.92	0.92	0.86	0.94
negbin	2024-11-28	1.0	1.0	1.0	1.0	1.0
negbin	2024-12-05	0.0	0.02	0.1	0.06	0.02
negbin	2024-12-05	0.1	0.1	0.18	0.08	0.06
negbin	2024-12-05	0.2	0.18	0.38	0.24	0.1
negbin	2024-12-05	0.30000000000000004	0.32	0.38	0.36	0.12
negbin	2024-12-05	0.4	0.42	0.5	0.44	0.3
negbin	2024-12-05	0.5	0.58	0.54	0.56	0.48
negbin	2024-12-05	0.6000000000000001	0.7	0.62	0.58	0.48
negbin	2024-12-05	0.7000000000000001	0.72	0.74	0.76	0.6
negbin	2024-12-05	0.8	0.84	0.78	0.86	0.72
negbin	2024-12-05	0.9	0.88	0.84	0.94	0.84
negbin	2024-12-05	1.0	1.0	1.0	1.0	1.0
negbin	2024-12-12	0.0	0.08	0.06	0.02	0.06
negbin	2024-12-12	0.1	0.18	0.08	0.06	0.06
negbin	2024-12-12	0.2	0.38	0.24	0.1	0.1
negbin	2024-12-12	0.30000000000000004	0.38	0.28	0.22	0.34
negbin	2024-12-12	0.4	0.5	0.44	0.3	0.34
negbin	2024-12-12	0.5	0.54	0.58	0.48	0.56
negbin	2024-12-12	0.6000000000000001	0.62	0.58	0.48	0.68
negbin	2024-12-12	0.7000000000000001	0.74	0.76	0.58	0.7
negbin	2024-12-12	0.8	0.78	0.86	0.72	0.78
negbin	2024-12-12	0.9	0.84	0.94	0.84	0.92
negbin	2024-12-12	1.0	1.0	1.0	1.0	1.0
