t_0	alpha	wk1	wk2	wk3	wk4
2017-07-06 00:00:00	0.0	0.1	0.06	0.1	0.06	
2017-07-06 00:00:00	0.1	0.26	0.14	0.1	0.14	
2017-07-06 00:00:00	0.2	0.34	0.24	0.24	0.22	
2017-07-06 00:00:00	0.30000000000000004	0.34	0.24	0.24	0.34	
2017-07-06 00:00:00	0.4	0.42	0.42	0.32	0.46	
2017-07-06 00:00:00	0.5	0.5	0.42	0.32	0.52	
2017-07-06 00:00:00	0.6000000000000001	0.62	0.5	0.5	0.56	
2017-07-06 00:00:00	0.7000000000000001	0.74	0.5	0.56	0.68	
2017-07-06 00:00:00	0.8	0.74	0.66	0.7	0.78	
2017-07-06 00:00:00	0.9	0.86	0.78	0.78	0.9	
2017-07-06 00:00:00	1.0	1.0	1.0	1.0	1.0	
2017-07-13 00:00:00	0.0	0.06	0.1	0.06	0.02	
2017-07-13 00:00:00	0.1	0.14	0.18	0.14	0.16	
2017-07-13 00:00:00	0.2	0.24	0.24	0.22	0.22	
2017-07-13 00:00:00	0.30000000000000004	0.24	0.24	0.22	0.22	
2017-07-13 00:00:00	0.4	0.42	0.32	0.46	0.48	
2017-07-13 00:00:00	0.5	0.42	0.32	0.52	0.56	
2017-07-13 00:00:00	0.6000000000000001	0.5	0.5	0.56	0.56	
2017-07-13 00:00:00	0.7000000000000001	0.5	0.5	0.68	0.66	
2017-07-13 00:00:00	0.8	0.66	0.56	0.78	0.78	
2017-07-13 00:00:00	0.9	0.86	0.78	0.9	0.86	
2017-07-13 00:00:00	1.0	1.0	1.0	1.0	1.0	
2017-07-20 00:00:00	0.0	0.06	0.08	0.14	0.08	
2017-07-20 00:00:00	0.1	0.16	0.14	0.16	0.1	
2017-07-20 00:00:00	0.2	0.2	0.26	0.34	0.22	
2017-07-20 00:00:00	0.30000000000000004	0.28	0.26	0.34	0.34	
2017-07-20 00:00:00	0.4	0.28	0.4	0.48	0.4	
2017-07-20 00:00:00	0.5	0.46	0.4	0.6	0.52	
2017-07-20 00:00:00	0.6000000000000001	0.52	0.64	0.6	0.64	
2017-07-20 00:00:00	0.7000000000000001	0.56	0.76	0.72	0.72	
2017-07-20 00:00:00	0.8	0.7	0.88	0.86	0.9	
2017-07-20 00:00:00	0.9	0.86	0.92	0.94	0.92	
2017-07-20 00:00:00	1.0	1.0	1.0	1.0	1.0	
2017-07-27 00:00:00	0.0	0.08	0.14	0.08	0.08	
2017-07-27 00:00:00	0.1	0.08	0.14	0.1	0.24	
2017-07-27 00:00:00	0.2	0.26	0.34	0.22	0.28	
2017-07-27 00:00:00	0.30000000000000004	0.26	0.34	0.34	0.34	
2017-07-27 00:00:00	0.4	0.4	0.48	0.4	0.44	
2017-07-27 00:00:00	0.5	0.52	0.52	0.64	0.5	
2017-07-27 00:00:00	0.6000000000000001	0.64	0.6	0.64	0.68	
2017-07-27 00:00:00	0.7000000000000001	0.76	0.72	0.72	0.72	
2017-07-27 00:00:00	0.8	0.88	0.86	0.9	0.84	
2017-07-27 00:00:00	0.9	0.92	0.94	0.92	0.88	
2017-07-27 00:00:00	1.0	1.0	1.0	1.0	1.0	
2017-08-03 00:00:00	0.0	0.14	0.08	0.16	0.08	
2017-08-03 00:00:00	0.1	0.16	0.1	0.24	0.14	
2017-08-03 00:00:00	0.2	0.34	0.1	0.3	0.2	
2017-08-03 00:00:00	0.30000000000000004	0.4	0.34	0.34	0.38	
2017-08-03 00:00:00	0.4	0.48	0.4	0.5	0.58	
2017-08-03 00:00:00	0.5	0.56	0.52	0.5	0.58	
2017-08-03 00:00:00	0.6000000000000001	0.6	0.72	0.68	0.76	
2017-08-03 00:00:00	0.7000000000000001	0.72	0.72	0.72	0.84	
2017-08-03 00:00:00	0.8	0.86	0.9	0.84	0.9	
2017-08-03 00:00:00	0.9	0.88	0.92	0.92	0.94	
2017-08-03 00:00:00	1.0	1.0	1.0	1.0	1.0	
2017-08-10 00:00:00	0.0	0.08	0.08	0.08	0.12	
2017-08-10 00:00:00	0.1	0.1	0.24	0.14	0.16	
2017-08-10 00:00:00	0.2	0.22	0.28	0.2	0.18	
2017-08-10 00:00:00	0.30000000000000004	0.34	0.34	0.38	0.42	
2017-08-10 00:00:00	0.4	0.4	0.44	0.58	0.42	
2017-08-10 00:00:00	0.5	0.64	0.5	0.58	0.58	
2017-08-10 00:00:00	0.6000000000000001	0.64	0.68	0.76	0.6	
2017-08-10 00:00:00	0.7000000000000001	0.72	0.72	0.84	0.72	
2017-08-10 00:00:00	0.8	0.9	0.84	0.9	0.84	
2017-08-10 00:00:00	0.9	0.92	0.88	0.94	0.88	
2017-08-10 00:00:00	1.0	1.0	1.0	1.0	1.0	
2017-08-17 00:00:00	0.0	0.16	0.08	0.04	0.16	
2017-08-17 00:00:00	0.1	0.24	0.14	0.16	0.22	
2017-08-17 00:00:00	0.2	0.3	0.2	0.3	0.3	
2017-08-17 00:00:00	0.30000000000000004	0.34	0.48	0.32	0.36	
2017-08-17 00:00:00	0.4	0.4	0.48	0.54	0.54	
2017-08-17 00:00:00	0.5	0.5	0.7	0.54	0.54	
2017-08-17 00:00:00	0.6000000000000001	0.68	0.7	0.7	0.64	
2017-08-17 00:00:00	0.7000000000000001	0.82	0.84	0.82	0.8	
2017-08-17 00:00:00	0.8	0.84	0.88	0.88	0.88	
2017-08-17 00:00:00	0.9	0.92	0.92	0.92	0.9	
2017-08-17 00:00:00	1.0	1.0	1.0	1.0	1.0	
2017-08-24 00:00:00	0.0	0.08	0.04	0.16	0.1	
2017-08-24 00:00:00	0.1	0.14	0.16	0.22	0.12	
2017-08-24 00:00:00	0.2	0.2	0.3	0.3	0.28	
2017-08-24 00:00:00	0.30000000000000004	0.48	0.32	0.36	0.3	
2017-08-24 00:00:00	0.4	0.48	0.44	0.44	0.5	
2017-08-24 00:00:00	0.5	0.7	0.66	0.6	0.5	
2017-08-24 00:00:00	0.6000000000000001	0.7	0.7	0.64	0.62	
2017-08-24 00:00:00	0.7000000000000001	0.84	0.8	0.78	0.8	
2017-08-24 00:00:00	0.8	0.88	0.86	0.88	0.8	
2017-08-24 00:00:00	0.9	0.92	0.92	0.9	0.9	
2017-08-24 00:00:00	1.0	1.0	1.0	1.0	1.0	
2017-08-31 00:00:00	0.0	0.04	0.16	0.1	0.12	
2017-08-31 00:00:00	0.1	0.16	0.22	0.12	0.2	
2017-08-31 00:00:00	0.2	0.3	0.3	0.28	0.28	
2017-08-31 00:00:00	0.30000000000000004	0.32	0.36	0.3	0.34	
2017-08-31 00:00:00	0.4	0.44	0.44	0.44	0.46	
2017-08-31 00:00:00	0.5	0.66	0.6	0.5	0.62	
2017-08-31 00:00:00	0.6000000000000001	0.7	0.64	0.62	0.72	
2017-08-31 00:00:00	0.7000000000000001	0.8	0.78	0.8	0.74	
2017-08-31 00:00:00	0.8	0.88	0.88	0.88	0.88	
2017-08-31 00:00:00	0.9	0.92	0.9	0.9	0.92	
2017-08-31 00:00:00	1.0	1.0	1.0	1.0	1.0	
2017-09-07 00:00:00	0.0	0.16	0.1	0.12	0.02	
2017-09-07 00:00:00	0.1	0.24	0.12	0.28	0.2	
2017-09-07 00:00:00	0.2	0.3	0.28	0.28	0.28	
2017-09-07 00:00:00	0.30000000000000004	0.38	0.3	0.46	0.38	
2017-09-07 00:00:00	0.4	0.44	0.44	0.46	0.44	
2017-09-07 00:00:00	0.5	0.5	0.56	0.72	0.52	
2017-09-07 00:00:00	0.6000000000000001	0.74	0.62	0.72	0.52	
2017-09-07 00:00:00	0.7000000000000001	0.78	0.78	0.74	0.66	
2017-09-07 00:00:00	0.8	0.88	0.88	0.84	0.8	
2017-09-07 00:00:00	0.9	0.9	0.9	0.92	0.86	
2017-09-07 00:00:00	1.0	1.0	1.0	1.0	1.0	
2017-09-14 00:00:00	0.0	0.16	0.12	0.1	0.08	
2017-09-14 00:00:00	0.1	0.3	0.2	0.16	0.18	
2017-09-14 00:00:00	0.2	0.4	0.3	0.34	0.22	
2017-09-14 00:00:00	0.30000000000000004	0.46	0.42	0.34	0.34	
2017-09-14 00:00:00	0.4	0.48	0.44	0.48	0.42	
2017-09-14 00:00:00	0.5	0.64	0.52	0.7	0.58	
2017-09-14 00:00:00	0.6000000000000001	0.66	0.68	0.7	0.64	
2017-09-14 00:00:00	0.7000000000000001	0.8	0.72	0.82	0.7	
2017-09-14 00:00:00	0.8	0.88	0.88	0.84	0.84	
2017-09-14 00:00:00	0.9	0.94	0.96	0.94	0.92	
2017-09-14 00:00:00	1.0	1.0	1.0	1.0	1.0	
2017-09-21 00:00:00	0.0	0.02	0.12	0.16	0.06	
2017-09-21 00:00:00	0.1	0.12	0.26	0.28	0.12	
2017-09-21 00:00:00	0.2	0.12	0.26	0.3	0.12	
2017-09-21 00:00:00	0.30000000000000004	0.34	0.38	0.4	0.24	
2017-09-21 00:00:00	0.4	0.34	0.38	0.4	0.24	
2017-09-21 00:00:00	0.5	0.46	0.48	0.54	0.4	
2017-09-21 00:00:00	0.6000000000000001	0.46	0.66	0.54	0.48	
2017-09-21 00:00:00	0.7000000000000001	0.64	0.74	0.6	0.48	
2017-09-21 00:00:00	0.8	0.74	0.78	0.68	0.58	
2017-09-21 00:00:00	0.9	0.96	0.94	0.76	0.82	
2017-09-21 00:00:00	1.0	1.0	1.0	1.0	1.0	
2017-09-28 00:00:00	0.0	0.12	0.12	0.06	0.1	
2017-09-28 00:00:00	0.1	0.18	0.22	0.1	0.1	
2017-09-28 00:00:00	0.2	0.32	0.38	0.1	0.38	
2017-09-28 00:00:00	0.30000000000000004	0.42	0.38	0.28	0.38	
2017-09-28 00:00:00	0.4	0.42	0.48	0.28	0.56	
2017-09-28 00:00:00	0.5	0.66	0.52	0.44	0.64	
2017-09-28 00:00:00	0.6000000000000001	0.66	0.58	0.54	0.68	
2017-09-28 00:00:00	0.7000000000000001	0.68	0.66	0.58	0.78	
2017-09-28 00:00:00	0.8	0.84	0.74	0.7	0.8	
2017-09-28 00:00:00	0.9	0.94	0.78	0.86	0.84	
2017-09-28 00:00:00	1.0	1.0	1.0	1.0	1.0	
2017-10-05 00:00:00	0.0	0.1	0.04	0.18	0.1	
2017-10-05 00:00:00	0.1	0.18	0.16	0.28	0.2	
2017-10-05 00:00:00	0.2	0.3	0.22	0.28	0.26	
2017-10-05 00:00:00	0.30000000000000004	0.34	0.3	0.48	0.26	
2017-10-05 00:00:00	0.4	0.5	0.36	0.56	0.36	
2017-10-05 00:00:00	0.5	0.58	0.46	0.64	0.42	
2017-10-05 00:00:00	0.6000000000000001	0.6	0.54	0.72	0.54	
2017-10-05 00:00:00	0.7000000000000001	0.66	0.66	0.78	0.68	
2017-10-05 00:00:00	0.8	0.76	0.82	0.8	0.76	
2017-10-05 00:00:00	0.9	0.92	0.94	0.9	0.94	
2017-10-05 00:00:00	1.0	1.0	1.0	1.0	1.0	
2017-10-12 00:00:00	0.0	0.12	0.18	0.1	0.14	
2017-10-12 00:00:00	0.1	0.16	0.28	0.2	0.16	
2017-10-12 00:00:00	0.2	0.24	0.38	0.26	0.24	
2017-10-12 00:00:00	0.30000000000000004	0.3	0.48	0.26	0.34	
2017-10-12 00:00:00	0.4	0.4	0.56	0.36	0.46	
2017-10-12 00:00:00	0.5	0.46	0.64	0.42	0.5	
2017-10-12 00:00:00	0.6000000000000001	0.58	0.72	0.54	0.54	
2017-10-12 00:00:00	0.7000000000000001	0.78	0.78	0.68	0.76	
2017-10-12 00:00:00	0.8	0.86	0.8	0.76	0.78	
2017-10-12 00:00:00	0.9	0.94	0.9	0.94	0.9	
2017-10-12 00:00:00	1.0	1.0	1.0	1.0	1.0	
2017-10-19 00:00:00	0.0	0.18	0.1	0.14	0.06	
2017-10-19 00:00:00	0.1	0.28	0.2	0.16	0.2	
2017-10-19 00:00:00	0.2	0.38	0.26	0.24	0.32	
2017-10-19 00:00:00	0.30000000000000004	0.46	0.26	0.34	0.44	
2017-10-19 00:00:00	0.4	0.56	0.36	0.46	0.52	
2017-10-19 00:00:00	0.5	0.64	0.42	0.5	0.6	
2017-10-19 00:00:00	0.6000000000000001	0.72	0.56	0.64	0.66	
2017-10-19 00:00:00	0.7000000000000001	0.78	0.68	0.76	0.66	
2017-10-19 00:00:00	0.8	0.78	0.76	0.78	0.76	
2017-10-19 00:00:00	0.9	0.94	0.94	0.9	0.94	
2017-10-19 00:00:00	1.0	1.0	1.0	1.0	1.0	
2017-10-26 00:00:00	0.0	0.1	0.14	0.06	0.16	
2017-10-26 00:00:00	0.1	0.2	0.16	0.18	0.22	
2017-10-26 00:00:00	0.2	0.2	0.24	0.32	0.32	
2017-10-26 00:00:00	0.30000000000000004	0.26	0.34	0.32	0.46	
2017-10-26 00:00:00	0.4	0.32	0.46	0.52	0.52	
2017-10-26 00:00:00	0.5	0.42	0.5	0.64	0.58	
2017-10-26 00:00:00	0.6000000000000001	0.56	0.54	0.64	0.62	
2017-10-26 00:00:00	0.7000000000000001	0.64	0.76	0.74	0.72	
2017-10-26 00:00:00	0.8	0.78	0.78	0.82	0.76	
2017-10-26 00:00:00	0.9	0.9	0.9	0.94	0.94	
2017-10-26 00:00:00	1.0	1.0	1.0	1.0	1.0	
2017-11-02 00:00:00	0.0	0.02	0.06	0.16	0.08	
2017-11-02 00:00:00	0.1	0.16	0.2	0.22	0.22	
2017-11-02 00:00:00	0.2	0.26	0.32	0.32	0.22	
2017-11-02 00:00:00	0.30000000000000004	0.34	0.44	0.46	0.38	
2017-11-02 00:00:00	0.4	0.38	0.52	0.52	0.38	
2017-11-02 00:00:00	0.5	0.5	0.6	0.58	0.5	
2017-11-02 00:00:00	0.6000000000000001	0.6	0.64	0.62	0.64	
2017-11-02 00:00:00	0.7000000000000001	0.66	0.74	0.72	0.72	
2017-11-02 00:00:00	0.8	0.8	0.76	0.76	0.82	
2017-11-02 00:00:00	0.9	0.86	0.94	0.94	0.88	
2017-11-02 00:00:00	1.0	1.0	1.0	1.0	1.0	
2017-11-09 00:00:00	0.0	0.06	0.16	0.08	0.1	
2017-11-09 00:00:00	0.1	0.18	0.26	0.16	0.16	
2017-11-09 00:00:00	0.2	0.32	0.32	0.3	0.24	
2017-11-09 00:00:00	0.30000000000000004	0.32	0.38	0.3	0.3	
2017-11-09 00:00:00	0.4	0.52	0.52	0.5	0.46	
2017-11-09 00:00:00	0.5	0.64	0.56	0.64	0.54	
2017-11-09 00:00:00	0.6000000000000001	0.64	0.62	0.64	0.74	
2017-11-09 00:00:00	0.7000000000000001	0.74	0.72	0.72	0.74	
2017-11-09 00:00:00	0.8	0.82	0.8	0.86	0.8	
2017-11-09 00:00:00	0.9	0.94	0.9	0.9	0.88	
2017-11-09 00:00:00	1.0	1.0	1.0	1.0	1.0	
2017-11-16 00:00:00	0.0	0.16	0.08	0.1	0.1	
2017-11-16 00:00:00	0.1	0.26	0.22	0.16	0.18	
2017-11-16 00:00:00	0.2	0.32	0.3	0.24	0.26	
2017-11-16 00:00:00	0.30000000000000004	0.32	0.38	0.3	0.34	
2017-11-16 00:00:00	0.4	0.52	0.5	0.46	0.42	
2017-11-16 00:00:00	0.5	0.58	0.5	0.54	0.48	
2017-11-16 00:00:00	0.6000000000000001	0.62	0.64	0.74	0.68	
2017-11-16 00:00:00	0.7000000000000001	0.72	0.72	0.74	0.78	
2017-11-16 00:00:00	0.8	0.8	0.8	0.8	0.8	
2017-11-16 00:00:00	0.9	0.94	0.9	0.9	1.0	
2017-11-16 00:00:00	1.0	1.0	1.0	1.0	1.0	
2017-11-23 00:00:00	0.0	0.14	0.06	0.1	0.1	
2017-11-23 00:00:00	0.1	0.22	0.16	0.18	0.26	
2017-11-23 00:00:00	0.2	0.3	0.22	0.26	0.32	
2017-11-23 00:00:00	0.30000000000000004	0.38	0.3	0.34	0.42	
2017-11-23 00:00:00	0.4	0.38	0.38	0.42	0.48	
2017-11-23 00:00:00	0.5	0.5	0.54	0.48	0.56	
2017-11-23 00:00:00	0.6000000000000001	0.5	0.62	0.7	0.66	
2017-11-23 00:00:00	0.7000000000000001	0.72	0.76	0.72	0.7	
2017-11-23 00:00:00	0.8	0.82	0.84	0.84	0.78	
2017-11-23 00:00:00	0.9	0.9	0.88	0.96	0.84	
2017-11-23 00:00:00	1.0	1.0	1.0	1.0	1.0	
2017-11-30 00:00:00	0.0	0.1	0.1	0.16	0.1	
2017-11-30 00:00:00	0.1	0.16	0.18	0.26	0.16	
2017-11-30 00:00:00	0.2	0.24	0.26	0.36	0.24	
2017-11-30 00:00:00	0.30000000000000004	0.3	0.34	0.36	0.32	
2017-11-30 00:00:00	0.4	0.46	0.42	0.5	0.48	
2017-11-30 00:00:00	0.5	0.54	0.68	0.56	0.54	
2017-11-30 00:00:00	0.6000000000000001	0.74	0.68	0.64	0.6	
2017-11-30 00:00:00	0.7000000000000001	0.76	0.78	0.72	0.74	
2017-11-30 00:00:00	0.8	0.84	0.9	0.8	0.8	
2017-11-30 00:00:00	0.9	0.88	1.0	0.98	0.92	
2017-11-30 00:00:00	1.0	1.0	1.0	1.0	1.0	
2017-12-07 00:00:00	0.0	0.1	0.16	0.1	0.06	
2017-12-07 00:00:00	0.1	0.18	0.26	0.1	0.14	
2017-12-07 00:00:00	0.2	0.26	0.36	0.24	0.28	
2017-12-07 00:00:00	0.30000000000000004	0.34	0.42	0.24	0.44	
2017-12-07 00:00:00	0.4	0.42	0.5	0.48	0.5	
2017-12-07 00:00:00	0.5	0.48	0.56	0.54	0.58	
2017-12-07 00:00:00	0.6000000000000001	0.68	0.64	0.6	0.66	
2017-12-07 00:00:00	0.7000000000000001	0.78	0.72	0.74	0.82	
2017-12-07 00:00:00	0.8	0.8	0.76	0.88	0.88	
2017-12-07 00:00:00	0.9	1.0	0.98	0.92	0.96	
2017-12-07 00:00:00	1.0	1.0	1.0	1.0	1.0	
2017-12-14 00:00:00	0.0	0.1	0.08	0.08	0.06	
2017-12-14 00:00:00	0.1	0.26	0.18	0.14	0.12	
2017-12-14 00:00:00	0.2	0.26	0.34	0.3	0.32	
2017-12-14 00:00:00	0.30000000000000004	0.44	0.4	0.3	0.38	
2017-12-14 00:00:00	0.4	0.44	0.46	0.52	0.48	
2017-12-14 00:00:00	0.5	0.58	0.54	0.58	0.56	
2017-12-14 00:00:00	0.6000000000000001	0.7	0.64	0.66	0.7	
2017-12-14 00:00:00	0.7000000000000001	0.7	0.7	0.8	0.78	
2017-12-14 00:00:00	0.8	0.76	0.82	0.88	0.84	
2017-12-14 00:00:00	0.9	0.96	0.9	0.96	0.86	
2017-12-14 00:00:00	1.0	1.0	1.0	1.0	1.0	
2017-12-21 00:00:00	0.0	0.08	0.08	0.06	0.06	
2017-12-21 00:00:00	0.1	0.18	0.14	0.12	0.2	
2017-12-21 00:00:00	0.2	0.34	0.3	0.32	0.28	
2017-12-21 00:00:00	0.30000000000000004	0.4	0.3	0.38	0.28	
2017-12-21 00:00:00	0.4	0.46	0.52	0.48	0.44	
2017-12-21 00:00:00	0.5	0.54	0.58	0.56	0.44	
2017-12-21 00:00:00	0.6000000000000001	0.64	0.66	0.7	0.66	
2017-12-21 00:00:00	0.7000000000000001	0.7	0.8	0.84	0.78	
2017-12-21 00:00:00	0.8	0.82	0.88	0.84	0.82	
2017-12-21 00:00:00	0.9	0.9	0.96	0.86	0.92	
2017-12-21 00:00:00	1.0	1.0	1.0	1.0	1.0	
2017-12-28 00:00:00	0.0	0.08	0.06	0.14	0.02	
2017-12-28 00:00:00	0.1	0.24	0.26	0.2	0.18	
2017-12-28 00:00:00	0.2	0.3	0.32	0.28	0.28	
2017-12-28 00:00:00	0.30000000000000004	0.38	0.42	0.36	0.44	
2017-12-28 00:00:00	0.4	0.52	0.48	0.48	0.6	
2017-12-28 00:00:00	0.5	0.6	0.62	0.56	0.6	
2017-12-28 00:00:00	0.6000000000000001	0.66	0.7	0.64	0.68	
2017-12-28 00:00:00	0.7000000000000001	0.8	0.84	0.74	0.72	
2017-12-28 00:00:00	0.8	0.96	0.86	0.86	0.8	
2017-12-28 00:00:00	0.9	0.98	0.9	0.92	0.9	
2017-12-28 00:00:00	1.0	1.0	1.0	1.0	1.0	
2018-01-04 00:00:00	0.0	0.2	0.14	0.16	0.18	
2018-01-04 00:00:00	0.1	0.26	0.22	0.18	0.3	
2018-01-04 00:00:00	0.2	0.36	0.28	0.34	0.4	
2018-01-04 00:00:00	0.30000000000000004	0.42	0.4	0.44	0.4	
2018-01-04 00:00:00	0.4	0.56	0.48	0.44	0.56	
2018-01-04 00:00:00	0.5	0.62	0.48	0.6	0.56	
2018-01-04 00:00:00	0.6000000000000001	0.68	0.64	0.6	0.7	
2018-01-04 00:00:00	0.7000000000000001	0.76	0.82	0.72	0.78	
2018-01-04 00:00:00	0.8	0.86	0.82	0.86	0.88	
2018-01-04 00:00:00	0.9	0.9	0.92	0.94	0.9	
2018-01-04 00:00:00	1.0	1.0	1.0	1.0	1.0	
2018-01-11 00:00:00	0.0	0.14	0.02	0.12	0.18	
2018-01-11 00:00:00	0.1	0.14	0.18	0.3	0.3	
2018-01-11 00:00:00	0.2	0.28	0.28	0.42	0.4	
2018-01-11 00:00:00	0.30000000000000004	0.28	0.28	0.42	0.4	
2018-01-11 00:00:00	0.4	0.48	0.6	0.6	0.56	
2018-01-11 00:00:00	0.5	0.48	0.6	0.6	0.56	
2018-01-11 00:00:00	0.6000000000000001	0.64	0.68	0.72	0.66	
2018-01-11 00:00:00	0.7000000000000001	0.74	0.8	0.86	0.74	
2018-01-11 00:00:00	0.8	0.86	0.84	0.88	0.8	
2018-01-11 00:00:00	0.9	0.92	0.9	0.96	0.88	
2018-01-11 00:00:00	1.0	1.0	1.0	1.0	1.0	
2018-01-18 00:00:00	0.0	0.02	0.12	0.18	0.14	
2018-01-18 00:00:00	0.1	0.18	0.3	0.3	0.22	
2018-01-18 00:00:00	0.2	0.28	0.42	0.4	0.22	
2018-01-18 00:00:00	0.30000000000000004	0.28	0.42	0.48	0.44	
2018-01-18 00:00:00	0.4	0.6	0.6	0.56	0.44	
2018-01-18 00:00:00	0.5	0.6	0.6	0.6	0.66	
2018-01-18 00:00:00	0.6000000000000001	0.68	0.72	0.66	0.66	
2018-01-18 00:00:00	0.7000000000000001	0.8	0.86	0.72	0.82	
2018-01-18 00:00:00	0.8	0.84	0.88	0.74	0.96	
2018-01-18 00:00:00	0.9	0.9	0.96	0.88	0.96	
2018-01-18 00:00:00	1.0	1.0	1.0	1.0	1.0	
2018-01-25 00:00:00	0.0	0.12	0.18	0.14	0.08	
2018-01-25 00:00:00	0.1	0.3	0.3	0.22	0.24	
2018-01-25 00:00:00	0.2	0.42	0.4	0.34	0.4	
2018-01-25 00:00:00	0.30000000000000004	0.42	0.48	0.44	0.4	
2018-01-25 00:00:00	0.4	0.6	0.56	0.44	0.7	
2018-01-25 00:00:00	0.5	0.6	0.56	0.66	0.7	
2018-01-25 00:00:00	0.6000000000000001	0.72	0.66	0.66	0.76	
2018-01-25 00:00:00	0.7000000000000001	0.86	0.74	0.82	0.76	
2018-01-25 00:00:00	0.8	0.88	0.74	0.96	0.9	
2018-01-25 00:00:00	0.9	0.96	0.88	0.96	0.92	
2018-01-25 00:00:00	1.0	1.0	1.0	1.0	1.0	
2018-02-01 00:00:00	0.0	0.18	0.14	0.08	0.08	
2018-02-01 00:00:00	0.1	0.3	0.22	0.24	0.16	
2018-02-01 00:00:00	0.2	0.4	0.34	0.24	0.28	
2018-02-01 00:00:00	0.30000000000000004	0.48	0.44	0.54	0.28	
2018-02-01 00:00:00	0.4	0.56	0.44	0.54	0.46	
2018-02-01 00:00:00	0.5	0.56	0.66	0.72	0.46	
2018-02-01 00:00:00	0.6000000000000001	0.66	0.66	0.72	0.58	
2018-02-01 00:00:00	0.7000000000000001	0.74	0.82	0.84	0.58	
2018-02-01 00:00:00	0.8	0.74	0.96	0.9	0.72	
2018-02-01 00:00:00	0.9	0.88	0.96	0.9	0.84	
2018-02-01 00:00:00	1.0	1.0	1.0	1.0	1.0	
2018-02-08 00:00:00	0.0	0.14	0.16	0.08	0.16	
2018-02-08 00:00:00	0.1	0.26	0.24	0.16	0.16	
2018-02-08 00:00:00	0.2	0.34	0.38	0.16	0.4	
2018-02-08 00:00:00	0.30000000000000004	0.5	0.54	0.32	0.4	
2018-02-08 00:00:00	0.4	0.5	0.54	0.32	0.5	
2018-02-08 00:00:00	0.5	0.6	0.72	0.46	0.5	
2018-02-08 00:00:00	0.6000000000000001	0.74	0.72	0.5	0.62	
2018-02-08 00:00:00	0.7000000000000001	0.8	0.84	0.58	0.62	
2018-02-08 00:00:00	0.8	0.88	0.9	0.72	0.68	
2018-02-08 00:00:00	0.9	0.96	0.9	0.84	0.82	
2018-02-08 00:00:00	1.0	1.0	1.0	1.0	1.0	
2018-02-15 00:00:00	0.0	0.08	0.08	0.16	0.1	
2018-02-15 00:00:00	0.1	0.24	0.08	0.28	0.1	
2018-02-15 00:00:00	0.2	0.4	0.28	0.4	0.1	
2018-02-15 00:00:00	0.30000000000000004	0.54	0.28	0.4	0.3	
2018-02-15 00:00:00	0.4	0.54	0.46	0.46	0.4	
2018-02-15 00:00:00	0.5	0.7	0.46	0.5	0.5	
2018-02-15 00:00:00	0.6000000000000001	0.76	0.58	0.58	0.58	
2018-02-15 00:00:00	0.7000000000000001	0.84	0.58	0.62	0.7	
2018-02-15 00:00:00	0.8	0.9	0.72	0.68	0.7	
2018-02-15 00:00:00	0.9	0.92	0.88	0.9	0.8	
2018-02-15 00:00:00	1.0	1.0	1.0	1.0	1.0	
2018-02-22 00:00:00	0.0	0.08	0.16	0.1	0.12	
2018-02-22 00:00:00	0.1	0.16	0.28	0.1	0.14	
2018-02-22 00:00:00	0.2	0.28	0.4	0.1	0.24	
2018-02-22 00:00:00	0.30000000000000004	0.28	0.4	0.4	0.24	
2018-02-22 00:00:00	0.4	0.32	0.46	0.4	0.34	
2018-02-22 00:00:00	0.5	0.46	0.5	0.58	0.36	
2018-02-22 00:00:00	0.6000000000000001	0.58	0.58	0.58	0.6	
2018-02-22 00:00:00	0.7000000000000001	0.58	0.62	0.7	0.6	
2018-02-22 00:00:00	0.8	0.72	0.68	0.72	0.72	
2018-02-22 00:00:00	0.9	0.84	0.9	0.8	0.8	
2018-02-22 00:00:00	1.0	1.0	1.0	1.0	1.0	
2018-03-01 00:00:00	0.0	0.12	0.0	0.12	0.04	
2018-03-01 00:00:00	0.1	0.28	0.1	0.12	0.06	
2018-03-01 00:00:00	0.2	0.28	0.2	0.24	0.06	
2018-03-01 00:00:00	0.30000000000000004	0.46	0.2	0.24	0.26	
2018-03-01 00:00:00	0.4	0.46	0.4	0.36	0.3	
2018-03-01 00:00:00	0.5	0.54	0.48	0.36	0.46	
2018-03-01 00:00:00	0.6000000000000001	0.58	0.58	0.38	0.52	
2018-03-01 00:00:00	0.7000000000000001	0.64	0.62	0.6	0.8	
2018-03-01 00:00:00	0.8	0.78	0.72	0.72	0.8	
2018-03-01 00:00:00	0.9	0.9	0.8	0.82	0.86	
2018-03-01 00:00:00	1.0	1.0	1.0	1.0	1.0	
2018-03-08 00:00:00	0.0	0.0	0.12	0.04	0.1	
2018-03-08 00:00:00	0.1	0.1	0.14	0.04	0.22	
2018-03-08 00:00:00	0.2	0.1	0.24	0.26	0.22	
2018-03-08 00:00:00	0.30000000000000004	0.4	0.24	0.26	0.36	
2018-03-08 00:00:00	0.4	0.4	0.36	0.3	0.58	
2018-03-08 00:00:00	0.5	0.48	0.36	0.46	0.64	
2018-03-08 00:00:00	0.6000000000000001	0.58	0.6	0.52	0.64	
2018-03-08 00:00:00	0.7000000000000001	0.62	0.6	0.74	0.82	
2018-03-08 00:00:00	0.8	0.72	0.72	0.86	0.94	
2018-03-08 00:00:00	0.9	0.8	0.8	0.86	0.94	
2018-03-08 00:00:00	1.0	1.0	1.0	1.0	1.0	
2018-03-15 00:00:00	0.0	0.1	0.16	0.22	0.1	
2018-03-15 00:00:00	0.1	0.1	0.36	0.34	0.1	
2018-03-15 00:00:00	0.2	0.34	0.36	0.34	0.34	
2018-03-15 00:00:00	0.30000000000000004	0.34	0.58	0.48	0.34	
2018-03-15 00:00:00	0.4	0.46	0.62	0.58	0.34	
2018-03-15 00:00:00	0.5	0.58	0.68	0.58	0.58	
2018-03-15 00:00:00	0.6000000000000001	0.68	0.7	0.84	0.58	
2018-03-15 00:00:00	0.7000000000000001	0.76	0.7	0.84	0.78	
2018-03-15 00:00:00	0.8	0.78	0.82	0.9	0.82	
2018-03-15 00:00:00	0.9	0.9	0.92	0.94	0.92	
2018-03-15 00:00:00	1.0	1.0	1.0	1.0	1.0	
2018-03-22 00:00:00	0.0	0.16	0.22	0.1	0.06	
2018-03-22 00:00:00	0.1	0.38	0.22	0.24	0.28	
2018-03-22 00:00:00	0.2	0.38	0.36	0.24	0.28	
2018-03-22 00:00:00	0.30000000000000004	0.58	0.48	0.34	0.52	
2018-03-22 00:00:00	0.4	0.64	0.48	0.4	0.52	
2018-03-22 00:00:00	0.5	0.64	0.7	0.4	0.52	
2018-03-22 00:00:00	0.6000000000000001	0.76	0.7	0.58	0.72	
2018-03-22 00:00:00	0.7000000000000001	0.76	0.84	0.68	0.72	
2018-03-22 00:00:00	0.8	0.78	0.84	0.78	0.86	
2018-03-22 00:00:00	0.9	0.86	0.9	0.9	0.92	
2018-03-22 00:00:00	1.0	1.0	1.0	1.0	1.0	
2018-03-29 00:00:00	0.0	0.1	0.1	0.1	0.1	
2018-03-29 00:00:00	0.1	0.22	0.28	0.1	0.16	
2018-03-29 00:00:00	0.2	0.36	0.28	0.5	0.3	
2018-03-29 00:00:00	0.30000000000000004	0.36	0.48	0.5	0.3	
2018-03-29 00:00:00	0.4	0.58	0.48	0.68	0.44	
2018-03-29 00:00:00	0.5	0.64	0.48	0.68	0.64	
2018-03-29 00:00:00	0.6000000000000001	0.64	0.66	0.88	0.7	
2018-03-29 00:00:00	0.7000000000000001	0.82	0.68	0.88	0.78	
2018-03-29 00:00:00	0.8	0.94	0.74	0.94	0.8	
2018-03-29 00:00:00	0.9	0.94	0.86	0.98	0.96	
2018-03-29 00:00:00	1.0	1.0	1.0	1.0	1.0	
2018-04-05 00:00:00	0.0	0.1	0.22	0.14	0.08	
2018-04-05 00:00:00	0.1	0.2	0.32	0.24	0.08	
2018-04-05 00:00:00	0.2	0.2	0.38	0.24	0.3	
2018-04-05 00:00:00	0.30000000000000004	0.38	0.38	0.5	0.3	
2018-04-05 00:00:00	0.4	0.52	0.56	0.5	0.56	
2018-04-05 00:00:00	0.5	0.62	0.7	0.5	0.56	
2018-04-05 00:00:00	0.6000000000000001	0.68	0.82	0.72	0.62	
2018-04-05 00:00:00	0.7000000000000001	0.72	0.84	0.78	0.72	
2018-04-05 00:00:00	0.8	0.82	0.9	0.82	0.84	
2018-04-05 00:00:00	0.9	0.84	0.96	0.96	0.88	
2018-04-05 00:00:00	1.0	1.0	1.0	1.0	1.0	
2018-04-12 00:00:00	0.0	0.22	0.1	0.08	0.1	
2018-04-12 00:00:00	0.1	0.22	0.24	0.08	0.18	
2018-04-12 00:00:00	0.2	0.38	0.24	0.3	0.18	
2018-04-12 00:00:00	0.30000000000000004	0.38	0.5	0.3	0.42	
2018-04-12 00:00:00	0.4	0.56	0.5	0.44	0.42	
2018-04-12 00:00:00	0.5	0.7	0.64	0.56	0.52	
2018-04-12 00:00:00	0.6000000000000001	0.82	0.72	0.62	0.72	
2018-04-12 00:00:00	0.7000000000000001	0.84	0.78	0.72	0.74	
2018-04-12 00:00:00	0.8	0.9	0.84	0.84	0.84	
2018-04-12 00:00:00	0.9	0.96	0.96	0.88	0.9	
2018-04-12 00:00:00	1.0	1.0	1.0	1.0	1.0	
2018-04-19 00:00:00	0.0	0.1	0.08	0.1	0.06	
2018-04-19 00:00:00	0.1	0.24	0.2	0.1	0.18	
2018-04-19 00:00:00	0.2	0.3	0.2	0.26	0.18	
2018-04-19 00:00:00	0.30000000000000004	0.3	0.44	0.26	0.36	
2018-04-19 00:00:00	0.4	0.5	0.44	0.52	0.36	
2018-04-19 00:00:00	0.5	0.64	0.62	0.52	0.54	
2018-04-19 00:00:00	0.6000000000000001	0.72	0.62	0.54	0.54	
2018-04-19 00:00:00	0.7000000000000001	0.78	0.78	0.74	0.78	
2018-04-19 00:00:00	0.8	0.84	0.82	0.84	0.78	
2018-04-19 00:00:00	0.9	0.96	0.88	0.9	0.86	
2018-04-19 00:00:00	1.0	1.0	1.0	1.0	1.0	
2018-04-26 00:00:00	0.0	0.12	0.08	0.06	0.06	
2018-04-26 00:00:00	0.1	0.12	0.18	0.06	0.16	
2018-04-26 00:00:00	0.2	0.34	0.18	0.28	0.2	
2018-04-26 00:00:00	0.30000000000000004	0.34	0.36	0.28	0.2	
2018-04-26 00:00:00	0.4	0.5	0.36	0.44	0.56	
2018-04-26 00:00:00	0.5	0.5	0.38	0.44	0.56	
2018-04-26 00:00:00	0.6000000000000001	0.68	0.54	0.68	0.74	
2018-04-26 00:00:00	0.7000000000000001	0.68	0.74	0.68	0.82	
2018-04-26 00:00:00	0.8	0.82	0.74	0.78	0.88	
2018-04-26 00:00:00	0.9	0.9	0.84	0.86	0.94	
2018-04-26 00:00:00	1.0	1.0	1.0	1.0	1.0	
2018-05-03 00:00:00	0.0	0.1	0.12	0.04	0.1	
2018-05-03 00:00:00	0.1	0.18	0.18	0.1	0.2	
2018-05-03 00:00:00	0.2	0.26	0.26	0.1	0.28	
2018-05-03 00:00:00	0.30000000000000004	0.26	0.26	0.38	0.56	
2018-05-03 00:00:00	0.4	0.52	0.36	0.38	0.6	
2018-05-03 00:00:00	0.5	0.52	0.46	0.72	0.6	
2018-05-03 00:00:00	0.6000000000000001	0.74	0.54	0.72	0.82	
2018-05-03 00:00:00	0.7000000000000001	0.74	0.78	0.78	0.84	
2018-05-03 00:00:00	0.8	0.84	0.86	0.86	0.86	
2018-05-03 00:00:00	0.9	0.9	0.92	0.92	0.92	
2018-05-03 00:00:00	1.0	1.0	1.0	1.0	1.0	
2018-05-10 00:00:00	0.0	0.12	0.04	0.1	0.18	
2018-05-10 00:00:00	0.1	0.2	0.22	0.2	0.32	
2018-05-10 00:00:00	0.2	0.2	0.22	0.48	0.38	
2018-05-10 00:00:00	0.30000000000000004	0.36	0.28	0.56	0.38	
2018-05-10 00:00:00	0.4	0.36	0.44	0.56	0.6	
2018-05-10 00:00:00	0.5	0.56	0.54	0.72	0.6	
2018-05-10 00:00:00	0.6000000000000001	0.56	0.58	0.72	0.78	
2018-05-10 00:00:00	0.7000000000000001	0.72	0.76	0.84	0.82	
2018-05-10 00:00:00	0.8	0.86	0.82	0.9	0.9	
2018-05-10 00:00:00	0.9	0.92	0.92	0.98	0.94	
2018-05-10 00:00:00	1.0	1.0	1.0	1.0	1.0	
2018-05-17 00:00:00	0.0	0.18	0.1	0.18	0.14	
2018-05-17 00:00:00	0.1	0.22	0.1	0.18	0.14	
2018-05-17 00:00:00	0.2	0.22	0.48	0.38	0.4	
2018-05-17 00:00:00	0.30000000000000004	0.44	0.48	0.38	0.4	
2018-05-17 00:00:00	0.4	0.44	0.68	0.6	0.54	
2018-05-17 00:00:00	0.5	0.58	0.68	0.6	0.54	
2018-05-17 00:00:00	0.6000000000000001	0.58	0.74	0.78	0.74	
2018-05-17 00:00:00	0.7000000000000001	0.8	0.74	0.82	0.76	
2018-05-17 00:00:00	0.8	0.82	0.88	0.9	0.9	
2018-05-17 00:00:00	0.9	0.92	0.98	0.94	0.96	
2018-05-17 00:00:00	1.0	1.0	1.0	1.0	1.0	
2018-05-24 00:00:00	0.0	0.1	0.18	0.14	0.16	
2018-05-24 00:00:00	0.1	0.2	0.32	0.24	0.2	
2018-05-24 00:00:00	0.2	0.48	0.32	0.24	0.32	
2018-05-24 00:00:00	0.30000000000000004	0.56	0.5	0.46	0.42	
2018-05-24 00:00:00	0.4	0.56	0.5	0.46	0.42	
2018-05-24 00:00:00	0.5	0.72	0.66	0.6	0.52	
2018-05-24 00:00:00	0.6000000000000001	0.72	0.66	0.62	0.7	
2018-05-24 00:00:00	0.7000000000000001	0.84	0.82	0.76	0.7	
2018-05-24 00:00:00	0.8	0.9	0.9	0.9	0.8	
2018-05-24 00:00:00	0.9	0.98	0.94	0.98	0.9	
2018-05-24 00:00:00	1.0	1.0	1.0	1.0	1.0	
2018-05-31 00:00:00	0.0	0.18	0.14	0.16	0.1	
2018-05-31 00:00:00	0.1	0.18	0.24	0.16	0.22	
2018-05-31 00:00:00	0.2	0.38	0.4	0.32	0.22	
2018-05-31 00:00:00	0.30000000000000004	0.38	0.46	0.32	0.38	
2018-05-31 00:00:00	0.4	0.6	0.54	0.5	0.38	
2018-05-31 00:00:00	0.5	0.6	0.6	0.52	0.54	
2018-05-31 00:00:00	0.6000000000000001	0.78	0.74	0.64	0.64	
2018-05-31 00:00:00	0.7000000000000001	0.82	0.76	0.78	0.64	
2018-05-31 00:00:00	0.8	0.9	0.9	0.8	0.72	
2018-05-31 00:00:00	0.9	0.94	0.96	0.9	0.86	
2018-05-31 00:00:00	1.0	1.0	1.0	1.0	1.0	
2018-06-07 00:00:00	0.0	0.16	0.12	0.08	0.12	
2018-06-07 00:00:00	0.1	0.16	0.2	0.18	0.28	
2018-06-07 00:00:00	0.2	0.38	0.36	0.34	0.32	
2018-06-07 00:00:00	0.30000000000000004	0.38	0.48	0.46	0.32	
2018-06-07 00:00:00	0.4	0.62	0.52	0.56	0.46	
2018-06-07 00:00:00	0.5	0.62	0.52	0.64	0.46	
2018-06-07 00:00:00	0.6000000000000001	0.8	0.7	0.7	0.6	
2018-06-07 00:00:00	0.7000000000000001	0.86	0.8	0.7	0.78	
2018-06-07 00:00:00	0.8	0.94	0.82	0.78	0.8	
2018-06-07 00:00:00	0.9	0.96	0.96	0.88	0.98	
2018-06-07 00:00:00	1.0	1.0	1.0	1.0	1.0	
2018-06-14 00:00:00	0.0	0.12	0.08	0.12	0.06	
2018-06-14 00:00:00	0.1	0.2	0.18	0.16	0.18	
2018-06-14 00:00:00	0.2	0.36	0.18	0.32	0.3	
2018-06-14 00:00:00	0.30000000000000004	0.48	0.46	0.4	0.44	
2018-06-14 00:00:00	0.4	0.52	0.46	0.46	0.48	
2018-06-14 00:00:00	0.5	0.52	0.64	0.48	0.54	
2018-06-14 00:00:00	0.6000000000000001	0.7	0.64	0.6	0.54	
2018-06-14 00:00:00	0.7000000000000001	0.82	0.7	0.62	0.76	
2018-06-14 00:00:00	0.8	0.82	0.78	0.8	0.88	
2018-06-14 00:00:00	0.9	0.96	0.9	0.9	0.96	
2018-06-14 00:00:00	1.0	1.0	1.0	1.0	1.0	
2018-06-21 00:00:00	0.0	0.08	0.16	0.12	0.12	
2018-06-21 00:00:00	0.1	0.24	0.16	0.26	0.2	
2018-06-21 00:00:00	0.2	0.24	0.34	0.32	0.2	
2018-06-21 00:00:00	0.30000000000000004	0.44	0.34	0.38	0.52	
2018-06-21 00:00:00	0.4	0.44	0.5	0.5	0.52	
2018-06-21 00:00:00	0.5	0.62	0.5	0.68	0.64	
2018-06-21 00:00:00	0.6000000000000001	0.7	0.74	0.72	0.7	
2018-06-21 00:00:00	0.7000000000000001	0.78	0.76	0.82	0.8	
2018-06-21 00:00:00	0.8	0.86	0.88	0.86	0.9	
2018-06-21 00:00:00	0.9	0.94	0.98	0.92	0.96	
2018-06-21 00:00:00	1.0	1.0	1.0	1.0	1.0	
2018-06-28 00:00:00	0.0	0.16	0.14	0.08	0.1	
2018-06-28 00:00:00	0.1	0.22	0.26	0.2	0.2	
2018-06-28 00:00:00	0.2	0.22	0.32	0.3	0.28	
2018-06-28 00:00:00	0.30000000000000004	0.46	0.38	0.52	0.36	
2018-06-28 00:00:00	0.4	0.46	0.38	0.56	0.36	
2018-06-28 00:00:00	0.5	0.66	0.68	0.64	0.5	
2018-06-28 00:00:00	0.6000000000000001	0.74	0.68	0.74	0.5	
2018-06-28 00:00:00	0.7000000000000001	0.84	0.82	0.8	0.64	
2018-06-28 00:00:00	0.8	0.94	0.86	0.9	0.76	
2018-06-28 00:00:00	0.9	0.98	0.92	0.94	0.92	
2018-06-28 00:00:00	1.0	1.0	1.0	1.0	1.0	
2018-07-05 00:00:00	0.0	0.14	0.08	0.1	0.04	
2018-07-05 00:00:00	0.1	0.26	0.2	0.2	0.1	
2018-07-05 00:00:00	0.2	0.26	0.3	0.28	0.3	
2018-07-05 00:00:00	0.30000000000000004	0.38	0.3	0.28	0.32	
2018-07-05 00:00:00	0.4	0.38	0.56	0.36	0.38	
2018-07-05 00:00:00	0.5	0.68	0.56	0.5	0.38	
2018-07-05 00:00:00	0.6000000000000001	0.72	0.74	0.5	0.5	
2018-07-05 00:00:00	0.7000000000000001	0.82	0.8	0.64	0.56	
2018-07-05 00:00:00	0.8	0.86	0.9	0.76	0.56	
2018-07-05 00:00:00	0.9	0.92	0.94	0.88	0.82	
2018-07-05 00:00:00	1.0	1.0	1.0	1.0	1.0	
2018-07-12 00:00:00	0.0	0.08	0.1	0.06	0.08	
2018-07-12 00:00:00	0.1	0.18	0.18	0.1	0.08	
2018-07-12 00:00:00	0.2	0.3	0.28	0.1	0.08	
2018-07-12 00:00:00	0.30000000000000004	0.34	0.28	0.32	0.18	
2018-07-12 00:00:00	0.4	0.56	0.36	0.32	0.18	
2018-07-12 00:00:00	0.5	0.56	0.36	0.42	0.32	
2018-07-12 00:00:00	0.6000000000000001	0.74	0.5	0.42	0.4	
2018-07-12 00:00:00	0.7000000000000001	0.84	0.5	0.5	0.44	
2018-07-12 00:00:00	0.8	0.84	0.64	0.56	0.54	
2018-07-12 00:00:00	0.9	0.94	0.88	0.7	0.78	
2018-07-12 00:00:00	1.0	1.0	1.0	1.0	1.0	
2018-07-19 00:00:00	0.0	0.1	0.04	0.08	0.04	
2018-07-19 00:00:00	0.1	0.2	0.24	0.12	0.12	
2018-07-19 00:00:00	0.2	0.2	0.3	0.12	0.16	
2018-07-19 00:00:00	0.30000000000000004	0.36	0.36	0.24	0.36	
2018-07-19 00:00:00	0.4	0.36	0.36	0.24	0.46	
2018-07-19 00:00:00	0.5	0.5	0.46	0.38	0.46	
2018-07-19 00:00:00	0.6000000000000001	0.64	0.5	0.38	0.6	
2018-07-19 00:00:00	0.7000000000000001	0.64	0.56	0.5	0.6	
2018-07-19 00:00:00	0.8	0.76	0.68	0.64	0.74	
2018-07-19 00:00:00	0.9	0.92	0.86	0.86	0.9	
2018-07-19 00:00:00	1.0	1.0	1.0	1.0	1.0	
2018-07-26 00:00:00	0.0	0.2	0.12	0.08	0.08	
2018-07-26 00:00:00	0.1	0.26	0.16	0.28	0.08	
2018-07-26 00:00:00	0.2	0.3	0.24	0.28	0.32	
2018-07-26 00:00:00	0.30000000000000004	0.38	0.32	0.32	0.52	
2018-07-26 00:00:00	0.4	0.44	0.42	0.42	0.54	
2018-07-26 00:00:00	0.5	0.5	0.42	0.46	0.74	
2018-07-26 00:00:00	0.6000000000000001	0.52	0.52	0.68	0.74	
2018-07-26 00:00:00	0.7000000000000001	0.64	0.72	0.74	0.86	
2018-07-26 00:00:00	0.8	0.82	0.82	0.84	0.9	
2018-07-26 00:00:00	0.9	0.88	0.88	0.86	0.98	
2018-07-26 00:00:00	1.0	1.0	1.0	1.0	1.0	
2018-08-02 00:00:00	0.0	0.12	0.2	0.08	0.08	
2018-08-02 00:00:00	0.1	0.2	0.28	0.14	0.18	
2018-08-02 00:00:00	0.2	0.24	0.28	0.32	0.24	
2018-08-02 00:00:00	0.30000000000000004	0.34	0.32	0.52	0.38	
2018-08-02 00:00:00	0.4	0.42	0.42	0.54	0.4	
2018-08-02 00:00:00	0.5	0.52	0.58	0.64	0.48	
2018-08-02 00:00:00	0.6000000000000001	0.52	0.58	0.78	0.48	
2018-08-02 00:00:00	0.7000000000000001	0.72	0.74	0.86	0.56	
2018-08-02 00:00:00	0.8	0.8	0.84	0.86	0.72	
2018-08-02 00:00:00	0.9	0.96	0.9	0.98	0.84	
2018-08-02 00:00:00	1.0	1.0	1.0	1.0	1.0	
2018-08-09 00:00:00	0.0	0.2	0.08	0.1	0.06	
2018-08-09 00:00:00	0.1	0.28	0.26	0.18	0.12	
2018-08-09 00:00:00	0.2	0.28	0.32	0.24	0.32	
2018-08-09 00:00:00	0.30000000000000004	0.32	0.34	0.38	0.42	
2018-08-09 00:00:00	0.4	0.42	0.54	0.48	0.54	
2018-08-09 00:00:00	0.5	0.46	0.74	0.48	0.54	
2018-08-09 00:00:00	0.6000000000000001	0.58	0.74	0.54	0.7	
2018-08-09 00:00:00	0.7000000000000001	0.74	0.86	0.56	0.76	
2018-08-09 00:00:00	0.8	0.84	0.9	0.72	0.84	
2018-08-09 00:00:00	0.9	0.86	0.98	0.88	0.92	
2018-08-09 00:00:00	1.0	1.0	1.0	1.0	1.0	
2018-08-16 00:00:00	0.0	0.08	0.1	0.06	0.0	
2018-08-16 00:00:00	0.1	0.14	0.18	0.12	0.06	
2018-08-16 00:00:00	0.2	0.32	0.32	0.32	0.18	
2018-08-16 00:00:00	0.30000000000000004	0.52	0.38	0.42	0.28	
2018-08-16 00:00:00	0.4	0.54	0.46	0.54	0.44	
2018-08-16 00:00:00	0.5	0.64	0.48	0.66	0.52	
2018-08-16 00:00:00	0.6000000000000001	0.74	0.54	0.66	0.72	
2018-08-16 00:00:00	0.7000000000000001	0.86	0.66	0.78	0.86	
2018-08-16 00:00:00	0.8	0.9	0.8	0.92	0.88	
2018-08-16 00:00:00	0.9	0.98	0.88	0.92	0.92	
2018-08-16 00:00:00	1.0	1.0	1.0	1.0	1.0	
2018-08-23 00:00:00	0.0	0.14	0.2	0.0	0.08	
2018-08-23 00:00:00	0.1	0.24	0.26	0.12	0.16	
2018-08-23 00:00:00	0.2	0.32	0.38	0.18	0.22	
2018-08-23 00:00:00	0.30000000000000004	0.4	0.44	0.34	0.32	
2018-08-23 00:00:00	0.4	0.46	0.56	0.44	0.46	
2018-08-23 00:00:00	0.5	0.52	0.66	0.56	0.58	
2018-08-23 00:00:00	0.6000000000000001	0.66	0.74	0.74	0.76	
2018-08-23 00:00:00	0.7000000000000001	0.66	0.82	0.82	0.82	
2018-08-23 00:00:00	0.8	0.8	0.86	0.88	0.88	
2018-08-23 00:00:00	0.9	0.88	0.96	0.92	0.94	
2018-08-23 00:00:00	1.0	1.0	1.0	1.0	1.0	
2018-08-30 00:00:00	0.0	0.2	0.12	0.08	0.08	
2018-08-30 00:00:00	0.1	0.2	0.12	0.14	0.16	
2018-08-30 00:00:00	0.2	0.38	0.28	0.22	0.34	
2018-08-30 00:00:00	0.30000000000000004	0.38	0.34	0.36	0.46	
2018-08-30 00:00:00	0.4	0.56	0.46	0.46	0.56	
2018-08-30 00:00:00	0.5	0.66	0.56	0.7	0.64	
2018-08-30 00:00:00	0.6000000000000001	0.74	0.74	0.7	0.76	
2018-08-30 00:00:00	0.7000000000000001	0.82	0.74	0.82	0.78	
2018-08-30 00:00:00	0.8	0.86	0.84	0.88	0.88	
2018-08-30 00:00:00	0.9	0.96	0.96	0.94	0.92	
2018-08-30 00:00:00	1.0	1.0	1.0	1.0	1.0	
2018-09-06 00:00:00	0.0	0.12	0.08	0.08	0.08	
2018-09-06 00:00:00	0.1	0.12	0.14	0.16	0.2	
2018-09-06 00:00:00	0.2	0.28	0.22	0.28	0.26	
2018-09-06 00:00:00	0.30000000000000004	0.28	0.36	0.46	0.3	
2018-09-06 00:00:00	0.4	0.46	0.46	0.54	0.52	
2018-09-06 00:00:00	0.5	0.56	0.58	0.64	0.58	
2018-09-06 00:00:00	0.6000000000000001	0.66	0.76	0.76	0.66	
2018-09-06 00:00:00	0.7000000000000001	0.76	0.82	0.8	0.84	
2018-09-06 00:00:00	0.8	0.86	0.88	0.86	0.84	
2018-09-06 00:00:00	0.9	0.96	0.94	0.96	0.94	
2018-09-06 00:00:00	1.0	1.0	1.0	1.0	1.0	
2018-09-13 00:00:00	0.0	0.06	0.08	0.08	0.1	
2018-09-13 00:00:00	0.1	0.14	0.2	0.14	0.22	
2018-09-13 00:00:00	0.2	0.28	0.28	0.26	0.3	
2018-09-13 00:00:00	0.30000000000000004	0.36	0.36	0.48	0.34	
2018-09-13 00:00:00	0.4	0.48	0.54	0.52	0.46	
2018-09-13 00:00:00	0.5	0.58	0.62	0.58	0.56	
2018-09-13 00:00:00	0.6000000000000001	0.64	0.72	0.64	0.56	
2018-09-13 00:00:00	0.7000000000000001	0.78	0.8	0.78	0.64	
2018-09-13 00:00:00	0.8	0.84	0.86	0.88	0.76	
2018-09-13 00:00:00	0.9	0.94	0.96	0.94	0.84	
2018-09-13 00:00:00	1.0	1.0	1.0	1.0	1.0	
2018-09-20 00:00:00	0.0	0.08	0.08	0.1	0.1	
2018-09-20 00:00:00	0.1	0.2	0.14	0.22	0.2	
2018-09-20 00:00:00	0.2	0.28	0.26	0.3	0.32	
2018-09-20 00:00:00	0.30000000000000004	0.36	0.48	0.34	0.5	
2018-09-20 00:00:00	0.4	0.54	0.52	0.46	0.58	
2018-09-20 00:00:00	0.5	0.62	0.58	0.5	0.6	
2018-09-20 00:00:00	0.6000000000000001	0.72	0.64	0.56	0.66	
2018-09-20 00:00:00	0.7000000000000001	0.8	0.78	0.64	0.76	
2018-09-20 00:00:00	0.8	0.86	0.88	0.76	0.86	
2018-09-20 00:00:00	0.9	0.96	0.94	0.8	0.88	
2018-09-20 00:00:00	1.0	1.0	1.0	1.0	1.0	
2018-09-27 00:00:00	0.0	0.06	0.12	0.1	0.06	
2018-09-27 00:00:00	0.1	0.14	0.16	0.28	0.14	
2018-09-27 00:00:00	0.2	0.36	0.26	0.38	0.26	
2018-09-27 00:00:00	0.30000000000000004	0.48	0.3	0.4	0.26	
2018-09-27 00:00:00	0.4	0.54	0.38	0.52	0.4	
2018-09-27 00:00:00	0.5	0.58	0.58	0.58	0.48	
2018-09-27 00:00:00	0.6000000000000001	0.76	0.58	0.66	0.54	
2018-09-27 00:00:00	0.7000000000000001	0.76	0.7	0.74	0.74	
2018-09-27 00:00:00	0.8	0.82	0.72	0.8	0.8	
2018-09-27 00:00:00	0.9	0.96	0.88	0.9	0.96	
2018-09-27 00:00:00	1.0	1.0	1.0	1.0	1.0	
2018-10-04 00:00:00	0.0	0.12	0.1	0.06	0.08	
2018-10-04 00:00:00	0.1	0.22	0.1	0.14	0.16	
2018-10-04 00:00:00	0.2	0.26	0.38	0.26	0.24	
2018-10-04 00:00:00	0.30000000000000004	0.34	0.38	0.28	0.46	
2018-10-04 00:00:00	0.4	0.38	0.52	0.4	0.48	
2018-10-04 00:00:00	0.5	0.5	0.6	0.48	0.54	
2018-10-04 00:00:00	0.6000000000000001	0.58	0.66	0.54	0.64	
2018-10-04 00:00:00	0.7000000000000001	0.7	0.74	0.74	0.72	
2018-10-04 00:00:00	0.8	0.7	0.8	0.78	0.82	
2018-10-04 00:00:00	0.9	0.88	0.9	0.96	0.86	
2018-10-04 00:00:00	1.0	1.0	1.0	1.0	1.0	
2018-10-11 00:00:00	0.0	0.1	0.08	0.08	0.08	
2018-10-11 00:00:00	0.1	0.2	0.14	0.16	0.24	
2018-10-11 00:00:00	0.2	0.2	0.16	0.24	0.38	
2018-10-11 00:00:00	0.30000000000000004	0.5	0.28	0.46	0.44	
2018-10-11 00:00:00	0.4	0.58	0.36	0.48	0.54	
2018-10-11 00:00:00	0.5	0.6	0.48	0.56	0.78	
2018-10-11 00:00:00	0.6000000000000001	0.72	0.56	0.56	0.78	
2018-10-11 00:00:00	0.7000000000000001	0.76	0.66	0.72	0.9	
2018-10-11 00:00:00	0.8	0.86	0.88	0.82	0.94	
2018-10-11 00:00:00	0.9	0.88	0.92	0.86	0.98	
2018-10-11 00:00:00	1.0	1.0	1.0	1.0	1.0	
2018-10-18 00:00:00	0.0	0.08	0.08	0.08	0.12	
2018-10-18 00:00:00	0.1	0.14	0.16	0.24	0.18	
2018-10-18 00:00:00	0.2	0.16	0.24	0.38	0.3	
2018-10-18 00:00:00	0.30000000000000004	0.28	0.46	0.44	0.44	
2018-10-18 00:00:00	0.4	0.36	0.48	0.54	0.56	
2018-10-18 00:00:00	0.5	0.48	0.54	0.66	0.64	
2018-10-18 00:00:00	0.6000000000000001	0.56	0.56	0.78	0.64	
2018-10-18 00:00:00	0.7000000000000001	0.66	0.72	0.9	0.82	
2018-10-18 00:00:00	0.8	0.88	0.82	0.94	0.9	
2018-10-18 00:00:00	0.9	0.9	0.86	0.98	0.94	
2018-10-18 00:00:00	1.0	1.0	1.0	1.0	1.0	
2018-10-25 00:00:00	0.0	0.08	0.16	0.06	0.06	
2018-10-25 00:00:00	0.1	0.16	0.24	0.18	0.16	
2018-10-25 00:00:00	0.2	0.38	0.3	0.18	0.24	
2018-10-25 00:00:00	0.30000000000000004	0.46	0.44	0.44	0.3	
2018-10-25 00:00:00	0.4	0.52	0.56	0.56	0.34	
2018-10-25 00:00:00	0.5	0.54	0.66	0.64	0.44	
2018-10-25 00:00:00	0.6000000000000001	0.64	0.82	0.82	0.48	
2018-10-25 00:00:00	0.7000000000000001	0.64	0.82	0.82	0.66	
2018-10-25 00:00:00	0.8	0.82	0.92	0.9	0.76	
2018-10-25 00:00:00	0.9	0.86	0.98	0.94	0.86	
2018-10-25 00:00:00	1.0	1.0	1.0	1.0	1.0	
2018-11-01 00:00:00	0.0	0.16	0.14	0.06	0.18	
2018-11-01 00:00:00	0.1	0.22	0.2	0.16	0.28	
2018-11-01 00:00:00	0.2	0.22	0.28	0.26	0.38	
2018-11-01 00:00:00	0.30000000000000004	0.42	0.4	0.32	0.42	
2018-11-01 00:00:00	0.4	0.56	0.58	0.46	0.56	
2018-11-01 00:00:00	0.5	0.6	0.7	0.54	0.64	
2018-11-01 00:00:00	0.6000000000000001	0.7	0.76	0.62	0.7	
2018-11-01 00:00:00	0.7000000000000001	0.84	0.88	0.66	0.72	
2018-11-01 00:00:00	0.8	0.94	0.92	0.78	0.8	
2018-11-01 00:00:00	0.9	0.96	0.96	0.88	0.9	
2018-11-01 00:00:00	1.0	1.0	1.0	1.0	1.0	
2018-11-08 00:00:00	0.0	0.14	0.1	0.18	0.02	
2018-11-08 00:00:00	0.1	0.2	0.16	0.28	0.1	
2018-11-08 00:00:00	0.2	0.2	0.22	0.28	0.2	
2018-11-08 00:00:00	0.30000000000000004	0.4	0.32	0.42	0.26	
2018-11-08 00:00:00	0.4	0.4	0.4	0.42	0.38	
2018-11-08 00:00:00	0.5	0.7	0.54	0.64	0.48	
2018-11-08 00:00:00	0.6000000000000001	0.88	0.58	0.66	0.56	
2018-11-08 00:00:00	0.7000000000000001	0.88	0.7	0.72	0.56	
2018-11-08 00:00:00	0.8	0.92	0.82	0.8	0.7	
2018-11-08 00:00:00	0.9	0.96	0.88	0.9	0.88	
2018-11-08 00:00:00	1.0	1.0	1.0	1.0	1.0	
2018-11-15 00:00:00	0.0	0.06	0.18	0.02	0.08	
2018-11-15 00:00:00	0.1	0.16	0.28	0.12	0.14	
2018-11-15 00:00:00	0.2	0.26	0.38	0.2	0.14	
2018-11-15 00:00:00	0.30000000000000004	0.32	0.42	0.2	0.24	
2018-11-15 00:00:00	0.4	0.32	0.56	0.38	0.24	
2018-11-15 00:00:00	0.5	0.54	0.64	0.38	0.46	
2018-11-15 00:00:00	0.6000000000000001	0.66	0.7	0.56	0.46	
2018-11-15 00:00:00	0.7000000000000001	0.66	0.72	0.68	0.62	
2018-11-15 00:00:00	0.8	0.78	0.8	0.7	0.72	
2018-11-15 00:00:00	0.9	0.88	0.9	0.94	0.78	
2018-11-15 00:00:00	1.0	1.0	1.0	1.0	1.0	
2018-11-22 00:00:00	0.0	0.1	0.02	0.06	0.1	
2018-11-22 00:00:00	0.1	0.28	0.1	0.14	0.14	
2018-11-22 00:00:00	0.2	0.32	0.2	0.14	0.22	
2018-11-22 00:00:00	0.30000000000000004	0.42	0.26	0.24	0.22	
2018-11-22 00:00:00	0.4	0.5	0.38	0.24	0.3	
2018-11-22 00:00:00	0.5	0.64	0.48	0.46	0.32	
2018-11-22 00:00:00	0.6000000000000001	0.66	0.56	0.46	0.44	
2018-11-22 00:00:00	0.7000000000000001	0.78	0.56	0.62	0.44	
2018-11-22 00:00:00	0.8	0.8	0.7	0.72	0.56	
2018-11-22 00:00:00	0.9	0.9	0.88	0.78	0.72	
2018-11-22 00:00:00	1.0	1.0	1.0	1.0	1.0	
2018-11-29 00:00:00	0.0	0.02	0.08	0.1	0.04	
2018-11-29 00:00:00	0.1	0.12	0.14	0.18	0.14	
2018-11-29 00:00:00	0.2	0.2	0.22	0.22	0.18	
2018-11-29 00:00:00	0.30000000000000004	0.2	0.24	0.22	0.18	
2018-11-29 00:00:00	0.4	0.38	0.4	0.3	0.26	
2018-11-29 00:00:00	0.5	0.38	0.46	0.3	0.26	
2018-11-29 00:00:00	0.6000000000000001	0.56	0.62	0.44	0.38	
2018-11-29 00:00:00	0.7000000000000001	0.68	0.62	0.56	0.44	
2018-11-29 00:00:00	0.8	0.7	0.72	0.56	0.44	
2018-11-29 00:00:00	0.9	0.94	0.78	0.72	0.64	
2018-11-29 00:00:00	1.0	1.0	1.0	1.0	1.0	
2018-12-06 00:00:00	0.0	0.08	0.08	0.1	0.02	
2018-12-06 00:00:00	0.1	0.16	0.18	0.14	0.02	
2018-12-06 00:00:00	0.2	0.16	0.26	0.2	0.12	
2018-12-06 00:00:00	0.30000000000000004	0.38	0.26	0.2	0.12	
2018-12-06 00:00:00	0.4	0.38	0.42	0.36	0.22	
2018-12-06 00:00:00	0.5	0.56	0.42	0.38	0.24	
2018-12-06 00:00:00	0.6000000000000001	0.56	0.54	0.44	0.38	
2018-12-06 00:00:00	0.7000000000000001	0.72	0.56	0.44	0.38	
2018-12-06 00:00:00	0.8	0.78	0.72	0.64	0.56	
2018-12-06 00:00:00	0.9	0.88	0.82	0.74	0.74	
2018-12-06 00:00:00	1.0	1.0	1.0	1.0	1.0	
2018-12-13 00:00:00	0.0	0.08	0.12	0.1	0.22	
2018-12-13 00:00:00	0.1	0.2	0.18	0.2	0.32	
2018-12-13 00:00:00	0.2	0.2	0.18	0.2	0.46	
2018-12-13 00:00:00	0.30000000000000004	0.4	0.34	0.36	0.46	
2018-12-13 00:00:00	0.4	0.4	0.34	0.36	0.5	
2018-12-13 00:00:00	0.5	0.5	0.58	0.36	0.68	
2018-12-13 00:00:00	0.6000000000000001	0.66	0.58	0.54	0.7	
2018-12-13 00:00:00	0.7000000000000001	0.7	0.72	0.54	0.88	
2018-12-13 00:00:00	0.8	0.8	0.74	0.74	0.88	
2018-12-13 00:00:00	0.9	0.9	0.86	0.88	0.96	
2018-12-13 00:00:00	1.0	1.0	1.0	1.0	1.0	
2018-12-20 00:00:00	0.0	0.12	0.1	0.22	0.12	
2018-12-20 00:00:00	0.1	0.18	0.24	0.36	0.38	
2018-12-20 00:00:00	0.2	0.24	0.34	0.36	0.46	
2018-12-20 00:00:00	0.30000000000000004	0.24	0.34	0.64	0.46	
2018-12-20 00:00:00	0.4	0.44	0.52	0.64	0.5	
2018-12-20 00:00:00	0.5	0.54	0.54	0.68	0.54	
2018-12-20 00:00:00	0.6000000000000001	0.64	0.72	0.84	0.74	
2018-12-20 00:00:00	0.7000000000000001	0.68	0.72	0.86	0.78	
2018-12-20 00:00:00	0.8	0.84	0.86	0.96	0.9	
2018-12-20 00:00:00	0.9	0.98	0.94	0.96	0.96	
2018-12-20 00:00:00	1.0	1.0	1.0	1.0	1.0	
2018-12-27 00:00:00	0.0	0.14	0.14	0.26	0.1	
2018-12-27 00:00:00	0.1	0.24	0.36	0.38	0.18	
2018-12-27 00:00:00	0.2	0.24	0.54	0.38	0.18	
2018-12-27 00:00:00	0.30000000000000004	0.52	0.54	0.5	0.34	
2018-12-27 00:00:00	0.4	0.52	0.64	0.5	0.44	
2018-12-27 00:00:00	0.5	0.52	0.8	0.5	0.6	
2018-12-27 00:00:00	0.6000000000000001	0.72	0.84	0.74	0.7	
2018-12-27 00:00:00	0.7000000000000001	0.72	0.92	0.78	0.74	
2018-12-27 00:00:00	0.8	0.86	0.94	0.88	0.92	
2018-12-27 00:00:00	0.9	0.94	0.96	0.96	0.98	
2018-12-27 00:00:00	1.0	1.0	1.0	1.0	1.0	
2019-01-03 00:00:00	0.0	0.14	0.26	0.1	0.1	
2019-01-03 00:00:00	0.1	0.32	0.26	0.1	0.16	
2019-01-03 00:00:00	0.2	0.54	0.42	0.34	0.16	
2019-01-03 00:00:00	0.30000000000000004	0.54	0.42	0.34	0.36	
2019-01-03 00:00:00	0.4	0.7	0.5	0.44	0.36	
2019-01-03 00:00:00	0.5	0.8	0.7	0.6	0.36	
2019-01-03 00:00:00	0.6000000000000001	0.8	0.74	0.7	0.52	
2019-01-03 00:00:00	0.7000000000000001	0.92	0.84	0.88	0.56	
2019-01-03 00:00:00	0.8	0.94	0.88	0.92	0.72	
2019-01-03 00:00:00	0.9	0.96	0.96	0.98	0.88	
2019-01-03 00:00:00	1.0	1.0	1.0	1.0	1.0	
2019-01-10 00:00:00	0.0	0.26	0.1	0.1	0.2	
2019-01-10 00:00:00	0.1	0.3	0.26	0.1	0.26	
2019-01-10 00:00:00	0.2	0.3	0.26	0.32	0.36	
2019-01-10 00:00:00	0.30000000000000004	0.42	0.34	0.32	0.36	
2019-01-10 00:00:00	0.4	0.62	0.5	0.36	0.38	
2019-01-10 00:00:00	0.5	0.7	0.6	0.46	0.64	
2019-01-10 00:00:00	0.6000000000000001	0.8	0.78	0.52	0.68	
2019-01-10 00:00:00	0.7000000000000001	0.84	0.88	0.68	0.78	
2019-01-10 00:00:00	0.8	0.9	0.92	0.72	0.78	
2019-01-10 00:00:00	0.9	0.96	0.98	0.86	0.98	
2019-01-10 00:00:00	1.0	1.0	1.0	1.0	1.0	
2019-01-17 00:00:00	0.0	0.16	0.16	0.2	0.14	
2019-01-17 00:00:00	0.1	0.26	0.26	0.3	0.32	
2019-01-17 00:00:00	0.2	0.26	0.26	0.3	0.32	
2019-01-17 00:00:00	0.30000000000000004	0.42	0.42	0.36	0.36	
2019-01-17 00:00:00	0.4	0.5	0.42	0.62	0.56	
2019-01-17 00:00:00	0.5	0.5	0.42	0.62	0.64	
2019-01-17 00:00:00	0.6000000000000001	0.78	0.62	0.74	0.64	
2019-01-17 00:00:00	0.7000000000000001	0.78	0.68	0.78	0.76	
2019-01-17 00:00:00	0.8	0.92	0.82	0.92	0.88	
2019-01-17 00:00:00	0.9	0.98	0.94	0.98	0.92	
2019-01-17 00:00:00	1.0	1.0	1.0	1.0	1.0	
2019-01-24 00:00:00	0.0	0.16	0.1	0.18	0.08	
2019-01-24 00:00:00	0.1	0.26	0.1	0.32	0.38	
2019-01-24 00:00:00	0.2	0.36	0.56	0.32	0.42	
2019-01-24 00:00:00	0.30000000000000004	0.36	0.56	0.52	0.42	
2019-01-24 00:00:00	0.4	0.42	0.62	0.56	0.62	
2019-01-24 00:00:00	0.5	0.58	0.72	0.56	0.68	
2019-01-24 00:00:00	0.6000000000000001	0.62	0.74	0.74	0.68	
2019-01-24 00:00:00	0.7000000000000001	0.62	0.74	0.74	0.84	
2019-01-24 00:00:00	0.8	0.82	0.92	0.88	0.86	
2019-01-24 00:00:00	0.9	0.94	0.92	0.88	0.94	
2019-01-24 00:00:00	1.0	1.0	1.0	1.0	1.0	
2019-01-31 00:00:00	0.0	0.26	0.18	0.3	0.14	
2019-01-31 00:00:00	0.1	0.36	0.38	0.38	0.32	
2019-01-31 00:00:00	0.2	0.36	0.38	0.58	0.32	
2019-01-31 00:00:00	0.30000000000000004	0.46	0.52	0.58	0.4	
2019-01-31 00:00:00	0.4	0.66	0.62	0.62	0.56	
2019-01-31 00:00:00	0.5	0.66	0.62	0.68	0.58	
2019-01-31 00:00:00	0.6000000000000001	0.86	0.78	0.74	0.58	
2019-01-31 00:00:00	0.7000000000000001	0.86	0.78	0.74	0.8	
2019-01-31 00:00:00	0.8	0.88	0.86	0.9	0.86	
2019-01-31 00:00:00	0.9	0.92	0.88	0.94	0.88	
2019-01-31 00:00:00	1.0	1.0	1.0	1.0	1.0	
2019-02-07 00:00:00	0.0	0.2	0.3	0.14	0.04	
2019-02-07 00:00:00	0.1	0.38	0.3	0.32	0.14	
2019-02-07 00:00:00	0.2	0.38	0.58	0.32	0.14	
2019-02-07 00:00:00	0.30000000000000004	0.48	0.58	0.4	0.32	
2019-02-07 00:00:00	0.4	0.62	0.58	0.56	0.48	
2019-02-07 00:00:00	0.5	0.62	0.68	0.58	0.48	
2019-02-07 00:00:00	0.6000000000000001	0.78	0.68	0.74	0.7	
2019-02-07 00:00:00	0.7000000000000001	0.78	0.8	0.8	0.76	
2019-02-07 00:00:00	0.8	0.86	0.9	0.84	0.78	
2019-02-07 00:00:00	0.9	0.88	0.94	0.88	0.92	
2019-02-07 00:00:00	1.0	1.0	1.0	1.0	1.0	
2019-02-14 00:00:00	0.0	0.3	0.18	0.1	0.14	
2019-02-14 00:00:00	0.1	0.3	0.32	0.14	0.18	
2019-02-14 00:00:00	0.2	0.58	0.32	0.3	0.18	
2019-02-14 00:00:00	0.30000000000000004	0.58	0.48	0.3	0.38	
2019-02-14 00:00:00	0.4	0.58	0.56	0.48	0.56	
2019-02-14 00:00:00	0.5	0.68	0.72	0.6	0.56	
2019-02-14 00:00:00	0.6000000000000001	0.68	0.74	0.7	0.74	
2019-02-14 00:00:00	0.7000000000000001	0.8	0.74	0.7	0.74	
2019-02-14 00:00:00	0.8	0.9	0.84	0.78	0.86	
2019-02-14 00:00:00	0.9	0.94	0.88	0.92	0.96	
2019-02-14 00:00:00	1.0	1.0	1.0	1.0	1.0	
2019-02-21 00:00:00	0.0	0.16	0.1	0.14	0.1	
2019-02-21 00:00:00	0.1	0.34	0.26	0.14	0.2	
2019-02-21 00:00:00	0.2	0.34	0.26	0.38	0.2	
2019-02-21 00:00:00	0.30000000000000004	0.5	0.3	0.38	0.54	
2019-02-21 00:00:00	0.4	0.64	0.42	0.38	0.54	
2019-02-21 00:00:00	0.5	0.64	0.42	0.64	0.54	
2019-02-21 00:00:00	0.6000000000000001	0.76	0.62	0.64	0.74	
2019-02-21 00:00:00	0.7000000000000001	0.76	0.62	0.82	0.74	
2019-02-21 00:00:00	0.8	0.8	0.72	0.82	0.86	
2019-02-21 00:00:00	0.9	0.86	0.88	0.96	0.92	
2019-02-21 00:00:00	1.0	1.0	1.0	1.0	1.0	
2019-02-28 00:00:00	0.0	0.16	0.2	0.1	0.12	
2019-02-28 00:00:00	0.1	0.16	0.34	0.1	0.22	
2019-02-28 00:00:00	0.2	0.38	0.34	0.44	0.22	
2019-02-28 00:00:00	0.30000000000000004	0.38	0.34	0.44	0.3	
2019-02-28 00:00:00	0.4	0.38	0.46	0.54	0.36	
2019-02-28 00:00:00	0.5	0.42	0.46	0.7	0.36	
2019-02-28 00:00:00	0.6000000000000001	0.44	0.72	0.7	0.56	
2019-02-28 00:00:00	0.7000000000000001	0.62	0.72	0.86	0.56	
2019-02-28 00:00:00	0.8	0.82	0.9	0.86	0.74	
2019-02-28 00:00:00	0.9	0.9	0.94	0.92	0.9	
2019-02-28 00:00:00	1.0	1.0	1.0	1.0	1.0	
2019-03-07 00:00:00	0.0	0.2	0.1	0.12	0.14	
2019-03-07 00:00:00	0.1	0.34	0.1	0.12	0.24	
2019-03-07 00:00:00	0.2	0.34	0.44	0.3	0.24	
2019-03-07 00:00:00	0.30000000000000004	0.42	0.44	0.3	0.24	
2019-03-07 00:00:00	0.4	0.46	0.44	0.3	0.48	
2019-03-07 00:00:00	0.5	0.46	0.7	0.56	0.48	
2019-03-07 00:00:00	0.6000000000000001	0.72	0.7	0.56	0.5	
2019-03-07 00:00:00	0.7000000000000001	0.72	0.86	0.74	0.66	
2019-03-07 00:00:00	0.8	0.9	0.86	0.74	0.66	
2019-03-07 00:00:00	0.9	0.94	0.92	0.9	0.84	
2019-03-07 00:00:00	1.0	1.0	1.0	1.0	1.0	
2019-03-14 00:00:00	0.0	0.24	0.08	0.1	0.26	
2019-03-14 00:00:00	0.1	0.24	0.2	0.34	0.26	
2019-03-14 00:00:00	0.2	0.34	0.2	0.34	0.52	
2019-03-14 00:00:00	0.30000000000000004	0.5	0.4	0.48	0.52	
2019-03-14 00:00:00	0.4	0.6	0.5	0.48	0.52	
2019-03-14 00:00:00	0.5	0.6	0.5	0.64	0.6	
2019-03-14 00:00:00	0.6000000000000001	0.72	0.68	0.64	0.7	
2019-03-14 00:00:00	0.7000000000000001	0.82	0.74	0.82	0.7	
2019-03-14 00:00:00	0.8	0.92	0.9	0.84	0.88	
2019-03-14 00:00:00	0.9	0.92	0.9	0.94	0.9	
2019-03-14 00:00:00	1.0	1.0	1.0	1.0	1.0	
2019-03-21 00:00:00	0.0	0.2	0.24	0.2	0.14	
2019-03-21 00:00:00	0.1	0.2	0.4	0.46	0.34	
2019-03-21 00:00:00	0.2	0.46	0.4	0.46	0.34	
2019-03-21 00:00:00	0.30000000000000004	0.46	0.5	0.56	0.34	
2019-03-21 00:00:00	0.4	0.46	0.5	0.56	0.46	
2019-03-21 00:00:00	0.5	0.58	0.68	0.62	0.7	
2019-03-21 00:00:00	0.6000000000000001	0.74	0.82	0.62	0.7	
2019-03-21 00:00:00	0.7000000000000001	0.84	0.82	0.88	0.82	
2019-03-21 00:00:00	0.8	0.9	0.92	0.88	0.92	
2019-03-21 00:00:00	0.9	0.96	0.94	0.96	0.98	
2019-03-21 00:00:00	1.0	1.0	1.0	1.0	1.0	
2019-03-28 00:00:00	0.0	0.24	0.2	0.2	0.24	
2019-03-28 00:00:00	0.1	0.4	0.2	0.34	0.24	
2019-03-28 00:00:00	0.2	0.4	0.3	0.34	0.4	
2019-03-28 00:00:00	0.30000000000000004	0.4	0.56	0.34	0.58	
2019-03-28 00:00:00	0.4	0.68	0.56	0.58	0.58	
2019-03-28 00:00:00	0.5	0.68	0.56	0.7	0.58	
2019-03-28 00:00:00	0.6000000000000001	0.68	0.8	0.7	0.74	
2019-03-28 00:00:00	0.7000000000000001	0.92	0.8	0.7	0.8	
2019-03-28 00:00:00	0.8	0.92	0.88	0.92	0.8	
2019-03-28 00:00:00	0.9	0.96	0.96	0.98	0.86	
2019-03-28 00:00:00	1.0	1.0	1.0	1.0	1.0	
2019-04-04 00:00:00	0.0	0.2	0.2	0.24	0.1	
2019-04-04 00:00:00	0.1	0.2	0.34	0.24	0.1	
2019-04-04 00:00:00	0.2	0.46	0.34	0.24	0.4	
2019-04-04 00:00:00	0.30000000000000004	0.56	0.34	0.58	0.4	
2019-04-04 00:00:00	0.4	0.56	0.58	0.58	0.58	
2019-04-04 00:00:00	0.5	0.56	0.7	0.58	0.58	
2019-04-04 00:00:00	0.6000000000000001	0.8	0.7	0.74	0.66	
2019-04-04 00:00:00	0.7000000000000001	0.8	0.7	0.8	0.84	
2019-04-04 00:00:00	0.8	0.88	0.92	0.8	0.84	
2019-04-04 00:00:00	0.9	0.96	0.98	0.86	0.94	
2019-04-04 00:00:00	1.0	1.0	1.0	1.0	1.0	
2019-04-11 00:00:00	0.0	0.2	0.24	0.1	0.18	
2019-04-11 00:00:00	0.1	0.34	0.24	0.1	0.18	
2019-04-11 00:00:00	0.2	0.34	0.24	0.4	0.36	
2019-04-11 00:00:00	0.30000000000000004	0.34	0.58	0.4	0.5	
2019-04-11 00:00:00	0.4	0.58	0.58	0.58	0.5	
2019-04-11 00:00:00	0.5	0.7	0.58	0.58	0.5	
2019-04-11 00:00:00	0.6000000000000001	0.7	0.74	0.66	0.7	
2019-04-11 00:00:00	0.7000000000000001	0.82	0.8	0.84	0.7	
2019-04-11 00:00:00	0.8	0.92	0.8	0.84	0.82	
2019-04-11 00:00:00	0.9	0.98	0.86	0.94	0.82	
2019-04-11 00:00:00	1.0	1.0	1.0	1.0	1.0	
2019-04-18 00:00:00	0.0	0.24	0.1	0.18	0.2	
2019-04-18 00:00:00	0.1	0.24	0.1	0.18	0.34	
2019-04-18 00:00:00	0.2	0.42	0.4	0.36	0.34	
2019-04-18 00:00:00	0.30000000000000004	0.58	0.4	0.5	0.34	
2019-04-18 00:00:00	0.4	0.58	0.58	0.5	0.44	
2019-04-18 00:00:00	0.5	0.58	0.58	0.5	0.58	
2019-04-18 00:00:00	0.6000000000000001	0.74	0.66	0.7	0.58	
2019-04-18 00:00:00	0.7000000000000001	0.8	0.84	0.7	0.74	
2019-04-18 00:00:00	0.8	0.86	0.84	0.82	0.76	
2019-04-18 00:00:00	0.9	0.86	0.94	0.82	0.88	
2019-04-18 00:00:00	1.0	1.0	1.0	1.0	1.0	
2019-04-25 00:00:00	0.0	0.1	0.18	0.2	0.14	
2019-04-25 00:00:00	0.1	0.1	0.18	0.34	0.14	
2019-04-25 00:00:00	0.2	0.28	0.36	0.34	0.28	
2019-04-25 00:00:00	0.30000000000000004	0.28	0.36	0.34	0.42	
2019-04-25 00:00:00	0.4	0.58	0.5	0.44	0.42	
2019-04-25 00:00:00	0.5	0.76	0.7	0.58	0.6	
2019-04-25 00:00:00	0.6000000000000001	0.76	0.7	0.58	0.6	
2019-04-25 00:00:00	0.7000000000000001	0.76	0.7	0.74	0.7	
2019-04-25 00:00:00	0.8	0.94	0.82	0.76	0.7	
2019-04-25 00:00:00	0.9	0.98	0.86	0.88	0.84	
2019-04-25 00:00:00	1.0	1.0	1.0	1.0	1.0	
2019-05-02 00:00:00	0.0	0.18	0.2	0.14	0.18	
2019-05-02 00:00:00	0.1	0.18	0.34	0.14	0.18	
2019-05-02 00:00:00	0.2	0.36	0.34	0.28	0.26	
2019-05-02 00:00:00	0.30000000000000004	0.56	0.34	0.42	0.34	
2019-05-02 00:00:00	0.4	0.56	0.44	0.42	0.34	
2019-05-02 00:00:00	0.5	0.56	0.58	0.6	0.48	
2019-05-02 00:00:00	0.6000000000000001	0.82	0.58	0.64	0.48	
2019-05-02 00:00:00	0.7000000000000001	0.82	0.74	0.64	0.64	
2019-05-02 00:00:00	0.8	0.86	0.76	0.7	0.64	
2019-05-02 00:00:00	0.9	0.86	0.88	0.84	0.72	
2019-05-02 00:00:00	1.0	1.0	1.0	1.0	1.0	
2019-05-09 00:00:00	0.0	0.1	0.14	0.08	0.16	
2019-05-09 00:00:00	0.1	0.1	0.14	0.08	0.24	
2019-05-09 00:00:00	0.2	0.3	0.46	0.22	0.24	
2019-05-09 00:00:00	0.30000000000000004	0.46	0.46	0.4	0.3	
2019-05-09 00:00:00	0.4	0.46	0.46	0.4	0.32	
2019-05-09 00:00:00	0.5	0.6	0.52	0.56	0.32	
2019-05-09 00:00:00	0.6000000000000001	0.72	0.66	0.64	0.44	
2019-05-09 00:00:00	0.7000000000000001	0.72	0.78	0.68	0.5	
2019-05-09 00:00:00	0.8	0.94	0.82	0.68	0.68	
2019-05-09 00:00:00	0.9	0.94	0.9	0.82	0.78	
2019-05-09 00:00:00	1.0	1.0	1.0	1.0	1.0	
2019-05-16 00:00:00	0.0	0.14	0.08	0.16	0.08	
2019-05-16 00:00:00	0.1	0.32	0.22	0.16	0.08	
2019-05-16 00:00:00	0.2	0.32	0.22	0.24	0.34	
2019-05-16 00:00:00	0.30000000000000004	0.46	0.4	0.3	0.34	
2019-05-16 00:00:00	0.4	0.52	0.56	0.3	0.34	
2019-05-16 00:00:00	0.5	0.52	0.56	0.44	0.52	
2019-05-16 00:00:00	0.6000000000000001	0.66	0.64	0.44	0.52	
2019-05-16 00:00:00	0.7000000000000001	0.78	0.68	0.68	0.62	
2019-05-16 00:00:00	0.8	0.86	0.68	0.68	0.76	
2019-05-16 00:00:00	0.9	0.98	0.82	0.78	0.86	
2019-05-16 00:00:00	1.0	1.0	1.0	1.0	1.0	
2019-05-23 00:00:00	0.0	0.08	0.16	0.08	0.14	
2019-05-23 00:00:00	0.1	0.22	0.16	0.08	0.14	
2019-05-23 00:00:00	0.2	0.22	0.3	0.34	0.32	
2019-05-23 00:00:00	0.30000000000000004	0.22	0.3	0.34	0.32	
2019-05-23 00:00:00	0.4	0.56	0.3	0.46	0.36	
2019-05-23 00:00:00	0.5	0.56	0.44	0.52	0.54	
2019-05-23 00:00:00	0.6000000000000001	0.6	0.44	0.52	0.54	
2019-05-23 00:00:00	0.7000000000000001	0.68	0.62	0.6	0.66	
2019-05-23 00:00:00	0.8	0.82	0.68	0.76	0.76	
2019-05-23 00:00:00	0.9	0.92	0.78	0.86	0.84	
2019-05-23 00:00:00	1.0	1.0	1.0	1.0	1.0	
2019-05-30 00:00:00	0.0	0.16	0.08	0.14	0.16	
2019-05-30 00:00:00	0.1	0.16	0.08	0.14	0.18	
2019-05-30 00:00:00	0.2	0.3	0.34	0.32	0.18	
2019-05-30 00:00:00	0.30000000000000004	0.3	0.34	0.32	0.4	
2019-05-30 00:00:00	0.4	0.3	0.34	0.5	0.4	
2019-05-30 00:00:00	0.5	0.44	0.52	0.54	0.52	
2019-05-30 00:00:00	0.6000000000000001	0.44	0.52	0.54	0.58	
2019-05-30 00:00:00	0.7000000000000001	0.62	0.62	0.66	0.64	
2019-05-30 00:00:00	0.8	0.68	0.76	0.76	0.8	
2019-05-30 00:00:00	0.9	0.78	0.86	0.84	0.88	
2019-05-30 00:00:00	1.0	1.0	1.0	1.0	1.0	
2019-06-06 00:00:00	0.0	0.08	0.14	0.16	0.14	
2019-06-06 00:00:00	0.1	0.2	0.26	0.18	0.2	
2019-06-06 00:00:00	0.2	0.2	0.32	0.34	0.26	
2019-06-06 00:00:00	0.30000000000000004	0.34	0.32	0.34	0.26	
2019-06-06 00:00:00	0.4	0.46	0.5	0.4	0.32	
2019-06-06 00:00:00	0.5	0.46	0.54	0.52	0.38	
2019-06-06 00:00:00	0.6000000000000001	0.6	0.64	0.58	0.52	
2019-06-06 00:00:00	0.7000000000000001	0.6	0.66	0.64	0.72	
2019-06-06 00:00:00	0.8	0.76	0.76	0.8	0.72	
2019-06-06 00:00:00	0.9	0.86	0.84	0.88	0.86	
2019-06-06 00:00:00	1.0	1.0	1.0	1.0	1.0	
2019-06-13 00:00:00	0.0	0.12	0.16	0.06	0.12	
2019-06-13 00:00:00	0.1	0.26	0.32	0.2	0.12	
2019-06-13 00:00:00	0.2	0.44	0.32	0.26	0.24	
2019-06-13 00:00:00	0.30000000000000004	0.44	0.46	0.26	0.24	
2019-06-13 00:00:00	0.4	0.5	0.46	0.32	0.42	
2019-06-13 00:00:00	0.5	0.6	0.52	0.46	0.42	
2019-06-13 00:00:00	0.6000000000000001	0.64	0.58	0.52	0.52	
2019-06-13 00:00:00	0.7000000000000001	0.74	0.68	0.68	0.52	
2019-06-13 00:00:00	0.8	0.8	0.82	0.82	0.68	
2019-06-13 00:00:00	0.9	0.86	0.9	0.86	0.76	
2019-06-13 00:00:00	1.0	1.0	1.0	1.0	1.0	
2019-06-20 00:00:00	0.0	0.12	0.06	0.1	0.12	
2019-06-20 00:00:00	0.1	0.18	0.2	0.1	0.24	
2019-06-20 00:00:00	0.2	0.34	0.26	0.34	0.24	
2019-06-20 00:00:00	0.30000000000000004	0.34	0.42	0.34	0.34	
2019-06-20 00:00:00	0.4	0.6	0.42	0.46	0.38	
2019-06-20 00:00:00	0.5	0.6	0.66	0.46	0.48	
2019-06-20 00:00:00	0.6000000000000001	0.7	0.66	0.68	0.5	
2019-06-20 00:00:00	0.7000000000000001	0.72	0.76	0.68	0.58	
2019-06-20 00:00:00	0.8	0.8	0.86	0.74	0.76	
2019-06-20 00:00:00	0.9	0.9	0.94	0.9	0.82	
2019-06-20 00:00:00	1.0	1.0	1.0	1.0	1.0	
2019-06-27 00:00:00	0.0	0.14	0.12	0.12	0.04	
2019-06-27 00:00:00	0.1	0.2	0.22	0.22	0.04	
2019-06-27 00:00:00	0.2	0.2	0.22	0.22	0.32	
2019-06-27 00:00:00	0.30000000000000004	0.42	0.44	0.44	0.32	
2019-06-27 00:00:00	0.4	0.42	0.44	0.44	0.5	
2019-06-27 00:00:00	0.5	0.66	0.62	0.48	0.5	
2019-06-27 00:00:00	0.6000000000000001	0.66	0.62	0.56	0.54	
2019-06-27 00:00:00	0.7000000000000001	0.76	0.74	0.68	0.56	
2019-06-27 00:00:00	0.8	0.86	0.86	0.74	0.7	
2019-06-27 00:00:00	0.9	0.96	0.9	0.86	0.84	
2019-06-27 00:00:00	1.0	1.0	1.0	1.0	1.0	
2019-07-04 00:00:00	0.0	0.1	0.1	0.18	0.1	
2019-07-04 00:00:00	0.1	0.22	0.2	0.22	0.24	
2019-07-04 00:00:00	0.2	0.22	0.32	0.22	0.3	
2019-07-04 00:00:00	0.30000000000000004	0.48	0.32	0.42	0.3	
2019-07-04 00:00:00	0.4	0.48	0.4	0.42	0.44	
2019-07-04 00:00:00	0.5	0.66	0.52	0.46	0.6	
2019-07-04 00:00:00	0.6000000000000001	0.66	0.62	0.54	0.6	
2019-07-04 00:00:00	0.7000000000000001	0.8	0.72	0.66	0.62	
2019-07-04 00:00:00	0.8	0.9	0.78	0.82	0.76	
2019-07-04 00:00:00	0.9	0.94	0.88	0.88	0.9	
2019-07-04 00:00:00	1.0	1.0	1.0	1.0	1.0	
2019-07-11 00:00:00	0.0	0.08	0.1	0.06	0.18	
2019-07-11 00:00:00	0.1	0.18	0.14	0.22	0.26	
2019-07-11 00:00:00	0.2	0.28	0.14	0.22	0.36	
2019-07-11 00:00:00	0.30000000000000004	0.38	0.44	0.34	0.36	
2019-07-11 00:00:00	0.4	0.38	0.44	0.34	0.58	
2019-07-11 00:00:00	0.5	0.56	0.62	0.56	0.58	
2019-07-11 00:00:00	0.6000000000000001	0.6	0.62	0.56	0.86	
2019-07-11 00:00:00	0.7000000000000001	0.72	0.76	0.78	0.9	
2019-07-11 00:00:00	0.8	0.74	0.88	0.8	0.94	
2019-07-11 00:00:00	0.9	0.88	0.94	0.9	0.96	
2019-07-11 00:00:00	1.0	1.0	1.0	1.0	1.0	
2019-07-18 00:00:00	0.0	0.04	0.16	0.18	0.1	
2019-07-18 00:00:00	0.1	0.14	0.22	0.18	0.2	
2019-07-18 00:00:00	0.2	0.26	0.22	0.36	0.3	
2019-07-18 00:00:00	0.30000000000000004	0.44	0.34	0.36	0.38	
2019-07-18 00:00:00	0.4	0.58	0.34	0.58	0.44	
2019-07-18 00:00:00	0.5	0.62	0.56	0.58	0.56	
2019-07-18 00:00:00	0.6000000000000001	0.66	0.64	0.86	0.56	
2019-07-18 00:00:00	0.7000000000000001	0.76	0.78	0.86	0.7	
2019-07-18 00:00:00	0.8	0.8	0.8	0.94	0.88	
2019-07-18 00:00:00	0.9	0.92	0.9	0.96	0.92	
2019-07-18 00:00:00	1.0	1.0	1.0	1.0	1.0	
2019-07-25 00:00:00	0.0	0.06	0.08	0.1	0.06	
2019-07-25 00:00:00	0.1	0.22	0.26	0.2	0.12	
2019-07-25 00:00:00	0.2	0.32	0.36	0.28	0.22	
2019-07-25 00:00:00	0.30000000000000004	0.34	0.46	0.38	0.3	
2019-07-25 00:00:00	0.4	0.48	0.46	0.5	0.38	
2019-07-25 00:00:00	0.5	0.56	0.7	0.56	0.44	
2019-07-25 00:00:00	0.6000000000000001	0.7	0.7	0.66	0.66	
2019-07-25 00:00:00	0.7000000000000001	0.78	0.9	0.66	0.68	
2019-07-25 00:00:00	0.8	0.8	0.92	0.86	0.78	
2019-07-25 00:00:00	0.9	0.9	0.98	0.92	0.86	
2019-07-25 00:00:00	1.0	1.0	1.0	1.0	1.0	
2019-08-01 00:00:00	0.0	0.18	0.1	0.06	0.18	
2019-08-01 00:00:00	0.1	0.26	0.1	0.16	0.24	
2019-08-01 00:00:00	0.2	0.26	0.28	0.22	0.28	
2019-08-01 00:00:00	0.30000000000000004	0.46	0.28	0.22	0.38	
2019-08-01 00:00:00	0.4	0.46	0.5	0.38	0.48	
2019-08-01 00:00:00	0.5	0.7	0.5	0.44	0.56	
2019-08-01 00:00:00	0.6000000000000001	0.86	0.66	0.64	0.64	
2019-08-01 00:00:00	0.7000000000000001	0.9	0.82	0.76	0.8	
2019-08-01 00:00:00	0.8	0.92	0.86	0.86	0.9	
2019-08-01 00:00:00	0.9	0.98	0.96	0.9	0.98	
2019-08-01 00:00:00	1.0	1.0	1.0	1.0	1.0	
2019-08-08 00:00:00	0.0	0.1	0.1	0.06	0.16	
2019-08-08 00:00:00	0.1	0.18	0.16	0.24	0.22	
2019-08-08 00:00:00	0.2	0.18	0.24	0.34	0.34	
2019-08-08 00:00:00	0.30000000000000004	0.4	0.3	0.38	0.44	
2019-08-08 00:00:00	0.4	0.4	0.5	0.46	0.5	
2019-08-08 00:00:00	0.5	0.6	0.58	0.56	0.56	
2019-08-08 00:00:00	0.6000000000000001	0.66	0.74	0.66	0.76	
2019-08-08 00:00:00	0.7000000000000001	0.82	0.74	0.84	0.78	
2019-08-08 00:00:00	0.8	0.86	0.84	0.9	0.92	
2019-08-08 00:00:00	0.9	0.96	0.9	1.0	0.96	
2019-08-08 00:00:00	1.0	1.0	1.0	1.0	1.0	
2019-08-15 00:00:00	0.0	0.08	0.08	0.12	0.1	
2019-08-15 00:00:00	0.1	0.18	0.18	0.18	0.18	
2019-08-15 00:00:00	0.2	0.38	0.28	0.34	0.32	
2019-08-15 00:00:00	0.30000000000000004	0.38	0.34	0.5	0.44	
2019-08-15 00:00:00	0.4	0.54	0.44	0.56	0.44	
2019-08-15 00:00:00	0.5	0.6	0.62	0.68	0.66	
2019-08-15 00:00:00	0.6000000000000001	0.68	0.7	0.78	0.78	
2019-08-15 00:00:00	0.7000000000000001	0.76	0.74	0.86	0.78	
2019-08-15 00:00:00	0.8	0.86	0.86	0.92	0.9	
2019-08-15 00:00:00	0.9	0.92	0.94	0.94	0.98	
2019-08-15 00:00:00	1.0	1.0	1.0	1.0	1.0	
2019-08-22 00:00:00	0.0	0.1	0.12	0.08	0.16	
2019-08-22 00:00:00	0.1	0.18	0.12	0.18	0.26	
2019-08-22 00:00:00	0.2	0.18	0.34	0.3	0.42	
2019-08-22 00:00:00	0.30000000000000004	0.34	0.34	0.44	0.48	
2019-08-22 00:00:00	0.4	0.34	0.56	0.56	0.6	
2019-08-22 00:00:00	0.5	0.62	0.66	0.66	0.64	
2019-08-22 00:00:00	0.6000000000000001	0.66	0.78	0.7	0.66	
2019-08-22 00:00:00	0.7000000000000001	0.74	0.86	0.82	0.84	
2019-08-22 00:00:00	0.8	0.86	0.9	0.94	0.92	
2019-08-22 00:00:00	0.9	1.0	0.94	0.98	0.92	
2019-08-22 00:00:00	1.0	1.0	1.0	1.0	1.0	
2019-08-29 00:00:00	0.0	0.06	0.1	0.16	0.0	
2019-08-29 00:00:00	0.1	0.18	0.24	0.32	0.1	
2019-08-29 00:00:00	0.2	0.34	0.32	0.44	0.16	
2019-08-29 00:00:00	0.30000000000000004	0.5	0.42	0.54	0.38	
2019-08-29 00:00:00	0.4	0.62	0.54	0.56	0.38	
2019-08-29 00:00:00	0.5	0.68	0.54	0.62	0.52	
2019-08-29 00:00:00	0.6000000000000001	0.7	0.74	0.82	0.52	
2019-08-29 00:00:00	0.7000000000000001	0.8	0.86	0.84	0.68	
2019-08-29 00:00:00	0.8	0.88	0.9	0.92	0.78	
2019-08-29 00:00:00	0.9	0.94	0.96	0.92	0.84	
2019-08-29 00:00:00	1.0	1.0	1.0	1.0	1.0	
2019-09-05 00:00:00	0.0	0.14	0.12	0.18	0.1	
2019-09-05 00:00:00	0.1	0.24	0.14	0.28	0.18	
2019-09-05 00:00:00	0.2	0.34	0.14	0.34	0.26	
2019-09-05 00:00:00	0.30000000000000004	0.42	0.46	0.34	0.32	
2019-09-05 00:00:00	0.4	0.5	0.46	0.48	0.4	
2019-09-05 00:00:00	0.5	0.5	0.68	0.54	0.42	
2019-09-05 00:00:00	0.6000000000000001	0.7	0.78	0.64	0.5	
2019-09-05 00:00:00	0.7000000000000001	0.84	0.78	0.74	0.62	
2019-09-05 00:00:00	0.8	0.84	0.88	0.82	0.74	
2019-09-05 00:00:00	0.9	0.92	0.98	0.94	0.88	
2019-09-05 00:00:00	1.0	1.0	1.0	1.0	1.0	
2019-09-12 00:00:00	0.0	0.02	0.18	0.1	0.08	
2019-09-12 00:00:00	0.1	0.14	0.24	0.18	0.14	
2019-09-12 00:00:00	0.2	0.14	0.34	0.26	0.16	
2019-09-12 00:00:00	0.30000000000000004	0.46	0.48	0.34	0.32	
2019-09-12 00:00:00	0.4	0.46	0.48	0.4	0.32	
2019-09-12 00:00:00	0.5	0.68	0.58	0.48	0.48	
2019-09-12 00:00:00	0.6000000000000001	0.78	0.64	0.48	0.6	
2019-09-12 00:00:00	0.7000000000000001	0.78	0.74	0.62	0.62	
2019-09-12 00:00:00	0.8	0.88	0.9	0.74	0.76	
2019-09-12 00:00:00	0.9	0.98	0.94	0.88	0.86	
2019-09-12 00:00:00	1.0	1.0	1.0	1.0	1.0	
2019-09-19 00:00:00	0.0	0.06	0.08	0.06	0.08	
2019-09-19 00:00:00	0.1	0.24	0.18	0.22	0.22	
2019-09-19 00:00:00	0.2	0.38	0.26	0.3	0.32	
2019-09-19 00:00:00	0.30000000000000004	0.48	0.34	0.46	0.32	
2019-09-19 00:00:00	0.4	0.58	0.4	0.48	0.38	
2019-09-19 00:00:00	0.5	0.58	0.46	0.6	0.38	
2019-09-19 00:00:00	0.6000000000000001	0.64	0.58	0.6	0.54	
2019-09-19 00:00:00	0.7000000000000001	0.7	0.72	0.74	0.62	
2019-09-19 00:00:00	0.8	0.82	0.74	0.86	0.74	
2019-09-19 00:00:00	0.9	0.94	0.92	0.9	0.88	
2019-09-19 00:00:00	1.0	1.0	1.0	1.0	1.0	
2019-09-26 00:00:00	0.0	0.08	0.16	0.1	0.02	
2019-09-26 00:00:00	0.1	0.14	0.32	0.16	0.02	
2019-09-26 00:00:00	0.2	0.22	0.44	0.24	0.16	
2019-09-26 00:00:00	0.30000000000000004	0.34	0.5	0.38	0.16	
2019-09-26 00:00:00	0.4	0.44	0.64	0.52	0.28	
2019-09-26 00:00:00	0.5	0.56	0.72	0.6	0.3	
2019-09-26 00:00:00	0.6000000000000001	0.64	0.82	0.6	0.38	
2019-09-26 00:00:00	0.7000000000000001	0.82	0.84	0.72	0.54	
2019-09-26 00:00:00	0.8	0.88	0.88	0.88	0.7	
2019-09-26 00:00:00	0.9	0.94	0.94	0.94	0.84	
2019-09-26 00:00:00	1.0	1.0	1.0	1.0	1.0	
2019-10-03 00:00:00	0.0	0.12	0.14	0.04	0.14	
2019-10-03 00:00:00	0.1	0.26	0.22	0.12	0.2	
2019-10-03 00:00:00	0.2	0.26	0.22	0.2	0.3	
2019-10-03 00:00:00	0.30000000000000004	0.52	0.4	0.2	0.38	
2019-10-03 00:00:00	0.4	0.52	0.4	0.38	0.4	
2019-10-03 00:00:00	0.5	0.72	0.64	0.38	0.4	
2019-10-03 00:00:00	0.6000000000000001	0.78	0.64	0.54	0.46	
2019-10-03 00:00:00	0.7000000000000001	0.82	0.78	0.62	0.7	
2019-10-03 00:00:00	0.8	0.94	0.92	0.74	0.82	
2019-10-03 00:00:00	0.9	0.98	0.92	0.8	0.86	
2019-10-03 00:00:00	1.0	1.0	1.0	1.0	1.0	
2019-10-10 00:00:00	0.0	0.08	0.04	0.06	0.04	
2019-10-10 00:00:00	0.1	0.08	0.12	0.2	0.14	
2019-10-10 00:00:00	0.2	0.34	0.12	0.28	0.2	
2019-10-10 00:00:00	0.30000000000000004	0.34	0.36	0.38	0.38	
2019-10-10 00:00:00	0.4	0.54	0.36	0.38	0.46	
2019-10-10 00:00:00	0.5	0.54	0.48	0.4	0.54	
2019-10-10 00:00:00	0.6000000000000001	0.7	0.54	0.6	0.58	
2019-10-10 00:00:00	0.7000000000000001	0.78	0.64	0.66	0.74	
2019-10-10 00:00:00	0.8	0.92	0.78	0.78	0.84	
2019-10-10 00:00:00	0.9	0.92	0.86	0.86	0.86	
2019-10-10 00:00:00	1.0	1.0	1.0	1.0	1.0	
2019-10-17 00:00:00	0.0	0.08	0.06	0.1	0.12	
2019-10-17 00:00:00	0.1	0.12	0.14	0.1	0.24	
2019-10-17 00:00:00	0.2	0.28	0.14	0.32	0.44	
2019-10-17 00:00:00	0.30000000000000004	0.28	0.28	0.32	0.48	
2019-10-17 00:00:00	0.4	0.46	0.28	0.46	0.48	
2019-10-17 00:00:00	0.5	0.46	0.58	0.46	0.52	
2019-10-17 00:00:00	0.6000000000000001	0.58	0.6	0.68	0.58	
2019-10-17 00:00:00	0.7000000000000001	0.64	0.68	0.72	0.66	
2019-10-17 00:00:00	0.8	0.78	0.78	0.8	0.76	
2019-10-17 00:00:00	0.9	0.86	0.92	0.86	0.9	
2019-10-17 00:00:00	1.0	1.0	1.0	1.0	1.0	
2019-10-24 00:00:00	0.0	0.06	0.1	0.12	0.12	
2019-10-24 00:00:00	0.1	0.14	0.14	0.24	0.16	
2019-10-24 00:00:00	0.2	0.28	0.32	0.24	0.24	
2019-10-24 00:00:00	0.30000000000000004	0.28	0.38	0.48	0.32	
2019-10-24 00:00:00	0.4	0.38	0.46	0.48	0.38	
2019-10-24 00:00:00	0.5	0.38	0.54	0.52	0.46	
2019-10-24 00:00:00	0.6000000000000001	0.6	0.68	0.6	0.48	
2019-10-24 00:00:00	0.7000000000000001	0.74	0.72	0.66	0.7	
2019-10-24 00:00:00	0.8	0.74	0.8	0.76	0.84	
2019-10-24 00:00:00	0.9	0.86	0.86	0.9	0.9	
2019-10-24 00:00:00	1.0	1.0	1.0	1.0	1.0	
2019-10-31 00:00:00	0.0	0.1	0.12	0.12	0.06	
2019-10-31 00:00:00	0.1	0.14	0.24	0.16	0.06	
2019-10-31 00:00:00	0.2	0.32	0.44	0.16	0.3	
2019-10-31 00:00:00	0.30000000000000004	0.32	0.48	0.32	0.3	
2019-10-31 00:00:00	0.4	0.46	0.52	0.32	0.44	
2019-10-31 00:00:00	0.5	0.54	0.52	0.46	0.44	
2019-10-31 00:00:00	0.6000000000000001	0.68	0.58	0.48	0.56	
2019-10-31 00:00:00	0.7000000000000001	0.72	0.66	0.6	0.74	
2019-10-31 00:00:00	0.8	0.8	0.76	0.82	0.78	
2019-10-31 00:00:00	0.9	0.86	0.9	0.9	0.94	
2019-10-31 00:00:00	1.0	1.0	1.0	1.0	1.0	
2019-11-07 00:00:00	0.0	0.12	0.12	0.12	0.08	
2019-11-07 00:00:00	0.1	0.24	0.2	0.18	0.14	
2019-11-07 00:00:00	0.2	0.28	0.24	0.26	0.26	
2019-11-07 00:00:00	0.30000000000000004	0.48	0.3	0.38	0.3	
2019-11-07 00:00:00	0.4	0.48	0.38	0.38	0.4	
2019-11-07 00:00:00	0.5	0.52	0.4	0.44	0.46	
2019-11-07 00:00:00	0.6000000000000001	0.6	0.48	0.48	0.56	
2019-11-07 00:00:00	0.7000000000000001	0.7	0.58	0.64	0.68	
2019-11-07 00:00:00	0.8	0.8	0.72	0.78	0.7	
2019-11-07 00:00:00	0.9	0.9	0.88	0.88	0.88	
2019-11-07 00:00:00	1.0	1.0	1.0	1.0	1.0	
2019-11-14 00:00:00	0.0	0.12	0.06	0.12	0.1	
2019-11-14 00:00:00	0.1	0.16	0.18	0.12	0.14	
2019-11-14 00:00:00	0.2	0.24	0.3	0.3	0.18	
2019-11-14 00:00:00	0.30000000000000004	0.32	0.36	0.3	0.36	
2019-11-14 00:00:00	0.4	0.38	0.44	0.46	0.36	
2019-11-14 00:00:00	0.5	0.46	0.56	0.5	0.4	
2019-11-14 00:00:00	0.6000000000000001	0.48	0.56	0.62	0.42	
2019-11-14 00:00:00	0.7000000000000001	0.7	0.7	0.78	0.56	
2019-11-14 00:00:00	0.8	0.84	0.82	0.78	0.68	
2019-11-14 00:00:00	0.9	0.9	0.94	0.84	0.76	
2019-11-14 00:00:00	1.0	1.0	1.0	1.0	1.0	
2019-11-21 00:00:00	0.0	0.06	0.12	0.1	0.12	
2019-11-21 00:00:00	0.1	0.18	0.2	0.14	0.22	
2019-11-21 00:00:00	0.2	0.3	0.3	0.18	0.24	
2019-11-21 00:00:00	0.30000000000000004	0.36	0.36	0.36	0.3	
2019-11-21 00:00:00	0.4	0.44	0.46	0.36	0.3	
2019-11-21 00:00:00	0.5	0.56	0.5	0.4	0.42	
2019-11-21 00:00:00	0.6000000000000001	0.56	0.62	0.42	0.42	
2019-11-21 00:00:00	0.7000000000000001	0.74	0.68	0.56	0.58	
2019-11-21 00:00:00	0.8	0.86	0.78	0.68	0.68	
2019-11-21 00:00:00	0.9	0.94	0.86	0.76	0.82	
2019-11-21 00:00:00	1.0	1.0	1.0	1.0	1.0	
2019-11-28 00:00:00	0.0	0.1	0.18	0.06	0.04	
2019-11-28 00:00:00	0.1	0.2	0.22	0.16	0.08	
2019-11-28 00:00:00	0.2	0.32	0.26	0.28	0.12	
2019-11-28 00:00:00	0.30000000000000004	0.44	0.26	0.4	0.14	
2019-11-28 00:00:00	0.4	0.52	0.5	0.4	0.3	
2019-11-28 00:00:00	0.5	0.62	0.5	0.58	0.32	
2019-11-28 00:00:00	0.6000000000000001	0.68	0.66	0.58	0.5	
2019-11-28 00:00:00	0.7000000000000001	0.72	0.74	0.68	0.52	
2019-11-28 00:00:00	0.8	0.76	0.76	0.8	0.68	
2019-11-28 00:00:00	0.9	0.88	0.92	0.88	0.76	
2019-11-28 00:00:00	1.0	1.0	1.0	1.0	1.0	
2019-12-05 00:00:00	0.0	0.04	0.12	0.04	0.02	
2019-12-05 00:00:00	0.1	0.22	0.18	0.08	0.08	
2019-12-05 00:00:00	0.2	0.36	0.18	0.24	0.16	
2019-12-05 00:00:00	0.30000000000000004	0.36	0.44	0.28	0.26	
2019-12-05 00:00:00	0.4	0.52	0.44	0.46	0.28	
2019-12-05 00:00:00	0.5	0.62	0.66	0.48	0.32	
2019-12-05 00:00:00	0.6000000000000001	0.7	0.66	0.64	0.48	
2019-12-05 00:00:00	0.7000000000000001	0.74	0.8	0.66	0.52	
2019-12-05 00:00:00	0.8	0.9	0.88	0.76	0.7	
2019-12-05 00:00:00	0.9	0.98	0.94	0.84	0.84	
2019-12-05 00:00:00	1.0	1.0	1.0	1.0	1.0	
2019-12-12 00:00:00	0.0	0.12	0.04	0.02	0.06	
2019-12-12 00:00:00	0.1	0.28	0.2	0.1	0.14	
2019-12-12 00:00:00	0.2	0.34	0.2	0.16	0.2	
2019-12-12 00:00:00	0.30000000000000004	0.34	0.42	0.18	0.2	
2019-12-12 00:00:00	0.4	0.54	0.42	0.28	0.32	
2019-12-12 00:00:00	0.5	0.54	0.62	0.44	0.34	
2019-12-12 00:00:00	0.6000000000000001	0.78	0.64	0.48	0.52	
2019-12-12 00:00:00	0.7000000000000001	0.78	0.72	0.64	0.54	
2019-12-12 00:00:00	0.8	0.88	0.82	0.8	0.64	
2019-12-12 00:00:00	0.9	0.94	0.96	0.88	0.74	
2019-12-12 00:00:00	1.0	1.0	1.0	1.0	1.0	
2019-12-19 00:00:00	0.0	0.16	0.08	0.06	0.04	
2019-12-19 00:00:00	0.1	0.2	0.1	0.12	0.18	
2019-12-19 00:00:00	0.2	0.38	0.12	0.2	0.22	
2019-12-19 00:00:00	0.30000000000000004	0.42	0.18	0.32	0.4	
2019-12-19 00:00:00	0.4	0.42	0.34	0.32	0.4	
2019-12-19 00:00:00	0.5	0.62	0.44	0.5	0.6	
2019-12-19 00:00:00	0.6000000000000001	0.62	0.6	0.52	0.62	
2019-12-19 00:00:00	0.7000000000000001	0.72	0.64	0.64	0.72	
2019-12-19 00:00:00	0.8	0.82	0.8	0.74	0.8	
2019-12-19 00:00:00	0.9	0.96	0.86	0.88	0.9	
2019-12-19 00:00:00	1.0	1.0	1.0	1.0	1.0	
2019-12-26 00:00:00	0.0	0.02	0.12	0.18	0.06	
2019-12-26 00:00:00	0.1	0.1	0.18	0.32	0.2	
2019-12-26 00:00:00	0.2	0.26	0.36	0.52	0.26	
2019-12-26 00:00:00	0.30000000000000004	0.26	0.36	0.52	0.36	
2019-12-26 00:00:00	0.4	0.44	0.52	0.66	0.36	
2019-12-26 00:00:00	0.5	0.44	0.6	0.7	0.56	
2019-12-26 00:00:00	0.6000000000000001	0.62	0.7	0.78	0.56	
2019-12-26 00:00:00	0.7000000000000001	0.72	0.7	0.78	0.66	
2019-12-26 00:00:00	0.8	0.8	0.86	0.9	0.8	
2019-12-26 00:00:00	0.9	0.9	0.96	0.96	0.94	
2019-12-26 00:00:00	1.0	1.0	1.0	1.0	1.0	
2020-01-02 00:00:00	0.0	0.12	0.18	0.06	0.08	
2020-01-02 00:00:00	0.1	0.3	0.18	0.2	0.2	
2020-01-02 00:00:00	0.2	0.36	0.52	0.26	0.24	
2020-01-02 00:00:00	0.30000000000000004	0.36	0.52	0.36	0.42	
2020-01-02 00:00:00	0.4	0.52	0.66	0.36	0.42	
2020-01-02 00:00:00	0.5	0.52	0.66	0.56	0.42	
2020-01-02 00:00:00	0.6000000000000001	0.7	0.78	0.56	0.54	
2020-01-02 00:00:00	0.7000000000000001	0.7	0.78	0.66	0.7	
2020-01-02 00:00:00	0.8	0.84	0.88	0.8	0.7	
2020-01-02 00:00:00	0.9	0.96	0.96	0.94	0.82	
2020-01-02 00:00:00	1.0	1.0	1.0	1.0	1.0	
2020-01-09 00:00:00	0.0	0.18	0.06	0.08	0.04	
2020-01-09 00:00:00	0.1	0.38	0.2	0.2	0.12	
2020-01-09 00:00:00	0.2	0.52	0.26	0.24	0.14	
2020-01-09 00:00:00	0.30000000000000004	0.52	0.26	0.42	0.14	
2020-01-09 00:00:00	0.4	0.66	0.54	0.42	0.26	
2020-01-09 00:00:00	0.5	0.66	0.54	0.5	0.26	
2020-01-09 00:00:00	0.6000000000000001	0.78	0.58	0.54	0.28	
2020-01-09 00:00:00	0.7000000000000001	0.78	0.66	0.68	0.46	
2020-01-09 00:00:00	0.8	0.88	0.8	0.7	0.48	
2020-01-09 00:00:00	0.9	0.96	0.94	0.92	0.6	
2020-01-09 00:00:00	1.0	1.0	1.0	1.0	1.0	
2020-01-16 00:00:00	0.0	0.06	0.12	0.08	0.06	
2020-01-16 00:00:00	0.1	0.12	0.2	0.12	0.08	
2020-01-16 00:00:00	0.2	0.26	0.38	0.12	0.08	
2020-01-16 00:00:00	0.30000000000000004	0.26	0.42	0.24	0.22	
2020-01-16 00:00:00	0.4	0.54	0.42	0.24	0.22	
2020-01-16 00:00:00	0.5	0.54	0.5	0.28	0.32	
2020-01-16 00:00:00	0.6000000000000001	0.58	0.5	0.28	0.32	
2020-01-16 00:00:00	0.7000000000000001	0.58	0.68	0.46	0.46	
2020-01-16 00:00:00	0.8	0.8	0.8	0.58	0.46	
2020-01-16 00:00:00	0.9	0.94	0.92	0.7	0.56	
2020-01-16 00:00:00	1.0	1.0	1.0	1.0	1.0	
2020-01-23 00:00:00	0.0	0.12	0.08	0.02	0.02	
2020-01-23 00:00:00	0.1	0.2	0.12	0.08	0.1	
2020-01-23 00:00:00	0.2	0.2	0.12	0.2	0.1	
2020-01-23 00:00:00	0.30000000000000004	0.42	0.24	0.2	0.12	
2020-01-23 00:00:00	0.4	0.42	0.24	0.22	0.18	
2020-01-23 00:00:00	0.5	0.5	0.28	0.3	0.18	
2020-01-23 00:00:00	0.6000000000000001	0.5	0.28	0.32	0.32	
2020-01-23 00:00:00	0.7000000000000001	0.68	0.46	0.46	0.32	
2020-01-23 00:00:00	0.8	0.8	0.58	0.56	0.46	
2020-01-23 00:00:00	0.9	0.92	0.7	0.68	0.74	
2020-01-23 00:00:00	1.0	1.0	1.0	1.0	1.0	
2020-01-30 00:00:00	0.0	0.08	0.02	0.02	0.08	
2020-01-30 00:00:00	0.1	0.18	0.14	0.1	0.26	
2020-01-30 00:00:00	0.2	0.22	0.2	0.1	0.26	
2020-01-30 00:00:00	0.30000000000000004	0.24	0.2	0.18	0.3	
2020-01-30 00:00:00	0.4	0.26	0.3	0.18	0.4	
2020-01-30 00:00:00	0.5	0.26	0.3	0.18	0.44	
2020-01-30 00:00:00	0.6000000000000001	0.46	0.46	0.32	0.44	
2020-01-30 00:00:00	0.7000000000000001	0.46	0.46	0.32	0.62	
2020-01-30 00:00:00	0.8	0.58	0.56	0.46	0.7	
2020-01-30 00:00:00	0.9	0.7	0.68	0.74	0.7	
2020-01-30 00:00:00	1.0	1.0	1.0	1.0	1.0	
2020-02-06 00:00:00	0.0	0.08	0.06	0.1	0.16	
2020-02-06 00:00:00	0.1	0.2	0.2	0.1	0.16	
2020-02-06 00:00:00	0.2	0.34	0.2	0.46	0.48	
2020-02-06 00:00:00	0.30000000000000004	0.34	0.28	0.46	0.48	
2020-02-06 00:00:00	0.4	0.36	0.42	0.46	0.48	
2020-02-06 00:00:00	0.5	0.46	0.42	0.6	0.72	
2020-02-06 00:00:00	0.6000000000000001	0.52	0.72	0.6	0.72	
2020-02-06 00:00:00	0.7000000000000001	0.64	0.72	0.64	0.84	
2020-02-06 00:00:00	0.8	0.66	0.74	0.76	0.92	
2020-02-06 00:00:00	0.9	0.84	0.94	0.92	0.98	
2020-02-06 00:00:00	1.0	1.0	1.0	1.0	1.0	
2020-02-13 00:00:00	0.0	0.14	0.1	0.16	0.32	
2020-02-13 00:00:00	0.1	0.2	0.28	0.34	0.32	
2020-02-13 00:00:00	0.2	0.2	0.28	0.34	0.54	
2020-02-13 00:00:00	0.30000000000000004	0.34	0.28	0.48	0.54	
2020-02-13 00:00:00	0.4	0.42	0.52	0.62	0.54	
2020-02-13 00:00:00	0.5	0.42	0.52	0.62	0.66	
2020-02-13 00:00:00	0.6000000000000001	0.7	0.6	0.72	0.66	
2020-02-13 00:00:00	0.7000000000000001	0.72	0.72	0.76	0.76	
2020-02-13 00:00:00	0.8	0.94	0.76	0.88	0.78	
2020-02-13 00:00:00	0.9	0.94	0.92	0.92	0.96	
2020-02-13 00:00:00	1.0	1.0	1.0	1.0	1.0	
2020-02-20 00:00:00	0.0	0.18	0.16	0.32	0.18	
2020-02-20 00:00:00	0.1	0.28	0.34	0.32	0.3	
2020-02-20 00:00:00	0.2	0.28	0.34	0.54	0.3	
2020-02-20 00:00:00	0.30000000000000004	0.28	0.34	0.54	0.42	
2020-02-20 00:00:00	0.4	0.52	0.62	0.54	0.46	
2020-02-20 00:00:00	0.5	0.52	0.62	0.66	0.46	
2020-02-20 00:00:00	0.6000000000000001	0.6	0.72	0.66	0.56	
2020-02-20 00:00:00	0.7000000000000001	0.72	0.76	0.76	0.7	
2020-02-20 00:00:00	0.8	0.76	0.88	0.78	0.8	
2020-02-20 00:00:00	0.9	0.92	0.92	0.96	0.86	
2020-02-20 00:00:00	1.0	1.0	1.0	1.0	1.0	
2020-02-27 00:00:00	0.0	0.18	0.08	0.18	0.08	
2020-02-27 00:00:00	0.1	0.18	0.4	0.18	0.08	
2020-02-27 00:00:00	0.2	0.34	0.4	0.3	0.4	
2020-02-27 00:00:00	0.30000000000000004	0.48	0.4	0.42	0.4	
2020-02-27 00:00:00	0.4	0.48	0.62	0.42	0.4	
2020-02-27 00:00:00	0.5	0.62	0.62	0.56	0.58	
2020-02-27 00:00:00	0.6000000000000001	0.66	0.66	0.56	0.58	
2020-02-27 00:00:00	0.7000000000000001	0.76	0.68	0.7	0.7	
2020-02-27 00:00:00	0.8	0.76	0.78	0.7	0.72	
2020-02-27 00:00:00	0.9	0.88	0.96	0.8	0.96	
2020-02-27 00:00:00	1.0	1.0	1.0	1.0	1.0	
2020-03-05 00:00:00	0.0	0.32	0.18	0.08	0.06	
2020-03-05 00:00:00	0.1	0.4	0.18	0.24	0.36	
2020-03-05 00:00:00	0.2	0.4	0.42	0.24	0.36	
2020-03-05 00:00:00	0.30000000000000004	0.54	0.42	0.4	0.44	
2020-03-05 00:00:00	0.4	0.62	0.42	0.54	0.54	
2020-03-05 00:00:00	0.5	0.62	0.56	0.54	0.54	
2020-03-05 00:00:00	0.6000000000000001	0.66	0.56	0.58	0.74	
2020-03-05 00:00:00	0.7000000000000001	0.68	0.7	0.7	0.74	
2020-03-05 00:00:00	0.8	0.78	0.7	0.76	0.88	
2020-03-05 00:00:00	0.9	0.96	0.8	0.92	0.9	
2020-03-05 00:00:00	1.0	1.0	1.0	1.0	1.0	
2020-03-12 00:00:00	0.0	0.18	0.08	0.3	0.06	
2020-03-12 00:00:00	0.1	0.18	0.24	0.36	0.06	
2020-03-12 00:00:00	0.2	0.3	0.24	0.36	0.34	
2020-03-12 00:00:00	0.30000000000000004	0.42	0.4	0.46	0.34	
2020-03-12 00:00:00	0.4	0.42	0.54	0.54	0.34	
2020-03-12 00:00:00	0.5	0.46	0.54	0.54	0.62	
2020-03-12 00:00:00	0.6000000000000001	0.56	0.7	0.7	0.62	
2020-03-12 00:00:00	0.7000000000000001	0.7	0.7	0.74	0.8	
2020-03-12 00:00:00	0.8	0.8	0.76	0.84	0.84	
2020-03-12 00:00:00	0.9	0.86	0.92	0.9	0.96	
2020-03-12 00:00:00	1.0	1.0	1.0	1.0	1.0	
2020-03-19 00:00:00	0.0	0.16	0.3	0.06	0.02	
2020-03-19 00:00:00	0.1	0.24	0.36	0.18	0.02	
2020-03-19 00:00:00	0.2	0.24	0.36	0.18	0.18	
2020-03-19 00:00:00	0.30000000000000004	0.38	0.46	0.34	0.18	
2020-03-19 00:00:00	0.4	0.54	0.54	0.46	0.2	
2020-03-19 00:00:00	0.5	0.54	0.7	0.46	0.36	
2020-03-19 00:00:00	0.6000000000000001	0.66	0.7	0.72	0.42	
2020-03-19 00:00:00	0.7000000000000001	0.7	0.84	0.72	0.58	
2020-03-19 00:00:00	0.8	0.74	0.84	0.84	0.62	
2020-03-19 00:00:00	0.9	0.92	0.92	0.96	0.86	
2020-03-19 00:00:00	1.0	1.0	1.0	1.0	1.0	
2020-03-26 00:00:00	0.0	0.3	0.06	0.02	0.12	
2020-03-26 00:00:00	0.1	0.3	0.18	0.02	0.24	
2020-03-26 00:00:00	0.2	0.46	0.18	0.18	0.24	
2020-03-26 00:00:00	0.30000000000000004	0.46	0.34	0.18	0.28	
2020-03-26 00:00:00	0.4	0.46	0.46	0.2	0.42	
2020-03-26 00:00:00	0.5	0.7	0.62	0.36	0.44	
2020-03-26 00:00:00	0.6000000000000001	0.7	0.72	0.36	0.66	
2020-03-26 00:00:00	0.7000000000000001	0.84	0.72	0.58	0.68	
2020-03-26 00:00:00	0.8	0.86	0.84	0.62	0.86	
2020-03-26 00:00:00	0.9	0.92	0.96	0.86	0.92	
2020-03-26 00:00:00	1.0	1.0	1.0	1.0	1.0	
2020-04-02 00:00:00	0.0	0.06	0.1	0.12	0.1	
2020-04-02 00:00:00	0.1	0.22	0.12	0.24	0.24	
2020-04-02 00:00:00	0.2	0.22	0.12	0.38	0.24	
2020-04-02 00:00:00	0.30000000000000004	0.34	0.34	0.38	0.4	
2020-04-02 00:00:00	0.4	0.5	0.34	0.42	0.4	
2020-04-02 00:00:00	0.5	0.62	0.34	0.64	0.44	
2020-04-02 00:00:00	0.6000000000000001	0.62	0.52	0.66	0.6	
2020-04-02 00:00:00	0.7000000000000001	0.8	0.52	0.8	0.6	
2020-04-02 00:00:00	0.8	0.8	0.8	0.82	0.74	
2020-04-02 00:00:00	0.9	0.96	0.92	0.92	0.82	
2020-04-02 00:00:00	1.0	1.0	1.0	1.0	1.0	
2020-04-09 00:00:00	0.0	0.1	0.14	0.12	0.12	
2020-04-09 00:00:00	0.1	0.26	0.14	0.26	0.22	
2020-04-09 00:00:00	0.2	0.26	0.48	0.26	0.22	
2020-04-09 00:00:00	0.30000000000000004	0.28	0.48	0.42	0.38	
2020-04-09 00:00:00	0.4	0.44	0.6	0.52	0.48	
2020-04-09 00:00:00	0.5	0.5	0.74	0.52	0.58	
2020-04-09 00:00:00	0.6000000000000001	0.5	0.78	0.68	0.7	
2020-04-09 00:00:00	0.7000000000000001	0.74	0.78	0.68	0.7	
2020-04-09 00:00:00	0.8	0.74	0.86	0.8	0.84	
2020-04-09 00:00:00	0.9	0.88	0.96	0.9	0.94	
2020-04-09 00:00:00	1.0	1.0	1.0	1.0	1.0	
2020-04-16 00:00:00	0.0	0.14	0.12	0.12	0.18	
2020-04-16 00:00:00	0.1	0.14	0.26	0.12	0.18	
2020-04-16 00:00:00	0.2	0.48	0.26	0.38	0.44	
2020-04-16 00:00:00	0.30000000000000004	0.48	0.42	0.38	0.44	
2020-04-16 00:00:00	0.4	0.48	0.52	0.48	0.44	
2020-04-16 00:00:00	0.5	0.74	0.64	0.58	0.64	
2020-04-16 00:00:00	0.6000000000000001	0.74	0.68	0.58	0.64	
2020-04-16 00:00:00	0.7000000000000001	0.84	0.68	0.8	0.86	
2020-04-16 00:00:00	0.8	0.86	0.8	0.84	0.88	
2020-04-16 00:00:00	0.9	0.96	0.9	0.94	0.94	
2020-04-16 00:00:00	1.0	1.0	1.0	1.0	1.0	
2020-04-23 00:00:00	0.0	0.12	0.12	0.18	0.24	
2020-04-23 00:00:00	0.1	0.12	0.28	0.36	0.28	
2020-04-23 00:00:00	0.2	0.42	0.28	0.36	0.28	
2020-04-23 00:00:00	0.30000000000000004	0.42	0.38	0.52	0.42	
2020-04-23 00:00:00	0.4	0.42	0.48	0.6	0.5	
2020-04-23 00:00:00	0.5	0.64	0.48	0.6	0.5	
2020-04-23 00:00:00	0.6000000000000001	0.64	0.58	0.86	0.74	
2020-04-23 00:00:00	0.7000000000000001	0.76	0.68	0.86	0.74	
2020-04-23 00:00:00	0.8	0.8	0.8	0.92	0.92	
2020-04-23 00:00:00	0.9	0.9	0.9	0.94	0.92	
2020-04-23 00:00:00	1.0	1.0	1.0	1.0	1.0	
2020-04-30 00:00:00	0.0	0.16	0.18	0.24	0.1	
2020-04-30 00:00:00	0.1	0.16	0.18	0.24	0.2	
2020-04-30 00:00:00	0.2	0.38	0.34	0.42	0.2	
2020-04-30 00:00:00	0.30000000000000004	0.38	0.52	0.42	0.28	
2020-04-30 00:00:00	0.4	0.38	0.52	0.42	0.52	
2020-04-30 00:00:00	0.5	0.48	0.82	0.66	0.56	
2020-04-30 00:00:00	0.6000000000000001	0.58	0.82	0.66	0.56	
2020-04-30 00:00:00	0.7000000000000001	0.68	0.86	0.74	0.66	
2020-04-30 00:00:00	0.8	0.86	0.92	0.92	0.66	
2020-04-30 00:00:00	0.9	0.92	0.96	0.98	0.8	
2020-04-30 00:00:00	1.0	1.0	1.0	1.0	1.0	
2020-05-07 00:00:00	0.0	0.16	0.14	0.1	0.06	
2020-05-07 00:00:00	0.1	0.34	0.38	0.2	0.22	
2020-05-07 00:00:00	0.2	0.34	0.38	0.2	0.22	
2020-05-07 00:00:00	0.30000000000000004	0.56	0.38	0.28	0.32	
2020-05-07 00:00:00	0.4	0.74	0.58	0.52	0.46	
2020-05-07 00:00:00	0.5	0.74	0.58	0.52	0.5	
2020-05-07 00:00:00	0.6000000000000001	0.74	0.66	0.64	0.62	
2020-05-07 00:00:00	0.7000000000000001	0.88	0.78	0.64	0.64	
2020-05-07 00:00:00	0.8	0.92	0.86	0.66	0.78	
2020-05-07 00:00:00	0.9	0.96	0.98	0.8	0.78	
2020-05-07 00:00:00	1.0	1.0	1.0	1.0	1.0	
2020-05-14 00:00:00	0.0	0.14	0.1	0.16	0.14	
2020-05-14 00:00:00	0.1	0.14	0.1	0.22	0.32	
2020-05-14 00:00:00	0.2	0.38	0.2	0.22	0.38	
2020-05-14 00:00:00	0.30000000000000004	0.54	0.44	0.36	0.38	
2020-05-14 00:00:00	0.4	0.54	0.44	0.46	0.48	
2020-05-14 00:00:00	0.5	0.58	0.52	0.46	0.56	
2020-05-14 00:00:00	0.6000000000000001	0.7	0.6	0.62	0.56	
2020-05-14 00:00:00	0.7000000000000001	0.78	0.64	0.62	0.8	
2020-05-14 00:00:00	0.8	0.78	0.78	0.76	0.82	
2020-05-14 00:00:00	0.9	0.92	0.8	0.92	0.94	
2020-05-14 00:00:00	1.0	1.0	1.0	1.0	1.0	
2020-05-21 00:00:00	0.0	0.24	0.14	0.18	0.18	
2020-05-21 00:00:00	0.1	0.34	0.3	0.18	0.18	
2020-05-21 00:00:00	0.2	0.34	0.3	0.42	0.48	
2020-05-21 00:00:00	0.30000000000000004	0.34	0.42	0.42	0.48	
2020-05-21 00:00:00	0.4	0.52	0.48	0.42	0.6	
2020-05-21 00:00:00	0.5	0.52	0.48	0.72	0.68	
2020-05-21 00:00:00	0.6000000000000001	0.52	0.7	0.72	0.72	
2020-05-21 00:00:00	0.7000000000000001	0.72	0.7	0.92	0.72	
2020-05-21 00:00:00	0.8	0.76	0.88	0.92	0.86	
2020-05-21 00:00:00	0.9	0.92	0.9	0.98	0.92	
2020-05-21 00:00:00	1.0	1.0	1.0	1.0	1.0	
2020-05-28 00:00:00	0.0	0.12	0.24	0.18	0.24	
2020-05-28 00:00:00	0.1	0.12	0.34	0.18	0.36	
2020-05-28 00:00:00	0.2	0.38	0.34	0.44	0.36	
2020-05-28 00:00:00	0.30000000000000004	0.38	0.34	0.44	0.52	
2020-05-28 00:00:00	0.4	0.38	0.64	0.44	0.64	
2020-05-28 00:00:00	0.5	0.54	0.64	0.64	0.64	
2020-05-28 00:00:00	0.6000000000000001	0.68	0.78	0.64	0.74	
2020-05-28 00:00:00	0.7000000000000001	0.74	0.82	0.76	0.78	
2020-05-28 00:00:00	0.8	0.78	0.88	0.8	0.86	
2020-05-28 00:00:00	0.9	0.88	0.96	0.92	0.96	
2020-05-28 00:00:00	1.0	1.0	1.0	1.0	1.0	
2020-06-04 00:00:00	0.0	0.24	0.18	0.12	0.1	
2020-06-04 00:00:00	0.1	0.24	0.26	0.36	0.22	
2020-06-04 00:00:00	0.2	0.34	0.26	0.36	0.32	
2020-06-04 00:00:00	0.30000000000000004	0.46	0.44	0.36	0.32	
2020-06-04 00:00:00	0.4	0.46	0.44	0.64	0.48	
2020-06-04 00:00:00	0.5	0.64	0.52	0.64	0.64	
2020-06-04 00:00:00	0.6000000000000001	0.68	0.64	0.78	0.74	
2020-06-04 00:00:00	0.7000000000000001	0.82	0.68	0.78	0.74	
2020-06-04 00:00:00	0.8	0.82	0.8	0.9	0.82	
2020-06-04 00:00:00	0.9	0.88	0.86	0.96	0.96	
2020-06-04 00:00:00	1.0	1.0	1.0	1.0	1.0	
2020-06-11 00:00:00	0.0	0.18	0.24	0.12	0.08	
2020-06-11 00:00:00	0.1	0.18	0.24	0.22	0.18	
2020-06-11 00:00:00	0.2	0.44	0.52	0.22	0.18	
2020-06-11 00:00:00	0.30000000000000004	0.44	0.52	0.38	0.46	
2020-06-11 00:00:00	0.4	0.44	0.52	0.48	0.46	
2020-06-11 00:00:00	0.5	0.64	0.74	0.58	0.52	
2020-06-11 00:00:00	0.6000000000000001	0.64	0.74	0.74	0.66	
2020-06-11 00:00:00	0.7000000000000001	0.76	0.86	0.82	0.7	
2020-06-11 00:00:00	0.8	0.84	0.92	0.92	0.74	
2020-06-11 00:00:00	0.9	0.92	0.96	0.96	0.88	
2020-06-11 00:00:00	1.0	1.0	1.0	1.0	1.0	
2020-06-18 00:00:00	0.0	0.12	0.1	0.08	0.08	
2020-06-18 00:00:00	0.1	0.36	0.1	0.08	0.14	
2020-06-18 00:00:00	0.2	0.36	0.32	0.32	0.14	
2020-06-18 00:00:00	0.30000000000000004	0.36	0.32	0.32	0.18	
2020-06-18 00:00:00	0.4	0.64	0.48	0.38	0.32	
2020-06-18 00:00:00	0.5	0.64	0.64	0.52	0.4	
2020-06-18 00:00:00	0.6000000000000001	0.78	0.74	0.52	0.5	
2020-06-18 00:00:00	0.7000000000000001	0.78	0.74	0.7	0.6	
2020-06-18 00:00:00	0.8	0.9	0.82	0.74	0.64	
2020-06-18 00:00:00	0.9	0.96	0.96	0.84	0.9	
2020-06-18 00:00:00	1.0	1.0	1.0	1.0	1.0	
2020-06-25 00:00:00	0.0	0.12	0.08	0.08	0.0	
2020-06-25 00:00:00	0.1	0.22	0.18	0.14	0.0	
2020-06-25 00:00:00	0.2	0.22	0.18	0.14	0.14	
2020-06-25 00:00:00	0.30000000000000004	0.38	0.46	0.32	0.14	
2020-06-25 00:00:00	0.4	0.48	0.46	0.32	0.16	
2020-06-25 00:00:00	0.5	0.58	0.46	0.42	0.26	
2020-06-25 00:00:00	0.6000000000000001	0.74	0.66	0.5	0.26	
2020-06-25 00:00:00	0.7000000000000001	0.82	0.7	0.6	0.4	
2020-06-25 00:00:00	0.8	0.82	0.74	0.64	0.48	
2020-06-25 00:00:00	0.9	0.96	0.88	0.9	0.66	
2020-06-25 00:00:00	1.0	1.0	1.0	1.0	1.0	
2020-07-02 00:00:00	0.0	0.1	0.06	0.0	0.12	
2020-07-02 00:00:00	0.1	0.1	0.14	0.0	0.14	
2020-07-02 00:00:00	0.2	0.32	0.28	0.14	0.14	
2020-07-02 00:00:00	0.30000000000000004	0.32	0.28	0.14	0.2	
2020-07-02 00:00:00	0.4	0.6	0.32	0.24	0.2	
2020-07-02 00:00:00	0.5	0.6	0.42	0.26	0.26	
2020-07-02 00:00:00	0.6000000000000001	0.7	0.5	0.38	0.26	
2020-07-02 00:00:00	0.7000000000000001	0.7	0.6	0.4	0.4	
2020-07-02 00:00:00	0.8	0.8	0.7	0.48	0.4	
2020-07-02 00:00:00	0.9	0.88	0.9	0.66	0.58	
2020-07-02 00:00:00	1.0	1.0	1.0	1.0	1.0	
2020-07-09 00:00:00	0.0	0.06	0.04	0.12	0.1	
2020-07-09 00:00:00	0.1	0.2	0.04	0.12	0.1	
2020-07-09 00:00:00	0.2	0.2	0.04	0.2	0.2	
2020-07-09 00:00:00	0.30000000000000004	0.38	0.24	0.2	0.2	
2020-07-09 00:00:00	0.4	0.38	0.24	0.2	0.32	
2020-07-09 00:00:00	0.5	0.52	0.36	0.26	0.32	
2020-07-09 00:00:00	0.6000000000000001	0.52	0.38	0.26	0.44	
2020-07-09 00:00:00	0.7000000000000001	0.66	0.46	0.4	0.44	
2020-07-09 00:00:00	0.8	0.84	0.66	0.46	0.54	
2020-07-09 00:00:00	0.9	0.92	0.76	0.58	0.6	
2020-07-09 00:00:00	1.0	1.0	1.0	1.0	1.0	
2020-07-16 00:00:00	0.0	0.12	0.14	0.12	0.08	
2020-07-16 00:00:00	0.1	0.22	0.2	0.24	0.14	
2020-07-16 00:00:00	0.2	0.22	0.2	0.34	0.26	
2020-07-16 00:00:00	0.30000000000000004	0.34	0.32	0.44	0.26	
2020-07-16 00:00:00	0.4	0.34	0.32	0.44	0.32	
2020-07-16 00:00:00	0.5	0.52	0.56	0.6	0.5	
2020-07-16 00:00:00	0.6000000000000001	0.52	0.56	0.6	0.6	
2020-07-16 00:00:00	0.7000000000000001	0.72	0.68	0.72	0.6	
2020-07-16 00:00:00	0.8	0.84	0.78	0.78	0.7	
2020-07-16 00:00:00	0.9	0.92	0.8	0.84	0.74	
2020-07-16 00:00:00	1.0	1.0	1.0	1.0	1.0	
2020-07-23 00:00:00	0.0	0.06	0.1	0.12	0.02	
2020-07-23 00:00:00	0.1	0.2	0.22	0.2	0.02	
2020-07-23 00:00:00	0.2	0.32	0.28	0.2	0.1	
2020-07-23 00:00:00	0.30000000000000004	0.38	0.4	0.44	0.1	
2020-07-23 00:00:00	0.4	0.48	0.52	0.44	0.26	
2020-07-23 00:00:00	0.5	0.48	0.52	0.54	0.28	
2020-07-23 00:00:00	0.6000000000000001	0.64	0.68	0.7	0.44	
2020-07-23 00:00:00	0.7000000000000001	0.78	0.84	0.7	0.46	
2020-07-23 00:00:00	0.8	0.78	0.84	0.74	0.6	
2020-07-23 00:00:00	0.9	0.88	0.96	0.82	0.74	
2020-07-23 00:00:00	1.0	1.0	1.0	1.0	1.0	
2020-07-30 00:00:00	0.0	0.06	0.18	0.04	0.04	
2020-07-30 00:00:00	0.1	0.16	0.3	0.06	0.1	
2020-07-30 00:00:00	0.2	0.28	0.3	0.06	0.1	
2020-07-30 00:00:00	0.30000000000000004	0.4	0.48	0.26	0.2	
2020-07-30 00:00:00	0.4	0.46	0.48	0.26	0.24	
2020-07-30 00:00:00	0.5	0.58	0.64	0.42	0.28	
2020-07-30 00:00:00	0.6000000000000001	0.64	0.64	0.44	0.4	
2020-07-30 00:00:00	0.7000000000000001	0.84	0.74	0.58	0.4	
2020-07-30 00:00:00	0.8	0.94	0.82	0.64	0.56	
2020-07-30 00:00:00	0.9	1.0	0.94	0.74	0.66	
2020-07-30 00:00:00	1.0	1.0	1.0	1.0	1.0	
2020-08-06 00:00:00	0.0	0.18	0.04	0.04	0.08	
2020-08-06 00:00:00	0.1	0.3	0.06	0.1	0.08	
2020-08-06 00:00:00	0.2	0.4	0.22	0.2	0.1	
2020-08-06 00:00:00	0.30000000000000004	0.4	0.22	0.2	0.1	
2020-08-06 00:00:00	0.4	0.58	0.26	0.24	0.16	
2020-08-06 00:00:00	0.5	0.58	0.42	0.28	0.16	
2020-08-06 00:00:00	0.6000000000000001	0.68	0.44	0.4	0.26	
2020-08-06 00:00:00	0.7000000000000001	0.82	0.58	0.4	0.26	
2020-08-06 00:00:00	0.8	0.84	0.64	0.56	0.4	
2020-08-06 00:00:00	0.9	0.94	0.74	0.66	0.5	
2020-08-06 00:00:00	1.0	1.0	1.0	1.0	1.0	
2020-08-13 00:00:00	0.0	0.16	0.04	0.06	0.04	
2020-08-13 00:00:00	0.1	0.32	0.16	0.08	0.04	
2020-08-13 00:00:00	0.2	0.46	0.22	0.08	0.14	
2020-08-13 00:00:00	0.30000000000000004	0.46	0.38	0.26	0.14	
2020-08-13 00:00:00	0.4	0.54	0.38	0.26	0.34	
2020-08-13 00:00:00	0.5	0.54	0.42	0.4	0.34	
2020-08-13 00:00:00	0.6000000000000001	0.62	0.52	0.4	0.44	
2020-08-13 00:00:00	0.7000000000000001	0.78	0.72	0.48	0.44	
2020-08-13 00:00:00	0.8	0.82	0.8	0.54	0.56	
2020-08-13 00:00:00	0.9	0.88	0.86	0.64	0.8	
2020-08-13 00:00:00	1.0	1.0	1.0	1.0	1.0	
2020-08-20 00:00:00	0.0	0.1	0.14	0.18	0.1	
2020-08-20 00:00:00	0.1	0.26	0.24	0.24	0.26	
2020-08-20 00:00:00	0.2	0.26	0.32	0.3	0.4	
2020-08-20 00:00:00	0.30000000000000004	0.48	0.38	0.42	0.46	
2020-08-20 00:00:00	0.4	0.48	0.44	0.46	0.54	
2020-08-20 00:00:00	0.5	0.56	0.44	0.54	0.66	
2020-08-20 00:00:00	0.6000000000000001	0.62	0.56	0.58	0.68	
2020-08-20 00:00:00	0.7000000000000001	0.68	0.7	0.72	0.82	
2020-08-20 00:00:00	0.8	0.78	0.7	0.8	0.88	
2020-08-20 00:00:00	0.9	0.94	0.94	0.88	0.9	
2020-08-20 00:00:00	1.0	1.0	1.0	1.0	1.0	
2020-08-27 00:00:00	0.0	0.14	0.18	0.1	0.14	
2020-08-27 00:00:00	0.1	0.22	0.24	0.26	0.22	
2020-08-27 00:00:00	0.2	0.32	0.3	0.4	0.28	
2020-08-27 00:00:00	0.30000000000000004	0.38	0.42	0.46	0.28	
2020-08-27 00:00:00	0.4	0.44	0.42	0.46	0.54	
2020-08-27 00:00:00	0.5	0.54	0.54	0.66	0.54	
2020-08-27 00:00:00	0.6000000000000001	0.56	0.54	0.68	0.64	
2020-08-27 00:00:00	0.7000000000000001	0.62	0.72	0.82	0.78	
2020-08-27 00:00:00	0.8	0.88	0.8	0.88	0.86	
2020-08-27 00:00:00	0.9	0.94	0.94	0.94	0.94	
2020-08-27 00:00:00	1.0	1.0	1.0	1.0	1.0	
2020-09-03 00:00:00	0.0	0.06	0.16	0.06	0.1	
2020-09-03 00:00:00	0.1	0.18	0.22	0.2	0.2	
2020-09-03 00:00:00	0.2	0.36	0.32	0.36	0.24	
2020-09-03 00:00:00	0.30000000000000004	0.44	0.44	0.44	0.34	
2020-09-03 00:00:00	0.4	0.5	0.58	0.5	0.44	
2020-09-03 00:00:00	0.5	0.64	0.72	0.6	0.5	
2020-09-03 00:00:00	0.6000000000000001	0.68	0.8	0.74	0.64	
2020-09-03 00:00:00	0.7000000000000001	0.74	0.86	0.86	0.66	
2020-09-03 00:00:00	0.8	0.82	0.9	0.86	0.84	
2020-09-03 00:00:00	0.9	0.9	0.94	0.92	0.88	
2020-09-03 00:00:00	1.0	1.0	1.0	1.0	1.0	
2020-09-10 00:00:00	0.0	0.06	0.06	0.1	0.1	
2020-09-10 00:00:00	0.1	0.22	0.22	0.2	0.16	
2020-09-10 00:00:00	0.2	0.34	0.36	0.3	0.24	
2020-09-10 00:00:00	0.30000000000000004	0.44	0.42	0.36	0.32	
2020-09-10 00:00:00	0.4	0.58	0.5	0.4	0.42	
2020-09-10 00:00:00	0.5	0.72	0.64	0.5	0.46	
2020-09-10 00:00:00	0.6000000000000001	0.78	0.82	0.5	0.52	
2020-09-10 00:00:00	0.7000000000000001	0.88	0.82	0.66	0.62	
2020-09-10 00:00:00	0.8	0.94	0.86	0.84	0.76	
2020-09-10 00:00:00	0.9	0.94	0.88	0.88	0.9	
2020-09-10 00:00:00	1.0	1.0	1.0	1.0	1.0	
2020-09-17 00:00:00	0.0	0.06	0.1	0.1	0.08	
2020-09-17 00:00:00	0.1	0.22	0.2	0.18	0.18	
2020-09-17 00:00:00	0.2	0.36	0.3	0.24	0.3	
2020-09-17 00:00:00	0.30000000000000004	0.42	0.34	0.34	0.32	
2020-09-17 00:00:00	0.4	0.5	0.4	0.42	0.36	
2020-09-17 00:00:00	0.5	0.64	0.5	0.46	0.4	
2020-09-17 00:00:00	0.6000000000000001	0.82	0.5	0.5	0.54	
2020-09-17 00:00:00	0.7000000000000001	0.86	0.66	0.62	0.68	
2020-09-17 00:00:00	0.8	0.86	0.84	0.76	0.74	
2020-09-17 00:00:00	0.9	0.94	0.88	0.9	0.88	
2020-09-17 00:00:00	1.0	1.0	1.0	1.0	1.0	
2020-09-24 00:00:00	0.0	0.04	0.04	0.14	0.1	
2020-09-24 00:00:00	0.1	0.14	0.14	0.18	0.12	
2020-09-24 00:00:00	0.2	0.14	0.24	0.28	0.16	
2020-09-24 00:00:00	0.30000000000000004	0.38	0.24	0.4	0.24	
2020-09-24 00:00:00	0.4	0.38	0.46	0.4	0.38	
2020-09-24 00:00:00	0.5	0.62	0.46	0.54	0.52	
2020-09-24 00:00:00	0.6000000000000001	0.72	0.7	0.54	0.62	
2020-09-24 00:00:00	0.7000000000000001	0.74	0.82	0.76	0.66	
2020-09-24 00:00:00	0.8	0.86	0.9	0.84	0.8	
2020-09-24 00:00:00	0.9	0.92	0.98	0.94	0.96	
2020-09-24 00:00:00	1.0	1.0	1.0	1.0	1.0	
2020-10-01 00:00:00	0.0	0.04	0.04	0.1	0.12	
2020-10-01 00:00:00	0.1	0.14	0.18	0.12	0.16	
2020-10-01 00:00:00	0.2	0.24	0.3	0.12	0.32	
2020-10-01 00:00:00	0.30000000000000004	0.32	0.4	0.24	0.36	
2020-10-01 00:00:00	0.4	0.46	0.48	0.24	0.48	
2020-10-01 00:00:00	0.5	0.56	0.54	0.52	0.56	
2020-10-01 00:00:00	0.6000000000000001	0.7	0.64	0.56	0.72	
2020-10-01 00:00:00	0.7000000000000001	0.76	0.78	0.66	0.72	
2020-10-01 00:00:00	0.8	0.9	0.84	0.8	0.82	
2020-10-01 00:00:00	0.9	0.98	0.94	0.96	0.86	
2020-10-01 00:00:00	1.0	1.0	1.0	1.0	1.0	
2020-10-08 00:00:00	0.0	0.14	0.1	0.16	0.06	
2020-10-08 00:00:00	0.1	0.18	0.14	0.28	0.2	
2020-10-08 00:00:00	0.2	0.28	0.16	0.4	0.32	
2020-10-08 00:00:00	0.30000000000000004	0.4	0.3	0.44	0.42	
2020-10-08 00:00:00	0.4	0.46	0.38	0.58	0.46	
2020-10-08 00:00:00	0.5	0.54	0.48	0.62	0.58	
2020-10-08 00:00:00	0.6000000000000001	0.66	0.62	0.8	0.62	
2020-10-08 00:00:00	0.7000000000000001	0.76	0.74	0.8	0.7	
2020-10-08 00:00:00	0.8	0.84	0.92	0.86	0.78	
2020-10-08 00:00:00	0.9	0.94	0.98	0.94	0.92	
2020-10-08 00:00:00	1.0	1.0	1.0	1.0	1.0	
2020-10-15 00:00:00	0.0	0.1	0.16	0.06	0.12	
2020-10-15 00:00:00	0.1	0.14	0.28	0.2	0.22	
2020-10-15 00:00:00	0.2	0.16	0.28	0.32	0.3	
2020-10-15 00:00:00	0.30000000000000004	0.3	0.44	0.42	0.4	
2020-10-15 00:00:00	0.4	0.38	0.44	0.46	0.4	
2020-10-15 00:00:00	0.5	0.48	0.62	0.58	0.58	
2020-10-15 00:00:00	0.6000000000000001	0.62	0.8	0.62	0.78	
2020-10-15 00:00:00	0.7000000000000001	0.74	0.8	0.7	0.78	
2020-10-15 00:00:00	0.8	0.8	0.86	0.78	0.82	
2020-10-15 00:00:00	0.9	0.98	0.94	0.92	0.96	
2020-10-15 00:00:00	1.0	1.0	1.0	1.0	1.0	
2020-10-22 00:00:00	0.0	0.16	0.14	0.08	0.02	
2020-10-22 00:00:00	0.1	0.16	0.24	0.2	0.18	
2020-10-22 00:00:00	0.2	0.4	0.3	0.34	0.26	
2020-10-22 00:00:00	0.30000000000000004	0.4	0.42	0.44	0.36	
2020-10-22 00:00:00	0.4	0.58	0.54	0.44	0.44	
2020-10-22 00:00:00	0.5	0.62	0.6	0.72	0.6	
2020-10-22 00:00:00	0.6000000000000001	0.72	0.64	0.72	0.7	
2020-10-22 00:00:00	0.7000000000000001	0.84	0.76	0.78	0.74	
2020-10-22 00:00:00	0.8	0.86	0.88	0.92	0.92	
2020-10-22 00:00:00	0.9	0.94	0.88	0.98	0.96	
2020-10-22 00:00:00	1.0	1.0	1.0	1.0	1.0	
2020-10-29 00:00:00	0.0	0.12	0.14	0.08	0.04	
2020-10-29 00:00:00	0.1	0.22	0.14	0.08	0.2	
2020-10-29 00:00:00	0.2	0.22	0.4	0.18	0.2	
2020-10-29 00:00:00	0.30000000000000004	0.42	0.4	0.18	0.42	
2020-10-29 00:00:00	0.4	0.42	0.54	0.44	0.42	
2020-10-29 00:00:00	0.5	0.56	0.54	0.44	0.6	
2020-10-29 00:00:00	0.6000000000000001	0.56	0.76	0.66	0.6	
2020-10-29 00:00:00	0.7000000000000001	0.78	0.86	0.82	0.82	
2020-10-29 00:00:00	0.8	0.82	0.88	0.9	0.82	
2020-10-29 00:00:00	0.9	0.88	0.94	0.96	0.9	
2020-10-29 00:00:00	1.0	1.0	1.0	1.0	1.0	
2020-11-05 00:00:00	0.0	0.08	0.02	0.16	0.1	
2020-11-05 00:00:00	0.1	0.22	0.1	0.2	0.1	
2020-11-05 00:00:00	0.2	0.34	0.1	0.32	0.26	
2020-11-05 00:00:00	0.30000000000000004	0.52	0.34	0.42	0.26	
2020-11-05 00:00:00	0.4	0.52	0.34	0.54	0.56	
2020-11-05 00:00:00	0.5	0.64	0.54	0.54	0.56	
2020-11-05 00:00:00	0.6000000000000001	0.74	0.7	0.78	0.66	
2020-11-05 00:00:00	0.7000000000000001	0.86	0.82	0.82	0.72	
2020-11-05 00:00:00	0.8	0.9	0.9	0.82	0.86	
2020-11-05 00:00:00	0.9	0.96	0.96	0.88	0.9	
2020-11-05 00:00:00	1.0	1.0	1.0	1.0	1.0	
2020-11-12 00:00:00	0.0	0.08	0.04	0.1	0.04	
2020-11-12 00:00:00	0.1	0.1	0.2	0.22	0.24	
2020-11-12 00:00:00	0.2	0.18	0.2	0.22	0.24	
2020-11-12 00:00:00	0.30000000000000004	0.34	0.42	0.38	0.38	
2020-11-12 00:00:00	0.4	0.34	0.42	0.38	0.38	
2020-11-12 00:00:00	0.5	0.54	0.6	0.62	0.48	
2020-11-12 00:00:00	0.6000000000000001	0.54	0.6	0.66	0.48	
2020-11-12 00:00:00	0.7000000000000001	0.82	0.82	0.72	0.64	
2020-11-12 00:00:00	0.8	0.9	0.82	0.78	0.84	
2020-11-12 00:00:00	0.9	0.96	0.9	0.94	0.86	
2020-11-12 00:00:00	1.0	1.0	1.0	1.0	1.0	
2020-11-19 00:00:00	0.0	0.16	0.1	0.04	0.1	
2020-11-19 00:00:00	0.1	0.2	0.22	0.24	0.16	
2020-11-19 00:00:00	0.2	0.32	0.26	0.24	0.28	
2020-11-19 00:00:00	0.30000000000000004	0.32	0.26	0.38	0.36	
2020-11-19 00:00:00	0.4	0.54	0.56	0.38	0.36	
2020-11-19 00:00:00	0.5	0.54	0.56	0.48	0.46	
2020-11-19 00:00:00	0.6000000000000001	0.78	0.66	0.48	0.46	
2020-11-19 00:00:00	0.7000000000000001	0.78	0.78	0.64	0.72	
2020-11-19 00:00:00	0.8	0.88	0.86	0.84	0.82	
2020-11-19 00:00:00	0.9	0.88	0.9	0.86	0.86	
2020-11-19 00:00:00	1.0	1.0	1.0	1.0	1.0	
2020-11-26 00:00:00	0.0	0.1	0.2	0.1	0.14	
2020-11-26 00:00:00	0.1	0.14	0.24	0.16	0.22	
2020-11-26 00:00:00	0.2	0.26	0.24	0.16	0.32	
2020-11-26 00:00:00	0.30000000000000004	0.26	0.38	0.36	0.48	
2020-11-26 00:00:00	0.4	0.56	0.38	0.36	0.54	
2020-11-26 00:00:00	0.5	0.56	0.48	0.46	0.64	
2020-11-26 00:00:00	0.6000000000000001	0.66	0.58	0.46	0.68	
2020-11-26 00:00:00	0.7000000000000001	0.72	0.64	0.72	0.72	
2020-11-26 00:00:00	0.8	0.86	0.84	0.82	0.84	
2020-11-26 00:00:00	0.9	0.9	0.9	0.86	0.92	
2020-11-26 00:00:00	1.0	1.0	1.0	1.0	1.0	
2020-12-03 00:00:00	0.0	0.2	0.06	0.14	0.18	
2020-12-03 00:00:00	0.1	0.2	0.16	0.14	0.18	
2020-12-03 00:00:00	0.2	0.32	0.24	0.32	0.5	
2020-12-03 00:00:00	0.30000000000000004	0.32	0.24	0.32	0.5	
2020-12-03 00:00:00	0.4	0.42	0.38	0.54	0.58	
2020-12-03 00:00:00	0.5	0.42	0.38	0.54	0.58	
2020-12-03 00:00:00	0.6000000000000001	0.58	0.66	0.68	0.82	
2020-12-03 00:00:00	0.7000000000000001	0.76	0.78	0.8	0.82	
2020-12-03 00:00:00	0.8	0.84	0.82	0.88	0.96	
2020-12-03 00:00:00	0.9	0.9	0.94	0.92	0.96	
2020-12-03 00:00:00	1.0	1.0	1.0	1.0	1.0	
2020-12-10 00:00:00	0.0	0.06	0.14	0.14	0.12	
2020-12-10 00:00:00	0.1	0.16	0.22	0.32	0.12	
2020-12-10 00:00:00	0.2	0.24	0.32	0.38	0.38	
2020-12-10 00:00:00	0.30000000000000004	0.36	0.48	0.56	0.38	
2020-12-10 00:00:00	0.4	0.38	0.54	0.56	0.56	
2020-12-10 00:00:00	0.5	0.46	0.64	0.76	0.56	
2020-12-10 00:00:00	0.6000000000000001	0.66	0.68	0.76	0.66	
2020-12-10 00:00:00	0.7000000000000001	0.72	0.72	0.94	0.72	
2020-12-10 00:00:00	0.8	0.78	0.84	0.94	0.78	
2020-12-10 00:00:00	0.9	0.94	0.92	0.98	0.94	
2020-12-10 00:00:00	1.0	1.0	1.0	1.0	1.0	
2020-12-17 00:00:00	0.0	0.14	0.18	0.12	0.12	
2020-12-17 00:00:00	0.1	0.22	0.32	0.12	0.2	
2020-12-17 00:00:00	0.2	0.32	0.32	0.38	0.2	
2020-12-17 00:00:00	0.30000000000000004	0.32	0.56	0.38	0.32	
2020-12-17 00:00:00	0.4	0.54	0.56	0.56	0.32	
2020-12-17 00:00:00	0.5	0.54	0.76	0.56	0.4	
2020-12-17 00:00:00	0.6000000000000001	0.68	0.82	0.66	0.54	
2020-12-17 00:00:00	0.7000000000000001	0.84	0.94	0.66	0.7	
2020-12-17 00:00:00	0.8	0.88	0.94	0.78	0.76	
2020-12-17 00:00:00	0.9	0.92	0.98	0.94	0.92	
2020-12-17 00:00:00	1.0	1.0	1.0	1.0	1.0	
2020-12-24 00:00:00	0.0	0.18	0.12	0.08	0.16	
2020-12-24 00:00:00	0.1	0.18	0.28	0.2	0.22	
2020-12-24 00:00:00	0.2	0.5	0.28	0.3	0.32	
2020-12-24 00:00:00	0.30000000000000004	0.5	0.5	0.3	0.32	
2020-12-24 00:00:00	0.4	0.58	0.5	0.32	0.48	
2020-12-24 00:00:00	0.5	0.58	0.64	0.46	0.5	
2020-12-24 00:00:00	0.6000000000000001	0.82	0.64	0.54	0.6	
2020-12-24 00:00:00	0.7000000000000001	0.82	0.72	0.7	0.62	
2020-12-24 00:00:00	0.8	0.96	0.8	0.82	0.68	
2020-12-24 00:00:00	0.9	0.96	0.9	0.92	0.84	
2020-12-24 00:00:00	1.0	1.0	1.0	1.0	1.0	
2020-12-31 00:00:00	0.0	0.16	0.08	0.06	0.22	
2020-12-31 00:00:00	0.1	0.28	0.18	0.22	0.36	
2020-12-31 00:00:00	0.2	0.28	0.3	0.22	0.52	
2020-12-31 00:00:00	0.30000000000000004	0.5	0.3	0.38	0.52	
2020-12-31 00:00:00	0.4	0.5	0.44	0.48	0.68	
2020-12-31 00:00:00	0.5	0.58	0.46	0.58	0.74	
2020-12-31 00:00:00	0.6000000000000001	0.7	0.62	0.6	0.8	
2020-12-31 00:00:00	0.7000000000000001	0.72	0.76	0.66	0.84	
2020-12-31 00:00:00	0.8	0.8	0.76	0.8	0.94	
2020-12-31 00:00:00	0.9	0.9	0.92	0.88	0.98	
2020-12-31 00:00:00	1.0	1.0	1.0	1.0	1.0	
2021-01-07 00:00:00	0.0	0.1	0.06	0.22	0.18	
2021-01-07 00:00:00	0.1	0.18	0.22	0.22	0.3	
2021-01-07 00:00:00	0.2	0.32	0.38	0.52	0.3	
2021-01-07 00:00:00	0.30000000000000004	0.32	0.38	0.52	0.58	
2021-01-07 00:00:00	0.4	0.44	0.48	0.74	0.58	
2021-01-07 00:00:00	0.5	0.6	0.58	0.74	0.58	
2021-01-07 00:00:00	0.6000000000000001	0.62	0.64	0.84	0.72	
2021-01-07 00:00:00	0.7000000000000001	0.68	0.78	0.84	0.78	
2021-01-07 00:00:00	0.8	0.82	0.78	0.94	0.9	
2021-01-07 00:00:00	0.9	0.92	0.88	0.98	0.94	
2021-01-07 00:00:00	1.0	1.0	1.0	1.0	1.0	
2021-01-14 00:00:00	0.0	0.06	0.22	0.12	0.14	
2021-01-14 00:00:00	0.1	0.22	0.38	0.3	0.3	
2021-01-14 00:00:00	0.2	0.22	0.52	0.3	0.36	
2021-01-14 00:00:00	0.30000000000000004	0.48	0.52	0.58	0.36	
2021-01-14 00:00:00	0.4	0.48	0.58	0.58	0.46	
2021-01-14 00:00:00	0.5	0.64	0.74	0.62	0.64	
2021-01-14 00:00:00	0.6000000000000001	0.64	0.78	0.72	0.7	
2021-01-14 00:00:00	0.7000000000000001	0.78	0.9	0.78	0.82	
2021-01-14 00:00:00	0.8	0.82	0.9	0.9	0.84	
2021-01-14 00:00:00	0.9	0.88	0.98	0.94	0.92	
2021-01-14 00:00:00	1.0	1.0	1.0	1.0	1.0	
2021-01-21 00:00:00	0.0	0.16	0.12	0.14	0.12	
2021-01-21 00:00:00	0.1	0.38	0.3	0.3	0.12	
2021-01-21 00:00:00	0.2	0.38	0.48	0.3	0.42	
2021-01-21 00:00:00	0.30000000000000004	0.58	0.48	0.46	0.42	
2021-01-21 00:00:00	0.4	0.58	0.58	0.46	0.46	
2021-01-21 00:00:00	0.5	0.78	0.62	0.64	0.58	
2021-01-21 00:00:00	0.6000000000000001	0.78	0.72	0.7	0.64	
2021-01-21 00:00:00	0.7000000000000001	0.9	0.78	0.72	0.74	
2021-01-21 00:00:00	0.8	0.94	0.9	0.84	0.78	
2021-01-21 00:00:00	0.9	0.98	0.94	0.92	0.9	
2021-01-21 00:00:00	1.0	1.0	1.0	1.0	1.0	
2021-01-28 00:00:00	0.0	0.12	0.16	0.1	0.1	
2021-01-28 00:00:00	0.1	0.3	0.16	0.22	0.16	
2021-01-28 00:00:00	0.2	0.3	0.4	0.22	0.16	
2021-01-28 00:00:00	0.30000000000000004	0.52	0.4	0.46	0.48	
2021-01-28 00:00:00	0.4	0.52	0.46	0.46	0.48	
2021-01-28 00:00:00	0.5	0.68	0.52	0.52	0.48	
2021-01-28 00:00:00	0.6000000000000001	0.68	0.54	0.64	0.72	
2021-01-28 00:00:00	0.7000000000000001	0.78	0.72	0.68	0.72	
2021-01-28 00:00:00	0.8	0.78	0.84	0.8	0.88	
2021-01-28 00:00:00	0.9	0.9	0.84	0.92	0.96	
2021-01-28 00:00:00	1.0	1.0	1.0	1.0	1.0	
2021-02-04 00:00:00	0.0	0.14	0.12	0.1	0.18	
2021-02-04 00:00:00	0.1	0.3	0.12	0.32	0.38	
2021-02-04 00:00:00	0.2	0.3	0.42	0.32	0.38	
2021-02-04 00:00:00	0.30000000000000004	0.46	0.42	0.38	0.38	
2021-02-04 00:00:00	0.4	0.46	0.54	0.56	0.66	
2021-02-04 00:00:00	0.5	0.46	0.58	0.66	0.66	
2021-02-04 00:00:00	0.6000000000000001	0.7	0.58	0.66	0.7	
2021-02-04 00:00:00	0.7000000000000001	0.72	0.74	0.88	0.82	
2021-02-04 00:00:00	0.8	0.84	0.78	0.88	0.86	
2021-02-04 00:00:00	0.9	0.92	0.9	0.94	0.98	
2021-02-04 00:00:00	1.0	1.0	1.0	1.0	1.0	
2021-02-11 00:00:00	0.0	0.12	0.1	0.18	0.22	
2021-02-11 00:00:00	0.1	0.12	0.32	0.38	0.4	
2021-02-11 00:00:00	0.2	0.42	0.32	0.38	0.4	
2021-02-11 00:00:00	0.30000000000000004	0.42	0.38	0.38	0.6	
2021-02-11 00:00:00	0.4	0.54	0.56	0.66	0.6	
2021-02-11 00:00:00	0.5	0.58	0.66	0.66	0.68	
2021-02-11 00:00:00	0.6000000000000001	0.58	0.66	0.7	0.86	
2021-02-11 00:00:00	0.7000000000000001	0.74	0.88	0.82	0.86	
2021-02-11 00:00:00	0.8	0.78	0.88	0.86	0.94	
2021-02-11 00:00:00	0.9	0.9	0.94	0.98	0.94	
2021-02-11 00:00:00	1.0	1.0	1.0	1.0	1.0	
2021-02-18 00:00:00	0.0	0.1	0.2	0.22	0.16	
2021-02-18 00:00:00	0.1	0.16	0.2	0.22	0.28	
2021-02-18 00:00:00	0.2	0.16	0.48	0.6	0.28	
2021-02-18 00:00:00	0.30000000000000004	0.38	0.48	0.6	0.28	
2021-02-18 00:00:00	0.4	0.48	0.48	0.6	0.56	
2021-02-18 00:00:00	0.5	0.48	0.7	0.78	0.56	
2021-02-18 00:00:00	0.6000000000000001	0.72	0.7	0.86	0.56	
2021-02-18 00:00:00	0.7000000000000001	0.72	0.74	0.9	0.74	
2021-02-18 00:00:00	0.8	0.88	0.86	0.94	0.74	
2021-02-18 00:00:00	0.9	0.96	0.98	0.94	0.86	
2021-02-18 00:00:00	1.0	1.0	1.0	1.0	1.0	
2021-02-25 00:00:00	0.0	0.1	0.2	0.12	0.14	
2021-02-25 00:00:00	0.1	0.3	0.42	0.28	0.14	
2021-02-25 00:00:00	0.2	0.3	0.42	0.28	0.22	
2021-02-25 00:00:00	0.30000000000000004	0.34	0.42	0.36	0.3	
2021-02-25 00:00:00	0.4	0.52	0.78	0.36	0.3	
2021-02-25 00:00:00	0.5	0.56	0.78	0.56	0.3	
2021-02-25 00:00:00	0.6000000000000001	0.56	0.82	0.66	0.72	
2021-02-25 00:00:00	0.7000000000000001	0.76	0.9	0.66	0.72	
2021-02-25 00:00:00	0.8	0.76	0.9	0.78	0.84	
2021-02-25 00:00:00	0.9	0.88	0.94	0.82	0.92	
2021-02-25 00:00:00	1.0	1.0	1.0	1.0	1.0	
2021-03-04 00:00:00	0.0	0.2	0.12	0.14	0.12	
2021-03-04 00:00:00	0.1	0.2	0.12	0.14	0.12	
2021-03-04 00:00:00	0.2	0.38	0.2	0.22	0.42	
2021-03-04 00:00:00	0.30000000000000004	0.6	0.36	0.3	0.42	
2021-03-04 00:00:00	0.4	0.64	0.36	0.3	0.42	
2021-03-04 00:00:00	0.5	0.64	0.46	0.54	0.42	
2021-03-04 00:00:00	0.6000000000000001	0.82	0.66	0.54	0.7	
2021-03-04 00:00:00	0.7000000000000001	0.82	0.7	0.84	0.7	
2021-03-04 00:00:00	0.8	0.9	0.78	0.84	0.78	
2021-03-04 00:00:00	0.9	0.9	0.82	0.92	0.92	
2021-03-04 00:00:00	1.0	1.0	1.0	1.0	1.0	
2021-03-11 00:00:00	0.0	0.12	0.14	0.12	0.22	
2021-03-11 00:00:00	0.1	0.12	0.22	0.12	0.22	
2021-03-11 00:00:00	0.2	0.2	0.22	0.22	0.46	
2021-03-11 00:00:00	0.30000000000000004	0.36	0.22	0.42	0.46	
2021-03-11 00:00:00	0.4	0.36	0.54	0.42	0.46	
2021-03-11 00:00:00	0.5	0.46	0.54	0.64	0.5	
2021-03-11 00:00:00	0.6000000000000001	0.66	0.54	0.7	0.62	
2021-03-11 00:00:00	0.7000000000000001	0.7	0.84	0.7	0.62	
2021-03-11 00:00:00	0.8	0.78	0.84	0.78	0.78	
2021-03-11 00:00:00	0.9	0.82	0.92	0.92	0.8	
2021-03-11 00:00:00	1.0	1.0	1.0	1.0	1.0	
2021-03-18 00:00:00	0.0	0.14	0.12	0.22	0.1	
2021-03-18 00:00:00	0.1	0.22	0.12	0.22	0.1	
2021-03-18 00:00:00	0.2	0.22	0.22	0.46	0.38	
2021-03-18 00:00:00	0.30000000000000004	0.22	0.42	0.46	0.5	
2021-03-18 00:00:00	0.4	0.54	0.42	0.46	0.5	
2021-03-18 00:00:00	0.5	0.54	0.64	0.5	0.62	
2021-03-18 00:00:00	0.6000000000000001	0.54	0.7	0.62	0.72	
2021-03-18 00:00:00	0.7000000000000001	0.84	0.7	0.62	0.72	
2021-03-18 00:00:00	0.8	0.84	0.78	0.78	0.9	
2021-03-18 00:00:00	0.9	0.92	0.92	0.8	0.96	
2021-03-18 00:00:00	1.0	1.0	1.0	1.0	1.0	
2021-03-25 00:00:00	0.0	0.12	0.22	0.1	0.16	
2021-03-25 00:00:00	0.1	0.22	0.38	0.1	0.16	
2021-03-25 00:00:00	0.2	0.22	0.38	0.5	0.28	
2021-03-25 00:00:00	0.30000000000000004	0.22	0.46	0.5	0.48	
2021-03-25 00:00:00	0.4	0.64	0.46	0.5	0.48	
2021-03-25 00:00:00	0.5	0.64	0.5	0.6	0.6	
2021-03-25 00:00:00	0.6000000000000001	0.64	0.62	0.72	0.7	
2021-03-25 00:00:00	0.7000000000000001	0.78	0.72	0.72	0.7	
2021-03-25 00:00:00	0.8	0.78	0.72	0.9	0.9	
2021-03-25 00:00:00	0.9	0.92	0.8	0.96	0.94	
2021-03-25 00:00:00	1.0	1.0	1.0	1.0	1.0	
2021-04-01 00:00:00	0.0	0.22	0.1	0.16	0.16	
2021-04-01 00:00:00	0.1	0.38	0.1	0.16	0.36	
2021-04-01 00:00:00	0.2	0.38	0.5	0.28	0.36	
2021-04-01 00:00:00	0.30000000000000004	0.38	0.5	0.48	0.42	
2021-04-01 00:00:00	0.4	0.5	0.5	0.48	0.42	
2021-04-01 00:00:00	0.5	0.5	0.6	0.6	0.54	
2021-04-01 00:00:00	0.6000000000000001	0.6	0.72	0.7	0.74	
2021-04-01 00:00:00	0.7000000000000001	0.72	0.82	0.7	0.74	
2021-04-01 00:00:00	0.8	0.74	0.9	0.9	0.86	
2021-04-01 00:00:00	0.9	0.86	0.96	0.94	0.88	
2021-04-01 00:00:00	1.0	1.0	1.0	1.0	1.0	
2021-04-08 00:00:00	0.0	0.1	0.16	0.2	0.16	
2021-04-08 00:00:00	0.1	0.1	0.28	0.36	0.28	
2021-04-08 00:00:00	0.2	0.5	0.28	0.36	0.28	
2021-04-08 00:00:00	0.30000000000000004	0.5	0.48	0.36	0.28	
2021-04-08 00:00:00	0.4	0.5	0.48	0.54	0.44	
2021-04-08 00:00:00	0.5	0.6	0.6	0.54	0.62	
2021-04-08 00:00:00	0.6000000000000001	0.72	0.7	0.54	0.62	
2021-04-08 00:00:00	0.7000000000000001	0.72	0.7	0.82	0.78	
2021-04-08 00:00:00	0.8	0.9	0.9	0.86	0.78	
2021-04-08 00:00:00	0.9	0.96	0.94	0.92	0.94	
2021-04-08 00:00:00	1.0	1.0	1.0	1.0	1.0	
2021-04-15 00:00:00	0.0	0.16	0.16	0.16	0.22	
2021-04-15 00:00:00	0.1	0.28	0.36	0.16	0.38	
2021-04-15 00:00:00	0.2	0.28	0.36	0.28	0.38	
2021-04-15 00:00:00	0.30000000000000004	0.48	0.36	0.44	0.38	
2021-04-15 00:00:00	0.4	0.48	0.54	0.44	0.62	
2021-04-15 00:00:00	0.5	0.6	0.54	0.62	0.62	
2021-04-15 00:00:00	0.6000000000000001	0.7	0.54	0.62	0.62	
2021-04-15 00:00:00	0.7000000000000001	0.7	0.82	0.78	0.8	
2021-04-15 00:00:00	0.8	0.9	0.86	0.78	0.92	
2021-04-15 00:00:00	0.9	0.94	0.94	0.94	1.0	
2021-04-15 00:00:00	1.0	1.0	1.0	1.0	1.0	
2021-04-22 00:00:00	0.0	0.2	0.16	0.16	0.18	
2021-04-22 00:00:00	0.1	0.2	0.16	0.38	0.18	
2021-04-22 00:00:00	0.2	0.32	0.32	0.38	0.26	
2021-04-22 00:00:00	0.30000000000000004	0.48	0.44	0.52	0.36	
2021-04-22 00:00:00	0.4	0.48	0.44	0.52	0.36	
2021-04-22 00:00:00	0.5	0.48	0.44	0.62	0.52	
2021-04-22 00:00:00	0.6000000000000001	0.62	0.74	0.62	0.68	
2021-04-22 00:00:00	0.7000000000000001	0.62	0.74	0.8	0.8	
2021-04-22 00:00:00	0.8	0.82	0.78	0.8	0.84	
2021-04-22 00:00:00	0.9	0.92	0.9	0.92	0.88	
2021-04-22 00:00:00	1.0	1.0	1.0	1.0	1.0	
2021-04-29 00:00:00	0.0	0.16	0.16	0.18	0.16	
2021-04-29 00:00:00	0.1	0.32	0.16	0.18	0.16	
2021-04-29 00:00:00	0.2	0.32	0.3	0.36	0.32	
2021-04-29 00:00:00	0.30000000000000004	0.32	0.52	0.36	0.32	
2021-04-29 00:00:00	0.4	0.44	0.52	0.36	0.32	
2021-04-29 00:00:00	0.5	0.56	0.52	0.52	0.6	
2021-04-29 00:00:00	0.6000000000000001	0.56	0.7	0.68	0.6	
2021-04-29 00:00:00	0.7000000000000001	0.74	0.7	0.8	0.76	
2021-04-29 00:00:00	0.8	0.86	0.8	0.84	0.8	
2021-04-29 00:00:00	0.9	0.9	0.92	0.88	0.9	
2021-04-29 00:00:00	1.0	1.0	1.0	1.0	1.0	
2021-05-06 00:00:00	0.0	0.22	0.08	0.1	0.18	
2021-05-06 00:00:00	0.1	0.22	0.08	0.1	0.34	
2021-05-06 00:00:00	0.2	0.38	0.42	0.42	0.42	
2021-05-06 00:00:00	0.30000000000000004	0.48	0.42	0.42	0.42	
2021-05-06 00:00:00	0.4	0.48	0.42	0.58	0.56	
2021-05-06 00:00:00	0.5	0.62	0.64	0.64	0.62	
2021-05-06 00:00:00	0.6000000000000001	0.72	0.64	0.64	0.62	
2021-05-06 00:00:00	0.7000000000000001	0.72	0.68	0.78	0.88	
2021-05-06 00:00:00	0.8	0.92	0.84	0.82	0.9	
2021-05-06 00:00:00	0.9	1.0	0.92	0.9	0.92	
2021-05-06 00:00:00	1.0	1.0	1.0	1.0	1.0	
2021-05-13 00:00:00	0.0	0.08	0.1	0.16	0.18	
2021-05-13 00:00:00	0.1	0.26	0.26	0.34	0.22	
2021-05-13 00:00:00	0.2	0.26	0.26	0.34	0.22	
2021-05-13 00:00:00	0.30000000000000004	0.26	0.42	0.56	0.38	
2021-05-13 00:00:00	0.4	0.52	0.48	0.56	0.42	
2021-05-13 00:00:00	0.5	0.52	0.48	0.56	0.52	
2021-05-13 00:00:00	0.6000000000000001	0.64	0.76	0.8	0.58	
2021-05-13 00:00:00	0.7000000000000001	0.8	0.76	0.8	0.74	
2021-05-13 00:00:00	0.8	0.84	0.78	0.9	0.82	
2021-05-13 00:00:00	0.9	0.92	0.86	0.98	0.92	
2021-05-13 00:00:00	1.0	1.0	1.0	1.0	1.0	
2021-05-20 00:00:00	0.0	0.06	0.14	0.16	0.16	
2021-05-20 00:00:00	0.1	0.22	0.14	0.34	0.26	
2021-05-20 00:00:00	0.2	0.22	0.48	0.34	0.26	
2021-05-20 00:00:00	0.30000000000000004	0.22	0.48	0.44	0.32	
2021-05-20 00:00:00	0.4	0.44	0.48	0.48	0.36	
2021-05-20 00:00:00	0.5	0.44	0.68	0.64	0.46	
2021-05-20 00:00:00	0.6000000000000001	0.6	0.68	0.68	0.68	
2021-05-20 00:00:00	0.7000000000000001	0.64	0.76	0.68	0.76	
2021-05-20 00:00:00	0.8	0.8	0.9	0.8	0.84	
2021-05-20 00:00:00	0.9	0.86	0.98	0.9	0.92	
2021-05-20 00:00:00	1.0	1.0	1.0	1.0	1.0	
2021-05-27 00:00:00	0.0	0.14	0.16	0.16	0.12	
2021-05-27 00:00:00	0.1	0.14	0.16	0.26	0.18	
2021-05-27 00:00:00	0.2	0.3	0.44	0.26	0.18	
2021-05-27 00:00:00	0.30000000000000004	0.48	0.44	0.32	0.4	
2021-05-27 00:00:00	0.4	0.66	0.44	0.36	0.4	
2021-05-27 00:00:00	0.5	0.66	0.64	0.46	0.48	
2021-05-27 00:00:00	0.6000000000000001	0.68	0.64	0.68	0.52	
2021-05-27 00:00:00	0.7000000000000001	0.76	0.74	0.76	0.64	
2021-05-27 00:00:00	0.8	0.9	0.8	0.84	0.72	
2021-05-27 00:00:00	0.9	0.98	0.9	0.92	0.88	
2021-05-27 00:00:00	1.0	1.0	1.0	1.0	1.0	
2021-06-03 00:00:00	0.0	0.16	0.16	0.12	0.18	
2021-06-03 00:00:00	0.1	0.34	0.26	0.24	0.3	
2021-06-03 00:00:00	0.2	0.34	0.26	0.24	0.3	
2021-06-03 00:00:00	0.30000000000000004	0.44	0.36	0.38	0.54	
2021-06-03 00:00:00	0.4	0.48	0.36	0.38	0.54	
2021-06-03 00:00:00	0.5	0.48	0.58	0.6	0.7	
2021-06-03 00:00:00	0.6000000000000001	0.68	0.68	0.6	0.7	
2021-06-03 00:00:00	0.7000000000000001	0.68	0.76	0.68	0.86	
2021-06-03 00:00:00	0.8	0.8	0.9	0.76	0.9	
2021-06-03 00:00:00	0.9	0.9	0.92	0.84	0.9	
2021-06-03 00:00:00	1.0	1.0	1.0	1.0	1.0	
2021-06-10 00:00:00	0.0	0.1	0.12	0.18	0.1	
2021-06-10 00:00:00	0.1	0.1	0.24	0.3	0.16	
2021-06-10 00:00:00	0.2	0.3	0.24	0.3	0.26	
2021-06-10 00:00:00	0.30000000000000004	0.3	0.38	0.54	0.38	
2021-06-10 00:00:00	0.4	0.58	0.38	0.54	0.48	
2021-06-10 00:00:00	0.5	0.58	0.5	0.7	0.48	
2021-06-10 00:00:00	0.6000000000000001	0.66	0.64	0.7	0.68	
2021-06-10 00:00:00	0.7000000000000001	0.76	0.68	0.86	0.78	
2021-06-10 00:00:00	0.8	0.9	0.76	0.9	0.84	
2021-06-10 00:00:00	0.9	0.92	0.84	0.94	0.9	
2021-06-10 00:00:00	1.0	1.0	1.0	1.0	1.0	
2021-06-17 00:00:00	0.0	0.12	0.12	0.1	0.02	
2021-06-17 00:00:00	0.1	0.24	0.3	0.2	0.16	
2021-06-17 00:00:00	0.2	0.32	0.46	0.26	0.16	
2021-06-17 00:00:00	0.30000000000000004	0.32	0.54	0.36	0.26	
2021-06-17 00:00:00	0.4	0.5	0.64	0.48	0.38	
2021-06-17 00:00:00	0.5	0.5	0.64	0.54	0.46	
2021-06-17 00:00:00	0.6000000000000001	0.64	0.82	0.68	0.72	
2021-06-17 00:00:00	0.7000000000000001	0.72	0.9	0.76	0.8	
2021-06-17 00:00:00	0.8	0.76	0.9	0.84	0.86	
2021-06-17 00:00:00	0.9	0.86	0.94	0.86	0.92	
2021-06-17 00:00:00	1.0	1.0	1.0	1.0	1.0	
2021-06-24 00:00:00	0.0	0.12	0.1	0.14	0.1	
2021-06-24 00:00:00	0.1	0.3	0.2	0.16	0.2	
2021-06-24 00:00:00	0.2	0.46	0.26	0.26	0.34	
2021-06-24 00:00:00	0.30000000000000004	0.46	0.36	0.26	0.48	
2021-06-24 00:00:00	0.4	0.64	0.36	0.34	0.56	
2021-06-24 00:00:00	0.5	0.64	0.54	0.46	0.64	
2021-06-24 00:00:00	0.6000000000000001	0.82	0.76	0.58	0.84	
2021-06-24 00:00:00	0.7000000000000001	0.86	0.76	0.8	0.86	
2021-06-24 00:00:00	0.8	0.9	0.84	0.86	0.9	
2021-06-24 00:00:00	0.9	0.94	0.86	0.92	0.98	
2021-06-24 00:00:00	1.0	1.0	1.0	1.0	1.0	
2021-07-01 00:00:00	0.0	0.1	0.02	0.1	0.08	
2021-07-01 00:00:00	0.1	0.2	0.16	0.24	0.12	
2021-07-01 00:00:00	0.2	0.2	0.16	0.34	0.2	
2021-07-01 00:00:00	0.30000000000000004	0.36	0.26	0.42	0.28	
2021-07-01 00:00:00	0.4	0.36	0.38	0.56	0.36	
2021-07-01 00:00:00	0.5	0.54	0.46	0.74	0.5	
2021-07-01 00:00:00	0.6000000000000001	0.76	0.72	0.74	0.5	
2021-07-01 00:00:00	0.7000000000000001	0.76	0.8	0.86	0.54	
2021-07-01 00:00:00	0.8	0.84	0.86	0.9	0.74	
2021-07-01 00:00:00	0.9	0.86	0.92	0.98	0.88	
2021-07-01 00:00:00	1.0	1.0	1.0	1.0	1.0	
2021-07-08 00:00:00	0.0	0.02	0.1	0.04	0.06	
2021-07-08 00:00:00	0.1	0.16	0.24	0.12	0.12	
2021-07-08 00:00:00	0.2	0.16	0.34	0.2	0.22	
2021-07-08 00:00:00	0.30000000000000004	0.26	0.42	0.28	0.42	
2021-07-08 00:00:00	0.4	0.38	0.56	0.42	0.42	
2021-07-08 00:00:00	0.5	0.46	0.66	0.42	0.62	
2021-07-08 00:00:00	0.6000000000000001	0.72	0.76	0.52	0.62	
2021-07-08 00:00:00	0.7000000000000001	0.72	0.86	0.54	0.76	
2021-07-08 00:00:00	0.8	0.84	0.9	0.74	0.9	
2021-07-08 00:00:00	0.9	0.92	0.98	0.88	0.94	
2021-07-08 00:00:00	1.0	1.0	1.0	1.0	1.0	
2021-07-15 00:00:00	0.0	0.1	0.08	0.06	0.12	
2021-07-15 00:00:00	0.1	0.2	0.12	0.16	0.2	
2021-07-15 00:00:00	0.2	0.34	0.2	0.22	0.3	
2021-07-15 00:00:00	0.30000000000000004	0.48	0.28	0.26	0.38	
2021-07-15 00:00:00	0.4	0.56	0.36	0.42	0.42	
2021-07-15 00:00:00	0.5	0.64	0.5	0.56	0.56	
2021-07-15 00:00:00	0.6000000000000001	0.84	0.5	0.7	0.58	
2021-07-15 00:00:00	0.7000000000000001	0.86	0.54	0.78	0.64	
2021-07-15 00:00:00	0.8	0.9	0.74	0.9	0.78	
2021-07-15 00:00:00	0.9	0.98	0.88	0.94	0.96	
2021-07-15 00:00:00	1.0	1.0	1.0	1.0	1.0	
2021-07-22 00:00:00	0.0	0.08	0.06	0.12	0.16	
2021-07-22 00:00:00	0.1	0.12	0.16	0.2	0.26	
2021-07-22 00:00:00	0.2	0.2	0.22	0.3	0.38	
2021-07-22 00:00:00	0.30000000000000004	0.28	0.26	0.38	0.46	
2021-07-22 00:00:00	0.4	0.36	0.42	0.5	0.54	
2021-07-22 00:00:00	0.5	0.5	0.62	0.5	0.68	
2021-07-22 00:00:00	0.6000000000000001	0.5	0.7	0.58	0.74	
2021-07-22 00:00:00	0.7000000000000001	0.54	0.76	0.64	0.8	
2021-07-22 00:00:00	0.8	0.74	0.9	0.78	0.84	
2021-07-22 00:00:00	0.9	0.88	0.94	0.96	0.9	
2021-07-22 00:00:00	1.0	1.0	1.0	1.0	1.0	
2021-07-29 00:00:00	0.0	0.06	0.08	0.16	0.08	
2021-07-29 00:00:00	0.1	0.16	0.2	0.28	0.2	
2021-07-29 00:00:00	0.2	0.22	0.28	0.38	0.3	
2021-07-29 00:00:00	0.30000000000000004	0.26	0.38	0.54	0.36	
2021-07-29 00:00:00	0.4	0.42	0.5	0.54	0.48	
2021-07-29 00:00:00	0.5	0.62	0.5	0.68	0.7	
2021-07-29 00:00:00	0.6000000000000001	0.7	0.58	0.74	0.76	
2021-07-29 00:00:00	0.7000000000000001	0.76	0.68	0.74	0.84	
2021-07-29 00:00:00	0.8	0.9	0.78	0.84	0.84	
2021-07-29 00:00:00	0.9	0.94	0.96	0.9	1.0	
2021-07-29 00:00:00	1.0	1.0	1.0	1.0	1.0	
2021-08-05 00:00:00	0.0	0.08	0.16	0.12	0.12	
2021-08-05 00:00:00	0.1	0.2	0.28	0.2	0.18	
2021-08-05 00:00:00	0.2	0.28	0.38	0.26	0.22	
2021-08-05 00:00:00	0.30000000000000004	0.38	0.46	0.36	0.38	
2021-08-05 00:00:00	0.4	0.46	0.54	0.62	0.38	
2021-08-05 00:00:00	0.5	0.5	0.68	0.62	0.46	
2021-08-05 00:00:00	0.6000000000000001	0.58	0.68	0.76	0.5	
2021-08-05 00:00:00	0.7000000000000001	0.68	0.74	0.84	0.56	
2021-08-05 00:00:00	0.8	0.82	0.82	0.9	0.68	
2021-08-05 00:00:00	0.9	0.9	0.9	1.0	0.78	
2021-08-05 00:00:00	1.0	1.0	1.0	1.0	1.0	
2021-08-12 00:00:00	0.0	0.16	0.08	0.12	0.06	
2021-08-12 00:00:00	0.1	0.28	0.2	0.18	0.06	
2021-08-12 00:00:00	0.2	0.38	0.3	0.22	0.12	
2021-08-12 00:00:00	0.30000000000000004	0.46	0.36	0.28	0.12	
2021-08-12 00:00:00	0.4	0.54	0.62	0.38	0.2	
2021-08-12 00:00:00	0.5	0.68	0.62	0.46	0.22	
2021-08-12 00:00:00	0.6000000000000001	0.68	0.76	0.5	0.22	
2021-08-12 00:00:00	0.7000000000000001	0.74	0.84	0.56	0.22	
2021-08-12 00:00:00	0.8	0.82	0.9	0.68	0.28	
2021-08-12 00:00:00	0.9	0.9	1.0	0.78	0.36	
2021-08-12 00:00:00	1.0	1.0	1.0	1.0	1.0	
2021-08-19 00:00:00	0.0	0.08	0.12	0.06	0.0	
2021-08-19 00:00:00	0.1	0.2	0.18	0.12	0.0	
2021-08-19 00:00:00	0.2	0.3	0.22	0.12	0.0	
2021-08-19 00:00:00	0.30000000000000004	0.48	0.38	0.2	0.0	
2021-08-19 00:00:00	0.4	0.48	0.38	0.2	0.02	
2021-08-19 00:00:00	0.5	0.7	0.46	0.22	0.02	
2021-08-19 00:00:00	0.6000000000000001	0.8	0.5	0.22	0.02	
2021-08-19 00:00:00	0.7000000000000001	0.8	0.56	0.22	0.02	
2021-08-19 00:00:00	0.8	0.86	0.68	0.28	0.1	
2021-08-19 00:00:00	0.9	1.0	0.78	0.42	0.12	
2021-08-19 00:00:00	1.0	1.0	1.0	1.0	1.0	
2021-08-26 00:00:00	0.0	0.08	0.0	0.0	0.0	
2021-08-26 00:00:00	0.1	0.12	0.02	0.0	0.02	
2021-08-26 00:00:00	0.2	0.22	0.08	0.02	0.02	
2021-08-26 00:00:00	0.30000000000000004	0.32	0.16	0.02	0.04	
2021-08-26 00:00:00	0.4	0.36	0.24	0.1	0.04	
2021-08-26 00:00:00	0.5	0.56	0.3	0.12	0.16	
2021-08-26 00:00:00	0.6000000000000001	0.56	0.42	0.12	0.16	
2021-08-26 00:00:00	0.7000000000000001	0.66	0.42	0.24	0.26	
2021-08-26 00:00:00	0.8	0.74	0.48	0.34	0.38	
2021-08-26 00:00:00	0.9	0.84	0.62	0.56	0.46	
2021-08-26 00:00:00	1.0	1.0	1.0	1.0	1.0	
2021-09-02 00:00:00	0.0	0.08	0.12	0.12	0.14	
2021-09-02 00:00:00	0.1	0.14	0.14	0.2	0.16	
2021-09-02 00:00:00	0.2	0.2	0.24	0.2	0.26	
2021-09-02 00:00:00	0.30000000000000004	0.26	0.24	0.34	0.26	
2021-09-02 00:00:00	0.4	0.26	0.54	0.34	0.38	
2021-09-02 00:00:00	0.5	0.4	0.54	0.44	0.4	
2021-09-02 00:00:00	0.6000000000000001	0.42	0.8	0.44	0.42	
2021-09-02 00:00:00	0.7000000000000001	0.54	0.8	0.58	0.46	
2021-09-02 00:00:00	0.8	0.62	0.9	0.68	0.64	
2021-09-02 00:00:00	0.9	0.9	0.9	0.84	0.74	
2021-09-02 00:00:00	1.0	1.0	1.0	1.0	1.0	
2021-09-09 00:00:00	0.0	0.22	0.08	0.12	0.06	
2021-09-09 00:00:00	0.1	0.32	0.08	0.12	0.06	
2021-09-09 00:00:00	0.2	0.58	0.34	0.24	0.26	
2021-09-09 00:00:00	0.30000000000000004	0.58	0.34	0.24	0.26	
2021-09-09 00:00:00	0.4	0.7	0.42	0.54	0.46	
2021-09-09 00:00:00	0.5	0.78	0.52	0.54	0.46	
2021-09-09 00:00:00	0.6000000000000001	0.8	0.64	0.64	0.58	
2021-09-09 00:00:00	0.7000000000000001	0.88	0.8	0.64	0.58	
2021-09-09 00:00:00	0.8	0.88	0.94	0.7	0.72	
2021-09-09 00:00:00	0.9	0.94	0.96	0.84	0.78	
2021-09-09 00:00:00	1.0	1.0	1.0	1.0	1.0	
2021-09-16 00:00:00	0.0	0.08	0.02	0.18	0.16	
2021-09-16 00:00:00	0.1	0.22	0.14	0.24	0.16	
2021-09-16 00:00:00	0.2	0.34	0.14	0.24	0.34	
2021-09-16 00:00:00	0.30000000000000004	0.34	0.4	0.4	0.34	
2021-09-16 00:00:00	0.4	0.44	0.4	0.4	0.44	
2021-09-16 00:00:00	0.5	0.52	0.62	0.56	0.44	
2021-09-16 00:00:00	0.6000000000000001	0.8	0.62	0.56	0.58	
2021-09-16 00:00:00	0.7000000000000001	0.8	0.7	0.72	0.58	
2021-09-16 00:00:00	0.8	0.94	0.7	0.74	0.68	
2021-09-16 00:00:00	0.9	0.98	0.8	0.88	0.88	
2021-09-16 00:00:00	1.0	1.0	1.0	1.0	1.0	
2021-09-23 00:00:00	0.0	0.02	0.18	0.16	0.12	
2021-09-23 00:00:00	0.1	0.14	0.24	0.22	0.2	
2021-09-23 00:00:00	0.2	0.14	0.24	0.34	0.26	
2021-09-23 00:00:00	0.30000000000000004	0.4	0.4	0.36	0.34	
2021-09-23 00:00:00	0.4	0.4	0.4	0.36	0.46	
2021-09-23 00:00:00	0.5	0.62	0.56	0.44	0.48	
2021-09-23 00:00:00	0.6000000000000001	0.62	0.56	0.44	0.56	
2021-09-23 00:00:00	0.7000000000000001	0.7	0.72	0.58	0.6	
2021-09-23 00:00:00	0.8	0.7	0.74	0.68	0.68	
2021-09-23 00:00:00	0.9	0.8	0.74	0.88	0.82	
2021-09-23 00:00:00	1.0	1.0	1.0	1.0	1.0	
2021-09-30 00:00:00	0.0	0.1	0.08	0.12	0.1	
2021-09-30 00:00:00	0.1	0.24	0.22	0.2	0.14	
2021-09-30 00:00:00	0.2	0.24	0.34	0.26	0.28	
2021-09-30 00:00:00	0.30000000000000004	0.38	0.34	0.26	0.28	
2021-09-30 00:00:00	0.4	0.56	0.44	0.46	0.48	
2021-09-30 00:00:00	0.5	0.58	0.6	0.46	0.48	
2021-09-30 00:00:00	0.6000000000000001	0.64	0.78	0.68	0.66	
2021-09-30 00:00:00	0.7000000000000001	0.66	0.84	0.68	0.66	
2021-09-30 00:00:00	0.8	0.8	0.88	0.9	0.78	
2021-09-30 00:00:00	0.9	0.92	0.92	0.96	0.88	
2021-09-30 00:00:00	1.0	1.0	1.0	1.0	1.0	
2021-10-07 00:00:00	0.0	0.1	0.08	0.2	0.12	
2021-10-07 00:00:00	0.1	0.24	0.22	0.2	0.2	
2021-10-07 00:00:00	0.2	0.24	0.22	0.4	0.32	
2021-10-07 00:00:00	0.30000000000000004	0.42	0.3	0.4	0.4	
2021-10-07 00:00:00	0.4	0.5	0.44	0.62	0.4	
2021-10-07 00:00:00	0.5	0.5	0.56	0.62	0.54	
2021-10-07 00:00:00	0.6000000000000001	0.64	0.56	0.76	0.54	
2021-10-07 00:00:00	0.7000000000000001	0.64	0.66	0.84	0.64	
2021-10-07 00:00:00	0.8	0.84	0.78	0.9	0.72	
2021-10-07 00:00:00	0.9	0.94	0.86	0.92	0.86	
2021-10-07 00:00:00	1.0	1.0	1.0	1.0	1.0	
2021-10-14 00:00:00	0.0	0.14	0.16	0.12	0.0	
2021-10-14 00:00:00	0.1	0.22	0.16	0.24	0.04	
2021-10-14 00:00:00	0.2	0.22	0.48	0.24	0.04	
2021-10-14 00:00:00	0.30000000000000004	0.36	0.48	0.42	0.08	
2021-10-14 00:00:00	0.4	0.44	0.52	0.42	0.1	
2021-10-14 00:00:00	0.5	0.48	0.6	0.5	0.1	
2021-10-14 00:00:00	0.6000000000000001	0.6	0.7	0.6	0.2	
2021-10-14 00:00:00	0.7000000000000001	0.6	0.76	0.64	0.2	
2021-10-14 00:00:00	0.8	0.66	0.9	0.72	0.38	
2021-10-14 00:00:00	0.9	0.78	0.96	0.84	0.58	
2021-10-14 00:00:00	1.0	1.0	1.0	1.0	1.0	
2021-10-21 00:00:00	0.0	0.16	0.12	0.0	0.02	
2021-10-21 00:00:00	0.1	0.36	0.12	0.0	0.02	
2021-10-21 00:00:00	0.2	0.36	0.32	0.0	0.04	
2021-10-21 00:00:00	0.30000000000000004	0.48	0.32	0.06	0.04	
2021-10-21 00:00:00	0.4	0.52	0.5	0.06	0.04	
2021-10-21 00:00:00	0.5	0.6	0.5	0.1	0.04	
2021-10-21 00:00:00	0.6000000000000001	0.7	0.64	0.1	0.08	
2021-10-21 00:00:00	0.7000000000000001	0.76	0.64	0.2	0.08	
2021-10-21 00:00:00	0.8	0.9	0.72	0.38	0.14	
2021-10-21 00:00:00	0.9	0.96	0.86	0.58	0.26	
2021-10-21 00:00:00	1.0	1.0	1.0	1.0	1.0	
2021-10-28 00:00:00	0.0	0.1	0.1	0.04	0.02	
2021-10-28 00:00:00	0.1	0.2	0.1	0.04	0.08	
2021-10-28 00:00:00	0.2	0.2	0.32	0.04	0.08	
2021-10-28 00:00:00	0.30000000000000004	0.32	0.32	0.12	0.12	
2021-10-28 00:00:00	0.4	0.4	0.36	0.12	0.12	
2021-10-28 00:00:00	0.5	0.52	0.56	0.24	0.2	
2021-10-28 00:00:00	0.6000000000000001	0.64	0.56	0.26	0.2	
2021-10-28 00:00:00	0.7000000000000001	0.72	0.74	0.36	0.3	
2021-10-28 00:00:00	0.8	0.84	0.74	0.36	0.3	
2021-10-28 00:00:00	0.9	0.96	0.82	0.56	0.44	
2021-10-28 00:00:00	1.0	1.0	1.0	1.0	1.0	
2021-11-04 00:00:00	0.0	0.18	0.06	0.06	0.0	
2021-11-04 00:00:00	0.1	0.28	0.1	0.1	0.02	
2021-11-04 00:00:00	0.2	0.28	0.22	0.1	0.02	
2021-11-04 00:00:00	0.30000000000000004	0.48	0.22	0.2	0.02	
2021-11-04 00:00:00	0.4	0.52	0.22	0.2	0.02	
2021-11-04 00:00:00	0.5	0.7	0.32	0.2	0.02	
2021-11-04 00:00:00	0.6000000000000001	0.74	0.34	0.3	0.1	
2021-11-04 00:00:00	0.7000000000000001	0.74	0.54	0.3	0.1	
2021-11-04 00:00:00	0.8	0.8	0.56	0.44	0.2	
2021-11-04 00:00:00	0.9	0.86	0.7	0.62	0.34	
2021-11-04 00:00:00	1.0	1.0	1.0	1.0	1.0	
2021-11-11 00:00:00	0.0	0.1	0.1	0.08	0.02	
2021-11-11 00:00:00	0.1	0.22	0.1	0.08	0.1	
2021-11-11 00:00:00	0.2	0.22	0.32	0.08	0.1	
2021-11-11 00:00:00	0.30000000000000004	0.42	0.32	0.2	0.16	
2021-11-11 00:00:00	0.4	0.48	0.36	0.2	0.16	
2021-11-11 00:00:00	0.5	0.48	0.54	0.2	0.24	
2021-11-11 00:00:00	0.6000000000000001	0.66	0.6	0.34	0.24	
2021-11-11 00:00:00	0.7000000000000001	0.66	0.6	0.34	0.5	
2021-11-11 00:00:00	0.8	0.82	0.8	0.58	0.5	
2021-11-11 00:00:00	0.9	0.84	0.92	0.74	0.68	
2021-11-11 00:00:00	1.0	1.0	1.0	1.0	1.0	
2021-11-18 00:00:00	0.0	0.14	0.1	0.06	0.06	
2021-11-18 00:00:00	0.1	0.14	0.24	0.06	0.08	
2021-11-18 00:00:00	0.2	0.42	0.32	0.16	0.08	
2021-11-18 00:00:00	0.30000000000000004	0.42	0.32	0.16	0.1	
2021-11-18 00:00:00	0.4	0.42	0.56	0.42	0.24	
2021-11-18 00:00:00	0.5	0.68	0.56	0.5	0.24	
2021-11-18 00:00:00	0.6000000000000001	0.68	0.56	0.5	0.46	
2021-11-18 00:00:00	0.7000000000000001	0.72	0.74	0.68	0.48	
2021-11-18 00:00:00	0.8	0.84	0.74	0.68	0.68	
2021-11-18 00:00:00	0.9	0.98	0.86	0.76	0.82	
2021-11-18 00:00:00	1.0	1.0	1.0	1.0	1.0	
2021-11-25 00:00:00	0.0	0.14	0.08	0.02	0.02	
2021-11-25 00:00:00	0.1	0.14	0.08	0.02	0.14	
2021-11-25 00:00:00	0.2	0.48	0.4	0.22	0.18	
2021-11-25 00:00:00	0.30000000000000004	0.48	0.4	0.22	0.18	
2021-11-25 00:00:00	0.4	0.48	0.4	0.44	0.26	
2021-11-25 00:00:00	0.5	0.72	0.6	0.46	0.28	
2021-11-25 00:00:00	0.6000000000000001	0.72	0.6	0.46	0.46	
2021-11-25 00:00:00	0.7000000000000001	0.72	0.76	0.64	0.46	
2021-11-25 00:00:00	0.8	0.84	0.76	0.66	0.62	
2021-11-25 00:00:00	0.9	0.98	0.88	0.82	0.8	
2021-11-25 00:00:00	1.0	1.0	1.0	1.0	1.0	
2021-12-02 00:00:00	0.0	0.26	0.14	0.12	0.06	
2021-12-02 00:00:00	0.1	0.26	0.36	0.2	0.16	
2021-12-02 00:00:00	0.2	0.44	0.36	0.2	0.16	
2021-12-02 00:00:00	0.30000000000000004	0.52	0.38	0.22	0.36	
2021-12-02 00:00:00	0.4	0.52	0.56	0.4	0.38	
2021-12-02 00:00:00	0.5	0.66	0.56	0.44	0.44	
2021-12-02 00:00:00	0.6000000000000001	0.66	0.62	0.6	0.44	
2021-12-02 00:00:00	0.7000000000000001	0.68	0.76	0.62	0.44	
2021-12-02 00:00:00	0.8	0.8	0.78	0.8	0.66	
2021-12-02 00:00:00	0.9	0.92	0.86	0.86	0.88	
2021-12-02 00:00:00	1.0	1.0	1.0	1.0	1.0	
2021-12-09 00:00:00	0.0	0.22	0.08	0.06	0.1	
2021-12-09 00:00:00	0.1	0.36	0.2	0.06	0.1	
2021-12-09 00:00:00	0.2	0.36	0.2	0.36	0.26	
2021-12-09 00:00:00	0.30000000000000004	0.54	0.38	0.36	0.26	
2021-12-09 00:00:00	0.4	0.56	0.4	0.38	0.28	
2021-12-09 00:00:00	0.5	0.56	0.4	0.44	0.42	
2021-12-09 00:00:00	0.6000000000000001	0.76	0.6	0.44	0.42	
2021-12-09 00:00:00	0.7000000000000001	0.76	0.6	0.66	0.6	
2021-12-09 00:00:00	0.8	0.86	0.8	0.66	0.62	
2021-12-09 00:00:00	0.9	0.86	0.86	0.88	0.82	
2021-12-09 00:00:00	1.0	1.0	1.0	1.0	1.0	
2021-12-16 00:00:00	0.0	0.08	0.06	0.1	0.12	
2021-12-16 00:00:00	0.1	0.2	0.06	0.24	0.32	
2021-12-16 00:00:00	0.2	0.2	0.36	0.26	0.32	
2021-12-16 00:00:00	0.30000000000000004	0.38	0.36	0.26	0.36	
2021-12-16 00:00:00	0.4	0.4	0.42	0.4	0.52	
2021-12-16 00:00:00	0.5	0.56	0.44	0.42	0.56	
2021-12-16 00:00:00	0.6000000000000001	0.6	0.44	0.42	0.64	
2021-12-16 00:00:00	0.7000000000000001	0.6	0.66	0.6	0.64	
2021-12-16 00:00:00	0.8	0.8	0.66	0.82	0.84	
2021-12-16 00:00:00	0.9	0.86	0.88	0.82	0.84	
2021-12-16 00:00:00	1.0	1.0	1.0	1.0	1.0	
2021-12-23 00:00:00	0.0	0.2	0.14	0.2	0.16	
2021-12-23 00:00:00	0.1	0.2	0.14	0.2	0.28	
2021-12-23 00:00:00	0.2	0.32	0.38	0.48	0.28	
2021-12-23 00:00:00	0.30000000000000004	0.32	0.38	0.48	0.32	
2021-12-23 00:00:00	0.4	0.32	0.38	0.48	0.46	
2021-12-23 00:00:00	0.5	0.64	0.58	0.6	0.52	
2021-12-23 00:00:00	0.6000000000000001	0.64	0.58	0.6	0.62	
2021-12-23 00:00:00	0.7000000000000001	0.88	0.8	0.84	0.66	
2021-12-23 00:00:00	0.8	0.88	0.8	0.84	0.8	
2021-12-23 00:00:00	0.9	0.98	0.96	0.98	0.8	
2021-12-23 00:00:00	1.0	1.0	1.0	1.0	1.0	
2021-12-30 00:00:00	0.0	0.14	0.16	0.12	0.24	
2021-12-30 00:00:00	0.1	0.28	0.36	0.26	0.3	
2021-12-30 00:00:00	0.2	0.28	0.36	0.26	0.3	
2021-12-30 00:00:00	0.30000000000000004	0.46	0.44	0.42	0.48	
2021-12-30 00:00:00	0.4	0.56	0.56	0.52	0.54	
2021-12-30 00:00:00	0.5	0.56	0.56	0.56	0.54	
2021-12-30 00:00:00	0.6000000000000001	0.76	0.76	0.56	0.76	
2021-12-30 00:00:00	0.7000000000000001	0.78	0.8	0.76	0.76	
2021-12-30 00:00:00	0.8	0.94	0.98	0.76	0.88	
2021-12-30 00:00:00	0.9	0.94	0.98	0.88	0.92	
2021-12-30 00:00:00	1.0	1.0	1.0	1.0	1.0	
2022-01-06 00:00:00	0.0	0.16	0.14	0.24	0.12	
2022-01-06 00:00:00	0.1	0.16	0.26	0.24	0.18	
2022-01-06 00:00:00	0.2	0.44	0.26	0.48	0.18	
2022-01-06 00:00:00	0.30000000000000004	0.44	0.36	0.48	0.22	
2022-01-06 00:00:00	0.4	0.44	0.52	0.54	0.46	
2022-01-06 00:00:00	0.5	0.76	0.52	0.74	0.5	
2022-01-06 00:00:00	0.6000000000000001	0.76	0.7	0.74	0.68	
2022-01-06 00:00:00	0.7000000000000001	0.8	0.7	0.76	0.68	
2022-01-06 00:00:00	0.8	0.94	0.84	0.88	0.88	
2022-01-06 00:00:00	0.9	1.0	0.88	0.92	0.88	
2022-01-06 00:00:00	1.0	1.0	1.0	1.0	1.0	
2022-01-13 00:00:00	0.0	0.14	0.24	0.06	0.12	
2022-01-13 00:00:00	0.1	0.14	0.42	0.18	0.12	
2022-01-13 00:00:00	0.2	0.36	0.42	0.18	0.24	
2022-01-13 00:00:00	0.30000000000000004	0.36	0.48	0.42	0.24	
2022-01-13 00:00:00	0.4	0.36	0.68	0.46	0.38	
2022-01-13 00:00:00	0.5	0.66	0.74	0.46	0.42	
2022-01-13 00:00:00	0.6000000000000001	0.66	0.74	0.68	0.42	
2022-01-13 00:00:00	0.7000000000000001	0.7	0.88	0.68	0.68	
2022-01-13 00:00:00	0.8	0.78	0.88	0.88	0.7	
2022-01-13 00:00:00	0.9	0.9	0.92	0.94	0.82	
2022-01-13 00:00:00	1.0	1.0	1.0	1.0	1.0	
2022-01-20 00:00:00	0.0	0.2	0.24	0.12	0.1	
2022-01-20 00:00:00	0.1	0.38	0.24	0.12	0.22	
2022-01-20 00:00:00	0.2	0.38	0.48	0.38	0.22	
2022-01-20 00:00:00	0.30000000000000004	0.38	0.48	0.38	0.32	
2022-01-20 00:00:00	0.4	0.74	0.48	0.38	0.48	
2022-01-20 00:00:00	0.5	0.74	0.8	0.62	0.48	
2022-01-20 00:00:00	0.6000000000000001	0.8	0.8	0.62	0.7	
2022-01-20 00:00:00	0.7000000000000001	0.84	0.84	0.78	0.72	
2022-01-20 00:00:00	0.8	0.9	0.9	0.8	0.8	
2022-01-20 00:00:00	0.9	1.0	1.0	0.96	1.0	
2022-01-20 00:00:00	1.0	1.0	1.0	1.0	1.0	
2022-01-27 00:00:00	0.0	0.18	0.24	0.16	0.2	
2022-01-27 00:00:00	0.1	0.18	0.38	0.28	0.2	
2022-01-27 00:00:00	0.2	0.62	0.38	0.28	0.34	
2022-01-27 00:00:00	0.30000000000000004	0.62	0.38	0.42	0.34	
2022-01-27 00:00:00	0.4	0.62	0.62	0.52	0.4	
2022-01-27 00:00:00	0.5	0.68	0.62	0.52	0.5	
2022-01-27 00:00:00	0.6000000000000001	0.74	0.74	0.7	0.66	
2022-01-27 00:00:00	0.7000000000000001	0.74	0.88	0.7	0.66	
2022-01-27 00:00:00	0.8	0.92	0.88	0.9	0.86	
2022-01-27 00:00:00	0.9	0.96	0.94	0.92	0.94	
2022-01-27 00:00:00	1.0	1.0	1.0	1.0	1.0	
2022-02-03 00:00:00	0.0	0.24	0.16	0.2	0.14	
2022-02-03 00:00:00	0.1	0.24	0.3	0.28	0.38	
2022-02-03 00:00:00	0.2	0.36	0.3	0.28	0.38	
2022-02-03 00:00:00	0.30000000000000004	0.5	0.42	0.34	0.54	
2022-02-03 00:00:00	0.4	0.5	0.5	0.44	0.6	
2022-02-03 00:00:00	0.5	0.76	0.5	0.44	0.6	
2022-02-03 00:00:00	0.6000000000000001	0.76	0.6	0.5	0.8	
2022-02-03 00:00:00	0.7000000000000001	0.76	0.72	0.64	0.8	
2022-02-03 00:00:00	0.8	0.9	0.82	0.8	0.92	
2022-02-03 00:00:00	0.9	0.9	0.9	0.92	0.96	
2022-02-03 00:00:00	1.0	1.0	1.0	1.0	1.0	
2022-02-10 00:00:00	0.0	0.16	0.2	0.24	0.08	
2022-02-10 00:00:00	0.1	0.3	0.28	0.38	0.18	
2022-02-10 00:00:00	0.2	0.3	0.28	0.44	0.18	
2022-02-10 00:00:00	0.30000000000000004	0.42	0.34	0.44	0.54	
2022-02-10 00:00:00	0.4	0.42	0.44	0.6	0.54	
2022-02-10 00:00:00	0.5	0.5	0.5	0.7	0.64	
2022-02-10 00:00:00	0.6000000000000001	0.6	0.5	0.7	0.7	
2022-02-10 00:00:00	0.7000000000000001	0.72	0.8	0.84	0.78	
2022-02-10 00:00:00	0.8	0.82	0.8	0.96	0.94	
2022-02-10 00:00:00	0.9	0.9	0.94	0.98	0.98	
2022-02-10 00:00:00	1.0	1.0	1.0	1.0	1.0	
2022-02-17 00:00:00	0.0	0.08	0.24	0.1	0.12	
2022-02-17 00:00:00	0.1	0.28	0.38	0.18	0.12	
2022-02-17 00:00:00	0.2	0.28	0.38	0.18	0.34	
2022-02-17 00:00:00	0.30000000000000004	0.28	0.44	0.54	0.34	
2022-02-17 00:00:00	0.4	0.44	0.6	0.54	0.56	
2022-02-17 00:00:00	0.5	0.44	0.7	0.64	0.56	
2022-02-17 00:00:00	0.6000000000000001	0.64	0.8	0.7	0.64	
2022-02-17 00:00:00	0.7000000000000001	0.64	0.84	0.78	0.7	
2022-02-17 00:00:00	0.8	0.86	0.92	0.94	0.84	
2022-02-17 00:00:00	0.9	0.92	0.98	0.98	0.94	
2022-02-17 00:00:00	1.0	1.0	1.0	1.0	1.0	
2022-02-24 00:00:00	0.0	0.14	0.08	0.12	0.12	
2022-02-24 00:00:00	0.1	0.38	0.08	0.24	0.32	
2022-02-24 00:00:00	0.2	0.38	0.42	0.24	0.38	
2022-02-24 00:00:00	0.30000000000000004	0.54	0.42	0.34	0.38	
2022-02-24 00:00:00	0.4	0.6	0.54	0.46	0.5	
2022-02-24 00:00:00	0.5	0.6	0.6	0.56	0.58	
2022-02-24 00:00:00	0.6000000000000001	0.8	0.7	0.62	0.68	
2022-02-24 00:00:00	0.7000000000000001	0.8	0.84	0.7	0.76	
2022-02-24 00:00:00	0.8	0.92	0.92	0.84	0.88	
2022-02-24 00:00:00	0.9	0.96	0.98	0.96	0.98	
2022-02-24 00:00:00	1.0	1.0	1.0	1.0	1.0	
2022-03-03 00:00:00	0.0	0.08	0.12	0.2	0.18	
2022-03-03 00:00:00	0.1	0.32	0.24	0.32	0.18	
2022-03-03 00:00:00	0.2	0.32	0.24	0.32	0.42	
2022-03-03 00:00:00	0.30000000000000004	0.42	0.36	0.44	0.42	
2022-03-03 00:00:00	0.4	0.48	0.46	0.5	0.56	
2022-03-03 00:00:00	0.5	0.6	0.52	0.6	0.62	
2022-03-03 00:00:00	0.6000000000000001	0.74	0.62	0.68	0.76	
2022-03-03 00:00:00	0.7000000000000001	0.84	0.7	0.76	0.76	
2022-03-03 00:00:00	0.8	0.96	0.78	0.82	0.84	
2022-03-03 00:00:00	0.9	0.98	0.86	0.98	0.94	
2022-03-03 00:00:00	1.0	1.0	1.0	1.0	1.0	
2022-03-10 00:00:00	0.0	0.12	0.2	0.18	0.02	
2022-03-10 00:00:00	0.1	0.24	0.32	0.18	0.02	
2022-03-10 00:00:00	0.2	0.24	0.32	0.42	0.26	
2022-03-10 00:00:00	0.30000000000000004	0.36	0.44	0.42	0.26	
2022-03-10 00:00:00	0.4	0.46	0.5	0.56	0.42	
2022-03-10 00:00:00	0.5	0.52	0.6	0.62	0.54	
2022-03-10 00:00:00	0.6000000000000001	0.62	0.68	0.76	0.62	
2022-03-10 00:00:00	0.7000000000000001	0.7	0.76	0.76	0.68	
2022-03-10 00:00:00	0.8	0.78	0.82	0.84	0.76	
2022-03-10 00:00:00	0.9	0.86	0.98	0.94	0.94	
2022-03-10 00:00:00	1.0	1.0	1.0	1.0	1.0	
2022-03-17 00:00:00	0.0	0.2	0.18	0.02	0.06	
2022-03-17 00:00:00	0.1	0.32	0.32	0.18	0.3	
2022-03-17 00:00:00	0.2	0.32	0.42	0.18	0.3	
2022-03-17 00:00:00	0.30000000000000004	0.5	0.42	0.26	0.4	
2022-03-17 00:00:00	0.4	0.5	0.56	0.42	0.5	
2022-03-17 00:00:00	0.5	0.58	0.62	0.54	0.62	
2022-03-17 00:00:00	0.6000000000000001	0.68	0.76	0.62	0.72	
2022-03-17 00:00:00	0.7000000000000001	0.76	0.76	0.68	0.78	
2022-03-17 00:00:00	0.8	0.88	0.84	0.76	0.9	
2022-03-17 00:00:00	0.9	0.98	0.94	0.94	0.94	
2022-03-17 00:00:00	1.0	1.0	1.0	1.0	1.0	
2022-03-24 00:00:00	0.0	0.14	0.16	0.06	0.02	
2022-03-24 00:00:00	0.1	0.32	0.16	0.16	0.16	
2022-03-24 00:00:00	0.2	0.46	0.34	0.4	0.16	
2022-03-24 00:00:00	0.30000000000000004	0.46	0.34	0.4	0.36	
2022-03-24 00:00:00	0.4	0.56	0.5	0.52	0.36	
2022-03-24 00:00:00	0.5	0.7	0.5	0.62	0.36	
2022-03-24 00:00:00	0.6000000000000001	0.76	0.7	0.68	0.46	
2022-03-24 00:00:00	0.7000000000000001	0.84	0.7	0.78	0.46	
2022-03-24 00:00:00	0.8	0.9	0.88	0.78	0.68	
2022-03-24 00:00:00	0.9	0.96	0.94	0.92	0.8	
2022-03-24 00:00:00	1.0	1.0	1.0	1.0	1.0	
2022-03-31 00:00:00	0.0	0.16	0.1	0.02	0.02	
2022-03-31 00:00:00	0.1	0.32	0.16	0.16	0.06	
2022-03-31 00:00:00	0.2	0.34	0.16	0.22	0.06	
2022-03-31 00:00:00	0.30000000000000004	0.34	0.52	0.22	0.06	
2022-03-31 00:00:00	0.4	0.42	0.52	0.36	0.2	
2022-03-31 00:00:00	0.5	0.5	0.58	0.36	0.2	
2022-03-31 00:00:00	0.6000000000000001	0.58	0.68	0.46	0.34	
2022-03-31 00:00:00	0.7000000000000001	0.82	0.68	0.46	0.34	
2022-03-31 00:00:00	0.8	0.82	0.78	0.68	0.42	
2022-03-31 00:00:00	0.9	0.9	0.92	0.8	0.66	
2022-03-31 00:00:00	1.0	1.0	1.0	1.0	1.0	
2022-04-07 00:00:00	0.0	0.06	0.14	0.04	0.02	
2022-04-07 00:00:00	0.1	0.06	0.16	0.18	0.02	
2022-04-07 00:00:00	0.2	0.4	0.16	0.2	0.16	
2022-04-07 00:00:00	0.30000000000000004	0.4	0.36	0.2	0.16	
2022-04-07 00:00:00	0.4	0.52	0.36	0.3	0.4	
2022-04-07 00:00:00	0.5	0.62	0.46	0.3	0.4	
2022-04-07 00:00:00	0.6000000000000001	0.68	0.46	0.38	0.42	
2022-04-07 00:00:00	0.7000000000000001	0.78	0.66	0.38	0.72	
2022-04-07 00:00:00	0.8	0.9	0.68	0.66	0.74	
2022-04-07 00:00:00	0.9	0.9	0.8	0.88	0.84	
2022-04-07 00:00:00	1.0	1.0	1.0	1.0	1.0	
2022-04-14 00:00:00	0.0	0.14	0.14	0.02	0.06	
2022-04-14 00:00:00	0.1	0.28	0.14	0.12	0.2	
2022-04-14 00:00:00	0.2	0.3	0.28	0.12	0.2	
2022-04-14 00:00:00	0.30000000000000004	0.3	0.28	0.38	0.4	
2022-04-14 00:00:00	0.4	0.4	0.38	0.38	0.4	
2022-04-14 00:00:00	0.5	0.46	0.38	0.4	0.6	
2022-04-14 00:00:00	0.6000000000000001	0.66	0.38	0.7	0.68	
2022-04-14 00:00:00	0.7000000000000001	0.66	0.62	0.72	0.7	
2022-04-14 00:00:00	0.8	0.78	0.84	0.74	0.82	
2022-04-14 00:00:00	0.9	0.9	0.88	0.84	0.94	
2022-04-14 00:00:00	1.0	1.0	1.0	1.0	1.0	
2022-04-21 00:00:00	0.0	0.1	0.22	0.2	0.14	
2022-04-21 00:00:00	0.1	0.18	0.22	0.26	0.34	
2022-04-21 00:00:00	0.2	0.32	0.62	0.26	0.34	
2022-04-21 00:00:00	0.30000000000000004	0.32	0.62	0.46	0.44	
2022-04-21 00:00:00	0.4	0.56	0.64	0.6	0.48	
2022-04-21 00:00:00	0.5	0.6	0.66	0.6	0.6	
2022-04-21 00:00:00	0.6000000000000001	0.6	0.7	0.72	0.68	
2022-04-21 00:00:00	0.7000000000000001	0.84	0.7	0.72	0.8	
2022-04-21 00:00:00	0.8	0.88	0.82	0.9	0.82	
2022-04-21 00:00:00	0.9	0.88	0.94	0.96	0.94	
2022-04-21 00:00:00	1.0	1.0	1.0	1.0	1.0	
2022-04-28 00:00:00	0.0	0.22	0.2	0.14	0.1	
2022-04-28 00:00:00	0.1	0.52	0.2	0.14	0.2	
2022-04-28 00:00:00	0.2	0.52	0.46	0.44	0.2	
2022-04-28 00:00:00	0.30000000000000004	0.62	0.46	0.44	0.38	
2022-04-28 00:00:00	0.4	0.64	0.46	0.48	0.38	
2022-04-28 00:00:00	0.5	0.66	0.72	0.6	0.54	
2022-04-28 00:00:00	0.6000000000000001	0.66	0.72	0.68	0.54	
2022-04-28 00:00:00	0.7000000000000001	0.8	0.82	0.8	0.68	
2022-04-28 00:00:00	0.8	0.8	0.9	0.82	0.72	
2022-04-28 00:00:00	0.9	0.92	0.96	0.94	0.88	
2022-04-28 00:00:00	1.0	1.0	1.0	1.0	1.0	
2022-05-05 00:00:00	0.0	0.2	0.14	0.1	0.12	
2022-05-05 00:00:00	0.1	0.4	0.24	0.2	0.12	
2022-05-05 00:00:00	0.2	0.4	0.44	0.32	0.3	
2022-05-05 00:00:00	0.30000000000000004	0.46	0.44	0.32	0.3	
2022-05-05 00:00:00	0.4	0.58	0.56	0.38	0.58	
2022-05-05 00:00:00	0.5	0.58	0.6	0.48	0.58	
2022-05-05 00:00:00	0.6000000000000001	0.72	0.6	0.54	0.7	
2022-05-05 00:00:00	0.7000000000000001	0.82	0.8	0.68	0.7	
2022-05-05 00:00:00	0.8	0.82	0.82	0.68	0.84	
2022-05-05 00:00:00	0.9	0.94	0.94	0.88	0.9	
2022-05-05 00:00:00	1.0	1.0	1.0	1.0	1.0	
2022-05-12 00:00:00	0.0	0.1	0.1	0.12	0.12	
2022-05-12 00:00:00	0.1	0.24	0.22	0.24	0.18	
2022-05-12 00:00:00	0.2	0.24	0.22	0.24	0.18	
2022-05-12 00:00:00	0.30000000000000004	0.56	0.32	0.5	0.36	
2022-05-12 00:00:00	0.4	0.56	0.42	0.5	0.36	
2022-05-12 00:00:00	0.5	0.56	0.48	0.58	0.58	
2022-05-12 00:00:00	0.6000000000000001	0.72	0.62	0.66	0.58	
2022-05-12 00:00:00	0.7000000000000001	0.72	0.68	0.7	0.68	
2022-05-12 00:00:00	0.8	0.86	0.82	0.84	0.68	
2022-05-12 00:00:00	0.9	0.92	0.88	0.9	0.88	
2022-05-12 00:00:00	1.0	1.0	1.0	1.0	1.0	
2022-05-19 00:00:00	0.0	0.12	0.12	0.12	0.06	
2022-05-19 00:00:00	0.1	0.22	0.32	0.12	0.14	
2022-05-19 00:00:00	0.2	0.22	0.32	0.26	0.2	
2022-05-19 00:00:00	0.30000000000000004	0.32	0.52	0.26	0.2	
2022-05-19 00:00:00	0.4	0.46	0.52	0.52	0.42	
2022-05-19 00:00:00	0.5	0.56	0.58	0.52	0.42	
2022-05-19 00:00:00	0.6000000000000001	0.7	0.66	0.64	0.54	
2022-05-19 00:00:00	0.7000000000000001	0.76	0.74	0.64	0.54	
2022-05-19 00:00:00	0.8	0.78	0.84	0.88	0.74	
2022-05-19 00:00:00	0.9	0.84	0.98	0.98	0.9	
2022-05-19 00:00:00	1.0	1.0	1.0	1.0	1.0	
2022-05-26 00:00:00	0.0	0.2	0.08	0.06	0.1	
2022-05-26 00:00:00	0.1	0.2	0.2	0.12	0.18	
2022-05-26 00:00:00	0.2	0.4	0.36	0.12	0.18	
2022-05-26 00:00:00	0.30000000000000004	0.4	0.36	0.32	0.36	
2022-05-26 00:00:00	0.4	0.52	0.42	0.32	0.36	
2022-05-26 00:00:00	0.5	0.6	0.48	0.52	0.52	
2022-05-26 00:00:00	0.6000000000000001	0.66	0.58	0.52	0.52	
2022-05-26 00:00:00	0.7000000000000001	0.72	0.84	0.74	0.64	
2022-05-26 00:00:00	0.8	0.8	0.84	0.74	0.78	
2022-05-26 00:00:00	0.9	0.92	0.98	0.9	0.8	
2022-05-26 00:00:00	1.0	1.0	1.0	1.0	1.0	
2022-06-02 00:00:00	0.0	0.08	0.06	0.1	0.08	
2022-06-02 00:00:00	0.1	0.24	0.18	0.22	0.12	
2022-06-02 00:00:00	0.2	0.24	0.24	0.3	0.12	
2022-06-02 00:00:00	0.30000000000000004	0.36	0.24	0.3	0.26	
2022-06-02 00:00:00	0.4	0.42	0.42	0.48	0.26	
2022-06-02 00:00:00	0.5	0.48	0.42	0.48	0.5	
2022-06-02 00:00:00	0.6000000000000001	0.68	0.72	0.64	0.5	
2022-06-02 00:00:00	0.7000000000000001	0.78	0.72	0.64	0.62	
2022-06-02 00:00:00	0.8	0.94	0.9	0.76	0.7	
2022-06-02 00:00:00	0.9	0.98	0.96	0.8	0.84	
2022-06-02 00:00:00	1.0	1.0	1.0	1.0	1.0	
2022-06-09 00:00:00	0.0	0.1	0.12	0.2	0.1	
2022-06-09 00:00:00	0.1	0.3	0.24	0.32	0.32	
2022-06-09 00:00:00	0.2	0.3	0.24	0.32	0.46	
2022-06-09 00:00:00	0.30000000000000004	0.42	0.36	0.46	0.46	
2022-06-09 00:00:00	0.4	0.58	0.48	0.46	0.68	
2022-06-09 00:00:00	0.5	0.64	0.5	0.52	0.68	
2022-06-09 00:00:00	0.6000000000000001	0.7	0.6	0.6	0.7	
2022-06-09 00:00:00	0.7000000000000001	0.76	0.66	0.74	0.8	
2022-06-09 00:00:00	0.8	0.88	0.74	0.78	0.88	
2022-06-09 00:00:00	0.9	0.98	0.82	0.84	0.96	
2022-06-09 00:00:00	1.0	1.0	1.0	1.0	1.0	
2022-06-16 00:00:00	0.0	0.12	0.2	0.1	0.2	
2022-06-16 00:00:00	0.1	0.12	0.2	0.1	0.3	
2022-06-16 00:00:00	0.2	0.36	0.42	0.46	0.42	
2022-06-16 00:00:00	0.30000000000000004	0.36	0.42	0.46	0.42	
2022-06-16 00:00:00	0.4	0.38	0.48	0.68	0.58	
2022-06-16 00:00:00	0.5	0.5	0.52	0.68	0.58	
2022-06-16 00:00:00	0.6000000000000001	0.5	0.72	0.76	0.78	
2022-06-16 00:00:00	0.7000000000000001	0.66	0.72	0.76	0.78	
2022-06-16 00:00:00	0.8	0.74	0.78	0.88	0.88	
2022-06-16 00:00:00	0.9	0.82	0.9	0.96	0.96	
2022-06-16 00:00:00	1.0	1.0	1.0	1.0	1.0	
2022-06-23 00:00:00	0.0	0.1	0.14	0.2	0.1	
2022-06-23 00:00:00	0.1	0.3	0.24	0.3	0.1	
2022-06-23 00:00:00	0.2	0.3	0.24	0.3	0.32	
2022-06-23 00:00:00	0.30000000000000004	0.48	0.56	0.46	0.32	
2022-06-23 00:00:00	0.4	0.48	0.56	0.46	0.5	
2022-06-23 00:00:00	0.5	0.48	0.74	0.66	0.5	
2022-06-23 00:00:00	0.6000000000000001	0.64	0.74	0.66	0.78	
2022-06-23 00:00:00	0.7000000000000001	0.72	0.84	0.82	0.82	
2022-06-23 00:00:00	0.8	0.76	0.88	0.88	0.9	
2022-06-23 00:00:00	0.9	0.9	0.96	0.96	0.9	
2022-06-23 00:00:00	1.0	1.0	1.0	1.0	1.0	
2022-06-30 00:00:00	0.0	0.14	0.1	0.1	0.08	
2022-06-30 00:00:00	0.1	0.14	0.3	0.1	0.2	
2022-06-30 00:00:00	0.2	0.34	0.3	0.32	0.3	
2022-06-30 00:00:00	0.30000000000000004	0.34	0.46	0.32	0.3	
2022-06-30 00:00:00	0.4	0.56	0.46	0.5	0.5	
2022-06-30 00:00:00	0.5	0.62	0.66	0.5	0.58	
2022-06-30 00:00:00	0.6000000000000001	0.74	0.66	0.78	0.68	
2022-06-30 00:00:00	0.7000000000000001	0.82	0.82	0.82	0.88	
2022-06-30 00:00:00	0.8	0.84	0.88	0.9	0.88	
2022-06-30 00:00:00	0.9	0.96	0.96	0.9	0.9	
2022-06-30 00:00:00	1.0	1.0	1.0	1.0	1.0	
2022-07-07 00:00:00	0.0	0.1	0.1	0.08	0.1	
2022-07-07 00:00:00	0.1	0.3	0.26	0.18	0.16	
2022-07-07 00:00:00	0.2	0.3	0.32	0.3	0.28	
2022-07-07 00:00:00	0.30000000000000004	0.46	0.42	0.38	0.3	
2022-07-07 00:00:00	0.4	0.46	0.5	0.5	0.4	
2022-07-07 00:00:00	0.5	0.66	0.5	0.6	0.5	
2022-07-07 00:00:00	0.6000000000000001	0.66	0.78	0.68	0.54	
2022-07-07 00:00:00	0.7000000000000001	0.82	0.82	0.88	0.68	
2022-07-07 00:00:00	0.8	0.92	0.86	0.88	0.78	
2022-07-07 00:00:00	0.9	0.96	0.9	0.94	0.8	
2022-07-07 00:00:00	1.0	1.0	1.0	1.0	1.0	
2022-07-14 00:00:00	0.0	0.1	0.1	0.06	0.1	
2022-07-14 00:00:00	0.1	0.26	0.18	0.16	0.22	
2022-07-14 00:00:00	0.2	0.32	0.18	0.18	0.32	
2022-07-14 00:00:00	0.30000000000000004	0.32	0.38	0.3	0.38	
2022-07-14 00:00:00	0.4	0.5	0.38	0.4	0.46	
2022-07-14 00:00:00	0.5	0.5	0.6	0.5	0.54	
2022-07-14 00:00:00	0.6000000000000001	0.78	0.68	0.6	0.6	
2022-07-14 00:00:00	0.7000000000000001	0.86	0.8	0.6	0.68	
2022-07-14 00:00:00	0.8	0.9	0.88	0.68	0.78	
2022-07-14 00:00:00	0.9	0.9	0.94	0.8	0.84	
2022-07-14 00:00:00	1.0	1.0	1.0	1.0	1.0	
2022-07-21 00:00:00	0.0	0.1	0.06	0.12	0.06	
2022-07-21 00:00:00	0.1	0.18	0.16	0.22	0.16	
2022-07-21 00:00:00	0.2	0.18	0.18	0.28	0.32	
2022-07-21 00:00:00	0.30000000000000004	0.38	0.3	0.38	0.46	
2022-07-21 00:00:00	0.4	0.38	0.4	0.46	0.5	
2022-07-21 00:00:00	0.5	0.6	0.5	0.54	0.56	
2022-07-21 00:00:00	0.6000000000000001	0.68	0.56	0.6	0.72	
2022-07-21 00:00:00	0.7000000000000001	0.8	0.6	0.68	0.74	
2022-07-21 00:00:00	0.8	0.88	0.68	0.78	0.92	
2022-07-21 00:00:00	0.9	0.94	0.8	0.84	0.94	
2022-07-21 00:00:00	1.0	1.0	1.0	1.0	1.0	
2022-07-28 00:00:00	0.0	0.1	0.1	0.1	0.12	
2022-07-28 00:00:00	0.1	0.16	0.22	0.16	0.18	
2022-07-28 00:00:00	0.2	0.16	0.32	0.3	0.28	
2022-07-28 00:00:00	0.30000000000000004	0.3	0.38	0.46	0.34	
2022-07-28 00:00:00	0.4	0.3	0.46	0.52	0.48	
2022-07-28 00:00:00	0.5	0.5	0.54	0.56	0.58	
2022-07-28 00:00:00	0.6000000000000001	0.54	0.56	0.72	0.72	
2022-07-28 00:00:00	0.7000000000000001	0.68	0.68	0.8	0.86	
2022-07-28 00:00:00	0.8	0.78	0.78	0.92	0.9	
2022-07-28 00:00:00	0.9	0.8	0.88	0.96	0.92	
2022-07-28 00:00:00	1.0	1.0	1.0	1.0	1.0	
2022-08-04 00:00:00	0.0	0.1	0.1	0.12	0.1	
2022-08-04 00:00:00	0.1	0.2	0.16	0.18	0.14	
2022-08-04 00:00:00	0.2	0.32	0.3	0.28	0.28	
2022-08-04 00:00:00	0.30000000000000004	0.4	0.46	0.34	0.38	
2022-08-04 00:00:00	0.4	0.46	0.52	0.58	0.42	
2022-08-04 00:00:00	0.5	0.48	0.62	0.58	0.6	
2022-08-04 00:00:00	0.6000000000000001	0.64	0.62	0.72	0.7	
2022-08-04 00:00:00	0.7000000000000001	0.68	0.8	0.86	0.76	
2022-08-04 00:00:00	0.8	0.78	0.92	0.88	0.8	
2022-08-04 00:00:00	0.9	0.88	0.96	0.92	0.92	
2022-08-04 00:00:00	1.0	1.0	1.0	1.0	1.0	
2022-08-11 00:00:00	0.0	0.1	0.06	0.1	0.06	
2022-08-11 00:00:00	0.1	0.24	0.18	0.14	0.12	
2022-08-11 00:00:00	0.2	0.3	0.24	0.28	0.3	
2022-08-11 00:00:00	0.30000000000000004	0.36	0.34	0.38	0.3	
2022-08-11 00:00:00	0.4	0.52	0.58	0.42	0.42	
2022-08-11 00:00:00	0.5	0.58	0.58	0.6	0.42	
2022-08-11 00:00:00	0.6000000000000001	0.7	0.72	0.7	0.5	
2022-08-11 00:00:00	0.7000000000000001	0.9	0.86	0.76	0.64	
2022-08-11 00:00:00	0.8	0.94	0.88	0.8	0.78	
2022-08-11 00:00:00	0.9	0.96	0.92	0.92	0.92	
2022-08-11 00:00:00	1.0	1.0	1.0	1.0	1.0	
2022-08-18 00:00:00	0.0	0.06	0.1	0.06	0.02	
2022-08-18 00:00:00	0.1	0.12	0.24	0.12	0.1	
2022-08-18 00:00:00	0.2	0.24	0.28	0.2	0.22	
2022-08-18 00:00:00	0.30000000000000004	0.34	0.32	0.3	0.3	
2022-08-18 00:00:00	0.4	0.44	0.42	0.36	0.5	
2022-08-18 00:00:00	0.5	0.64	0.6	0.46	0.52	
2022-08-18 00:00:00	0.6000000000000001	0.66	0.66	0.5	0.62	
2022-08-18 00:00:00	0.7000000000000001	0.76	0.78	0.56	0.72	
2022-08-18 00:00:00	0.8	0.9	0.82	0.8	0.84	
2022-08-18 00:00:00	0.9	0.92	0.9	0.92	0.94	
2022-08-18 00:00:00	1.0	1.0	1.0	1.0	1.0	
2022-08-25 00:00:00	0.0	0.1	0.06	0.08	0.04	
2022-08-25 00:00:00	0.1	0.14	0.12	0.1	0.12	
2022-08-25 00:00:00	0.2	0.28	0.3	0.3	0.26	
2022-08-25 00:00:00	0.30000000000000004	0.42	0.3	0.3	0.36	
2022-08-25 00:00:00	0.4	0.42	0.42	0.5	0.48	
2022-08-25 00:00:00	0.5	0.6	0.42	0.5	0.58	
2022-08-25 00:00:00	0.6000000000000001	0.66	0.5	0.62	0.68	
2022-08-25 00:00:00	0.7000000000000001	0.76	0.64	0.72	0.8	
2022-08-25 00:00:00	0.8	0.8	0.78	0.84	0.88	
2022-08-25 00:00:00	0.9	0.9	0.92	0.94	1.0	
2022-08-25 00:00:00	1.0	1.0	1.0	1.0	1.0	
2022-09-01 00:00:00	0.0	0.06	0.08	0.08	0.06	
2022-09-01 00:00:00	0.1	0.14	0.1	0.12	0.18	
2022-09-01 00:00:00	0.2	0.2	0.3	0.36	0.26	
2022-09-01 00:00:00	0.30000000000000004	0.36	0.3	0.36	0.34	
2022-09-01 00:00:00	0.4	0.36	0.5	0.48	0.48	
2022-09-01 00:00:00	0.5	0.46	0.5	0.48	0.56	
2022-09-01 00:00:00	0.6000000000000001	0.52	0.62	0.68	0.68	
2022-09-01 00:00:00	0.7000000000000001	0.68	0.72	0.8	0.82	
2022-09-01 00:00:00	0.8	0.8	0.84	0.88	0.84	
2022-09-01 00:00:00	0.9	0.92	0.94	1.0	0.88	
2022-09-01 00:00:00	1.0	1.0	1.0	1.0	1.0	
2022-09-08 00:00:00	0.0	0.02	0.04	0.06	0.1	
2022-09-08 00:00:00	0.1	0.14	0.12	0.18	0.22	
2022-09-08 00:00:00	0.2	0.22	0.26	0.26	0.3	
2022-09-08 00:00:00	0.30000000000000004	0.32	0.36	0.34	0.5	
2022-09-08 00:00:00	0.4	0.42	0.48	0.48	0.5	
2022-09-08 00:00:00	0.5	0.52	0.58	0.56	0.6	
2022-09-08 00:00:00	0.6000000000000001	0.54	0.68	0.68	0.72	
2022-09-08 00:00:00	0.7000000000000001	0.7	0.8	0.82	0.84	
2022-09-08 00:00:00	0.8	0.84	0.88	0.84	0.88	
2022-09-08 00:00:00	0.9	0.94	1.0	0.88	0.94	
2022-09-08 00:00:00	1.0	1.0	1.0	1.0	1.0	
2022-09-15 00:00:00	0.0	0.04	0.06	0.1	0.12	
2022-09-15 00:00:00	0.1	0.12	0.18	0.18	0.2	
2022-09-15 00:00:00	0.2	0.26	0.26	0.3	0.32	
2022-09-15 00:00:00	0.30000000000000004	0.4	0.34	0.4	0.32	
2022-09-15 00:00:00	0.4	0.4	0.38	0.5	0.56	
2022-09-15 00:00:00	0.5	0.58	0.56	0.6	0.56	
2022-09-15 00:00:00	0.6000000000000001	0.76	0.68	0.78	0.64	
2022-09-15 00:00:00	0.7000000000000001	0.86	0.82	0.78	0.78	
2022-09-15 00:00:00	0.8	0.9	0.84	0.9	0.9	
2022-09-15 00:00:00	0.9	1.0	0.88	0.94	0.96	
2022-09-15 00:00:00	1.0	1.0	1.0	1.0	1.0	
2022-09-22 00:00:00	0.0	0.12	0.1	0.12	0.04	
2022-09-22 00:00:00	0.1	0.18	0.18	0.2	0.1	
2022-09-22 00:00:00	0.2	0.26	0.3	0.22	0.2	
2022-09-22 00:00:00	0.30000000000000004	0.34	0.4	0.32	0.44	
2022-09-22 00:00:00	0.4	0.48	0.56	0.56	0.44	
2022-09-22 00:00:00	0.5	0.6	0.6	0.62	0.54	
2022-09-22 00:00:00	0.6000000000000001	0.68	0.66	0.64	0.54	
2022-09-22 00:00:00	0.7000000000000001	0.82	0.78	0.78	0.72	
2022-09-22 00:00:00	0.8	0.84	0.9	0.9	0.78	
2022-09-22 00:00:00	0.9	0.88	0.94	0.96	0.9	
2022-09-22 00:00:00	1.0	1.0	1.0	1.0	1.0	
2022-09-29 00:00:00	0.0	0.08	0.02	0.06	0.1	
2022-09-29 00:00:00	0.1	0.18	0.14	0.1	0.2	
2022-09-29 00:00:00	0.2	0.28	0.28	0.28	0.3	
2022-09-29 00:00:00	0.30000000000000004	0.46	0.36	0.38	0.42	
2022-09-29 00:00:00	0.4	0.46	0.42	0.4	0.48	
2022-09-29 00:00:00	0.5	0.62	0.58	0.52	0.5	
2022-09-29 00:00:00	0.6000000000000001	0.66	0.68	0.6	0.6	
2022-09-29 00:00:00	0.7000000000000001	0.78	0.76	0.64	0.66	
2022-09-29 00:00:00	0.8	0.86	0.86	0.84	0.84	
2022-09-29 00:00:00	0.9	0.94	0.92	0.9	0.92	
2022-09-29 00:00:00	1.0	1.0	1.0	1.0	1.0	
2022-10-06 00:00:00	0.0	0.12	0.04	0.1	0.08	
2022-10-06 00:00:00	0.1	0.14	0.1	0.2	0.14	
2022-10-06 00:00:00	0.2	0.22	0.2	0.3	0.24	
2022-10-06 00:00:00	0.30000000000000004	0.36	0.38	0.42	0.32	
2022-10-06 00:00:00	0.4	0.46	0.46	0.48	0.42	
2022-10-06 00:00:00	0.5	0.62	0.46	0.58	0.52	
2022-10-06 00:00:00	0.6000000000000001	0.68	0.6	0.58	0.64	
2022-10-06 00:00:00	0.7000000000000001	0.7	0.72	0.66	0.74	
2022-10-06 00:00:00	0.8	0.84	0.78	0.84	0.86	
2022-10-06 00:00:00	0.9	0.92	0.92	0.92	0.92	
2022-10-06 00:00:00	1.0	1.0	1.0	1.0	1.0	
2022-10-13 00:00:00	0.0	0.1	0.06	0.1	0.02	
2022-10-13 00:00:00	0.1	0.16	0.16	0.2	0.14	
2022-10-13 00:00:00	0.2	0.2	0.24	0.28	0.28	
2022-10-13 00:00:00	0.30000000000000004	0.28	0.34	0.34	0.38	
2022-10-13 00:00:00	0.4	0.46	0.4	0.4	0.46	
2022-10-13 00:00:00	0.5	0.46	0.64	0.58	0.62	
2022-10-13 00:00:00	0.6000000000000001	0.66	0.76	0.66	0.68	
2022-10-13 00:00:00	0.7000000000000001	0.72	0.8	0.78	0.78	
2022-10-13 00:00:00	0.8	0.8	0.84	0.88	0.92	
2022-10-13 00:00:00	0.9	0.9	0.94	0.92	0.94	
2022-10-13 00:00:00	1.0	1.0	1.0	1.0	1.0	
2022-10-20 00:00:00	0.0	0.06	0.1	0.02	0.12	
2022-10-20 00:00:00	0.1	0.14	0.2	0.14	0.2	
2022-10-20 00:00:00	0.2	0.24	0.28	0.28	0.36	
2022-10-20 00:00:00	0.30000000000000004	0.4	0.34	0.46	0.36	
2022-10-20 00:00:00	0.4	0.4	0.5	0.46	0.52	
2022-10-20 00:00:00	0.5	0.64	0.5	0.62	0.52	
2022-10-20 00:00:00	0.6000000000000001	0.68	0.66	0.68	0.62	
2022-10-20 00:00:00	0.7000000000000001	0.82	0.78	0.78	0.7	
2022-10-20 00:00:00	0.8	0.86	0.88	0.92	0.76	
2022-10-20 00:00:00	0.9	0.92	0.92	0.94	0.86	
2022-10-20 00:00:00	1.0	1.0	1.0	1.0	1.0	
2022-10-27 00:00:00	0.0	0.1	0.02	0.12	0.1	
2022-10-27 00:00:00	0.1	0.2	0.14	0.2	0.2	
2022-10-27 00:00:00	0.2	0.34	0.28	0.36	0.28	
2022-10-27 00:00:00	0.30000000000000004	0.34	0.38	0.36	0.4	
2022-10-27 00:00:00	0.4	0.5	0.46	0.48	0.4	
2022-10-27 00:00:00	0.5	0.5	0.62	0.6	0.52	
2022-10-27 00:00:00	0.6000000000000001	0.66	0.68	0.62	0.52	
2022-10-27 00:00:00	0.7000000000000001	0.78	0.78	0.7	0.66	
2022-10-27 00:00:00	0.8	0.88	0.92	0.76	0.78	
2022-10-27 00:00:00	0.9	0.92	0.94	0.84	0.88	
2022-10-27 00:00:00	1.0	1.0	1.0	1.0	1.0	
2022-11-03 00:00:00	0.0	0.02	0.12	0.1	0.08	
2022-11-03 00:00:00	0.1	0.14	0.2	0.2	0.22	
2022-11-03 00:00:00	0.2	0.28	0.36	0.28	0.34	
2022-11-03 00:00:00	0.30000000000000004	0.38	0.48	0.36	0.4	
2022-11-03 00:00:00	0.4	0.46	0.48	0.48	0.42	
2022-11-03 00:00:00	0.5	0.56	0.6	0.48	0.58	
2022-11-03 00:00:00	0.6000000000000001	0.68	0.62	0.62	0.74	
2022-11-03 00:00:00	0.7000000000000001	0.78	0.66	0.74	0.76	
2022-11-03 00:00:00	0.8	0.92	0.76	0.78	0.84	
2022-11-03 00:00:00	0.9	0.94	0.84	0.96	0.92	
2022-11-03 00:00:00	1.0	1.0	1.0	1.0	1.0	
2022-11-10 00:00:00	0.0	0.12	0.1	0.14	0.1	
2022-11-10 00:00:00	0.1	0.28	0.18	0.2	0.2	
2022-11-10 00:00:00	0.2	0.48	0.28	0.28	0.26	
2022-11-10 00:00:00	0.30000000000000004	0.48	0.36	0.44	0.36	
2022-11-10 00:00:00	0.4	0.56	0.44	0.56	0.48	
2022-11-10 00:00:00	0.5	0.56	0.54	0.62	0.54	
2022-11-10 00:00:00	0.6000000000000001	0.64	0.66	0.72	0.62	
2022-11-10 00:00:00	0.7000000000000001	0.72	0.7	0.82	0.76	
2022-11-10 00:00:00	0.8	0.76	0.8	0.86	0.82	
2022-11-10 00:00:00	0.9	0.92	0.94	0.9	0.92	
2022-11-10 00:00:00	1.0	1.0	1.0	1.0	1.0	
2022-11-17 00:00:00	0.0	0.1	0.14	0.1	0.2	
2022-11-17 00:00:00	0.1	0.18	0.2	0.2	0.28	
2022-11-17 00:00:00	0.2	0.28	0.28	0.3	0.34	
2022-11-17 00:00:00	0.30000000000000004	0.36	0.44	0.36	0.5	
2022-11-17 00:00:00	0.4	0.44	0.56	0.42	0.52	
2022-11-17 00:00:00	0.5	0.58	0.62	0.54	0.72	
2022-11-17 00:00:00	0.6000000000000001	0.58	0.64	0.7	0.78	
2022-11-17 00:00:00	0.7000000000000001	0.7	0.82	0.7	0.86	
2022-11-17 00:00:00	0.8	0.8	0.86	0.8	0.88	
2022-11-17 00:00:00	0.9	0.94	0.9	0.92	0.98	
2022-11-17 00:00:00	1.0	1.0	1.0	1.0	1.0	
2022-11-24 00:00:00	0.0	0.08	0.1	0.2	0.14	
2022-11-24 00:00:00	0.1	0.22	0.16	0.26	0.22	
2022-11-24 00:00:00	0.2	0.34	0.26	0.34	0.4	
2022-11-24 00:00:00	0.30000000000000004	0.4	0.38	0.34	0.4	
2022-11-24 00:00:00	0.4	0.42	0.48	0.52	0.5	
2022-11-24 00:00:00	0.5	0.58	0.56	0.58	0.56	
2022-11-24 00:00:00	0.6000000000000001	0.74	0.68	0.78	0.66	
2022-11-24 00:00:00	0.7000000000000001	0.76	0.68	0.8	0.82	
2022-11-24 00:00:00	0.8	0.84	0.78	0.88	0.82	
2022-11-24 00:00:00	0.9	0.92	0.9	0.94	0.92	
2022-11-24 00:00:00	1.0	1.0	1.0	1.0	1.0	
2022-12-01 00:00:00	0.0	0.06	0.2	0.14	0.08	
2022-12-01 00:00:00	0.1	0.16	0.26	0.22	0.28	
2022-12-01 00:00:00	0.2	0.28	0.34	0.22	0.28	
2022-12-01 00:00:00	0.30000000000000004	0.38	0.36	0.5	0.34	
2022-12-01 00:00:00	0.4	0.46	0.36	0.5	0.5	
2022-12-01 00:00:00	0.5	0.62	0.58	0.56	0.6	
2022-12-01 00:00:00	0.6000000000000001	0.62	0.58	0.66	0.72	
2022-12-01 00:00:00	0.7000000000000001	0.7	0.8	0.82	0.82	
2022-12-01 00:00:00	0.8	0.82	0.88	0.86	0.9	
2022-12-01 00:00:00	0.9	0.92	0.96	0.92	0.98	
2022-12-01 00:00:00	1.0	1.0	1.0	1.0	1.0	
2022-12-08 00:00:00	0.0	0.08	0.18	0.16	0.1	
2022-12-08 00:00:00	0.1	0.28	0.18	0.36	0.24	
2022-12-08 00:00:00	0.2	0.44	0.38	0.36	0.24	
2022-12-08 00:00:00	0.30000000000000004	0.44	0.38	0.48	0.5	
2022-12-08 00:00:00	0.4	0.7	0.46	0.56	0.5	
2022-12-08 00:00:00	0.5	0.7	0.52	0.56	0.5	
2022-12-08 00:00:00	0.6000000000000001	0.8	0.62	0.66	0.58	
2022-12-08 00:00:00	0.7000000000000001	0.86	0.68	0.66	0.72	
2022-12-08 00:00:00	0.8	0.94	0.78	0.82	0.72	
2022-12-08 00:00:00	0.9	0.98	0.88	0.92	0.84	
2022-12-08 00:00:00	1.0	1.0	1.0	1.0	1.0	
2022-12-15 00:00:00	0.0	0.14	0.2	0.14	0.14	
2022-12-15 00:00:00	0.1	0.32	0.36	0.24	0.14	
2022-12-15 00:00:00	0.2	0.32	0.36	0.24	0.42	
2022-12-15 00:00:00	0.30000000000000004	0.4	0.44	0.46	0.42	
2022-12-15 00:00:00	0.4	0.46	0.56	0.5	0.56	
2022-12-15 00:00:00	0.5	0.56	0.62	0.58	0.58	
2022-12-15 00:00:00	0.6000000000000001	0.62	0.62	0.58	0.72	
2022-12-15 00:00:00	0.7000000000000001	0.72	0.76	0.72	0.74	
2022-12-15 00:00:00	0.8	0.88	0.92	0.72	0.8	
2022-12-15 00:00:00	0.9	0.92	0.96	0.86	0.88	
2022-12-15 00:00:00	1.0	1.0	1.0	1.0	1.0	
2022-12-22 00:00:00	0.0	0.08	0.14	0.22	0.1	
2022-12-22 00:00:00	0.1	0.28	0.36	0.36	0.26	
2022-12-22 00:00:00	0.2	0.28	0.36	0.36	0.36	
2022-12-22 00:00:00	0.30000000000000004	0.5	0.46	0.5	0.36	
2022-12-22 00:00:00	0.4	0.5	0.54	0.56	0.58	
2022-12-22 00:00:00	0.5	0.6	0.58	0.7	0.6	
2022-12-22 00:00:00	0.6000000000000001	0.72	0.72	0.72	0.66	
2022-12-22 00:00:00	0.7000000000000001	0.82	0.72	0.78	0.74	
2022-12-22 00:00:00	0.8	0.9	0.8	0.86	0.74	
2022-12-22 00:00:00	0.9	0.98	0.88	0.92	0.88	
2022-12-22 00:00:00	1.0	1.0	1.0	1.0	1.0	
2022-12-29 00:00:00	0.0	0.22	0.22	0.1	0.14	
2022-12-29 00:00:00	0.1	0.36	0.22	0.26	0.28	
2022-12-29 00:00:00	0.2	0.44	0.5	0.26	0.34	
2022-12-29 00:00:00	0.30000000000000004	0.44	0.5	0.58	0.34	
2022-12-29 00:00:00	0.4	0.54	0.7	0.58	0.46	
2022-12-29 00:00:00	0.5	0.68	0.7	0.66	0.56	
2022-12-29 00:00:00	0.6000000000000001	0.72	0.76	0.66	0.64	
2022-12-29 00:00:00	0.7000000000000001	0.8	0.78	0.74	0.66	
2022-12-29 00:00:00	0.8	0.86	0.86	0.78	0.78	
2022-12-29 00:00:00	0.9	0.88	0.92	0.88	0.88	
2022-12-29 00:00:00	1.0	1.0	1.0	1.0	1.0	
2023-01-05 00:00:00	0.0	0.22	0.16	0.14	0.12	
2023-01-05 00:00:00	0.1	0.36	0.26	0.14	0.26	
2023-01-05 00:00:00	0.2	0.5	0.26	0.34	0.26	
2023-01-05 00:00:00	0.30000000000000004	0.5	0.58	0.34	0.34	
2023-01-05 00:00:00	0.4	0.64	0.58	0.56	0.5	
2023-01-05 00:00:00	0.5	0.7	0.64	0.56	0.64	
2023-01-05 00:00:00	0.6000000000000001	0.76	0.66	0.58	0.66	
2023-01-05 00:00:00	0.7000000000000001	0.84	0.7	0.66	0.74	
2023-01-05 00:00:00	0.8	0.84	0.78	0.78	0.86	
2023-01-05 00:00:00	0.9	0.94	0.88	0.88	0.92	
2023-01-05 00:00:00	1.0	1.0	1.0	1.0	1.0	
2023-01-12 00:00:00	0.0	0.16	0.14	0.12	0.04	
2023-01-12 00:00:00	0.1	0.26	0.28	0.26	0.26	
2023-01-12 00:00:00	0.2	0.26	0.34	0.26	0.26	
2023-01-12 00:00:00	0.30000000000000004	0.48	0.34	0.34	0.48	
2023-01-12 00:00:00	0.4	0.58	0.46	0.5	0.48	
2023-01-12 00:00:00	0.5	0.64	0.56	0.64	0.48	
2023-01-12 00:00:00	0.6000000000000001	0.66	0.64	0.66	0.6	
2023-01-12 00:00:00	0.7000000000000001	0.7	0.66	0.74	0.6	
2023-01-12 00:00:00	0.8	0.78	0.78	0.76	0.84	
2023-01-12 00:00:00	0.9	0.88	0.88	0.92	0.96	
2023-01-12 00:00:00	1.0	1.0	1.0	1.0	1.0	
2023-01-19 00:00:00	0.0	0.14	0.14	0.04	0.14	
2023-01-19 00:00:00	0.1	0.28	0.26	0.26	0.14	
2023-01-19 00:00:00	0.2	0.28	0.26	0.26	0.4	
2023-01-19 00:00:00	0.30000000000000004	0.46	0.42	0.38	0.4	
2023-01-19 00:00:00	0.4	0.46	0.5	0.48	0.58	
2023-01-19 00:00:00	0.5	0.56	0.52	0.54	0.72	
2023-01-19 00:00:00	0.6000000000000001	0.64	0.66	0.6	0.72	
2023-01-19 00:00:00	0.7000000000000001	0.66	0.66	0.6	0.86	
2023-01-19 00:00:00	0.8	0.78	0.76	0.84	0.92	
2023-01-19 00:00:00	0.9	0.88	0.9	0.96	0.92	
2023-01-19 00:00:00	1.0	1.0	1.0	1.0	1.0	
2023-01-26 00:00:00	0.0	0.12	0.22	0.14	0.22	
2023-01-26 00:00:00	0.1	0.12	0.22	0.28	0.4	
2023-01-26 00:00:00	0.2	0.34	0.36	0.28	0.4	
2023-01-26 00:00:00	0.30000000000000004	0.34	0.36	0.46	0.5	
2023-01-26 00:00:00	0.4	0.48	0.48	0.58	0.64	
2023-01-26 00:00:00	0.5	0.64	0.54	0.66	0.72	
2023-01-26 00:00:00	0.6000000000000001	0.72	0.54	0.8	0.72	
2023-01-26 00:00:00	0.7000000000000001	0.74	0.8	0.86	0.84	
2023-01-26 00:00:00	0.8	0.84	0.84	0.92	0.84	
2023-01-26 00:00:00	0.9	0.92	0.88	0.92	0.94	
2023-01-26 00:00:00	1.0	1.0	1.0	1.0	1.0	
2023-02-02 00:00:00	0.0	0.22	0.14	0.22	0.16	
2023-02-02 00:00:00	0.1	0.22	0.28	0.4	0.16	
2023-02-02 00:00:00	0.2	0.36	0.28	0.4	0.44	
2023-02-02 00:00:00	0.30000000000000004	0.36	0.58	0.5	0.44	
2023-02-02 00:00:00	0.4	0.48	0.58	0.64	0.44	
2023-02-02 00:00:00	0.5	0.54	0.58	0.72	0.66	
2023-02-02 00:00:00	0.6000000000000001	0.54	0.8	0.72	0.66	
2023-02-02 00:00:00	0.7000000000000001	0.8	0.86	0.84	0.68	
2023-02-02 00:00:00	0.8	0.84	0.92	0.84	0.8	
2023-02-02 00:00:00	0.9	0.88	0.92	0.94	0.92	
2023-02-02 00:00:00	1.0	1.0	1.0	1.0	1.0	
2023-02-09 00:00:00	0.0	0.14	0.22	0.16	0.12	
2023-02-09 00:00:00	0.1	0.14	0.22	0.24	0.12	
2023-02-09 00:00:00	0.2	0.46	0.5	0.24	0.36	
2023-02-09 00:00:00	0.30000000000000004	0.46	0.5	0.44	0.36	
2023-02-09 00:00:00	0.4	0.58	0.58	0.48	0.36	
2023-02-09 00:00:00	0.5	0.66	0.72	0.48	0.62	
2023-02-09 00:00:00	0.6000000000000001	0.66	0.72	0.68	0.62	
2023-02-09 00:00:00	0.7000000000000001	0.86	0.74	0.68	0.66	
2023-02-09 00:00:00	0.8	0.86	0.88	0.8	0.76	
2023-02-09 00:00:00	0.9	0.92	0.94	0.84	0.92	
2023-02-09 00:00:00	1.0	1.0	1.0	1.0	1.0	
2023-02-16 00:00:00	0.0	0.1	0.08	0.12	0.12	
2023-02-16 00:00:00	0.1	0.1	0.08	0.14	0.12	
2023-02-16 00:00:00	0.2	0.4	0.28	0.14	0.48	
2023-02-16 00:00:00	0.30000000000000004	0.4	0.28	0.14	0.48	
2023-02-16 00:00:00	0.4	0.4	0.3	0.38	0.48	
2023-02-16 00:00:00	0.5	0.6	0.5	0.38	0.66	
2023-02-16 00:00:00	0.6000000000000001	0.6	0.58	0.66	0.66	
2023-02-16 00:00:00	0.7000000000000001	0.78	0.58	0.66	0.76	
2023-02-16 00:00:00	0.8	0.78	0.8	0.78	0.88	
2023-02-16 00:00:00	0.9	0.88	0.88	0.78	0.96	
2023-02-16 00:00:00	1.0	1.0	1.0	1.0	1.0	
2023-02-23 00:00:00	0.0	0.08	0.12	0.12	0.16	
2023-02-23 00:00:00	0.1	0.08	0.12	0.38	0.16	
2023-02-23 00:00:00	0.2	0.28	0.14	0.38	0.34	
2023-02-23 00:00:00	0.30000000000000004	0.28	0.36	0.38	0.5	
2023-02-23 00:00:00	0.4	0.28	0.36	0.64	0.5	
2023-02-23 00:00:00	0.5	0.5	0.38	0.64	0.62	
2023-02-23 00:00:00	0.6000000000000001	0.5	0.62	0.66	0.72	
2023-02-23 00:00:00	0.7000000000000001	0.76	0.66	0.78	0.74	
2023-02-23 00:00:00	0.8	0.8	0.78	0.88	0.88	
2023-02-23 00:00:00	0.9	0.88	0.78	0.96	0.9	
2023-02-23 00:00:00	1.0	1.0	1.0	1.0	1.0	
2023-03-02 00:00:00	0.0	0.22	0.26	0.16	0.2	
2023-03-02 00:00:00	0.1	0.34	0.42	0.32	0.2	
2023-03-02 00:00:00	0.2	0.34	0.42	0.32	0.48	
2023-03-02 00:00:00	0.30000000000000004	0.58	0.42	0.32	0.62	
2023-03-02 00:00:00	0.4	0.6	0.54	0.42	0.62	
2023-03-02 00:00:00	0.5	0.6	0.66	0.6	0.62	
2023-03-02 00:00:00	0.6000000000000001	0.7	0.76	0.6	0.82	
2023-03-02 00:00:00	0.7000000000000001	0.72	0.76	0.86	0.82	
2023-03-02 00:00:00	0.8	0.76	0.84	0.86	0.84	
2023-03-02 00:00:00	0.9	0.92	0.94	0.98	0.94	
2023-03-02 00:00:00	1.0	1.0	1.0	1.0	1.0	
2023-03-09 00:00:00	0.0	0.26	0.16	0.2	0.06	
2023-03-09 00:00:00	0.1	0.42	0.16	0.2	0.06	
2023-03-09 00:00:00	0.2	0.42	0.32	0.34	0.24	
2023-03-09 00:00:00	0.30000000000000004	0.42	0.42	0.62	0.24	
2023-03-09 00:00:00	0.4	0.66	0.42	0.62	0.44	
2023-03-09 00:00:00	0.5	0.66	0.6	0.62	0.64	
2023-03-09 00:00:00	0.6000000000000001	0.66	0.6	0.82	0.64	
2023-03-09 00:00:00	0.7000000000000001	0.76	0.74	0.82	0.64	
2023-03-09 00:00:00	0.8	0.84	0.86	0.84	0.76	
2023-03-09 00:00:00	0.9	0.98	0.98	0.94	0.86	
2023-03-09 00:00:00	1.0	1.0	1.0	1.0	1.0	
2023-03-16 00:00:00	0.0	0.16	0.2	0.06	0.2	
2023-03-16 00:00:00	0.1	0.32	0.2	0.24	0.38	
2023-03-16 00:00:00	0.2	0.32	0.48	0.24	0.38	
2023-03-16 00:00:00	0.30000000000000004	0.32	0.62	0.24	0.38	
2023-03-16 00:00:00	0.4	0.6	0.62	0.44	0.42	
2023-03-16 00:00:00	0.5	0.6	0.82	0.64	0.62	
2023-03-16 00:00:00	0.6000000000000001	0.6	0.82	0.64	0.62	
2023-03-16 00:00:00	0.7000000000000001	0.86	0.82	0.64	0.62	
2023-03-16 00:00:00	0.8	0.86	0.84	0.76	0.74	
2023-03-16 00:00:00	0.9	0.98	0.94	0.86	0.84	
2023-03-16 00:00:00	1.0	1.0	1.0	1.0	1.0	
2023-03-23 00:00:00	0.0	0.2	0.18	0.2	0.18	
2023-03-23 00:00:00	0.1	0.48	0.24	0.38	0.18	
2023-03-23 00:00:00	0.2	0.48	0.24	0.38	0.4	
2023-03-23 00:00:00	0.30000000000000004	0.48	0.24	0.38	0.58	
2023-03-23 00:00:00	0.4	0.82	0.44	0.38	0.58	
2023-03-23 00:00:00	0.5	0.82	0.64	0.62	0.68	
2023-03-23 00:00:00	0.6000000000000001	0.82	0.64	0.62	0.72	
2023-03-23 00:00:00	0.7000000000000001	0.84	0.76	0.7	0.72	
2023-03-23 00:00:00	0.8	0.84	0.76	0.74	0.82	
2023-03-23 00:00:00	0.9	0.94	0.86	0.84	0.94	
2023-03-23 00:00:00	1.0	1.0	1.0	1.0	1.0	
2023-03-30 00:00:00	0.0	0.18	0.18	0.18	0.12	
2023-03-30 00:00:00	0.1	0.18	0.38	0.18	0.22	
2023-03-30 00:00:00	0.2	0.24	0.38	0.4	0.22	
2023-03-30 00:00:00	0.30000000000000004	0.44	0.38	0.58	0.34	
2023-03-30 00:00:00	0.4	0.44	0.58	0.58	0.34	
2023-03-30 00:00:00	0.5	0.44	0.62	0.68	0.54	
2023-03-30 00:00:00	0.6000000000000001	0.76	0.62	0.68	0.7	
2023-03-30 00:00:00	0.7000000000000001	0.76	0.7	0.82	0.7	
2023-03-30 00:00:00	0.8	0.86	0.74	0.82	0.8	
2023-03-30 00:00:00	0.9	0.96	0.84	0.94	0.88	
2023-03-30 00:00:00	1.0	1.0	1.0	1.0	1.0	
2023-04-06 00:00:00	0.0	0.18	0.22	0.12	0.12	
2023-04-06 00:00:00	0.1	0.38	0.22	0.24	0.26	
2023-04-06 00:00:00	0.2	0.38	0.4	0.24	0.26	
2023-04-06 00:00:00	0.30000000000000004	0.38	0.5	0.34	0.44	
2023-04-06 00:00:00	0.4	0.66	0.5	0.5	0.5	
2023-04-06 00:00:00	0.5	0.66	0.68	0.5	0.5	
2023-04-06 00:00:00	0.6000000000000001	0.66	0.78	0.5	0.66	
2023-04-06 00:00:00	0.7000000000000001	0.8	0.78	0.8	0.72	
2023-04-06 00:00:00	0.8	0.8	0.92	0.88	0.88	
2023-04-06 00:00:00	0.9	0.92	0.94	0.92	0.9	
2023-04-06 00:00:00	1.0	1.0	1.0	1.0	1.0	
2023-04-13 00:00:00	0.0	0.22	0.12	0.12	0.08	
2023-04-13 00:00:00	0.1	0.4	0.12	0.12	0.24	
2023-04-13 00:00:00	0.2	0.4	0.34	0.44	0.24	
2023-04-13 00:00:00	0.30000000000000004	0.4	0.34	0.44	0.38	
2023-04-13 00:00:00	0.4	0.68	0.34	0.44	0.44	
2023-04-13 00:00:00	0.5	0.68	0.5	0.66	0.54	
2023-04-13 00:00:00	0.6000000000000001	0.68	0.7	0.66	0.58	
2023-04-13 00:00:00	0.7000000000000001	0.82	0.7	0.72	0.58	
2023-04-13 00:00:00	0.8	0.92	0.8	0.88	0.74	
2023-04-13 00:00:00	0.9	0.96	0.88	0.96	0.9	
2023-04-13 00:00:00	1.0	1.0	1.0	1.0	1.0	
2023-04-20 00:00:00	0.0	0.12	0.14	0.16	0.02	
2023-04-20 00:00:00	0.1	0.24	0.26	0.24	0.08	
2023-04-20 00:00:00	0.2	0.24	0.26	0.3	0.08	
2023-04-20 00:00:00	0.30000000000000004	0.4	0.32	0.3	0.16	
2023-04-20 00:00:00	0.4	0.5	0.5	0.44	0.38	
2023-04-20 00:00:00	0.5	0.5	0.5	0.48	0.38	
2023-04-20 00:00:00	0.6000000000000001	0.6	0.56	0.48	0.5	
2023-04-20 00:00:00	0.7000000000000001	0.8	0.78	0.58	0.5	
2023-04-20 00:00:00	0.8	0.88	0.78	0.76	0.78	
2023-04-20 00:00:00	0.9	0.92	0.9	0.76	0.82	
2023-04-20 00:00:00	1.0	1.0	1.0	1.0	1.0	
2023-04-27 00:00:00	0.0	0.12	0.08	0.06	0.02	
2023-04-27 00:00:00	0.1	0.26	0.24	0.08	0.06	
2023-04-27 00:00:00	0.2	0.26	0.24	0.08	0.06	
2023-04-27 00:00:00	0.30000000000000004	0.44	0.38	0.38	0.26	
2023-04-27 00:00:00	0.4	0.5	0.44	0.38	0.26	
2023-04-27 00:00:00	0.5	0.5	0.44	0.5	0.42	
2023-04-27 00:00:00	0.6000000000000001	0.72	0.58	0.5	0.42	
2023-04-27 00:00:00	0.7000000000000001	0.72	0.58	0.5	0.58	
2023-04-27 00:00:00	0.8	0.88	0.74	0.78	0.58	
2023-04-27 00:00:00	0.9	0.9	0.9	0.82	0.7	
2023-04-27 00:00:00	1.0	1.0	1.0	1.0	1.0	
2023-05-04 00:00:00	0.0	0.14	0.22	0.02	0.04	
2023-05-04 00:00:00	0.1	0.22	0.22	0.18	0.04	
2023-05-04 00:00:00	0.2	0.22	0.4	0.18	0.12	
2023-05-04 00:00:00	0.30000000000000004	0.32	0.4	0.36	0.12	
2023-05-04 00:00:00	0.4	0.48	0.4	0.36	0.26	
2023-05-04 00:00:00	0.5	0.48	0.7	0.4	0.26	
2023-05-04 00:00:00	0.6000000000000001	0.64	0.7	0.56	0.26	
2023-05-04 00:00:00	0.7000000000000001	0.7	0.82	0.58	0.44	
2023-05-04 00:00:00	0.8	0.88	0.82	0.7	0.58	
2023-05-04 00:00:00	0.9	0.88	0.94	0.82	0.76	
2023-05-04 00:00:00	1.0	1.0	1.0	1.0	1.0	
2023-05-11 00:00:00	0.0	0.12	0.14	0.06	0.02	
2023-05-11 00:00:00	0.1	0.4	0.3	0.2	0.1	
2023-05-11 00:00:00	0.2	0.4	0.3	0.24	0.1	
2023-05-11 00:00:00	0.30000000000000004	0.62	0.46	0.24	0.2	
2023-05-11 00:00:00	0.4	0.66	0.58	0.42	0.2	
2023-05-11 00:00:00	0.5	0.66	0.6	0.44	0.32	
2023-05-11 00:00:00	0.6000000000000001	0.72	0.6	0.58	0.32	
2023-05-11 00:00:00	0.7000000000000001	0.84	0.76	0.58	0.5	
2023-05-11 00:00:00	0.8	0.86	0.76	0.74	0.52	
2023-05-11 00:00:00	0.9	1.0	0.94	0.86	0.68	
2023-05-11 00:00:00	1.0	1.0	1.0	1.0	1.0	
2023-05-18 00:00:00	0.0	0.16	0.18	0.06	0.04	
2023-05-18 00:00:00	0.1	0.28	0.18	0.14	0.04	
2023-05-18 00:00:00	0.2	0.28	0.46	0.26	0.06	
2023-05-18 00:00:00	0.30000000000000004	0.42	0.46	0.26	0.06	
2023-05-18 00:00:00	0.4	0.54	0.46	0.28	0.18	
2023-05-18 00:00:00	0.5	0.54	0.68	0.46	0.18	
2023-05-18 00:00:00	0.6000000000000001	0.7	0.68	0.5	0.22	
2023-05-18 00:00:00	0.7000000000000001	0.82	0.84	0.66	0.22	
2023-05-18 00:00:00	0.8	0.84	0.86	0.66	0.48	
2023-05-18 00:00:00	0.9	0.94	0.94	0.86	0.58	
2023-05-18 00:00:00	1.0	1.0	1.0	1.0	1.0	
2023-05-25 00:00:00	0.0	0.18	0.06	0.04	0.0	
2023-05-25 00:00:00	0.1	0.32	0.18	0.04	0.0	
2023-05-25 00:00:00	0.2	0.32	0.18	0.06	0.02	
2023-05-25 00:00:00	0.30000000000000004	0.46	0.26	0.06	0.02	
2023-05-25 00:00:00	0.4	0.62	0.44	0.18	0.06	
2023-05-25 00:00:00	0.5	0.62	0.46	0.18	0.06	
2023-05-25 00:00:00	0.6000000000000001	0.68	0.62	0.22	0.12	
2023-05-25 00:00:00	0.7000000000000001	0.8	0.66	0.22	0.2	
2023-05-25 00:00:00	0.8	0.84	0.84	0.48	0.2	
2023-05-25 00:00:00	0.9	0.94	0.94	0.58	0.56	
2023-05-25 00:00:00	1.0	1.0	1.0	1.0	1.0	
2023-06-01 00:00:00	0.0	0.12	0.02	0.0	0.0	
2023-06-01 00:00:00	0.1	0.3	0.06	0.0	0.0	
2023-06-01 00:00:00	0.2	0.3	0.06	0.0	0.0	
2023-06-01 00:00:00	0.30000000000000004	0.36	0.16	0.04	0.0	
2023-06-01 00:00:00	0.4	0.52	0.16	0.04	0.02	
2023-06-01 00:00:00	0.5	0.6	0.22	0.12	0.02	
2023-06-01 00:00:00	0.6000000000000001	0.6	0.22	0.12	0.06	
2023-06-01 00:00:00	0.7000000000000001	0.8	0.48	0.2	0.06	
2023-06-01 00:00:00	0.8	0.94	0.58	0.46	0.1	
2023-06-01 00:00:00	0.9	0.94	0.74	0.56	0.22	
2023-06-01 00:00:00	1.0	1.0	1.0	1.0	1.0	
2023-06-08 00:00:00	0.0	0.26	0.08	0.04	0.02	
2023-06-08 00:00:00	0.1	0.26	0.34	0.04	0.12	
2023-06-08 00:00:00	0.2	0.4	0.34	0.1	0.22	
2023-06-08 00:00:00	0.30000000000000004	0.4	0.4	0.1	0.24	
2023-06-08 00:00:00	0.4	0.4	0.5	0.22	0.34	
2023-06-08 00:00:00	0.5	0.66	0.52	0.22	0.36	
2023-06-08 00:00:00	0.6000000000000001	0.66	0.68	0.42	0.46	
2023-06-08 00:00:00	0.7000000000000001	0.82	0.68	0.42	0.46	
2023-06-08 00:00:00	0.8	0.86	0.7	0.56	0.58	
2023-06-08 00:00:00	0.9	0.94	0.78	0.8	0.74	
2023-06-08 00:00:00	1.0	1.0	1.0	1.0	1.0	
2023-06-15 00:00:00	0.0	0.1	0.2	0.1	0.18	
2023-06-15 00:00:00	0.1	0.26	0.32	0.1	0.18	
2023-06-15 00:00:00	0.2	0.26	0.46	0.3	0.4	
2023-06-15 00:00:00	0.30000000000000004	0.52	0.46	0.3	0.4	
2023-06-15 00:00:00	0.4	0.54	0.5	0.44	0.6	
2023-06-15 00:00:00	0.5	0.54	0.74	0.44	0.6	
2023-06-15 00:00:00	0.6000000000000001	0.62	0.78	0.7	0.64	
2023-06-15 00:00:00	0.7000000000000001	0.74	0.8	0.7	0.68	
2023-06-15 00:00:00	0.8	0.74	0.82	0.82	0.78	
2023-06-15 00:00:00	0.9	0.88	1.0	0.96	0.88	
2023-06-15 00:00:00	1.0	1.0	1.0	1.0	1.0	
2023-06-22 00:00:00	0.0	0.14	0.12	0.16	0.1	
2023-06-22 00:00:00	0.1	0.38	0.22	0.24	0.26	
2023-06-22 00:00:00	0.2	0.38	0.22	0.24	0.38	
2023-06-22 00:00:00	0.30000000000000004	0.58	0.38	0.44	0.38	
2023-06-22 00:00:00	0.4	0.6	0.48	0.44	0.48	
2023-06-22 00:00:00	0.5	0.72	0.58	0.5	0.66	
2023-06-22 00:00:00	0.6000000000000001	0.72	0.68	0.58	0.7	
2023-06-22 00:00:00	0.7000000000000001	0.94	0.8	0.7	0.82	
2023-06-22 00:00:00	0.8	0.94	0.82	0.82	0.86	
2023-06-22 00:00:00	0.9	1.0	0.94	0.9	0.92	
2023-06-22 00:00:00	1.0	1.0	1.0	1.0	1.0	
2023-06-29 00:00:00	0.0	0.12	0.16	0.1	0.1	
2023-06-29 00:00:00	0.1	0.12	0.24	0.26	0.2	
2023-06-29 00:00:00	0.2	0.38	0.24	0.38	0.24	
2023-06-29 00:00:00	0.30000000000000004	0.38	0.44	0.38	0.4	
2023-06-29 00:00:00	0.4	0.48	0.44	0.48	0.4	
2023-06-29 00:00:00	0.5	0.58	0.58	0.66	0.44	
2023-06-29 00:00:00	0.6000000000000001	0.68	0.58	0.7	0.58	
2023-06-29 00:00:00	0.7000000000000001	0.8	0.8	0.82	0.68	
2023-06-29 00:00:00	0.8	0.82	0.82	0.86	0.78	
2023-06-29 00:00:00	0.9	0.94	0.9	0.92	0.84	
2023-06-29 00:00:00	1.0	1.0	1.0	1.0	1.0	
2023-07-06 00:00:00	0.0	0.08	0.12	0.04	0.06	
2023-07-06 00:00:00	0.1	0.08	0.22	0.14	0.08	
2023-07-06 00:00:00	0.2	0.26	0.22	0.14	0.16	
2023-07-06 00:00:00	0.30000000000000004	0.26	0.56	0.28	0.16	
2023-07-06 00:00:00	0.4	0.52	0.56	0.28	0.28	
2023-07-06 00:00:00	0.5	0.52	0.66	0.44	0.28	
2023-07-06 00:00:00	0.6000000000000001	0.58	0.76	0.44	0.42	
2023-07-06 00:00:00	0.7000000000000001	0.68	0.82	0.58	0.42	
2023-07-06 00:00:00	0.8	0.84	0.84	0.68	0.48	
2023-07-06 00:00:00	0.9	0.86	0.9	0.78	0.64	
2023-07-06 00:00:00	1.0	1.0	1.0	1.0	1.0	
2023-07-13 00:00:00	0.0	0.12	0.04	0.06	0.12	
2023-07-13 00:00:00	0.1	0.22	0.14	0.06	0.12	
2023-07-13 00:00:00	0.2	0.22	0.14	0.16	0.3	
2023-07-13 00:00:00	0.30000000000000004	0.56	0.28	0.16	0.3	
2023-07-13 00:00:00	0.4	0.56	0.28	0.28	0.38	
2023-07-13 00:00:00	0.5	0.66	0.28	0.28	0.38	
2023-07-13 00:00:00	0.6000000000000001	0.76	0.44	0.42	0.52	
2023-07-13 00:00:00	0.7000000000000001	0.82	0.58	0.42	0.6	
2023-07-13 00:00:00	0.8	0.84	0.68	0.48	0.68	
2023-07-13 00:00:00	0.9	0.9	0.78	0.7	0.78	
2023-07-13 00:00:00	1.0	1.0	1.0	1.0	1.0	
2023-07-20 00:00:00	0.0	0.1	0.08	0.06	0.06	
2023-07-20 00:00:00	0.1	0.1	0.18	0.2	0.2	
2023-07-20 00:00:00	0.2	0.36	0.18	0.3	0.26	
2023-07-20 00:00:00	0.30000000000000004	0.36	0.34	0.42	0.38	
2023-07-20 00:00:00	0.4	0.54	0.34	0.5	0.42	
2023-07-20 00:00:00	0.5	0.54	0.42	0.54	0.52	
2023-07-20 00:00:00	0.6000000000000001	0.68	0.42	0.62	0.6	
2023-07-20 00:00:00	0.7000000000000001	0.78	0.58	0.64	0.6	
2023-07-20 00:00:00	0.8	0.84	0.68	0.78	0.74	
2023-07-20 00:00:00	0.9	0.92	0.8	0.9	0.88	
2023-07-20 00:00:00	1.0	1.0	1.0	1.0	1.0	
2023-07-27 00:00:00	0.0	0.1	0.06	0.14	0.08	
2023-07-27 00:00:00	0.1	0.18	0.06	0.2	0.12	
2023-07-27 00:00:00	0.2	0.28	0.3	0.32	0.18	
2023-07-27 00:00:00	0.30000000000000004	0.28	0.3	0.38	0.34	
2023-07-27 00:00:00	0.4	0.4	0.5	0.48	0.38	
2023-07-27 00:00:00	0.5	0.4	0.58	0.52	0.6	
2023-07-27 00:00:00	0.6000000000000001	0.56	0.62	0.6	0.6	
2023-07-27 00:00:00	0.7000000000000001	0.64	0.74	0.74	0.82	
2023-07-27 00:00:00	0.8	0.76	0.82	0.8	0.88	
2023-07-27 00:00:00	0.9	0.9	0.9	0.86	0.9	
2023-07-27 00:00:00	1.0	1.0	1.0	1.0	1.0	
2023-08-03 00:00:00	0.0	0.06	0.14	0.08	0.08	
2023-08-03 00:00:00	0.1	0.16	0.26	0.14	0.14	
2023-08-03 00:00:00	0.2	0.16	0.32	0.18	0.2	
2023-08-03 00:00:00	0.30000000000000004	0.38	0.42	0.22	0.26	
2023-08-03 00:00:00	0.4	0.38	0.48	0.38	0.4	
2023-08-03 00:00:00	0.5	0.58	0.54	0.48	0.52	
2023-08-03 00:00:00	0.6000000000000001	0.68	0.72	0.7	0.6	
2023-08-03 00:00:00	0.7000000000000001	0.72	0.74	0.86	0.76	
2023-08-03 00:00:00	0.8	0.82	0.8	0.9	0.86	
2023-08-03 00:00:00	0.9	0.92	0.92	0.9	0.92	
2023-08-03 00:00:00	1.0	1.0	1.0	1.0	1.0	
2023-08-10 00:00:00	0.0	0.14	0.08	0.08	0.06	
2023-08-10 00:00:00	0.1	0.2	0.14	0.14	0.06	
2023-08-10 00:00:00	0.2	0.32	0.18	0.2	0.12	
2023-08-10 00:00:00	0.30000000000000004	0.38	0.22	0.4	0.12	
2023-08-10 00:00:00	0.4	0.48	0.38	0.4	0.22	
2023-08-10 00:00:00	0.5	0.58	0.6	0.52	0.36	
2023-08-10 00:00:00	0.6000000000000001	0.58	0.7	0.6	0.38	
2023-08-10 00:00:00	0.7000000000000001	0.74	0.82	0.76	0.5	
2023-08-10 00:00:00	0.8	0.8	0.9	0.86	0.58	
2023-08-10 00:00:00	0.9	0.92	0.9	0.9	0.74	
2023-08-10 00:00:00	1.0	1.0	1.0	1.0	1.0	
2023-08-17 00:00:00	0.0	0.08	0.06	0.06	0.02	
2023-08-17 00:00:00	0.1	0.12	0.14	0.12	0.02	
2023-08-17 00:00:00	0.2	0.18	0.28	0.12	0.12	
2023-08-17 00:00:00	0.30000000000000004	0.34	0.34	0.18	0.12	
2023-08-17 00:00:00	0.4	0.38	0.52	0.18	0.16	
2023-08-17 00:00:00	0.5	0.5	0.52	0.36	0.18	
2023-08-17 00:00:00	0.6000000000000001	0.72	0.66	0.48	0.2	
2023-08-17 00:00:00	0.7000000000000001	0.82	0.82	0.5	0.24	
2023-08-17 00:00:00	0.8	0.88	0.88	0.58	0.38	
2023-08-17 00:00:00	0.9	0.9	0.94	0.8	0.56	
2023-08-17 00:00:00	1.0	1.0	1.0	1.0	1.0	
2023-08-24 00:00:00	0.0	0.06	0.06	0.02	0.0	
2023-08-24 00:00:00	0.1	0.14	0.12	0.02	0.04	
2023-08-24 00:00:00	0.2	0.28	0.12	0.04	0.06	
2023-08-24 00:00:00	0.30000000000000004	0.34	0.18	0.12	0.06	
2023-08-24 00:00:00	0.4	0.52	0.18	0.16	0.06	
2023-08-24 00:00:00	0.5	0.52	0.36	0.18	0.12	
2023-08-24 00:00:00	0.6000000000000001	0.66	0.5	0.2	0.18	
2023-08-24 00:00:00	0.7000000000000001	0.82	0.5	0.24	0.28	
2023-08-24 00:00:00	0.8	0.88	0.58	0.38	0.36	
2023-08-24 00:00:00	0.9	0.94	0.8	0.56	0.48	
2023-08-24 00:00:00	1.0	1.0	1.0	1.0	1.0	
2023-08-31 00:00:00	0.0	0.14	0.02	0.06	0.04	
2023-08-31 00:00:00	0.1	0.26	0.06	0.12	0.1	
2023-08-31 00:00:00	0.2	0.32	0.1	0.12	0.18	
2023-08-31 00:00:00	0.30000000000000004	0.4	0.18	0.22	0.18	
2023-08-31 00:00:00	0.4	0.46	0.32	0.26	0.22	
2023-08-31 00:00:00	0.5	0.68	0.32	0.34	0.22	
2023-08-31 00:00:00	0.6000000000000001	0.68	0.52	0.46	0.3	
2023-08-31 00:00:00	0.7000000000000001	0.74	0.68	0.48	0.36	
2023-08-31 00:00:00	0.8	0.78	0.68	0.62	0.4	
2023-08-31 00:00:00	0.9	0.88	0.86	0.82	0.56	
2023-08-31 00:00:00	1.0	1.0	1.0	1.0	1.0	
2023-09-07 00:00:00	0.0	0.18	0.14	0.06	0.16	
2023-09-07 00:00:00	0.1	0.32	0.26	0.14	0.26	
2023-09-07 00:00:00	0.2	0.32	0.36	0.14	0.42	
2023-09-07 00:00:00	0.30000000000000004	0.5	0.44	0.22	0.44	
2023-09-07 00:00:00	0.4	0.5	0.44	0.22	0.62	
2023-09-07 00:00:00	0.5	0.6	0.64	0.46	0.62	
2023-09-07 00:00:00	0.6000000000000001	0.6	0.64	0.58	0.74	
2023-09-07 00:00:00	0.7000000000000001	0.72	0.72	0.58	0.74	
2023-09-07 00:00:00	0.8	0.92	0.84	0.72	0.82	
2023-09-07 00:00:00	0.9	0.94	0.9	0.82	0.92	
2023-09-07 00:00:00	1.0	1.0	1.0	1.0	1.0	
2023-09-14 00:00:00	0.0	0.14	0.06	0.16	0.14	
2023-09-14 00:00:00	0.1	0.24	0.1	0.32	0.26	
2023-09-14 00:00:00	0.2	0.36	0.1	0.42	0.34	
2023-09-14 00:00:00	0.30000000000000004	0.36	0.34	0.52	0.36	
2023-09-14 00:00:00	0.4	0.54	0.34	0.54	0.36	
2023-09-14 00:00:00	0.5	0.54	0.46	0.66	0.5	
2023-09-14 00:00:00	0.6000000000000001	0.66	0.54	0.74	0.52	
2023-09-14 00:00:00	0.7000000000000001	0.72	0.62	0.8	0.58	
2023-09-14 00:00:00	0.8	0.84	0.76	0.9	0.68	
2023-09-14 00:00:00	0.9	0.86	0.86	0.94	0.74	
2023-09-14 00:00:00	1.0	1.0	1.0	1.0	1.0	
2023-09-21 00:00:00	0.0	0.16	0.12	0.02	0.0	
2023-09-21 00:00:00	0.1	0.24	0.22	0.16	0.0	
2023-09-21 00:00:00	0.2	0.28	0.22	0.28	0.26	
2023-09-21 00:00:00	0.30000000000000004	0.28	0.44	0.34	0.26	
2023-09-21 00:00:00	0.4	0.42	0.44	0.48	0.4	
2023-09-21 00:00:00	0.5	0.42	0.7	0.56	0.4	
2023-09-21 00:00:00	0.6000000000000001	0.6	0.7	0.64	0.6	
2023-09-21 00:00:00	0.7000000000000001	0.6	0.82	0.7	0.66	
2023-09-21 00:00:00	0.8	0.68	0.86	0.8	0.78	
2023-09-21 00:00:00	0.9	0.86	0.94	0.86	0.82	
2023-09-21 00:00:00	1.0	1.0	1.0	1.0	1.0	
2023-09-28 00:00:00	0.0	0.1	0.02	0.14	0.06	
2023-09-28 00:00:00	0.1	0.22	0.02	0.14	0.1	
2023-09-28 00:00:00	0.2	0.38	0.28	0.14	0.12	
2023-09-28 00:00:00	0.30000000000000004	0.44	0.28	0.26	0.18	
2023-09-28 00:00:00	0.4	0.6	0.48	0.26	0.22	
2023-09-28 00:00:00	0.5	0.7	0.56	0.4	0.26	
2023-09-28 00:00:00	0.6000000000000001	0.8	0.64	0.6	0.36	
2023-09-28 00:00:00	0.7000000000000001	0.82	0.7	0.62	0.38	
2023-09-28 00:00:00	0.8	0.84	0.72	0.68	0.52	
2023-09-28 00:00:00	0.9	0.94	0.82	0.78	0.62	
2023-09-28 00:00:00	1.0	1.0	1.0	1.0	1.0	
2023-10-05 00:00:00	0.0	0.12	0.14	0.06	0.08	
2023-10-05 00:00:00	0.1	0.14	0.14	0.08	0.08	
2023-10-05 00:00:00	0.2	0.14	0.14	0.12	0.1	
2023-10-05 00:00:00	0.30000000000000004	0.42	0.14	0.16	0.12	
2023-10-05 00:00:00	0.4	0.5	0.26	0.22	0.18	
2023-10-05 00:00:00	0.5	0.56	0.26	0.24	0.18	
2023-10-05 00:00:00	0.6000000000000001	0.56	0.42	0.3	0.26	
2023-10-05 00:00:00	0.7000000000000001	0.66	0.62	0.38	0.46	
2023-10-05 00:00:00	0.8	0.72	0.68	0.52	0.62	
2023-10-05 00:00:00	0.9	0.84	0.78	0.62	0.72	
2023-10-05 00:00:00	1.0	1.0	1.0	1.0	1.0	
2023-10-12 00:00:00	0.0	0.14	0.08	0.2	0.06	
2023-10-12 00:00:00	0.1	0.34	0.22	0.28	0.14	
2023-10-12 00:00:00	0.2	0.46	0.26	0.44	0.22	
2023-10-12 00:00:00	0.30000000000000004	0.52	0.36	0.44	0.38	
2023-10-12 00:00:00	0.4	0.52	0.36	0.6	0.44	
2023-10-12 00:00:00	0.5	0.62	0.54	0.6	0.56	
2023-10-12 00:00:00	0.6000000000000001	0.76	0.58	0.72	0.64	
2023-10-12 00:00:00	0.7000000000000001	0.8	0.7	0.8	0.74	
2023-10-12 00:00:00	0.8	0.8	0.76	0.86	0.84	
2023-10-12 00:00:00	0.9	0.9	0.92	0.94	0.98	
2023-10-12 00:00:00	1.0	1.0	1.0	1.0	1.0	
2023-10-19 00:00:00	0.0	0.1	0.1	0.12	0.14	
2023-10-19 00:00:00	0.1	0.24	0.1	0.28	0.14	
2023-10-19 00:00:00	0.2	0.36	0.36	0.28	0.32	
2023-10-19 00:00:00	0.30000000000000004	0.36	0.36	0.42	0.32	
2023-10-19 00:00:00	0.4	0.44	0.62	0.42	0.6	
2023-10-19 00:00:00	0.5	0.56	0.62	0.58	0.6	
2023-10-19 00:00:00	0.6000000000000001	0.6	0.76	0.58	0.68	
2023-10-19 00:00:00	0.7000000000000001	0.7	0.76	0.76	0.8	
2023-10-19 00:00:00	0.8	0.8	0.84	0.82	0.88	
2023-10-19 00:00:00	0.9	0.9	0.94	0.9	0.92	
2023-10-19 00:00:00	1.0	1.0	1.0	1.0	1.0	
2023-10-26 00:00:00	0.0	0.16	0.16	0.08	0.06	
2023-10-26 00:00:00	0.1	0.26	0.24	0.22	0.2	
2023-10-26 00:00:00	0.2	0.46	0.36	0.38	0.2	
2023-10-26 00:00:00	0.30000000000000004	0.56	0.42	0.38	0.36	
2023-10-26 00:00:00	0.4	0.64	0.42	0.54	0.36	
2023-10-26 00:00:00	0.5	0.64	0.56	0.54	0.52	
2023-10-26 00:00:00	0.6000000000000001	0.76	0.56	0.78	0.6	
2023-10-26 00:00:00	0.7000000000000001	0.76	0.72	0.88	0.72	
2023-10-26 00:00:00	0.8	0.84	0.9	0.9	0.78	
2023-10-26 00:00:00	0.9	0.94	0.94	0.9	0.92	
2023-10-26 00:00:00	1.0	1.0	1.0	1.0	1.0	
2023-11-02 00:00:00	0.0	0.16	0.08	0.06	0.14	
2023-11-02 00:00:00	0.1	0.24	0.24	0.1	0.3	
2023-11-02 00:00:00	0.2	0.24	0.38	0.24	0.34	
2023-11-02 00:00:00	0.30000000000000004	0.42	0.44	0.32	0.5	
2023-11-02 00:00:00	0.4	0.42	0.44	0.44	0.5	
2023-11-02 00:00:00	0.5	0.56	0.66	0.52	0.58	
2023-11-02 00:00:00	0.6000000000000001	0.56	0.66	0.6	0.6	
2023-11-02 00:00:00	0.7000000000000001	0.72	0.86	0.62	0.64	
2023-11-02 00:00:00	0.8	0.9	0.9	0.78	0.74	
2023-11-02 00:00:00	0.9	0.94	0.94	0.86	0.82	
2023-11-02 00:00:00	1.0	1.0	1.0	1.0	1.0	
2023-11-09 00:00:00	0.0	0.08	0.06	0.16	0.06	
2023-11-09 00:00:00	0.1	0.24	0.2	0.3	0.12	
2023-11-09 00:00:00	0.2	0.38	0.24	0.3	0.16	
2023-11-09 00:00:00	0.30000000000000004	0.38	0.36	0.5	0.2	
2023-11-09 00:00:00	0.4	0.54	0.44	0.5	0.26	
2023-11-09 00:00:00	0.5	0.66	0.52	0.58	0.42	
2023-11-09 00:00:00	0.6000000000000001	0.78	0.6	0.64	0.42	
2023-11-09 00:00:00	0.7000000000000001	0.86	0.74	0.64	0.48	
2023-11-09 00:00:00	0.8	0.9	0.78	0.74	0.58	
2023-11-09 00:00:00	0.9	0.9	0.92	0.82	0.68	
2023-11-09 00:00:00	1.0	1.0	1.0	1.0	1.0	
2023-11-16 00:00:00	0.0	0.06	0.16	0.06	0.04	
2023-11-16 00:00:00	0.1	0.2	0.3	0.12	0.12	
2023-11-16 00:00:00	0.2	0.24	0.46	0.16	0.18	
2023-11-16 00:00:00	0.30000000000000004	0.24	0.5	0.2	0.22	
2023-11-16 00:00:00	0.4	0.44	0.58	0.36	0.24	
2023-11-16 00:00:00	0.5	0.44	0.58	0.42	0.36	
2023-11-16 00:00:00	0.6000000000000001	0.6	0.62	0.48	0.36	
2023-11-16 00:00:00	0.7000000000000001	0.74	0.64	0.48	0.52	
2023-11-16 00:00:00	0.8	0.78	0.74	0.58	0.68	
2023-11-16 00:00:00	0.9	0.92	0.82	0.68	0.8	
2023-11-16 00:00:00	1.0	1.0	1.0	1.0	1.0	
2023-11-23 00:00:00	0.0	0.16	0.04	0.04	0.08	
2023-11-23 00:00:00	0.1	0.24	0.2	0.12	0.14	
2023-11-23 00:00:00	0.2	0.4	0.26	0.24	0.16	
2023-11-23 00:00:00	0.30000000000000004	0.4	0.32	0.28	0.3	
2023-11-23 00:00:00	0.4	0.58	0.32	0.44	0.34	
2023-11-23 00:00:00	0.5	0.58	0.48	0.5	0.44	
2023-11-23 00:00:00	0.6000000000000001	0.72	0.52	0.66	0.44	
2023-11-23 00:00:00	0.7000000000000001	0.78	0.62	0.68	0.48	
2023-11-23 00:00:00	0.8	0.8	0.68	0.8	0.5	
2023-11-23 00:00:00	0.9	0.9	0.92	0.86	0.62	
2023-11-23 00:00:00	1.0	1.0	1.0	1.0	1.0	
2023-11-30 00:00:00	0.0	0.04	0.04	0.06	0.04	
2023-11-30 00:00:00	0.1	0.2	0.04	0.14	0.1	
2023-11-30 00:00:00	0.2	0.26	0.24	0.14	0.14	
2023-11-30 00:00:00	0.30000000000000004	0.32	0.24	0.3	0.22	
2023-11-30 00:00:00	0.4	0.38	0.44	0.3	0.26	
2023-11-30 00:00:00	0.5	0.48	0.44	0.44	0.34	
2023-11-30 00:00:00	0.6000000000000001	0.52	0.66	0.44	0.34	
2023-11-30 00:00:00	0.7000000000000001	0.62	0.68	0.48	0.56	
2023-11-30 00:00:00	0.8	0.68	0.8	0.58	0.76	
2023-11-30 00:00:00	0.9	0.84	0.86	0.62	0.84	
2023-11-30 00:00:00	1.0	1.0	1.0	1.0	1.0	
2023-12-07 00:00:00	0.0	0.12	0.14	0.08	0.04	
2023-12-07 00:00:00	0.1	0.16	0.2	0.14	0.2	
2023-12-07 00:00:00	0.2	0.32	0.3	0.22	0.2	
2023-12-07 00:00:00	0.30000000000000004	0.32	0.3	0.26	0.34	
2023-12-07 00:00:00	0.4	0.56	0.42	0.26	0.34	
2023-12-07 00:00:00	0.5	0.56	0.42	0.52	0.48	
2023-12-07 00:00:00	0.6000000000000001	0.72	0.54	0.52	0.48	
2023-12-07 00:00:00	0.7000000000000001	0.78	0.58	0.74	0.58	
2023-12-07 00:00:00	0.8	0.86	0.6	0.82	0.7	
2023-12-07 00:00:00	0.9	0.92	0.74	0.88	0.84	
2023-12-07 00:00:00	1.0	1.0	1.0	1.0	1.0	
2023-12-14 00:00:00	0.0	0.14	0.08	0.16	0.14	
2023-12-14 00:00:00	0.1	0.24	0.16	0.16	0.26	
2023-12-14 00:00:00	0.2	0.3	0.22	0.28	0.32	
2023-12-14 00:00:00	0.30000000000000004	0.3	0.44	0.28	0.44	
2023-12-14 00:00:00	0.4	0.42	0.44	0.44	0.46	
2023-12-14 00:00:00	0.5	0.42	0.48	0.44	0.6	
2023-12-14 00:00:00	0.6000000000000001	0.54	0.7	0.58	0.66	
2023-12-14 00:00:00	0.7000000000000001	0.54	0.78	0.58	0.8	
2023-12-14 00:00:00	0.8	0.6	0.82	0.7	0.82	
2023-12-14 00:00:00	0.9	0.74	0.88	0.82	0.88	
2023-12-14 00:00:00	1.0	1.0	1.0	1.0	1.0	
2023-12-21 00:00:00	0.0	0.08	0.08	0.12	0.1	
2023-12-21 00:00:00	0.1	0.3	0.08	0.24	0.16	
2023-12-21 00:00:00	0.2	0.38	0.34	0.38	0.34	
2023-12-21 00:00:00	0.30000000000000004	0.38	0.34	0.38	0.52	
2023-12-21 00:00:00	0.4	0.62	0.48	0.58	0.6	
2023-12-21 00:00:00	0.5	0.62	0.48	0.58	0.74	
2023-12-21 00:00:00	0.6000000000000001	0.74	0.66	0.74	0.78	
2023-12-21 00:00:00	0.7000000000000001	0.74	0.66	0.74	0.86	
2023-12-21 00:00:00	0.8	0.84	0.8	0.8	0.86	
2023-12-21 00:00:00	0.9	0.9	0.9	0.96	0.94	
2023-12-21 00:00:00	1.0	1.0	1.0	1.0	1.0	
2023-12-28 00:00:00	0.0	0.08	0.12	0.1	0.12	
2023-12-28 00:00:00	0.1	0.08	0.24	0.16	0.14	
2023-12-28 00:00:00	0.2	0.34	0.24	0.16	0.24	
2023-12-28 00:00:00	0.30000000000000004	0.34	0.52	0.52	0.24	
2023-12-28 00:00:00	0.4	0.48	0.52	0.52	0.24	
2023-12-28 00:00:00	0.5	0.48	0.72	0.74	0.44	
2023-12-28 00:00:00	0.6000000000000001	0.66	0.72	0.78	0.58	
2023-12-28 00:00:00	0.7000000000000001	0.66	0.74	0.86	0.58	
2023-12-28 00:00:00	0.8	0.8	0.8	0.92	0.74	
2023-12-28 00:00:00	0.9	0.9	0.9	0.96	0.9	
2023-12-28 00:00:00	1.0	1.0	1.0	1.0	1.0	
2024-01-04 00:00:00	0.0	0.12	0.06	0.12	0.08	
2024-01-04 00:00:00	0.1	0.24	0.16	0.12	0.08	
2024-01-04 00:00:00	0.2	0.24	0.34	0.24	0.26	
2024-01-04 00:00:00	0.30000000000000004	0.52	0.52	0.24	0.3	
2024-01-04 00:00:00	0.4	0.52	0.52	0.42	0.44	
2024-01-04 00:00:00	0.5	0.72	0.74	0.42	0.46	
2024-01-04 00:00:00	0.6000000000000001	0.72	0.74	0.58	0.54	
2024-01-04 00:00:00	0.7000000000000001	0.74	0.86	0.58	0.56	
2024-01-04 00:00:00	0.8	0.88	0.92	0.74	0.74	
2024-01-04 00:00:00	0.9	0.9	0.96	0.9	0.84	
2024-01-04 00:00:00	1.0	1.0	1.0	1.0	1.0	
2024-01-11 00:00:00	0.0	0.06	0.12	0.08	0.16	
2024-01-11 00:00:00	0.1	0.16	0.12	0.08	0.16	
2024-01-11 00:00:00	0.2	0.34	0.24	0.26	0.2	
2024-01-11 00:00:00	0.30000000000000004	0.52	0.24	0.3	0.24	
2024-01-11 00:00:00	0.4	0.52	0.42	0.44	0.24	
2024-01-11 00:00:00	0.5	0.74	0.42	0.46	0.38	
2024-01-11 00:00:00	0.6000000000000001	0.74	0.58	0.54	0.54	
2024-01-11 00:00:00	0.7000000000000001	0.86	0.58	0.56	0.54	
2024-01-11 00:00:00	0.8	0.92	0.74	0.74	0.7	
2024-01-11 00:00:00	0.9	0.96	0.9	0.84	0.88	
2024-01-11 00:00:00	1.0	1.0	1.0	1.0	1.0	
2024-01-18 00:00:00	0.0	0.12	0.08	0.16	0.02	
2024-01-18 00:00:00	0.1	0.22	0.26	0.16	0.06	
2024-01-18 00:00:00	0.2	0.24	0.26	0.2	0.1	
2024-01-18 00:00:00	0.30000000000000004	0.42	0.26	0.2	0.18	
2024-01-18 00:00:00	0.4	0.42	0.44	0.32	0.24	
2024-01-18 00:00:00	0.5	0.56	0.44	0.32	0.48	
2024-01-18 00:00:00	0.6000000000000001	0.58	0.54	0.54	0.5	
2024-01-18 00:00:00	0.7000000000000001	0.7	0.72	0.54	0.64	
2024-01-18 00:00:00	0.8	0.7	0.74	0.7	0.64	
2024-01-18 00:00:00	0.9	0.96	0.84	0.88	0.8	
2024-01-18 00:00:00	1.0	1.0	1.0	1.0	1.0	
2024-01-25 00:00:00	0.0	0.18	0.04	0.04	0.06	
2024-01-25 00:00:00	0.1	0.18	0.12	0.12	0.16	
2024-01-25 00:00:00	0.2	0.4	0.28	0.14	0.16	
2024-01-25 00:00:00	0.30000000000000004	0.4	0.28	0.14	0.34	
2024-01-25 00:00:00	0.4	0.48	0.44	0.42	0.34	
2024-01-25 00:00:00	0.5	0.48	0.44	0.42	0.34	
2024-01-25 00:00:00	0.6000000000000001	0.68	0.64	0.62	0.46	
2024-01-25 00:00:00	0.7000000000000001	0.7	0.7	0.62	0.46	
2024-01-25 00:00:00	0.8	0.82	0.88	0.8	0.58	
2024-01-25 00:00:00	0.9	0.88	0.9	0.86	0.72	
2024-01-25 00:00:00	1.0	1.0	1.0	1.0	1.0	
2024-02-01 00:00:00	0.0	0.08	0.24	0.18	0.06	
2024-02-01 00:00:00	0.1	0.24	0.32	0.28	0.18	
2024-02-01 00:00:00	0.2	0.24	0.46	0.28	0.2	
2024-02-01 00:00:00	0.30000000000000004	0.28	0.46	0.44	0.2	
2024-02-01 00:00:00	0.4	0.44	0.5	0.44	0.34	
2024-02-01 00:00:00	0.5	0.6	0.66	0.56	0.34	
2024-02-01 00:00:00	0.6000000000000001	0.78	0.68	0.56	0.48	
2024-02-01 00:00:00	0.7000000000000001	0.78	0.78	0.7	0.48	
2024-02-01 00:00:00	0.8	0.84	0.78	0.72	0.74	
2024-02-01 00:00:00	0.9	0.98	0.92	0.82	0.82	
2024-02-01 00:00:00	1.0	1.0	1.0	1.0	1.0	
2024-02-08 00:00:00	0.0	0.24	0.18	0.06	0.1	
2024-02-08 00:00:00	0.1	0.24	0.18	0.18	0.22	
2024-02-08 00:00:00	0.2	0.46	0.38	0.18	0.28	
2024-02-08 00:00:00	0.30000000000000004	0.46	0.38	0.32	0.28	
2024-02-08 00:00:00	0.4	0.66	0.44	0.32	0.4	
2024-02-08 00:00:00	0.5	0.66	0.56	0.34	0.46	
2024-02-08 00:00:00	0.6000000000000001	0.74	0.56	0.48	0.58	
2024-02-08 00:00:00	0.7000000000000001	0.74	0.7	0.48	0.58	
2024-02-08 00:00:00	0.8	0.84	0.8	0.74	0.72	
2024-02-08 00:00:00	0.9	0.98	0.82	0.82	0.8	
2024-02-08 00:00:00	1.0	1.0	1.0	1.0	1.0	
2024-02-15 00:00:00	0.0	0.18	0.12	0.12	0.08	
2024-02-15 00:00:00	0.1	0.28	0.12	0.22	0.18	
2024-02-15 00:00:00	0.2	0.28	0.3	0.22	0.18	
2024-02-15 00:00:00	0.30000000000000004	0.5	0.3	0.34	0.36	
2024-02-15 00:00:00	0.4	0.5	0.46	0.4	0.36	
2024-02-15 00:00:00	0.5	0.56	0.46	0.52	0.36	
2024-02-15 00:00:00	0.6000000000000001	0.7	0.48	0.58	0.56	
2024-02-15 00:00:00	0.7000000000000001	0.7	0.72	0.72	0.58	
2024-02-15 00:00:00	0.8	0.8	0.76	0.72	0.66	
2024-02-15 00:00:00	0.9	0.96	0.86	0.8	0.84	
2024-02-15 00:00:00	1.0	1.0	1.0	1.0	1.0	
2024-02-22 00:00:00	0.0	0.14	0.12	0.14	0.14	
2024-02-22 00:00:00	0.1	0.26	0.24	0.24	0.14	
2024-02-22 00:00:00	0.2	0.26	0.24	0.24	0.38	
2024-02-22 00:00:00	0.30000000000000004	0.5	0.38	0.44	0.38	
2024-02-22 00:00:00	0.4	0.62	0.5	0.52	0.4	
2024-02-22 00:00:00	0.5	0.66	0.5	0.6	0.56	
2024-02-22 00:00:00	0.6000000000000001	0.72	0.68	0.64	0.6	
2024-02-22 00:00:00	0.7000000000000001	0.72	0.68	0.82	0.68	
2024-02-22 00:00:00	0.8	0.82	0.84	0.82	0.76	
2024-02-22 00:00:00	0.9	0.92	0.98	0.98	0.76	
2024-02-22 00:00:00	1.0	1.0	1.0	1.0	1.0	
2024-02-29 00:00:00	0.0	0.12	0.2	0.14	0.06	
2024-02-29 00:00:00	0.1	0.26	0.34	0.28	0.18	
2024-02-29 00:00:00	0.2	0.26	0.34	0.28	0.18	
2024-02-29 00:00:00	0.30000000000000004	0.38	0.42	0.44	0.24	
2024-02-29 00:00:00	0.4	0.46	0.52	0.54	0.48	
2024-02-29 00:00:00	0.5	0.58	0.52	0.62	0.48	
2024-02-29 00:00:00	0.6000000000000001	0.58	0.78	0.64	0.62	
2024-02-29 00:00:00	0.7000000000000001	0.78	0.78	0.72	0.64	
2024-02-29 00:00:00	0.8	0.78	0.96	0.76	0.8	
2024-02-29 00:00:00	0.9	0.92	0.98	0.9	0.9	
2024-02-29 00:00:00	1.0	1.0	1.0	1.0	1.0	
2024-03-07 00:00:00	0.0	0.2	0.14	0.12	0.18	
2024-03-07 00:00:00	0.1	0.34	0.14	0.18	0.3	
2024-03-07 00:00:00	0.2	0.34	0.44	0.18	0.3	
2024-03-07 00:00:00	0.30000000000000004	0.42	0.44	0.42	0.38	
2024-03-07 00:00:00	0.4	0.52	0.54	0.48	0.48	
2024-03-07 00:00:00	0.5	0.7	0.62	0.62	0.54	
2024-03-07 00:00:00	0.6000000000000001	0.78	0.64	0.62	0.7	
2024-03-07 00:00:00	0.7000000000000001	0.78	0.72	0.74	0.74	
2024-03-07 00:00:00	0.8	0.96	0.76	0.76	0.82	
2024-03-07 00:00:00	0.9	0.98	0.9	0.9	0.82	
2024-03-07 00:00:00	1.0	1.0	1.0	1.0	1.0	
2024-03-14 00:00:00	0.0	0.16	0.12	0.12	0.06	
2024-03-14 00:00:00	0.1	0.3	0.36	0.12	0.24	
2024-03-14 00:00:00	0.2	0.3	0.36	0.4	0.24	
2024-03-14 00:00:00	0.30000000000000004	0.38	0.42	0.4	0.38	
2024-03-14 00:00:00	0.4	0.52	0.56	0.48	0.54	
2024-03-14 00:00:00	0.5	0.52	0.62	0.64	0.54	
2024-03-14 00:00:00	0.6000000000000001	0.7	0.62	0.7	0.7	
2024-03-14 00:00:00	0.7000000000000001	0.7	0.74	0.7	0.8	
2024-03-14 00:00:00	0.8	0.86	0.86	0.8	0.96	
2024-03-14 00:00:00	0.9	0.98	0.9	0.96	0.98	
2024-03-14 00:00:00	1.0	1.0	1.0	1.0	1.0	
2024-03-21 00:00:00	0.0	0.24	0.1	0.06	0.14	
2024-03-21 00:00:00	0.1	0.36	0.22	0.2	0.14	
2024-03-21 00:00:00	0.2	0.36	0.22	0.2	0.36	
2024-03-21 00:00:00	0.30000000000000004	0.5	0.38	0.38	0.36	
2024-03-21 00:00:00	0.4	0.56	0.56	0.38	0.36	
2024-03-21 00:00:00	0.5	0.56	0.56	0.54	0.5	
2024-03-21 00:00:00	0.6000000000000001	0.74	0.7	0.7	0.6	
2024-03-21 00:00:00	0.7000000000000001	0.74	0.7	0.82	0.76	
2024-03-21 00:00:00	0.8	0.84	0.9	0.92	0.88	
2024-03-21 00:00:00	0.9	0.94	0.94	0.96	0.94	
2024-03-21 00:00:00	1.0	1.0	1.0	1.0	1.0	
2024-03-28 00:00:00	0.0	0.1	0.14	0.14	0.16	
2024-03-28 00:00:00	0.1	0.1	0.14	0.14	0.26	
2024-03-28 00:00:00	0.2	0.38	0.2	0.36	0.26	
2024-03-28 00:00:00	0.30000000000000004	0.38	0.36	0.36	0.34	
2024-03-28 00:00:00	0.4	0.38	0.36	0.36	0.48	
2024-03-28 00:00:00	0.5	0.62	0.54	0.6	0.62	
2024-03-28 00:00:00	0.6000000000000001	0.62	0.66	0.6	0.74	
2024-03-28 00:00:00	0.7000000000000001	0.7	0.82	0.76	0.82	
2024-03-28 00:00:00	0.8	0.84	0.82	0.84	0.88	
2024-03-28 00:00:00	0.9	0.98	0.92	0.9	0.92	
2024-03-28 00:00:00	1.0	1.0	1.0	1.0	1.0	
2024-04-04 00:00:00	0.0	0.06	0.12	0.08	0.2	
2024-04-04 00:00:00	0.1	0.06	0.26	0.24	0.28	
2024-04-04 00:00:00	0.2	0.38	0.26	0.24	0.42	
2024-04-04 00:00:00	0.30000000000000004	0.38	0.4	0.48	0.42	
2024-04-04 00:00:00	0.4	0.38	0.5	0.48	0.54	
2024-04-04 00:00:00	0.5	0.7	0.66	0.56	0.64	
2024-04-04 00:00:00	0.6000000000000001	0.7	0.66	0.7	0.66	
2024-04-04 00:00:00	0.7000000000000001	0.8	0.8	0.72	0.96	
2024-04-04 00:00:00	0.8	0.92	0.8	0.86	0.98	
2024-04-04 00:00:00	0.9	0.96	0.94	0.94	0.98	
2024-04-04 00:00:00	1.0	1.0	1.0	1.0	1.0	
2024-04-11 00:00:00	0.0	0.14	0.1	0.14	0.08	
2024-04-11 00:00:00	0.1	0.14	0.1	0.24	0.08	
2024-04-11 00:00:00	0.2	0.36	0.4	0.44	0.34	
2024-04-11 00:00:00	0.30000000000000004	0.36	0.4	0.44	0.34	
2024-04-11 00:00:00	0.4	0.36	0.48	0.64	0.6	
2024-04-11 00:00:00	0.5	0.6	0.6	0.72	0.6	
2024-04-11 00:00:00	0.6000000000000001	0.6	0.74	0.74	0.76	
2024-04-11 00:00:00	0.7000000000000001	0.76	0.74	0.86	0.76	
2024-04-11 00:00:00	0.8	0.84	0.88	0.88	0.9	
2024-04-11 00:00:00	0.9	0.9	0.9	1.0	0.94	
2024-04-11 00:00:00	1.0	1.0	1.0	1.0	1.0	
2024-04-18 00:00:00	0.0	0.1	0.1	0.08	0.04	
2024-04-18 00:00:00	0.1	0.26	0.24	0.2	0.16	
2024-04-18 00:00:00	0.2	0.26	0.24	0.2	0.26	
2024-04-18 00:00:00	0.30000000000000004	0.4	0.64	0.5	0.26	
2024-04-18 00:00:00	0.4	0.48	0.64	0.5	0.5	
2024-04-18 00:00:00	0.5	0.6	0.66	0.6	0.5	
2024-04-18 00:00:00	0.6000000000000001	0.74	0.74	0.66	0.6	
2024-04-18 00:00:00	0.7000000000000001	0.74	0.86	0.76	0.6	
2024-04-18 00:00:00	0.8	0.88	0.86	0.9	0.7	
2024-04-18 00:00:00	0.9	0.9	1.0	0.94	0.84	
2024-04-18 00:00:00	1.0	1.0	1.0	1.0	1.0	
2024-04-25 00:00:00	0.0	0.14	0.08	0.04	0.12	
2024-04-25 00:00:00	0.1	0.24	0.2	0.04	0.3	
2024-04-25 00:00:00	0.2	0.24	0.2	0.26	0.42	
2024-04-25 00:00:00	0.30000000000000004	0.64	0.5	0.26	0.54	
2024-04-25 00:00:00	0.4	0.64	0.5	0.5	0.58	
2024-04-25 00:00:00	0.5	0.72	0.6	0.5	0.7	
2024-04-25 00:00:00	0.6000000000000001	0.74	0.66	0.6	0.72	
2024-04-25 00:00:00	0.7000000000000001	0.86	0.76	0.7	0.8	
2024-04-25 00:00:00	0.8	0.88	0.9	0.8	0.9	
2024-04-25 00:00:00	0.9	1.0	0.94	0.84	0.94	
2024-04-25 00:00:00	1.0	1.0	1.0	1.0	1.0	
2024-05-02 00:00:00	0.0	0.08	0.04	0.12	0.14	
2024-05-02 00:00:00	0.1	0.2	0.04	0.3	0.24	
2024-05-02 00:00:00	0.2	0.34	0.26	0.3	0.32	
2024-05-02 00:00:00	0.30000000000000004	0.34	0.26	0.54	0.48	
2024-05-02 00:00:00	0.4	0.5	0.5	0.54	0.56	
2024-05-02 00:00:00	0.5	0.6	0.5	0.7	0.62	
2024-05-02 00:00:00	0.6000000000000001	0.66	0.6	0.78	0.7	
2024-05-02 00:00:00	0.7000000000000001	0.76	0.7	0.8	0.76	
2024-05-02 00:00:00	0.8	0.9	0.8	0.9	0.86	
2024-05-02 00:00:00	0.9	0.94	0.84	0.94	0.92	
2024-05-02 00:00:00	1.0	1.0	1.0	1.0	1.0	
2024-05-09 00:00:00	0.0	0.04	0.18	0.14	0.14	
2024-05-09 00:00:00	0.1	0.14	0.3	0.24	0.24	
2024-05-09 00:00:00	0.2	0.26	0.42	0.32	0.34	
2024-05-09 00:00:00	0.30000000000000004	0.42	0.54	0.48	0.38	
2024-05-09 00:00:00	0.4	0.42	0.66	0.56	0.38	
2024-05-09 00:00:00	0.5	0.56	0.7	0.62	0.5	
2024-05-09 00:00:00	0.6000000000000001	0.56	0.78	0.7	0.54	
2024-05-09 00:00:00	0.7000000000000001	0.7	0.88	0.76	0.68	
2024-05-09 00:00:00	0.8	0.8	0.9	0.86	0.76	
2024-05-09 00:00:00	0.9	0.84	0.94	0.92	0.8	
2024-05-09 00:00:00	1.0	1.0	1.0	1.0	1.0	
2024-05-16 00:00:00	0.0	0.12	0.14	0.14	0.02	
2024-05-16 00:00:00	0.1	0.3	0.24	0.24	0.02	
2024-05-16 00:00:00	0.2	0.42	0.24	0.34	0.22	
2024-05-16 00:00:00	0.30000000000000004	0.54	0.48	0.38	0.28	
2024-05-16 00:00:00	0.4	0.58	0.56	0.38	0.42	
2024-05-16 00:00:00	0.5	0.7	0.62	0.5	0.5	
2024-05-16 00:00:00	0.6000000000000001	0.72	0.7	0.62	0.5	
2024-05-16 00:00:00	0.7000000000000001	0.8	0.76	0.68	0.6	
2024-05-16 00:00:00	0.8	0.9	0.86	0.76	0.68	
2024-05-16 00:00:00	0.9	0.92	0.92	0.8	0.82	
2024-05-16 00:00:00	1.0	1.0	1.0	1.0	1.0	
2024-05-23 00:00:00	0.0	0.1	0.04	0.12	0.06	
2024-05-23 00:00:00	0.1	0.26	0.14	0.26	0.24	
2024-05-23 00:00:00	0.2	0.4	0.26	0.28	0.24	
2024-05-23 00:00:00	0.30000000000000004	0.4	0.4	0.34	0.38	
2024-05-23 00:00:00	0.4	0.54	0.48	0.42	0.38	
2024-05-23 00:00:00	0.5	0.54	0.58	0.52	0.52	
2024-05-23 00:00:00	0.6000000000000001	0.62	0.64	0.58	0.56	
2024-05-23 00:00:00	0.7000000000000001	0.76	0.64	0.66	0.74	
2024-05-23 00:00:00	0.8	0.82	0.7	0.8	0.86	
2024-05-23 00:00:00	0.9	0.9	0.88	0.92	0.92	
2024-05-23 00:00:00	1.0	1.0	1.0	1.0	1.0	
2024-05-30 00:00:00	0.0	0.1	0.02	0.06	0.12	
2024-05-30 00:00:00	0.1	0.24	0.14	0.06	0.22	
2024-05-30 00:00:00	0.2	0.28	0.22	0.34	0.32	
2024-05-30 00:00:00	0.30000000000000004	0.38	0.36	0.34	0.38	
2024-05-30 00:00:00	0.4	0.5	0.42	0.46	0.4	
2024-05-30 00:00:00	0.5	0.5	0.48	0.5	0.56	
2024-05-30 00:00:00	0.6000000000000001	0.58	0.5	0.56	0.66	
2024-05-30 00:00:00	0.7000000000000001	0.68	0.6	0.74	0.68	
2024-05-30 00:00:00	0.8	0.74	0.68	0.86	0.8	
2024-05-30 00:00:00	0.9	0.9	0.82	0.92	0.88	
2024-05-30 00:00:00	1.0	1.0	1.0	1.0	1.0	
2024-06-06 00:00:00	0.0	0.12	0.18	0.06	0.04	
2024-06-06 00:00:00	0.1	0.26	0.22	0.16	0.14	
2024-06-06 00:00:00	0.2	0.28	0.28	0.32	0.22	
2024-06-06 00:00:00	0.30000000000000004	0.34	0.34	0.32	0.36	
2024-06-06 00:00:00	0.4	0.42	0.44	0.54	0.46	
2024-06-06 00:00:00	0.5	0.52	0.58	0.64	0.56	
2024-06-06 00:00:00	0.6000000000000001	0.58	0.66	0.76	0.72	
2024-06-06 00:00:00	0.7000000000000001	0.66	0.82	0.86	0.84	
2024-06-06 00:00:00	0.8	0.8	0.92	0.86	0.86	
2024-06-06 00:00:00	0.9	0.92	0.94	0.96	0.9	
2024-06-06 00:00:00	1.0	1.0	1.0	1.0	1.0	
2024-06-13 00:00:00	0.0	0.04	0.06	0.04	0.06	
2024-06-13 00:00:00	0.1	0.22	0.22	0.14	0.2	
2024-06-13 00:00:00	0.2	0.22	0.32	0.22	0.2	
2024-06-13 00:00:00	0.30000000000000004	0.34	0.42	0.36	0.32	
2024-06-13 00:00:00	0.4	0.34	0.54	0.46	0.32	
2024-06-13 00:00:00	0.5	0.58	0.66	0.56	0.5	
2024-06-13 00:00:00	0.6000000000000001	0.66	0.76	0.72	0.5	
2024-06-13 00:00:00	0.7000000000000001	0.78	0.86	0.84	0.68	
2024-06-13 00:00:00	0.8	0.88	0.94	0.86	0.82	
2024-06-13 00:00:00	0.9	0.94	1.0	0.9	0.86	
2024-06-13 00:00:00	1.0	1.0	1.0	1.0	1.0	
2024-06-20 00:00:00	0.0	0.1	0.1	0.06	0.1	
2024-06-20 00:00:00	0.1	0.22	0.1	0.06	0.12	
2024-06-20 00:00:00	0.2	0.22	0.3	0.16	0.12	
2024-06-20 00:00:00	0.30000000000000004	0.46	0.3	0.16	0.26	
2024-06-20 00:00:00	0.4	0.46	0.4	0.26	0.26	
2024-06-20 00:00:00	0.5	0.6	0.4	0.26	0.42	
2024-06-20 00:00:00	0.6000000000000001	0.6	0.46	0.4	0.42	
2024-06-20 00:00:00	0.7000000000000001	0.74	0.46	0.5	0.54	
2024-06-20 00:00:00	0.8	0.86	0.58	0.52	0.66	
2024-06-20 00:00:00	0.9	0.96	0.84	0.76	0.72	
2024-06-20 00:00:00	1.0	1.0	1.0	1.0	1.0	
2024-06-27 00:00:00	0.0	0.14	0.04	0.1	0.08	
2024-06-27 00:00:00	0.1	0.24	0.1	0.22	0.16	
2024-06-27 00:00:00	0.2	0.34	0.16	0.24	0.16	
2024-06-27 00:00:00	0.30000000000000004	0.34	0.16	0.24	0.24	
2024-06-27 00:00:00	0.4	0.44	0.36	0.42	0.24	
2024-06-27 00:00:00	0.5	0.44	0.36	0.54	0.32	
2024-06-27 00:00:00	0.6000000000000001	0.52	0.48	0.54	0.32	
2024-06-27 00:00:00	0.7000000000000001	0.52	0.48	0.66	0.46	
2024-06-27 00:00:00	0.8	0.64	0.62	0.72	0.52	
2024-06-27 00:00:00	0.9	0.9	0.86	0.76	0.76	
2024-06-27 00:00:00	1.0	1.0	1.0	1.0	1.0	
2024-07-04 00:00:00	0.0	0.14	0.16	0.04	0.1	
2024-07-04 00:00:00	0.1	0.2	0.28	0.12	0.12	
2024-07-04 00:00:00	0.2	0.28	0.28	0.2	0.12	
2024-07-04 00:00:00	0.30000000000000004	0.32	0.52	0.34	0.12	
2024-07-04 00:00:00	0.4	0.44	0.52	0.42	0.26	
2024-07-04 00:00:00	0.5	0.44	0.68	0.48	0.26	
2024-07-04 00:00:00	0.6000000000000001	0.62	0.74	0.52	0.36	
2024-07-04 00:00:00	0.7000000000000001	0.78	0.74	0.7	0.46	
2024-07-04 00:00:00	0.8	0.78	0.78	0.76	0.6	
2024-07-04 00:00:00	0.9	0.86	0.82	0.86	0.72	
2024-07-04 00:00:00	1.0	1.0	1.0	1.0	1.0	
2024-07-11 00:00:00	0.0	0.16	0.08	0.0	0.04	
2024-07-11 00:00:00	0.1	0.28	0.08	0.02	0.04	
2024-07-11 00:00:00	0.2	0.4	0.2	0.12	0.04	
2024-07-11 00:00:00	0.30000000000000004	0.5	0.2	0.12	0.04	
2024-07-11 00:00:00	0.4	0.62	0.32	0.16	0.12	
2024-07-11 00:00:00	0.5	0.64	0.32	0.16	0.12	
2024-07-11 00:00:00	0.6000000000000001	0.7	0.46	0.28	0.22	
2024-07-11 00:00:00	0.7000000000000001	0.72	0.52	0.36	0.22	
2024-07-11 00:00:00	0.8	0.76	0.7	0.38	0.3	
2024-07-11 00:00:00	0.9	0.8	0.76	0.62	0.4	
2024-07-11 00:00:00	1.0	1.0	1.0	1.0	1.0	
2024-07-18 00:00:00	0.0	0.08	0.0	0.04	0.02	
2024-07-18 00:00:00	0.1	0.12	0.02	0.04	0.02	
2024-07-18 00:00:00	0.2	0.2	0.12	0.04	0.02	
2024-07-18 00:00:00	0.30000000000000004	0.28	0.12	0.04	0.12	
2024-07-18 00:00:00	0.4	0.28	0.16	0.12	0.12	
2024-07-18 00:00:00	0.5	0.46	0.16	0.12	0.18	
2024-07-18 00:00:00	0.6000000000000001	0.46	0.28	0.22	0.2	
2024-07-18 00:00:00	0.7000000000000001	0.52	0.36	0.22	0.22	
2024-07-18 00:00:00	0.8	0.7	0.38	0.3	0.28	
2024-07-18 00:00:00	0.9	0.8	0.62	0.36	0.42	
2024-07-18 00:00:00	1.0	1.0	1.0	1.0	1.0	
2024-07-25 00:00:00	0.0	0.02	0.06	0.06	0.06	
2024-07-25 00:00:00	0.1	0.14	0.14	0.06	0.06	
2024-07-25 00:00:00	0.2	0.24	0.14	0.18	0.14	
2024-07-25 00:00:00	0.30000000000000004	0.32	0.22	0.18	0.14	
2024-07-25 00:00:00	0.4	0.32	0.22	0.26	0.18	
2024-07-25 00:00:00	0.5	0.42	0.32	0.26	0.18	
2024-07-25 00:00:00	0.6000000000000001	0.44	0.36	0.4	0.32	
2024-07-25 00:00:00	0.7000000000000001	0.58	0.36	0.54	0.42	
2024-07-25 00:00:00	0.8	0.7	0.54	0.62	0.56	
2024-07-25 00:00:00	0.9	0.8	0.7	0.7	0.58	
2024-07-25 00:00:00	1.0	1.0	1.0	1.0	1.0	
2024-08-01 00:00:00	0.0	0.06	0.14	0.1	0.06	
2024-08-01 00:00:00	0.1	0.1	0.28	0.2	0.18	
2024-08-01 00:00:00	0.2	0.18	0.34	0.24	0.26	
2024-08-01 00:00:00	0.30000000000000004	0.34	0.42	0.38	0.32	
2024-08-01 00:00:00	0.4	0.44	0.44	0.44	0.38	
2024-08-01 00:00:00	0.5	0.44	0.5	0.44	0.42	
2024-08-01 00:00:00	0.6000000000000001	0.62	0.58	0.62	0.52	
2024-08-01 00:00:00	0.7000000000000001	0.7	0.78	0.68	0.64	
2024-08-01 00:00:00	0.8	0.74	0.82	0.74	0.84	
2024-08-01 00:00:00	0.9	0.84	0.88	0.84	0.9	
2024-08-01 00:00:00	1.0	1.0	1.0	1.0	1.0	
2024-08-08 00:00:00	0.0	0.08	0.14	0.06	0.06	
2024-08-08 00:00:00	0.1	0.22	0.16	0.18	0.18	
2024-08-08 00:00:00	0.2	0.28	0.26	0.22	0.4	
2024-08-08 00:00:00	0.30000000000000004	0.44	0.48	0.28	0.4	
2024-08-08 00:00:00	0.4	0.44	0.48	0.3	0.56	
2024-08-08 00:00:00	0.5	0.6	0.58	0.44	0.6	
2024-08-08 00:00:00	0.6000000000000001	0.6	0.6	0.5	0.74	
2024-08-08 00:00:00	0.7000000000000001	0.66	0.64	0.64	0.78	
2024-08-08 00:00:00	0.8	0.76	0.8	0.78	0.88	
2024-08-08 00:00:00	0.9	0.92	0.88	0.92	0.92	
2024-08-08 00:00:00	1.0	1.0	1.0	1.0	1.0	
2024-08-15 00:00:00	0.0	0.02	0.04	0.06	0.06	
2024-08-15 00:00:00	0.1	0.14	0.1	0.18	0.14	
2024-08-15 00:00:00	0.2	0.28	0.12	0.3	0.22	
2024-08-15 00:00:00	0.30000000000000004	0.34	0.24	0.42	0.34	
2024-08-15 00:00:00	0.4	0.44	0.3	0.42	0.54	
2024-08-15 00:00:00	0.5	0.56	0.5	0.6	0.64	
2024-08-15 00:00:00	0.6000000000000001	0.62	0.64	0.64	0.7	
2024-08-15 00:00:00	0.7000000000000001	0.7	0.7	0.86	0.8	
2024-08-15 00:00:00	0.8	0.78	0.8	0.86	0.84	
2024-08-15 00:00:00	0.9	0.86	0.88	0.92	0.88	
2024-08-15 00:00:00	1.0	1.0	1.0	1.0	1.0	
2024-08-22 00:00:00	0.0	0.04	0.06	0.06	0.1	
2024-08-22 00:00:00	0.1	0.1	0.18	0.14	0.18	
2024-08-22 00:00:00	0.2	0.12	0.3	0.22	0.36	
2024-08-22 00:00:00	0.30000000000000004	0.3	0.42	0.34	0.36	
2024-08-22 00:00:00	0.4	0.3	0.42	0.54	0.5	
2024-08-22 00:00:00	0.5	0.5	0.6	0.64	0.54	
2024-08-22 00:00:00	0.6000000000000001	0.64	0.64	0.7	0.68	
2024-08-22 00:00:00	0.7000000000000001	0.64	0.86	0.8	0.76	
2024-08-22 00:00:00	0.8	0.72	0.86	0.84	0.82	
2024-08-22 00:00:00	0.9	0.88	0.92	0.96	0.86	
2024-08-22 00:00:00	1.0	1.0	1.0	1.0	1.0	
2024-08-29 00:00:00	0.0	0.06	0.06	0.08	0.12	
2024-08-29 00:00:00	0.1	0.18	0.14	0.2	0.26	
2024-08-29 00:00:00	0.2	0.3	0.36	0.3	0.44	
2024-08-29 00:00:00	0.30000000000000004	0.4	0.36	0.44	0.44	
2024-08-29 00:00:00	0.4	0.42	0.58	0.44	0.54	
2024-08-29 00:00:00	0.5	0.6	0.64	0.64	0.54	
2024-08-29 00:00:00	0.6000000000000001	0.78	0.72	0.72	0.62	
2024-08-29 00:00:00	0.7000000000000001	0.78	0.82	0.76	0.72	
2024-08-29 00:00:00	0.8	0.88	0.86	0.82	0.86	
2024-08-29 00:00:00	0.9	0.92	0.96	0.86	0.88	
2024-08-29 00:00:00	1.0	1.0	1.0	1.0	1.0	
2024-09-05 00:00:00	0.0	0.06	0.08	0.14	0.1	
2024-09-05 00:00:00	0.1	0.14	0.18	0.26	0.14	
2024-09-05 00:00:00	0.2	0.22	0.3	0.38	0.16	
2024-09-05 00:00:00	0.30000000000000004	0.34	0.44	0.44	0.28	
2024-09-05 00:00:00	0.4	0.54	0.44	0.54	0.34	
2024-09-05 00:00:00	0.5	0.64	0.64	0.56	0.38	
2024-09-05 00:00:00	0.6000000000000001	0.7	0.68	0.62	0.62	
2024-09-05 00:00:00	0.7000000000000001	0.8	0.76	0.72	0.64	
2024-09-05 00:00:00	0.8	0.84	0.82	0.86	0.78	
2024-09-05 00:00:00	0.9	0.88	0.9	0.88	0.92	
2024-09-05 00:00:00	1.0	1.0	1.0	1.0	1.0	
2024-09-12 00:00:00	0.0	0.1	0.14	0.1	0.06	
2024-09-12 00:00:00	0.1	0.18	0.26	0.14	0.2	
2024-09-12 00:00:00	0.2	0.24	0.38	0.16	0.2	
2024-09-12 00:00:00	0.30000000000000004	0.42	0.5	0.18	0.28	
2024-09-12 00:00:00	0.4	0.42	0.5	0.34	0.28	
2024-09-12 00:00:00	0.5	0.54	0.56	0.38	0.42	
2024-09-12 00:00:00	0.6000000000000001	0.72	0.64	0.44	0.54	
2024-09-12 00:00:00	0.7000000000000001	0.76	0.86	0.64	0.56	
2024-09-12 00:00:00	0.8	0.82	0.86	0.78	0.72	
2024-09-12 00:00:00	0.9	0.88	0.9	0.92	0.9	
2024-09-12 00:00:00	1.0	1.0	1.0	1.0	1.0	
2024-09-19 00:00:00	0.0	0.12	0.1	0.06	0.02	
2024-09-19 00:00:00	0.1	0.26	0.12	0.14	0.04	
2024-09-19 00:00:00	0.2	0.44	0.16	0.26	0.06	
2024-09-19 00:00:00	0.30000000000000004	0.44	0.28	0.26	0.06	
2024-09-19 00:00:00	0.4	0.54	0.28	0.42	0.14	
2024-09-19 00:00:00	0.5	0.56	0.38	0.42	0.24	
2024-09-19 00:00:00	0.6000000000000001	0.62	0.62	0.5	0.24	
2024-09-19 00:00:00	0.7000000000000001	0.72	0.76	0.7	0.36	
2024-09-19 00:00:00	0.8	0.86	0.86	0.82	0.42	
2024-09-19 00:00:00	0.9	0.88	0.92	0.9	0.64	
2024-09-19 00:00:00	1.0	1.0	1.0	1.0	1.0	
2024-09-26 00:00:00	0.0	0.02	0.06	0.02	0.02	
2024-09-26 00:00:00	0.1	0.12	0.14	0.04	0.02	
2024-09-26 00:00:00	0.2	0.22	0.28	0.12	0.1	
2024-09-26 00:00:00	0.30000000000000004	0.3	0.34	0.14	0.1	
2024-09-26 00:00:00	0.4	0.3	0.48	0.24	0.12	
2024-09-26 00:00:00	0.5	0.5	0.64	0.36	0.12	
2024-09-26 00:00:00	0.6000000000000001	0.68	0.66	0.36	0.12	
2024-09-26 00:00:00	0.7000000000000001	0.74	0.76	0.42	0.16	
2024-09-26 00:00:00	0.8	0.84	0.86	0.56	0.2	
2024-09-26 00:00:00	0.9	0.94	0.9	0.72	0.34	
2024-09-26 00:00:00	1.0	1.0	1.0	1.0	1.0	
2024-10-03 00:00:00	0.0	0.06	0.02	0.0	0.0	
2024-10-03 00:00:00	0.1	0.14	0.1	0.08	0.0	
2024-10-03 00:00:00	0.2	0.28	0.12	0.1	0.0	
2024-10-03 00:00:00	0.30000000000000004	0.42	0.22	0.12	0.02	
2024-10-03 00:00:00	0.4	0.42	0.36	0.12	0.02	
2024-10-03 00:00:00	0.5	0.64	0.36	0.12	0.02	
2024-10-03 00:00:00	0.6000000000000001	0.66	0.42	0.16	0.04	
2024-10-03 00:00:00	0.7000000000000001	0.76	0.56	0.16	0.04	
2024-10-03 00:00:00	0.8	0.86	0.64	0.2	0.08	
2024-10-03 00:00:00	0.9	0.9	0.72	0.46	0.22	
2024-10-03 00:00:00	1.0	1.0	1.0	1.0	1.0	
2024-10-10 00:00:00	0.0	0.08	0.08	0.0	0.02	
2024-10-10 00:00:00	0.1	0.1	0.08	0.02	0.02	
2024-10-10 00:00:00	0.2	0.2	0.1	0.02	0.04	
2024-10-10 00:00:00	0.30000000000000004	0.22	0.12	0.02	0.08	
2024-10-10 00:00:00	0.4	0.36	0.12	0.02	0.08	
2024-10-10 00:00:00	0.5	0.36	0.12	0.04	0.1	
2024-10-10 00:00:00	0.6000000000000001	0.42	0.16	0.08	0.12	
2024-10-10 00:00:00	0.7000000000000001	0.56	0.2	0.08	0.12	
2024-10-10 00:00:00	0.8	0.64	0.34	0.14	0.18	
2024-10-10 00:00:00	0.9	0.72	0.46	0.44	0.44	
2024-10-10 00:00:00	1.0	1.0	1.0	1.0	1.0	
2024-10-17 00:00:00	0.0	0.12	0.22	0.12	0.12	
2024-10-17 00:00:00	0.1	0.26	0.3	0.26	0.28	
2024-10-17 00:00:00	0.2	0.26	0.42	0.32	0.42	
2024-10-17 00:00:00	0.30000000000000004	0.34	0.48	0.32	0.54	
2024-10-17 00:00:00	0.4	0.34	0.48	0.6	0.54	
2024-10-17 00:00:00	0.5	0.52	0.6	0.6	0.6	
2024-10-17 00:00:00	0.6000000000000001	0.52	0.6	0.76	0.74	
2024-10-17 00:00:00	0.7000000000000001	0.68	0.76	0.8	0.84	
2024-10-17 00:00:00	0.8	0.78	0.84	0.86	0.88	
2024-10-17 00:00:00	0.9	0.9	0.94	0.94	0.96	
2024-10-17 00:00:00	1.0	1.0	1.0	1.0	1.0	
2024-10-24 00:00:00	0.0	0.22	0.14	0.16	0.16	
2024-10-24 00:00:00	0.1	0.34	0.4	0.28	0.2	
2024-10-24 00:00:00	0.2	0.34	0.52	0.28	0.32	
2024-10-24 00:00:00	0.30000000000000004	0.5	0.52	0.46	0.32	
2024-10-24 00:00:00	0.4	0.5	0.72	0.46	0.5	
2024-10-24 00:00:00	0.5	0.7	0.72	0.6	0.5	
2024-10-24 00:00:00	0.6000000000000001	0.7	0.8	0.7	0.64	
2024-10-24 00:00:00	0.7000000000000001	0.82	0.8	0.76	0.64	
2024-10-24 00:00:00	0.8	0.84	0.88	0.9	0.8	
2024-10-24 00:00:00	0.9	0.92	0.94	0.94	0.9	
2024-10-24 00:00:00	1.0	1.0	1.0	1.0	1.0	
2024-10-31 00:00:00	0.0	0.14	0.12	0.16	0.1	
2024-10-31 00:00:00	0.1	0.4	0.28	0.2	0.14	
2024-10-31 00:00:00	0.2	0.4	0.28	0.2	0.14	
2024-10-31 00:00:00	0.30000000000000004	0.66	0.46	0.32	0.4	
2024-10-31 00:00:00	0.4	0.66	0.46	0.36	0.4	
2024-10-31 00:00:00	0.5	0.72	0.56	0.5	0.62	
2024-10-31 00:00:00	0.6000000000000001	0.78	0.7	0.6	0.62	
2024-10-31 00:00:00	0.7000000000000001	0.8	0.82	0.64	0.74	
2024-10-31 00:00:00	0.8	0.88	0.9	0.8	0.88	
2024-10-31 00:00:00	0.9	0.94	0.94	0.9	0.94	
2024-10-31 00:00:00	1.0	1.0	1.0	1.0	1.0	
2024-11-07 00:00:00	0.0	0.06	0.04	0.1	0.06	
2024-11-07 00:00:00	0.1	0.18	0.08	0.2	0.16	
2024-11-07 00:00:00	0.2	0.18	0.08	0.26	0.16	
2024-11-07 00:00:00	0.30000000000000004	0.28	0.18	0.26	0.5	
2024-11-07 00:00:00	0.4	0.44	0.34	0.3	0.5	
2024-11-07 00:00:00	0.5	0.5	0.4	0.32	0.62	
2024-11-07 00:00:00	0.6000000000000001	0.62	0.52	0.48	0.62	
2024-11-07 00:00:00	0.7000000000000001	0.76	0.58	0.66	0.76	
2024-11-07 00:00:00	0.8	0.76	0.72	0.66	0.84	
2024-11-07 00:00:00	0.9	0.92	0.76	0.9	0.92	
2024-11-07 00:00:00	1.0	1.0	1.0	1.0	1.0	
2024-11-14 00:00:00	0.0	0.04	0.1	0.06	0.1	
2024-11-14 00:00:00	0.1	0.08	0.2	0.06	0.18	
2024-11-14 00:00:00	0.2	0.08	0.2	0.3	0.3	
2024-11-14 00:00:00	0.30000000000000004	0.34	0.3	0.3	0.42	
2024-11-14 00:00:00	0.4	0.34	0.3	0.6	0.42	
2024-11-14 00:00:00	0.5	0.46	0.46	0.6	0.64	
2024-11-14 00:00:00	0.6000000000000001	0.52	0.48	0.76	0.7	
2024-11-14 00:00:00	0.7000000000000001	0.66	0.64	0.84	0.78	
2024-11-14 00:00:00	0.8	0.76	0.76	0.84	0.82	
2024-11-14 00:00:00	0.9	0.86	0.9	0.96	0.92	
2024-11-14 00:00:00	1.0	1.0	1.0	1.0	1.0	
2024-11-21 00:00:00	0.0	0.1	0.1	0.12	0.08	
2024-11-21 00:00:00	0.1	0.1	0.3	0.2	0.2	
2024-11-21 00:00:00	0.2	0.26	0.36	0.32	0.2	
2024-11-21 00:00:00	0.30000000000000004	0.26	0.36	0.42	0.46	
2024-11-21 00:00:00	0.4	0.3	0.52	0.42	0.46	
2024-11-21 00:00:00	0.5	0.32	0.52	0.62	0.64	
2024-11-21 00:00:00	0.6000000000000001	0.48	0.62	0.62	0.64	
2024-11-21 00:00:00	0.7000000000000001	0.5	0.62	0.76	0.68	
2024-11-21 00:00:00	0.8	0.66	0.8	0.84	0.78	
2024-11-21 00:00:00	0.9	0.9	0.88	0.92	0.92	
2024-11-21 00:00:00	1.0	1.0	1.0	1.0	1.0	
2024-11-28 00:00:00	0.0	0.1	0.12	0.08	0.22	
2024-11-28 00:00:00	0.1	0.3	0.2	0.2	0.26	
2024-11-28 00:00:00	0.2	0.36	0.32	0.2	0.36	
2024-11-28 00:00:00	0.30000000000000004	0.36	0.42	0.46	0.5	
2024-11-28 00:00:00	0.4	0.38	0.42	0.46	0.5	
2024-11-28 00:00:00	0.5	0.52	0.5	0.5	0.66	
2024-11-28 00:00:00	0.6000000000000001	0.52	0.62	0.64	0.66	
2024-11-28 00:00:00	0.7000000000000001	0.62	0.76	0.68	0.84	
2024-11-28 00:00:00	0.8	0.8	0.84	0.78	0.86	
2024-11-28 00:00:00	0.9	0.88	0.92	0.92	0.96	
2024-11-28 00:00:00	1.0	1.0	1.0	1.0	1.0	
2024-12-05 00:00:00	0.0	0.12	0.12	0.22	0.1	
2024-12-05 00:00:00	0.1	0.24	0.26	0.32	0.2	
2024-12-05 00:00:00	0.2	0.24	0.34	0.36	0.36	
2024-12-05 00:00:00	0.30000000000000004	0.4	0.34	0.44	0.36	
2024-12-05 00:00:00	0.4	0.4	0.6	0.58	0.48	
2024-12-05 00:00:00	0.5	0.54	0.6	0.58	0.48	
2024-12-05 00:00:00	0.6000000000000001	0.54	0.68	0.78	0.64	
2024-12-05 00:00:00	0.7000000000000001	0.68	0.68	0.78	0.7	
2024-12-05 00:00:00	0.8	0.78	0.76	0.86	0.76	
2024-12-05 00:00:00	0.9	0.88	0.88	0.96	0.92	
2024-12-05 00:00:00	1.0	1.0	1.0	1.0	1.0	
2024-12-12 00:00:00	0.0	0.08	0.04	0.1	0.08	
2024-12-12 00:00:00	0.1	0.2	0.26	0.26	0.24	
2024-12-12 00:00:00	0.2	0.32	0.26	0.26	0.24	
2024-12-12 00:00:00	0.30000000000000004	0.46	0.5	0.4	0.46	
2024-12-12 00:00:00	0.4	0.46	0.5	0.4	0.46	
2024-12-12 00:00:00	0.5	0.5	0.66	0.52	0.7	
2024-12-12 00:00:00	0.6000000000000001	0.64	0.72	0.52	0.7	
2024-12-12 00:00:00	0.7000000000000001	0.68	0.84	0.7	0.84	
2024-12-12 00:00:00	0.8	0.78	0.86	0.82	0.84	
2024-12-12 00:00:00	0.9	0.94	0.98	0.92	0.94	
2024-12-12 00:00:00	1.0	1.0	1.0	1.0	1.0	
