station,day,max_temp_f,min_temp_f,precip_in,min_rh,avg_rh,max_rh
TJSJ,1/1/2000,82,75,0.05,64.8973,74.41134,87.5043
TJSJ,1/2/2000,82,72,0.03,60.4858,74.82827,93.4896
TJSJ,1/3/2000,81,71,0.47,74.148,84.69148,94.143
TJSJ,1/4/2000,81,73,0.27,74.0652,85.30648,94.143
TJSJ,1/5/2000,82,73,0.06,74.0652,83.28646,96.4172
TJSJ,1/6/2000,81,73,0.05,62.4018,79.19311,90.14
TJSJ,1/7/2000,81,71,0.02,64.2645,76.061775,87.4515
TJSJ,1/8/2000,81,73,0.02,66.5828,75.131035,88.507805
TJSJ,1/9/2000,81,74,0,58.255,68.30967,73.7806
TJSJ,1/10/2000,81,72,0.05,60.2337,72.02409,88.5078
TJSJ,1/11/2000,80,72,0.05,60.2337,72.100525,87.4073
TJSJ,1/12/2000,81,73,0,55.9133,64.477325,78.723
TJSJ,1/13/2000,79,71,0.2,69.5214,79.90513,94.057
TJSJ,1/14/2000,81,69,0.1,59.9939,76.549515,93.437
TJSJ,1/15/2000,79,70,0.25,57.9938,66.37637,93.437
TJSJ,1/16/2000,75,69,0.03,47.7467,59.996407,91.8624
TJSJ,1/17/2000,77,68,0.02,43.921,61.081238,88.3433
TJSJ,1/18/2000,77,66,0,55.9133,73.53224,89.8593
TJSJ,1/19/2000,77,66,0,53.7991,69.65517,84.3813
TJSJ,1/20/2000,78,64,0,55.7042,70.31104,89.778
TJSJ,1/21/2000,79,66,0,61.9123,75.43529,87.0542
TJSJ,1/22/2000,81,70,0,62.4018,79.314964,90.062
TJSJ,1/23/2000,80,72,0.06,66.4809,80.52018,94.057
TJSJ,1/24/2000,83,69,0.02,58.5141,79.48788,93.4658
TJSJ,1/25/2000,84,70,0.01,56.509,73.87147,93.518
TJSJ,1/26/2000,85,72,0,51.2489,70.95063,87.45151
TJSJ,1/27/2000,85,72,0,58.5141,76.353004,90.6553
TJSJ,1/28/2000,83,71,0.05,50.8367,74.79546,88.5078
TJSJ,1/29/2000,80,71,0.48,55.9745,77.2042,94.057
TJSJ,1/30/2000,81,71,0.01,54.3521,68.427956,87.3539
TJSJ,1/31/2000,82,72,0,58.1365,71.889206,87.4515
TJSJ,2/1/2000,83,71,0.06,60.7359,79.188156,93.4896
TJSJ,2/2/2000,84.2,71,0,58.654602,76.26437,90.062
TJSJ,2/3/2000,79,70,0.04,69.1109,81.544914,94.057
TJSJ,2/4/2000,82,71,0,64.7712,80.84533,90.6553
TJSJ,2/5/2000,85,72,0,59.135,77.05828,96.993
TJSJ,2/6/2000,85,71,0,51.1205,74.18254,90.062
TJSJ,2/7/2000,80,73,0.02,59.9939,79.88953,88.5078
TJSJ,2/8/2000,83,71,0.04,58.5141,81.434326,93.518
TJSJ,2/9/2000,84.9,72,0,52.753742,76.87442,93.4896
TJSJ,2/10/2000,85,70,0,50.9659,74.77896,93.437
TJSJ,2/11/2000,82.9,71,0,66.582794,78.03421,87.3539
TJSJ,2/12/2000,83,73,0,60.7359,74.9554,87.4515
TJSJ,2/13/2000,82,71,0.05,52.4748,75.73206,93.4658
TJSJ,2/14/2000,82,72,0.06,62.5339,75.774315,87.4073
TJSJ,2/15/2000,82,73,0.04,54.5016,73.488716,87.407265
TJSJ,2/16/2000,82,71,0.04,58.255,72.61883,87.3539
TJSJ,2/17/2000,82,69,0,56.2428,73.189766,87.2551
TJSJ,2/18/2000,82,71,0.02,60.2464,73.23811,87.3539
TJSJ,2/19/2000,80,72,0.02,62.1581,73.725914,84.1584
TJSJ,2/20/2000,81,72,0,58.255,72.78862,81.7121
TJSJ,2/21/2000,82,71,0.01,64.8973,76.76729,84.1584
TJSJ,2/22/2000,82,71,0.42,69.7103,86.39797,94.057
TJSJ,2/29/2000,73,72,0,,,
TJSJ,3/1/2000,81,68,0,45.4358,62.723186,83.9141
TJSJ,3/2/2000,79,67,0,46.934,60.832058,78.2462
TJSJ,3/3/2000,83,67,0,35.7112,60.182743,78.6606
TJSJ,3/4/2000,85,67,0,38.391,61.69199,76.1334
TJSJ,3/5/2000,83,69,0,58.1365,71.82957,86.7675
TJSJ,3/6/2000,81,70,0,58.255,70.837814,87.2551
TJSJ,3/7/2000,81,75,0,59.9939,65.77931,73.6791
TJSJ,3/8/2000,81,74,0,39.2206,54.99907,70.8797
TJSJ,3/9/2000,81,72,0.03,47.2297,59.276062,76.1334
TJSJ,3/10/2000,81,71,0,52.1938,62.232307,73.2155
TJSJ,3/11/2000,82,73,0,43.5648,63.930122,73.4916
TJSJ,3/12/2000,83,72,0,54.6256,68.51203,78.723
TJSJ,3/13/2000,82,71,0,50.681,68.68999,86.7675
TJSJ,3/14/2000,83,71,0,54.5016,68.2185,78.4937
TJSJ,3/15/2000,84,71,0.06,52.7537,70.813034,87.5043
TJSJ,3/16/2000,83,73,0,52.9345,69.654274,81.7121
TJSJ,3/17/2000,81,72,0.08,64.2645,74.335526,88.5078
TJSJ,3/18/2000,83,70,0,56.7175,73.428406,87.2551
TJSJ,3/19/2000,81,68,0,50.3941,63.630722,83.9141
TJSJ,3/20/2000,81,67,0,58.1365,68.97235,78.6606
TJSJ,3/21/2000,80,71,0.03,50.5508,70.917595,84.1584
TJSJ,3/22/2000,82,70,0.02,46.792,64.43374,88.3433
TJSJ,3/23/2000,80,70,0.03,55.7042,67.98505,87.2551
TJSJ,3/24/2000,81,70,0.04,52.6554,68.43709,87.2551
TJSJ,3/25/2000,82,71,0,48.9304,63.689888,75.5747
TJSJ,3/26/2000,81,69,0,56.4515,69.05671,83.9813
TJSJ,3/27/2000,83,70,0,52.9345,70.82944,84.1034
TJSJ,3/28/2000,83,71,0.33,58.5141,81.531876,96.4461
TJSJ,3/29/2000,86,73,0.16,57.1246,83.66302,96.4461
TJSJ,3/30/2000,87,73,0,56.9164,78.51732,90.14
TJSJ,3/31/2000,84,76,0,60.7359,66.11504,81.8483
TJSJ,4/1/2000,83,73,0,58.5141,73.76862,81.7121
TJSJ,4/2/2000,81,73,0,67.2191,75.28782,87.4073
TJSJ,4/3/2000,82,73,0.03,52.4748,67.327934,87.4073
TJSJ,4/4/2000,81,69,0.21,56.4515,74.29571,87.2551
TJSJ,4/5/2000,86,70,0,47.974,76.272095,90.0191
TJSJ,4/6/2000,82,72,0,69.4343,78.47338,87.3539
TJSJ,4/7/2000,84,75,0,65.1269,78.3757,88.5888
TJSJ,4/8/2000,84,73,0.04,58.6546,75.41736,90.7287
TJSJ,4/9/2000,86,75,0,51.4025,68.40727,84.3436
TJSJ,4/10/2000,86,73,0,57.1246,72.45132,84.2241
TJSJ,4/11/2000,84,75,0.01,58.6546,68.80016,81.8483
TJSJ,4/12/2000,85,73,0.07,58.6546,71.890915,88.5078
TJSJ,4/13/2000,85,75,0.02,56.9815,71.39534,81.7866
TJSJ,4/14/2000,84,72,0.17,54.7739,70.345764,94.057
TJSJ,4/15/2000,84,74,0.01,52.7537,67.30306,78.723
TJSJ,4/16/2000,81,70,0.43,59.9939,73.988625,90.6553
TJSJ,4/17/2000,83,72,0.02,52.4748,72.11279,87.5043
TJSJ,4/18/2000,87,73,0,49.6623,70.88337,90.14
TJSJ,4/19/2000,87,74,0,53.181,73.22845,87.5043
TJSJ,4/20/2000,86,73,0.03,54.7739,73.891365,87.5043
TJSJ,4/21/2000,86,74,0,57.1246,74.22485,87.4515
TJSJ,4/22/2000,89,73,0.02,48.1197,71.62825,87.4073
TJSJ,4/23/2000,87,74,0,55.0443,74.80579,87.5043
TJSJ,4/24/2000,88,75,0,51.6825,75.284195,87.5481
TJSJ,4/25/2000,86,77,0,61.1182,76.47989,84.5256
TJSJ,4/26/2000,86,75,0,58.9106,74.19914,84.9155
TJSJ,4/27/2000,88,75,0,46.4831,70.93781,84.9155
TJSJ,4/28/2000,88,74,0.01,49.6625,68.55433,87.5043
TJSJ,4/29/2000,84,74,0.13,56.509,77.6476,87.5043
TJSJ,4/30/2000,84,71,0,54.6256,73.177635,86.7675
TJSJ,5/1/2000,88,73,0,48.2631,69.08625,87.4073
TJSJ,5/2/2000,84,76,0,58.5141,62.837936,76.4766
TJSJ,5/3/2000,86,73,0.05,61.1182,79.174515,88.5078
TJSJ,5/4/2000,85,73,0.13,60.8714,79.47754,94.1002
TJSJ,5/5/2000,85,73,0.05,65.0019,77.77901,94.1002
TJSJ,5/6/2000,86,75,0,60.9838,72.31941,84.3436
TJSJ,5/7/2000,86,75,0,63.013,73.04466,83.3239
TJSJ,5/8/2000,86,74,0.07,57.1246,75.090126,88.5888
TJSJ,5/9/2000,88,75,0,53.0308,71.69555,84.3436
TJSJ,5/10/2000,89,76,0,55.4582,73.569916,84.9155
TJSJ,5/11/2000,83,72,3.28,69.5285,86.25435,100
TJSJ,5/12/2000,84,71,0,62.7745,78.04192,93.46576
TJSJ,5/13/2000,85,75,0,60.9838,74.776886,88.5888
TJSJ,5/14/2000,85,74,0,65.1269,74.91981,87.4515
TJSJ,5/15/2000,86,75,0,56.9815,74.12461,88.5888
TJSJ,5/16/2000,87,74,0,63.1423,74.95126,84.8003
TJSJ,5/17/2000,85,77,0.01,63.0313,75.80632,87.6003
TJSJ,5/18/2000,86,76,0,67.4378,80.34806,90.2933
TJSJ,5/19/2000,84,75,0,65.1269,76.531136,94.143
TJSJ,5/20/2000,84,75,0,62.7745,72.653854,83.3239
TJSJ,5/21/2000,84,76,0,62.0291,68.96277,81.8483
TJSJ,5/22/2000,85,74,0,56.9815,72.03911,82.0559
TJSJ,5/23/2000,87,76,0,58.9106,74.67532,90.8013
TJSJ,5/24/2000,88,77,0.15,63.2495,76.446014,84.6941
TJSJ,5/25/2000,83,76,0.15,69.5285,80.41258,90.8013
TJSJ,5/26/2000,88,75,0.08,59.1645,76.51006,94.143
TJSJ,5/27/2000,86,76,0.05,63.013,75.681046,90.8013
TJSJ,5/28/2000,87,75,0.52,57.1246,77.73554,94.143
TJSJ,5/29/2000,90,74,0.01,55.5791,78.51779,94.143
TJSJ,5/30/2000,87,73,0.01,65.0834,82.11389,100
TJSJ,5/31/2000,88,79,0,61.3631,74.49075,84.5785
TJSJ,6/10/2000,87,79,0,63.013,67.39035,82.0559
TJSJ,6/11/2000,88,77,0,56.9164,71.077065,83.4376
TJSJ,6/12/2000,83,73,1.03,69.5285,86.7376,100
TJSJ,6/13/2000,88,76,0.05,62.249,82.92163,93.5928
TJSJ,6/14/2000,87,76,0.01,63.1423,76.91054,90.8013
TJSJ,6/15/2000,87,76,0.05,59.0494,75.707596,90.8013
TJSJ,6/16/2000,82,75,0.43,79.0466,85.49352,94.1853
TJSJ,6/17/2000,85,77,0.05,72.1122,82.758354,93.6205
TJSJ,6/18/2000,87,77,0,65.0834,77.34762,87.6003
TJSJ,6/19/2000,86,77,0,65.2306,75.07086,87.6003
TJSJ,6/20/2000,87,77,0,59.0494,74.633286,84.5256
TJSJ,6/21/2000,88,77,0,61.3631,75.85514,87.6003
TJSJ,6/22/2000,88,78,0,57.3855,73.033806,82.0559
TJSJ,6/23/2000,87,78,0,60.88,72.49944,79.1989
TJSJ,6/24/2000,86,75,0.09,63.2692,73.60806,90.2171
TJSJ,6/25/2000,88,75,0.02,53.6358,74.491005,90.8013
TJSJ,6/26/2000,87,73,1.13,67.4817,83.30749,94.2272
TJSJ,6/27/2000,86,78,0.01,67.3637,78.88059,90.3345
TJSJ,6/28/2000,87,78,0,63.013,75.072624,84.5256
TJSJ,6/29/2000,87,78,0,63.1423,73.191216,83.5503
TJSJ,6/30/2000,87,78,0.01,60.88,73.20098,84.5256
TJSJ,7/1/2000,85,76,0.38,65.2306,77.960594,87.5481
TJSJ,7/2/2000,88,75,0.33,66.3535,84.798225,97.6323
TJSJ,7/3/2000,87,78,0.15,69.5389,82.3166,93.0885
TJSJ,7/4/2000,88,78,0.1,63.2495,79.549644,93.0885
TJSJ,7/5/2000,88,77,0,63.2495,76.65431,87.6003
TJSJ,7/6/2000,87,77,0,60.88,75.078865,84.5256
TJSJ,7/7/2000,88,77,0,60.88,74.67364,82.0559
TJSJ,7/8/2000,89,76,0.04,53.455,74.68717,90.8013
TJSJ,7/9/2000,89,78,0,61.1253,76.43168,87.6951
TJSJ,7/10/2000,87,78,0,63.013,73.029594,82.0559
TJSJ,7/11/2000,88,78,0,62.4672,74.43784,87.1241
TJSJ,7/12/2000,88,77,0.02,53.181,74.41529,87.6003
TJSJ,7/13/2000,89,77,0.46,61.1253,76.71459,94.2272
TJSJ,7/14/2000,91,78,0.01,53.727,75.593216,94.2272
TJSJ,7/15/2000,89,79,0,57.1775,75.59739,90.3687
TJSJ,7/16/2000,88,79,0,63.2495,74.657974,84.6417
TJSJ,7/17/2000,87,75,0.25,63.013,75.21827,94.143
TJSJ,7/18/2000,87,76,0.15,63.1423,76.695114,90.8013
TJSJ,7/19/2000,88,77,0.07,61.3631,76.6837,88.7482
TJSJ,7/20/2000,88,76,0.07,66.3535,78.782684,90.8013
TJSJ,7/21/2000,88,79,0,65.0834,74.518684,82.1885
TJSJ,7/22/2000,87,80,0,65.0834,74.533585,84.6417
TJSJ,7/23/2000,90,78,0.02,61.6059,77.25296,90.3345
TJSJ,7/24/2000,89,78,0,61.1253,74.9736,84.5785
TJSJ,7/25/2000,91,78,0,52.1115,73.09896,84.6417
TJSJ,7/26/2000,90,79,0.04,63.3777,74.68715,84.6941
TJSJ,7/27/2000,90,79,0,61.1253,74.170296,87.6951
TJSJ,7/28/2000,89,78,0.05,57.1775,71.52381,87.1241
TJSJ,7/29/2000,82,73,1.08,73.6111,86.42235,94.143
TJSJ,7/30/2000,87,75,0.06,69.5389,80.63227,93.5928
TJSJ,7/31/2000,88,77,0.06,63.1423,76.47579,87.6003
TJSJ,8/1/2000,87,75,0.6,63.1423,78.849365,94.143
TJSJ,8/2/2000,88,77,0.03,65.5802,78.27447,90.4094
TJSJ,8/3/2000,87,79,0.11,71.9753,82.23242,94.2687
TJSJ,8/4/2000,90,73,0.65,59.4165,80.83431,94.2687
TJSJ,8/5/2000,88,75,0.05,63.2495,77.77759,94.2272
TJSJ,8/6/2000,88,80,0.01,63.2495,73.36108,80.0404
TJSJ,8/7/2000,90,78,0.01,57.3855,74.05866,90.3345
TJSJ,8/8/2000,89,79,0,65.3099,77.94989,90.3687
TJSJ,8/9/2000,88,80,0,63.2495,76.702324,84.6941
TJSJ,8/10/2000,86,75,0.91,67.3637,78.8045,88.5888
TJSJ,8/11/2000,91,77,0,53.727,75.09119,90.2933
TJSJ,8/12/2000,91,79,0,55.3127,73.06015,84.6417
TJSJ,8/14/2000,87,77,0.07,56.9164,67.55412,76.569
TJSJ,8/15/2000,88,75,0.28,43.1824,73.04167,90.2933
TJSJ,8/16/2000,89,78,0.01,65.5802,75.57611,93.0885
TJSJ,8/17/2000,89,80,0,57.1775,68.41378,87.789
TJSJ,8/18/2000,89,79,0,61.1253,72.71305,84.5785
TJSJ,8/19/2000,82,81,0,,,
TJSJ,8/20/2000,91,81,0,57.4366,72.7019,87.789
TJSJ,8/21/2000,89,80,0.01,63.3777,75.18493,84.6417
TJSJ,8/22/2000,86,75,0.52,69.846,83.57338,100
TJSJ,8/23/2000,84,72,4.81,74.4271,86.652115,100
TJSJ,8/24/2000,86,77,0.11,69.846,82.27285,90.3345
TJSJ,8/25/2000,87,77,0.14,67.3637,79.25598,90.3345
TJSJ,8/26/2000,86,75,0.52,71.9753,85.71116,93.5695
TJSJ,8/27/2000,87.1,75,0.03,67.4817,82.68289,96.4461
TJSJ,8/28/2000,88,78,0.03,72.08,85.2412,93.6981
TJSJ,8/29/2000,89,78,0.08,67.3637,81.698105,96.5182
TJSJ,8/30/2000,87,78,0.06,67.4817,79.304245,90.3345
TJSJ,8/31/2000,88,77,0.16,65.0834,81.20728,93.6205
TJSJ,9/1/2000,88,77,0.04,65.5802,79.54769,90.3345
TJSJ,9/2/2000,87,77,0,60.88,79.21911,87.6003
TJSJ,9/3/2000,86,76,0.31,67.3637,81.283394,90.3687
TJSJ,9/4/2000,87,77,0,72.08,84.15277,93.6205
TJSJ,9/5/2000,88,77,0.03,69.5389,81.96601,93.6205
TJSJ,9/6/2000,88,77,0.09,65.5802,79.83978,93.6205
TJSJ,9/7/2000,86,78,0,67.3637,77.314644,90.3345
TJSJ,9/8/2000,86,77,0,63.2692,76.28981,84.6417
TJSJ,9/9/2000,91,78,0,53.727,74.395485,87.6951
TJSJ,9/10/2000,90,77,0.04,57.6443,79.437935,93.0885
TJSJ,9/11/2000,89,73,0.21,67.5795,81.42408,94.1002
TJSJ,9/12/2000,89,78,0,63.3777,76.36174,87.2222
TJSJ,9/13/2000,88,77,0,61.3631,75.94096,90.2933
TJSJ,9/14/2000,88,79,0.04,63.2495,76.4064,87.6951
TJSJ,9/15/2000,88,77,0.08,67.4817,80.07181,93.6205
TJSJ,9/16/2000,88,76,0.05,65.5802,79.7175,93.5928
TJSJ,9/17/2000,83,75,0.41,71.3899,86.16514,100
TJSJ,9/18/2000,88,75,0.13,61.3631,81.719666,93.5695
TJSJ,9/19/2000,85,76,0.72,69.7345,83.28947,94.1853
TJSJ,9/20/2000,86,75,0.29,69.846,82.79398,100
TJSJ,9/21/2000,86,76,0.09,71.9753,83.354614,93.5928
TJSJ,9/22/2000,87,76,0,65.0834,80.44252,93.5928
TJSJ,9/23/2000,87,77,0.03,69.5389,82.75561,90.3345
TJSJ,9/24/2000,88,76,0.03,69.5389,82.597855,93.6205
TJSJ,9/25/2000,85,78,0.01,74.4434,83.82608,90.3687
TJSJ,9/26/2000,89,79,0.01,70.1589,81.40319,90.3687
TJSJ,9/27/2000,81,75,0.22,79.1989,87.2416,93.5928
TJSJ,9/28/2000,82,77,0,73.9485,85.62858,93.0885
TJSJ,9/29/2000,91,76,0.05,55.4582,76.75119,90.8013
TJSJ,9/30/2000,89,78,0.02,56.9164,78.64556,90.3687
TJSJ,10/1/2000,85,77,0.17,67.6546,79.77023,90.2933
TJSJ,10/2/2000,88,77,0.16,63.2495,80.93766,90.3345
TJSJ,10/3/2000,90,75,0,57.1775,76.95619,93.5695
TJSJ,10/4/2000,87,76,0.02,53.181,73.90704,87.6003
TJSJ,10/5/2000,88,76,0,57.3855,75.164215,87.5481
TJSJ,10/6/2000,87,77,0,60.88,74.98818,84.5256
TJSJ,10/7/2000,88,77,0.02,63.2495,77.72308,90.3345
TJSJ,10/8/2000,86,75,0.75,65.3545,80.40929,94.143
TJSJ,10/9/2000,91,74,0,50.2292,74.131065,90.7287
TJSJ,10/10/2000,87,78,0,63.013,76.90124,84.5785
TJSJ,10/11/2000,88,77,0,59.1645,77.190704,90.2933
TJSJ,10/12/2000,89,77,0.17,59.3022,80.13551,90.3345
TJSJ,10/13/2000,90,76,0,55.5791,75.979996,90.8013
TJSJ,10/14/2000,91,76,0,55.5791,73.36585,90.8013
TJSJ,10/15/2000,87,77,0.69,65.2306,79.29975,90.3345
TJSJ,10/16/2000,87,77,0,59.0494,78.1785,90.2933
TJSJ,10/17/2000,87,75,0.04,58.9106,78.5724,90.2933
TJSJ,10/18/2000,86,75,0,57.1246,75.65757,90.2171
TJSJ,10/19/2000,84,75,0.1,65.1185,83.851166,93.6205
TJSJ,10/20/2000,88,75,0.01,59.1645,79.96805,96.4461
TJSJ,10/21/2000,86,77,0.24,65.3545,80.06577,93.0885
TJSJ,10/22/2000,86,75,0.51,69.846,86.360695,96.4461
TJSJ,10/23/2000,85,74,0.02,72.3041,82.56384,94.143
TJSJ,10/24/2000,85,75,0.57,69.7345,85.98824,100
TJSJ,10/25/2000,89,75,0,58.6546,79.32578,96.4461
TJSJ,10/26/2000,90,78,0,59.4165,76.71521,93.0885
TJSJ,10/27/2000,89,77,0,67.5795,82.15385,90.3345
TJSJ,10/28/2000,84,77,0.17,74.3291,84.220055,93.6205
TJSJ,10/29/2000,87,76,0,60.88,77.97254,90.8013
TJSJ,10/30/2000,85,77,0,67.6546,79.355156,90.2933
TJSJ,10/31/2000,86,76,0.05,65.3545,84.56713,90.8013
TJSJ,11/1/2000,85,75,0.38,69.5285,87.444046,94.143
TJSJ,11/2/2000,83,74,0.13,74.1149,86.550606,97.0174
TJSJ,11/3/2000,83,72,0.47,52.1938,69.51878,100
TJSJ,11/4/2000,83,73,0,55.9745,63.02452,76.3059
TJSJ,11/5/2000,84,72,0,56.509,70.199234,87.4073
TJSJ,11/6/2000,84,73,0,62.7745,73.19874,87.4073
TJSJ,11/7/2000,85,78,0,67.2191,72.28695,79.2676
TJSJ,11/8/2000,84,77,0,60.8714,68.33226,81.922
TJSJ,11/9/2000,83,73,0.05,60.7359,70.39798,90.2171
TJSJ,11/10/2000,83,77,0,56.2428,62.045746,71.1909
TJSJ,11/11/2000,83,72,0,58.3966,68.256615,81.5744
TJSJ,11/12/2000,80,74,0,66.7046,69.23825,84.8003
TJSJ,11/13/2000,84,73,0,62.7745,72.28324,87.4073
TJSJ,11/14/2000,85,74,0.05,67.146,78.00244,88.7482
TJSJ,11/15/2000,86,77,0.01,65.3545,81.13122,90.3345
TJSJ,11/16/2000,86,75,0.03,65.3545,79.61729,93.5928
TJSJ,11/17/2000,86,76,0.05,61.1182,76.06843,84.9155
TJSJ,11/18/2000,85,74,0.18,60.9838,78.13699,90.7287
TJSJ,11/19/2000,85,74,0.01,60.8714,74.86466,90.7287
TJSJ,11/20/2000,86,75,0.11,65.3545,80.37707,93.5695
TJSJ,11/21/2000,85,75,0.08,67.4378,82.26809,93.5928
TJSJ,11/22/2000,85,75,0.24,65.1269,79.62787,96.4461
TJSJ,11/23/2000,84,73,0.13,69.6411,85.32604,97.0174
TJSJ,11/24/2000,84,75,0.29,71.782,86.75952,94.1853
TJSJ,11/25/2000,84,74,0.06,67.146,84.38371,97.0174
TJSJ,11/26/2000,83,75,0.38,74.247,83.68639,90.8013
TJSJ,11/27/2000,84,74,0,66.7046,76.32763,87.4515
TJSJ,11/28/2000,83,75,0.01,74.3291,84.84847,90.3687
TJSJ,11/29/2000,85,76,0,62.7745,77.90922,90.8013
TJSJ,11/30/2000,84,75,0.24,74.4271,83.785065,94.1853
TJSJ,12/1/2000,85,76,0,65.2306,79.853264,90.8013
TJSJ,12/2/2000,86,76,0,58.9106,74.35843,87.6003
TJSJ,12/3/2000,87,74,0,49.5066,76.67611,93.5695
TJSJ,12/4/2000,87,73,0,47.8308,74.1908,90.7287
TJSJ,12/5/2000,87,72,0,49.6623,71.21587,90.6553
TJSJ,12/6/2000,87,73,0,47.8308,70.459625,90.14
TJSJ,12/7/2000,85,73,0,56.509,72.97759,87.4073
TJSJ,12/8/2000,83,73,0.02,58.5141,76.734955,93.518
TJSJ,12/9/2000,83,72,0,62.4018,74.759,90.6553
TJSJ,12/10/2000,81,74,0.21,71.0816,81.88611,94.143
TJSJ,12/11/2000,83,71,0.05,52.9345,76.0487,90.6553
TJSJ,12/12/2000,83,73,0.27,63.0313,79.6917,94.1002
TJSJ,12/13/2000,83,74,0.13,64.7712,78.64074,90.8013
TJSJ,12/14/2000,83,72,0.21,69.4343,80.80574,94.1002
TJSJ,12/15/2000,83,74,0.17,58.1365,75.06532,93.5415
TJSJ,12/16/2000,81,73,0.91,66.358,79.12373,100
TJSJ,12/17/2000,81,73,0.47,74.148,86.84067,94.1002
TJSJ,12/18/2000,82,71,0.32,69.2256,82.52608,96.993
TJSJ,12/19/2000,83,73,0.01,64.5403,78.92621,90.14
TJSJ,12/20/2000,83,71,0.02,60.4858,78.871704,93.4896
TJSJ,12/21/2000,82,74,0.01,64.8973,79.83827,87.5043
TJSJ,12/22/2000,84,73,0.15,62.7745,79.878044,94.143
TJSJ,12/23/2000,82,73,0,62.2913,78.7523,90.7287
TJSJ,12/24/2000,84,72,0.01,49.2195,77.613174,90.14
TJSJ,12/25/2000,84,71,0,56.509,76.91127,93.4658
TJSJ,12/26/2000,83,71,0,60.7359,79.145485,90.14
TJSJ,12/27/2000,85,72,0,54.6256,74.50211,90.7287
TJSJ,12/28/2000,85,71,0,51.2489,73.34801,90.062
TJSJ,12/29/2000,84,72,0,56.509,75.01981,90.6553
TJSJ,12/30/2000,86,72,0,57.1246,77.6594,93.518
TJSJ,12/31/2000,86,71,0,54.8971,78.264694,93.4896
TJSJ,1/1/2001,85,72,0,63.2692,80.03918,90.13999
TJSJ,1/2/2001,84,70,0,60.7359,77.59966,90.062
TJSJ,1/3/2001,82.9,71,0.6,66.92626,83.015335,96.99304
TJSJ,1/4/2001,84.9,71,0,54.625618,75.33325,93.46576
TJSJ,1/5/2001,87.1,71,0,53.208717,73.24829,87.407265
TJSJ,1/6/2001,84.9,71.1,0,54.77119,70.74482,84.1584
TJSJ,1/7/2001,82.9,68,0,62.401833,76.313324,88.259766
TJSJ,1/8/2001,84,71,0,62.533913,77.57623,87.35387
TJSJ,1/9/2001,87.8,72,0,44.62637,69.21633,87.407265
TJSJ,1/10/2001,86,71,0,41.14509,70.02419,87.35387
TJSJ,1/11/2001,82.9,69,0,56.24278,72.00933,89.9831
TJSJ,1/12/2001,84.2,71.1,0,54.77119,72.09252,84.1584
TJSJ,1/13/2001,84,69.1,0,44.2872,69.01988,87.255104
TJSJ,1/14/2001,84.2,66.9,0.19,58.654602,76.01148,94.057
TJSJ,1/15/2001,82.9,69.1,0,62.158096,76.9831,90.062
TJSJ,1/16/2001,79,71,0.45,71.1909,85.0911,94.057
TJSJ,1/17/2001,82.9,69,0.02,60.246395,76.18429,96.3879
TJSJ,1/18/2001,82.9,70,0.16,54.2272,78.24267,90.65528
TJSJ,1/19/2001,84.9,71,0.09,51.120544,74.344284,90.65528
TJSJ,1/20/2001,84,71,0,56.7175,73.939,86.76749
TJSJ,1/21/2001,84.2,71.6,0.06,56.508995,77.12075,90.13999
TJSJ,1/22/2001,82.9,71.1,0.42,66.92626,82.59206,94.057
TJSJ,1/23/2001,86,71,0,52.753742,74.99882,93.48956
TJSJ,1/24/2001,87.1,71.1,0,51.40249,77.06113,90.65528
TJSJ,1/25/2001,86,71,0,51.120544,77.24467,90.65528
TJSJ,1/26/2001,83,69.8,0,58.25498,76.68745,90.65528
TJSJ,1/27/2001,83,72,0.1,63.0313,75.66318,87.407265
TJSJ,1/28/2001,82.9,73,0.11,60.246395,70.15081,94.10022
TJSJ,1/29/2001,76,71.6,0.64,73.6111,84.306175,100
TJSJ,1/30/2001,82,71.6,0,52.3744,64.1589,76.133446
TJSJ,1/31/2001,82.4,69.8,0.02,58.25498,70.66092,81.43524
TJSJ,2/1/2001,84.2,71.1,0.04,54.77119,77.75087,87.407265
TJSJ,2/2/2001,82,71,0.23,64.77119,81.15267,94.057
TJSJ,2/3/2001,82.9,70,0.01,64.8973,79.70379,90.65528
TJSJ,2/4/2001,84.9,70,0,45.895004,69.69457,84.1584
TJSJ,2/5/2001,84.2,71.6,0.03,60.7359,79.08081,90.65528
TJSJ,2/6/2001,82.4,69.8,0.02,66.92626,80.88822,90.728714
TJSJ,2/7/2001,84.9,70,0,67.14597,80.58978,93.46576
TJSJ,2/8/2001,84.9,71.6,0,56.508995,76.1941,87.45151
TJSJ,2/9/2001,84,71.6,0.12,58.51412,73.59187,88.507805
TJSJ,2/10/2001,84,73,0.02,56.24278,70.964745,87.407265
TJSJ,2/11/2001,83,73,0.01,60.246395,74.67465,88.507805
TJSJ,2/12/2001,84,71.1,0.02,60.48584,71.87969,87.45151
TJSJ,2/13/2001,84,72,0.07,56.45147,68.918106,81.78657
TJSJ,2/14/2001,82.4,71.6,0.08,58.136505,70.04343,88.5888
TJSJ,2/15/2001,82,71,0.14,62.401833,78.30906,94.10022
TJSJ,2/16/2001,82.9,71.6,0.37,66.48085,79.69124,94.057
TJSJ,2/17/2001,82.9,69.8,0.03,62.533913,76.92069,90.0191
TJSJ,2/18/2001,84.2,68,0,56.45147,74.08194,89.9831
TJSJ,2/19/2001,82.4,66.2,0,60.246395,75.04759,87.15521
TJSJ,2/20/2001,82.9,71,0.09,62.401833,74.5862,88.426
TJSJ,2/21/2001,82,71,0.45,76.4766,79.48105,94.057
TJSJ,2/22/2001,82,71,0.55,62.401833,74.574905,94.057
TJSJ,2/23/2001,80.6,71.6,0.2,69.52137,81.11631,94.057
TJSJ,2/24/2001,80.1,71.6,0.62,71.414795,81.36353,94.10022
TJSJ,2/25/2001,82,73,0.04,55.974525,67.36115,84.22413
TJSJ,2/26/2001,80.6,73,0.08,50.394115,62.01795,88.507805
TJSJ,2/27/2001,81,71.6,0,50.953636,58.136368,66.42748
TJSJ,2/28/2001,81,71.1,0,55.974525,65.36782,73.40572
TJSJ,3/1/2001,81,68,0,62.2913,74.259865,87.1552
TJSJ,3/2/2001,82,71,0,60.2464,73.91751,86.7675
TJSJ,3/3/2001,84,68,0,50.9659,72.66944,89.9831
TJSJ,3/4/2001,81,70,0,62.4018,76.230965,84.1584
TJSJ,3/5/2001,87,71,0,52.4748,72.478134,94.0657
TJSJ,3/6/2001,86,73,0,54.8971,75.14658,88.5078
TJSJ,3/7/2001,83,73,0.02,69.3207,80.15394,90.14
TJSJ,3/8/2001,84,76,0,65.0019,76.93991,88.6689
TJSJ,3/9/2001,87,74,0,59.135,77.80505,90.7287
TJSJ,3/10/2001,87,76,0,51.2356,70.470566,84.9155
TJSJ,3/11/2001,85,73,0,60.9838,78.52185,90.14
TJSJ,3/12/2001,85,72,0,60.9838,76.68572,90.6553
TJSJ,3/13/2001,85,73,0.11,54.8971,73.81242,94.1002
TJSJ,3/14/2001,84,73,0.03,64.2645,77.058655,96.4172
TJSJ,3/15/2001,86,73,0,54.8971,75.96634,87.4515
TJSJ,3/16/2001,86,73,0.34,60.9838,80.73836,93.5928
TJSJ,3/17/2001,85,74,0.02,58.6546,76.053986,90.7287
TJSJ,3/18/2001,85,73,0,56.509,72.99503,87.4515
TJSJ,3/19/2001,86,71,0,55.0443,73.17852,90.062
TJSJ,3/20/2001,84,72,0.44,62.7745,79.54862,94.143
TJSJ,3/21/2001,79,73,0.41,78.621,88.20788,100
TJSJ,3/22/2001,81,73,0.2,64.7712,83.52482,100
TJSJ,3/23/2001,83,72,0,69.5285,81.06407,93.518
TJSJ,3/24/2001,85,75,0,67.6546,82.56759,94.143
TJSJ,3/25/2001,87,74,0,53.181,75.74972,90.8013
TJSJ,3/26/2001,89,75,0,51.8344,74.41832,90.8013
TJSJ,3/27/2001,88,75,0,55.3127,76.109024,90.8013
TJSJ,3/28/2001,86,74,0,61.1182,78.4852,90.7287
TJSJ,3/29/2001,86,76,0,58.9106,76.41195,88.6689
TJSJ,3/30/2001,86,74,0,63.013,75.837036,90.7287
TJSJ,3/31/2001,87,74,0.02,53.181,75.77621,90.7287
TJSJ,4/1/2001,90,73,0,48.263123,69.665825,87.45151
TJSJ,4/2/2001,89.1,72,0,53.6358,71.20764,87.45151
TJSJ,4/3/2001,87.1,72,0,59.135,76.68019,90.728714
TJSJ,4/4/2001,85,71.1,0.16,63.2692,80.23749,94.14301
TJSJ,4/5/2001,84.2,72,0.03,67.14597,79.43364,97.01743
TJSJ,4/6/2001,87.1,73.4,0,60.9838,75.93458,90.728714
TJSJ,4/7/2001,84.9,73.4,0.06,81.497185,84.54161,93.56953
TJSJ,4/8/2001,86,73.4,0.02,65.2306,81.522484,97.01743
TJSJ,4/9/2001,85,75.2,0,62.774475,69.1311,73.9485
TJSJ,4/10/2001,86,71.6,0,54.89707,69.00123,81.78657
TJSJ,4/11/2001,88,73,0.24,44.62637,75.118835,100
TJSJ,4/12/2001,85,73.4,0.06,62.774475,77.555855,94.14301
TJSJ,4/13/2001,86,75,0.02,63.2692,74.164085,94.14301
TJSJ,4/14/2001,86,73,0,58.654602,72.82152,87.45151
TJSJ,4/15/2001,85,73,0,58.654602,74.51753,90.728714
TJSJ,4/16/2001,90,73.4,0,43.368904,69.18023,84.800285
TJSJ,4/17/2001,91.9,73.9,0,43.827522,69.36764,90.80131
TJSJ,4/18/2001,91.9,73,0,45.215836,69.82646,90.728714
TJSJ,4/19/2001,91,75,0,46.350037,73.64378,90.3345
TJSJ,4/20/2001,88,75.2,0.01,61.363068,78.574265,93.6205
TJSJ,4/21/2001,81,73,0.36,76.36132,86.30917,100
TJSJ,4/22/2001,86,73,0.4,67.14597,84.83578,100
TJSJ,4/23/2001,86,73,0.04,63.2692,79.96803,90.728714
TJSJ,4/24/2001,86,72,0.19,61.1182,82.63395,97.01743
TJSJ,4/25/2001,86,73,0.02,63.013004,80.50642,97.01743
TJSJ,4/26/2001,87.1,73.9,0.01,65.2306,77.98129,90.80131
TJSJ,4/27/2001,86,74,0,62.7745,75.926834,87.5481
TJSJ,4/28/2001,84,77,0,71.58688,73.99515,82.05593
TJSJ,4/29/2001,87.1,75,0.02,61.1182,77.81482,90.80131
TJSJ,4/30/2001,88,73,0.32,63.142265,85.19089,100
TJSJ,5/1/2001,84,73,1.22,76.36132,89.18857,100
TJSJ,5/2/2001,90,75.2,0,55.579052,75.74749,90.80131
TJSJ,5/3/2001,88,75.9,0,63.249527,77.7457,90.3687
TJSJ,5/4/2001,90,75.9,0,55.579052,75.21166,93.6205
TJSJ,5/5/2001,90,78,0,57.177517,72.60308,87.1241
TJSJ,5/6/2001,88,73,0.81,60.87999,82.42692,100
TJSJ,5/7/2001,84.9,73,0.5,71.782036,88.14514,100
TJSJ,5/8/2001,84.9,77,2.35,82.3905,91.622574,100
TJSJ,5/9/2001,84.9,77,0.03,79.498726,89.24956,100
TJSJ,5/10/2001,87.8,78,0,71.975334,87.60191,94.2687
TJSJ,5/11/2001,89.1,78.1,0,65.580185,82.416885,93.670876
TJSJ,5/12/2001,90,75.2,0,65.08342,79.21268,93.59277
TJSJ,5/13/2001,88,75.9,0,69.53894,83.31164,93.670876
TJSJ,5/14/2001,89.1,75.9,0,57.3855,80.74734,93.6205
TJSJ,5/15/2001,91.9,75.9,0,51.96061,74.36177,93.6205
TJSJ,5/16/2001,93,77,0,48.836,74.77823,93.6205
TJSJ,5/17/2001,91.9,78.8,0,57.436607,77.92693,87.8397
TJSJ,5/18/2001,91.9,75,0.26,61.605896,86.28734,100
TJSJ,5/19/2001,91.9,75,0,55.71818,80.18724,100
TJSJ,5/20/2001,91,73.9,0,57.64435,75.95956,93.6205
TJSJ,5/21/2001,88,78,0.03,59.0494,81.38159,93.670876
TJSJ,5/22/2001,87.1,77,0.19,79.64634,89.51955,100
TJSJ,5/23/2001,88,77,0,72.597,84.66743,93.670876
TJSJ,5/24/2001,91,78,0.01,55.4582,77.94771,96.4901
TJSJ,5/25/2001,90,77,0,55.4582,78.38861,90.3345
TJSJ,5/26/2001,89.6,77,0.14,65.30986,81.197525,94.22723
TJSJ,5/27/2001,88,78,0,69.73445,84.43779,94.2687
TJSJ,5/28/2001,91,77,0.31,59.41648,80.66771,100
TJSJ,5/29/2001,90,77,0.01,63.013004,80.05454,90.3687
TJSJ,5/30/2001,88,75.2,0.01,67.48165,81.90194,94.18534
TJSJ,5/31/2001,89.1,77,0.03,56.916435,78.55657,96.4747
TJSJ,6/1/2001,86,75,0.21,76.69613,84.929985,100
TJSJ,6/2/2001,91,75,0,55.579052,75.12817,96.4461
TJSJ,6/3/2001,90,75,0,61.363068,77.51732,90.2933
TJSJ,6/4/2001,89.1,77,0,65.08342,77.66485,87.60026
TJSJ,6/5/2001,85,75,0.74,71.782036,84.421974,97.041534
TJSJ,6/6/2001,89.6,75.2,0,57.177517,74.790054,90.80131
TJSJ,6/7/2001,88,77,0.06,66.35352,78.86062,94.2687
TJSJ,6/8/2001,90,78.8,0.01,63.249527,76.4824,90.3687
TJSJ,6/9/2001,91,78,0,57.177517,74.53394,84.6941
TJSJ,6/10/2001,93,78.8,0,21.327,75.657036,90.3687
TJSJ,6/11/2001,90,77,0,50.385345,71.53709,84.4617
TJSJ,6/12/2001,88,77,0,63.142265,74.40094,82.05593
TJSJ,6/13/2001,88,75,0.09,60.87999,75.63496,93.56953
TJSJ,6/14/2001,89.1,75.2,0,57.3855,73.4305,84.91552
TJSJ,6/15/2001,88,75.9,0,58.910583,72.32389,84.4617
TJSJ,6/16/2001,89.1,75,0,57.3855,74.714935,84.4617
TJSJ,6/17/2001,86,75.9,0,67.14597,80.37171,88.826744
TJSJ,6/18/2001,89.6,75,0,61.125313,78.28496,93.59277
TJSJ,6/19/2001,89.1,75,0,59.049355,74.6881,88.826744
TJSJ,6/20/2001,91.9,78.8,0,50.385345,74.32852,90.3687
TJSJ,6/21/2001,90,78.8,0,61.605896,77.50869,87.695145
TJSJ,6/22/2001,90,78.8,0,65.30986,77.95292,87.2222
TJSJ,6/23/2001,89.1,77,0.1,61.363068,76.90696,88.74824
TJSJ,6/24/2001,90,75,0.24,59.164536,73.46196,94.14301
TJSJ,6/25/2001,87.8,77,0.1,65.08342,80.9404,90.3687
TJSJ,6/26/2001,90,78,0,61.605896,75.1157,87.1241
TJSJ,6/27/2001,89.1,77,0.04,61.363068,75.19245,87.695145
TJSJ,6/28/2001,88,75.9,0,66.1518,78.201416,84.5785
TJSJ,6/29/2001,90,75.9,0,58.781776,77.09189,87.60026
TJSJ,6/30/2001,86,75.9,0.06,69.64109,78.77544,88.74824
TJSJ,7/1/2001,88,75.2,0.21,63.249527,80.92686,90.80131
TJSJ,7/2/2001,91.4,78,0.01,57.137474,76.93778,90.3345
TJSJ,7/3/2001,89.1,78.8,0,63.249527,73.6253,84.5785
TJSJ,7/4/2001,88,75,0.73,67.36371,78.683525,90.80131
TJSJ,7/5/2001,89.6,75,0.06,53.181023,76.19381,93.56953
TJSJ,7/6/2001,89.1,77,0,65.580185,76.11469,84.6941
TJSJ,7/7/2001,89.1,78.1,0,65.08342,76.30089,87.695145
TJSJ,7/8/2001,89.6,78,0,61.125313,75.898155,84.5785
TJSJ,7/9/2001,88,78,0,59.049355,72.39399,84.5256
TJSJ,7/10/2001,88,75.2,0.16,60.87999,75.95897,94.18534
TJSJ,7/11/2001,89.1,75.2,0.01,61.363068,78.63814,90.80131
TJSJ,7/12/2001,88,77,0.09,65.08342,80.716576,90.3345
TJSJ,7/13/2001,90,73,0.14,55.579052,76.499565,94.10022
TJSJ,7/14/2001,90,77,0,56.508995,72.1263,84.52559
TJSJ,7/15/2001,91,77,0.01,55.4582,72.21876,84.52559
TJSJ,7/16/2001,90,75.9,0,60.87999,74.294945,87.60026
TJSJ,7/17/2001,93.2,77,0,42.508194,71.27858,87.60026
TJSJ,7/18/2001,88,75,0.08,65.08342,77.22062,90.3345
TJSJ,7/19/2001,90,77,0,59.302208,73.00052,82.05593
TJSJ,7/20/2001,90,77,0,60.87999,75.48747,84.6941
TJSJ,7/21/2001,89.6,79,0,59.302208,75.55471,87.2222
TJSJ,7/22/2001,88,78.1,0.08,57.3855,79.31756,90.3687
TJSJ,7/23/2001,91.4,75.2,0.02,55.723522,75.150925,90.80131
TJSJ,7/24/2001,90,77,0,57.64435,74.62719,90.3687
TJSJ,7/25/2001,89.6,78,0.04,57.3855,75.71079,90.3345
TJSJ,7/26/2001,89.1,75.2,0.6,60.87999,77.448494,90.80131
TJSJ,7/27/2001,89.6,77,0,60.87999,74.46331,84.5256
TJSJ,7/28/2001,90,77,0,63.377693,74.68586,82.05593
TJSJ,7/29/2001,86,73,1.16,69.84597,83.9274,94.2687
TJSJ,7/30/2001,88,75,0.01,66.1518,79.33763,94.14301
TJSJ,7/31/2001,88,75.9,0.17,59.164536,75.86237,94.18534
TJSJ,8/1/2001,88,77,0.21,63.249527,79.81351,90.4094
TJSJ,8/2/2001,87.8,75,0.72,69.53894,83.4167,90.3345
TJSJ,8/3/2001,88,75.9,0,69.53894,81.12357,90.3345
TJSJ,8/4/2001,90,77,0.02,65.30986,79.82118,90.3345
TJSJ,8/5/2001,88,80,0.02,67.48165,77.910255,87.2222
TJSJ,8/6/2001,87.1,75,0.79,71.975334,82.5831,94.14301
TJSJ,8/7/2001,90,78,0.03,63.377693,80.29037,93.0885
TJSJ,8/8/2001,88,78.8,0,67.5795,78.434074,87.695145
TJSJ,8/9/2001,88,78.1,0.05,65.354546,77.26452,90.3687
TJSJ,8/10/2001,88,78.1,0.15,66.3535,82.094955,93.670876
TJSJ,8/11/2001,88,78,0.46,70.04896,85.52618,94.22723
TJSJ,8/12/2001,90,78,0.03,59.302208,79.68765,93.670876
TJSJ,8/13/2001,88,80,0.14,63.142265,77.50014,90.4094
TJSJ,8/14/2001,88,78,0,67.48165,75.83699,84.5256
TJSJ,8/15/2001,89.6,80,0,65.08342,76.72719,87.78896
TJSJ,8/16/2001,89.6,79,0,70.04896,77.5508,87.222176
TJSJ,8/17/2001,87.1,80,0.07,69.73445,80.66187,94.2687
TJSJ,8/18/2001,91,79,0,65.08342,78.03004,90.4094
TJSJ,8/19/2001,90,78,0,61.125313,75.93917,90.3345
TJSJ,8/20/2001,91.4,78,0,50.22918,74.058235,84.5256
TJSJ,8/21/2001,90,77,0.1,61.125313,75.58967,87.1241
TJSJ,8/22/2001,88,73,1.95,65.580185,83.60052,100
TJSJ,8/23/2001,90,75.2,0.13,55.4582,78.67142,93.670876
TJSJ,8/24/2001,91,77,0,61.125313,75.88556,90.2933
TJSJ,8/25/2001,90,77,0.01,57.177517,73.91996,87.695145
TJSJ,8/26/2001,90,77,0,55.579052,72.8458,87.60026
TJSJ,8/27/2001,89.6,75,0.37,57.177517,75.217545,94.14301
TJSJ,8/28/2001,85,75,0.38,74.50838,84.54303,94.14301
TJSJ,8/29/2001,89.1,77,0.69,63.249527,79.23037,94.18534
TJSJ,8/30/2001,89.1,78,0.03,61.363068,78.554855,90.3345
TJSJ,8/31/2001,90,77,0,61.125313,76.17766,87.2222
TJSJ,9/1/2001,86,73.4,0.88,71.975334,83.441444,94.18534
TJSJ,9/2/2001,90,75,0.1,61.125313,79.99766,93.56953
TJSJ,9/3/2001,89.1,75,0.05,67.49169,80.414925,93.56953
TJSJ,9/4/2001,89.6,75.2,0.09,61.363068,80.45092,97.041534
TJSJ,9/5/2001,90,75.2,0,65.08342,77.985,90.80131
TJSJ,9/6/2001,89.1,78.1,0,65.580185,78.36363,88.74824
TJSJ,9/7/2001,89.6,78.8,0,61.363068,75.12597,84.6417
TJSJ,9/8/2001,88,77,0,60.87999,74.17347,87.60026
TJSJ,9/9/2001,89.6,75.9,0.02,61.125313,76.13495,87.78896
TJSJ,9/10/2001,90,78,0.03,59.164536,78.5167,93.0885
TJSJ,9/11/2001,88,77,0.08,65.08342,76.55858,84.5785
TJSJ,9/12/2001,88,75.9,0.77,61.363068,76.55573,87.60026
TJSJ,9/13/2001,87.8,75,0.18,57.465115,78.42691,90.80131
TJSJ,9/14/2001,91.9,75,0.08,53.727047,74.958336,90.80131
TJSJ,9/15/2001,90,75.9,0.62,63.377693,79.69562,90.4094
TJSJ,9/16/2001,89.1,75.9,0,65.580185,77.36793,87.695145
TJSJ,9/17/2001,89.1,78.1,0.79,65.580185,79.71218,90.4094
TJSJ,9/18/2001,88,75.9,0.23,67.48165,82.30846,90.3345
TJSJ,9/19/2001,91.4,77,0,55.4582,74.897995,90.3687
TJSJ,9/20/2001,88,75.9,0,58.910583,72.620636,84.4617
TJSJ,9/21/2001,88,77,0.04,63.142265,76.90991,87.60026
TJSJ,9/22/2001,87.8,75,0.18,65.2306,80.44252,90.80131
TJSJ,9/23/2001,90,75.2,0.01,63.013004,78.25098,93.6205
TJSJ,9/24/2001,88,75.9,0.16,59.164536,80.29748,90.2933
TJSJ,9/25/2001,91,75.9,0,61.125313,76.07444,90.2933
TJSJ,9/26/2001,90,78.1,0.03,61.125313,76.86975,87.695145
TJSJ,9/27/2001,88,75,0.23,65.08342,80.94137,93.6205
TJSJ,9/28/2001,92,77,0,47.3554,70.31637,87.60026
TJSJ,9/29/2001,93.9,77,0,50.6661,68.82739,82.05593
TJSJ,9/30/2001,93.9,78.8,0,52.38665,71.03848,87.695145
TJSJ,10/1/2001,93,80.1,0,52.1115,70.1289,82.18847
TJSJ,10/2/2001,91.9,80,0,51.83444,72.09704,84.6417
TJSJ,10/3/2001,88,75,0.39,67.36371,79.09277,88.588776
TJSJ,10/4/2001,88,75,0.37,67.48165,83.95392,93.59277
TJSJ,10/5/2001,88,77,0.17,63.142265,80.12996,93.6205
TJSJ,10/6/2001,91.4,78.8,0,53.45501,74.47872,90.3687
TJSJ,10/7/2001,90,77,0.17,63.249527,79.22048,90.3687
TJSJ,10/8/2001,88,77,0.16,69.53894,80.96483,88.9814
TJSJ,10/9/2001,90,75,0.02,63.249527,78.87251,94.14301
TJSJ,10/10/2001,88,75.2,0.09,64.53842,81.36658,90.80131
TJSJ,10/11/2001,87.1,75,0.05,67.4378,80.111885,90.80131
TJSJ,10/12/2001,88,73.4,0,63.142265,78.03611,93.54147
TJSJ,10/13/2001,88,73.4,1.06,69.64109,80.67496,93.670876
TJSJ,10/14/2001,85,75,0.3,60.9838,79.47547,94.14301
TJSJ,10/15/2001,80.1,73,0.98,83.55026,88.39648,94.14301
TJSJ,10/16/2001,88,73,0.01,65.08342,80.61895,93.54147
TJSJ,10/17/2001,86,77,0.1,69.64109,80.35841,90.3345
TJSJ,10/18/2001,88,75.2,0.23,58.781776,79.6364,93.59277
TJSJ,10/19/2001,88,75.2,0,67.48165,79.61944,87.695145
TJSJ,10/20/2001,90,78,0,59.049355,75.753784,87.695145
TJSJ,10/21/2001,89.1,77,0.22,65.580185,80.01456,90.3687
TJSJ,10/22/2001,88,77,0.03,66.3535,80.82072,90.3687
TJSJ,10/23/2001,88,75.2,0.09,63.249527,79.693726,93.59277
TJSJ,10/24/2001,88,78,0,65.580185,79.330124,87.695145
TJSJ,10/25/2001,88,75.9,0.14,65.49481,79.34459,90.2933
TJSJ,10/26/2001,88,77,0.03,63.142265,78.68906,90.3345
TJSJ,10/27/2001,88,77,0.0001,63.249527,77.24193,87.60026
TJSJ,10/28/2001,88,75.2,0.14,61.1182,78.59846,90.80131
TJSJ,10/29/2001,88,75.2,0.04,56.916435,77.931595,90.80131
TJSJ,10/30/2001,90,68,0,57.177517,77.175354,100
TJSJ,10/31/2001,90,46,0,65.621,81.709694,97.03281
TJSJ,11/1/2001,87.1,73.9,0,67.65458,81.30681,93.59277
TJSJ,11/2/2001,85,73,0,65.2306,84.65445,100
TJSJ,11/3/2001,84,73.9,1.11,77.068,92.66846,100
TJSJ,11/4/2001,86,75,0.11,72.30214,90.03875,100
TJSJ,11/5/2001,87.1,73.4,0.16,68.595,83.36652,100
TJSJ,11/6/2001,92,78.8,0.0001,53.727047,74.294495,90.3687
TJSJ,11/7/2001,85,75.2,2.12,74.1149,85.41442,100
TJSJ,11/8/2001,82.4,75.2,0.57,71.38986,80.20518,94.18534
TJSJ,11/9/2001,81,73,0.91,66.70457,88.53907,100
TJSJ,11/10/2001,82.4,72,0.18,62.401833,79.39796,96.417175
TJSJ,11/11/2001,86,73,0.0001,67.65458,79.88851,96.417175
TJSJ,11/12/2001,86,75,0,69.32069,78.826,93.56953
TJSJ,11/13/2001,86,73.4,0.58,67.65458,84.06987,94.18534
TJSJ,11/14/2001,86,75,0,69.64109,81.390945,93.59277
TJSJ,11/15/2001,86,75,0,72.10829,81.20003,93.56953
TJSJ,11/16/2001,85,73,0,67.14597,81.18329,93.56953
TJSJ,11/17/2001,85,75,0,69.64109,78.74764,90.80131
TJSJ,11/18/2001,88,75.2,0.01,63.013004,78.47604,87.60026
TJSJ,11/19/2001,86,73,0.01,65.1269,74.2388,81.92197
TJSJ,11/20/2001,85,73.9,0,66.92626,75.60579,84.91552
TJSJ,11/21/2001,85,73,0,62.774475,77.44563,93.51795
TJSJ,11/22/2001,85,75,0,69.5285,77.06519,88.5888
TJSJ,11/23/2001,85,75.2,0.04,62.533913,76.460335,88.668915
TJSJ,11/24/2001,84.2,76,0.03,54.798595,66.75176,79.0466
TJSJ,11/25/2001,84,73,0.07,54.625618,71.42857,94.10022
TJSJ,11/26/2001,83,75,0.03,52.3744,61.10404,69.22557
TJSJ,11/27/2001,81,69.8,0.31,59.739227,76.00591,96.3879
TJSJ,11/28/2001,83,75,0,50.105274,59.71043,73.59407
TJSJ,11/29/2001,83,71,0.42,53.9508,73.27708,96.3879
TJSJ,11/30/2001,82.4,69.8,0.0001,56.45147,70.75638,84.1034
TJSJ,12/1/2001,88,69,0,51.23564,70.619415,84.91552
TJSJ,12/2/2001,86,72,0.74,69.64109,88.63084,100
TJSJ,12/3/2001,85,73,0.19,74.42529,91.1503,100
TJSJ,12/4/2001,85,73.4,0.77,79.417564,92.25658,100
TJSJ,12/5/2001,85,73.4,1.5,76.90336,90.47095,100
TJSJ,12/6/2001,84,77,0.05,69.5285,79.817444,90.2933
TJSJ,12/7/2001,84.2,73,0.88,74.3291,86.197205,100
TJSJ,12/8/2001,84.2,73.4,0.05,67.14597,83.37537,94.14301
TJSJ,12/9/2001,85,73,0.0001,67.14597,85.940765,96.417175
TJSJ,12/10/2001,85,75,0.2,74.42529,87.43133,100
TJSJ,12/11/2001,83,73.9,0.29,79.26757,89.872284,100
TJSJ,12/12/2001,85,73.9,0.86,69.5285,88.35898,100
TJSJ,12/13/2001,84.2,74,0.15,67.14597,77.37278,84.5256
TJSJ,12/14/2001,83,73.4,0.03,71.58688,82.888504,100
TJSJ,12/15/2001,77,73,1.16,87.5043,95.41897,100
TJSJ,12/16/2001,82,73.9,0.44,84.64174,92.93406,100
TJSJ,12/17/2001,82,75,0.23,83.55026,91.89485,100
TJSJ,12/18/2001,83,75,0.21,79.34958,92.45149,100
TJSJ,12/19/2001,86,73.9,0,77.231,90.868675,100
TJSJ,12/20/2001,86,75,0,77.231,89.15487,97.041534
TJSJ,12/21/2001,83,73.4,0.74,83.66177,93.89703,100
TJSJ,12/22/2001,79,73,2.72,81.497185,94.58781,100
TJSJ,12/23/2001,79,73,0.5,76.4766,88.145,100
TJSJ,12/24/2001,81,73.4,0.01,66.48085,77.54669,90.728714
TJSJ,12/25/2001,82.4,69,0,66.92626,79.963715,96.3583
TJSJ,12/26/2001,84,69,0,67.219124,82.75194,96.3583
TJSJ,12/27/2001,86,70,0,65.1269,85.594444,100
TJSJ,12/28/2001,84,71,0,69.5285,85.003624,100
TJSJ,12/29/2001,85,70,0.01,62.774475,81.43389,96.3879
TJSJ,12/30/2001,84.2,69,0.01,74.42529,88.41196,100
TJSJ,12/31/2001,84.2,73.4,0.05,71.782036,86.194855,100
TJSJ,1/1/2002,85,71,0,74.44338,88.20825,96.417175
TJSJ,1/2/2002,85,71,0,69.73445,86.460724,100
TJSJ,1/3/2002,85,71,0.0001,71.782036,85.621155,94.14301
TJSJ,1/4/2002,83,73,0,74.14805,84.86326,97.01743
TJSJ,1/5/2002,82,73.4,0.12,78.62098,87.02415,97.041534
TJSJ,1/6/2002,81,73.4,0.42,78.7617,92.81076,100
TJSJ,1/7/2002,85,71,0,74.24337,90.2526,100
TJSJ,1/8/2002,84,71,0.02,76.52957,90.49983,100
TJSJ,1/9/2002,83,71,0.01,79.26757,90.31901,100
TJSJ,1/10/2002,84,70,0.03,71.58688,86.90489,100
TJSJ,1/11/2002,83,71,0.03,69.4343,86.91801,100
TJSJ,1/12/2002,85,70,0.0001,71.19094,85.86774,100
TJSJ,1/13/2002,84,72,0.0001,76.52957,88.16115,93.59277
TJSJ,1/14/2002,85,73.4,0.01,74.3291,87.93383,100
TJSJ,1/15/2002,87,73,0.0001,65.7435,78.104645,90.13999
TJSJ,1/16/2002,85,75,0.0001,62.0291,75.21615,87.5043
TJSJ,1/17/2002,86,75,0,60.9838,75.341774,83.32391
TJSJ,1/18/2002,83,73,0.48,74.24337,86.76539,94.14301
TJSJ,1/19/2002,85,73,0.19,62.774475,79.52169,94.10022
TJSJ,1/20/2002,84,72,0.07,65.0019,78.69257,90.13999
TJSJ,1/21/2002,85,73,0.01,60.7359,75.58254,90.80131
TJSJ,1/22/2002,83,75,0.12,65.0019,79.03803,90.80131
TJSJ,1/23/2002,85,75,0.0001,42.769623,68.589386,96.417175
TJSJ,1/24/2002,82,73,0.34,69.71026,84.588875,96.417175
TJSJ,1/25/2002,85,71,0.18,60.7359,80.3217,96.99304
TJSJ,1/26/2002,84,74,0.08,67.4378,81.330635,94.10022
TJSJ,1/27/2002,84,72,0.0001,58.396584,76.06249,93.54147
TJSJ,1/28/2002,81,73,0.61,66.65336,81.328964,96.417175
TJSJ,1/29/2002,80,72,0.02,62.291298,76.28998,87.5043
TJSJ,1/30/2002,83,73,0.04,67.4378,81.95669,93.54147
TJSJ,1/31/2002,83,70,0.37,69.4343,85.25868,94.10022
TJSJ,2/1/2002,84.2,72,0.13,62.774475,82.29416,94.10022
TJSJ,2/2/2002,84,71,0.0001,60.246395,76.790695,90.65528
TJSJ,2/3/2002,82,71,0.27,66.70457,84.61402,96.3879
TJSJ,2/4/2002,83,69,0,60.7359,79.25316,96.968346
TJSJ,2/5/2002,82.4,69,0.0001,68.586754,78.152435,90.65528
TJSJ,2/6/2002,83,73.9,0.07,62.533913,75.794876,94.14301
TJSJ,2/7/2002,83,73,0.04,67.4378,83.83986,94.10022
TJSJ,2/8/2002,85,72,0,62.774475,77.99726,90.65528
TJSJ,2/9/2002,82,72,0.0001,67.219124,78.25747,90.728714
TJSJ,2/10/2002,83,73,0.06,64.77119,75.66311,88.507805
TJSJ,2/11/2002,84,74,0.01,60.8714,73.245514,84.800285
TJSJ,2/12/2002,85,70,0.0001,52.753742,75.13777,87.35387
TJSJ,2/13/2002,83,73,0.03,66.92626,80.39564,94.10022
TJSJ,2/14/2002,85,71,0.01,60.7359,76.80374,90.728714
TJSJ,2/15/2002,86,71,0.21,56.9815,81.10514,97.01743
TJSJ,2/16/2002,87,70,0.01,60.9838,81.749115,96.3879
TJSJ,2/17/2002,89,70,0.0001,53.6358,75.947296,96.3879
TJSJ,2/18/2002,84,74,0,66.92626,79.61771,93.54147
TJSJ,2/19/2002,81,74,0.12,61.91228,76.000206,87.60026
TJSJ,2/20/2002,81,73.4,0,50.550842,60.099934,70.8797
TJSJ,2/21/2002,82,73,0,50.681004,60.0796,71.21635
TJSJ,2/22/2002,84,70,0.0001,49.085667,67.78125,84.1034
TJSJ,2/23/2002,83,70,0.0001,62.291298,72.44093,81.43524
TJSJ,2/24/2002,85,71,0.01,50.9659,73.75359,93.46576
TJSJ,2/25/2002,86,70,0,41.5496,73.42573,93.43703
TJSJ,2/26/2002,79,73,0.01,62.158096,72.60846,94.10022
TJSJ,2/27/2002,82,69,0,55.974525,70.76514,86.6643
TJSJ,2/28/2002,84,69,0,48.930416,68.765366,90.0191
TJSJ,3/1/2002,83,75,0,59.979576,68.5353,79.366936
TJSJ,3/2/2002,84.2,75,0.0001,60.8714,71.711876,78.47891
TJSJ,3/3/2002,84.2,73.9,0.01,56.508995,72.79753,81.78657
TJSJ,3/4/2002,84,73.9,0,52.928852,66.73614,81.78657
TJSJ,3/5/2002,84,71.6,0.03,49.3749,64.793144,93.51795
TJSJ,3/6/2002,84,73,0.0001,52.65545,63.375294,73.59407
TJSJ,3/7/2002,83,73,0.01,60.23375,72.25835,84.800285
TJSJ,3/8/2002,83,73,0.34,71.58688,87.70366,100
TJSJ,3/9/2002,86,73,0.01,69.64109,84.11043,94.14301
TJSJ,3/10/2002,85,73,0.05,65.1269,80.89819,94.14301
TJSJ,3/11/2002,85,73,0.11,67.14597,81.33432,96.417175
TJSJ,3/12/2002,85,72,0.01,62.774475,77.33599,90.13999
TJSJ,3/13/2002,86,73,0.08,59.135,78.08537,94.10022
TJSJ,3/14/2002,85,71.6,0.14,56.24278,72.59085,93.51795
TJSJ,3/15/2002,84.2,69,0.01,60.8714,79.42935,94.10022
TJSJ,3/16/2002,85,71,0.0001,60.246395,75.72531,87.407265
TJSJ,3/17/2002,84,71.6,0,63.0313,75.33974,88.42599
TJSJ,3/18/2002,84.2,75,0.01,62.533913,73.997765,84.4617
TJSJ,3/19/2002,83,73.4,0,60.246395,72.271996,81.78657
TJSJ,3/20/2002,83,73,0.0001,48.930416,65.919304,73.7806
TJSJ,3/21/2002,85,74,0.01,58.654602,71.878365,88.507805
TJSJ,3/22/2002,86,73,0.01,67.14597,78.714,90.728714
TJSJ,3/23/2002,91,72,0,45.338287,75.479126,93.51795
TJSJ,3/24/2002,90,75,0,48.55045,74.90515,87.60026
TJSJ,3/25/2002,89,75,0.0001,55.1909,75.31449,88.668915
TJSJ,3/26/2002,86,73,0.01,53.208717,73.316765,90.2171
TJSJ,3/27/2002,87,73,0.11,62.774475,80.351265,90.728714
TJSJ,3/28/2002,86,72,0.09,65.0019,79.175766,93.48956
TJSJ,3/29/2002,84.2,73,0.0001,62.774475,76.2634,90.13999
TJSJ,3/30/2002,84,71,0.09,65.0019,77.20402,94.05696
TJSJ,3/31/2002,85,74,0.0001,62.774475,75.46425,87.45151
TJSJ,4/1/2002,87.1,73.4,0,60.9838,76.89364,87.5043
TJSJ,4/2/2002,88,75,0.0001,60.87999,75.04734,87.54806
TJSJ,4/3/2002,88,75,0.12,57.3855,76.0694,90.80131
TJSJ,4/4/2002,89,76,0.0001,53.181023,74.42765,87.54806
TJSJ,4/5/2002,90,75,0.05,46.774456,73.859406,87.5043
TJSJ,4/6/2002,87,75,0.25,60.9838,80.740456,94.14301
TJSJ,4/7/2002,81,73,0.13,73.8815,82.60318,90.728714
TJSJ,4/8/2002,85,75,0.01,56.7175,69.04709,79.366936
TJSJ,4/9/2002,83,73.4,0.13,50.394115,61.977913,88.507805
TJSJ,4/10/2002,81,72,0.02,55.2824,61.45884,78.72303
TJSJ,4/11/2002,83,73.4,0.0001,46.934048,57.906864,66.13112
TJSJ,4/12/2002,83,39.9,0.02,52.6554,63.613335,78.5658
TJSJ,4/13/2002,86,71,0.0001,52.928852,66.80506,81.57442
TJSJ,4/14/2002,85,71.6,0.09,54.625618,71.400955,87.35387
TJSJ,4/15/2002,80.6,73.4,0.44,74.06516,84.52389,94.14301
TJSJ,4/16/2002,85,71,0.38,65.94849,83.44038,94.10022
TJSJ,4/17/2002,85,75,0.0001,65.1269,75.19902,84.34357
TJSJ,4/18/2002,85,72,0.0001,62.774475,78.589035,90.728714
TJSJ,4/19/2002,84,74,0.03,62.774475,80.162125,90.728714
TJSJ,4/20/2002,78,71,1.83,84.52559,92.08682,94.14301
TJSJ,4/21/2002,83,72,0.5,72.10829,86.647865,96.99304
TJSJ,4/22/2002,87,74,0.0001,56.916435,77.328415,94.14301
TJSJ,4/23/2002,86,74,0.04,63.013004,79.62408,90.2171
TJSJ,4/24/2002,85,75,0,69.8975,79.85563,87.54806
TJSJ,4/25/2002,85,75,0,65.1269,78.65377,87.60026
TJSJ,4/26/2002,84,73.9,0.07,72.10829,81.5736,88.588776
TJSJ,4/27/2002,86,73.4,0,63.2692,77.95388,93.54147
TJSJ,4/28/2002,85,75,0.05,60.7359,72.36854,84.91552
TJSJ,4/29/2002,85,73,0.25,62.774475,77.61827,90.80131
TJSJ,4/30/2002,85,73.4,0.38,69.64109,81.9542,90.3345
TJSJ,5/1/2002,86,73.4,1.43,69.73445,83.23376,100
TJSJ,5/2/2002,85,75.2,0.07,59.739227,81.152954,94.14301
TJSJ,5/3/2002,85,75,0.07,61.1327,73.68124,90.7684
TJSJ,5/4/2002,85,73.4,0.01,62.774475,75.11435,88.5888
TJSJ,5/5/2002,85,73,0.07,63.0313,75.09185,87.407265
TJSJ,5/6/2002,85,74,0.19,67.14597,78.06031,94.10022
TJSJ,5/7/2002,84,73,0.23,67.4378,79.797905,94.10022
TJSJ,5/8/2002,85,72,0.11,60.8714,74.596,94.057
TJSJ,5/9/2002,85,71,0.1,60.8714,76.785286,96.417175
TJSJ,5/10/2002,86,73,0.06,61.1182,79.46254,90.728714
TJSJ,5/11/2002,86,74,0.09,65.1269,77.62413,87.54806
TJSJ,5/12/2002,85,74,0,62.774475,73.67275,84.34357
TJSJ,5/13/2002,85,75,0.02,63.2692,75.70375,84.91552
TJSJ,5/14/2002,87,74,0,47.830826,70.37092,84.800285
TJSJ,5/15/2002,87,75,0,65.08342,76.292625,84.5256
TJSJ,5/16/2002,89,76,0.03,59.164536,78.847115,94.14301
TJSJ,5/17/2002,87,75,0.07,57.1246,74.34451,90.8013
TJSJ,5/18/2002,88,75.2,0.01,60.87999,74.886154,84.91552
TJSJ,5/19/2002,88,78,0.0001,56.916435,73.28731,82.05593
TJSJ,5/20/2002,88,78,0.0001,59.049355,73.88313,84.5256
TJSJ,5/21/2002,89,78,0,59.164536,73.64047,84.5256
TJSJ,5/22/2002,89,76,0.0001,55.312664,73.70658,87.60026
TJSJ,5/23/2002,91,77,0.0001,48.55045,70.32028,87.1241
TJSJ,5/24/2002,91,77,0,53.45501,68.84622,87.60026
TJSJ,5/25/2002,90,76,0,49.662495,69.01851,87.54806
TJSJ,5/26/2002,79,76,0,56.916435,73.44169,87.54806
TJSJ,5/27/2002,87,75,0.12,55.1909,80.63589,90.80131
TJSJ,5/28/2002,89,74,0.06,51.23564,72.82553,93.56953
TJSJ,5/29/2002,90,76,0.0001,55.312664,70.78382,84.52559
TJSJ,5/30/2002,84,76,0.43,69.5285,82.0441,93.08852
TJSJ,5/31/2002,90,75,0,57.177517,74.2724,93.59277
TJSJ,6/1/2002,92,78,0.0001,55.579052,70.14838,82.05593
TJSJ,6/2/2002,92,78.8,0,50.6661,70.7251,82.05593
TJSJ,6/3/2002,92,78,0.02,53.9078,74.90779,84.6417
TJSJ,6/4/2002,86,78,0.1,62.774475,78.86853,90.4094
TJSJ,6/5/2002,86,76,0.0001,67.36371,79.24024,88.668915
TJSJ,6/6/2002,91,78,0,50.385345,70.474434,84.5256
TJSJ,6/7/2002,91,76,0.0001,53.45501,76.06106,87.695145
TJSJ,6/8/2002,90,78,0.08,59.164536,77.57766,90.3345
TJSJ,6/9/2002,89,77,0,61.363068,77.35608,90.3345
TJSJ,6/10/2002,92,77,0.0001,48.7064,71.43695,87.60026
TJSJ,6/11/2002,91,76,0.05,57.64435,77.0638,90.3345
TJSJ,6/12/2002,88,77,0.1,65.08342,81.70337,93.6205
TJSJ,6/13/2002,90,77,0.01,65.08342,79.53799,93.6205
TJSJ,6/14/2002,91,77,0.0001,57.64435,73.51735,90.2933
TJSJ,6/15/2002,90,77,0,57.177517,73.098495,87.60026
TJSJ,6/16/2002,91,78,0.02,55.579052,75.22362,90.3687
TJSJ,6/17/2002,88,76,0.32,65.08342,80.963234,93.6205
TJSJ,6/18/2002,88,74,0.25,63.013004,83.18304,94.14301
TJSJ,6/19/2002,87,77,0.03,65.2306,77.20947,90.2933
TJSJ,6/20/2002,88,74,0.29,59.049355,77.95028,93.59277
TJSJ,6/21/2002,87,73,0.41,69.73445,82.285034,94.10022
TJSJ,6/22/2002,89,77,0.0001,60.87999,73.15887,84.5785
TJSJ,6/23/2002,87,77,0,63.013004,75.681305,84.5785
TJSJ,6/24/2002,89,76,0.0001,65.08342,77.04529,84.6417
TJSJ,6/25/2002,88,77,0.0001,63.249527,77.38055,84.6941
TJSJ,6/26/2002,89,77,0.01,61.363068,75.19027,87.2222
TJSJ,6/27/2002,88,77,0.12,59.049355,77.54836,87.60026
TJSJ,6/28/2002,88,77,0.0001,66.35352,76.54722,87.78896
TJSJ,6/29/2002,89,79,0.0001,65.580185,78.436104,90.3687
TJSJ,6/30/2002,89,78,0.0001,63.377693,77.07643,90.3345
TJSJ,7/1/2002,89,77,0.0001,59.164536,74.19778,84.5785
TJSJ,7/2/2002,89,77,0.01,59.0494,76.11074,90.3687
TJSJ,7/3/2002,90,77,0.08,63.249527,79.64957,94.2687
TJSJ,7/4/2002,90,78,0.01,65.30986,80.12255,93.670876
TJSJ,7/5/2002,89,78,0,60.87999,73.44652,84.5785
TJSJ,7/6/2002,86,74,1.05,78.62098,,81.55377
TJSJ,7/7/2002,89,74,0.01,61.1253,76.90453,90.2171
TJSJ,7/8/2002,89,77,0.0001,69.53894,79.415146,90.2933
TJSJ,7/9/2002,89,77,0.0001,66.3535,79.00366,87.2222
TJSJ,7/10/2002,89,77,0.0001,60.87999,76.35655,90.3687
TJSJ,7/11/2002,88,77,0.0001,63.249527,75.037674,87.60026
TJSJ,7/12/2002,89,77,0,67.5795,77.77924,84.6941
TJSJ,7/13/2002,91,78,0.03,57.49431,76.74439,94.2687
TJSJ,7/14/2002,89,75,2.22,63.249527,79.99159,97.04129
TJSJ,7/15/2002,88,76,0.01,59.049355,77.2479,92.96513
TJSJ,7/16/2002,88,80,0.0001,59.049355,71.92974,79.2676
TJSJ,7/17/2002,88,75,0.18,63.142265,77.94023,94.14301
TJSJ,7/18/2002,91,75,0,55.312664,72.194885,87.60026
TJSJ,7/19/2002,89,77,0.0001,56.916435,74.12761,87.60026
TJSJ,7/20/2002,90,77,0.16,61.125313,77.044014,93.0885
TJSJ,7/21/2002,88,78,0.0001,59.164536,71.906624,84.5256
TJSJ,7/22/2002,89,74,0.3,59.302208,79.20977,94.14301
TJSJ,7/23/2002,89,77,0.22,65.30986,81.502914,94.18534
TJSJ,7/24/2002,89,78,0.11,67.5795,81.316765,93.0885
TJSJ,7/25/2002,89,79,0.05,65.30986,77.6054,90.4094
TJSJ,7/26/2002,88,79,0,65.580185,76.203285,87.695145
TJSJ,7/27/2002,87,76,0.65,74.50838,84.629585,97.07821
TJSJ,7/28/2002,87,78,0.07,69.73445,83.46617,97.07821
TJSJ,7/29/2002,91,78,0,65.08342,80.7341,90.4094
TJSJ,7/30/2002,89,79,0.01,67.48165,80.431435,93.670876
TJSJ,7/31/2002,87,78,0,69.84597,78.61455,87.695145
TJSJ,8/1/2002,88,78,0,63.142265,74.34295,87.695145
TJSJ,8/2/2002,90,77,0,61.363068,74.17668,87.60026
TJSJ,8/3/2002,90,78,0,63.377693,75.96062,87.695145
TJSJ,8/4/2002,88,77,0.0001,63.249527,76.03997,84.6417
TJSJ,8/5/2002,89,77,0.13,65.580185,78.6331,90.3345
TJSJ,8/6/2002,92,76,0.07,50.22918,72.59029,93.6205
TJSJ,8/7/2002,90,78,0.1,59.302208,77.70237,87.2222
TJSJ,8/8/2002,91,78,0.07,67.14597,80.93752,90.4094
TJSJ,8/9/2002,91,77,0.01,59.553066,76.854546,90.3687
TJSJ,8/10/2002,89,77,0.27,67.5795,82.67616,93.0885
TJSJ,8/11/2002,89,77,0.01,63.377693,80.59086,93.6205
TJSJ,8/12/2002,92,75,0,57.177517,74.664375,90.80131
TJSJ,8/13/2002,90,75,0.23,65.30986,77.86135,93.6205
TJSJ,8/14/2002,88,77,0.05,63.013004,78.73262,90.3345
TJSJ,8/15/2002,91,78,0.16,59.41648,80.19655,94.2687
TJSJ,8/16/2002,87,77,0.31,77.231,86.58649,96.5182
TJSJ,8/17/2002,88,78,0.07,69.53894,79.15535,90.3687
TJSJ,8/18/2002,85,74,1.07,79.34958,87.918594,94.18534
TJSJ,8/19/2002,91,75,0,53.727047,77.31376,96.4461
TJSJ,8/20/2002,89,78,0.01,63.249527,77.13782,87.695145
TJSJ,8/21/2002,89,80,0.05,72.597,80.123276,94.2687
TJSJ,8/22/2002,89,78,0,67.5795,78.79914,87.1241
TJSJ,8/23/2002,90,78,0.0001,60.87999,78.28094,87.695145
TJSJ,8/24/2002,89,77,0.0001,67.48165,77.604706,90.2933
TJSJ,8/25/2002,90,77,0.36,57.64435,78.53717,93.6205
TJSJ,8/26/2002,89,76,0.11,61.125313,78.48442,90.3687
TJSJ,8/27/2002,89,77,0.07,61.363068,78.04615,93.0885
TJSJ,8/28/2002,88,77,0,65.580185,78.077515,87.737915
TJSJ,8/29/2002,88,76,0.08,69.53894,81.383415,93.59277
TJSJ,8/30/2002,87,75,0.66,74.50838,88.19288,100
TJSJ,8/31/2002,88,77,0.22,74.70195,86.703354,96.4747
TJSJ,9/1/2002,83,74,0.51,74.24337,88.05699,100
TJSJ,9/2/2002,88,76,0,65.08342,80.60679,100
TJSJ,9/3/2002,88,77,0,65.08342,79.16959,90.2933
TJSJ,9/4/2002,89,77,0,65.354546,77.29715,90.2933
TJSJ,9/5/2002,90,77,0,57.177517,75.22129,87.1241
TJSJ,9/6/2002,94,78,0,47.221325,73.742805,87.78896
TJSJ,9/7/2002,94,79,0,52.2368,74.01001,90.3687
TJSJ,9/8/2002,93,76,0,55.71818,73.87494,87.60026
TJSJ,9/9/2002,92,79,0.09,46.93265,73.76249,90.982346
TJSJ,9/10/2002,91,77,0.06,55.4582,76.61894,94.2687
TJSJ,9/11/2002,92,79,0.06,61.605896,76.06214,90.3687
TJSJ,9/12/2002,92,80,0,57.436607,73.45108,84.6417
TJSJ,9/13/2002,90,77,0.12,63.377693,76.16924,87.8397
TJSJ,9/14/2002,90,78,0.34,63.377693,77.64844,96.4901
TJSJ,9/15/2002,87,74,1.06,74.50838,90.00364,100
TJSJ,9/16/2002,89,74,0.52,60.87999,81.87062,100
TJSJ,9/17/2002,90,76,0.02,61.125313,77.26103,93.6205
TJSJ,9/18/2002,88,75,0.46,65.08342,82.565056,100
TJSJ,9/19/2002,89,76,0.0001,63.013004,79.31731,93.59277
TJSJ,9/20/2002,91,76,1.07,63.377693,79.82112,94.14301
TJSJ,9/21/2002,91,75,0,55.723522,75.5372,93.59277
TJSJ,9/22/2002,89,76,0,60.87999,78.5527,90.2933
TJSJ,9/23/2002,89,78,0.34,70.04896,86.743935,94.2687
TJSJ,9/24/2002,88,73,1.39,74.702,88.4828,96.4461
TJSJ,9/25/2002,84,75,0.44,79.198875,87.56231,93.08852
TJSJ,9/26/2002,85,73,0.96,64.9068,85.66171,93.08852
TJSJ,9/27/2002,89,75,0,57.18277,79.292435,93.52941
TJSJ,9/28/2002,90,78,0,61.605896,81.34553,96.4901
TJSJ,9/29/2002,88,78,0,65.354546,79.08318,93.0885
TJSJ,9/30/2002,92,78,0,55.71818,74.582825,93.0885
TJSJ,10/1/2002,89.1,77,0.02,70.00456,80.738014,93.6205
TJSJ,10/2/2002,88,77,0.41,74.3291,83.87784,93.0885
TJSJ,10/3/2002,88,76,0.25,72.079994,84.84196,93.670876
TJSJ,10/4/2002,89,75,0.32,71.975334,84.84096,96.4901
TJSJ,10/5/2002,88,76,0.01,71.92741,82.246605,93.6205
TJSJ,10/6/2002,88,77,0.01,67.393654,79.14337,93.0885
TJSJ,10/7/2002,88,76,0,65.08342,79.188644,93.59277
TJSJ,10/8/2002,90,75,0.11,57.64435,83.340256,96.4901
TJSJ,10/9/2002,86,74,0.0001,69.84597,85.023346,93.670876
TJSJ,10/10/2002,87,75,0.13,74.42529,85.90187,100
TJSJ,10/11/2002,88,74,0,60.87999,82.30517,97.01743
TJSJ,10/12/2002,89,76,0.0001,69.53894,81.8644,93.6205
TJSJ,10/13/2002,89,76,0,70.15888,83.49061,93.6205
TJSJ,10/14/2002,88,76,0,65.08342,81.221,90.3687
TJSJ,10/15/2002,89,76,1.1,66.3535,87.41595,100
TJSJ,10/16/2002,91,75,0,63.25543,81.78988,100
TJSJ,10/17/2002,92,76,0.0001,52.1115,79.6977,93.6205
TJSJ,10/18/2002,88,77,0.05,69.53894,82.397194,96.4747
TJSJ,10/19/2002,88,76,0.02,67.36371,83.71301,97.041534
TJSJ,10/20/2002,87,75,0.93,74.50838,88.63745,100
TJSJ,10/21/2002,87,77,0.0001,67.36371,86.41684,100
TJSJ,10/22/2002,89,76,0.12,67.48165,82.91176,96.4901
TJSJ,10/23/2002,87,75,0.01,65.08342,82.78522,96.4461
TJSJ,10/24/2002,87,74,0.74,67.36371,84.890015,94.14301
TJSJ,10/25/2002,87,76,0.21,71.92741,83.32741,94.2687
TJSJ,10/26/2002,87,76,0.14,71.975334,85.95807,93.6205
TJSJ,10/27/2002,88,76,0.01,61.363068,79.82844,90.3345
TJSJ,10/28/2002,87,77,0,65.08342,77.88242,90.2933
TJSJ,10/29/2002,87,74,0.13,60.88,80.338806,94.14301
TJSJ,10/30/2002,87,75,0.0001,65.354546,78.31444,90.2933
TJSJ,10/31/2002,87,76,0.09,69.84597,79.87481,93.6205
TJSJ,11/1/2002,88,75,0.0001,63.142265,79.541084,90.80131
TJSJ,11/2/2002,86,75,0.11,71.975334,83.22906,93.59277
TJSJ,11/3/2002,87,76,0,69.53894,83.03685,94.18534
TJSJ,11/4/2002,88,77,0,59.164536,77.08588,90.3345
TJSJ,11/5/2002,88,75,0,63.142265,76.16929,90.2171
TJSJ,11/6/2002,87,73,0,65.2306,76.05808,87.60026
TJSJ,11/7/2002,87,76,0,60.9838,76.6861,87.60026
TJSJ,11/8/2002,87,74,0,61.1182,77.521866,90.80131
TJSJ,11/9/2002,87,75,0.09,65.354546,83.871216,97.041534
TJSJ,11/10/2002,88,76,0.0001,63.249527,80.87774,90.80131
TJSJ,11/11/2002,88,75,0.06,63.249527,82.95925,96.4461
TJSJ,11/12/2002,87,75,0.15,67.36371,83.40647,100
TJSJ,11/13/2002,87,74,0,71.782036,82.373856,93.59277
TJSJ,11/14/2002,90,76,0,59.302208,75.455765,94.14301
TJSJ,11/15/2002,87,75,0,71.975334,84.53039,93.56953
TJSJ,11/16/2002,88,75,0.02,63.142265,82.36699,93.59277
TJSJ,11/17/2002,86,75,0.38,71.975334,87.141266,100
TJSJ,11/18/2002,85,74,0.66,74.50657,89.57265,100
TJSJ,11/19/2002,84,71,0.72,66.92626,85.239624,100
TJSJ,11/20/2002,85,73,0,76.69613,85.41071,97.01743
TJSJ,11/21/2002,88,73,0,65.580185,85.49596,100
TJSJ,11/22/2002,90,76,0.0001,61.125313,84.53424,100
TJSJ,11/23/2002,87,76,0,74.50838,88.5118,100
TJSJ,11/24/2002,87,76,0.09,74.50838,89.15011,100
TJSJ,11/25/2002,87,75,0.29,74.60542,91.179016,100
TJSJ,11/26/2002,86,75,0.07,74.50838,90.48979,100
TJSJ,11/27/2002,88,75,0.01,74.50838,88.50988,100
TJSJ,11/28/2002,86,73,0,77.231,89.9425,100
TJSJ,11/29/2002,85,71,0,79.498726,91.48099,100
TJSJ,11/30/2002,86,72,0,80.0404,91.826744,100
TJSJ,12/1/2002,86,71,0,79.64634,92.0691,100
TJSJ,12/2/2002,86,74,0.01,82.4493,94.07909,100
TJSJ,12/3/2002,86,74,0.06,63.2692,76.26199,100
TJSJ,12/4/2002,85,73,0.83,76.52957,87.54873,100
TJSJ,12/5/2002,85,74,0.53,69.64109,84.41673,94.14301
TJSJ,12/6/2002,84,74,0,65.0019,80.94366,87.60026
TJSJ,12/7/2002,85,72,0,65.1269,78.04324,87.5043
TJSJ,12/8/2002,85,71,0.1,76.52957,87.666306,97.041534
TJSJ,12/9/2002,85,73,0.08,72.30214,85.96161,100
TJSJ,12/10/2002,85,73,0.05,67.14597,84.12767,97.01743
TJSJ,12/11/2002,85,74,0.31,72.10829,89.65013,100
TJSJ,12/12/2002,84,73,0.11,76.69613,88.31226,100
TJSJ,12/13/2002,84,72,0.23,74.14805,90.20437,100
TJSJ,12/14/2002,85,72,0.03,63.2692,88.14041,100
TJSJ,12/15/2002,87,71,0,67.36371,89.02993,100
TJSJ,12/16/2002,85,72,0,69.685555,86.63664,100
TJSJ,12/17/2002,85,74,0.0001,79.26757,90.89183,97.041534
TJSJ,12/18/2002,83,73,0,69.4343,85.30755,100
TJSJ,12/19/2002,83,72,0.13,64.8973,80.88089,94.10022
TJSJ,12/20/2002,84,73,0.26,62.533913,71.103874,96.417175
TJSJ,12/21/2002,84,73,0.3,69.5285,82.95115,96.417175
TJSJ,12/22/2002,81,74,0.56,74.14805,86.73046,94.14301
TJSJ,12/23/2002,85,73,0.0001,67.14597,82.65138,93.54147
TJSJ,12/24/2002,85,72,0.06,63.2692,81.303795,90.728714
TJSJ,12/25/2002,83,72,0.02,74.14805,83.34318,90.2171
TJSJ,12/26/2002,85,72,0.0001,65.0019,82.76986,93.54147
TJSJ,12/27/2002,86,72,0.0001,52.753742,77.58468,93.51795
TJSJ,12/28/2002,85,70,0.0001,53.208717,74.89432,90.13999
TJSJ,12/29/2002,86,69,0,54.77119,78.39926,93.46576
TJSJ,12/30/2002,83,71,0.9,65.026215,81.51461,100
TJSJ,12/31/2002,85,72,0.0001,59.135,79.39728,93.51795
TJSJ,1/1/2003,82,73,0.73,65.74351,82.60616,94.14301
TJSJ,1/2/2003,82,73,0.18,69.897545,86.19712,94.14301
TJSJ,1/3/2003,86,72,0,55.044296,78.63984,94.10022
TJSJ,1/4/2003,85,70,0,62.02914,79.87703,94.05696
TJSJ,1/5/2003,81,72,0.48,65.536865,85.12002,100
TJSJ,1/6/2003,85,71,0,58.07999,74.12335,84.45763
TJSJ,1/7/2003,87,70,0,51.210354,74.77598,96.3879
TJSJ,1/8/2003,86,72,0,55.044296,79.65633,94.14301
TJSJ,1/9/2003,84,71,0.0001,65.74351,79.63282,94.10022
TJSJ,1/10/2003,88,72,0,55.1909,76.29019,94.10022
TJSJ,1/11/2003,86,72,0,54.798595,76.94268,94.10022
TJSJ,1/12/2003,84,72,0.0001,62.02914,78.31615,94.05696
TJSJ,1/13/2003,83,69,0.0001,64.8973,78.00888,90.062
TJSJ,1/14/2003,84,72,0,65.94849,79.55538,88.588776
TJSJ,1/15/2003,87,74,0,51.36681,75.08754,94.10022
TJSJ,1/16/2003,85,70,0.09,60.8714,82.766975,94.14301
TJSJ,1/17/2003,86,72,0.0001,48.581966,76.24041,94.05696
TJSJ,1/18/2003,85,71,0.01,63.2692,77.878685,94.05696
TJSJ,1/19/2003,85,71,0,54.798595,74.59132,94.05696
TJSJ,1/20/2003,83,71,0.01,64.8973,78.20278,90.32327
TJSJ,1/21/2003,85,73,0.01,60.8714,78.16449,94.10022
TJSJ,1/22/2003,85,69,0,58.315598,74.516815,90.062
TJSJ,1/23/2003,83,71,0.0001,61.807594,77.80013,88.5888
TJSJ,1/24/2003,87,72,1.15,51.724586,76.52534,100
TJSJ,1/25/2003,81,71,1.08,69.71026,87.85689,100
TJSJ,1/26/2003,83,71,0.11,65.74351,84.1328,100
TJSJ,1/27/2003,84,71,0.0001,58.07999,78.74275,96.3879
TJSJ,1/28/2003,84,70,0.0001,56.7175,75.19345,94.05696
TJSJ,1/29/2003,83,72,0.26,65.74351,80.653015,94.05696
TJSJ,1/30/2003,85,70,0.02,58.315598,81.152435,94.10022
TJSJ,1/31/2003,82,71,0.46,65.32855,82.33463,94.10022
TJSJ,2/1/2003,85,70,0,54.798595,76.14459,94.05696
TJSJ,2/2/2003,83,73,0.01,67.4378,77.99181,90.32327
TJSJ,2/3/2003,84,72,0.01,54.798595,78.55797,88.588776
TJSJ,2/4/2003,80,73,0.52,69.71026,87.30388,94.14301
TJSJ,2/5/2003,84,71,0.03,74.114944,85.24714,100
TJSJ,2/6/2003,85,72,0.02,61.807594,77.909035,94.05696
TJSJ,2/7/2003,83,73,0.46,56.7175,80.21035,94.10022
TJSJ,2/8/2003,84,72,0.08,65.1269,80.77869,94.05696
TJSJ,2/9/2003,85,73,0.06,63.0313,80.0334,100
TJSJ,2/10/2003,82,71,0.29,65.32855,80.99672,94.10022
TJSJ,2/11/2003,83,70,0.08,69.27759,82.24578,94.14301
TJSJ,2/12/2003,87,72,0.01,35.52903,75.83754,94.10022
TJSJ,2/13/2003,84,73,0,60.8714,77.12628,94.10022
TJSJ,2/14/2003,84,69,0.0001,61.58435,78.54473,88.588776
TJSJ,2/15/2003,84,72,0.0001,60.7359,75.08022,88.507805
TJSJ,2/16/2003,84,73,0.16,58.07999,80.70778,94.10022
TJSJ,2/17/2003,85,73,0.04,58.315598,81.66808,94.14301
TJSJ,2/18/2003,85,72,0.05,58.07999,77.968765,90.39978
TJSJ,2/19/2003,83,72,0.03,65.74351,78.89888,94.10022
TJSJ,2/20/2003,84,72,0.2,54.551235,78.516,94.14301
TJSJ,2/21/2003,82,72,0.04,60.365044,78.901695,94.05696
TJSJ,2/22/2003,86,73,0,51.36681,72.38093,88.507805
TJSJ,2/23/2003,85,74,0,54.551235,68.80425,88.507805
TJSJ,2/24/2003,85,70,0,65.32855,77.25647,90.0191
TJSJ,2/25/2003,84,71,0.13,65.74351,79.92445,100
TJSJ,2/26/2003,85,69,0,54.551235,73.36148,94.05696
TJSJ,2/27/2003,85,70,0.0001,58.07999,78.67843,94.05696
TJSJ,2/28/2003,85,70,0,58.07999,76.128944,94.05696
TJSJ,3/1/2003,85,71,0,58.315598,75.566475,94.05696
TJSJ,3/2/2003,85,72,0.07,61.807594,79.22536,94.10022
TJSJ,3/3/2003,85,69,0.0001,60.7359,80.59037,94.14301
TJSJ,3/4/2003,87,73,0,48.581966,73.345375,94.10022
TJSJ,3/5/2003,87,71,0,51.36681,71.812515,84.337776
TJSJ,3/6/2003,86,74,0.01,58.07999,73.390495,88.588776
TJSJ,3/7/2003,86,74,0,61.1182,75.63714,84.57616
TJSJ,3/8/2003,85,74,0.07,65.1269,80.16551,94.14301
TJSJ,3/9/2003,86,73,0.02,58.549522,76.859695,94.10022
TJSJ,3/10/2003,88,73,0.0001,45.87598,72.295906,90.32327
TJSJ,3/11/2003,87,71,0.0001,56.9815,74.04558,88.507805
TJSJ,3/12/2003,86,72,0.04,60.8714,74.96474,90.39978
TJSJ,3/13/2003,85,73,0.0001,54.798595,70.75009,88.588776
TJSJ,3/14/2003,86,73,0.0001,47.906834,67.58027,84.45763
TJSJ,3/15/2003,88,73,0.01,51.724586,70.00374,88.507805
TJSJ,3/16/2003,88,72,0.0001,45.60833,66.932236,83.32391
TJSJ,3/17/2003,87,73,0,45.87598,65.94121,83.32391
TJSJ,3/18/2003,90,74,0,45.87598,68.88341,88.507805
TJSJ,3/19/2003,88,76,0.0001,51.649754,74.29924,84.57616
TJSJ,3/20/2003,86,74,0,60.9838,77.13144,94.10022
TJSJ,3/21/2003,85,74,0,62.02914,75.31434,94.10022
TJSJ,3/22/2003,84,75,0.02,60.7359,72.29277,94.14301
TJSJ,3/23/2003,85,73,0.04,54.798595,73.03606,94.10022
TJSJ,3/24/2003,90,73,0.02,40.604,65.03416,88.507805
TJSJ,3/25/2003,92,75,0.0001,40.898205,64.50529,90.39978
TJSJ,3/26/2003,87,75,0,59.135,78.48612,100
TJSJ,3/27/2003,84,73,0.23,72.10829,84.85761,100
TJSJ,3/28/2003,86,74,0.01,67.4378,79.69304,94.10022
TJSJ,3/29/2003,86,74,0.0001,67.6068,78.62144,90.39978
TJSJ,3/30/2003,85,75,0.0001,58.07999,72.004265,88.588776
TJSJ,3/31/2003,85,74,0,60.9838,74.84283,83.55026
TJSJ,4/1/2003,83,75,0.06,64.8973,76.78118,88.588776
TJSJ,4/2/2003,85,74,0.04,60.7359,72.11905,88.588776
TJSJ,4/3/2003,85,74,0.39,69.5285,80.40911,94.14301
TJSJ,4/4/2003,86,73,0.39,47.906834,74.70468,100
TJSJ,4/5/2003,83,74,0.2,73.9485,85.92013,94.14301
TJSJ,4/6/2003,90,73,0.03,51.80454,81.044945,100
TJSJ,4/7/2003,84,75,0,67.4378,78.23387,94.14301
TJSJ,4/8/2003,82,74,0.01,65.74351,76.3319,94.10022
TJSJ,4/9/2003,84,74,0.85,69.27759,80.87767,94.14301
TJSJ,4/10/2003,85,73,0.17,65.74351,80.864204,94.10022
TJSJ,4/11/2003,82,73,0.78,76.6996,90.80941,100
TJSJ,4/12/2003,89,74,0.0001,55.1909,76.230965,100
TJSJ,4/13/2003,89,74,0.0001,55.28835,79.603,94.14301
TJSJ,4/14/2003,88,73,0.02,53.208717,76.70978,100
TJSJ,4/15/2003,84,70,0.32,69.4343,81.73748,100
TJSJ,4/16/2003,87,74,0.01,58.549522,76.83393,90.7287
TJSJ,4/17/2003,78,71,0.7,78.62098,95.15926,100
TJSJ,4/18/2003,81,69,0.81,83.66177,91.91813,100
TJSJ,4/19/2003,83,71,0.09,67.177505,85.14581,94.10022
TJSJ,4/20/2003,86,74,0.99,65.94849,87.47367,100
TJSJ,4/21/2003,85,74,0.55,65.1269,87.52115,100
TJSJ,4/22/2003,82,74,0.45,69.27759,86.36885,100
TJSJ,4/23/2003,83,74,2.44,74.2799,88.75372,100
TJSJ,4/24/2003,85,74,0.04,70.0832,84.51069,100
TJSJ,4/25/2003,85,74,0.0001,70.083244,83.548416,94.14301
TJSJ,4/26/2003,90,77,0.03,57.1246,75.91135,88.668915
TJSJ,4/27/2003,90,75,0,58.781776,73.068985,94.14301
TJSJ,4/28/2003,90,75,0,55.530766,70.94504,84.5256
TJSJ,4/29/2003,91,75,0,48.19906,70.18276,88.588776
TJSJ,4/30/2003,89,74,0,57.1246,74.75547,90.39978
TJSJ,5/1/2003,89,76,0,51.649754,74.31379,88.588776
TJSJ,5/2/2003,88,77,0,62.467205,77.84658,88.668915
TJSJ,5/3/2003,88,75,0.08,60.8714,76.26923,90.39978
TJSJ,5/4/2003,87,74,0.0001,51.978363,72.12302,88.507805
TJSJ,5/5/2003,88,74,0.02,58.781776,74.55178,88.588776
TJSJ,5/6/2003,86,73,0.14,62.02914,78.12943,94.10022
TJSJ,5/7/2003,86,74,0.09,62.249004,77.372055,94.14301
TJSJ,5/8/2003,86,75,0.03,60.7359,76.74709,90.39978
TJSJ,5/9/2003,88,75,0.0001,62.249004,74.2104,88.668915
TJSJ,5/10/2003,88,74,0.0001,55.28835,73.802345,94.10022
TJSJ,5/11/2003,86,75,0.01,60.8714,73.71383,88.588776
TJSJ,5/12/2003,86,74,0.0001,61.1182,73.54556,83.32391
TJSJ,5/13/2003,87,74,0.06,58.549522,74.55593,88.588776
TJSJ,5/14/2003,84,75,0.04,65.536865,80.020874,88.668915
TJSJ,5/15/2003,87,73,0.0001,61.1182,74.391464,94.10022
TJSJ,5/16/2003,87,74,0.08,17.795034,72.0515,94.14301
TJSJ,5/17/2003,88,75,0.09,27.5348,75.46298,90.2933
TJSJ,5/18/2003,86,75,0.1,65.94849,83.75394,94.14301
TJSJ,5/19/2003,88,76,0.02,65.2306,78.60199,94.14301
TJSJ,5/20/2003,88,74,0.16,62.467205,83.94581,96.4461
TJSJ,5/21/2003,87,73,0.56,65.94849,84.331345,100
TJSJ,5/22/2003,86,74,0.02,65.2306,81.064354,100
TJSJ,5/23/2003,87,77,0.15,66.15182,81.589676,96.4901
TJSJ,5/24/2003,89,77,0.01,57.3855,79.79061,96.4901
TJSJ,5/25/2003,89,78,0,53.6358,72.47173,87.1241
TJSJ,5/26/2003,90,78,0,61.241543,75.39276,84.5256
TJSJ,5/27/2003,88,77,0,62.467205,76.7196,84.6417
TJSJ,5/28/2003,89,77,0,57.3855,72.80656,84.57616
TJSJ,5/29/2003,90,77,0,52.23055,74.91975,88.668915
TJSJ,5/30/2003,90,75,0,51.80454,69.97924,88.588776
TJSJ,5/31/2003,89,77,0,57.3855,72.59483,87.1241
TJSJ,6/1/2003,88,74,0,62.249004,75.11317,90.39978
TJSJ,6/2/2003,89,73,0.13,58.549522,78.611115,96.678116
TJSJ,6/3/2003,88,76,0.01,57.3855,76.719765,88.668915
TJSJ,6/4/2003,88,73,0.29,55.28835,75.963905,94.14301
TJSJ,6/5/2003,88,75,0.0001,58.549522,79.17345,94.14301
TJSJ,6/6/2003,86,76,0.06,63.2692,77.95593,94.14301
TJSJ,6/7/2003,85,73,0.09,74.2799,85.66768,100
TJSJ,6/8/2003,88,76,0.0001,65.49481,81.763626,94.14301
TJSJ,6/9/2003,88,78,0,66.35352,78.61886,90.3345
TJSJ,6/10/2003,87,77,0,62.249004,75.07466,84.57616
TJSJ,6/11/2003,87,75,0.07,67.4378,80.03889,94.14301
TJSJ,6/12/2003,87,77,0.0001,66.35352,78.33396,87.1241
TJSJ,6/13/2003,87,77,0.01,62.467205,78.46207,88.74824
TJSJ,6/14/2003,87,77,0.06,66.15182,80.43859,96.4747
TJSJ,6/15/2003,83,75,0.4,87.8397,93.74475,100
TJSJ,6/16/2003,87,77,0.02,74.702,86.45075,94.18534
TJSJ,6/17/2003,85,79,0.0001,69.799286,82.44654,90.2933
TJSJ,6/18/2003,87,77,0.0001,74.44338,85.42728,94.22723
TJSJ,6/19/2003,86,76,0.01,70.083244,86.95625,100
TJSJ,6/20/2003,88,76,0.01,70.00456,85.032135,94.26866
TJSJ,6/21/2003,90,77,0.0001,61.241543,83.23691,96.4901
TJSJ,6/22/2003,89,77,0,61.241543,81.31175,96.4901
TJSJ,6/23/2003,90,77,0,62.467205,81.29748,93.0885
TJSJ,6/24/2003,89,78,0,70.00456,84.30838,96.4901
TJSJ,6/25/2003,91,78,0,61.48733,80.29959,100
TJSJ,6/26/2003,90,79,0.0001,59.012367,82.93876,94.26866
TJSJ,6/27/2003,88,78,0.07,62.467205,82.78207,94.22723
TJSJ,6/28/2003,89,76,0.44,66.35352,85.631546,100
TJSJ,6/29/2003,88,78,0,66.35352,82.17311,90.4094
TJSJ,6/30/2003,88,79,0.0001,74.6054,83.14872,94.26866
TJSJ,7/1/2003,86,76,0.22,78.90113,88.02085,100
TJSJ,7/2/2003,88,75,0.01,70.44994,86.97008,100
TJSJ,7/3/2003,88,76,0.0001,72.597,84.39713,94.22723
TJSJ,7/4/2003,89,78,0.01,70.44994,86.90583,100
TJSJ,7/5/2003,88,78,0.0001,72.597,83.625534,94.22723
TJSJ,7/6/2003,88,75,0.46,77.4797,93.53896,100
TJSJ,7/7/2003,89,80,0.0001,55.530766,81.827995,100
TJSJ,7/8/2003,88,77,0.6,66.35352,83.54194,100
TJSJ,7/9/2003,86,76,0.08,70.26737,83.959724,94.18534
TJSJ,7/10/2003,88,77,0.01,62.467205,79.78073,94.18534
TJSJ,7/11/2003,89,77,0,66.35352,77.50418,84.6417
TJSJ,7/12/2003,87,77,0.0001,66.35352,78.802345,88.826744
TJSJ,7/13/2003,82,71,0.96,87.6745,94.183205,100
TJSJ,7/14/2003,87,78,0.0001,70.44994,83.95929,96.4901
TJSJ,7/15/2003,87,78,0.05,70.26737,80.644875,88.74824
TJSJ,7/16/2003,85,75,0.25,80.0404,91.192505,100
TJSJ,7/17/2003,91,74,0.0001,55.71818,84.452545,100
TJSJ,7/18/2003,89,78,0.0001,72.597,89.76234,100
TJSJ,7/19/2003,88,79,0.0001,77.4797,89.94516,100
TJSJ,7/20/2003,88,79,0.0001,74.6054,88.3246,100
TJSJ,7/21/2003,89,77,0.01,65.49481,81.69863,100
TJSJ,7/22/2003,86,76,1.41,77.231,86.849266,100
TJSJ,7/23/2003,88,78,0.02,66.35352,76.53214,90.3687
TJSJ,7/24/2003,87,78,0.0001,62.467205,74.93785,83.66177
TJSJ,7/25/2003,89,77,0.01,66.35352,79.16995,90.4094
TJSJ,7/26/2003,88,77,0.01,66.35352,80.39236,94.26866
TJSJ,7/27/2003,88,78,0.31,66.35352,85.34096,96.4901
TJSJ,7/28/2003,84,76,0.16,78.90113,88.02143,96.4747
TJSJ,7/29/2003,89,78,0.0001,58.781776,76.66959,88.74824
TJSJ,7/30/2003,87,78,0.01,66.15182,77.18437,84.6941
TJSJ,7/31/2003,87,77,0.07,66.35352,79.76988,93.0885
TJSJ,8/1/2003,89,77,0.16,66.35352,82.801544,100
TJSJ,8/2/2003,86,77,0.08,70.26737,83.02181,94.22723
TJSJ,8/3/2003,88,77,0,66.35352,78.5255,88.668915
TJSJ,8/4/2003,88,77,0,62.467205,77.32292,88.74824
TJSJ,8/5/2003,87,77,0.0001,62.249004,75.86087,84.6941
TJSJ,8/6/2003,86,76,0.33,77.231,86.782486,94.2687
TJSJ,8/7/2003,88,77,0.06,66.35352,83.45519,90.3687
TJSJ,8/8/2003,88,77,0.02,66.3535,80.3893,94.18534
TJSJ,8/9/2003,90,77,0.16,62.683746,81.19594,94.22723
TJSJ,8/10/2003,88,78,0,66.35352,77.83169,87.2222
TJSJ,8/11/2003,86,77,0.1,66.15182,79.18334,94.18534
TJSJ,8/12/2003,90,75,0.16,62.467205,77.80208,94.14301
TJSJ,8/13/2003,89,76,0.0001,70.00456,79.35779,94.14301
TJSJ,8/14/2003,89,79,0.06,62.683746,79.37334,90.3687
TJSJ,8/15/2003,89,77,0.05,65.26648,80.0162,94.18534
TJSJ,8/16/2003,90,76,0,59.012367,74.80119,90.2933
TJSJ,8/17/2003,89,77,0.04,62.467205,74.56091,87.1241
TJSJ,8/18/2003,86,75,0.7,66.35352,85.90696,94.22723
TJSJ,8/19/2003,89,77,0.02,66.35352,79.65428,94.22723
TJSJ,8/20/2003,88,78,0.0001,70.26737,80.92111,90.4094
TJSJ,8/21/2003,88,74,1.19,66.35352,81.75615,94.14301
TJSJ,8/22/2003,86,76,0.21,72.30214,85.08023,94.18534
TJSJ,8/23/2003,89,78,0.01,66.35352,80.124886,93.0885
TJSJ,8/24/2003,89,76,0.01,66.35352,79.9559,94.26866
TJSJ,8/25/2003,87,76,1.3,79.17608,90.10718,100
TJSJ,8/26/2003,87,76,0.08,66.15182,84.36065,96.4901
TJSJ,8/27/2003,89,78,0.0001,70.00456,80.88185,90.4094
TJSJ,8/28/2003,86,76,0.44,74.44338,84.51814,96.4901
TJSJ,8/29/2003,84,76,0.4,74.2799,86.536644,94.18534
TJSJ,8/30/2003,88,76,0.07,70.44994,84.65639,100
TJSJ,8/31/2003,89,76,0,70.00456,81.796745,94.18534
TJSJ,9/1/2003,88,77,0.18,70.00456,83.47543,96.4747
TJSJ,9/2/2003,88,78,0.18,74.44338,82.71737,94.2687
TJSJ,9/3/2003,88,79,0,69.897545,79.11441,94.2687
TJSJ,9/4/2003,91,78,0.0001,55.28835,73.73869,84.6941
TJSJ,9/5/2003,94,78,0.0001,48.9909,73.98651,90.4094
TJSJ,9/6/2003,89,79,0.05,59.012367,76.407265,88.74824
TJSJ,9/7/2003,88,77,0.22,66.15182,80.36139,96.4747
TJSJ,9/8/2003,88,77,0.37,62.02914,80.470406,94.18534
TJSJ,9/9/2003,90,78,0,59.012367,75.78624,84.6941
TJSJ,9/10/2003,88,79,0.0001,62.467205,75.66563,84.6417
TJSJ,9/11/2003,89,78,0.01,62.467205,79.050255,90.3687
TJSJ,9/12/2003,88,77,0,62.467205,78.211555,90.3345
TJSJ,9/13/2003,88,77,0.08,66.15182,77.53705,90.3687
TJSJ,9/14/2003,94,77,0,48.836,67.9906,81.55377
TJSJ,9/15/2003,92,81,0,57.9012,71.17997,84.6941
TJSJ,9/16/2003,92,78,0.03,59.012367,76.24062,93.0885
TJSJ,9/17/2003,93,78,0,49.619205,74.149605,90.3687
TJSJ,9/18/2003,90,78,0,58.781776,72.748825,84.5785
TJSJ,9/19/2003,89,77,0.17,59.012367,75.72842,90.3345
TJSJ,9/20/2003,86,73,1.61,65.26648,85.70007,94.18534
TJSJ,9/21/2003,86,72,1.11,72.30214,86.35876,100
TJSJ,9/22/2003,88,74,0.09,61.241543,80.34568,96.4461
TJSJ,9/23/2003,88,77,0.0001,69.799286,79.92476,90.2933
TJSJ,9/24/2003,89,77,0,62.683746,79.098274,94.18534
TJSJ,9/25/2003,89,78,0.0001,62.683746,79.456116,90.3687
TJSJ,9/26/2003,90,79,0.09,66.35352,79.98209,88.90445
TJSJ,9/27/2003,90,80,0,62.683746,77.91605,88.826744
TJSJ,9/28/2003,89,77,0,58.781776,73.19465,81.6337
TJSJ,9/29/2003,88,77,0.3,66.35352,79.16315,94.18534
TJSJ,9/30/2003,88,79,0.01,62.467205,76.14577,88.74824
TJSJ,10/1/2003,88,76,0.02,61.241543,77.674515,90.3345
TJSJ,10/2/2003,89,78,0,58.781776,75.8525,88.74824
TJSJ,10/3/2003,87,77,0,62.467205,76.33242,90.2933
TJSJ,10/4/2003,88,77,0.0001,62.467205,75.62757,88.668915
TJSJ,10/5/2003,88,76,0,58.781776,73.88737,84.5256
TJSJ,10/6/2003,88,77,0,61.241543,73.50272,84.5256
TJSJ,10/7/2003,88,74,0.0001,62.467205,78.75358,90.3687
TJSJ,10/8/2003,89,76,0.01,66.1518,81.32213,94.26866
TJSJ,10/9/2003,84,75,0.55,78.76171,90.37164,100
TJSJ,10/10/2003,80,73,1.53,87.5043,93.10582,100
TJSJ,10/11/2003,88,75,0.1,69.799286,85.18864,96.4461
TJSJ,10/12/2003,89,76,0.21,62.467205,83.52277,94.18534
TJSJ,10/13/2003,90,75,0,58.781776,78.00328,100
TJSJ,10/14/2003,91,78,0.03,46.142197,75.80267,90.3345
TJSJ,10/15/2003,90,77,0.08,59.012367,80.38399,94.2687
TJSJ,10/16/2003,87,76,0.1,62.467205,82.12605,94.22723
TJSJ,10/17/2003,88,76,0,62.467205,79.91006,96.4747
TJSJ,10/18/2003,88,76,0.22,66.35352,81.27395,93.0885
TJSJ,10/19/2003,89,75,0,62.467205,78.63899,94.14301
TJSJ,10/20/2003,88,75,0,66.35352,81.9578,94.14301
TJSJ,10/21/2003,85,76,0.16,74.2799,82.68007,94.18534
TJSJ,10/22/2003,91,76,0,55.4582,75.28302,90.3345
TJSJ,10/23/2003,87,77,0.0001,62.249004,78.19101,90.2933
TJSJ,10/24/2003,92,76,0.0001,50.6661,78.070435,94.14301
TJSJ,10/25/2003,88,75,0.03,65.49481,78.802574,94.14301
TJSJ,10/26/2003,86,76,0.24,74.42529,83.77671,94.14301
TJSJ,10/27/2003,89,75,0.0001,62.249004,78.05444,94.14301
TJSJ,10/28/2003,89,76,0.0001,55.28835,77.43766,88.668915
TJSJ,10/29/2003,91,76,0.01,48.7064,77.74004,88.668915
TJSJ,10/30/2003,86,75,0.53,69.52137,79.903725,94.14301
TJSJ,10/31/2003,86,72,1.01,69.59207,85.11872,100
TJSJ,11/1/2003,87,72,0.2,62.467205,83.81678,90.32327
TJSJ,11/2/2003,87,76,0.68,67.6068,84.461586,94.18534
TJSJ,11/3/2003,88,77,0.02,65.49481,82.1302,90.3345
TJSJ,11/4/2003,87,76,0.25,66.1518,83.41311,94.18534
TJSJ,11/5/2003,88,76,0.5,58.781776,74.92821,100
TJSJ,11/6/2003,88,74,0.19,66.35352,85.66226,100
TJSJ,11/7/2003,89,75,0.15,65.49481,84.624825,96.4461
TJSJ,11/8/2003,87,74,0.22,70.26737,87.51861,100
TJSJ,11/9/2003,84,73,0.86,74.44338,90.256454,100
TJSJ,11/10/2003,86,75,0.77,74.44338,90.41354,100
TJSJ,11/11/2003,85,75,0.14,74.2799,88.32479,100
TJSJ,11/12/2003,78,75,0.54,87.48222,94.59782,100
TJSJ,11/13/2003,82,75,1.27,78.90113,93.65934,100
TJSJ,11/14/2003,89,75,0.26,62.467205,84.61417,100
TJSJ,11/15/2003,85,75,0.7,72.30214,87.45909,100
TJSJ,11/16/2003,84,75,0.5,74.24337,81.42964,100
TJSJ,11/17/2003,82,76,1.83,78.76171,91.23648,100
TJSJ,11/18/2003,87,74,0.38,66.15182,88.46599,100
TJSJ,11/19/2003,84,73,0.01,69.59207,84.8342,100
TJSJ,11/20/2003,84,73,0.0001,69.5285,82.73836,96.678116
TJSJ,11/21/2003,86,73,0.18,62.249004,80.66697,94.10022
TJSJ,11/22/2003,84,73,0.54,74.24337,87.90789,100
TJSJ,11/23/2003,84,73,0.02,69.897545,82.790306,100
TJSJ,11/24/2003,81,74,1,74.0652,86.91809,100
TJSJ,11/25/2003,83,73,0,65.0019,77.91713,100
TJSJ,11/26/2003,84,76,0,67.4378,73.36735,79.01681
TJSJ,11/27/2003,84,78,0,64.8973,72.1476,79.10189
TJSJ,11/28/2003,85,76,0.0001,64.8973,72.98395,83.437645
TJSJ,11/29/2003,85,72,0.0001,65.1269,80.41806,94.10022
TJSJ,11/30/2003,84,73,0.05,62.02914,76.60538,94.10022
TJSJ,12/1/2003,85,71,0.03,65.74351,79.21656,90.32327
TJSJ,12/2/2003,85,72,0.01,64.8973,77.328026,90.32327
TJSJ,12/3/2003,84,72,0.01,60.7359,74.95995,94.10022
TJSJ,12/4/2003,85,75,0.0001,63.0313,73.52565,88.588776
TJSJ,12/5/2003,82,74,0.82,65.74351,82.51817,100
TJSJ,12/6/2003,79,74,1.45,88.74824,94.93598,100
TJSJ,12/7/2003,84,75,0.32,70.083244,84.96992,96.4461
TJSJ,12/8/2003,80,74,0.65,69.06545,83.15971,100
TJSJ,12/9/2003,82,76,0,57.842686,65.847664,76.193085
TJSJ,12/10/2003,82,74,0.0001,61.807594,73.047966,88.5888
TJSJ,12/11/2003,83,74,0.22,69.5285,86.04309,100
TJSJ,12/12/2003,84,72,0,69.59207,85.738976,100
TJSJ,12/13/2003,84,74,0.13,70.083244,86.35903,96.4461
TJSJ,12/14/2003,84,73,0.07,70.083244,83.885864,96.678116
TJSJ,12/15/2003,85,73,0.01,65.94849,81.76251,94.10022
TJSJ,12/16/2003,85,74,0,65.0019,80.253044,90.39978
TJSJ,12/17/2003,84,75,0.38,65.1269,83.983635,94.14301
TJSJ,12/18/2003,85,73,0,62.7745,81.40287,94.10022
TJSJ,12/19/2003,84,70,0.06,60.8714,82.5556,100
TJSJ,12/20/2003,86,73,0,27.025574,76.52583,94.10022
TJSJ,12/21/2003,84,74,0,67.4378,81.90472,94.14301
TJSJ,12/22/2003,85,72,0.03,65.1269,80.76431,94.10022
TJSJ,12/23/2003,84,73,0.05,65.0019,78.51064,94.10022
TJSJ,12/24/2003,83,72,0,74.114944,85.79139,94.10022
TJSJ,12/25/2003,84,72,0.23,69.5285,86.42807,100
TJSJ,12/26/2003,83,73,0.14,74.114944,87.406746,100
TJSJ,12/27/2003,82,72,0.29,74.114944,85.763885,100
TJSJ,12/28/2003,81,71,0.09,57.842686,71.61519,88.507805
TJSJ,12/29/2003,80,70,0.21,52.3744,62.23465,78.5658
TJSJ,12/30/2003,81,72,0.0001,41.971546,57.813625,68.94494
TJSJ,12/31/2003,81,69,0.05,53.545055,63.87823,88.34331
TJSJ,1/1/2004,82,70,0.03,48.6395,68.63649,86.7675
TJSJ,1/2/2004,79,71,0.19,68.8991,79.131004,94.057
TJSJ,1/3/2004,82,72,0.11,58.1365,70.42943,94.057
TJSJ,1/4/2004,80,72,0.03,64.2645,74.80142,94.057
TJSJ,1/5/2004,81,70,0.2,67.2191,81.69061,96.3879
TJSJ,1/6/2004,78,72,0.61,76.4766,88.777954,100
TJSJ,1/7/2004,82,70,0.02,59.9939,80.986465,96.993
TJSJ,1/8/2004,81,68,0.02,71.3899,83.01542,96.3583
TJSJ,1/9/2004,82,70,0.01,68.5868,84.36256,96.3879
TJSJ,1/10/2004,83,69,0.04,69.4343,85.11243,97.0174
TJSJ,1/11/2004,81,72,0.16,71.3899,86.52102,97.0174
TJSJ,1/12/2004,81,72,0.07,66.7046,82.8696,96.993
TJSJ,1/13/2004,81,71,0,69.2256,80.93709,93.518
TJSJ,1/14/2004,81,71,0.09,73.9652,83.34512,90.7287
TJSJ,1/15/2004,82,70,0.31,66.9263,82.94195,96.3879
TJSJ,1/16/2004,82,70,0,69.3207,80.22422,90.6553
TJSJ,1/17/2004,82,72,0,69.4343,77.18889,88.5078
TJSJ,1/18/2004,81,71,0.0001,71.3899,80.276024,90.7287
TJSJ,1/19/2004,82,69,0,66.9263,81.76629,93.518
TJSJ,1/20/2004,84,73,0.03,67.4378,84.47911,93.5928
TJSJ,1/21/2004,82,70,0,74.0652,84.82445,96.993
TJSJ,1/22/2004,82,71,0,69.3207,83.40336,93.518
TJSJ,1/23/2004,82,72,0,71.3899,81.4939,93.518
TJSJ,1/24/2004,82,72,0.04,59.9939,73.618195,93.518
TJSJ,1/25/2004,80,68,0,55.9745,69.48798,89.9397
TJSJ,1/26/2004,81,69,0.0001,52.1938,67.85377,84.0369
TJSJ,1/27/2004,82,67,0.0001,69.2256,83.33731,90.7287
TJSJ,1/28/2004,86,70,0,60.8714,79.85254,93.4896
TJSJ,1/29/2004,83,73,0,66.9263,80.93394,90.7287
TJSJ,1/30/2004,84,68,0,58.3966,76.64553,90.6553
TJSJ,1/31/2004,88,70,0,53.0308,75.8112,93.4896
TJSJ,2/1/2004,85,69,0,60.7359,80.77139,93.518
TJSJ,2/2/2004,81,72,0.18,76.3613,86.51767,94.143
TJSJ,2/3/2004,83,68,0.04,69.4343,83.820755,96.3879
TJSJ,2/4/2004,83,74,0,58.3966,72.75306,81.922
TJSJ,2/5/2004,83,69,0.0001,64.8973,78.26789,89.9831
TJSJ,2/6/2004,83,72,0.45,60.2464,77.946945,96.993
TJSJ,2/7/2004,82,71,0.05,66.9263,79.373566,96.3879
TJSJ,2/8/2004,84,69,0.0001,64.8973,80.27091,93.437
TJSJ,2/9/2004,82,72,0.05,64.0289,77.24407,94.1002
TJSJ,2/10/2004,83,72,0.13,54.6256,79.63769,96.993
TJSJ,2/11/2004,83,69,0.0001,50.8367,76.82239,93.437
TJSJ,2/12/2004,83,72,0,60.2464,76.423355,90.14
TJSJ,2/13/2004,85,71,0.04,43.1824,74.9614,90.14
TJSJ,2/14/2004,82,72,0.17,66.7046,82.32125,100
TJSJ,2/15/2004,85,71,0.07,51.2489,83.69844,97.0174
TJSJ,2/16/2004,85,71,0.05,58.6546,82.953,96.993
TJSJ,2/17/2004,83,71,0.21,64.8973,82.89369,100
TJSJ,2/18/2004,81,68,0.0001,71.3899,82.39701,96.342
TJSJ,2/19/2004,83,69,0,64.8973,80.18618,93.4896
TJSJ,2/20/2004,81,72,0.1,71.3899,84.23556,94.1002
TJSJ,2/21/2004,78,70,0.44,73.8815,90.88167,100
TJSJ,2/22/2004,83,69,0.01,64.2645,83.0438,100
TJSJ,2/23/2004,82,67,0,66.4809,81.07856,100
TJSJ,2/24/2004,83,70,0,60.2464,78.00036,93.4896
TJSJ,2/25/2004,84,69,0.0001,74.247,85.23681,97.0174
TJSJ,2/26/2004,84,73,0.16,66.9263,83.378105,93.5695
TJSJ,2/27/2004,87,70,0,53.0308,75.31557,93.518
TJSJ,2/28/2004,88,69,0,45.87598,77.74148,100
TJSJ,2/29/2004,78,71,0.46,68.5868,84.67483,100
TJSJ,3/1/2004,82,73,0.0001,54.3521,64.324066,78.723
TJSJ,3/2/2004,81,71,0.06,62.1581,71.11393,94.057
TJSJ,3/3/2004,82,74,0.0001,58.1365,69.32028,83.3239
TJSJ,3/4/2004,83,71,0.04,50.1053,68.55663,93.4658
TJSJ,3/5/2004,84,74,0,52.6554,65.3856,78.8081
TJSJ,3/6/2004,82,74,0,60.2464,71.7973,79.3669
TJSJ,3/7/2004,83,73,0.0001,58.3966,75.003944,87.4515
TJSJ,3/8/2004,87,70,0,51.1205,75.343445,94.0132
TJSJ,3/9/2004,85,69,0.0001,69.5285,85.82768,96.4461
TJSJ,3/10/2004,88,72,0.0001,71.782,88.44714,100
TJSJ,3/11/2004,85,75,0,74.4271,87.35984,100
TJSJ,3/12/2004,85,74,0.05,67.6546,86.32108,100
TJSJ,3/13/2004,84,74,0.01,69.6411,84.40746,97.0415
TJSJ,3/14/2004,83,72,0.3,79.2676,93.49381,100
TJSJ,3/15/2004,83,73,0.03,71.9184,87.48246,96.4461
TJSJ,3/16/2004,84,72,0.0001,69.6411,87.444,100
TJSJ,3/17/2004,86,70,0.0001,74.3291,90.43151,100
TJSJ,3/18/2004,84,72,0.0001,58.3966,86.10416,100
TJSJ,3/19/2004,83,73,0.06,62.2913,81.722305,90.7287
TJSJ,3/20/2004,83,73,0.06,64.8973,79.15999,94.1002
TJSJ,3/21/2004,84,71,0.0001,58.5141,73.53373,87.3539
TJSJ,3/22/2004,85,73,0,54.7739,71.673645,88.5078
TJSJ,3/23/2004,84,70,0,60.2464,77.35869,90.062
TJSJ,3/24/2004,82,72,0.56,69.2256,82.86846,94.1002
TJSJ,3/25/2004,83,72,0.34,62.5339,81.32777,94.057
TJSJ,3/26/2004,81,71,0.35,64.7712,81.35629,94.057
TJSJ,3/27/2004,82,71,0.33,62.2913,77.11517,94.057
TJSJ,3/28/2004,81,72,0.07,64.2645,77.21183,87.3539
TJSJ,3/29/2004,80,69,0.55,66.4809,77.47625,94.057
TJSJ,3/30/2004,82,69,0.04,62.1581,79.76111,90.6553
TJSJ,3/31/2004,82,71,0.04,58.255,76.1604,84.1034
TJSJ,4/1/2004,82,72,0.09,69.2256,80.47492,90.6553
TJSJ,4/2/2004,87,69,0,49.5066,72.45394,93.4658
TJSJ,4/3/2004,88,73,0.03,58.9106,80.07633,93.5695
TJSJ,4/4/2004,82,72,0.02,78.7617,86.11792,94.1002
TJSJ,4/5/2004,87,71,0,65.2306,80.50136,93.518
TJSJ,4/6/2004,85,74,0,58.6546,78.915085,90.7287
TJSJ,4/7/2004,84,73,1.22,71.782,82.82866,97.0174
TJSJ,4/8/2004,85,73,0.02,65.1269,80.3898,97.0174
TJSJ,4/9/2004,85,73,0,69.6411,81.65212,93.5695
TJSJ,4/10/2004,84,73,0,71.5869,81.26407,96.4172
TJSJ,4/11/2004,83,74,0,64.7712,69.458664,79.3669
TJSJ,4/12/2004,84,73,0,62.5339,72.827446,84.8003
TJSJ,4/13/2004,84,74,0.0001,58.5141,69.093094,78.8081
TJSJ,4/14/2004,84,72,0,47.5235,66.50531,81.5744
TJSJ,4/15/2004,84,71,0,64.8973,74.32423,86.7675
TJSJ,4/16/2004,85,73,0,56.509,74.165955,84.8003
TJSJ,4/17/2004,84,72,0,54.7739,73.546425,84.2241
TJSJ,4/18/2004,85,75,0.0001,65.1269,79.066765,90.2171
TJSJ,4/19/2004,83,74,0.22,79.2676,90.05527,96.4461
TJSJ,4/20/2004,83,73,0.6,69.5285,85.29971,100
TJSJ,4/21/2004,83,74,0.04,74.3291,84.74297,97.0174
TJSJ,4/22/2004,86,76,0.0001,69.7345,82.43634,93.5928
TJSJ,4/23/2004,85,74,0.09,69.6411,81.89152,97.0174
TJSJ,4/24/2004,84,74,0.09,71.782,83.046616,94.143
TJSJ,4/25/2004,84,74,0.05,65.1269,81.37631,94.143
TJSJ,4/26/2004,85,73,0.05,65.0019,84.196266,96.4172
TJSJ,4/27/2004,86,72,0.31,61.1182,80.87555,97.0174
TJSJ,4/28/2004,87,75,0.08,57.1246,81.52832,94.143
TJSJ,4/29/2004,85,74,0.12,67.146,79.54782,94.143
TJSJ,4/30/2004,84,74,0.04,65.1269,74.714615,87.5043
TJSJ,5/1/2004,85,73,0.01,65.0019,75.47258,87.4515
TJSJ,5/2/2004,85,74,0.1,67.146,79.10173,90.7287
TJSJ,5/3/2004,83,74,0.53,74.247,87.392784,100
TJSJ,5/4/2004,84,73,0.64,69.5285,87.25353,100
TJSJ,5/5/2004,85,75,0.07,76.5296,86.253334,97.0415
TJSJ,5/6/2004,88,73,0.0001,57.3855,79.85463,97.0174
TJSJ,5/7/2004,86,75,0.0001,71.782,85.95261,100
TJSJ,5/8/2004,85,74,0.0001,76.6961,86.418175,100
TJSJ,5/9/2004,84,78,0.0001,74.4271,82.31561,87.6951
TJSJ,5/10/2004,84,78,0.0001,71.782,79.35183,87.1241
TJSJ,5/11/2004,84,78,0.0001,74.3291,80.183105,87.6951
TJSJ,5/12/2004,83,74,0.85,79.4176,92.30789,100
TJSJ,5/13/2004,83,74,0.02,76.5296,86.44514,100
TJSJ,5/14/2004,80,74,0.85,87.2222,95.30894,100
TJSJ,5/15/2004,83,73,0.2,77.068,89.88593,100
TJSJ,5/16/2004,85,75,0.17,74.3291,84.22766,100
TJSJ,5/17/2004,84,75,0.02,74.3291,82.47191,93.5928
TJSJ,5/18/2004,84,76,0.0001,72.1122,80.97568,93.6205
TJSJ,5/19/2004,83,72,0.66,82.1885,94.15757,100
TJSJ,5/20/2004,84,72,0.95,76.3613,89.76246,100
TJSJ,5/21/2004,79,71,0.33,84.5256,94.46903,100
TJSJ,5/22/2004,80,71,0.16,81.6337,94.61603,100
TJSJ,5/23/2004,76,71,3.62,100,100,100
TJSJ,5/24/2004,82,73,0.02,81.7687,92.95651,100
TJSJ,5/25/2004,85,73,0.14,67.6546,86.13208,100
TJSJ,5/26/2004,91,74,0,53.9078,74.639244,100
TJSJ,5/27/2004,92,76,0.0001,61.1182,74.190094,84.9155
TJSJ,5/28/2004,88,74,0.0001,61.1182,73.43989,84.9155
TJSJ,5/29/2004,88,77,0.0001,61.3631,76.48551,87.2222
TJSJ,5/30/2004,89,78,0.05,59.1645,79.06166,90.3687
TJSJ,5/31/2004,91,77,0.0001,55.3127,74.03913,87.6951
TJSJ,6/1/2004,88,77,0,65.5802,75.00597,84.5256
TJSJ,6/2/2004,88,78,0.09,59.1645,74.32717,84.5785
TJSJ,6/3/2004,89,77,0.14,61.3631,75.49279,88.6689
TJSJ,6/4/2004,88,76,0.13,67.3637,78.461975,87.6003
TJSJ,6/5/2004,88,78,0.0001,60.88,72.34015,84.5256
TJSJ,6/6/2004,88,76,0.18,60.88,73.88575,87.6003
TJSJ,6/7/2004,88,75,0.15,61.3631,77.7018,90.8013
TJSJ,6/8/2004,89,76,0.0001,60.88,72.766075,82.1885
TJSJ,6/9/2004,88,75,1.97,61.3631,77.171165,94.143
TJSJ,6/10/2004,87,73,1.24,71.9753,82.93324,94.143
TJSJ,6/11/2004,90,78,0.0001,63.3777,76.492836,87.6951
TJSJ,6/12/2004,92,79,0,48.7064,68.99941,84.6417
TJSJ,6/13/2004,92,77,0,53.727,67.58824,79.2676
TJSJ,6/14/2004,88,78,0,60.88,72.63034,84.5256
TJSJ,6/15/2004,87,76,0,62.467205,72.12241,81.4972
TJSJ,6/16/2004,89,75,0.16,60.88,72.12234,84.9155
TJSJ,6/17/2004,88,77,0.08,67.4817,79.68139,88.7482
TJSJ,6/18/2004,89,79,0,63.3777,75.48498,87.6951
TJSJ,6/19/2004,90,77,0,55.4582,71.024376,81.4972
TJSJ,6/20/2004,88,78,0.08,65.0834,73.63806,82.0559
TJSJ,6/21/2004,88,78,0.03,62.4672,74.59648,84.5785
TJSJ,6/22/2004,88,78,0.02,60.88,75.462746,84.5785
TJSJ,6/23/2004,90,80,0.0001,57.6443,72.80847,82.3196
TJSJ,6/24/2004,88,80,0,59.1645,69.992805,79.2676
TJSJ,6/25/2004,88,74,0.39,65.0834,75.81785,87.6003
TJSJ,6/26/2004,88,77,0.01,61.3631,71.90227,81.4972
TJSJ,6/27/2004,89,77,1.37,62.467205,76.82763,88.7482
TJSJ,6/28/2004,89,76,0.87,62.467205,77.19405,90.3687
TJSJ,6/29/2004,88,79,0.0001,61.1182,71.61739,82.0559
TJSJ,6/30/2004,88,77,0.11,58.781776,74.28958,87.6003
TJSJ,7/1/2004,87,74,1.43,67.4817,79.54568,88.6689
TJSJ,7/2/2004,88,75,1.07,63.1423,79.46051,90.2933
TJSJ,7/3/2004,88,78,0.11,63.013,75.42044,90.3687
TJSJ,7/4/2004,88,76,0.28,65.49481,75.61913,87.1241
TJSJ,7/5/2004,88,75,0.01,65.0834,77.38831,88.6689
TJSJ,7/6/2004,87,79,0.0001,65.0834,75.202995,84.6941
TJSJ,7/7/2004,88,77,0.22,66.3535,79.174515,90.3687
TJSJ,7/8/2004,88,79,0.0001,57.3855,74.74921,87.2222
TJSJ,7/9/2004,89,79,0,63.013,72.097786,83.55026
TJSJ,7/10/2004,88,79,0.0001,64.954704,73.06912,82.0559
TJSJ,7/11/2004,88,77,0.37,63.013,76.700485,90.3687
TJSJ,7/12/2004,85,77,0.04,72.1122,82.292915,90.3345
TJSJ,7/13/2004,88,77,0.09,65.9485,78.17069,88.74824
TJSJ,7/14/2004,87,76,0.66,67.3637,79.94474,88.6689
TJSJ,7/15/2004,89,76,0.05,67.4817,77.42668,87.6003
TJSJ,7/16/2004,89,77,0.23,58.781776,74.91432,90.3345
TJSJ,7/17/2004,88,77,0.0001,63.1423,72.977516,81.4972
TJSJ,7/18/2004,88,75,0,63.1423,73.141136,81.8483
TJSJ,7/19/2004,89,78,0.0001,61.1253,72.695045,84.5785
TJSJ,7/20/2004,89,75,0.45,59.012367,75.744545,88.5888
TJSJ,7/21/2004,89,78,0.04,60.88,77.72225,90.3345
TJSJ,7/22/2004,89,79,0.0001,55.4582,73.29369,84.5785
TJSJ,7/23/2004,88,78,0.14,61.3631,72.65372,87.1241
TJSJ,7/24/2004,87,76,0.56,67.3637,79.48303,90.8013
TJSJ,7/25/2004,87,75,0.51,69.7345,82.78643,90.3687
TJSJ,7/26/2004,88,76,0.02,63.1423,77.035675,88.668915
TJSJ,7/27/2004,90,77,0.01,56.9164,73.207535,90.2933
TJSJ,7/28/2004,88,76,0.41,65.0834,77.88379,90.3687
TJSJ,7/29/2004,90,77,0.01,57.6443,73.57414,93.6205
TJSJ,7/30/2004,90,77,0,57.3855,72.67262,84.5785
TJSJ,7/31/2004,90,77,0.06,57.3855,70.7667,87.2222
TJSJ,8/1/2004,89,79,0,66.3535,76.453255,87.2222
TJSJ,8/2/2004,88,79,0.01,61.3631,72.98325,82.0559
TJSJ,8/3/2004,89,76,0.0001,53.6358,72.326065,84.9155
TJSJ,8/4/2004,89,77,0.03,66.3535,76.18014,88.9044
TJSJ,8/5/2004,92,79,0.03,50.2292,67.61787,79.2676
TJSJ,8/6/2004,92,79,0.0001,52.1115,71.997314,82.1885
TJSJ,8/7/2004,90,78,0,57.1775,71.995964,82.0559
TJSJ,8/8/2004,93,77,0.1,45.7897,71.79719,84.5256
TJSJ,8/9/2004,89,77,0.25,66.1518,76.82207,88.8267
TJSJ,8/10/2004,90,80,0.04,65.3099,77.17393,87.789
TJSJ,8/11/2004,90,80,0,65.0834,75.65692,84.6417
TJSJ,8/12/2004,90,78,0.01,61.1253,73.52883,84.6417
TJSJ,8/13/2004,89,77,0.77,61.3631,80.24849,90.3345
TJSJ,8/14/2004,90,76,0.1,61.1253,78.70058,90.8013
TJSJ,8/15/2004,90,78,0.0001,63.4841,77.9976,88.9044
TJSJ,8/16/2004,90,80,0.01,63.3777,76.908676,87.789
TJSJ,8/17/2004,90,80,0.0001,59.012367,70.8259,79.2676
TJSJ,8/18/2004,88,77,0.5,62.249,78.32603,90.3345
TJSJ,8/19/2004,90,77,0.29,65.3099,77.16743,84.5256
TJSJ,8/20/2004,92,77,0.0001,57.4366,73.774864,87.6003
TJSJ,8/21/2004,91,80,0.02,57.1775,74.05582,87.2222
TJSJ,8/22/2004,90,79,0,63.3777,74.69882,82.1885
TJSJ,8/23/2004,90,79,0.0001,58.781776,70.81292,82.1885
TJSJ,8/24/2004,91,77,0.01,59.3022,71.44544,84.4617
TJSJ,8/25/2004,91,78,0.17,57.6443,71.840004,81.6337
TJSJ,8/26/2004,91,77,0.09,57.1775,73.31885,87.1241
TJSJ,8/27/2004,90,78,0.16,61.1253,73.88918,87.6951
TJSJ,8/28/2004,88,76,0.25,63.1423,79.244835,88.6689
TJSJ,8/29/2004,90,77,0,62.6837,76.01057,87.6003
TJSJ,8/30/2004,88,77,0.25,65.0834,75.96488,84.5785
TJSJ,8/31/2004,87,77,0.22,65.3286,80.192535,90.3687
TJSJ,9/1/2004,93,80,0.0001,54.1779,69.37323,79.2676
TJSJ,9/2/2004,91,78,0.0001,55.4582,72.52045,87.1241
TJSJ,9/3/2004,91,78,0.37,53.727,73.47787,84.5256
TJSJ,9/4/2004,92,77,0.02,48.7064,68.77489,84.5256
TJSJ,9/5/2004,89,78,0.0001,57.3855,72.91126,82.0559
TJSJ,9/6/2004,90,77,0.2,66.3535,78.19254,90.3345
TJSJ,9/7/2004,89,78,0.0001,66.35352,78.79696,90.3687
TJSJ,9/8/2004,89,79,0.01,65.3099,74.93219,84.5256
TJSJ,9/9/2004,90,77,0,61.6059,73.25253,84.5256
TJSJ,9/10/2004,89,78,0.0001,63.3777,73.36042,79.1989
TJSJ,9/11/2004,89,76,0.58,65.3099,76.907974,90.8013
TJSJ,9/12/2004,88,80,0.0001,69.448425,77.17986,84.6941
TJSJ,9/13/2004,89,79,0.7,67.3637,76.97942,90.3687
TJSJ,9/14/2004,87,78,0.37,71.9753,83.91952,90.3687
TJSJ,9/15/2004,80,75,3.06,74.0652,85.82611,94.143
TJSJ,9/16/2004,80,74,1.74,81.4972,88.56958,94.143
TJSJ,9/17/2004,86,74,0.2,69.846,84.61891,90.8013
TJSJ,9/18/2004,87,76,0.1,67.3637,82.39948,93.5928
TJSJ,9/19/2004,92,75,0,53.727,73.43495,90.8013
TJSJ,9/20/2004,93,77,0,52.1115,70.37683,90.2933
TJSJ,9/21/2004,90,77,0.12,59.0494,73.07708,84.5256
TJSJ,9/22/2004,93,78,0.33,50.5097,76.51129,87.2222
TJSJ,9/23/2004,93,77,0,41.203,66.106415,87.6003
TJSJ,9/24/2004,94,77,0,39.6834,64.84216,84.5256
TJSJ,9/25/2004,93,78,0,50.6661,67.94753,84.6417
TJSJ,9/26/2004,90,77,0,63.1423,75.05894,84.5256
TJSJ,9/27/2004,89,76,0.41,61.241543,74.26674,90.3687
TJSJ,9/28/2004,88,77,0.42,63.1423,76.84891,93.0885
TJSJ,9/29/2004,87,76,0.24,69.5389,80.22946,90.8013
TJSJ,9/30/2004,89,77,0.18,67.5795,80.56746,87.6951
TJSJ,10/1/2004,89,77,0.0001,65.5802,76.05024,87.6951
TJSJ,10/2/2004,89,78,0.12,63.1423,74.557625,84.5785
TJSJ,10/3/2004,88,76,0.0001,63.1423,75.23686,87.6003
TJSJ,10/4/2004,89,80,0.0001,65.0834,73.84715,82.1885
TJSJ,10/5/2004,88,76,0.12,66.35352,78.50629,90.3345
TJSJ,10/6/2004,88,78,0.16,65.5802,78.1811,90.3687
TJSJ,10/7/2004,87,75,0.85,72.3041,83.073204,100
TJSJ,10/8/2004,87,78,0.16,69.846,79.70897,93.0885
TJSJ,10/9/2004,88,78,0,65.0834,76.813515,88.74824
TJSJ,10/10/2004,89,77,0.06,65.5802,80.80786,90.3345
TJSJ,10/11/2004,90,77,0.28,67.4817,80.307884,90.2933
TJSJ,10/12/2004,88,78,0,65.5802,78.55846,87.1241
TJSJ,10/13/2004,87,77,0.01,69.5389,78.16244,90.2933
TJSJ,10/14/2004,88,77,0.38,65.0834,76.254585,94.1853
TJSJ,10/15/2004,90,77,0,59.1645,70.51793,81.4972
TJSJ,10/16/2004,90,77,0.0001,58.9106,70.091354,82.0559
TJSJ,10/17/2004,90,75,0,57.6443,68.351906,79.3669
TJSJ,10/18/2004,90,77,0.2,61.1253,74.017654,87.1241
TJSJ,10/19/2004,88,78,0.0001,53.181,69.93571,82.0559
TJSJ,10/20/2004,89,76,0.25,63.2495,79.698296,90.2933
TJSJ,10/21/2004,83,75,0.06,64.0289,78.50215,90.8013
TJSJ,10/22/2004,88,76,0.87,65.3545,82.50021,90.8013
TJSJ,10/23/2004,85,77,0.16,67.6546,80.93893,90.3345
TJSJ,10/24/2004,87,76,0.0001,63.013,77.22047,84.57616
TJSJ,10/25/2004,86,77,0.0001,65.0019,74.98225,87.6003
TJSJ,10/26/2004,87,76,0,60.8714,69.31278,84.5256
TJSJ,10/27/2004,85,75,0.0001,62.5339,71.29991,84.9155
TJSJ,10/28/2004,87,75,0.0001,58.9106,72.34869,88.5888
TJSJ,10/29/2004,87,75,0.2,60.88,76.72202,93.5695
TJSJ,10/30/2004,87,73,1.06,67.4817,81.100716,94.143
TJSJ,10/31/2004,86,75,1.65,74.6054,88.5867,94.18534
TJSJ,11/1/2004,87,75,1.38,65.1269,79.645935,94.14301
TJSJ,11/2/2004,87,75,0.16,67.3637,83.15106,90.8013
TJSJ,11/3/2004,86,76,0.06,64.2645,71.58806,90.2933
TJSJ,11/4/2004,86,75,0.0001,60.8714,69.87709,83.437645
TJSJ,11/5/2004,86,75,0,63.013,76.20203,90.2171
TJSJ,11/6/2004,88,75,0.01,66.35352,79.75135,88.7482
TJSJ,11/7/2004,88,76,0.0001,63.013,78.96717,90.8013
TJSJ,11/8/2004,86,75,0.07,67.6546,80.80185,90.8013
TJSJ,11/9/2004,84,75,0.02,66.9263,77.18392,90.8013
TJSJ,11/10/2004,83,74,0.13,66.7046,83.788055,94.1002
TJSJ,11/11/2004,84,75,0.56,71.5869,82.09685,94.143
TJSJ,11/12/2004,84,75,0.91,71.782,82.06632,94.143
TJSJ,11/13/2004,84,76,0.2,70.0832,83.56262,90.8013
TJSJ,11/14/2004,82,76,0.17,64.7712,78.92184,88.74824
TJSJ,11/15/2004,84,76,0.01,69.2256,73.38547,84.9155
TJSJ,11/16/2004,85,75,0.24,57.9938,68.88314,88.5888
TJSJ,11/17/2004,83,75,0,47.3902,57.01265,71.4168
TJSJ,11/18/2004,84,75,0.03,54.7739,63.066883,81.89738
TJSJ,11/19/2004,84,77,0.0001,60.2464,67.198265,81.922
TJSJ,11/20/2004,85,75,0.28,69.5285,80.80847,94.143
TJSJ,11/21/2004,83,74,0.49,71.3899,81.27178,94.143
TJSJ,11/22/2004,83,74,0.02,62.5339,75.19718,87.5043
TJSJ,11/23/2004,84,72,0.01,56.509,72.005936,84.2241
TJSJ,11/24/2004,84,73,0.0001,63.0313,75.57915,84.8003
TJSJ,11/25/2004,84,76,0.05,65.1269,75.25862,84.9155
TJSJ,11/26/2004,84,71,0.23,69.5285,80.2832,90.6553
TJSJ,11/27/2004,84,72,0.01,64.8973,76.54219,90.7287
TJSJ,11/28/2004,84,70,0.0001,60.2464,74.96126,90.6553
TJSJ,11/29/2004,84,73,0.0001,62.4018,73.83365,87.4073
TJSJ,11/30/2004,83,71,0.0001,64.7712,75.01149,86.7675
TJSJ,12/1/2004,81,72,0.03,65.5369,80.7194,94.057
TJSJ,12/2/2004,83,69,0.0001,64.8973,77.70165,90.062
TJSJ,12/3/2004,84,71,0.02,62.5339,75.9693,94.057
TJSJ,12/4/2004,84,71,0.3,58.6546,80.38917,94.143
TJSJ,12/5/2004,83,74,0.0001,59.9939,76.29475,94.14301
TJSJ,12/6/2004,83,73,0.06,61.58435,74.980545,90.14
TJSJ,12/7/2004,83,75,0.36,66.9263,82.405945,94.143
TJSJ,12/8/2004,83,73,0.14,71.9184,84.31363,94.143
TJSJ,12/9/2004,84,74,0.01,67.146,79.110756,94.1853
TJSJ,12/10/2004,84,76,0.2,74.4271,85.29582,94.143
TJSJ,12/11/2004,87,73,0,63.013,83.275604,97.0174
TJSJ,12/12/2004,85,75,0.01,71.782,84.26755,93.5928
TJSJ,12/13/2004,85,74,0.47,69.5285,83.35634,93.5928
TJSJ,12/14/2004,84,75,0.17,79.4176,87.15038,93.5928
TJSJ,12/15/2004,83,74,0.46,78.9011,89.88953,100
TJSJ,12/16/2004,85,74,1.08,76.6961,89.247604,100
TJSJ,12/17/2004,85,76,0.14,69.6411,84.821785,94.18534
TJSJ,12/18/2004,84,73,0.29,74.3291,86.922585,94.18534
TJSJ,12/19/2004,84,74,0.05,74.3291,87.09416,97.0174
TJSJ,12/20/2004,86,73,0,72.3041,86.62525,97.0174
TJSJ,12/21/2004,85,76,0.02,71.5869,84.6225,97.0415
TJSJ,12/22/2004,82,74,0.04,79.3496,86.10512,94.1853
TJSJ,12/23/2004,83,71,0.05,71.5869,83.59221,96.993
TJSJ,12/24/2004,83,74,0.0001,66.4809,76.28064,90.7287
TJSJ,12/25/2004,83,73,0.0001,58.3966,71.67989,87.4515
TJSJ,12/26/2004,83,71,0.1,64.7712,82.95388,96.993
TJSJ,12/27/2004,83,70,0.0001,66.9263,81.9698,96.993
TJSJ,12/28/2004,83,70,0.13,64.8973,76.80432,100
TJSJ,12/29/2004,81,74,0.21,74.0652,82.99985,94.143
TJSJ,12/30/2004,83,73,0.19,74.247,82.72467,93.5415
TJSJ,12/31/2004,82,73,0.12,71.5869,77.01606,90.7287
TJSJ,1/1/2005,79,73,0.27,65.118546,82.19489,100
TJSJ,1/2/2005,81,73,0.0001,50.52065,64.41418,83.209045
TJSJ,1/3/2005,81,72,0.02,65.536865,76.942566,94.057
TJSJ,1/4/2005,83,72,0.1,69.27759,79.151245,94.05696
TJSJ,1/5/2005,83,74,0.05,69.18237,82.89969,94.14301
TJSJ,1/6/2005,83,72,0.2,74.24337,88.227005,100
TJSJ,1/7/2005,83,72,0.67,69.897545,86.42397,100
TJSJ,1/8/2005,81,72,0.67,78.76171,89.3638,100
TJSJ,1/9/2005,81,73,0.2,74.0652,88.04938,100
TJSJ,1/10/2005,82,73,0.3,78.62098,87.79811,100
TJSJ,1/11/2005,82,73,0.1,78.7617,89.26731,100
TJSJ,1/12/2005,82,74,0.1,74.2799,87.8779,94.14301
TJSJ,1/13/2005,81,74,0.6,78.76171,90.243614,100
TJSJ,1/14/2005,82,75,0.28,74.24337,84.3109,96.4461
TJSJ,1/15/2005,83,73,0.16,74.0652,81.57872,94.14301
TJSJ,1/16/2005,82,71,0.04,69.4343,82.28409,94.057
TJSJ,1/17/2005,81,71,0.0001,74.114944,86.18171,96.3879
TJSJ,1/18/2005,82,73,0.0001,74.0652,84.019226,96.678116
TJSJ,1/19/2005,81,72,0.62,74.114944,86.427574,96.678116
TJSJ,1/20/2005,78,69,0.71,64.1747,81.825226,100
TJSJ,1/21/2005,79,69,0.01,61.3594,76.305305,100
TJSJ,1/22/2005,79,64,0,57.603676,74.763214,96.3118
TJSJ,1/23/2005,81,65,0,69.06545,81.59727,100
TJSJ,1/24/2005,83,71,0,65.32855,79.75677,94.10022
TJSJ,1/25/2005,78,72,0.0001,64.90684,77.46217,88.588776
TJSJ,1/26/2005,76,72,0.01,68.63514,73.687515,83.209045
TJSJ,1/27/2005,82,71,0.0001,71.9184,81.44884,94.057
TJSJ,1/28/2005,80,73,0,61.3594,71.0866,83.32391
TJSJ,1/29/2005,79,70,0.04,57.603676,70.27091,90.062
TJSJ,1/30/2005,77,69,0.16,62.1713,74.13616,90.0191
TJSJ,1/31/2005,79,67,0,56.1834,67.491615,86.6643
TJSJ,2/1/2005,80,68,0.0001,54.051514,65.64095,82.857506
TJSJ,2/2/2005,80,71,0.02,50.36098,61.23474,73.4916
TJSJ,2/3/2005,77,68,0.1,53.51672,66.314354,82.857506
TJSJ,2/4/2005,80,67,0.0001,53.9508,67.08894,78.46361
TJSJ,2/5/2005,80,67,0,57.842686,71.814255,88.17534
TJSJ,2/6/2005,78,70,0.28,59.8401,75.83437,100
TJSJ,2/7/2005,80,69,0,43.3811,60.08938,70.4701
TJSJ,2/8/2005,80,67,0.0001,54.051514,69.34747,83.9813
TJSJ,2/9/2005,79,67,0.03,53.545055,69.47884,84.03221
TJSJ,2/10/2005,79,68,0.0001,52.3744,68.57203,86.6643
TJSJ,2/11/2005,80,66,0,56.1834,68.76869,88.17534
TJSJ,2/12/2005,80,67,0,61.58435,73.27112,84.03221
TJSJ,2/13/2005,80,72,0.06,61.3594,73.112755,83.32391
TJSJ,2/14/2005,80,73,0.09,65.32855,78.20466,94.10022
TJSJ,2/15/2005,81,72,0.01,69.138725,78.00138,90.32327
TJSJ,2/16/2005,79,73,0.01,59.9796,67.96338,73.4916
TJSJ,2/17/2005,80,72,0.0001,61.3594,69.45388,78.7032
TJSJ,2/18/2005,80,72,0,54.051514,64.55745,75.7509
TJSJ,2/19/2005,81,71,0,50.953636,65.07864,75.7509
TJSJ,2/20/2005,80,72,0.06,60.1099,67.61619,84.337776
TJSJ,2/21/2005,80,71,0.0001,50.06913,62.3002,78.04456
TJSJ,2/22/2005,81,70,0.04,52.3744,68.073746,83.09303
TJSJ,2/23/2005,81,70,0,54.30221,69.510605,81.0014
TJSJ,2/24/2005,81,68,0.1,61.58435,80.147766,92.8335
TJSJ,2/25/2005,83,73,0.07,69.897545,85.82132,94.14301
TJSJ,2/26/2005,87,71,0.01,60.9838,80.48902,100
TJSJ,2/27/2005,87,71,0,51.724586,76.26757,94.05696
TJSJ,2/28/2005,84,71,0,65.0019,78.01755,88.588776
TJSJ,3/1/2005,87,68,0,58.549522,76.681625,90.062
TJSJ,3/2/2005,86,72,0,54.798595,75.315544,88.588776
TJSJ,3/3/2005,84,73,0,64.8973,80.14949,94.10022
TJSJ,3/4/2005,87,71,0,51.36681,73.562775,94.05696
TJSJ,3/5/2005,86,71,0,48.581966,76.21328,88.588776
TJSJ,3/6/2005,88,73,0.0001,55.28835,76.72823,88.507805
TJSJ,3/7/2005,82,75,0.0001,50.52065,64.16633,78.335495
TJSJ,3/8/2005,83,72,0,47.788013,69.15115,81.19648
TJSJ,3/9/2005,85,71,0,51.0819,68.70722,84.1034
TJSJ,3/10/2005,92,68,0,40.898205,66.468834,83.9813
TJSJ,3/11/2005,87,72,0,57.1246,75.19661,94.05696
TJSJ,3/12/2005,87,70,0,57.1246,75.13081,100
TJSJ,3/13/2005,85,72,0,60.7359,77.22924,94.10022
TJSJ,3/14/2005,84,72,0,62.02914,76.59916,88.507805
TJSJ,3/15/2005,85,73,0,62.02914,74.59101,88.588776
TJSJ,3/16/2005,84,74,0,54.551235,67.898674,83.32391
TJSJ,3/17/2005,89,70,0,37.661842,64.64361,81.0014
TJSJ,3/18/2005,91,68,0,42.201916,68.667725,89.9831
TJSJ,3/19/2005,87,72,0,53.208717,72.477005,84.45763
TJSJ,3/20/2005,87,73,0,55.28835,76.22827,90.32327
TJSJ,3/21/2005,87.1,73,0,65.2306,79.78591,94.10022
TJSJ,3/22/2005,89,75,0,62.467205,78.40876,94.14301
TJSJ,3/23/2005,87,75,0,58.5495,76.116776,90.2933
TJSJ,3/24/2005,92,73,0,38.45166,73.11932,88.507805
TJSJ,3/25/2005,91,74,0,46.142197,71.927376,88.588776
TJSJ,3/26/2005,89,72,0,55.1909,72.211,88.507805
TJSJ,3/27/2005,89,73,0,46.142197,72.02765,88.507805
TJSJ,3/28/2005,88,74,0,55.28835,72.621086,83.32391
TJSJ,3/29/2005,89,72,0,49.97327,72.24332,88.588776
TJSJ,3/30/2005,85,84,0,52.23055,75.0849,88.668915
TJSJ,3/31/2005,87,73,0.0001,60.8714,75.68549,88.588776
TJSJ,4/1/2005,86,75,0.0001,55.044296,77.3009,94.14301
TJSJ,4/2/2005,92,76,0,40.68604,66.906296,88.588776
TJSJ,4/3/2005,87,75,0,58.549522,81.73024,94.18534
TJSJ,4/4/2005,88,74,0,45.87598,73.71947,96.054596
TJSJ,4/5/2005,90,73,0,51.649754,70.559906,88.507805
TJSJ,4/6/2005,88,77,0.0001,58.549522,70.970985,79.17114
TJSJ,4/7/2005,84,73,0.3,64.8973,75.88037,94.10022
TJSJ,4/8/2005,90,75,0.08,55.044296,72.55274,90.39978
TJSJ,4/9/2005,90,73,0,49.103626,67.495384,88.588776
TJSJ,4/10/2005,91,74,0.03,46.142197,71.046776,88.588776
TJSJ,4/11/2005,88,73,0.42,58.549522,79.59584,94.10022
TJSJ,4/12/2005,86,72,0.0001,69.59207,81.29332,94.10022
TJSJ,4/13/2005,90,76,0.02,55.530766,76.81149,88.668915
TJSJ,4/14/2005,92,77,0,47.3554,68.11922,84.5785
TJSJ,4/15/2005,92,75,0,46.142197,66.09418,84.57616
TJSJ,4/16/2005,93,77,0,47.3554,62.917072,79.10189
TJSJ,4/17/2005,93,76,0,40.958687,64.307594,83.437645
TJSJ,4/18/2005,86,73,3.81,65.2306,82.445496,100
TJSJ,4/19/2005,85,73,0.19,65.94849,84.71157,96.678116
TJSJ,4/20/2005,82,74,1.56,74.114944,86.694565,100
TJSJ,4/21/2005,85,73,4.9,69.5285,86.86098,100
TJSJ,4/22/2005,91,73,0.8,51.93074,80.555786,94.18534
TJSJ,4/23/2005,90,73,0.08,49.103626,73.50205,94.14301
TJSJ,4/24/2005,86,75,0.42,67.6068,79.0414,88.74824
TJSJ,4/25/2005,86,77,0.22,74.44338,82.01427,94.22723
TJSJ,4/26/2005,87,77,0.08,70.26737,81.012924,90.3687
TJSJ,4/27/2005,89,78,0.0001,54.3749,75.96936,87.1241
TJSJ,4/28/2005,89,77,0.0001,61.241543,76.13319,88.668915
TJSJ,4/29/2005,85,75,0.33,65.94849,76.356445,94.14301
TJSJ,4/30/2005,85,74,1.47,65.1269,74.708565,94.14301
TJSJ,5/1/2005,85,77,0,54.551235,62.829735,69.52137
TJSJ,5/2/2005,85,75,0.02,61.58435,70.60841,84.45763
TJSJ,5/3/2005,86,76,0,51.724586,66.16484,79.10189
TJSJ,5/4/2005,89,75,0.0001,47.9212,69.83731,83.32391
TJSJ,5/5/2005,85,76,0.32,60.7359,74.30104,94.14301
TJSJ,5/6/2005,87,74,0.0001,61.1182,75.55832,88.588776
TJSJ,5/7/2005,87,76,0.1,62.02914,76.445564,88.668915
TJSJ,5/8/2005,87,75,0.0001,66.15182,77.91094,94.14301
TJSJ,5/9/2005,86,77,0.03,69.5285,79.13781,88.74824
TJSJ,5/10/2005,87,75,0,55.044296,76.87911,90.39978
TJSJ,5/11/2005,86,74,0.52,69.799286,82.17323,90.2933
TJSJ,5/12/2005,84,72,0.45,74.2799,85.69855,94.14301
TJSJ,5/13/2005,85,73,0.91,74.24337,85.55165,100
TJSJ,5/14/2005,82,75,0.91,78.76171,88.544106,94.18534
TJSJ,5/15/2005,84,75,0.46,74.24337,87.50197,94.18534
TJSJ,5/16/2005,85,74,1.12,77.231,88.68686,94.14301
TJSJ,5/17/2005,85,75,1.14,69.685555,87.81682,96.4461
TJSJ,5/18/2005,82,76,0.11,82.02644,86.98123,94.14301
TJSJ,5/19/2005,92,76,0.0001,51.93074,75.357895,88.74824
TJSJ,5/20/2005,91,79,0.0001,62.467205,73.090996,83.772194
TJSJ,5/21/2005,95,79,0,46.0797,66.44222,81.6337
TJSJ,5/22/2005,94,78,0.33,52.2368,76.48657,94.22723
TJSJ,5/23/2005,85,77,1.22,74.44338,87.78174,96.4747
TJSJ,5/24/2005,87,77,0.18,70.26737,86.506386,94.18534
TJSJ,5/25/2005,89,77,0.01,66.35352,79.37263,94.18534
TJSJ,5/26/2005,94,79,0,52.2368,71.20441,88.74824
TJSJ,5/27/2005,90,79,0.43,66.35352,83.309746,94.26866
TJSJ,5/28/2005,89,78,0.2,70.00456,82.51679,94.26866
TJSJ,5/29/2005,88,78,0.0001,66.35352,79.394485,88.826744
TJSJ,5/30/2005,90,79,0.12,62.683746,79.15981,88.826744
TJSJ,5/31/2005,91,79,0,62.467205,75.65814,87.2222
TJSJ,6/1/2005,90,79,0.13,62.683746,76.77995,88.826744
TJSJ,6/2/2005,89,79,0.01,65.49481,76.813385,88.74824
TJSJ,6/3/2005,88,78,0.01,66.35352,76.43801,88.74824
TJSJ,6/4/2005,89,78,0,66.35352,74.50924,84.5785
TJSJ,6/5/2005,88,79,0,62.467205,75.91881,83.66177
TJSJ,6/6/2005,88,76,0.02,66.35352,77.78071,88.74824
TJSJ,6/7/2005,85,77,0.08,74.114944,80.013306,90.2933
TJSJ,6/8/2005,88,76,0.0001,58.781776,74.26846,88.668915
TJSJ,6/9/2005,88,76,0.64,66.35352,79.13873,94.14301
TJSJ,6/10/2005,88,78,0.01,66.35352,77.25899,90.4094
TJSJ,6/11/2005,86,75,0.56,69.685555,78.224754,94.14301
TJSJ,6/12/2005,85,76,0.05,70.083244,81.262146,88.74824
TJSJ,6/13/2005,87,76,0.41,69.685555,82.61511,90.2933
TJSJ,6/14/2005,92,78,0,52.481148,74.86829,90.3345
TJSJ,6/15/2005,93,79,0,55.7715,73.42162,88.74824
TJSJ,6/16/2005,94,77,0,49.619205,71.204185,88.668915
TJSJ,6/17/2005,94,80,0.0001,52.348576,70.39608,87.2222
TJSJ,6/18/2005,94,79,0,41.200005,68.707146,84.5785
TJSJ,6/19/2005,92,80,0,59.241306,74.06438,84.6417
TJSJ,6/20/2005,91,81,0,61.48733,73.813225,84.866806
TJSJ,6/21/2005,90,81,0.02,62.683746,74.41819,88.90445
TJSJ,6/22/2005,91,78,0.04,59.012367,75.03308,88.74824
TJSJ,6/23/2005,91,78,0.15,61.241543,77.11601,88.74824
TJSJ,6/24/2005,92,79,0.0001,50.356514,70.04455,88.74824
TJSJ,6/25/2005,90,77,0.75,65.49481,78.627235,84.6941
TJSJ,6/26/2005,90,78,0.12,62.683746,77.25218,90.3345
TJSJ,6/27/2005,89,76,0.98,66.3535,81.647644,90.3687
TJSJ,6/28/2005,87,78,1.12,69.799286,81.58076,90.3687
TJSJ,6/29/2005,89,77,0.02,70.00456,81.5749,88.74824
TJSJ,6/30/2005,90,78,0.01,70.116646,82.35077,90.3687
TJSJ,7/1/2005,93,79,0,52.2368,73.4949,88.826744
TJSJ,7/2/2005,90,78,0,62.683746,74.13817,84.5785
TJSJ,7/3/2005,90,81,0.01,61.48733,74.13432,84.6941
TJSJ,7/4/2005,90,79,0.21,66.35352,78.86815,88.826744
TJSJ,7/5/2005,89,78,0.54,65.49481,80.219284,88.90445
TJSJ,7/6/2005,88,77,0.4,66.35352,83.34565,90.3687
TJSJ,7/7/2005,91,78,0.0001,62.683746,80.13828,93.0885
TJSJ,7/8/2005,89,78,0.1,65.49481,79.10028,87.2222
TJSJ,7/9/2005,90,78,0.25,62.6837,79.27848,90.3345
TJSJ,7/10/2005,89,77,0.08,65.2306,77.65897,88.74824
TJSJ,7/11/2005,86,76,0.71,69.685555,83.06576,90.249115
TJSJ,7/12/2005,89,76,0.03,65.26648,79.63324,94.18534
TJSJ,7/13/2005,89,75,1.3,66.35352,79.39258,94.14301
TJSJ,7/14/2005,89,76,0.1,70.0832,82.72056,90.4094
TJSJ,7/15/2005,90,79,0.01,56.9815,76.85004,84.866806
TJSJ,7/16/2005,89,77,0.02,62.467205,75.90198,87.1241
TJSJ,7/17/2005,89,77,0.31,62.467205,78.89303,90.3687
TJSJ,7/18/2005,91,77,0.21,59.012367,76.07082,90.3345
TJSJ,7/19/2005,90,76,1.6,68.15676,81.02401,94.14301
TJSJ,7/20/2005,89,75,0.52,66.35352,82.20171,94.26866
TJSJ,7/21/2005,89,80,0.0001,62.683746,77.12456,94.26866
TJSJ,7/22/2005,89,78,0.67,65.49481,79.28551,88.826744
TJSJ,7/23/2005,90,80,0.0001,70.116646,81.365456,88.90445
TJSJ,7/24/2005,90,80,0.12,62.6837,79.70136,94.26866
TJSJ,7/25/2005,90,80,0.0001,59.012367,76.50387,84.866806
TJSJ,7/26/2005,90,80,0.0001,66.35352,76.020454,84.6941
TJSJ,7/27/2005,88,77,0.79,66.35352,77.07512,84.6417
TJSJ,7/28/2005,90,78,0.04,62.683746,77.26282,88.74824
TJSJ,7/29/2005,89,80,0.33,66.35352,80.48204,88.90445
TJSJ,7/30/2005,92,79,0.01,55.530766,73.960785,88.826744
TJSJ,7/31/2005,90,79,0.15,62.683746,78.02095,87.2222
TJSJ,8/1/2005,87,78,0.29,71.9753,83.34658,90.4094
TJSJ,8/2/2005,90,78,0.04,65.3099,78.26761,90.3687
TJSJ,8/3/2005,93,80,0,53.9972,71.77906,87.2222
TJSJ,8/4/2005,93,79,0,57.9012,74.898315,87.6951
TJSJ,8/5/2005,91,78,0,59.4165,73.232346,82.1885
TJSJ,8/6/2005,90,79,0.36,65.3099,76.68733,87.789
TJSJ,8/7/2005,91,78,0.06,61.6059,76.34793,90.3345
TJSJ,8/8/2005,91,79,0.04,61.6059,75.19066,84.6941
TJSJ,8/9/2005,91,79,0.26,63.4841,76.49676,84.6417
TJSJ,8/10/2005,90,79,0,61.1253,73.37176,84.6417
TJSJ,8/11/2005,91,79,0.04,55.5791,74.49392,87.6951
TJSJ,8/12/2005,91,79,0,65.8039,77.2117,87.6951
TJSJ,8/13/2005,92,80,0.11,61.3686,75.47174,84.7566
TJSJ,8/14/2005,89,78,0.29,67.3637,77.38541,90.3687
TJSJ,8/15/2005,90,78,0.01,63.3777,77.793274,97.6548
TJSJ,8/16/2005,90,73,0.34,65.0834,80.012,100
TJSJ,8/17/2005,89,73,0.82,65.6821,83.83476,97.6651
TJSJ,8/18/2005,90,76,0,67.6964,81.76045,93.5928
TJSJ,8/19/2005,92,78,0.0001,53.9078,75.688835,93.6709
TJSJ,8/20/2005,86,73,0.08,67.6546,82.070015,88.5078
TJSJ,8/21/2005,89,76,0.0001,65.5802,79.67351,90.8013
TJSJ,8/22/2005,90,77,0.01,65.0834,77.20306,84.6417
TJSJ,8/23/2005,88,78,0.82,71.9753,82.31365,90.4094
TJSJ,8/24/2005,87,78,0.18,72.3041,83.06171,90.4094
TJSJ,8/25/2005,86,72,1.83,71.9184,84.46716,94.2272
TJSJ,8/26/2005,89,75,1.24,67.5795,81.82927,94.1853
TJSJ,8/27/2005,90,78,0.0001,63.3777,79.47391,93.0885
TJSJ,8/28/2005,90,77,0,59.3022,73.48264,87.1241
TJSJ,8/29/2005,89,78,0.04,69.846,79.57128,90.3687
TJSJ,8/30/2005,90,78,0,55.0443,72.60077,87.1241
TJSJ,8/31/2005,89,76,0.28,69.5389,78.189125,88.9044
TJSJ,9/1/2005,91,78,0,65.0834,76.582,90.3687
TJSJ,9/2/2005,93,77,0,57.4366,73.77987,90.3345
TJSJ,9/3/2005,90,78,0,55.0443,70.96964,84.5785
TJSJ,9/4/2005,90,77,0,59.3022,70.63535,77.068
TJSJ,9/5/2005,89,79,0.07,67.5795,78.935585,87.8397
TJSJ,9/6/2005,92,77,0.06,61.6059,79.31676,93.6205
TJSJ,9/7/2005,93,79,0.0001,55.8435,73.84861,93.6981
TJSJ,9/8/2005,91,76,0.9,53.455,74.839615,87.2222
TJSJ,9/9/2005,92,79,0.08,63.4841,79.29834,87.789
TJSJ,9/10/2005,91,79,0.09,65.8039,80.318726,90.4094
TJSJ,9/11/2005,90,76,1.26,74.5084,84.708244,94.2687
TJSJ,9/12/2005,91,79,0.01,63.4841,79.07526,90.9823
TJSJ,9/13/2005,90,80,0.08,61.3631,77.454544,90.4094
TJSJ,9/14/2005,90,78,0.06,67.4817,79.23371,93.0885
TJSJ,9/15/2005,89,78,0.02,61.3631,79.74823,90.3687
TJSJ,9/16/2005,88,77,0.0001,65.5802,78.92975,90.2933
TJSJ,9/17/2005,90,76,0.21,63.1423,79.67217,87.789
TJSJ,9/18/2005,90,76,0,65.0834,77.50198,90.8013
TJSJ,9/19/2005,89,77,0.23,67.6964,79.44081,93.0885
TJSJ,9/20/2005,89,78,0.16,69.5389,81.02482,94.2272
TJSJ,9/21/2005,88,78,0.39,67.4817,77.96191,93.0885
TJSJ,9/22/2005,88,78,0.23,63.2495,79.465,90.3687
TJSJ,9/23/2005,89,77,0.0001,59.1645,73.918976,87.6951
TJSJ,9/24/2005,90,78,0,65.5802,75.11294,84.7566
TJSJ,9/25/2005,89,78,0.0001,70.049,79.45046,84.6941
TJSJ,9/26/2005,90,78,0.0001,63.4841,78.0795,90.3687
TJSJ,9/27/2005,90,78,0.0001,63.013,77.07395,90.3687
TJSJ,9/28/2005,90,78,0.0001,61.1253,75.200096,87.1241
TJSJ,9/29/2005,89,77,0,63.1423,75.9113,87.1241
TJSJ,9/30/2005,91,77,0,55.7235,74.38115,87.1241
TJSJ,10/1/2005,90,77,0.27,62.683746,78.57697,90.3687
TJSJ,10/2/2005,85,76,0.01,69.59207,82.45429,90.2933
TJSJ,10/3/2005,82,74,0.45,78.62098,89.12461,100
TJSJ,10/4/2005,87,74,0.04,66.35352,86.17603,94.14301
TJSJ,10/5/2005,89,75,0.17,61.241543,79.30789,90.39978
TJSJ,10/6/2005,85,74,0.36,72.10829,84.312,100
TJSJ,10/7/2005,90,75,0.02,57.49431,76.285484,94.14301
TJSJ,10/8/2005,90,74,0.3,62.467205,83.734276,94.18534
TJSJ,10/9/2005,81,73,0.09,69.71026,81.65581,94.18534
TJSJ,10/10/2005,88,74,4.02,61.241543,87.46005,100
TJSJ,10/11/2005,80,74,1.31,78.62098,90.67261,96.4747
TJSJ,10/12/2005,83,75,0.42,72.10829,87.64545,94.18534
TJSJ,10/13/2005,91,77,0.0001,55.530766,75.913734,90.3345
TJSJ,10/14/2005,91,76,0,55.77155,74.858505,90.2933
TJSJ,10/15/2005,88,79,0.06,65.26648,78.37377,90.3687
TJSJ,10/16/2005,92,77,0,52.481148,72.01529,90.2933
TJSJ,10/17/2005,93,79,0,50.6661,73.314896,88.74824
TJSJ,10/18/2005,90,76,0.19,62.683746,77.73524,88.74824
TJSJ,10/19/2005,88,76,0.22,65.49481,81.01059,94.14301
TJSJ,10/20/2005,89,77,0.09,66.35352,81.03584,93.0885
TJSJ,10/21/2005,88,77,0.32,66.35352,82.67081,90.3687
TJSJ,10/22/2005,90,76,0.53,59.012367,82.694626,94.18534
TJSJ,10/23/2005,84,75,0.82,74.44338,87.107445,94.18534
TJSJ,10/24/2005,92,75,0,55.1909,74.780014,94.14301
TJSJ,10/25/2005,91,75,0,50.356514,74.3334,94.14301
TJSJ,10/26/2005,90,75,0,62.467205,76.41095,94.14301
TJSJ,10/27/2005,88,76,0.07,62.467205,79.08598,88.668915
TJSJ,10/28/2005,89,76,1.72,66.15182,85.68441,94.18534
TJSJ,10/29/2005,88,76,0.38,55.28835,78.44644,100
TJSJ,10/30/2005,89,75,0,58.781776,77.72856,94.18534
TJSJ,10/31/2005,88,77,0.08,72.30214,81.91302,90.3345
TJSJ,11/1/2005,89,78,0.06,66.15182,80.15667,90.3687
TJSJ,11/2/2005,91,77,0.03,51.93074,78.26892,94.18534
TJSJ,11/3/2005,90,77,0.0001,62.683746,80.34567,90.3345
TJSJ,11/4/2005,87,75,0.17,62.249004,77.44201,90.2933
TJSJ,11/5/2005,87,74,0.04,66.35352,81.10485,94.14301
TJSJ,11/6/2005,88,74,0.42,58.781776,83.44513,94.18534
TJSJ,11/7/2005,87,76,0.56,66.15182,81.463264,94.14301
TJSJ,11/8/2005,87,75,0.14,62.467205,79.8621,94.14301
TJSJ,11/9/2005,88,74,0.6,66.15182,81.425705,94.14301
TJSJ,11/10/2005,87,74,0.03,65.26648,80.01069,94.14301
TJSJ,11/11/2005,87,74,0.01,65.26648,80.32606,94.14301
TJSJ,11/12/2005,86,76,0.14,69.59207,78.129326,88.74824
TJSJ,11/13/2005,86,77,0.13,69.685555,78.911316,90.3345
TJSJ,11/14/2005,86,75,0.58,72.30214,81.01908,94.14301
TJSJ,11/15/2005,85,77,0.22,69.685555,81.77799,90.2933
TJSJ,11/16/2005,86,76,0.33,65.0019,77.8081,88.668915
TJSJ,11/17/2005,86,75,0.24,65.1269,77.38895,94.14301
TJSJ,11/18/2005,85,73,0,60.8714,73.96284,88.588776
TJSJ,11/19/2005,85,72,0,59.135,72.79042,88.507805
TJSJ,11/20/2005,85,73,0.06,60.9838,75.450356,94.10022
TJSJ,11/21/2005,85,74,0.08,63.2692,79.721344,90.39978
TJSJ,11/22/2005,87,73,0,55.1909,75.28907,94.10022
TJSJ,11/23/2005,85,77,0.0001,69.18237,76.43819,88.668915
TJSJ,11/24/2005,82,74,1.39,76.6996,89.11528,100
TJSJ,11/25/2005,85,74,0.78,65.1269,80.999985,96.4461
TJSJ,11/26/2005,85,74,0.32,69.71026,78.95088,90.2933
TJSJ,11/27/2005,84,73,0.32,51.0819,67.32547,94.10022
TJSJ,11/28/2005,84,73,0.37,54.551235,68.58198,88.507805
TJSJ,11/29/2005,84,72,0.28,58.07999,71.943375,90.32327
TJSJ,11/30/2005,84,71,0.01,61.807594,77.76864,94.05696
TJSJ,12/1/2005,83,71,0.05,58.07999,73.883224,94.05696
TJSJ,12/2/2005,83,71,0.02,54.2272,68.68213,88.507805
TJSJ,12/3/2005,78,69,0.43,68.568,82.72926,96.3879
TJSJ,12/4/2005,83,72,0.29,64.8973,76.1903,94.05696
TJSJ,12/5/2005,84,73,0.0001,54.49604,67.62058,83.32391
TJSJ,12/6/2005,84,71,0.49,69.27759,83.92383,94.10022
TJSJ,12/7/2005,84,73,0.14,60.365044,79.23317,96.678116
TJSJ,12/8/2005,83,74,0.2,61.807594,73.27446,94.10022
TJSJ,12/9/2005,83,75,0.0001,57.842686,68.20806,78.335495
TJSJ,12/10/2005,85,70,0.05,54.77119,74.76512,94.14301
TJSJ,12/11/2005,80,74,0.3,83.55026,89.72677,96.4461
TJSJ,12/12/2005,84,70,0,64.68674,79.02952,94.10022
TJSJ,12/13/2005,84,70,0.02,54.551235,77.64826,90.062
TJSJ,12/14/2005,82,70,0,65.32855,77.79637,94.05696
TJSJ,12/15/2005,78,72,0.36,81.7866,88.61325,94.10022
TJSJ,12/16/2005,83,71,0.1,69.71026,84.813545,100
TJSJ,12/17/2005,82,72,0.57,68.732666,81.61483,100
TJSJ,12/18/2005,81,71,0.08,65.32855,78.78841,94.10022
TJSJ,12/19/2005,83,69,0.04,61.807594,79.87329,94.10022
TJSJ,12/20/2005,82,70,0.06,61.58435,81.33331,96.3879
TJSJ,12/21/2005,79,67,0.2,71.7228,89.59451,100
TJSJ,12/22/2005,82,70,0.02,69.4343,84.43697,100
TJSJ,12/23/2005,83,70,0.03,65.74351,81.96483,94.05696
TJSJ,12/24/2005,82,72,0.07,69.27759,84.066635,94.14301
TJSJ,12/25/2005,83,71,0.04,65.0019,81.09971,94.10022
TJSJ,12/26/2005,82,70,0.02,60.365044,76.62178,94.05696
TJSJ,12/27/2005,80,69,0,69.06545,80.40399,90.062
TJSJ,12/28/2005,82,70,0.03,60.365044,77.37624,94.01323
TJSJ,12/29/2005,83,70,0.01,69.4343,81.26267,94.05696
TJSJ,12/30/2005,83,70,0.02,69.4343,81.31594,94.05696
TJSJ,12/31/2005,83,72,0.04,63.0313,79.3602,94.10022
TJSJ,1/1/2006,81,71,0.11,69.71026,84.65232,94.10022
TJSJ,1/2/2006,82,73,0.09,58.07999,74.33379,94.10022
TJSJ,1/3/2006,82,69,0.04,65.536865,78.646675,90.062
TJSJ,1/4/2006,81,68,0.07,67.177505,81.490746,94.05696
TJSJ,1/5/2006,81,70,0,61.58435,78.08022,94.05696
TJSJ,1/6/2006,81,66,0,61.58435,77.17917,93.924324
TJSJ,1/7/2006,82,69,0,67.177505,79.09152,90.0191
TJSJ,1/8/2006,82,69,0,64.1747,73.34497,88.42599
TJSJ,1/9/2006,81,73,0.83,65.536865,79.216866,94.10022
TJSJ,1/10/2006,82,73,0.33,61.58435,83.18957,94.10022
TJSJ,1/11/2006,81,70,0.58,61.58435,81.149994,96.3879
TJSJ,1/12/2006,81,72,0.26,69.71026,85.11935,94.05696
TJSJ,1/13/2006,82,71,0.09,61.58435,82.78616,100
TJSJ,1/14/2006,84,70,0.04,64.8973,79.81421,100
TJSJ,1/15/2006,87,69,2.69,63.2692,84.52948,100
TJSJ,1/16/2006,78,70,0.04,62.1713,72.78925,96.3879
TJSJ,1/17/2006,80,69,0,61.58435,72.75013,84.0369
TJSJ,1/18/2006,81,73,0.08,71.9184,77.71075,88.507805
TJSJ,1/19/2006,81,71,0.26,65.118546,77.91153,94.10022
TJSJ,1/20/2006,80,71,0.26,60.1099,78.77371,96.3879
TJSJ,1/21/2006,80,72,0.07,65.32855,77.25858,88.507805
TJSJ,1/22/2006,79,72,0.45,71.21228,81.06677,96.678116
TJSJ,1/23/2006,81,69,0.04,57.603676,73.419655,88.42599
TJSJ,1/24/2006,80,66,0.01,57.603676,76.609,96.3118
TJSJ,1/25/2006,84,68,0,45.06871,74.76869,94.01323
TJSJ,1/26/2006,80,68,0.04,73.6111,82.032135,93.96902
TJSJ,1/27/2006,80,69,0.13,65.32855,81.71627,94.01323
TJSJ,1/28/2006,75,70,0.05,60.442253,67.37781,81.0014
TJSJ,1/29/2006,77,69,0.1,56.630344,68.76678,88.34331
TJSJ,1/30/2006,81,70,0.03,54.2272,68.010185,78.4937
TJSJ,1/31/2006,81,69,0.01,62.1581,74.71684,84.0369
TJSJ,2/1/2006,83,67,0,45.5983,74.0953,93.924324
TJSJ,2/2/2006,76,68,0.62,83.09303,92.18697,100
TJSJ,2/3/2006,81,69,0.09,71.3899,84.336266,96.3879
TJSJ,2/4/2006,81,69,0.0001,69.52137,80.827774,87.2551
TJSJ,2/5/2006,83,72,0.0001,60.2464,80.1373,94.05696
TJSJ,2/6/2006,81,71,0.34,71.3899,82.43866,94.10022
TJSJ,2/7/2006,80,70,0.24,81.4972,89.88969,100
TJSJ,2/8/2006,81,71,0.19,69.2256,84.28991,100
TJSJ,2/9/2006,85,69,0,54.7739,78.616,96.9683
TJSJ,2/10/2006,81,70,0.0001,58.255,79.178764,93.437
TJSJ,2/11/2006,82,72,0.16,71.5869,82.92424,94.10022
TJSJ,2/12/2006,84,71,0,56.23738,74.35658,90.6553
TJSJ,2/13/2006,87,68,0,51.2356,73.14955,93.3839
TJSJ,2/14/2006,84,71,0.0001,49.2195,73.827736,90.6553
TJSJ,2/15/2006,82,71,0.07,64.2645,77.38694,90.14
TJSJ,2/16/2006,83,73,0.0001,65.74351,77.01424,84.2241
TJSJ,2/17/2006,83,70,0.0001,58.3966,75.27018,90.0191
TJSJ,2/18/2006,81,70,0.02,62.2913,76.163246,88.42599
TJSJ,2/19/2006,82,70,0.0001,56.4515,71.319336,90.0191
TJSJ,2/20/2006,82,72,0.01,62.4018,73.80366,88.507805
TJSJ,2/21/2006,83,72,0.0001,58.3966,73.50552,84.2241
TJSJ,2/22/2006,83,71,0.0001,56.2428,70.07004,84.1034
TJSJ,2/23/2006,83,73,0.0001,58.5141,72.63578,84.8003
TJSJ,2/24/2006,82,71,0,54.5016,69.68997,84.1584
TJSJ,2/25/2006,83,73,0,52.4748,63.490833,71.2163
TJSJ,2/26/2006,87,70,0.0001,32.3647,60.711838,78.4937
TJSJ,2/27/2006,83,72,0,61.3594,70.27036,78.7032
TJSJ,2/28/2006,84,70,0,54.77119,69.94794,84.1034
TJSJ,3/1/2006,82,72,0.12,64.8973,78.17263,88.507805
TJSJ,3/2/2006,86,72,0,49.2195,69.45314,84.2241
TJSJ,3/3/2006,87,73,0.01,47.683,68.26248,81.1432
TJSJ,3/4/2006,85,70,0,54.7739,72.25729,86.7675
TJSJ,3/5/2006,83,72,0.0001,60.2464,71.208206,84.2241
TJSJ,3/6/2006,82,74,0.0001,58.3966,68.44231,78.8081
TJSJ,3/7/2006,83,72,0.01,62.2913,74.72911,87.3539
TJSJ,3/8/2006,85,73,0.0001,56.23738,68.546394,81.7121
TJSJ,3/9/2006,82,74,0,43.5648,53.759686,64.1747
TJSJ,3/10/2006,83,71,0.05,46.0276,58.02134,75.7509
TJSJ,3/11/2006,84,72,0,47.2297,60.180996,73.6111
TJSJ,3/12/2006,84,72,0.01,52.9345,67.15679,78.723
TJSJ,3/13/2006,84,73,0.01,54.6256,70.648254,84.8003
TJSJ,3/14/2006,83,72,0.29,65.5369,81.66076,88.5888
TJSJ,3/15/2006,83,71,0.0001,64.68674,76.05696,87.4073
TJSJ,3/16/2006,84,73,0.0001,63.0313,75.23303,87.4073
TJSJ,3/17/2006,84,75,0.0001,58.5141,73.27334,81.7866
TJSJ,3/18/2006,85,72,0.0001,56.509,74.70763,84.337776
TJSJ,3/19/2006,84,74,0,56.509,71.6037,84.8003
TJSJ,3/20/2006,84,72,0,54.6256,68.31979,81.7121
TJSJ,3/21/2006,84,73,0.0001,58.08,71.20787,78.723
TJSJ,3/22/2006,85,73,0.01,58.6546,72.09344,84.2241
TJSJ,3/23/2006,87,72,0,47.8308,70.46226,84.2241
TJSJ,3/24/2006,84,73,0.0001,63.0313,75.36166,84.337776
TJSJ,3/25/2006,88,75,0,46.35,66.535965,81.8483
TJSJ,3/26/2006,91,74,0,43.6661,67.16325,84.8003
TJSJ,3/27/2006,86,75,0.3,65.0019,79.92093,94.1853
TJSJ,3/28/2006,84,76,0.0001,59.7392,77.04419,87.6003
TJSJ,3/29/2006,87,75,0,61.9141,72.68816,81.8483
TJSJ,3/30/2006,87,73,0.05,74.0652,82.541916,92.4997
TJSJ,3/31/2006,81,73,0.0001,73.9485,83.91105,94.1002
TJSJ,4/1/2006,81,70,2.14,69.3207,85.38758,94.1002
TJSJ,4/2/2006,82,70,0.41,64.8973,77.75307,94.057
TJSJ,4/3/2006,84,73,0.02,65.0019,77.05974,87.4515
TJSJ,4/4/2006,85,73,1.24,65.1269,78.8325,94.14301
TJSJ,4/5/2006,83,72,0.59,64.5384,76.91579,94.05696
TJSJ,4/6/2006,82,73,0.04,71.9184,82.86693,90.32327
TJSJ,4/7/2006,83,73,0.03,67.4378,79.41959,90.14
TJSJ,4/8/2006,84,75,0.0001,62.7745,73.87564,84.3436
TJSJ,4/9/2006,84,73,0.0001,60.7359,71.29185,81.7866
TJSJ,4/10/2006,87,73,0,49.6623,68.8837,81.1432
TJSJ,4/11/2006,87,73,0.0001,50.9659,67.008804,78.723
TJSJ,4/12/2006,87,74,0.03,58.9106,75.137825,84.9155
TJSJ,4/13/2006,84,75,0.0001,58.6546,74.49643,88.588776
TJSJ,4/14/2006,87,75,0.18,60.8714,79.13604,100
TJSJ,4/15/2006,85,75,0.0001,62.7745,73.137505,84.9155
TJSJ,4/16/2006,84,76,0,60.7359,69.51344,76.569
TJSJ,4/17/2006,85,74,0,52.928852,66.0775,78.8081
TJSJ,4/18/2006,87,73,0,47.8155,62.19991,78.6517
TJSJ,4/19/2006,87,73,0,49.5066,63.444004,84.2241
TJSJ,4/20/2006,86,75,0.23,61.1182,73.73071,88.6689
TJSJ,4/21/2006,84,74,1.53,71.5869,83.24845,94.14301
TJSJ,4/22/2006,81,73,0.87,79.0466,85.48229,96.4461
TJSJ,4/23/2006,84,75,0.33,65.0019,75.790474,87.6003
TJSJ,4/24/2006,85,74,0.0001,67.576,75.990746,84.8003
TJSJ,4/25/2006,85,75,0.0001,65.2306,76.75086,90.2171
TJSJ,4/26/2006,85,73,0.0001,63.2692,76.135185,94.1045
TJSJ,4/27/2006,82,77,0.0001,62.249,77.52397,84.9155
TJSJ,4/28/2006,88,76,0.16,57.1246,74.9387,84.9155
TJSJ,4/29/2006,85,73,0,67.4378,80.24679,87.6003
TJSJ,4/30/2006,88,72,2.26,51.2356,76.08556,100
TJSJ,5/1/2006,83,74,0.18,66.7046,82.31718,90.7287
TJSJ,5/2/2006,82,73,0.53,74.148,86.43845,94.143
TJSJ,5/3/2006,82,72,0.01,76.9034,86.42949,100
TJSJ,5/4/2006,84,74,0.0001,58.07999,68.81183,87.4515
TJSJ,5/5/2006,83,75,0.0001,58.255,63.490192,71.4168
TJSJ,5/6/2006,83,73,0,54.5016,63.70237,75.7509
TJSJ,5/7/2006,84,74,0,58.5141,68.91322,78.8081
TJSJ,5/8/2006,85,78,0,62.7745,69.70916,76.737
TJSJ,5/9/2006,86,77,0.22,65.2306,74.54352,90.2933
TJSJ,5/10/2006,87,76,0.31,71.5869,83.34886,90.2933
TJSJ,5/11/2006,88,75,0.01,68.5868,80.76529,90.8013
TJSJ,5/12/2006,92,74,0.0001,46.6422,72.30858,90.2171
TJSJ,5/13/2006,91,75,0.07,51.9606,71.22113,84.5785
TJSJ,5/14/2006,88,76,0.0001,53.0308,73.76797,87.1241
TJSJ,5/15/2006,88,76,0.0001,65.0834,79.29791,88.6689
TJSJ,5/16/2006,89,76,0.02,60.88,75.86378,88.668915
TJSJ,5/17/2006,92,77,0,45.6309,67.84329,87.6003
TJSJ,5/18/2006,93,79,0,54.1779,68.48934,84.6417
TJSJ,5/19/2006,87,77,0,46.9327,67.512215,84.5256
TJSJ,5/20/2006,89,78,0,59.1645,74.20837,84.5785
TJSJ,5/21/2006,89,78,0.0001,51.8344,67.90347,79.0466
TJSJ,5/22/2006,93,76,0,47.3554,67.76248,84.9155
TJSJ,5/23/2006,93,78,0,45.7897,67.37438,84.5256
TJSJ,5/24/2006,90,77,0,55.044296,72.51987,84.5256
TJSJ,5/25/2006,90,77,0,57.1775,71.087074,79.116
TJSJ,5/26/2006,90,77,0,57.1775,69.19656,79.116
TJSJ,5/27/2006,91,78,0,53.727,71.173935,81.6337
TJSJ,5/28/2006,88,76,0.87,65.0834,78.85678,93.6709
TJSJ,5/29/2006,87,76,0.0001,65.1269,77.88195,87.6003
TJSJ,5/30/2006,94,76,0,44.1222,69.80212,90.8013
TJSJ,5/31/2006,93,77,0,50.2292,70.98575,88.668915
TJSJ,6/1/2006,91,77,0,51.8344,69.37047,81.497185
TJSJ,6/2/2006,91,77,0,58.9106,71.881714,87.6003
TJSJ,6/3/2006,89,76,0,55.3127,70.814644,81.922
TJSJ,6/4/2006,90,77,0,58.781776,74.42912,88.5888
TJSJ,6/5/2006,90,77,0.01,47.3554,67.6617,84.5256
TJSJ,6/6/2006,93,78,0.0001,48.48942,68.180145,82.0559
TJSJ,6/7/2006,91,78,0.09,53.455,72.33473,82.1885
TJSJ,6/8/2006,90,77,0,57.3855,71.18923,82.0559
TJSJ,6/9/2006,94,78,0,43.9617,69.44789,84.5785
TJSJ,6/10/2006,93,78,0,54.1779,70.12059,84.5785
TJSJ,6/11/2006,88,74,0.58,63.013,75.20132,88.5888
TJSJ,6/12/2006,88,77,0.67,67.4817,79.95221,88.6689
TJSJ,6/13/2006,88,75,0.37,63.1423,79.81641,90.2933
TJSJ,6/14/2006,87,76,0.08,67.6546,78.83149,87.6951
TJSJ,6/15/2006,87,77,0.0001,65.1269,73.946884,87.6951
TJSJ,6/16/2006,88,75,0.27,58.781776,75.72333,90.8013
TJSJ,6/17/2006,89,76,0.02,63.3777,78.444496,93.5928
TJSJ,6/18/2006,92,78,0.01,55.7235,73.76866,84.6417
TJSJ,6/19/2006,89,78,0.25,65.5802,79.165405,87.6951
TJSJ,6/20/2006,86,73,1.64,69.846,87.97255,97.0415
TJSJ,6/21/2006,84,74,0.06,81.7687,86.99178,94.14301
TJSJ,6/22/2006,87,75,0.59,67.27328,83.90751,93.6709
TJSJ,6/23/2006,90,76,0,55.4582,75.942726,93.5928
TJSJ,6/24/2006,88,78,0.0001,59.1645,73.14107,84.5785
TJSJ,6/25/2006,91,78,0,52.1115,72.12549,84.5256
TJSJ,6/26/2006,92,78,0,55.5791,72.74573,84.5785
TJSJ,6/27/2006,90,78,0.0001,55.4582,72.32377,82.0559
TJSJ,6/28/2006,89,77,0.01,59.1645,75.44037,84.6417
TJSJ,6/29/2006,89,73,0.05,60.1418,76.54309,90.3345
TJSJ,6/30/2006,89,78,0.0001,59.1645,77.7853,92.63835
TJSJ,7/1/2006,86,76,0.76,74.4434,81.615166,90.3687
TJSJ,7/2/2006,87,75,0.23,67.27328,78.608665,90.8013
TJSJ,7/3/2006,89,76,0.0001,57.1775,74.940575,84.5785
TJSJ,7/4/2006,91,77,0.01,50.2292,74.336174,87.6003
TJSJ,7/5/2006,90,80,0,51.6825,69.70949,84.6417
TJSJ,7/6/2006,88,79,0.0001,62.467205,74.42347,81.6337
TJSJ,7/7/2006,87,75,0.12,60.88,74.7162,90.8013
TJSJ,7/8/2006,86,73,0.19,74.148,80.3697,90.8013
TJSJ,7/9/2006,89,76,0.14,61.1253,82.181854,93.5928
TJSJ,7/10/2006,85,74,1.57,74.5084,86.78841,94.1853
TJSJ,7/11/2006,87,77,0.27,65.0834,78.545685,90.3345
TJSJ,7/12/2006,87,76,0.14,65.2306,76.836945,90.8013
TJSJ,7/13/2006,86,76,0.51,71.782,82.66273,94.1853
TJSJ,7/14/2006,89,76,0.05,65.0834,79.932495,94.14301
TJSJ,7/15/2006,87,73,0.38,69.7345,79.8164,94.1002
TJSJ,7/16/2006,88,77,0,64.954704,76.97641,87.6003
TJSJ,7/17/2006,87,75,0.09,63.013,75.632225,90.8013
TJSJ,7/18/2006,87,77,0.02,65.3545,79.02067,90.3687
TJSJ,7/19/2006,93,77,0.01,52.7302,76.29848,87.6951
TJSJ,7/20/2006,88,75,0.38,67.4817,78.36875,90.8013
TJSJ,7/21/2006,89,78,0.05,63.2495,73.76534,83.66177
TJSJ,7/22/2006,90,77,0.06,59.3022,74.926796,84.5256
TJSJ,7/23/2006,90,78,0.0001,61.48733,75.37131,84.5785
TJSJ,7/24/2006,89,80,0.0001,65.0834,73.958916,84.6417
TJSJ,7/25/2006,89,77,0.06,59.0494,71.13829,84.4617
TJSJ,7/26/2006,89,77,0.61,61.3631,78.95178,90.3687
TJSJ,7/27/2006,85,77,0.3,66.7046,84.045715,93.0885
TJSJ,7/28/2006,88,79,0.17,69.5389,78.38129,94.2687
TJSJ,7/29/2006,87,75,0.7,72.30214,82.40034,94.18534
TJSJ,7/30/2006,86,73,2.08,72.30214,85.37908,96.4461
TJSJ,7/31/2006,90,77,0.02,63.2495,76.55184,90.3345
TJSJ,8/1/2006,88,77,0,63.2495,76.99837,87.6003
TJSJ,8/2/2006,88,76,0.15,66.15182,77.00114,88.74824
TJSJ,8/3/2006,83,77,0.4,71.3899,82.3101,93.6205
TJSJ,8/4/2006,87,76,0.0001,65.0834,76.511,93.5928
TJSJ,8/5/2006,85,75,0.73,71.782,82.712425,93.6205
TJSJ,8/6/2006,87,77,0.11,67.4817,80.09675,90.2933
TJSJ,8/7/2006,86,78,0.22,67.6546,79.60856,90.3687
TJSJ,8/8/2006,88,79,0.0001,67.4817,74.70459,79.3496
TJSJ,8/9/2006,88,80,0.0001,67.4817,74.78336,82.1885
TJSJ,8/10/2006,86,80,0.04,74.3291,79.91433,87.2222
TJSJ,8/11/2006,90,80,0,67.4817,76.55437,87.2222
TJSJ,8/12/2006,89,76,0.0001,63.1423,75.55209,84.5256
TJSJ,8/13/2006,88,78,0.0001,61.3631,73.14766,84.5785
TJSJ,8/14/2006,89,78,0.02,60.88,72.97986,90.3687
TJSJ,8/15/2006,89,77,0.06,70.1589,83.35798,93.0885
TJSJ,8/16/2006,89,76,0.54,67.5795,80.74238,94.143
TJSJ,8/17/2006,88,76,0.03,64.8973,78.11834,90.3345
TJSJ,8/18/2006,87,75,0.58,65.0834,82.34455,94.143
TJSJ,8/19/2006,87,75,0,69.846,80.91985,93.5695
TJSJ,8/20/2006,89,77,0,69.4343,77.46209,87.6003
TJSJ,8/21/2006,90,78,0.0001,57.6443,75.69093,90.3345
TJSJ,8/22/2006,88,78,0.02,67.4817,76.000656,87.789
TJSJ,8/23/2006,89,81,0.0001,67.6964,78.418205,87.789
TJSJ,8/24/2006,89,80,0.0001,67.5795,77.013664,87.2222
TJSJ,8/25/2006,88,76,0.59,67.5795,81.13367,87.6003
TJSJ,8/26/2006,84,74,0.59,76.5296,88.41117,94.143
TJSJ,8/27/2006,87,76,0.13,69.7345,81.90189,93.6205
TJSJ,8/28/2006,88,78,0.0001,67.4817,79.43304,90.3345
TJSJ,8/29/2006,88,78,0.04,67.5795,79.36769,87.6951
TJSJ,8/30/2006,89,77,0.01,60.8352,82.2041,96.4875
TJSJ,8/31/2006,90,77,0,67.3834,80.324326,96.4798
TJSJ,9/1/2006,88,76,0.0001,66.35352,77.90392,88.668915
TJSJ,9/2/2006,89,78,0.01,63.3777,76.33046,90.3345
TJSJ,9/3/2006,90,79,0.05,63.3777,76.54688,87.789
TJSJ,9/4/2006,89,78,0.27,67.5795,79.508934,90.4094
TJSJ,9/5/2006,90,78,0.1,67.4817,77.11584,87.6951
TJSJ,9/6/2006,90,76,0.78,65.3545,82.90805,93.6205
TJSJ,9/7/2006,88,75,0.12,67.5795,80.58985,94.143
TJSJ,9/8/2006,88,77,0.0001,65.2306,76.07003,93.6205
TJSJ,9/9/2006,90,78,0.0001,53.455,70.559326,84.5785
TJSJ,9/10/2006,91,76,0,50.3853,70.496704,81.922
TJSJ,9/11/2006,92,78,0,52.2368,71.00854,81.4972
TJSJ,9/12/2006,90,78,0,55.5308,71.94733,84.5256
TJSJ,9/13/2006,90,75,0.03,65.0834,77.33199,88.5888
TJSJ,9/14/2006,89,77,0.06,67.5795,80.699524,90.2933
TJSJ,9/15/2006,90,78,0.0001,63.4841,79.00265,90.3687
TJSJ,9/16/2006,90,79,0,65.0834,74.94608,84.6417
TJSJ,9/17/2006,89,78,0,57.1775,71.12547,82.0559
TJSJ,9/18/2006,92,79,0,55.4587,72.29414,82.0559
TJSJ,9/19/2006,89,79,0.0001,60.3678,74.3226,84.5785
TJSJ,9/20/2006,89,79,0,60.3227,72.36103,84.5785
TJSJ,9/21/2006,89,79,0,65.5802,73.7152,82.1885
TJSJ,9/22/2006,91,79,0.16,57.0668,73.369255,84.6417
TJSJ,9/23/2006,90,78,0.05,59.3022,75.89878,90.3687
TJSJ,9/24/2006,91,78,0.0001,59.5531,72.71206,82.0559
TJSJ,9/25/2006,89,77,0.03,67.5795,79.46839,87.6951
TJSJ,9/26/2006,89,76,0.12,61.1253,76.00803,90.8013
TJSJ,9/27/2006,91,76,0.0001,58.552025,72.37591,87.5481
TJSJ,9/28/2006,91,78,0.0001,59.3022,74.33026,87.6951
TJSJ,9/29/2006,90,79,0.0001,55.3127,72.962,84.5785
TJSJ,9/30/2006,93,78,0,47.2213,70.11472,84.5785
TJSJ,10/1/2006,90,78,0.08,59.4165,75.197525,90.3345
TJSJ,10/2/2006,90,76,0.09,62.5106,74.7468,90.8013
TJSJ,10/3/2006,90,77,0,57.6912,73.23528,84.5785
TJSJ,10/4/2006,90,77,0.03,60.3002,75.53278,84.5785
TJSJ,10/5/2006,87,77,0.03,66.15182,79.453804,90.3345
TJSJ,10/6/2006,92,77,0.39,57.9012,75.861336,87.6003
TJSJ,10/7/2006,91,78,0,,,
TJSJ,10/8/2006,91,79,0,69.7103,70.94852,78.7617
TJSJ,10/9/2006,89,75,0.65,74.1149,83.61935,94.143
TJSJ,10/10/2006,89,76,0.09,70.2674,81.600655,97.0415
TJSJ,10/11/2006,91,75,2.64,59.012367,75.63432,100
TJSJ,10/12/2006,87,75,0.0001,60.9838,76.06816,100
TJSJ,10/13/2006,88,78,0.01,59.1645,74.66956,90.3345
TJSJ,10/14/2006,92,77,1.4,57.1775,81.82522,93.0885
TJSJ,10/15/2006,92,78,0,48.7064,68.49646,84.5785
TJSJ,10/16/2006,90,78,0.95,61.1253,78.445786,94.2272
TJSJ,10/17/2006,91,79,0.01,57.4366,75.89877,84.6941
TJSJ,10/18/2006,89,76,1.45,61.1253,83.72815,94.2272
TJSJ,10/19/2006,87,75,0.07,63.1423,81.640976,93.5695
TJSJ,10/20/2006,87,74,1.06,63.013,80.99474,94.143
TJSJ,10/21/2006,91,77,0,55.7235,73.57188,90.2933
TJSJ,10/22/2006,88,78,0,63.013,75.30192,87.6951
TJSJ,10/23/2006,89,75,0,61.3631,76.9456,90.2933
TJSJ,10/24/2006,90,78,0.0001,60.88,75.565186,90.3345
TJSJ,10/25/2006,89,78,0,63.2495,76.77927,87.6951
TJSJ,10/26/2006,88,79,0.0001,69.5389,78.36173,87.789
TJSJ,10/27/2006,87,77,1.1,77.068,84.94008,90.3687
TJSJ,10/28/2006,88,78,0.17,71.9753,83.44151,90.4094
TJSJ,10/29/2006,89,78,0.1,65.5802,78.49329,90.3687
TJSJ,10/30/2006,88,78,0.13,65.5802,79.07718,90.3687
TJSJ,10/31/2006,88,78,0.35,65.0834,77.622406,87.6951
TJSJ,11/1/2006,87,76,0,65.2306,75.84602,90.8013
TJSJ,11/2/2006,88,76,0.3,63.1423,78.110085,90.8013
TJSJ,11/3/2006,89,78,0.06,61.3631,78.27414,84.6417
TJSJ,11/4/2006,88,77,0,67.3637,76.84203,88.668915
TJSJ,11/5/2006,88,77,0.0001,59.1645,74.73362,87.6003
TJSJ,11/6/2006,87,76,0,58.6546,71.30205,81.8483
TJSJ,11/7/2006,87,74,0.0001,56.9164,70.005615,81.7866
TJSJ,11/8/2006,89,75,0.02,49.9468,70.67631,84.57616
TJSJ,11/9/2006,89,75,0,56.9164,71.10635,84.9155
TJSJ,11/10/2006,87,76,0,60.88,73.87026,84.9155
TJSJ,11/11/2006,86,76,0.24,65.2306,75.59923,94.14301
TJSJ,11/12/2006,86,74,0.3,69.7345,79.610016,94.1002
TJSJ,11/13/2006,84,75,0.17,72.1122,83.33332,90.8013
TJSJ,11/14/2006,86,74,0.01,65.0019,77.36248,90.974266
TJSJ,11/15/2006,85,73,0.02,65.0019,76.773056,87.4515
TJSJ,11/16/2006,85,75,0.0001,65.1269,76.69574,83.32391
TJSJ,11/17/2006,86,74,0,63.2692,76.0174,87.5043
TJSJ,11/18/2006,87,74,0,60.9838,74.52027,88.507805
TJSJ,11/19/2006,90,74,0,49.9468,70.86071,87.5043
TJSJ,11/20/2006,91,76,0.0001,50.3853,72.83213,88.588776
TJSJ,11/21/2006,90,76,0.0001,51.8344,73.3242,87.5481
TJSJ,11/22/2006,88,76,0.13,56.9164,73.80791,87.6003
TJSJ,11/23/2006,87,75,0.0001,60.88,76.90448,90.8013
TJSJ,11/24/2006,88,74,0.01,58.9106,76.374466,87.5043
TJSJ,11/25/2006,88,75,0,56.9164,78.31586,88.588776
TJSJ,11/26/2006,88,75,0.0001,65.0834,77.44373,90.8013
TJSJ,11/27/2006,87,72,3.35,67.3637,82.08042,100
TJSJ,11/28/2006,85,74,0.28,67.6546,81.743095,94.14301
TJSJ,11/29/2006,84,73,0.75,65.94849,76.942955,88.5888
TJSJ,11/30/2006,85,78,0.07,61.58435,69.64514,82.0559
TJSJ,12/1/2006,84,73,0.48,63.0313,74.12138,94.10022
TJSJ,12/2/2006,84,73,0.18,58.07999,67.00648,88.507805
TJSJ,12/3/2006,83,72,0.25,62.1581,72.695244,84.45763
TJSJ,12/4/2006,83,72,0.66,66.9263,81.59515,94.1002
TJSJ,12/5/2006,84,73,0.05,69.5285,83.17718,93.518
TJSJ,12/6/2006,85,75,0.0001,69.6411,81.85903,90.8013
TJSJ,12/7/2006,86,76,0.13,69.7345,81.2668,88.668915
TJSJ,12/8/2006,86,75,0,69.846,80.23564,90.2171
TJSJ,12/9/2006,86,75,0.01,58.6546,76.91596,87.5481
TJSJ,12/10/2006,85,74,0.08,67.146,77.86498,84.8003
TJSJ,12/11/2006,84,73,0.0001,64.8973,78.245056,90.14
TJSJ,12/12/2006,84,73,0.05,71.5869,82.34283,88.507805
TJSJ,12/13/2006,85,73,0.03,58.6546,75.7663,93.518
TJSJ,12/14/2006,86,73,0.06,58.5141,77.01763,84.9155
TJSJ,12/15/2006,84,72,0.19,67.146,78.2721,90.7287
TJSJ,12/16/2006,85,73,0.02,65.0019,79.09621,90.8013
TJSJ,12/17/2006,82,75,0.71,71.9184,84.23704,96.4461
TJSJ,12/18/2006,84,73,0.0001,62.5339,76.84315,87.5043
TJSJ,12/19/2006,84,73,0,62.7745,76.09211,84.337776
TJSJ,12/20/2006,86,74,0,62.7745,76.32821,87.5043
TJSJ,12/21/2006,84,75,0.08,71.5869,81.918655,90.8013
TJSJ,12/22/2006,84,73,0.54,71.5869,86.186935,96.678116
TJSJ,12/23/2006,84,74,0.03,65.0019,78.58872,90.7287
TJSJ,12/24/2006,85,72,0.07,62.5339,75.33792,84.9155
TJSJ,12/25/2006,83,70,0.01,63.0313,74.06485,87.5043
TJSJ,12/26/2006,82,72,0.14,66.9263,80.68292,94.10022
TJSJ,12/27/2006,85,71,0,60.8714,75.97016,90.6553
TJSJ,12/28/2006,85,74,0.05,67.1857,80.8254,90.7287
TJSJ,12/29/2006,84,73,0.32,69.3207,83.42931,93.5415
TJSJ,12/30/2006,83,72,0.23,64.8973,80.16945,96.993
TJSJ,12/31/2006,82,73,0.13,71.5869,81.97973,94.10022
TJSJ,1/1/2007,82,73,0.47,67.177505,79.62942,94.10022
TJSJ,1/2/2007,83,72,0.01,61.3594,78.08389,88.588776
TJSJ,1/3/2007,83,71,0.13,65.74351,79.609665,94.10022
TJSJ,1/4/2007,82,72,0.01,61.58435,74.61843,88.507805
TJSJ,1/5/2007,83,70,0.12,64.68674,81.353065,94.05696
TJSJ,1/6/2007,83,71,0.08,61.58435,75.50445,90.32327
TJSJ,1/7/2007,83,73,0.03,54.551235,69.31612,83.32391
TJSJ,1/8/2007,85,70,0.2,64.68674,83.32438,100
TJSJ,1/9/2007,83,70,0.0001,67.177505,79.983246,94.05696
TJSJ,1/10/2007,82,69,0,67.177505,79.91155,94.01323
TJSJ,1/11/2007,83,72,0.04,64.8973,78.49125,94.05696
TJSJ,1/12/2007,82,72,0.03,67.177505,80.31492,94.10022
TJSJ,1/13/2007,82,72,0.51,65.74351,82.7988,94.10022
TJSJ,1/14/2007,83,72,0.13,64.68674,77.16038,94.10022
TJSJ,1/15/2007,83,73,0.13,61.807594,74.187256,88.507805
TJSJ,1/16/2007,82,73,0.03,64.68674,76.07261,88.507805
TJSJ,1/17/2007,83,73,0.03,64.68674,77.651825,88.507805
TJSJ,1/18/2007,81,72,0.26,65.32855,75.58179,94.10022
TJSJ,1/19/2007,82,71,0.08,64.68674,77.921936,94.05696
TJSJ,1/20/2007,82,72,0.0001,61.58435,73.15174,88.42599
TJSJ,1/21/2007,83,70,0.0001,61.807594,73.47802,88.34331
TJSJ,1/22/2007,82,72,0.26,64.68674,75.97354,90.32327
TJSJ,1/23/2007,82,72,0.0001,58.07999,72.108864,84.1584
TJSJ,1/24/2007,83,71,0,58.07999,74.85427,86.7675
TJSJ,1/25/2007,82,69,0,61.58435,76.57804,90.0191
TJSJ,1/26/2007,87,70,0,45.87598,72.135605,90.0191
TJSJ,1/27/2007,86,70,0,54.551235,72.57677,88.34331
TJSJ,1/28/2007,85,70,0,51.0819,69.96769,84.0369
TJSJ,1/29/2007,84,69,0,58.07999,74.53012,90.0191
TJSJ,1/30/2007,84,70,0,54.551235,72.777916,88.42599
TJSJ,1/31/2007,86,71,0,57.1246,75.01346,88.507805
TJSJ,2/1/2007,86,71,0.03,60.8714,78.768776,90.062
TJSJ,2/2/2007,84,72,0.02,65.0019,76.45614,88.588776
TJSJ,2/3/2007,84,73,0.04,63.0313,76.142166,88.507805
TJSJ,2/4/2007,82,73,0.04,57.842686,74.91237,88.588776
TJSJ,2/5/2007,85,72,0,61.807594,74.2958,83.32391
TJSJ,2/6/2007,85,74,0.01,60.8714,75.67033,88.507805
TJSJ,2/7/2007,85,73,0.0001,54.798595,73.31704,88.507805
TJSJ,2/8/2007,85,70,0,61.58435,73.06673,84.1034
TJSJ,2/9/2007,90,72,0,43.338745,68.92438,88.507805
TJSJ,2/10/2007,85,73,0,54.30221,69.40409,81.19648
TJSJ,2/11/2007,86,72,0,53.208717,72.38323,84.1584
TJSJ,2/12/2007,86,72,0,53.208717,69.428696,88.507805
TJSJ,2/13/2007,88,71,0,39.1666,67.81619,84.1034
TJSJ,2/14/2007,87,71,0,40.412163,64.86887,78.7032
TJSJ,2/15/2007,88,71,0,51.978363,72.688156,84.1034
TJSJ,2/16/2007,87,73,0,48.581966,72.330635,88.507805
TJSJ,2/17/2007,87,71,0,51.978363,72.22218,88.507805
TJSJ,2/18/2007,88,72,0.0001,45.60833,67.02534,84.337776
TJSJ,2/19/2007,85,74,0.06,56.9815,71.334175,88.588776
TJSJ,2/20/2007,78,70,0.63,65.32855,83.45349,94.10022
TJSJ,2/21/2007,82,72,0.21,64.8973,79.75307,94.10022
TJSJ,2/22/2007,84,73,0.05,62.02914,77.73509,94.10022
TJSJ,2/23/2007,84,72,0.01,56.29896,76.65511,94.05696
TJSJ,2/24/2007,89,71,0,40.412163,68.634224,88.42599
TJSJ,2/25/2007,85,72,0,59.135,72.86834,84.337776
TJSJ,2/26/2007,89,73,0,48.84356,74.153786,88.507805
TJSJ,2/27/2007,88,73,0.0001,51.978363,73.27539,90.32327
TJSJ,2/28/2007,90,73,0.0001,43.338745,67.81754,88.588776
TJSJ,3/1/2007,88,73,0.0001,47.906834,70.95561,88.507805
TJSJ,3/2/2007,84,72,0.22,64.68674,76.402725,90.32327
TJSJ,3/3/2007,86,73,0.07,53.208717,71.81249,88.588776
TJSJ,3/4/2007,86,73,0.0001,58.549522,72.67876,88.507805
TJSJ,3/5/2007,85,73,0.04,59.135,74.771355,83.32391
TJSJ,3/6/2007,86,73,0.01,51.469208,72.743744,88.507805
TJSJ,3/7/2007,88,71,0,51.978363,70.55404,84.1034
TJSJ,3/8/2007,87,72,0.0001,51.0819,68.57492,83.32391
TJSJ,3/9/2007,89,74,0,40.604,69.317375,83.32391
TJSJ,3/10/2007,87,74,0,47.906834,67.185135,83.32391
TJSJ,3/11/2007,89,72,0,52.928852,67.03077,88.42599
TJSJ,3/12/2007,85,74,0,51.469208,68.89895,78.774345
TJSJ,3/13/2007,85,74,0.0001,57.603676,69.54278,84.45763
TJSJ,3/14/2007,84,73,0.02,54.30221,64.9402,78.335495
TJSJ,3/15/2007,85,72,0.0001,49.3749,61.6022,73.6791
TJSJ,3/16/2007,87,74,0,51.724586,69.32818,83.437645
TJSJ,3/17/2007,91,73,0,40.68604,65.83958,84.45763
TJSJ,3/18/2007,90,74,0,40.68604,67.135666,88.507805
TJSJ,3/19/2007,88,75,0,54.911667,69.86158,83.437645
TJSJ,3/20/2007,88,75,0,53.6358,68.05407,78.47891
TJSJ,3/21/2007,87,74,0.0001,54.798595,69.05398,83.32391
TJSJ,3/22/2007,86,74,0.02,54.798595,71.66054,83.32391
TJSJ,3/23/2007,92,73,0.0001,38.177113,63.90436,83.32391
TJSJ,3/24/2007,87,74,0.02,54.798595,70.50184,83.32391
TJSJ,3/25/2007,89,73,0.0001,51.210354,70.91549,84.337776
TJSJ,3/26/2007,86,74,0.26,60.8714,77.10924,88.588776
TJSJ,3/27/2007,82,74,0.07,65.74351,82.343445,90.39978
TJSJ,3/28/2007,86,73,1.15,63.0313,83.24697,100
TJSJ,3/29/2007,84,73,0.0001,69.5285,80.28743,90.39978
TJSJ,3/30/2007,83,73,0.34,62.1713,74.62965,94.10022
TJSJ,3/31/2007,83,72,0.01,54.30221,63.78095,75.7509
TJSJ,4/1/2007,84,73,0.0001,45.5983,55.334816,66.2685
TJSJ,4/2/2007,83,71,0.01,53.9508,63.572094,81.0014
TJSJ,4/3/2007,84,71,0.0001,48.0542,61.124268,81.0014
TJSJ,4/4/2007,81,70,0.12,60.1099,74.07865,90.062
TJSJ,4/5/2007,84,69,0,56.7175,69.62721,84.0369
TJSJ,4/6/2007,90,71,0,48.84356,67.45393,84.1584
TJSJ,4/7/2007,91,77,0,48.48942,66.64469,79.17114
TJSJ,4/8/2007,87,76,0.01,65.1269,75.21151,88.74824
TJSJ,4/9/2007,87,74,0,55.1909,74.76785,88.588776
TJSJ,4/10/2007,86,75,0,60.8714,72.60911,84.45763
TJSJ,4/11/2007,91,75,0,43.338745,63.81761,83.32391
TJSJ,4/12/2007,92,73,0,43.608177,67.66385,84.337776
TJSJ,4/13/2007,88,75,0,54.798595,70.485954,84.45763
TJSJ,4/14/2007,87,75,0,57.1246,71.40793,83.32391
TJSJ,4/15/2007,89,75,0.0001,55.1909,70.138336,83.32391
TJSJ,4/16/2007,91,75,0.07,48.48942,71.894394,88.668915
TJSJ,4/17/2007,90,73,1.51,53.9078,74.42562,94.10022
TJSJ,4/18/2007,85,71,0.41,65.94849,85.92835,94.14301
TJSJ,4/19/2007,92,73,0.0001,48.7064,71.8954,94.10022
TJSJ,4/20/2007,94,78,0.0001,45.6309,68.396454,83.55026
TJSJ,4/21/2007,87,75,0.97,66.15182,79.38686,94.14301
TJSJ,4/22/2007,85,74,2.44,69.897545,85.33433,100
TJSJ,4/23/2007,77,72,1.09,78.47891,89.9752,100
TJSJ,4/24/2007,79,72,1,73.9485,85.980865,100
TJSJ,4/25/2007,85,75,0,60.9838,76.5655,88.588776
TJSJ,4/26/2007,82,74,0.98,71.9184,83.39455,94.14301
TJSJ,4/27/2007,85,75,0.01,69.5285,76.7702,88.588776
TJSJ,4/28/2007,86,75,0.23,63.2692,76.58129,88.668915
TJSJ,4/29/2007,86,73,0.2,63.2692,76.90162,88.5888
TJSJ,4/30/2007,86,76,0.72,63.2692,80.62743,94.14301
TJSJ,5/1/2007,86,74,0.23,65.94849,83.35408,94.14301
TJSJ,5/2/2007,88,75,0.05,58.781776,78.31761,90.39978
TJSJ,5/3/2007,86,75,0.05,60.9838,75.37405,88.668915
TJSJ,5/4/2007,88,75,0.0001,54.798595,72.34064,88.588776
TJSJ,5/5/2007,87,76,0.25,55.044296,70.31938,83.437645
TJSJ,5/6/2007,87,75,0.01,69.685555,78.423874,88.588776
TJSJ,5/7/2007,89,76,0.01,53.6358,71.12548,88.588776
TJSJ,5/8/2007,89,78,0.0001,55.28835,74.12715,84.5256
TJSJ,5/9/2007,90,78,0.01,46.142197,75.639656,87.1241
TJSJ,5/10/2007,91,76,0,53.9078,70.99966,88.588776
TJSJ,5/11/2007,92,77,0,50.356514,68.82301,88.668915
TJSJ,5/12/2007,92,77,0.0001,50.6661,66.89599,84.5256
TJSJ,5/13/2007,92,78,0,46.406975,66.22785,79.17114
TJSJ,5/14/2007,92,77,0,52.1115,70.0726,84.5256
TJSJ,5/15/2007,89,77,0.02,61.241543,75.28159,84.6417
TJSJ,5/16/2007,91,78,0,46.142197,68.624084,84.5785
TJSJ,5/17/2007,91,76,0,48.48942,67.74981,88.588776
TJSJ,5/18/2007,92,77,0,48.7064,64.76296,79.1989
TJSJ,5/19/2007,92,77,0,45.6309,63.888527,79.17114
TJSJ,5/20/2007,91,75,0,51.93074,67.725235,88.588776
TJSJ,5/21/2007,91,76,0.0001,46.142197,69.297264,83.437645
TJSJ,5/22/2007,90,77,0.0001,55.530766,70.496155,79.10189
TJSJ,5/23/2007,90,76,0.0001,55.530766,72.55198,83.437645
TJSJ,5/24/2007,88,77,0.1,61.241543,79.56081,88.74824
TJSJ,5/25/2007,89,75,0.57,58.781776,77.965866,94.14301
TJSJ,5/26/2007,91,77,0.0001,58.549522,74.414894,88.668915
TJSJ,5/27/2007,89,78,0.0001,55.044296,73.05976,84.5256
TJSJ,5/28/2007,90,78,0,52.23055,69.344,81.55377
TJSJ,5/29/2007,93,79,0,49.362175,67.61836,79.17114
TJSJ,5/30/2007,91,79,0.0001,53.9078,73.4469,84.6417
TJSJ,5/31/2007,89,78,0.02,55.1909,72.12718,88.74824
TJSJ,6/1/2007,90,74,1.27,62.467205,78.15937,94.14301
TJSJ,6/2/2007,91,77,0.02,58.781776,75.00567,84.5256
TJSJ,6/3/2007,93,79,0,46.406975,68.51741,84.5785
TJSJ,6/4/2007,91,79,0,55.77155,72.13517,83.66177
TJSJ,6/5/2007,91,78,0,55.530766,71.06442,84.5256
TJSJ,6/6/2007,88,78,0.03,57.3855,72.42664,87.1241
TJSJ,6/7/2007,88,77,0.01,58.549522,70.55188,88.668915
TJSJ,6/8/2007,88,75,0.0001,57.3855,71.92175,100
TJSJ,6/9/2007,89,77,0.0001,60.9838,74.6656,83.55026
TJSJ,6/10/2007,94,77,0,49.1197,69.34573,88.668915
TJSJ,6/11/2007,91,76,1.83,52.23055,74.8344,90.2933
TJSJ,6/12/2007,92,76,0,48.836,70.47167,94.14301
TJSJ,6/13/2007,92,78,0.0001,51.93074,69.73603,81.55377
TJSJ,6/14/2007,92,78,0,46.406975,66.6772,83.55026
TJSJ,6/15/2007,93,77,0,50.6661,70.39078,84.5256
TJSJ,6/16/2007,90,78,0,57.3855,70.60017,83.55026
TJSJ,6/17/2007,88,77,0.17,61.241543,74.830826,88.668915
TJSJ,6/18/2007,90,78,0.0001,57.3855,68.98757,79.10189
TJSJ,6/19/2007,90,78,0.0001,55.530766,68.26556,79.10189
TJSJ,6/20/2007,88,78,0.02,62.467205,77.71089,88.826744
TJSJ,6/21/2007,93,80,0,47.3554,70.55478,87.2222
TJSJ,6/22/2007,92,80,0,49.362175,69.87158,79.2676
TJSJ,6/23/2007,90,80,0,61.241543,70.728874,79.2676
TJSJ,6/24/2007,91,77,0.04,55.4582,71.36489,83.55026
TJSJ,6/25/2007,90,78,0.0001,55.4582,71.37885,84.5785
TJSJ,6/26/2007,91,76,0.09,51.93074,75.86954,90.3345
TJSJ,6/27/2007,89,78,0.08,55.1909,69.84858,83.55026
TJSJ,6/28/2007,87,77,0.48,58.549522,73.61345,83.55026
TJSJ,6/29/2007,89,77,0.0001,55.28835,71.089645,81.6337
TJSJ,6/30/2007,90,79,0,59.012367,72.09692,83.55026
TJSJ,7/1/2007,92,80,0.03,51.93074,71.718124,79.549965
TJSJ,7/2/2007,91,78,0.0001,55.28835,68.93657,84.5256
TJSJ,7/3/2007,90,78,0,52.23055,69.99682,87.1241
TJSJ,7/4/2007,90,78,0.0001,55.1909,65.840355,76.193085
TJSJ,7/5/2007,91,79,0.03,55.530766,69.435745,87.2222
TJSJ,7/6/2007,89,77,0.32,58.781776,72.196075,88.668915
TJSJ,7/7/2007,88,76,0.03,58.781776,71.41749,88.668915
TJSJ,7/8/2007,90,77,0.01,58.781776,69.822495,83.437645
TJSJ,7/9/2007,92,80,0.0001,55.77155,69.86074,79.39962
TJSJ,7/10/2007,89,77,0.0001,59.012367,70.06233,79.10189
TJSJ,7/11/2007,89,77,0.25,55.28835,74.97346,88.74824
TJSJ,7/12/2007,92,78,0,55.4582,72.06167,83.55026
TJSJ,7/13/2007,90,80,0,55.530766,69.523735,78.76171
TJSJ,7/14/2007,88,76,0.08,58.781776,72.07335,94.14301
TJSJ,7/15/2007,91,76,0.41,55.4582,75.73375,88.588776
TJSJ,7/16/2007,87,77,0.1,65.26648,80.439865,90.3345
TJSJ,7/17/2007,87,77,0.05,70.44994,80.80038,88.826744
TJSJ,7/18/2007,89,78,0.0001,55.28835,73.62692,88.74824
TJSJ,7/19/2007,87,77,0.47,,,
TJSJ,7/20/2007,91,78,0.0001,53.9078,72.33123,84.5785
TJSJ,7/21/2007,92,79,0,51.93074,70.419975,84.5785
TJSJ,7/22/2007,89,77,2.23,66.35352,81.03237,90.3687
TJSJ,7/23/2007,88,78,0.0001,62.467205,77.88284,90.3687
TJSJ,7/24/2007,89,79,0.0001,62.467205,72.38746,81.6337
TJSJ,7/25/2007,88,79,0.09,65.49481,75.59793,84.5785
TJSJ,7/26/2007,89,79,0.0001,62.467205,73.08859,83.55026
TJSJ,7/27/2007,91,79,0.0001,55.530766,70.56912,83.55026
TJSJ,7/28/2007,90,77,0,51.649754,69.05202,81.55377
TJSJ,7/29/2007,89,77,0.0001,58.781776,70.17679,83.437645
TJSJ,7/30/2007,87,76,0.48,69.27759,78.316895,90.2933
TJSJ,7/31/2007,89,77,0.0001,62.467205,75.23309,90.2933
TJSJ,8/1/2007,89,79,0.0001,62.249004,72.43656,100
TJSJ,8/2/2007,89,80,0.02,62.467205,71.226555,84.6417
TJSJ,8/3/2007,88,79,0.01,61.241543,71.48159,78.90113
TJSJ,8/4/2007,89,80,0.0001,59.012367,72.31609,79.46747
TJSJ,8/5/2007,89,76,0.13,59.012367,76.722626,84.6417
TJSJ,8/6/2007,88,77,0.09,62.467205,75.003944,88.668915
TJSJ,8/7/2007,87,76,0.31,69.685555,82.21311,94.14301
TJSJ,8/8/2007,88,74,0.62,65.26648,78.25366,94.14301
TJSJ,8/9/2007,89,78,0.0001,59.012367,74.23857,84.6417
TJSJ,8/10/2007,88,79,0.05,66.15182,77.86791,100
TJSJ,8/11/2007,89,79,0.0001,61.241543,75.03413,84.6417
TJSJ,8/12/2007,89,79,0,61.241543,73.845184,84.5785
TJSJ,8/13/2007,89,79,0,61.241543,71.70523,83.55026
TJSJ,8/14/2007,90,76,0.6,55.5791,73.85492,84.5256
TJSJ,8/15/2007,93,77,0.11,58.50561,74.06182,84.7631
TJSJ,8/16/2007,90,77,0.19,59.012367,75.04637,88.74824
TJSJ,8/17/2007,89,80,0.0001,62.467205,73.00281,87.2222
TJSJ,8/18/2007,87,75,0.46,67.6068,78.22665,88.668915
TJSJ,8/19/2007,88,77,0.01,62.467205,76.96983,90.3345
TJSJ,8/20/2007,88,78,0.02,66.35352,76.26433,100
TJSJ,8/21/2007,93,80,0.0001,49.362175,70.115326,87.2222
TJSJ,8/22/2007,93,79,0.01,45.7897,69.76521,84.6417
TJSJ,8/23/2007,89,77,0.12,62.467205,75.95789,90.3345
TJSJ,8/24/2007,88,76,0.34,66.15182,81.42005,94.14301
TJSJ,8/25/2007,87,75,0.14,62.467205,77.40896,88.668915
TJSJ,8/26/2007,87,76,0.18,65.26648,78.00859,84.5785
TJSJ,8/27/2007,88,75,0.0001,58.781776,75.28457,90.39978
TJSJ,8/28/2007,87,78,0.0001,65.94849,76.52832,84.5785
TJSJ,8/29/2007,91,77,0,52.23055,70.46531,81.55377
TJSJ,8/30/2007,92,78,0.02,48.48942,68.10825,83.55026
TJSJ,8/31/2007,86,77,0.01,66.15182,78.29066,88.668915
TJSJ,9/1/2007,89,75,0.97,58.781776,74.05926,94.14301
TJSJ,9/2/2007,89,77,0.0001,55.4582,75.58525,100
TJSJ,9/3/2007,88,77,0.02,62.467205,73.561615,84.4617
TJSJ,9/4/2007,87,77,0.39,69.59207,78.47565,88.74824
TJSJ,9/5/2007,93,78,0,48.836,68.41459,84.5256
TJSJ,9/6/2007,89,78,0.0001,59.012367,73.226135,84.5256
TJSJ,9/7/2007,91,79,0.0001,53.9078,70.5177,84.5785
TJSJ,9/8/2007,89,77,0.02,58.781776,73.20088,87.1241
TJSJ,9/9/2007,89,78,0,58.781776,71.99505,83.55026
TJSJ,9/10/2007,90,79,0.0001,59.012367,72.15249,79.2676
TJSJ,9/11/2007,90,77,0.0001,59.012367,73.40616,81.6337
TJSJ,9/12/2007,91,80,0,59.012367,72.83622,84.6417
TJSJ,9/13/2007,90,77,0.04,58.781776,70.82518,84.5785
TJSJ,9/14/2007,87,77,0.91,70.083244,79.26762,100
TJSJ,9/15/2007,87,76,0.1,66.35352,81.21801,94.14301
TJSJ,9/16/2007,87,77,0.0001,69.685555,79.99047,88.668915
TJSJ,9/17/2007,88,77,0.01,62.467205,75.34934,90.2933
TJSJ,9/18/2007,88,79,0.0001,62.467205,75.47958,88.74824
TJSJ,9/19/2007,90,78,0.23,62.683746,77.90514,84.6941
TJSJ,9/20/2007,86,77,0.12,65.26648,78.09755,87.1241
TJSJ,9/21/2007,88,76,0.01,62.467205,76.71588,94.14301
TJSJ,9/22/2007,89,77,0.0001,61.241543,73.9876,87.1241
TJSJ,9/23/2007,88,77,0.48,62.467205,77.51599,100
TJSJ,9/24/2007,88,77,0.0001,66.35352,76.904915,87.1241
TJSJ,9/25/2007,89,79,0,59.012367,75.29983,84.6417
TJSJ,9/26/2007,88,72,1.59,58.781776,80.57161,100
TJSJ,9/27/2007,88,78,0.0001,62.249004,74.61918,84.5256
TJSJ,9/28/2007,88,74,0.65,65.49481,80.242676,88.74824
TJSJ,9/29/2007,90,76,0,58.781776,75.55206,94.14301
TJSJ,9/30/2007,88,76,1.17,62.467205,80.8964,94.14301
TJSJ,10/1/2007,91,76,0.0001,59.012367,77.16093,90.2933
TJSJ,10/2/2007,92,78,0,52.2368,71.55576,84.5785
TJSJ,10/3/2007,88,77,0.0001,62.467205,74.58514,81.6337
TJSJ,10/4/2007,87,77,0,62.467205,76.805374,90.2933
TJSJ,10/5/2007,85,76,0.07,69.59207,78.63522,88.588776
TJSJ,10/6/2007,87,76,0.0001,65.94849,76.904655,83.437645
TJSJ,10/7/2007,92,75,0.5,55.71818,79.3737,94.14301
TJSJ,10/8/2007,91,76,0.0001,55.71818,73.92965,90.2933
TJSJ,10/9/2007,92,77,0.03,52.481148,72.776375,87.1241
TJSJ,10/10/2007,93,78,0,47.3554,70.78889,88.74824
TJSJ,10/11/2007,92,79,0.0001,43.608177,71.33158,84.5785
TJSJ,10/12/2007,91,79,0.11,51.93074,70.02973,84.866806
TJSJ,10/13/2007,91,76,0.26,48.48942,73.71007,84.6417
TJSJ,10/14/2007,90,76,0,53.9078,72.43993,88.588776
TJSJ,10/15/2007,89,78,0,48.84356,68.56927,81.55377
TJSJ,10/16/2007,88,77,0.04,58.781776,73.53019,88.668915
TJSJ,10/17/2007,90,77,0,46.142197,71.24608,84.57616
TJSJ,10/18/2007,88,77,0,58.781776,71.51707,83.437645
TJSJ,10/19/2007,88,76,0.07,58.781776,74.2226,88.588776
TJSJ,10/20/2007,88,77,0.0001,58.781776,73.57026,84.57616
TJSJ,10/21/2007,88,76,0.06,62.467205,77.38438,88.668915
TJSJ,10/22/2007,87,76,0.17,61.1182,77.618805,94.14301
TJSJ,10/23/2007,87,75,0.23,61.1182,77.31649,88.668915
TJSJ,10/24/2007,86,76,0.11,58.549522,75.783295,94.14301
TJSJ,10/25/2007,86,75,0.27,66.15182,79.56572,90.39978
TJSJ,10/26/2007,86,75,0.33,69.685555,82.21278,94.18534
TJSJ,10/27/2007,79,73,1.04,78.62098,89.3815,96.678116
TJSJ,10/28/2007,79,72,1.52,76.737,88.6946,94.10022
TJSJ,10/29/2007,85,74,0.01,69.71026,82.15622,90.2933
TJSJ,10/30/2007,89,74,0.14,62.467205,79.38523,94.10022
TJSJ,10/31/2007,87,76,0,58.781776,75.27089,88.588776
TJSJ,11/1/2007,89,76,0,55.28835,73.189674,84.5256
TJSJ,11/2/2007,90,76,0.0001,51.93074,72.881516,88.588776
TJSJ,11/3/2007,88,77,0,61.241543,73.92679,84.57616
TJSJ,11/4/2007,86,75,0.0001,62.249004,75.80225,88.668915
TJSJ,11/5/2007,84,73,0.02,69.27759,79.411865,88.588776
TJSJ,11/6/2007,86,74,0.23,63.2692,79.42234,88.588776
TJSJ,11/7/2007,88,73,0.9,55.28835,81.167564,94.10022
TJSJ,11/8/2007,87,74,0.34,67.6068,83.33178,94.14301
TJSJ,11/9/2007,87,74,0.58,66.15182,81.59405,94.14301
TJSJ,11/10/2007,85,74,0,70.083244,81.30405,94.10022
TJSJ,11/11/2007,86,74,0,62.249004,76.67899,90.39978
TJSJ,11/12/2007,85,77,0.54,74.114944,81.92964,90.2933
TJSJ,11/13/2007,84,74,0.3,69.27759,81.86773,100
TJSJ,11/14/2007,88,74,0.0001,48.84356,71.48688,88.5888
TJSJ,11/15/2007,88,73,0.37,55.28835,74.740875,94.14301
TJSJ,11/16/2007,88,77,0.0001,58.781776,76.67946,84.6417
TJSJ,11/17/2007,85,77,0.0001,65.2306,77.91022,88.668915
TJSJ,11/18/2007,87,76,0.01,65.2306,78.56493,94.14301
TJSJ,11/19/2007,82,73,0.91,74.114944,86.539825,94.14301
TJSJ,11/20/2007,83,73,1,64.68674,81.83572,94.10022
TJSJ,11/21/2007,80,72,0.18,65.32855,80.44509,94.10022
TJSJ,11/22/2007,83,73,0,52.928852,62.5924,88.507805
TJSJ,11/23/2007,83,72,0.0001,52.928852,67.54296,83.209045
TJSJ,11/24/2007,83,72,0.19,54.49604,71.21795,88.507805
TJSJ,11/25/2007,83,75,0.01,58.07999,67.5379,83.32391
TJSJ,11/26/2007,84,74,0.05,60.7359,72.271164,88.507805
TJSJ,11/27/2007,84,74,0.03,58.07999,72.63832,84.45763
TJSJ,11/28/2007,85,74,0.0001,54.798595,69.936226,88.507805
TJSJ,11/29/2007,84,73,0.17,58.07999,73.04336,90.32327
TJSJ,11/30/2007,84,73,0.17,63.0313,71.15767,88.507805
TJSJ,12/1/2007,82,74,0.45,69.27759,76.26819,88.588776
TJSJ,12/2/2007,82,73,0.54,56.1834,76.54133,94.14301
TJSJ,12/3/2007,83,75,0,54.30221,63.60439,78.335495
TJSJ,12/4/2007,82,74,0.02,67.177505,77.5261,90.39978
TJSJ,12/5/2007,83,72,0.0001,65.74351,79.73586,88.588776
TJSJ,12/6/2007,84,73,0.03,74.114944,80.8626,90.32327
TJSJ,12/7/2007,84,75,0.04,56.7175,70.626366,84.57616
TJSJ,12/8/2007,84,75,0.28,58.07999,73.76128,84.57616
TJSJ,12/9/2007,82,75,0.04,67.177505,73.15161,88.507805
TJSJ,12/10/2007,82,73,0.78,65.32855,75.59412,94.10022
TJSJ,12/11/2007,78,71,2.26,78.335495,87.66526,94.14301
TJSJ,12/12/2007,83,72,0.21,69.4343,81.39274,94.10022
TJSJ,12/13/2007,81,74,0.62,74.114944,83.17101,94.10022
TJSJ,12/14/2007,81,73,0.5,69.71026,82.56833,94.10022
TJSJ,12/15/2007,82,73,0.44,64.21361,75.97179,94.10022
TJSJ,12/16/2007,82,73,0.2,61.58435,77.66459,88.588776
TJSJ,12/17/2007,84,73,0.03,58.07999,77.8484,94.10022
TJSJ,12/18/2007,83,72,0,58.07999,74.23088,88.507805
TJSJ,12/19/2007,83,73,0.0001,64.8973,75.06955,88.507805
TJSJ,12/20/2007,82,71,0.4,69.71026,79.27405,88.507805
TJSJ,12/21/2007,83,72,0.26,58.07999,76.46978,94.10022
TJSJ,12/22/2007,83,71,0,58.07999,74.00479,88.507805
TJSJ,12/23/2007,83,70,0,58.07999,73.22352,90.0191
TJSJ,12/24/2007,83,72,0.0001,61.807594,73.19824,88.507805
TJSJ,12/25/2007,82,73,0.33,69.18237,79.32544,88.588776
TJSJ,12/26/2007,82,73,0.09,65.74351,79.48033,90.32327
TJSJ,12/27/2007,82,73,0.16,69.4343,80.79025,90.32327
TJSJ,12/28/2007,83,75,0.0001,61.3594,71.93771,84.45763
TJSJ,12/29/2007,82,74,0.02,57.603676,67.83105,84.45763
TJSJ,12/30/2007,81,73,0.25,61.58435,76.91988,88.588776
TJSJ,12/31/2007,83,71,0.0001,61.807594,74.35196,84.1584
TJSJ,1/1/2008,82,75,0.02,58.07999,69.67614,83.32391
TJSJ,1/2/2008,82,70,0.0001,54.30221,75.23942,88.34331
TJSJ,1/3/2008,82,72,0.0001,50.52065,66.859436,84.337776
TJSJ,1/4/2008,83,75,0.0001,54.49604,64.34419,73.9485
TJSJ,1/5/2008,82,72,1.77,65.32855,77.396034,94.10022
TJSJ,1/6/2008,78,71,0.65,78.62098,86.585526,94.10022
TJSJ,1/7/2008,81,72,0.11,65.536865,77.86697,90.32327
TJSJ,1/8/2008,80,72,0,65.32855,74.35434,88.42599
TJSJ,1/9/2008,80,70,0.0001,61.3594,74.0981,86.7675
TJSJ,1/10/2008,81,69,0.1,63.5336,75.47727,94.01323
TJSJ,1/11/2008,81,70,0.0001,57.842686,73.0997,88.42599
TJSJ,1/12/2008,82,69,0.0001,60.365044,73.237625,88.34331
TJSJ,1/13/2008,82,73,0.0001,58.07999,72.952,84.337776
TJSJ,1/14/2008,81,73,0.0001,61.3594,71.620636,84.337776
TJSJ,1/15/2008,81,72,0,44.79674,61.83019,73.6111
TJSJ,1/16/2008,82,70,0.16,69.18237,78.16118,90.062
TJSJ,1/17/2008,81,73,0.02,65.536865,77.64865,88.507805
TJSJ,1/18/2008,80,73,0.09,69.330864,79.78258,90.39978
TJSJ,1/19/2008,81,72,0.07,69.18237,79.74579,88.588776
TJSJ,1/20/2008,81,73,0.33,73.9485,83.565384,94.10022
TJSJ,1/21/2008,76,71,2.6,81.7121,88.49413,96.3879
TJSJ,1/22/2008,81,72,0.0001,60.365044,75.57424,83.32391
TJSJ,1/23/2008,82,72,0.07,64.68674,76.92699,88.507805
TJSJ,1/24/2008,83,72,0.02,58.07999,74.625275,88.507805
TJSJ,1/25/2008,80,70,0.0001,64.451225,77.0509,88.34331
TJSJ,1/26/2008,82,70,0.03,57.842686,73.27467,90.062
TJSJ,1/27/2008,82,68,0,54.30221,70.77786,84.1034
TJSJ,1/28/2008,84,69,0,52.928852,69.03718,82.97585
TJSJ,1/29/2008,78,71,0.92,49.655,64.628586,88.507805
TJSJ,1/30/2008,80,73,0.0001,44.52333,54.175655,61.7494
TJSJ,1/31/2008,80,70,0.0001,48.30257,56.809917,78.46361
TJSJ,2/1/2008,80,70,0.01,53.9508,65.35717,88.507805
TJSJ,2/2/2008,81,70,0.05,61.58435,77.77485,88.507805
TJSJ,2/3/2008,81,71,0.35,61.3594,75.35092,88.42599
TJSJ,2/4/2008,81,71,0.08,61.58435,72.55001,88.42599
TJSJ,2/5/2008,82,71,0.01,57.603676,67.9988,86.7675
TJSJ,2/6/2008,81,72,0.17,60.1099,75.4781,88.507805
TJSJ,2/7/2008,81,70,0.03,61.58435,75.47689,86.7675
TJSJ,2/8/2008,83,72,0.0001,54.551235,73.85675,84.1584
TJSJ,2/9/2008,83,71,0.04,52.928852,71.758446,88.42599
TJSJ,2/10/2008,83,70,0,58.07999,70.75745,84.1034
TJSJ,2/11/2008,83,71,0.0001,54.49604,69.25293,81.0014
TJSJ,2/12/2008,83,71,0.21,58.07999,74.91454,88.507805
TJSJ,2/13/2008,82,71,0.06,61.58435,75.598694,84.45763
TJSJ,2/14/2008,82,74,0.01,64.68674,74.24183,88.507805
TJSJ,2/15/2008,82,72,0.02,57.842686,70.916885,83.32391
TJSJ,2/16/2008,83,71,0.03,57.842686,72.04379,86.7675
TJSJ,2/17/2008,80,71,0.18,65.536865,78.391975,90.062
TJSJ,2/18/2008,82,71,0.01,61.58435,74.65681,94.05696
TJSJ,2/19/2008,82,70,0.17,61.3594,71.380875,88.34331
TJSJ,2/20/2008,82,71,0.08,60.365044,70.233795,86.7675
TJSJ,2/21/2008,81,72,0.19,65.536865,76.77091,94.05696
TJSJ,2/22/2008,82,72,0.01,50.8367,68.15987,84.337776
TJSJ,2/23/2008,81,72,0.06,54.30221,71.49818,84.337776
TJSJ,2/24/2008,82,72,0.0001,58.07999,72.45857,83.32391
TJSJ,2/25/2008,80,72,0.0001,73.6111,82.406975,94.10022
TJSJ,2/26/2008,81,71,0.0001,41.500286,69.17679,100
TJSJ,2/27/2008,85,72,0.03,56.7175,70.12614,84.45763
TJSJ,2/28/2008,82,73,0.14,52.6554,75.748726,94.10022
TJSJ,2/29/2008,82,72,0.04,56.29896,71.86746,90.32327
TJSJ,3/1/2008,83,73,0.0001,47.788013,64.4005,78.19072
TJSJ,3/2/2008,84,72,0.0001,54.551235,69.86348,83.09303
TJSJ,3/3/2008,82,70,0.3,57.842686,71.39196,94.057
TJSJ,3/4/2008,83,72,0.09,51.212227,68.5748,84.337776
TJSJ,3/5/2008,84,72,0.07,50.9659,71.103966,88.42599
TJSJ,3/6/2008,82,72,0.0001,60.365044,72.52629,84.337776
TJSJ,3/7/2008,84,73,0.0001,47.168118,64.6332,84.337776
TJSJ,3/8/2008,82,72,0.0001,52.6554,62.666416,73.6111
TJSJ,3/9/2008,83,74,0.0001,54.49604,63.38041,73.44011
TJSJ,3/10/2008,82,72,0.01,52.6554,65.44798,78.7032
TJSJ,3/11/2008,82,72,0.0001,50.8367,63.534863,83.09303
TJSJ,3/12/2008,84,69,0,50.8367,64.59951,78.46361
TJSJ,3/13/2008,86,70,0,45.33924,64.39346,78.4937
TJSJ,3/14/2008,84,71,0,56.7175,70.39102,84.1584
TJSJ,3/15/2008,83,71,0.0001,58.07999,71.25119,83.09303
TJSJ,3/16/2008,84,73,0.02,,,
TJSJ,3/17/2008,83,71,0,54.30221,69.4562,88.42599
TJSJ,3/18/2008,79,73,0.06,54.051514,63.64942,83.32391
TJSJ,3/19/2008,80,72,0.0001,50.43159,58.8326,68.94494
TJSJ,3/20/2008,82,72,0.0001,49.056587,60.99698,78.04456
TJSJ,3/21/2008,83,71,0.01,54.2272,68.70017,84.1034
TJSJ,3/22/2008,83,70,0,54.49604,67.40033,75.9253
TJSJ,3/23/2008,86,72,0.0001,47.683,66.950714,81.19648
TJSJ,3/24/2008,83,73,0,58.07999,72.79257,83.32391
TJSJ,3/25/2008,86,72,0.02,54.798595,74.33172,84.337776
TJSJ,3/26/2008,85,75,0.0001,54.798595,70.39319,84.45763
TJSJ,3/27/2008,85,74,0,51.212227,66.159805,78.47891
TJSJ,3/28/2008,87,72,0.0001,45.87598,68.10183,88.507805
TJSJ,3/29/2008,86,73,0,51.724586,69.03502,83.209045
TJSJ,3/30/2008,85,73,0,48.318848,65.81797,78.7032
TJSJ,3/31/2008,84,73,0.0001,51.212227,64.08199,83.32391
TJSJ,4/1/2008,84,72,0.03,58.07999,67.56937,78.774345
TJSJ,4/2/2008,81,72,0.2,65.32855,74.62371,88.507805
TJSJ,4/3/2008,79,71,0.71,61.13273,75.22196,88.507805
TJSJ,4/4/2008,82,73,0.0001,54.2272,64.61946,73.6111
TJSJ,4/5/2008,85,72,0.0001,48.0542,65.322754,73.6791
TJSJ,4/6/2008,82,72,0.21,60.1099,74.30551,88.507805
TJSJ,4/7/2008,82,71,0.06,54.49604,69.17219,88.426
TJSJ,4/8/2008,85,71,0.02,52.9345,69.18079,88.507805
TJSJ,4/9/2008,85,71,0.0001,53.208717,70.23036,88.42599
TJSJ,4/10/2008,83,71,0,50.8367,64.22953,78.7032
TJSJ,4/11/2008,82,72,0,47.168118,62.085415,78.04456
TJSJ,4/12/2008,83,72,0,54.551235,66.844406,78.04456
TJSJ,4/13/2008,84,72,0,54.551235,67.01639,75.7509
TJSJ,4/14/2008,81,75,0.42,73.6111,82.256386,90.39978
TJSJ,4/15/2008,89,74,0.01,51.649754,73.905975,88.588776
TJSJ,4/16/2008,89,74,0.0001,49.103626,66.662,83.32391
TJSJ,4/17/2008,89,74,0.0001,48.84356,67.049774,83.32391
TJSJ,4/18/2008,86,74,0.01,55.044296,70.26772,83.32391
TJSJ,4/19/2008,86,74,0,59.135,69.27191,83.32391
TJSJ,4/20/2008,87,74,0,48.581966,66.252846,83.209045
TJSJ,4/21/2008,86,74,0.0001,58.07999,68.12228,78.86083
TJSJ,4/22/2008,86,74,0,50.9659,67.985245,83.209045
TJSJ,4/23/2008,92,76,0.08,40.958687,66.245636,83.32391
TJSJ,4/24/2008,91,76,0.0001,56.9815,72.06053,88.588776
TJSJ,4/25/2008,85,73,1.12,60.8714,77.736,100
TJSJ,4/26/2008,83,71,0.43,67.177505,79.52408,94.10022
TJSJ,4/27/2008,82,71,1.33,69.27759,81.299286,94.18534
TJSJ,4/28/2008,84,73,0.01,69.59207,79.368645,94.10022
TJSJ,4/29/2008,86,76,0.22,60.9838,74.99421,83.437645
TJSJ,4/30/2008,85,74,0.0001,65.94849,77.24507,88.588776
TJSJ,5/1/2008,84,74,0.27,64.68674,78.20164,94.14301
TJSJ,5/2/2008,84,75,0.08,64.8973,80.352554,88.588776
TJSJ,5/3/2008,83,72,0.76,57.842686,73.11535,94.10022
TJSJ,5/4/2008,83,74,0.02,61.58435,69.32243,83.32391
TJSJ,5/5/2008,83,73,0,57.842686,68.34837,79.01681
TJSJ,5/6/2008,85,73,0.12,59.135,75.36215,88.588776
TJSJ,5/7/2008,91,74,0,40.958687,66.86754,88.588776
TJSJ,5/8/2008,89,75,0,55.4582,70.73278,83.437645
TJSJ,5/9/2008,89,77,0,43.338745,64.05409,83.437645
TJSJ,5/10/2008,90,76,0,43.338745,64.09004,79.10189
TJSJ,5/11/2008,90,75,0,45.249863,64.156746,83.32391
TJSJ,5/12/2008,91,77,0,45.249863,64.78962,83.437645
TJSJ,5/13/2008,92,76,0,40.958687,60.84608,78.62098
TJSJ,5/14/2008,90,76,0,44.952454,62.4069,83.32391
TJSJ,5/15/2008,87,77,0.0001,51.210354,67.823364,79.17114
TJSJ,5/16/2008,85,78,0.0001,58.315598,68.27157,74.114944
TJSJ,5/17/2008,86,78,0.01,62.02914,70.47825,81.55377
TJSJ,5/18/2008,89,77,0,53.6358,67.01264,79.01681
TJSJ,5/19/2008,88,76,0.0001,51.649754,67.74605,83.32391
TJSJ,5/20/2008,88,75,1.03,60.9838,71.7824,88.5888
TJSJ,5/21/2008,89,76,0.0001,46.142197,68.2584,83.32391
TJSJ,5/22/2008,85,75,2.16,65.1269,81.68727,96.4461
TJSJ,5/23/2008,86,74,0.08,63.2692,74.44639,94.10022
TJSJ,5/24/2008,86,76,0.04,54.798595,68.858246,83.32391
TJSJ,5/25/2008,92,76,0,38.45166,63.360806,83.32391
TJSJ,5/26/2008,91,76,0,40.68604,61.79105,83.32391
TJSJ,5/27/2008,91,77,0.04,45.249863,68.54949,83.55026
TJSJ,5/28/2008,87,79,0.0001,57.1246,73.57525,81.6337
TJSJ,5/29/2008,87,79,0,58.781776,72.75729,83.55026
TJSJ,5/30/2008,87,78,0,56.9815,69.745636,81.55377
TJSJ,5/31/2008,86,77,0.39,59.135,72.802444,79.17114
TJSJ,6/1/2008,85,77,0.66,69.4343,74.959854,79.1989
TJSJ,6/2/2008,86,77,0,65.0019,73.591934,81.55377
TJSJ,6/3/2008,86,74,1.96,63.2692,77.001305,88.5888
TJSJ,6/4/2008,86,75,0.05,59.135,75.99168,88.588776
TJSJ,6/5/2008,86,75,1.6,,,
TJSJ,6/6/2008,88,76,0.0001,62.249004,73.698875,88.588776
TJSJ,6/7/2008,87,77,0,60.9838,72.854,83.437645
TJSJ,6/8/2008,88,76,0,62.467205,75.252205,88.588776
TJSJ,6/9/2008,86,78,0,61.1182,72.18087,83.55026
TJSJ,6/10/2008,86,76,0.0001,65.1269,71.61275,79.10189
TJSJ,6/11/2008,87,77,0.01,62.249004,70.694084,78.76171
TJSJ,6/12/2008,89,78,0,58.781776,72.078735,81.4972
TJSJ,6/13/2008,89,77,0.0001,59.012367,73.568054,84.57616
TJSJ,6/14/2008,92,79,0.01,52.2368,71.22531,84.6417
TJSJ,6/15/2008,93,78,0,42.6119,63.27736,79.1989
TJSJ,6/16/2008,94,77,0,36.0058,64.590324,78.76171
TJSJ,6/17/2008,90,78,0.0001,55.530766,70.812546,83.66177
TJSJ,6/18/2008,91,78,0.17,55.4582,71.43215,88.74824
TJSJ,6/19/2008,89,78,0.0001,59.012367,71.16492,78.90113
TJSJ,6/20/2008,89,78,0.08,62.467205,73.63343,84.6417
TJSJ,6/21/2008,89,80,0.0001,,,
TJSJ,6/22/2008,88,78,0.09,58.781776,72.033554,84.5785
TJSJ,6/23/2008,88,75,0.79,66.15182,77.668,88.74824
TJSJ,6/24/2008,87,77,0.03,62.467205,77.23902,88.74824
TJSJ,6/25/2008,87,80,0.0001,62.249004,71.502235,79.2676
TJSJ,6/26/2008,87,80,0,27.809776,70.560555,78.76171
TJSJ,6/27/2008,87,79,0.01,58.781776,71.14138,79.17114
TJSJ,6/28/2008,88,79,0.0001,62.249004,72.205376,84.5785
TJSJ,6/29/2008,88,79,0.07,55.28835,73.041466,88.74824
TJSJ,6/30/2008,87,79,0.0001,62.467205,74.78857,88.74824
TJSJ,7/1/2008,87,76,0.3,60.88,73.77811,84.5256
TJSJ,7/2/2008,87,75,0.1,65.94849,77.17622,88.668915
TJSJ,7/3/2008,87,78,0.09,62.467205,77.67161,88.74824
TJSJ,7/4/2008,87,78,0.0001,55.28835,71.987495,84.5785
TJSJ,7/5/2008,87,76,0.05,65.2306,79.309975,88.668915
TJSJ,7/6/2008,88,76,0.33,62.467205,77.81783,94.14301
TJSJ,7/7/2008,87,77,0.0001,58.781776,70.098816,79.1989
TJSJ,7/8/2008,88,80,0.0001,58.781776,68.83893,76.36474
TJSJ,7/9/2008,87,80,0.0001,66.15182,72.8764,79.2676
TJSJ,7/10/2008,88,79,0.0001,62.467205,73.828186,83.66177
TJSJ,7/11/2008,89,79,0,62.467205,73.56176,83.55026
TJSJ,7/12/2008,88,79,0,62.467205,71.77627,79.2676
TJSJ,7/13/2008,89,79,0,58.781776,70.10892,79.1989
TJSJ,7/14/2008,89,79,0.0001,58.781776,71.372894,83.66177
TJSJ,7/15/2008,88,78,0.11,65.26648,78.020096,88.74824
TJSJ,7/16/2008,88,78,0.02,58.781776,75.39849,87.1241
TJSJ,7/17/2008,88,78,0.04,58.781776,72.2755,79.39962
TJSJ,7/18/2008,90,76,0.08,59.012367,75.24363,88.588776
TJSJ,7/19/2008,90,78,0.01,52.23055,72.20133,88.74824
TJSJ,7/20/2008,91,78,0,55.4582,69.894485,83.55026
TJSJ,7/21/2008,90,79,0.02,59.012367,72.59214,83.6618
TJSJ,7/22/2008,90,80,0.0001,55.28835,72.63662,83.66177
TJSJ,7/23/2008,89,79,0.0001,57.3855,72.03098,79.2676
TJSJ,7/24/2008,90,77,0.0001,57.3855,70.6423,83.437645
TJSJ,7/25/2008,88,77,0.2,60.8714,74.76684,84.6417
TJSJ,7/26/2008,90,78,0.0001,59.012367,73.52152,84.6417
TJSJ,7/27/2008,90,79,0,53.9078,68.899315,83.55026
TJSJ,7/28/2008,91,80,0.0001,52.1115,66.93878,79.1989
TJSJ,7/29/2008,89,78,0.0001,55.28835,69.944954,79.10189
TJSJ,7/30/2008,90,82,0.0001,64.954704,70.998985,79.39962
TJSJ,7/31/2008,90,75,0.4,58.781776,74.42742,94.14301
TJSJ,8/1/2008,89,77,0.62,66.15182,81.84904,90.3345
TJSJ,8/2/2008,84,76,0.3,74.2799,82.80363,88.74824
TJSJ,8/3/2008,88,78,0.01,66.35352,78.0346,90.3345
TJSJ,8/4/2008,88,78,0.15,62.467205,74.57165,87.1241
TJSJ,8/5/2008,89,79,0.0001,62.467205,75.80587,84.5785
TJSJ,8/6/2008,93,79,0,54.172462,71.54092,84.866806
TJSJ,8/7/2008,90,80,0,62.467205,73.05952,83.66177
TJSJ,8/8/2008,88,79,0.03,58.781776,71.22351,83.55026
TJSJ,8/9/2008,92,77,0.04,46.406975,68.74379,84.6417
TJSJ,8/10/2008,90,79,0.0001,59.012367,73.33783,84.5785
TJSJ,8/11/2008,90,79,0.0001,59.012367,73.3409,88.74824
TJSJ,8/12/2008,89,80,0,62.467205,71.94534,79.2676
TJSJ,8/13/2008,90,80,0.0001,55.530766,70.303535,81.6337
TJSJ,8/14/2008,89,82,0.12,62.683746,74.28977,83.772194
TJSJ,8/15/2008,89,76,2.02,61.1182,78.474396,94.14301
TJSJ,8/16/2008,89,79,0,61.241543,75.44212,88.74824
TJSJ,8/17/2008,87,80,0.01,62.467205,73.883545,83.66177
TJSJ,8/18/2008,89,78,0.01,60.9838,72.15649,84.5785
TJSJ,8/19/2008,89,78,0.0001,65.49481,75.08594,83.772194
TJSJ,8/20/2008,90,81,0,62.467205,73.79856,84.6941
TJSJ,8/21/2008,89,80,0.04,59.012367,71.99901,81.82045
TJSJ,8/22/2008,90,77,0.0001,61.48733,73.541626,84.6417
TJSJ,8/23/2008,90,81,0.04,59.012367,71.60354,83.66177
TJSJ,8/24/2008,89,80,0.0001,59.012367,70.8801,83.66177
TJSJ,8/25/2008,85,76,0.56,72.30214,85.61895,94.26866
TJSJ,8/26/2008,93,78,0,55.530766,74.94696,90.3687
TJSJ,8/27/2008,88,77,0.03,69.18237,77.540016,84.6417
TJSJ,8/28/2008,88,78,0.0001,66.35352,76.63704,88.74824
TJSJ,8/29/2008,91,80,0,55.530766,70.220955,81.6337
TJSJ,8/30/2008,95,80,0.01,45.9217,64.98573,79.039246
TJSJ,8/31/2008,92,81,0,55.71818,68.52864,83.66177
TJSJ,9/1/2008,87,79,0.23,65.94849,76.78977,83.66177
TJSJ,9/2/2008,86,78,0.0001,65.26648,75.363464,83.55026
TJSJ,9/3/2008,82,76,1.14,74.24337,85.08512,94.14301
TJSJ,9/4/2008,93,76,0.09,52.2368,71.14429,87.1241
TJSJ,9/5/2008,94,78,0.01,48.7064,67.92969,87.1241
TJSJ,9/6/2008,91,81,0,53.9078,69.35437,79.2676
TJSJ,9/7/2008,88,74,0.53,62.467205,79.570564,94.14301
TJSJ,9/8/2008,88,78,0.0001,61.1182,73.14602,81.6337
TJSJ,9/9/2008,91,77,0.01,58.781776,76.636086,88.668915
TJSJ,9/10/2008,87,77,0,65.2306,75.27609,84.57616
TJSJ,9/11/2008,88,78,0.02,66.35352,77.75376,88.90445
TJSJ,9/12/2008,86,76,0,59.135,75.384964,90.4094
TJSJ,9/13/2008,90,78,0.0001,59.012367,74.298,84.5256
TJSJ,9/14/2008,88,77,0.59,70.44994,79.895905,100
TJSJ,9/15/2008,89,77,0.09,66.15182,78.809944,88.74824
TJSJ,9/16/2008,89,78,0,58.781776,74.47691,84.6417
TJSJ,9/17/2008,88,78,0,65.49481,75.635124,84.5256
TJSJ,9/18/2008,90,79,0.07,58.781776,73.70802,84.6417
TJSJ,9/19/2008,89,75,0.12,58.781776,75.151985,87.1241
TJSJ,9/20/2008,88,75,0.03,58.781776,77.72867,90.3687
TJSJ,9/21/2008,81,74,2.91,78.62098,88.00076,96.4461
TJSJ,9/22/2008,81,73,2.63,78.76171,90.500046,96.678116
TJSJ,9/23/2008,84,72,0.85,65.94849,84.99192,94.10022
TJSJ,9/24/2008,90,73,0.1,55.530766,75.32609,90.3345
TJSJ,9/25/2008,93,78,0.06,50.6661,71.12325,90.3345
TJSJ,9/26/2008,94,81,0,45.6309,71.15396,83.66177
TJSJ,9/27/2008,89,79,0.0001,62.467205,76.37131,88.74824
TJSJ,9/28/2008,88,77,0.14,57.3855,74.58094,90.2933
TJSJ,9/29/2008,88,77,0.31,58.781776,74.50908,90.3687
TJSJ,9/30/2008,88,76,0,58.781776,74.067314,88.668915
TJSJ,10/1/2008,88,78,0.01,62.467205,74.66959,84.5256
TJSJ,10/2/2008,89,77,0,58.781776,70.43223,81.55377
TJSJ,10/3/2008,88,78,0.11,53.6358,70.935715,79.39962
TJSJ,10/4/2008,88,78,0.05,58.781776,74.888885,84.6417
TJSJ,10/5/2008,87,77,0.15,62.249004,77.2231,90.3345
TJSJ,10/6/2008,88,77,0.01,61.1182,73.00599,93.0885
TJSJ,10/7/2008,88,77,0,62.249004,74.98894,84.5256
TJSJ,10/8/2008,91,75,0.17,51.93074,76.000885,88.5888
TJSJ,10/9/2008,88,77,0.02,58.781776,75.05425,87.1241
TJSJ,10/10/2008,87,77,0.07,62.249004,74.83678,87.1241
TJSJ,10/11/2008,85,76,0.55,69.897545,82.53656,90.2933
TJSJ,10/12/2008,87,73,0.66,62.249004,81.527054,94.14301
TJSJ,10/13/2008,80,73,1.4,73.9485,86.76643,94.14301
TJSJ,10/14/2008,83,74,0.27,74.114944,83.915,94.14301
TJSJ,10/15/2008,82,75,0.09,74.0652,83.29644,94.14301
TJSJ,10/16/2008,84,76,0.21,65.94849,77.589836,88.668915
TJSJ,10/17/2008,86,76,0,56.7175,70.97341,88.588776
TJSJ,10/18/2008,86,75,0,63.2692,74.27642,100
TJSJ,10/19/2008,88,77,0.0001,66.15182,76.73355,84.57616
TJSJ,10/20/2008,89,78,0.08,62.467205,74.277245,84.6417
TJSJ,10/21/2008,88,76,0.0001,58.781776,74.295685,88.74824
TJSJ,10/22/2008,87,77,0.01,55.044296,69.49678,79.1989
TJSJ,10/23/2008,87,79,0.0001,58.549522,71.01884,79.17114
TJSJ,10/24/2008,86,78,0.0001,57.1246,65.87125,79.10189
TJSJ,10/25/2008,86,75,0.0001,57.1246,69.81449,78.86083
TJSJ,10/26/2008,87,75,0.24,58.549522,77.88495,94.18534
TJSJ,10/27/2008,87,76,0.0001,63.2692,75.46686,88.668915
TJSJ,10/28/2008,86,77,0.0001,66.15182,75.707184,90.3345
TJSJ,10/29/2008,87,77,1.01,62.467205,79.38278,90.3687
TJSJ,10/30/2008,88,77,0.06,65.26648,78.89586,90.3345
TJSJ,10/31/2008,87,77,0.13,65.26648,78.10726,88.668915
TJSJ,11/1/2008,86,76,0.22,65.94849,80.8393,94.14301
TJSJ,11/2/2008,87,76,0.0001,65.94849,76.40988,88.588776
TJSJ,11/3/2008,87,76,0.02,67.6546,76.42504,87.72512
TJSJ,11/4/2008,86,76,0,65.3545,76.46279,88.668915
TJSJ,11/5/2008,86,75,0,60.9838,72.128914,81.922
TJSJ,11/6/2008,87,77,0.0001,61.1182,72.2006,82.0559
TJSJ,11/7/2008,86,76,0.01,65.2306,78.89235,84.9155
TJSJ,11/8/2008,87,76,0.23,61.1182,77.10785,87.1241
TJSJ,11/9/2008,87,76,0.0001,57.1246,73.18898,88.588776
TJSJ,11/10/2008,87,76,0.01,58.9106,72.33994,90.8013
TJSJ,11/11/2008,86,75,0.09,63.013,74.646706,87.6003
TJSJ,11/12/2008,87,74,0.55,55.1909,76.41046,96.4461
TJSJ,11/13/2008,85,76,0.5,69.6411,80.838,90.2933
TJSJ,11/14/2008,86,75,0.36,69.6411,82.91539,90.8013
TJSJ,11/15/2008,84,76,0.45,71.9184,78.96906,88.6689
TJSJ,11/16/2008,85,75,0.03,62.7745,74.68989,88.588776
TJSJ,11/17/2008,85,75,0.26,63.2692,76.112625,90.2171
TJSJ,11/18/2008,85,74,0.09,58.6546,74.44932,90.7287
TJSJ,11/19/2008,86,74,0.01,63.2692,73.96153,84.972496
TJSJ,11/20/2008,85,73,0.96,63.0313,77.48265,94.1002
TJSJ,11/21/2008,85,74,0.09,60.8714,74.93376,90.2171
TJSJ,11/22/2008,85,75,0.02,60.9838,71.095215,81.4972
TJSJ,11/23/2008,83,76,0.12,62.1581,72.207016,88.5888
TJSJ,11/24/2008,84,78,0,54.7739,60.902954,67.2191
TJSJ,11/25/2008,83,73,0.03,50.9659,64.2781,81.7121
TJSJ,11/26/2008,84,71,0.0001,52.9345,66.09612,84.1584
TJSJ,11/27/2008,83,72,0,50.9659,64.54605,81.5744
TJSJ,11/28/2008,83,71,0.12,58.3966,73.04582,84.8003
TJSJ,11/29/2008,82,71,0,56.2428,68.730804,81.5744
TJSJ,11/30/2008,84,72,0.01,54.6256,67.8043,84.1584
TJSJ,12/1/2008,84,71,0.0001,65.0019,73.7528,81.5744
TJSJ,12/2/2008,84,74,0.02,60.2464,71.87483,88.588776
TJSJ,12/3/2008,84,72,0.33,56.2428,78.50291,90.14
TJSJ,12/4/2008,82,75,0.06,62.4018,71.057755,84.3436
TJSJ,12/5/2008,82,72,0.01,62.2913,70.32386,81.5744
TJSJ,12/6/2008,83,72,0.0001,56.2428,67.085014,83.09303
TJSJ,12/7/2008,83,73,0.02,66.9263,75.74569,84.8003
TJSJ,12/8/2008,84,74,0.0001,48.9304,65.756,84.8003
TJSJ,12/9/2008,83,75,0.02,60.2464,68.56808,79.3669
TJSJ,12/10/2008,87,72,0.17,58.5495,75.771095,90.32327
TJSJ,12/11/2008,84,71,0.27,60.7359,76.59006,93.4896
TJSJ,12/12/2008,85,74,0,65.2306,76.75357,84.9155
TJSJ,12/13/2008,86,74,0.0001,62.7745,77.66714,87.6003
TJSJ,12/14/2008,85,75,0.0001,62.7745,73.32178,88.588776
TJSJ,12/15/2008,84,76,1.03,63.0313,71.0093,88.588776
TJSJ,12/16/2008,82,72,0.2,52.6554,65.76253,90.14
TJSJ,12/17/2008,82,72,0.02,54.3521,63.39132,84.1584
TJSJ,12/18/2008,81,69,0,55.2824,65.07519,75.7509
TJSJ,12/19/2008,83,70,0.09,62.5339,77.902756,90.39978
TJSJ,12/20/2008,83,74,0.03,62.2913,75.87309,94.10022
TJSJ,12/21/2008,83,74,0.08,71.1909,75.706184,88.5888
TJSJ,12/22/2008,84,71,0.04,60.2464,73.557495,85.08769
TJSJ,12/23/2008,85,74,0.01,58.6546,70.68563,79.10189
TJSJ,12/24/2008,83,75,0.11,64.8973,77.55357,90.8013
TJSJ,12/25/2008,83,73,0.41,66.9263,80.30641,94.10022
TJSJ,12/26/2008,83,73,0.16,64.8973,75.5575,90.32327
TJSJ,12/27/2008,81,72,1.27,60.2337,76.62064,94.10022
TJSJ,12/28/2008,83,72,0.01,51.212227,65.13406,84.2241
TJSJ,12/29/2008,80,72,0.21,71.4168,84.36124,93.518
TJSJ,12/30/2008,82,72,0.01,61.58435,74.8052,90.6553
TJSJ,12/31/2008,82,70,0,52.6554,67.977684,84.1034
TJSJ,1/1/2009,81,69,0.0001,57.842686,70.93507,84.0369
TJSJ,1/2/2009,84,70,0.0001,52.928852,72.66066,86.7675
TJSJ,1/3/2009,82,73.4,0.13,74.114944,85.32737,94.10022
TJSJ,1/4/2009,84.2,73,0,60.7359,76.85543,94.10022
TJSJ,1/5/2009,84.2,73,0.0001,65.1269,77.58245,88.507805
TJSJ,1/6/2009,84,73.4,0.01,65.74351,79.140976,94.10022
TJSJ,1/7/2009,85,73,0.0001,60.8714,74.73948,88.507805
TJSJ,1/8/2009,84,73,0.06,60.7359,75.386154,94.10022
TJSJ,1/9/2009,85,73,0,65.94849,78.17853,88.507805
TJSJ,1/10/2009,84,73.9,0.2,63.0313,76.59575,90.39978
TJSJ,1/11/2009,83,73.4,0.01,65.74351,79.74174,88.668915
TJSJ,1/12/2009,84,71.6,0.05,56.7175,72.96905,84.45763
TJSJ,1/13/2009,84.2,73,0.13,49.3749,72.24654,94.10022
TJSJ,1/14/2009,82,72,0.03,69.27759,79.17622,88.507805
TJSJ,1/15/2009,84,73,0.15,61.58435,77.563255,88.588776
TJSJ,1/16/2009,83,73.4,0.22,67.4378,83.05233,94.14301
TJSJ,1/17/2009,81,75,0.2,69.71026,85.394646,94.14301
TJSJ,1/18/2009,87.8,71,0,45.87598,77.49355,94.10022
TJSJ,1/19/2009,88,73.4,0,62.02914,77.79196,88.588776
TJSJ,1/20/2009,87,73,0.0001,58.315598,76.20097,88.588776
TJSJ,1/21/2009,88,75.2,0.65,61.1182,82.07444,94.14301
TJSJ,1/22/2009,84,74,0.11,72.1122,83.995125,94.14301
TJSJ,1/23/2009,85,73,0.01,60.8714,78.58295,94.14301
TJSJ,1/24/2009,84,71,0.0001,65.0019,78.56909,88.588776
TJSJ,1/25/2009,84,72,0,58.5141,75.69533,87.4073
TJSJ,1/26/2009,83,73.4,0.12,64.8973,75.36458,84.8003
TJSJ,1/27/2009,81,71.6,0.05,62.4018,74.02653,88.588776
TJSJ,1/28/2009,83,73,0.19,62.5339,77.90211,88.507805
TJSJ,1/29/2009,83,71,0.05,60.2464,76.0075,84.9155
TJSJ,1/30/2009,83,72,0.12,69.4343,82.70636,96.993
TJSJ,1/31/2009,84,71.6,0,63.0313,75.41075,88.588776
TJSJ,2/1/2009,84,75,0.0001,60.7359,73.3097,83.32391
TJSJ,2/2/2009,86,73,0.05,53.208717,75.062004,88.588776
TJSJ,2/3/2009,87.8,71,0.0001,43.067974,67.3046,83.209045
TJSJ,2/4/2009,85,71.6,0.03,61.807594,77.96798,94.05696
TJSJ,2/5/2009,85,73.4,0.01,47.683,68.066895,88.507805
TJSJ,2/6/2009,83,73,0.05,58.07999,68.23806,83.32391
TJSJ,2/7/2009,81,71,0.39,61.58435,77.35561,88.588776
TJSJ,2/8/2009,83,71,0.62,60.7359,80.31418,94.10022
TJSJ,2/9/2009,80.6,71,1.38,74.114944,85.49978,94.10022
TJSJ,2/10/2009,81,71,0.52,67.177505,82.06739,94.10022
TJSJ,2/11/2009,82,73.9,0.01,57.842686,67.29197,83.32391
TJSJ,2/12/2009,82.4,71.6,0.03,57.603676,69.24526,84.45763
TJSJ,2/13/2009,82.4,73,0.01,51.212227,67.06916,88.507805
TJSJ,2/14/2009,82,71,0.0001,54.2272,67.204124,81.0014
TJSJ,2/15/2009,80.1,71,0.0001,61.3594,71.22293,78.86083
TJSJ,2/16/2009,86,71,0.0001,57.842686,73.237915,88.507805
TJSJ,2/17/2009,83,69,0,58.07999,71.28993,86.7675
TJSJ,2/18/2009,81,71.6,0.08,50.36098,61.06961,83.09303
TJSJ,2/19/2009,78.8,73,0.12,64.1747,76.842354,94.10022
TJSJ,2/20/2009,84,71,0.02,61.58435,76.54977,94.05696
TJSJ,2/21/2009,85,71.6,0.0001,44.2872,68.41095,84.337776
TJSJ,2/22/2009,86,73,0.01,48.318848,68.1033,83.32391
TJSJ,2/23/2009,84.2,72,0.0001,54.77119,71.01729,83.32391
TJSJ,2/24/2009,84,73,0.0001,58.07999,72.8518,88.507805
TJSJ,2/25/2009,85,71,0,60.7359,70.356895,83.09303
TJSJ,2/26/2009,84.2,72,0.0001,54.77119,69.62083,81.19648
TJSJ,2/27/2009,84,72,0.0001,65.536865,73.78638,83.32391
TJSJ,2/28/2009,84,71,0.0001,58.07999,73.91778,84.337776
TJSJ,3/1/2009,85,73,0.04,60.7359,76.07419,90.32327
TJSJ,3/2/2009,86,73,0,53.208717,70.22278,83.209045
TJSJ,3/3/2009,88,75.2,0.02,55.044296,74.634514,84.57616
TJSJ,3/4/2009,83,75.2,0.0001,69.27759,78.62182,88.588776
TJSJ,3/5/2009,80.1,71,0.81,68.732666,81.58272,94.10022
TJSJ,3/6/2009,81,72,0.02,47.168118,59.450443,70.8797
TJSJ,3/7/2009,81,73,0,41.971546,51.528057,64.90684
TJSJ,3/8/2009,81,73.4,0.0001,44.79674,51.87944,60.904324
TJSJ,3/9/2009,82,73,0,41.971546,52.633114,64.69341
TJSJ,3/10/2009,82,75,0.0001,46.4735,57.90209,69.330864
TJSJ,3/11/2009,83,73,0.0001,50.650837,59.685852,69.138725
TJSJ,3/12/2009,81,73,0.01,50.36098,61.953476,73.6111
TJSJ,3/13/2009,82,71,0.13,53.545055,68.77406,84.337776
TJSJ,3/14/2009,81,69.8,0.26,57.603676,71.17388,90.0191
TJSJ,3/15/2009,83,71.6,0.25,61.58435,75.26223,94.05696
TJSJ,3/16/2009,81,71,0.35,61.58435,77.670334,94.05696
TJSJ,3/17/2009,83,71,0.18,58.07999,76.28986,100
TJSJ,3/18/2009,84,71,0,56.7175,70.95642,84.1034
TJSJ,3/19/2009,84.2,71,0,45.33924,63.844437,81.0014
TJSJ,3/20/2009,86,69.8,0,45.60833,67.10915,82.97585
TJSJ,3/21/2009,86,70,0.01,51.724586,73.390434,88.507805
TJSJ,3/22/2009,83,73,0.1,64.68674,79.02432,90.32327
TJSJ,3/23/2009,80.6,73,0.57,61.3594,73.090744,90.32327
TJSJ,3/24/2009,81,73.9,0,54.2272,61.310226,66.2685
TJSJ,3/25/2009,81,73,0.11,64.0667,74.41435,88.588776
TJSJ,3/26/2009,81,73.4,0.0001,54.30221,63.2546,69.138725
TJSJ,3/27/2009,81,70,0,43.89786,58.45981,73.26756
TJSJ,3/28/2009,83,71,0.0001,50.8367,63.395164,73.44011
TJSJ,3/29/2009,84,71,0.04,47.5235,65.20631,83.09303
TJSJ,3/30/2009,84,72,0.0001,51.212227,68.13241,83.32391
TJSJ,3/31/2009,83,73.4,0.31,65.74351,80.541306,94.14301
TJSJ,4/1/2009,85,71.6,0,51.0819,71.439674,88.507805
TJSJ,4/2/2009,83,73,0.0001,52.928852,67.09304,78.774345
TJSJ,4/3/2009,84,71,0,51.212227,68.005066,78.5658
TJSJ,4/4/2009,84,71.6,0.03,54.551235,70.48664,88.588776
TJSJ,4/5/2009,84,73,0.1,65.536865,76.518555,94.10022
TJSJ,4/6/2009,86,73,0.07,58.07999,71.56332,88.507805
TJSJ,4/7/2009,86,73,0,56.7175,70.620964,83.32391
TJSJ,4/8/2009,87.8,73.4,0,51.724586,70.378105,83.32391
TJSJ,4/9/2009,87.1,73,0.0001,60.7359,74.312004,83.437645
TJSJ,4/10/2009,86,73.4,0.01,60.9838,74.05421,88.507805
TJSJ,4/11/2009,85,73.4,0.01,54.551235,69.709816,83.32391
TJSJ,4/12/2009,86,73,0,57.842686,73.524345,88.507805
TJSJ,4/13/2009,86,73.4,0.0001,54.798595,70.72423,83.32391
TJSJ,4/14/2009,86,73,0.04,55.044296,69.402794,83.209045
TJSJ,4/15/2009,86,73,0.15,60.7359,75.07777,88.588776
TJSJ,4/16/2009,,,0,,,
TJSJ,4/17/2009,86,75,0,54.798595,72.06002,83.32391
TJSJ,4/18/2009,89.1,73.4,0.24,53.208717,72.16729,88.507805
TJSJ,4/19/2009,85,72,0.95,62.02914,76.71745,94.10022
TJSJ,4/20/2009,86,75,0.0001,60.9838,72.08474,83.32391
TJSJ,4/21/2009,87.8,32,0.29,55.28835,76.60881,94.18534
TJSJ,4/22/2009,89.1,75.2,0.0001,45.87598,70.24915,88.588776
TJSJ,4/23/2009,86,75.2,0.0001,54.551235,68.11833,83.32391
TJSJ,4/24/2009,86,71.6,0.08,59.135,71.13217,88.588776
TJSJ,4/25/2009,81,71.6,0.56,65.536865,80.952156,88.5888
TJSJ,4/26/2009,85,73,0.0001,62.02914,73.40866,84.45763
TJSJ,4/27/2009,86,75.2,0.0001,59.135,69.29951,78.335495
TJSJ,4/28/2009,86,75,0.03,58.315598,71.46353,88.588776
TJSJ,4/29/2009,83,73.9,0.1,58.07999,75.592705,84.45763
TJSJ,4/30/2009,84,72,0.13,63.0313,74.218285,94.10022
TJSJ,5/1/2009,84,75,0.02,63.0313,72.805,83.32391
TJSJ,5/2/2009,84,75.2,0.0001,58.07999,69.07085,83.32391
TJSJ,5/3/2009,84,73.4,0,56.7175,69.68182,83.209045
TJSJ,5/4/2009,84,75,0.26,73.780556,79.250885,84.57616
TJSJ,5/5/2009,87.8,73.4,0.1,58.781776,75.05521,90.39978
TJSJ,5/6/2009,81,75,0.33,71.9184,84.33643,90.2933
TJSJ,5/7/2009,83,75.2,0.09,69.06545,79.18238,88.588776
TJSJ,5/8/2009,85,75.2,0.12,67.6068,84.1253,96.4901
TJSJ,5/9/2009,84,75.2,0.26,72.10829,83.01448,94.14301
TJSJ,5/10/2009,86,77,0.01,65.2306,76.53117,90.2933
TJSJ,5/11/2009,83,75.2,0.01,61.807594,74.82623,88.588776
TJSJ,5/12/2009,83,75,0.87,71.9184,86.02593,100
TJSJ,5/13/2009,82.4,73,0.6,78.62098,89.22261,100
TJSJ,5/14/2009,83,75,0.04,67.4378,79.1556,88.588776
TJSJ,5/15/2009,85,75,0.05,65.94849,76.86172,88.588776
TJSJ,5/16/2009,84.2,77,0.0001,62.02914,72.584236,83.437645
TJSJ,5/17/2009,85,75,0.03,65.1269,75.996544,88.74824
TJSJ,5/18/2009,83,75,0.15,69.897545,83.785034,94.18534
TJSJ,5/19/2009,88,75,0.17,62.467205,81.59908,94.14301
TJSJ,5/20/2009,88,75.9,0.0001,66.15182,78.598595,87.1241
TJSJ,5/21/2009,85,75.2,0.47,70.083244,85.45917,96.4747
TJSJ,5/22/2009,86,77,0.0001,65.2306,82.0878,90.2933
TJSJ,5/23/2009,87.1,78,0.0001,74.2799,82.11059,88.90445
TJSJ,5/24/2009,86,77,0.46,67.6068,82.45641,88.74824
TJSJ,5/25/2009,88,77,0.74,61.241543,79.54579,90.2933
TJSJ,5/26/2009,84.2,78,0.14,74.44338,85.31879,94.22723
TJSJ,5/27/2009,88,75.9,0.36,65.26648,81.55582,93.0885
TJSJ,5/28/2009,92,78,0.0001,48.7064,72.976326,88.74824
TJSJ,5/29/2009,89.1,78,0,65.49481,78.64644,88.74824
TJSJ,5/30/2009,,,0,,,
TJSJ,5/31/2009,87.8,75.2,0,51.724586,69.614334,83.437645
TJSJ,6/1/2009,84,73.9,1.26,65.0019,77.89023,94.14301
TJSJ,6/2/2009,88,75.2,0.23,66.35352,81.11547,94.14301
TJSJ,6/3/2009,84.2,75,2.74,74.42529,86.26272,94.18534
TJSJ,6/4/2009,88,75.2,0,58.781776,76.41762,94.14301
TJSJ,6/5/2009,89.1,75.2,0.02,58.781776,76.10319,88.588776
TJSJ,6/6/2009,89.1,75.2,0.07,58.781776,77.613434,88.668915
TJSJ,6/7/2009,87.1,77,0.04,65.2306,76.8882,84.6417
TJSJ,6/8/2009,90,78,0.0001,58.781776,74.119934,90.3687
TJSJ,6/9/2009,90,75.2,0.09,61.241543,76.11129,83.437645
TJSJ,6/10/2009,91,77,0,51.80454,68.7577,84.5256
TJSJ,6/11/2009,87.1,75.2,1.14,62.249004,74.539604,94.14301
TJSJ,6/12/2009,88,78,0.52,62.467205,78.54694,88.826744
TJSJ,6/13/2009,86,77,1.35,70.083244,82.917076,94.2687
TJSJ,6/14/2009,87.1,77,0.05,62.249004,78.95549,94.18534
TJSJ,6/15/2009,88,77,0.0001,58.781776,73.781586,84.5785
TJSJ,6/16/2009,89.1,77,0.12,62.467205,77.31853,90.3345
TJSJ,6/17/2009,88,78,0.0001,58.781776,76.37059,84.6417
TJSJ,6/18/2009,90,78,0.0001,55.530766,73.074554,84.5785
TJSJ,6/19/2009,91,78.8,0.06,57.49431,74.49164,87.2222
TJSJ,6/20/2009,89.1,75.9,0.23,55.28835,78.48347,93.0885
TJSJ,6/21/2009,90,77,1.17,55.28835,79.241135,96.4747
TJSJ,6/22/2009,92,75.9,0,50.356514,69.85068,88.668915
TJSJ,6/23/2009,93,80,0,50.6661,67.03615,81.6337
TJSJ,6/24/2009,92,79,0,52.1115,68.84425,87.2222
TJSJ,6/25/2009,91,80,0,57.49431,72.04565,84.6941
TJSJ,6/26/2009,92,80,0.0001,55.530766,69.737976,83.66177
TJSJ,6/27/2009,93.2,78.8,0,46.67032,65.059715,84.5785
TJSJ,6/28/2009,91.4,80,0,55.28835,69.22947,81.6337
TJSJ,6/29/2009,89.1,78.8,0,58.781776,70.661575,79.2676
TJSJ,6/30/2009,91,78.8,1.28,55.530766,74.314316,84.5785
TJSJ,7/1/2009,93,78,0.0001,52.2368,71.41678,84.5785
TJSJ,7/2/2009,91.4,79,0,57.49431,71.83722,81.82045
TJSJ,7/3/2009,89.6,80,0.0001,62.467205,73.46265,79.46747
TJSJ,7/4/2009,90,80,0,62.683746,74.913246,83.66177
TJSJ,7/5/2009,90,78,0.26,66.35352,77.31878,94.26866
TJSJ,7/6/2009,88,75,0.43,70.44994,83.4993,90.4094
TJSJ,7/7/2009,89.6,80.6,0,62.683746,75.839424,88.826744
TJSJ,7/8/2009,89.6,80,0.09,62.683746,76.07588,88.826744
TJSJ,7/9/2009,89.1,79,0.13,62.467205,76.61725,88.90445
TJSJ,7/10/2009,89.1,80,0.02,62.467205,75.44395,88.826744
TJSJ,7/11/2009,91,80.6,0.07,62.683746,76.99657,94.26866
TJSJ,7/12/2009,89.1,80,0.02,65.49481,75.634125,88.90445
TJSJ,7/13/2009,91,79,0.17,55.4582,72.23616,84.6417
TJSJ,7/14/2009,91,80,0.0001,59.012367,73.92852,84.98084
TJSJ,7/15/2009,90,80.6,0.09,59.012367,74.79842,90.66067
TJSJ,7/16/2009,90,82,0.0001,59.012367,72.49836,81.82045
TJSJ,7/17/2009,90,81,0.02,59.012367,72.47968,81.82045
TJSJ,7/18/2009,90,77,0.46,59.012367,76.596436,90.3687
TJSJ,7/19/2009,91,75.2,0.52,61.48733,77.580765,94.22723
TJSJ,7/20/2009,89.1,78.8,0.02,65.49481,75.49268,88.74824
TJSJ,7/21/2009,90,75,2.31,62.683746,82.16799,100
TJSJ,7/22/2009,91,80.6,0.0001,61.48733,77.31883,88.90445
TJSJ,7/23/2009,91,80.6,0.0001,55.530766,73.119194,88.90445
TJSJ,7/24/2009,90,80.6,0,62.467205,72.43561,81.82045
TJSJ,7/25/2009,90,80,0.03,62.683746,73.933945,84.6417
TJSJ,7/26/2009,91,79,0.04,59.012367,75.98489,87.2222
TJSJ,7/27/2009,90,78,0.04,59.012367,75.296135,88.90445
TJSJ,7/28/2009,90,80.6,0.0001,66.35352,75.22951,88.826744
TJSJ,7/29/2009,90,80.6,0.07,59.012367,73.52039,84.6941
TJSJ,7/30/2009,89.6,80.6,0.01,62.683746,74.62771,88.90445
TJSJ,7/31/2009,90,80,0.0001,62.467205,74.42887,84.6941
TJSJ,8/1/2009,89.6,78,0.06,58.781776,73.53788,90.3345
TJSJ,8/2/2009,89.6,78.8,0,59.012367,74.16636,84.6417
TJSJ,8/3/2009,91,37.4,0.23,61.48733,77.47473,88.74824
TJSJ,8/4/2009,90,78.8,0.1,62.683746,76.35712,84.6417
TJSJ,8/5/2009,87.1,77,1.06,74.114944,82.02725,94.26866
TJSJ,8/6/2009,92,77,0.05,52.2368,74.44666,88.90445
TJSJ,8/7/2009,90,80,0.0001,65.72114,76.35468,88.826744
TJSJ,8/8/2009,90,80,0.01,62.683746,72.72097,84.6941
TJSJ,8/9/2009,90,77,0.17,58.781776,72.48406,84.6941
TJSJ,8/10/2009,88,77,0.03,62.467205,76.09499,90.3687
TJSJ,8/11/2009,89.1,80,0,62.467205,73.45522,81.6337
TJSJ,8/12/2009,89.1,78,1.16,66.35352,81.43056,100
TJSJ,8/13/2009,91.4,78.8,0.38,62.683746,77.73204,100
TJSJ,8/14/2009,90,80,0.0001,62.467205,72.06227,79.2676
TJSJ,8/15/2009,89.1,78,0.1,58.781776,73.98673,83.6618
TJSJ,8/16/2009,89.1,78,0.03,62.467205,75.28506,88.90445
TJSJ,8/17/2009,87.1,78,1.74,69.799286,83.86493,94.2687
TJSJ,8/18/2009,89.6,81,0.0001,62.683746,74.43429,84.866806
TJSJ,8/19/2009,88,80,0.21,66.35352,75.75456,84.866806
TJSJ,8/20/2009,88,80,0.06,66.15182,76.86499,88.90445
TJSJ,8/21/2009,93.2,80,0.02,45.6309,67.93206,88.90445
TJSJ,8/22/2009,91,80.6,0.1,62.683746,77.11723,94.309654
TJSJ,8/23/2009,89.1,80,0.0001,62.467205,75.05108,83.66177
TJSJ,8/24/2009,90,80,0.06,62.683746,80.09667,88.90445
TJSJ,8/25/2009,93,78.8,0,52.2368,73.654785,90.3687
TJSJ,8/26/2009,95,80,0,47.6426,67.56515,84.866806
TJSJ,8/27/2009,91.4,79,0.0001,52.481148,72.31448,83.66177
TJSJ,8/28/2009,91.4,80,0.01,55.1909,68.83539,84.6417
TJSJ,8/29/2009,90,75.2,2.88,59.012367,79.18111,100
TJSJ,8/30/2009,89.6,78,0.07,62.467205,76.911964,90.3345
TJSJ,8/31/2009,91,79,0.04,62.683746,77.97483,90.4094
TJSJ,9/1/2009,89.6,80.6,0,62.683746,74.18263,84.6941
TJSJ,9/2/2009,89.6,81,0.0001,62.683746,74.63732,84.866806
TJSJ,9/3/2009,89.1,80,0.01,66.35352,76.995804,88.826744
TJSJ,9/4/2009,89.1,79,0.04,58.781776,77.2271,90.4094
TJSJ,9/5/2009,82.4,73.9,0.78,69.4343,81.06864,100
TJSJ,9/6/2009,89.1,78,0.01,66.35352,78.10845,84.6941
TJSJ,9/7/2009,89.6,80,0.0001,58.781776,75.92889,87.2222
TJSJ,9/8/2009,89.6,78.8,0.0001,62.683746,75.76784,87.2222
TJSJ,9/9/2009,94,78.8,0.22,55.77155,76.75558,100
TJSJ,9/10/2009,93,80,0,52.2368,75.22994,84.6417
TJSJ,9/11/2009,89.6,80,0.0001,62.683746,74.9751,84.6941
TJSJ,9/12/2009,89.1,79,0.0001,62.467205,73.89409,84.6417
TJSJ,9/13/2009,88,77,3.85,62.467205,77.93699,90.3345
TJSJ,9/14/2009,90,78,0.05,55.530766,74.86655,88.74824
TJSJ,9/15/2009,90,78,0.09,59.012367,74.20583,84.5785
TJSJ,9/16/2009,88,78,0.21,62.467205,77.9057,90.66067
TJSJ,9/17/2009,94,78,0,59.012367,75.218575,84.5785
TJSJ,9/18/2009,89.1,78,0.48,62.249004,76.339485,87.1241
TJSJ,9/19/2009,90,78,0.0001,59.012367,78.318886,94.26866
TJSJ,9/20/2009,87.1,75,0.53,74.44338,85.40409,94.26866
TJSJ,9/21/2009,88,78,0.1,70.26737,82.544754,90.3687
TJSJ,9/22/2009,89.1,78,0.01,65.49481,80.03787,90.4094
TJSJ,9/23/2009,89.1,80,0.02,66.35352,78.490585,90.4094
TJSJ,9/24/2009,90,78.8,0.03,62.683746,79.81526,88.74824
TJSJ,9/25/2009,90,32,0.0001,62.6837,74.56894,100
TJSJ,9/26/2009,89.1,80,0.0001,66.35352,76.64699,87.2222
TJSJ,9/27/2009,91,78.8,0,66.35352,76.01064,87.2222
TJSJ,9/28/2009,92,81,0,52.1115,71.078064,81.82045
TJSJ,9/29/2009,91,80,0,61.48733,72.7224,83.66177
TJSJ,9/30/2009,91,80.6,0.0001,65.49481,74.01855,83.66177
TJSJ,10/1/2009,92,80,0.0001,59.241306,73.03747,83.66177
TJSJ,10/2/2009,89.6,79,0.29,62.467205,77.02998,96.5182
TJSJ,10/3/2009,92,79,0,55.77155,71.96198,81.82045
TJSJ,10/4/2009,90,80,0.0001,62.683746,74.61104,81.6337
TJSJ,10/5/2009,92,81,0.0001,61.48733,73.4609,83.88154
TJSJ,10/6/2009,92,80,0,52.481148,72.55959,83.6618
TJSJ,10/7/2009,91.4,80.6,0.0001,59.012367,70.845535,83.66177
TJSJ,10/8/2009,90,80.6,0.23,62.683746,75.31114,88.826744
TJSJ,10/9/2009,89.1,81,0.06,66.35352,77.49948,88.90445
TJSJ,10/10/2009,90,80.6,0.16,62.683746,78.98368,88.90445
TJSJ,10/11/2009,90,80,0.29,62.683746,78.33384,90.4094
TJSJ,10/12/2009,88,78,0.42,69.59207,77.49056,94.26866
TJSJ,10/13/2009,89.1,78.8,0.02,65.49481,76.85718,87.2222
TJSJ,10/14/2009,89.1,78,0.16,65.49481,78.89586,94.22723
TJSJ,10/15/2009,88,80,0.15,62.467205,81.38382,90.4094
TJSJ,10/16/2009,92,78.8,0.0001,51.80454,75.03774,88.74824
TJSJ,10/17/2009,92,79,0.0001,59.012367,73.77318,84.6941
TJSJ,10/18/2009,90,76,0.4,59.012367,73.57267,90.3687
TJSJ,10/19/2009,89.1,78,0.0001,61.241543,74.80501,88.74824
TJSJ,10/20/2009,88,77,0.07,55.28835,70.90275,87.1241
TJSJ,10/21/2009,89.6,78,0,55.530766,73.98934,94.26866
TJSJ,10/22/2009,89.1,78,0,58.781776,70.43844,81.55377
TJSJ,10/23/2009,93,78,0,48.836,68.46187,83.55026
TJSJ,10/24/2009,91,80,0,59.012367,72.407364,81.6337
TJSJ,10/25/2009,91,78.8,0.0001,61.48733,73.529434,88.74824
TJSJ,10/26/2009,90,79,0.01,59.012367,73.47223,83.66177
TJSJ,10/27/2009,90,78,0.55,62.467205,77.72447,94.26866
TJSJ,10/28/2009,90,78,0.5,59.012367,76.5091,88.74824
TJSJ,10/29/2009,88,79,0.01,62.249004,71.32457,84.6417
TJSJ,10/30/2009,87.8,77,0.29,58.781776,70.39327,88.74824
TJSJ,10/31/2009,87.1,77,0.01,54.798595,67.20901,81.55377
TJSJ,11/1/2009,87.8,78,0.03,58.781776,75.631035,84.5785
TJSJ,11/2/2009,87.1,77,0.02,54.77119,70.349205,83.55026
TJSJ,11/3/2009,87.1,78,0.0001,62.249004,70.52321,83.55026
TJSJ,11/4/2009,87.8,75.2,1.57,66.35352,79.96082,94.26866
TJSJ,11/5/2009,125.6,77,0,20.506035,76.772644,90.3345
TJSJ,11/6/2009,87.1,77,0.02,66.15182,78.689514,90.2933
TJSJ,11/7/2009,87.1,77,0.0001,66.15182,77.56821,90.2933
TJSJ,11/8/2009,87.1,77,0.08,69.799286,80.222404,90.3687
TJSJ,11/9/2009,81,73,3.1,71.9184,87.349396,100
TJSJ,11/10/2009,85,75,0.33,62.02914,77.84607,96.4461
TJSJ,11/11/2009,89.1,75,0.03,58.781776,73.48345,84.45763
TJSJ,11/12/2009,90,75,0.0001,57.3855,75.33533,94.14301
TJSJ,11/13/2009,91.4,77,0,52.1115,73.18114,90.3345
TJSJ,11/14/2009,89.1,77,0.3,61.241543,80.67853,90.3687
TJSJ,11/15/2009,90,75.2,0.82,58.781776,84.654335,100
TJSJ,11/16/2009,83,75,2.35,78.90113,90.82698,100
TJSJ,11/17/2009,86,75,0,65.74351,79.1848,94.14301
TJSJ,11/18/2009,84.2,73.4,2.48,73.9485,86.099655,100
TJSJ,11/19/2009,85,73.4,0.01,74.42529,85.63365,100
TJSJ,11/20/2009,85,75.2,0.2,74.42529,86.05501,94.22723
TJSJ,11/21/2009,91.4,75.9,0.0001,55.530766,79.12356,94.18534
TJSJ,11/22/2009,89.6,77,0.01,59.012367,78.09926,90.3345
TJSJ,11/23/2009,87.8,77,0,62.467205,77.92801,88.668915
TJSJ,11/24/2009,87.8,77,0.0001,58.781776,75.23172,88.668915
TJSJ,11/25/2009,85,75,0.71,72.10829,83.82882,94.14301
TJSJ,11/26/2009,86,73.4,0.03,63.2692,82.03412,94.14301
TJSJ,11/27/2009,86,73.9,0,67.6068,80.31655,94.14301
TJSJ,11/28/2009,86,73.9,0.0001,67.4378,78.706375,94.14301
TJSJ,11/29/2009,85,75,0.05,69.685555,80.86693,94.14301
TJSJ,11/30/2009,87.1,75,0,58.549522,76.28755,94.14301
TJSJ,12/1/2009,86,75,0,65.2306,77.65539,90.39978
TJSJ,12/2/2009,86,75.2,0.14,66.15182,80.11276,94.14301
TJSJ,12/3/2009,86,75.2,0.09,67.6068,77.90662,94.18534
TJSJ,12/4/2009,86,75.2,0.06,60.9838,76.514725,88.74824
TJSJ,12/5/2009,87.8,75.2,0.0001,58.781776,77.71488,90.2933
TJSJ,12/6/2009,86,75.9,0.0001,65.1269,77.82041,88.668915
TJSJ,12/7/2009,86,73.9,0.18,67.6068,81.65253,100
TJSJ,12/8/2009,86,75,0.07,65.1269,76.97237,90.39978
TJSJ,12/9/2009,85,75,0.3,65.94849,83.385574,100
TJSJ,12/10/2009,87.8,75.2,0.41,58.549522,83.172386,94.18534
TJSJ,12/11/2009,85,75,0.22,65.2306,80.66708,94.14301
TJSJ,12/12/2009,85,72,0.0001,65.1269,73.738075,88.507805
TJSJ,12/13/2009,84.2,77,0.02,65.94849,76.18433,84.6941
TJSJ,12/14/2009,85,73.4,0.1,63.0313,77.93837,94.14301
TJSJ,12/15/2009,84.2,76,0.05,62.02914,75.050156,88.668915
TJSJ,12/16/2009,84,75,0.02,65.32855,75.73097,88.588776
TJSJ,12/17/2009,83,75,0,54.551235,65.7664,73.6111
TJSJ,12/18/2009,83,73,0.0001,65.0019,75.45805,88.588776
TJSJ,12/19/2009,88,73.9,0.0001,57.3855,76.219765,94.14301
TJSJ,12/20/2009,89.1,75.2,0,55.044296,73.45337,88.588776
TJSJ,12/21/2009,88,73.9,0.0001,55.044296,71.388,83.437645
TJSJ,12/22/2009,86,73.4,0,58.07999,73.83962,88.588776
TJSJ,12/23/2009,87.8,71,0,55.28835,72.57871,90.062
TJSJ,12/24/2009,88,75,0.0001,58.781776,73.861015,88.588776
TJSJ,12/25/2009,85,75,0.15,69.59207,81.87655,94.14301
TJSJ,12/26/2009,85,73.9,0,60.9838,78.25148,88.588776
TJSJ,12/27/2009,86,75,0.01,65.2306,79.32109,90.39978
TJSJ,12/28/2009,86,75.2,0,63.2692,78.85246,94.18534
TJSJ,12/29/2009,86,75,0,60.9838,77.97652,88.668915
TJSJ,12/30/2009,81,77,0.01,65.32855,75.58011,87.1241
TJSJ,12/31/2009,84,73.9,0.0001,65.74351,73.65834,84.45763
TJSJ,1/1/2010,84.9,71,0,54.798595,70.184265,94.05696
TJSJ,1/2/2010,89.1,73,0,57.1246,71.955986,88.507805
TJSJ,1/3/2010,86,73.4,0,60.7359,75.43862,88.588776
TJSJ,1/4/2010,88,71.6,0,48.84356,71.82954,94.05696
TJSJ,1/5/2010,89.1,72,0,48.84356,69.42695,88.588776
TJSJ,1/6/2010,88,73.9,0.01,57.1246,78.89943,88.588776
TJSJ,1/7/2010,79,71.6,1.48,76.737,89.33133,100
TJSJ,1/8/2010,80.6,73,0.42,69.18237,83.0404,100
TJSJ,1/9/2010,86,70,0,54.798595,78.5869,96.3879
TJSJ,1/10/2010,82.9,69.1,0,64.68674,78.92218,88.34331
TJSJ,1/11/2010,86,71.6,0,51.469208,73.79416,94.10022
TJSJ,1/12/2010,84,73.4,0.01,65.74351,77.14935,88.588776
TJSJ,1/13/2010,84.9,72,2.56,65.94849,83.4775,100
TJSJ,1/14/2010,76,71.1,3.5,84.9155,93.89335,100
TJSJ,1/15/2010,77,71.6,1.03,78.47891,90.33785,100
TJSJ,1/16/2010,82,73,0.53,78.76171,91.57369,100
TJSJ,1/17/2010,82,73,0.16,78.76171,90.95671,100
TJSJ,1/18/2010,85,73,0.38,65.2306,81.89388,100
TJSJ,1/19/2010,84,73.4,0,63.0313,77.57552,94.10022
TJSJ,1/20/2010,82,73,0.23,74.114944,84.67059,100
TJSJ,1/21/2010,84.9,73,0,74.114944,81.75972,94.10022
TJSJ,1/22/2010,86,73,0.27,69.5285,82.668205,94.18534
TJSJ,1/23/2010,87.1,75,0,57.1246,76.048775,90.39978
TJSJ,1/24/2010,82.9,73,0.02,61.807594,77.27618,90.32327
TJSJ,1/25/2010,80.6,73,0.28,69.330864,80.31774,94.14301
TJSJ,1/26/2010,83,71.6,0,63.0313,74.03744,94.05696
TJSJ,1/27/2010,83,73,0,58.07999,71.40505,84.337776
TJSJ,1/28/2010,83,71.1,0.03,54.30221,66.96899,83.32391
TJSJ,1/29/2010,84,68,0,49.3749,68.96385,88.34331
TJSJ,1/30/2010,84,69.1,0.14,49.3749,75.21002,100
TJSJ,1/31/2010,82.4,72,0.02,65.74351,81.4583,94.10022
TJSJ,2/1/2010,82,71.1,0.01,64.68674,81.309006,94.10022
TJSJ,2/2/2010,86,71.6,0,51.469208,72.39481,94.05696
TJSJ,2/3/2010,88,73,0,45.87598,69.56598,88.507805
TJSJ,2/4/2010,84,71.6,0,67.4378,79.676895,94.10022
TJSJ,2/5/2010,85,73,0,62.02914,76.36963,88.588776
TJSJ,2/6/2010,87.1,71,0,48.581966,69.46624,90.062
TJSJ,2/7/2010,86,72,0,48.318848,68.108734,81.19648
TJSJ,2/8/2010,88,73.4,0,48.84356,69.51874,83.209045
TJSJ,2/9/2010,84.9,71,0,65.94849,77.909485,94.05696
TJSJ,2/10/2010,88,73,0,58.315598,74.891945,90.32327
TJSJ,2/11/2010,84.9,72,0,62.02914,75.10872,88.507805
TJSJ,2/12/2010,83,73.9,0.07,67.4378,81.865074,96.4461
TJSJ,2/13/2010,88,71,0,48.581966,72.995476,100
TJSJ,2/14/2010,88,73.4,0,51.724586,72.4236,88.507805
TJSJ,2/15/2010,87.1,73.4,0,58.549522,74.030846,88.588776
TJSJ,2/16/2010,89.1,75,0,53.6358,71.81414,88.588776
TJSJ,2/17/2010,91,73.9,0.02,37.83043,66.30745,90.39978
TJSJ,2/18/2010,90,73.9,0.01,45.87598,70.60611,88.588776
TJSJ,2/19/2010,84.9,78,0,65.1269,74.703384,81.55377
TJSJ,2/20/2010,81,77,0.02,69.71026,76.90667,88.668915
TJSJ,2/21/2010,82.9,73.4,0,61.58435,72.984604,83.32391
TJSJ,2/22/2010,84,72,0.17,69.27759,82.27105,94.14301
TJSJ,2/23/2010,88,73,0,48.84356,70.66598,94.10022
TJSJ,2/24/2010,86,75.2,0,64.8973,74.16851,88.588776
TJSJ,2/25/2010,93,75.2,0.01,48.836,70.38994,83.437645
TJSJ,2/26/2010,86,75,0.2,70.083244,80.534355,100
TJSJ,2/27/2010,84.9,75,0.54,74.2799,87.66647,100
TJSJ,2/28/2010,91,75.9,0,51.93074,75.83064,90.2933
TJSJ,3/1/2010,85,75.2,0,63.2692,78.216705,84.6417
TJSJ,3/2/2010,90,75.2,0,48.84356,72.7851,88.588776
TJSJ,3/3/2010,90,78,0,46.142197,66.28971,79.17114
TJSJ,3/4/2010,91.9,75.2,0,43.608177,68.69377,88.588776
TJSJ,3/5/2010,87.1,75,0.38,58.549522,83.215546,100
TJSJ,3/6/2010,77,71.6,0.26,87.4073,93.02699,100
TJSJ,3/7/2010,73.4,69,1.05,68.94494,85.829796,94.057
TJSJ,3/8/2010,78.8,69.8,0,50.43159,61.02856,78.46361
TJSJ,3/9/2010,80.6,69.8,0.01,61.58435,77.41817,88.588776
TJSJ,3/10/2010,82,71.6,0.15,64.68674,76.760284,94.10022
TJSJ,3/11/2010,79,73,1.04,78.62098,88.95262,100
TJSJ,3/12/2010,82.4,73,0.18,65.74351,82.695244,94.14301
TJSJ,3/13/2010,89.6,73,0,52.23055,74.47763,94.10022
TJSJ,3/14/2010,91.9,77,0,49.362175,69.702225,84.57616
TJSJ,3/15/2010,91.9,75,0,46.142197,71.35353,88.588776
TJSJ,3/16/2010,91.9,75,0,49.103626,73.222664,88.588776
TJSJ,3/17/2010,85,77,0,65.94849,78.195625,88.668915
TJSJ,3/18/2010,91.4,75.2,0,49.362175,73.336235,94.14301
TJSJ,3/19/2010,91.9,77,0,43.608177,68.57317,84.57616
TJSJ,3/20/2010,91.9,75.9,0,43.608177,69.20168,84.57616
TJSJ,3/21/2010,89.1,71.6,0.01,53.6358,76.28734,94.14301
TJSJ,3/22/2010,87.8,75,0,55.28835,73.86226,88.588776
TJSJ,3/23/2010,89.1,77,0,53.6358,71.49363,88.668915
TJSJ,3/24/2010,88,75.2,0,58.781776,72.57424,88.588776
TJSJ,3/25/2010,88,75,0,48.84356,70.969696,88.588776
TJSJ,3/26/2010,88,77,0,58.781776,72.52463,84.57616
TJSJ,3/27/2010,87.1,73.4,0,62.249004,74.932785,88.507805
TJSJ,3/28/2010,88,75,0,55.28835,70.97865,88.5888
TJSJ,3/29/2010,88,77,0,53.6358,69.2114,79.10189
TJSJ,3/30/2010,93,75,0,38.2907,65.9775,83.55026
TJSJ,3/31/2010,89.1,77,0,58.781776,75.46899,87.1241
TJSJ,4/1/2010,87.8,77,0,58.781776,74.70335,88.668915
TJSJ,4/2/2010,84,72,0,49.3749,63.63231,88.507805
TJSJ,4/3/2010,84.9,73,0,47.5235,57.32013,70.870895
TJSJ,4/4/2010,84.2,73,0,44.79674,53.61429,68.94494
TJSJ,4/5/2010,82,69.1,0,50.953636,63.444206,88.34331
TJSJ,4/6/2010,83,69.8,0.47,50.9659,72.31794,94.10022
TJSJ,4/7/2010,84.9,73.9,0,52.928852,63.028404,73.6791
TJSJ,4/8/2010,85,75,0,51.469208,67.60411,83.32391
TJSJ,4/9/2010,86,70,0.14,58.549522,79.252335,94.10022
TJSJ,4/10/2010,85,75,0.03,65.2306,76.443405,90.39978
TJSJ,4/11/2010,86,73,0.05,60.8714,75.56834,94.10022
TJSJ,4/12/2010,86,75.2,0,62.02914,73.34469,94.18534
TJSJ,4/13/2010,88,75,1.27,65.1269,85.66901,100
TJSJ,4/14/2010,87.1,75,0.22,62.0291,81.38455,94.14301
TJSJ,4/15/2010,82.9,75.2,0.18,69.52137,80.50207,94.14301
TJSJ,4/16/2010,82.9,77,0.01,58.07999,67.86151,78.47891
TJSJ,4/17/2010,80.1,73,0.22,65.32855,75.19326,94.10022
TJSJ,4/18/2010,84.2,73,0,65.74351,75.534904,83.209045
TJSJ,4/19/2010,90,73.4,0,59.012367,74.36985,94.10022
TJSJ,4/20/2010,91,77,0.42,58.781776,81.530334,96.4901
TJSJ,4/21/2010,87.8,75.2,0.44,66.35352,84.439354,94.309654
TJSJ,4/22/2010,86,78.1,0,70.083244,80.72675,88.74824
TJSJ,4/23/2010,87.1,80,0,70.083244,79.558975,84.6941
TJSJ,4/24/2010,84,78.8,0,69.71026,78.24105,88.74824
TJSJ,4/25/2010,84,77,0,65.74351,73.362,83.437645
TJSJ,4/26/2010,88,73.9,0.01,58.781776,75.45673,88.588776
TJSJ,4/27/2010,93,77,0,52.2368,69.25719,88.668915
TJSJ,4/28/2010,93.9,79,0,49.619205,68.95671,84.6417
TJSJ,4/29/2010,91.9,79,0,48.7064,73.94964,84.866806
TJSJ,4/30/2010,88,78.8,0,62.467205,77.21283,88.74824
TJSJ,5/1/2010,88,78,0,62.467205,75.605736,84.6941
TJSJ,5/2/2010,82.9,73,1.12,74.2799,87.43052,100
TJSJ,5/3/2010,86,78,0.13,74.2799,82.61053,94.22723
TJSJ,5/4/2010,85,78,0.15,69.4343,79.40494,90.3687
TJSJ,5/5/2010,84.9,75.2,0,58.07999,66.91282,83.32391
TJSJ,5/6/2010,84.9,73.9,0,54.77119,70.97521,83.32391
TJSJ,5/7/2010,84.9,75,1.95,69.5285,85.07138,100
TJSJ,5/8/2010,86,75,0.48,74.44338,89.473724,100
TJSJ,5/9/2010,87.1,75.2,0.42,69.799286,84.864525,94.18534
TJSJ,5/10/2010,87.1,75,0.28,67.6068,79.68337,100
TJSJ,5/11/2010,86,75.9,0.21,62.249004,76.10312,88.668915
TJSJ,5/12/2010,87.1,78,0,65.26648,74.43508,83.5503
TJSJ,5/13/2010,88,77,0.11,69.799286,80.469864,88.74824
TJSJ,5/14/2010,87.8,78.8,0.08,62.467205,77.30381,88.74824
TJSJ,5/15/2010,86,78,0,65.94849,78.877235,90.3687
TJSJ,5/16/2010,87.8,78,0,66.35352,81.13114,90.3687
TJSJ,5/17/2010,87.1,75,2.92,77.3192,89.983444,100
TJSJ,5/18/2010,87.1,75,1.32,69.685555,82.847115,100
TJSJ,5/19/2010,89.1,75.9,0.12,58.781776,77.31173,94.18534
TJSJ,5/20/2010,87.8,78,0.05,66.15182,77.93834,94.22723
TJSJ,5/21/2010,90,78,0,61.241543,73.581764,84.5256
TJSJ,5/22/2010,91.4,77,0.02,55.71818,76.57173,90.3687
TJSJ,5/23/2010,88,75.9,0.77,62.467205,85.745384,100
TJSJ,5/24/2010,90,77,0.14,59.012367,81.9184,94.26866
TJSJ,5/25/2010,91,78.8,0.25,59.012367,81.12815,94.22723
TJSJ,5/26/2010,91.4,78,0,55.530766,75.5791,90.3345
TJSJ,5/27/2010,85,78,0.01,63.2692,79.42984,87.2222
TJSJ,5/28/2010,88,77,0.56,66.35352,83.54334,96.5182
TJSJ,5/29/2010,87.8,77,1.1,74.44338,88.72557,100
TJSJ,5/30/2010,88,78,0.14,66.35352,84.46155,94.2687
TJSJ,5/31/2010,88,78.8,0.15,66.35352,85.99457,100
TJSJ,6/1/2010,89.1,78,0.08,58.781776,82.64295,100
TJSJ,6/2/2010,88,79,0,61.1182,76.6468,90.4094
TJSJ,6/3/2010,91.9,77,0,52.1115,68.32815,87.2222
TJSJ,6/4/2010,90,80.6,0.02,62.467205,75.25544,83.66177
TJSJ,6/5/2010,88,78.8,0.36,62.467205,77.62926,94.2687
TJSJ,6/6/2010,87.8,78.8,0,62.467205,76.75755,88.74824
TJSJ,6/7/2010,92,79,0.24,49.362175,71.35668,84.6417
TJSJ,6/8/2010,89.6,79,0.44,62.467205,79.64178,94.309654
TJSJ,6/9/2010,90,78.8,0,61.48733,77.73895,90.3687
TJSJ,6/10/2010,89.6,79,0,62.683746,77.05939,84.6941
TJSJ,6/11/2010,88,78.8,0.02,61.241543,75.35251,87.2222
TJSJ,6/12/2010,88,78,0.54,62.467205,79.50523,96.4901
TJSJ,6/13/2010,89.1,77,0.08,61.241543,76.777245,96.4901
TJSJ,6/14/2010,89.6,78.8,0,66.35352,76.34305,84.6941
TJSJ,6/15/2010,89.6,78.1,0.36,65.49481,78.16464,94.22723
TJSJ,6/16/2010,89.6,78.8,0,65.49481,74.83934,84.6417
TJSJ,6/17/2010,84,78.1,0.79,78.76171,86.19197,100
TJSJ,6/18/2010,88,78.8,0.05,70.00456,79.47264,94.26866
TJSJ,6/19/2010,81,75,1.79,78.76171,90.60555,100
TJSJ,6/20/2010,82,73.4,0.26,78.62098,87.08277,100
TJSJ,6/21/2010,88,75,0.68,70.26737,87.18434,100
TJSJ,6/22/2010,84.9,75,0.06,74.42529,85.29659,100
TJSJ,6/23/2010,88,73,1.2,66.35352,84.493576,100
TJSJ,6/24/2010,84,75,0.29,74.2799,86.03961,94.26866
TJSJ,6/25/2010,86,75,0.44,74.2799,86.652405,94.22723
TJSJ,6/26/2010,88,75,0.08,66.35352,81.67682,94.26866
TJSJ,6/27/2010,88,78,0.02,66.35352,82.41923,94.22723
TJSJ,6/28/2010,90,78,0.75,66.55361,81.95856,93.0885
TJSJ,6/29/2010,89.1,78.1,0.43,70.00456,80.760475,100
TJSJ,6/30/2010,88,78.1,0.24,62.467205,80.71171,100
TJSJ,7/1/2010,90,78.8,0.23,62.467205,81.625755,94.35022
TJSJ,7/2/2010,90,80.1,0.03,68.15676,80.39498,90.66067
TJSJ,7/3/2010,89.1,80,0,66.35352,78.68519,88.90445
TJSJ,7/4/2010,89.1,80,0,62.467205,74.27147,84.6417
TJSJ,7/5/2010,88,75.2,0.88,66.15182,81.22941,96.4747
TJSJ,7/6/2010,88,75,0.07,66.3535,83.04818,100
TJSJ,7/7/2010,93.2,78.8,0,48.9909,74.66461,90.4094
TJSJ,7/8/2010,88,80.1,0,65.49481,77.2572,84.866806
TJSJ,7/9/2010,90,79,0.05,62.467205,74.33784,90.4094
TJSJ,7/10/2010,93.2,80,0,43.608177,72.050575,83.66177
TJSJ,7/11/2010,90,80.6,0,66.35352,78.64511,88.90445
TJSJ,7/12/2010,89.1,78.8,0.16,66.35352,80.750565,96.5182
TJSJ,7/13/2010,89.1,78.8,0.34,70.00456,78.85476,94.26866
TJSJ,7/14/2010,90,79,0.09,62.683746,77.9122,90.4094
TJSJ,7/15/2010,90,80,0.12,62.683746,77.11055,94.26866
TJSJ,7/16/2010,88,75,1.73,65.49481,83.14874,94.18534
TJSJ,7/17/2010,86,75,0.55,67.4378,82.59291,90.3345
TJSJ,7/18/2010,88,75,0.61,66.35352,83.35762,94.26866
TJSJ,7/19/2010,81,73.4,0.7,83.55026,92.802505,100
TJSJ,7/20/2010,80.6,75,0.67,81.89149,91.08924,100
TJSJ,7/21/2010,89.1,75,0.57,66.35352,86.269424,100
TJSJ,7/22/2010,83,75,1.08,78.90113,88.40453,94.22723
TJSJ,7/23/2010,86,73,0.34,74.42529,85.965034,94.18534
TJSJ,7/24/2010,87.1,78,0,72.30214,83.01547,93.0885
TJSJ,7/25/2010,88,78.1,0,66.35352,79.07688,88.826744
TJSJ,7/26/2010,88,80.6,0,66.35352,75.94664,84.6941
TJSJ,7/27/2010,89.1,77,0.3,65.49481,78.238495,90.4094
TJSJ,7/28/2010,89.6,78.1,0,59.012367,79.073296,90.4094
TJSJ,7/29/2010,88,79,0,70.26737,79.49646,88.826744
TJSJ,7/30/2010,89.6,80,0,62.683746,79.33152,94.26866
TJSJ,7/31/2010,89.1,80,0,62.467205,75.28975,84.6941
TJSJ,8/1/2010,89.1,80,0,62.467205,74.652824,84.6417
TJSJ,8/2/2010,89.1,79,0.3,70.00456,79.93883,88.90445
TJSJ,8/3/2010,88,78.1,0.24,66.35352,79.695915,94.26866
TJSJ,8/4/2010,88,80,0,66.35352,78.66443,87.2222
TJSJ,8/5/2010,94,80.6,0,49.1197,67.11408,83.66177
TJSJ,8/6/2010,92,80.6,0,59.241306,73.197754,83.88154
TJSJ,8/7/2010,90,80.1,0,59.012367,72.09408,83.66177
TJSJ,8/8/2010,90,80,0.08,62.683746,76.04266,87.2222
TJSJ,8/9/2010,91,77,0.13,62.467205,79.33762,87.2222
TJSJ,8/10/2010,88,78.1,0.33,70.4499,84.517426,90.4094
TJSJ,8/11/2010,88,77,0.51,66.35352,82.97997,94.22723
TJSJ,8/12/2010,88,78.8,0.48,74.42529,82.58979,88.90445
TJSJ,8/13/2010,89.1,78,1.32,65.0834,81.51549,90.3687
TJSJ,8/14/2010,89.6,78.8,0,62.683746,77.68388,88.74824
TJSJ,8/15/2010,88,78,0,66.35352,78.55976,90.3345
TJSJ,8/16/2010,90,78,0,66.35352,77.504974,88.74824
TJSJ,8/17/2010,91,78,0.2,61.48733,79.22879,90.4094
TJSJ,8/18/2010,90,81,0,62.683746,78.66811,90.66067
TJSJ,8/19/2010,89.1,80.6,0,58.781776,75.22066,83.66177
TJSJ,8/20/2010,86,78.1,0.06,62.02914,74.15296,84.6941
TJSJ,8/21/2010,93.2,77,0,49.619205,68.70096,83.55026
TJSJ,8/22/2010,90,80,0.28,65.49481,77.874756,94.26866
TJSJ,8/23/2010,89.6,80,0,66.35352,81.92435,94.26866
TJSJ,8/24/2010,90,81,0,65.72114,76.98976,84.866806
TJSJ,8/25/2010,89.1,78.8,0.4,66.35352,78.01869,94.26866
TJSJ,8/26/2010,89.1,78.8,0.08,62.467205,77.79824,88.826744
TJSJ,8/27/2010,89.6,80,0,66.35352,76.32448,84.6417
TJSJ,8/28/2010,90,80,0,62.683746,74.247795,84.6417
TJSJ,8/29/2010,89.1,80.6,0.07,62.467205,75.71417,94.26866
TJSJ,8/30/2010,85,75.9,3.49,69.685555,83.65488,94.22723
TJSJ,8/31/2010,90,78,0.43,66.15182,76.90539,87.1241
TJSJ,9/1/2010,91.4,78,0.83,59.241306,80.35636,94.22723
TJSJ,9/2/2010,93.9,78.8,0,52.73017,76.77812,88.90445
TJSJ,9/3/2010,89.1,81,0,66.35352,77.97246,88.90445
TJSJ,9/4/2010,87.8,81,0,66.35352,75.0122,81.82045
TJSJ,9/5/2010,87.8,79,0.06,62.467205,75.00163,84.6941
TJSJ,9/6/2010,88,78.8,0,62.467205,76.51214,84.6417
TJSJ,9/7/2010,89.1,78,1.18,74.76602,89.84019,100
TJSJ,9/8/2010,88,80,0.07,66.35352,79.03475,94.26866
TJSJ,9/9/2010,87.1,78,0.05,66.15182,75.70792,87.1241
TJSJ,9/10/2010,88,78,0.29,62.467205,78.75617,93.0885
TJSJ,9/11/2010,87.1,75,1.07,74.6054,87.055084,100
TJSJ,9/12/2010,89.1,79,0.37,65.49481,82.70225,94.26866
TJSJ,9/13/2010,87.8,78.8,0,66.35352,78.97539,90.3687
TJSJ,9/14/2010,88,77,0.05,66.35352,78.38622,88.826744
TJSJ,9/15/2010,88,77,0.21,62.467205,77.55623,94.18534
TJSJ,9/16/2010,88,81,0.05,66.15182,74.771965,79.46747
TJSJ,9/17/2010,89.1,77,0.52,66.35352,77.90597,88.90445
TJSJ,9/18/2010,90,78.1,0.64,55.530766,77.39861,94.26866
TJSJ,9/19/2010,91.9,77,0.83,55.71818,75.47368,84.5785
TJSJ,9/20/2010,91.4,77,0.52,52.1115,77.11444,94.18534
TJSJ,9/21/2010,87.1,77,0.74,70.26737,83.46014,94.18534
TJSJ,9/22/2010,88,78,0.05,62.467205,75.45584,88.74824
TJSJ,9/23/2010,86,80,0.19,70.26737,77.551956,87.2222
TJSJ,9/24/2010,87.8,75,0.51,70.26737,82.93396,94.14301
TJSJ,9/25/2010,87.8,78.1,0.04,66.35352,80.32112,90.3687
TJSJ,9/26/2010,87.1,77,0,69.685555,81.40836,90.3345
TJSJ,9/27/2010,87.1,77,0.36,69.799286,83.55106,90.3345
TJSJ,9/28/2010,90,78,0,58.781776,77.01007,90.3345
TJSJ,9/29/2010,89.1,77,0.23,58.781776,75.94874,88.74824
TJSJ,9/30/2010,87.1,77,0,72.30214,80.71476,88.74824
TJSJ,10/1/2010,84.9,77,0.37,74.2799,82.55802,93.0885
TJSJ,10/2/2010,88,77,0,66.35352,84.03685,90.4094
TJSJ,10/3/2010,86,78.8,0.11,78.90113,85.612335,94.22723
TJSJ,10/4/2010,87.8,78.8,0.15,74.6054,84.71118,94.26866
TJSJ,10/5/2010,87.8,78.1,0.95,62.467205,84.93471,94.26866
TJSJ,10/6/2010,90,75,0.27,59.012367,77.45183,94.14301
TJSJ,10/7/2010,86,77,1.15,69.685555,86.605774,96.4747
TJSJ,10/8/2010,84.9,75.2,0.75,70.083244,84.16473,94.18534
TJSJ,10/9/2010,91,77,0.09,61.241543,79.678955,94.18534
TJSJ,10/10/2010,91.9,77,0,52.1115,75.764725,94.18534
TJSJ,10/11/2010,90,77,0.18,59.012367,81.032814,88.826744
TJSJ,10/12/2010,88,78,0.13,58.781776,80.41089,93.0885
TJSJ,10/13/2010,87.1,75.9,0.51,65.26648,84.40091,90.3345
TJSJ,10/14/2010,87.8,75.2,0,62.467205,79.48346,100
TJSJ,10/15/2010,88,77,0.32,62.249004,80.02375,88.90445
TJSJ,10/16/2010,91,78.1,0,57.49431,74.79249,88.74824
TJSJ,10/17/2010,88,78.1,0,62.249004,74.97708,88.74824
TJSJ,10/18/2010,87.8,75.2,0,58.781776,73.32461,88.588776
TJSJ,10/19/2010,87.8,75,0,58.781776,73.715416,88.588776
TJSJ,10/20/2010,88,75.9,0,62.467205,74.66615,84.6417
TJSJ,10/21/2010,91.9,78.8,0,46.142197,69.24564,88.74824
TJSJ,10/22/2010,91,75.9,0.16,55.4582,74.38494,88.74824
TJSJ,10/23/2010,87.1,78,0.01,65.26648,77.302864,90.3687
TJSJ,10/24/2010,86,77,0.27,63.2692,74.82848,87.1241
TJSJ,10/25/2010,86,75.9,0.03,60.9838,72.91242,88.668915
TJSJ,10/26/2010,87.8,77,0,62.467205,73.5873,84.5256
TJSJ,10/27/2010,88,77,0.07,62.249004,76.691475,87.1241
TJSJ,10/28/2010,90,73,0.1,58.549522,74.06359,94.14301
TJSJ,10/29/2010,86,75,1.82,69.685555,82.14221,100
TJSJ,10/30/2010,88,75.2,0.41,66.35352,82.49636,94.14301
TJSJ,10/31/2010,88,78,0.03,62.467205,75.303276,81.55377
TJSJ,11/1/2010,88,80.6,0,65.49481,73.937004,79.39962
TJSJ,11/2/2010,86,78,0,65.2306,74.17251,79.2676
TJSJ,11/3/2010,85,75,1.55,74.2799,84.57016,100
TJSJ,11/4/2010,89.1,77,0,62.467205,77.00566,88.668915
TJSJ,11/5/2010,90,77,0.11,59.012367,79.69572,93.0885
TJSJ,11/6/2010,87.1,77,0.38,65.26648,81.067665,93.0885
TJSJ,11/7/2010,87.1,75,2.55,66.15182,86.14024,100
TJSJ,11/8/2010,84.9,73.9,0.12,65.1269,82.73948,94.18534
TJSJ,11/9/2010,83,73,1.27,69.71026,87.32474,100
TJSJ,11/10/2010,86,75.2,0.18,69.799286,84.48926,94.2687
TJSJ,11/11/2010,82.9,75.2,0.24,78.76171,88.809135,94.14301
TJSJ,11/12/2010,84,75,0.22,64.8973,80.98547,96.4461
TJSJ,11/13/2010,84,75,0,58.07999,75.27052,90.39978
TJSJ,11/14/2010,82.9,75.9,0,69.4343,76.55118,84.5256
TJSJ,11/15/2010,84,73.9,0,58.07999,73.81862,94.14301
TJSJ,11/16/2010,84.2,73.9,0,56.1834,68.59904,88.588776
TJSJ,11/17/2010,84.9,71.6,0.01,52.928852,67.100845,79.10189
TJSJ,11/18/2010,84.2,73.9,0.01,54.051514,67.04149,83.32391
TJSJ,11/19/2010,84.2,73,0.15,54.798595,71.8943,90.39978
TJSJ,11/20/2010,85,77,0,52.928852,65.40641,78.62098
TJSJ,11/21/2010,84.9,75,0.05,54.798595,69.14839,83.32391
TJSJ,11/22/2010,82.9,73,0.86,65.74351,79.22687,94.14301
TJSJ,11/23/2010,84,73,0.18,64.8973,73.28775,94.10022
TJSJ,11/24/2010,83,75.2,0,54.551235,63.901363,69.330864
TJSJ,11/25/2010,82.9,73.9,0,51.212227,60.649715,69.138725
TJSJ,11/26/2010,81,73.4,0.03,61.13273,69.77798,83.32391
TJSJ,11/27/2010,84.2,69.8,0.01,51.469208,75.52109,90.062
TJSJ,11/28/2010,82.9,73.4,0.01,58.07999,71.39485,88.507805
TJSJ,11/29/2010,84,73.9,0,47.5235,61.856663,73.6111
TJSJ,11/30/2010,82.9,75,0.01,57.603676,62.45547,88.588776
TJSJ,12/1/2010,82.9,71.6,0.18,57.362946,71.938545,94.05696
TJSJ,12/2/2010,82.9,71.6,0,50.43159,59.603027,78.7032
TJSJ,12/3/2010,81,71,0,44.79674,61.299683,75.57828
TJSJ,12/4/2010,82,68,0,44.79674,61.357677,78.390976
TJSJ,12/5/2010,82.9,68,0,54.49604,68.01404,78.390976
TJSJ,12/6/2010,82.9,69.1,0,58.07999,73.1724,84.1034
TJSJ,12/7/2010,82.4,73,0.21,73.9485,82.53286,100
TJSJ,12/8/2010,82.9,73,1.4,69.897545,85.482735,100
TJSJ,12/9/2010,86,75,0.17,54.798595,78.87122,96.4461
TJSJ,12/10/2010,86,73.4,0,58.5495,73.77783,88.588776
TJSJ,12/11/2010,82.9,73.4,0,69.4343,77.78164,88.507805
TJSJ,12/12/2010,83,73,0,67.4378,80.110535,94.10022
TJSJ,12/13/2010,88,73.4,0,48.84356,71.11603,88.507805
TJSJ,12/14/2010,87.1,75,0.21,56.9815,79.92464,94.14301
TJSJ,12/15/2010,76,71,3.09,81.7866,90.894295,100
TJSJ,12/16/2010,81,73,0.01,61.3594,70.179855,90.32327
TJSJ,12/17/2010,82.4,75.2,0,61.13273,66.009766,73.7806
TJSJ,12/18/2010,82.4,73.4,0.05,58.07999,69.85596,88.507805
TJSJ,12/19/2010,86,71.6,0,49.624676,72.09253,88.507805
TJSJ,12/20/2010,82,71,1.3,76.737,83.02226,100
TJSJ,12/21/2010,80.1,69.8,0.31,65.32855,82.59311,94.05696
TJSJ,12/22/2010,78.8,71.6,0.33,62.1713,76.39813,94.10022
TJSJ,12/23/2010,80.1,73,0,61.3594,67.96785,81.19648
TJSJ,12/24/2010,82,69,0,44.79674,64.90744,82.97585
TJSJ,12/25/2010,80.1,69.1,0,65.32855,74.36105,84.337776
TJSJ,12/26/2010,82.9,73,0.05,69.897545,82.48733,94.10022
TJSJ,12/27/2010,82,75,0.03,74.114944,82.643364,90.39978
TJSJ,12/28/2010,79,73.4,0.13,68.732666,81.1418,88.588776
TJSJ,12/29/2010,76,73,0,62.1713,67.695465,73.6111
TJSJ,12/30/2010,79,71.1,0,61.3594,66.049866,73.44011
TJSJ,12/31/2010,80.6,73.9,0,56.1834,61.027866,69.138725
TJSJ,1/1/2011,81,70,0.22,57.842686,68.50397,90.062
TJSJ,1/2/2011,79,71,0.38,57.9564,73.06225,94.057
TJSJ,1/3/2011,79,70,0.18,56.1834,67.31436,87.2551
TJSJ,1/4/2011,79,70,0.08,59.7392,69.11057,93.437
TJSJ,1/5/2011,80,71,0.86,71.3899,82.61706,100
TJSJ,1/6/2011,82,71.1,0,67.2191,78.8776,88.42599
TJSJ,1/7/2011,85,70,0,60.9838,76.68665,94.05696
TJSJ,1/8/2011,89.1,73,0,51.978363,74.44823,94.10022
TJSJ,1/9/2011,84,73,0,66.9263,78.87086,94.14301
TJSJ,1/10/2011,82.4,71,0,74.114944,84.021835,94.10022
TJSJ,1/11/2011,81,73,0.04,71.9184,80.17864,93.518
TJSJ,1/12/2011,81,73,0.01,71.3899,80.67081,88.588776
TJSJ,1/13/2011,80,73,0.44,74.0652,87.41083,100
TJSJ,1/14/2011,84,71.6,0,60.7359,80.16725,94.10022
TJSJ,1/15/2011,85,71,0,51.2489,75.448654,90.062
TJSJ,1/16/2011,83,71.6,0,65.0019,78.44261,88.42599
TJSJ,1/17/2011,83,73.4,0.15,64.7712,79.72868,90.8013
TJSJ,1/18/2011,85,72,0,54.6256,75.57538,90.6553
TJSJ,1/19/2011,82.9,72,,65.13056,,88.588776
TJSJ,1/20/2011,82.9,73,0,64.8973,76.17209,88.588776
TJSJ,1/21/2011,84.9,71,0.1,58.07999,75.30569,94.10022
TJSJ,1/22/2011,86,69.1,0,58.07999,75.25861,90.0191
TJSJ,1/23/2011,81,72,0,61.58435,80.07681,94.10022
TJSJ,1/24/2011,82.9,69.8,0,64.8973,79.83947,94.05696
TJSJ,1/25/2011,82,73,0.1,60.365044,73.591774,88.507805
TJSJ,1/26/2011,82.4,71,0,61.58435,73.89155,84.337776
TJSJ,1/27/2011,84.2,71.6,0.07,60.7359,78.00552,94.10022
TJSJ,1/28/2011,84.9,70,0,51.469208,73.348976,88.507805
TJSJ,1/29/2011,84.9,69.8,0,57.842686,74.695564,88.34331
TJSJ,1/30/2011,82.4,69.1,0.07,64.68674,81.97677,94.10022
TJSJ,1/31/2011,84,71.1,0,56.7175,76.0282,94.10022
TJSJ,2/1/2011,84,70,0.03,61.807594,74.70358,87.5043
TJSJ,2/2/2011,84,74,0.01,60.8714,75.63896,87.4515
TJSJ,2/3/2011,82.4,75,0.01,54.49604,65.6226,78.86083
TJSJ,2/4/2011,82,72,0.01,58.255,71.47336,90.14
TJSJ,2/5/2011,82.4,72,0.23,69.3207,82.91192,90.7287
TJSJ,2/6/2011,85,73,0.01,59.135,81.208694,90.7287
TJSJ,2/7/2011,86,73.4,0.04,49.5066,74.80635,90.7287
TJSJ,2/8/2011,84,73,0.05,58.6546,76.756096,90.7287
TJSJ,2/9/2011,82.9,72,0.03,64.2645,75.77117,88.507805
TJSJ,2/10/2011,83,73.4,0.11,60.7359,75.55154,93.5415
TJSJ,2/11/2011,84.2,74,0.02,54.798595,74.11705,90.7287
TJSJ,2/12/2011,84.9,73,0,60.8714,74.94361,84.2241
TJSJ,2/13/2011,86,75,0,58.549522,76.26976,88.588776
TJSJ,2/14/2011,82,73,0.61,63.9366,81.16727,93.5928
TJSJ,2/15/2011,84,73,0,65.1269,81.45821,90.7287
TJSJ,2/16/2011,84,73,0.26,65.1269,81.52059,93.5415
TJSJ,2/17/2011,82,72,0.15,69.3207,86.882,100
TJSJ,2/18/2011,83,71,0.08,61.807594,81.467964,94.10022
TJSJ,2/19/2011,81,72,0.14,64.7712,81.27597,100
TJSJ,2/20/2011,82.4,72,0.04,64.68674,81.07735,93.4896
TJSJ,2/21/2011,81,72,0.32,57.842686,76.24825,96.993
TJSJ,2/22/2011,81,71,0,60.4858,76.23695,86.7675
TJSJ,2/23/2011,81,70,0,52.1938,68.85866,93.437
TJSJ,2/24/2011,80,73,0,48.3466,57.93724,68.94494
TJSJ,2/25/2011,81,72,0.04,57.9938,67.96691,90.7287
TJSJ,2/26/2011,81,73,0,45.2999,57.937195,70.8797
TJSJ,2/27/2011,81,73,0,42.3021,60.798275,71.4168
TJSJ,2/28/2011,82.9,71.6,0,45.5983,61.96436,81.1432
TJSJ,3/1/2011,81,73,0,57.842686,67.680046,81.1432
TJSJ,3/2/2011,81,71,0.05,54.3521,75.53378,87.4073
TJSJ,3/3/2011,84,66,0,56.2428,74.448685,87.2551
TJSJ,3/4/2011,83,71,0,63.0313,76.99598,90.062
TJSJ,3/5/2011,84,72,0,63.0313,78.85885,90.6553
TJSJ,3/6/2011,83,73,0,63.0313,76.31214,90.14
TJSJ,3/7/2011,82,73,0.08,56.2428,72.11045,90.32327
TJSJ,3/8/2011,81,71.6,0,43.5648,56.98399,81.5744
TJSJ,3/9/2011,82,73.4,0,48.6395,57.866543,68.94494
TJSJ,3/10/2011,81,72,0.03,53.7991,68.398056,93.4896
TJSJ,3/11/2011,82.4,71,0.02,48.9304,69.769196,93.4658
TJSJ,3/12/2011,82.9,71.1,0,42.24765,56.707478,78.04456
TJSJ,3/13/2011,81,73,0,54.051514,63.357624,75.7509
TJSJ,3/14/2011,81,73,0.03,52.1938,66.693985,84.337776
TJSJ,3/15/2011,83,71,0.11,50.9659,69.760254,87.3539
TJSJ,3/16/2011,83,73,0.02,54.5016,68.47625,87.4073
TJSJ,3/17/2011,83,71,0,54.551235,68.15655,84.1034
TJSJ,3/18/2011,82.9,73,0.1,52.4748,67.71822,81.19648
TJSJ,3/19/2011,82,74,0.17,60.2464,70.367775,81.7121
TJSJ,3/20/2011,79,72,0,50.3941,65.27583,84.1584
TJSJ,3/21/2011,82,71,0.06,48.9304,67.15324,84.1034
TJSJ,3/22/2011,79,70,0.35,62.1581,72.25152,88.3433
TJSJ,3/23/2011,81,71,0.03,54.2272,69.469345,86.7675
TJSJ,3/24/2011,83,72,0.02,62.1581,73.731926,87.4073
TJSJ,3/25/2011,85,71.1,0.01,65.1269,78.8319,87.6003
TJSJ,3/26/2011,86,73.4,0.05,63.013,79.392334,88.507805
TJSJ,3/27/2011,86,74,0,55.0443,74.551575,88.588776
TJSJ,3/28/2011,85,72,0.01,54.6256,69.69631,87.4073
TJSJ,3/29/2011,81,74,0.1,67.2191,76.97416,87.6003
TJSJ,3/30/2011,87.8,74,0,60.8714,76.6701,87.5481
TJSJ,3/31/2011,91,75.9,0,41.9124,66.68235,83.437645
TJSJ,4/1/2011,90,74,0,43.338745,64.44183,78.86083
TJSJ,4/2/2011,85,75,0,56.4515,71.110954,84.3436
TJSJ,4/3/2011,87,72,0,46.1899,73.83305,87.4073
TJSJ,4/4/2011,86,74,0.05,54.7739,72.06361,83.32391
TJSJ,4/5/2011,84.2,73,0.23,62.02914,79.739624,90.14
TJSJ,4/6/2011,86,75,0,55.0443,69.73022,81.8483
TJSJ,4/7/2011,84.9,73.4,0,54.798595,70.214226,83.32391
TJSJ,4/8/2011,83,71.1,0.04,56.2428,70.49235,90.6553
TJSJ,4/9/2011,85,71,0,51.2489,66.196754,78.19072
TJSJ,4/10/2011,84.9,73,0,54.77119,67.64083,81.19648
TJSJ,4/11/2011,84,73.9,0,49.2195,61.0309,75.9253
TJSJ,4/12/2011,84,72,0.56,58.5141,73.76621,94.057
TJSJ,4/13/2011,83,73,0,67.4378,84.07274,92.3798
TJSJ,4/14/2011,83,73,0,65.0019,85.50186,97.0174
TJSJ,4/15/2011,84,73.4,0,67.4378,80.45567,94.10022
TJSJ,4/16/2011,82.4,73,0.34,61.807594,73.79187,96.678116
TJSJ,4/17/2011,82.9,76,0.01,58.3966,67.61398,81.922
TJSJ,4/18/2011,82.9,73,0,58.07999,66.504105,78.723
TJSJ,4/19/2011,83,75,0.01,60.2464,71.46741,84.3436
TJSJ,4/20/2011,84,73.9,0,54.7739,70.154366,87.4515
TJSJ,4/21/2011,85,73,0,49.6623,67.15618,84.2241
TJSJ,4/22/2011,84,74,0,60.2464,70.92118,84.8003
TJSJ,4/23/2011,84,75,0,52.7537,68.99207,84.9155
TJSJ,4/24/2011,86,74,0,55.044296,71.99392,84.8003
TJSJ,4/25/2011,86,75,0,58.549522,76.12884,88.588776
TJSJ,4/26/2011,86,75,0.53,57.1246,86.42501,96.4747
TJSJ,4/27/2011,81,73,0.98,81.4972,90.64095,100
TJSJ,4/28/2011,85,75.2,0,56.509,73.24475,84.57616
TJSJ,4/29/2011,85,75,0,56.9815,71.463486,83.32391
TJSJ,4/30/2011,84,75,0.05,69.8975,80.54322,90.2171
TJSJ,5/1/2011,79,73,1.9,81.4972,94.660446,100
TJSJ,5/2/2011,83,75,0.06,76.6996,86.83919,100
TJSJ,5/3/2011,84,76,0,69.5285,80.24632,90.8013
TJSJ,5/4/2011,83,75,0,65.74351,78.11714,88.588776
TJSJ,5/5/2011,82,76,0,60.2464,68.13757,79.3669
TJSJ,5/6/2011,81,74,0,56.4515,67.689674,83.32391
TJSJ,5/7/2011,83,73,0,54.2272,66.70886,81.19648
TJSJ,5/8/2011,84,73,0,58.5141,72.434,88.507805
TJSJ,5/9/2011,84,77,0,65.0019,74.83513,81.922
TJSJ,5/10/2011,84,77,0.03,65.1269,80.21774,93.6205
TJSJ,5/11/2011,84,77,0,67.146,76.90562,84.5785
TJSJ,5/12/2011,84,75,0.52,74.4271,86.27697,100
TJSJ,5/13/2011,81,76,0.03,79.2676,90.20912,100
TJSJ,5/14/2011,82,71,0.93,81.7687,90.85046,100
TJSJ,5/15/2011,87,73.4,0.02,63.013,81.656525,94.14301
TJSJ,5/16/2011,91,75,0.06,53.455,76.22939,100
TJSJ,5/17/2011,82,73,0.52,76.5296,96.43836,100
TJSJ,5/18/2011,85,73,0.01,77.231,90.28469,100
TJSJ,5/19/2011,82,75,0.45,84.6417,95.13208,100
TJSJ,5/20/2011,78,70,2.04,91.3227,99.62662,100
TJSJ,5/21/2011,85,69,0,65.1269,87.511566,100
TJSJ,5/22/2011,84,78,0.02,79.4176,92.73908,100
TJSJ,5/23/2011,84,75,0.26,74.4271,93.898834,100
TJSJ,5/24/2011,84,76,0.25,79.4176,92.62046,100
TJSJ,5/25/2011,85,75,0.47,74.3291,92.24274,100
TJSJ,5/26/2011,85,76,1.61,77.231,89.534584,100
TJSJ,5/27/2011,87.8,78,0.01,70.44994,86.02209,100
TJSJ,5/28/2011,86,77,0,76.5296,86.14084,96.4747
TJSJ,5/29/2011,87,77,0.07,76.9503,89.76107,96.5182
TJSJ,5/30/2011,86,78,0,82.4493,91.771835,97.1016
TJSJ,5/31/2011,87.1,73,1.61,74.5084,90.89963,100
TJSJ,6/1/2011,86,75,0.92,79.4987,94.18776,100
TJSJ,6/2/2011,86,75,0.98,72.3041,94.484795,100
TJSJ,6/3/2011,85,76,0.1,79.4987,94.812004,100
TJSJ,6/4/2011,84,75.2,0.49,82.3196,96.67224,100
TJSJ,6/5/2011,84,75.2,0.04,84.8703,94.541435,100
TJSJ,6/6/2011,84.2,73.4,0.13,72.1122,92.412575,100
TJSJ,6/7/2011,84.9,77,0.11,76.6961,94.37546,100
TJSJ,6/8/2011,86,78,0.08,79.1989,94.84667,100
TJSJ,6/9/2011,87,73,0.87,90.4094,97.17989,100
TJSJ,6/10/2011,93,78,0,53.9972,80.79987,100
TJSJ,6/11/2011,89,73,2.06,59.1645,84.11657,100
TJSJ,6/12/2011,85,75,2.95,74.4271,94.4297,100
TJSJ,6/13/2011,89,77,1.83,67.5795,92.90941,100
TJSJ,6/14/2011,88,77,0.0001,74.782,91.4893,100
TJSJ,6/15/2011,82.9,78.8,0,55.5791,77.76615,100
TJSJ,6/16/2011,88,71.6,1.97,72.597,94.90673,100
TJSJ,6/17/2011,90,75,0.01,74.702,90.00579,100
TJSJ,6/18/2011,87,80,0.0001,79.6463,88.527054,97.1016
TJSJ,6/19/2011,88,78,0.08,67.4817,88.523384,100
TJSJ,6/20/2011,88,77,0.63,67.4817,86.03977,100
TJSJ,6/21/2011,81,79,0.01,61.3686,86.659035,100
TJSJ,6/22/2011,88,80,0,66.35352,80.578964,96.5182
TJSJ,6/23/2011,89.1,80,0,63.2495,74.6619,84.6417
TJSJ,6/24/2011,88,79,0,61.241543,73.28645,84.5785
TJSJ,6/25/2011,86,79,0.01,69.685555,78.50122,87.6951
TJSJ,6/26/2011,88,78.8,0,65.3545,77.32338,87.2222
TJSJ,6/27/2011,82,74,0.18,73.6111,82.937004,88.7482
TJSJ,6/28/2011,88,75,0,67.5795,77.66544,87.5043
TJSJ,6/29/2011,89,81,0,67.5795,75.01331,79.3496
TJSJ,6/30/2011,89.1,80.6,0,59.3022,72.7671,79.2676
TJSJ,7/1/2011,87,76,0.05,65.0834,76.7137,84.6941
TJSJ,7/2/2011,82,75,0.43,76.5262,85.10477,94.143
TJSJ,7/3/2011,83,75,0.82,81.922,88.08155,94.1853
TJSJ,7/4/2011,89.6,76,0,59.012367,75.00711,87.6003
TJSJ,7/5/2011,88,79,0,65.49481,75.51356,84.6941
TJSJ,7/6/2011,86,79,0.01,67.3637,78.70117,87.789
TJSJ,7/7/2011,82,73,0.76,74.148,84.20565,94.26866
TJSJ,7/8/2011,87,76,0.01,53.181,76.95052,88.668915
TJSJ,7/9/2011,88,80,0,69.5389,80.24343,87.2222
TJSJ,7/10/2011,88,78.1,0,63.2495,77.04394,90.3687
TJSJ,7/11/2011,87,78,0.07,63.013,77.47204,90.3345
TJSJ,7/12/2011,83,75,0.25,76.5296,84.64596,94.143
TJSJ,7/13/2011,88,77,0.3,65.5802,80.4014,87.6951
TJSJ,7/14/2011,88,73,2.18,66.35352,83.79109,100
TJSJ,7/15/2011,90,75,0,60.88,77.00743,94.14301
TJSJ,7/16/2011,88,77,0.5,62.4672,75.88329,90.2933
TJSJ,7/17/2011,90,75,0.02,53.9078,74.341225,90.8013
TJSJ,7/18/2011,88,78,0.67,62.467205,76.629654,96.4901
TJSJ,7/19/2011,87.8,78,0.67,66.35352,81.6116,100
TJSJ,7/20/2011,90,78.8,0.05,61.6059,76.87045,87.6951
TJSJ,7/21/2011,88,79,0.16,62.467205,78.45494,87.6951
TJSJ,7/22/2011,88,77,0.23,65.0834,79.06306,90.3687
TJSJ,7/23/2011,87,77,0.62,74.702,83.86411,90.4094
TJSJ,7/24/2011,90,77,0.17,59.3022,78.26112,93.0885
TJSJ,7/25/2011,88,79,0,60.88,71.021095,82.0559
TJSJ,7/26/2011,88,78,0.04,57.3855,74.717125,87.6951
TJSJ,7/27/2011,88,75,1.57,67.3637,81.8287,94.143
TJSJ,7/28/2011,87.1,76,1.04,71.92741,85.36053,94.143
TJSJ,7/29/2011,88,75.9,0.02,66.35352,81.09553,93.5928
TJSJ,7/30/2011,88,77,0.31,65.0834,78.5143,90.3345
TJSJ,7/31/2011,88,77,0.0001,62.467205,75.57568,87.6003
TJSJ,8/1/2011,81,77,0.18,63.1423,75.077156,88.668915
TJSJ,8/2/2011,86,77,0.87,69.846,80.94588,90.3345
TJSJ,8/3/2011,83,73,2.19,74.3291,88.04723,100
TJSJ,8/4/2011,88,78,0.07,65.5802,81.13421,93.6709
TJSJ,8/5/2011,89.6,81,0,63.2495,76.966805,87.789
TJSJ,8/6/2011,88,80.6,0.01,62.467205,74.94331,87.789
TJSJ,8/7/2011,87,80,0.16,72.08,79.93557,88.90445
TJSJ,8/8/2011,88,78.8,0,66.35352,78.08168,88.74824
TJSJ,8/9/2011,88,78,0.11,63.1423,74.25481,84.6941
TJSJ,8/10/2011,90,78,0.17,62.683746,78.99671,90.4094
TJSJ,8/11/2011,91,80,0,57.4366,73.7026,87.2222
TJSJ,8/12/2011,88,75,0.26,65.5802,75.88074,88.7482
TJSJ,8/13/2011,85,77,0.26,65.2306,75.38187,90.3687
TJSJ,8/14/2011,92,77,0,45.6309,68.94929,87.6003
TJSJ,8/15/2011,89,79,0,63.013,73.52061,84.6941
TJSJ,8/16/2011,89,78,0.51,65.3099,79.48456,90.4094
TJSJ,8/17/2011,90,76,0.03,57.6443,79.65253,90.8013
TJSJ,8/18/2011,88,78.8,0.13,63.1423,75.01318,88.74824
TJSJ,8/19/2011,88,78,0.43,66.3535,81.75934,90.3687
TJSJ,8/20/2011,88,78,0,67.4817,76.20972,87.1241
TJSJ,8/21/2011,84,78,1.23,71.782,81.17667,94.2272
TJSJ,8/22/2011,82.04,75.92,3.64,81.89149,90.202896,100
TJSJ,8/23/2011,80.96,73.04,4.15,79.2676,90.38005,100
TJSJ,8/24/2011,87.08,75.02,1.17,69.5389,87.04643,96.4747
TJSJ,8/25/2011,87.98,77,0,60.88,76.11922,93.6205
TJSJ,8/26/2011,87.08,75.2,0.71,59.0494,77.79324,94.143
TJSJ,8/27/2011,91.04,77,0,45.2158,68.82059,87.6951
TJSJ,8/28/2011,84.92,78.08,0.06,63.2692,78.614265,84.6941
TJSJ,8/29/2011,87.98,78.08,0.01,67.5795,80.329315,87.789
TJSJ,8/30/2011,87.98,78.08,0.04,67.5795,79.86632,93.0885
TJSJ,8/31/2011,89.1,75.9,0,59.1645,72.883156,84.5785
TJSJ,9/1/2011,87.8,75.2,1.25,61.1182,76.09889,94.143
TJSJ,9/2/2011,91.04,78.08,0,48.7064,72.175545,84.5785
TJSJ,9/3/2011,87.98,78.98,0,61.3631,74.99386,84.6417
TJSJ,9/4/2011,87.08,78.08,0,67.146,75.78996,87.1241
TJSJ,9/5/2011,87.8,78.8,0,62.467205,74.01012,84.5785
TJSJ,9/6/2011,88,78.98,0.12,63.1423,74.64015,82.0559
TJSJ,9/7/2011,87.98,78.98,0,63.2692,77.37921,87.6951
TJSJ,9/8/2011,88,78.8,0.65,65.0019,78.35708,87.789
TJSJ,9/9/2011,87.98,78.98,0,65.5802,74.93557,84.6941
TJSJ,9/10/2011,87.98,80.96,0.02,62.467205,71.967674,79.4176
TJSJ,9/11/2011,87.1,78.8,0.06,69.846,76.8242,88.74824
TJSJ,9/12/2011,93.02,75.02,0,50.5097,69.41795,82.1885
TJSJ,9/13/2011,82.94,73.04,0.56,67.2191,86.53792,94.143
TJSJ,9/14/2011,89.06,78.98,0.06,57.1775,78.64461,90.3687
TJSJ,9/15/2011,90,78.98,0,63.4841,77.22488,90.3687
TJSJ,9/16/2011,87.08,75.2,0.02,63.1423,75.44849,94.143
TJSJ,9/17/2011,84.92,73.4,0.27,63.2692,77.50703,93.5415
TJSJ,9/18/2011,79,73,0.05,87.1241,92.20681,100
TJSJ,9/19/2011,84.02,75,0.18,69.4343,82.26704,90.39978
TJSJ,9/20/2011,89.6,75.02,0.03,52.23055,77.37933,93.5695
TJSJ,9/21/2011,89.06,75.2,0.2,65.3099,83.21631,94.2687
TJSJ,9/22/2011,89.96,80.06,0.31,61.6059,78.33623,94.2687
TJSJ,9/23/2011,87.8,77,0,60.88,74.93824,84.6417
TJSJ,9/24/2011,86,77,0.02,67.146,74.54789,84.6417
TJSJ,9/25/2011,86,75.02,1.28,74.0464,82.234085,100
TJSJ,9/26/2011,84.92,77.54,0,76.0823,85.57775,91.052
TJSJ,9/27/2011,88.7,75.02,0,64.878,85.65193,100
TJSJ,9/28/2011,88.88,79.16,0,59.2044,77.33274,88.2242
TJSJ,9/29/2011,97.16,78.8,0,61.3858,80.43666,88.7482
TJSJ,9/30/2011,90.32,77,1.54,66.5536,82.83129,98.2274
TJSJ,10/1/2011,91.9,78.08,0,55.4582,72.839745,87.6951
TJSJ,10/2/2011,89.6,75.92,0,63.2495,78.78324,93.5928
TJSJ,10/3/2011,87.98,78.08,0.01,61.3631,74.06298,87.6951
TJSJ,10/4/2011,87.98,78.08,0.26,61.3631,76.81239,87.6951
TJSJ,10/5/2011,87.08,75.92,0.4,65.3545,80.04748,90.3345
TJSJ,10/6/2011,89.96,75.02,0.01,51.8344,71.15526,90.2171
TJSJ,10/7/2011,87.98,77,0.14,61.1182,76.4524,84.57616
TJSJ,10/8/2011,86,77,0.47,69.799286,80.20816,88.7482
TJSJ,10/9/2011,87.8,77,0,62.249004,76.373215,88.668915
TJSJ,10/10/2011,86,75,0,61.1182,75.68646,90.2171
TJSJ,10/11/2011,87.08,75.02,0,65.0834,76.43689,90.2171
TJSJ,10/12/2011,87.98,77,0,65.0834,77.16053,90.2933
TJSJ,10/13/2011,89.06,77,0,53.455,75.094986,87.6951
TJSJ,10/14/2011,89.96,77,0,57.1775,72.82853,84.5785
TJSJ,10/15/2011,87.08,75.02,0.01,60.88,71.75988,93.5695
TJSJ,10/16/2011,87.98,75.92,0.36,63.2495,76.2275,90.8013
TJSJ,10/17/2011,87.08,75.92,0.04,65.0834,78.641335,90.8013
TJSJ,10/18/2011,86,75.2,1.87,67.3637,79.26657,88.7482
TJSJ,10/19/2011,87.08,75.92,0,59.0494,74.949875,87.6003
TJSJ,10/20/2011,87.8,77,0.03,63.142265,75.446815,90.2933
TJSJ,10/21/2011,84.92,75,0.14,65.1269,76.61637,90.39978
TJSJ,10/22/2011,86,75.02,0.23,58.9106,77.334625,93.0885
TJSJ,10/23/2011,87.8,73.94,0.01,58.9106,74.61141,90.7287
TJSJ,10/24/2011,87.08,77,0,67.3637,76.49757,87.6003
TJSJ,10/25/2011,87.08,78.1,0.02,69.5389,77.85801,84.6417
TJSJ,10/26/2011,87.08,78.08,0.07,60.88,75.60039,93.0885
TJSJ,10/27/2011,87.8,75.02,0.02,62.467205,80.024704,93.5928
TJSJ,10/28/2011,87.98,77,0.18,62.249004,78.224846,87.6951
TJSJ,10/29/2011,87.8,73.94,0.53,62.467205,78.48582,97.0174
TJSJ,10/30/2011,87.08,77,0.11,65.0834,75.22155,84.5785
TJSJ,10/31/2011,86,73.4,0.35,62.249004,80.033066,100
TJSJ,11/1/2011,86,73.94,0,63.013,80.53082,96.4461
TJSJ,11/2/2011,84.92,73.94,0,60.8714,81.8835,93.5695
TJSJ,11/3/2011,82,73.04,0,69.3207,83.51777,94.14301
TJSJ,11/4/2011,89.1,73.94,0,49.7919,76.76119,93.5695
TJSJ,11/5/2011,86,77,0,61.1182,76.803024,87.6003
TJSJ,11/6/2011,89.96,75.2,0,53.9078,78.320885,93.5928
TJSJ,11/7/2011,87.8,75.92,0.6,65.0834,85.715324,94.2272
TJSJ,11/8/2011,84.92,75,0.06,69.7345,85.2632,93.5928
TJSJ,11/9/2011,84.92,75.02,0.31,69.6411,83.822235,94.14301
TJSJ,11/10/2011,89.1,73.9,0.22,62.467205,82.43957,94.14301
TJSJ,11/11/2011,86,75,0.4,71.9753,82.0125,94.14301
TJSJ,11/12/2011,86,75,0,63.2692,76.54809,90.8013
TJSJ,11/13/2011,86,75.9,0.13,61.1182,76.23538,90.8013
TJSJ,11/14/2011,84.92,75.92,0.13,67.6546,80.88703,90.8013
TJSJ,11/15/2011,86,78.08,0.02,62.7745,74.57799,87.1241
TJSJ,11/16/2011,84.92,77,0.17,63.2692,73.66217,87.6003
TJSJ,11/17/2011,86,75.02,0.12,65.1269,77.28289,90.2171
TJSJ,11/18/2011,84.92,73.94,0.24,65.1269,75.75288,87.6003
TJSJ,11/19/2011,84.02,78.08,0.01,58.5141,68.06634,81.4972
TJSJ,11/20/2011,84.92,78.08,0.13,65.2306,72.91752,84.6417
TJSJ,11/21/2011,84.92,77,0.09,67.6068,73.59443,79.17114
TJSJ,11/22/2011,84.2,78.08,0.24,65.94849,75.30593,84.5785
TJSJ,11/23/2011,84.92,75.9,0.01,65.2306,73.82923,81.55377
TJSJ,11/24/2011,84.92,75,0,65.2306,77.86091,90.39978
TJSJ,11/25/2011,84.02,75,0.01,67.146,80.34146,90.39978
TJSJ,11/26/2011,82.94,73.4,0.03,69.8975,82.13655,94.10022
TJSJ,11/27/2011,80.96,73.9,1.57,71.9184,85.89954,94.14301
TJSJ,11/28/2011,82.94,71.96,0.11,71.5869,81.51382,94.10022
TJSJ,11/29/2011,82.94,77,0.05,67.4378,75.27881,87.6003
TJSJ,11/30/2011,84.02,75,0,58.6546,74.44534,88.588776
TJSJ,12/1/2011,84.2,75,0.28,62.02914,74.89124,88.588776
TJSJ,12/2/2011,84,75.02,0,67.177505,76.45021,87.5481
TJSJ,12/3/2011,82.94,73.9,0,57.603676,66.479614,84.45763
TJSJ,12/4/2011,82.04,71.96,0.01,56.2428,65.7978,81.5744
TJSJ,12/5/2011,82.04,73.04,3.22,69.1109,80.47437,94.14301
TJSJ,12/6/2011,82.94,73,0,67.4378,79.61955,94.10022
TJSJ,12/7/2011,84.2,75.02,0.15,65.94849,78.79048,88.668915
TJSJ,12/8/2011,84.2,75.02,0.15,67.146,81.25951,93.5695
TJSJ,12/9/2011,82.94,75.2,0.05,72.1122,82.477165,100
TJSJ,12/10/2011,80.96,73.4,0.12,69.3207,90.36551,100
TJSJ,12/11/2011,82.94,73.04,0.24,67.2191,79.79606,96.4172
TJSJ,12/12/2011,82.94,73,0.01,64.2645,75.53033,88.588776
TJSJ,12/13/2011,82.04,71.96,0,66.9263,75.60388,87.4073
TJSJ,12/14/2011,84,75,0.07,67.2191,75.01079,84.9155
TJSJ,12/15/2011,82.9,73.4,0.01,52.4748,66.80465,100
TJSJ,12/16/2011,80.96,75.02,0.01,49.9391,61.694252,81.7866
TJSJ,12/17/2011,81,73.4,0.01,56.4515,65.64633,73.6111
TJSJ,12/18/2011,80.06,75,0,57.362946,64.79856,73.6791
TJSJ,12/19/2011,82.94,75.92,0,44.79674,57.31594,66.6534
TJSJ,12/20/2011,78.98,73,0.01,59.9796,73.03288,94.1002
TJSJ,12/21/2011,82,75.02,0.04,59.9939,67.081924,78.8081
TJSJ,12/22/2011,82.04,73.94,0.01,62.1581,68.43778,83.32391
TJSJ,12/23/2011,82.04,71.6,0.04,58.1365,70.24825,88.42599
TJSJ,12/24/2011,82.9,73.94,0.01,56.4515,70.71905,87.5043
TJSJ,12/25/2011,82.04,75.02,0,62.5339,72.97286,83.32391
TJSJ,12/26/2011,80.96,73.04,0.01,62.2913,74.24997,84.8003
TJSJ,12/27/2011,84,73.9,0.02,58.07999,73.640366,81.8483
TJSJ,12/28/2011,81,73.04,0.12,69.3207,82.9305,97.6375
TJSJ,12/29/2011,84.02,73.94,0,62.7745,77.12351,84.8003
TJSJ,12/30/2011,84.92,73.94,0.04,56.9815,77.436455,90.7287
TJSJ,12/31/2011,84.2,73.04,0.02,54.77119,80.66543,100
TJSJ,1/1/2012,82.94,73.04,0.13,60.7359,77.57839,94.10022
TJSJ,1/2/2012,80.06,73.04,0.37,71.1909,80.60761,88.5888
TJSJ,1/3/2012,82.94,69.98,0,67.2191,78.28464,93.437
TJSJ,1/4/2012,82.04,73.04,0,66.7046,74.29875,84.2241
TJSJ,1/5/2012,82.04,73.04,0.04,66.9263,82.192055,90.14
TJSJ,1/6/2012,82.04,73.04,0.11,69.3207,84.14839,94.1002
TJSJ,1/7/2012,82.04,73.04,0.01,64.7712,83.0732,99.3949
TJSJ,1/8/2012,84.02,73.04,0.01,54.6256,74.52298,90.14
TJSJ,1/9/2012,82.94,71.96,0.01,64.8973,75.698906,87.3539
TJSJ,1/10/2012,82.94,71.96,0,60.7359,75.18576,87.4073
TJSJ,1/11/2012,80.96,73.04,0.02,64.2645,75.242096,84.8003
TJSJ,1/12/2012,82.94,71.06,0,54.5016,68.50034,81.5744
TJSJ,1/13/2012,84.02,73.04,0.02,60.8714,75.95568,87.4073
TJSJ,1/14/2012,82.94,73.04,0.06,58.5141,75.1956,87.5043
TJSJ,1/15/2012,82.04,73.94,0.07,60.2464,75.61675,87.5043
TJSJ,1/16/2012,82.94,73.04,0.11,58.255,71.144775,90.14
TJSJ,1/17/2012,80.06,71.06,0.01,66.7046,76.19917,87.4073
TJSJ,1/18/2012,80.96,71.06,0.43,59.7392,76.61776,93.4896
TJSJ,1/19/2012,82.94,69.98,0.46,54.3521,75.164955,90.6553
TJSJ,1/20/2012,80.96,73.04,0.01,58.255,72.79571,84.2241
TJSJ,1/21/2012,82.04,71.06,0,60.2464,74.68907,88.42599
TJSJ,1/22/2012,82.04,71.96,0,56.4515,69.63009,84.1584
TJSJ,1/23/2012,80.96,75.02,0.01,56.4515,65.269745,76.4766
TJSJ,1/24/2012,80.96,73.04,0,54.3521,63.772884,78.6517
TJSJ,1/25/2012,82.04,73.04,0,56.4515,65.30255,78.6517
TJSJ,1/26/2012,80.96,71.06,0.08,56.4515,70.23345,90.062
TJSJ,1/27/2012,80.96,71.06,0.12,56.4515,73.91963,90.062
TJSJ,1/28/2012,80.96,71.06,0.07,55.9745,75.84367,93.4658
TJSJ,1/29/2012,82.04,71.96,0.2,58.3966,76.390076,93.4896
TJSJ,1/30/2012,80.06,71.96,0.01,69.2256,80.26944,93.4896
TJSJ,1/31/2012,82.04,73.04,0.12,62.5339,73.36409,87.4073
TJSJ,2/1/2012,80.06,73.04,0.1,69.1109,77.41181,87.4515
TJSJ,2/2/2012,80.06,73.04,0.24,69.1109,77.650764,87.5043
TJSJ,2/3/2012,82.04,73.04,0.05,58.3966,77.35586,87.4073
TJSJ,2/4/2012,80.96,71.06,0.05,59.9939,72.756165,100
TJSJ,2/5/2012,82.94,71.06,0.08,56.7175,77.284966,100
TJSJ,2/6/2012,82.04,69.98,0.21,62.5339,79.084656,87.5043
TJSJ,2/7/2012,80.96,71.96,0.11,62.4018,79.826065,90.6553
TJSJ,2/8/2012,82.04,73.04,0.37,64.8973,78.9639,90.7287
TJSJ,2/9/2012,82.94,73.04,0.01,65.0019,78.02666,90.7287
TJSJ,2/10/2012,82.04,73.04,0,60.2464,76.05259,87.4073
TJSJ,2/11/2012,88,71.96,0,43.0701,71.25767,84.2241
TJSJ,2/12/2012,87.1,71.6,0,49.624676,69.1346,88.507805
TJSJ,2/13/2012,82,71.1,0,64.68674,72.88514,83.09303
TJSJ,2/14/2012,80.1,71.6,0.13,65.32855,79.36964,94.057
TJSJ,2/15/2012,82,73,0.13,65.536865,76.7188,88.588776
TJSJ,2/16/2012,82,71.6,0.05,61.58435,76.74886,94.05696
TJSJ,2/17/2012,82,73.4,0.01,61.58435,69.34586,83.209045
TJSJ,2/18/2012,81,71.6,0,57.842686,74.60548,83.32391
TJSJ,2/19/2012,82.94,69.8,0,57.842686,75.35243,88.507805
TJSJ,2/20/2012,82.9,69.08,0,45.06871,69.34077,86.7675
TJSJ,2/21/2012,82.9,71.06,0.01,61.807594,74.175125,84.1584
TJSJ,2/22/2012,84.9,73,0,54.798595,68.866455,78.86083
TJSJ,2/23/2012,86,75,0.06,58.315598,73.499916,88.588776
TJSJ,2/24/2012,84.92,73,0.05,58.315598,71.90729,88.507805
TJSJ,2/25/2012,84.9,73,0,58.315598,70.49922,83.32391
TJSJ,2/26/2012,84.2,73.4,0.1,61.58435,73.99724,88.507805
TJSJ,2/27/2012,84.9,75.2,0.01,54.551235,67.78408,83.32391
TJSJ,2/28/2012,84.2,73,0.01,58.07999,71.95605,88.507805
TJSJ,2/29/2012,84.2,71.6,0.01,54.798595,71.03972,88.507805
TJSJ,3/1/2012,80.06,73.94,0.19,69.2256,77.943665,87.5043
TJSJ,3/2/2012,84.02,71.06,0.01,56.7175,74.91181,90.062
TJSJ,3/3/2012,84.92,73.94,0.11,59.135,75.287796,90.7287
TJSJ,3/4/2012,87.08,73.94,0.03,49.6625,71.22073,84.3436
TJSJ,3/5/2012,86,73.94,0.01,52.7537,70.21448,81.7121
TJSJ,3/6/2012,84.02,73.04,0.15,49.2195,66.93656,84.3436
TJSJ,3/7/2012,82.94,71.6,0.4,54.6256,72.143745,94.057
TJSJ,3/8/2012,82.94,71.96,0.08,56.2428,68.15436,87.3539
TJSJ,3/9/2012,84.02,73.04,0,56.2428,69.90688,81.1432
TJSJ,3/10/2012,82.94,73.04,0,60.2464,72.51812,84.2241
TJSJ,3/11/2012,84.02,73.04,0,60.7359,72.37715,87.4073
TJSJ,3/12/2012,82.04,73.94,0,57.8744,67.66408,84.8003
TJSJ,3/13/2012,82.94,73.04,0,54.6256,67.02051,78.6517
TJSJ,3/14/2012,82.94,73.94,0.01,60.2464,69.490555,81.7121
TJSJ,3/15/2012,84,71.96,0.01,54.551235,67.167984,81.7121
TJSJ,3/16/2012,87.08,73.04,0,45.895,64.432495,78.8081
TJSJ,3/17/2012,84.92,73.04,0,49.6623,66.84899,78.6517
TJSJ,3/18/2012,84.02,73,0,56.509,69.969986,81.7121
TJSJ,3/19/2012,84.02,73.04,0,54.6256,67.00576,81.1432
TJSJ,3/20/2012,84.92,73.94,0,54.7739,67.87736,78.723
TJSJ,3/21/2012,84.02,73.04,0.19,56.509,71.116905,90.14
TJSJ,3/22/2012,82.04,73.04,0.45,66.9263,83.158554,87.5043
TJSJ,3/23/2012,80.96,71.96,0.94,64.7712,80.28787,90.6553
TJSJ,3/24/2012,82.04,73.94,0.46,60.2464,77.52884,90.7287
TJSJ,3/25/2012,82.04,73.04,3.09,69.4343,85.470406,94.1002
TJSJ,3/26/2012,84.92,73.04,0.01,56.9815,74.39789,87.4515
TJSJ,3/27/2012,84.92,75.02,0,60.7359,71.2245,81.922
TJSJ,3/28/2012,84.02,75.02,0.13,65.0019,74.38208,88.5888
TJSJ,3/29/2012,78.98,73.04,2.62,73.7806,83.016205,94.1002
TJSJ,3/30/2012,80.96,73.04,0.13,71.3899,83.42531,90.7287
TJSJ,3/31/2012,84.92,73.94,0.05,60.9838,75.319435,87.5481
TJSJ,4/1/2012,87.98,71.96,0,48.2631,67.672325,84.2241
TJSJ,4/2/2012,89.06,73.94,0,44.9219,66.95526,84.8003
TJSJ,4/3/2012,84.92,75.92,0,56.9815,72.4446,81.922
TJSJ,4/4/2012,84.02,75.02,0,62.7745,74.2264,81.8483
TJSJ,4/5/2012,86,75.92,0,57.1246,72.32807,81.8483
TJSJ,4/6/2012,89.06,75.02,0,43.5312,67.75647,84.3436
TJSJ,4/7/2012,82.94,75.92,0.15,62.5339,74.59142,81.8483
TJSJ,4/8/2012,84.02,75.02,0,62.7745,73.75494,84.9155
TJSJ,4/9/2012,80.96,73.94,0.34,69.3207,79.72092,88.6689
TJSJ,4/10/2012,84.02,73.04,1.7,64.8973,80.10564,90.8013
TJSJ,4/11/2012,87.98,73.04,0,49.7919,70.566154,87.4515
TJSJ,4/12/2012,91.04,75.02,0.34,46.9327,72.5455,84.9155
TJSJ,4/13/2012,87.08,73.94,0.55,55.1909,77.83961,87.5481
TJSJ,4/14/2012,80.06,75.02,0.68,68.8991,81.65631,90.2171
TJSJ,4/15/2012,80.96,75.02,0.02,52.6554,60.960144,71.4168
TJSJ,4/16/2012,82.04,75.02,0,47.3902,54.327343,64.1747
TJSJ,4/17/2012,82.94,73.94,0,53.9508,59.348957,66.4275
TJSJ,4/18/2012,80.96,72,0,52.1938,60.729237,73.44011
TJSJ,4/19/2012,80.96,71.06,0,50.681,62.665253,75.5747
TJSJ,4/20/2012,82.94,73.04,0,58.5141,68.393974,76.1914
TJSJ,4/21/2012,84.92,75.02,0,67.146,76.13183,84.5785
TJSJ,4/22/2012,87.98,75.2,0.69,57.3855,76.5359,94.143
TJSJ,4/23/2012,89.96,78.08,0,51.9606,68.6734,84.5256
TJSJ,4/24/2012,91.04,78.98,0,50.2292,66.28784,79.1989
TJSJ,4/25/2012,86,78.98,0.35,62.7745,74.96407,84.7566
TJSJ,4/26/2012,87.08,77,0,59.0494,74.049965,84.4617
TJSJ,4/27/2012,87.08,77,0.08,56.9164,73.78185,93.6205
TJSJ,4/28/2012,86,75.92,0.01,55.0443,68.22938,81.8483
TJSJ,4/29/2012,86,75.02,0.09,58.6546,74.306526,87.5043
TJSJ,4/30/2012,84.02,75.02,0.28,62.5339,81.51484,93.6709
TJSJ,5/1/2012,84.92,75.02,0,60.8714,73.85257,84.3436
TJSJ,5/2/2012,82.94,75.2,0.9,76.5296,88.61194,100
TJSJ,5/3/2012,84.02,75.92,0.25,69.6411,88.089615,100
TJSJ,5/4/2012,84.02,73.4,0.72,71.782,89.10041,100
TJSJ,5/5/2012,84.02,73.94,0.93,71.782,87.30347,100
TJSJ,5/6/2012,82.94,77,0.01,69.4343,78.75943,90.3345
TJSJ,5/7/2012,82.94,75.02,0,66.9263,79.04746,93.5695
TJSJ,5/8/2012,84.92,75.92,0.06,69.6411,81.77212,93.0885
TJSJ,5/9/2012,86,77,0,69.846,82.63433,93.6205
TJSJ,5/10/2012,86,77,0.01,61.1182,79.622955,90.3345
TJSJ,5/11/2012,87.08,78.08,0.63,70.0832,84.43414,97.0782
TJSJ,5/12/2012,87.98,78.08,0,53.6358,79.69701,93.0885
TJSJ,5/13/2012,87.08,78.08,0,67.3637,81.00999,90.4094
TJSJ,5/14/2012,86,77,0,65.3545,78.92259,90.2933
TJSJ,5/15/2012,86,77,0.01,61.1182,76.90394,90.2933
TJSJ,5/16/2012,86,75.92,0.08,67.6546,82.83638,100
TJSJ,5/17/2012,84.02,77,0.26,71.782,89.59521,100
TJSJ,5/18/2012,84.02,75.92,0.36,77.068,90.76527,100
TJSJ,5/19/2012,87.98,77,0,53.6358,74.53256,93.0885
TJSJ,5/20/2012,87.08,77,0.06,63.1423,78.925316,90.3345
TJSJ,5/21/2012,87.08,77,0.29,57.1246,78.09383,90.3687
TJSJ,5/22/2012,87.08,75.02,0.25,67.4817,85.36697,100
TJSJ,5/23/2012,89.06,77,0,55.4582,76.280594,93.6205
TJSJ,5/24/2012,87.08,77,0,55.0443,73.05524,87.6003
TJSJ,5/25/2012,86,77,0,58.9106,74.24082,87.6003
TJSJ,5/26/2012,86,75.02,0,53.0308,70.128586,84.3436
TJSJ,5/27/2012,84.92,75.92,0,67.6546,77.12176,90.3345
TJSJ,5/28/2012,86,75.92,0,65.3545,76.944046,87.5481
TJSJ,5/29/2012,87.98,75.92,0,63.1423,76.279236,87.5481
TJSJ,5/30/2012,89.06,78.08,0,55.3127,73.95114,88.7482
TJSJ,5/31/2012,89.06,78.98,0.14,59.1645,78.00383,90.3687
TJSJ,6/1/2012,91.94,78.98,0,50.6661,72.45004,90.3687
TJSJ,6/2/2012,91.94,78.08,0,42.6119,65.684456,84.5256
TJSJ,6/3/2012,89.96,78.08,0,46.7745,70.15571,84.5785
TJSJ,6/4/2012,89.96,78.08,0,48.5504,68.668365,84.5785
TJSJ,6/5/2012,93.02,77,0,39.6834,63.171276,84.4617
TJSJ,6/6/2012,91.04,78.98,0,53.727,73.66025,90.3687
TJSJ,6/7/2012,91.94,80.96,0,54.1779,72.464745,87.789
TJSJ,6/8/2012,91.94,80.06,0,53.727,72.745605,87.2222
TJSJ,6/9/2012,89.96,78.98,0,50.3853,72.45368,84.5785
TJSJ,6/10/2012,89.96,78.98,0,57.1775,72.24434,84.6417
TJSJ,6/11/2012,91.94,78.08,0,48.5504,70.30384,84.5256
TJSJ,6/12/2012,93.92,80.06,0,45.7897,71.32132,90.4094
TJSJ,6/13/2012,93.02,80.06,0,41.0402,66.08162,81.7687
TJSJ,6/14/2012,91.04,80.06,0,53.9078,71.647095,84.6941
TJSJ,6/15/2012,93.02,80.06,0,39.6834,64.2877,81.6337
TJSJ,6/16/2012,91.04,78.98,0.01,55.4582,72.47185,90.9823
TJSJ,6/17/2012,91.04,80.06,0.01,53.727,72.32962,87.2222
TJSJ,6/18/2012,89.96,80.06,0,53.455,69.70979,84.6417
TJSJ,6/19/2012,91.4,78.08,0.01,50.2292,69.2579,87.1241
TJSJ,6/20/2012,91.4,80.96,0,50.2292,73.82245,84.7566
TJSJ,6/21/2012,95,80.06,0,41.5003,66.81421,87.789
TJSJ,6/22/2012,93.92,80.06,0,41.3383,63.51382,79.3496
TJSJ,6/23/2012,91.94,80.06,0,43.8275,65.471344,82.1885
TJSJ,6/24/2012,91.94,80.06,0,46.7745,64.053085,76.3613
TJSJ,6/25/2012,91.94,78.98,0.11,41.0402,72.267426,84.5785
TJSJ,6/26/2012,91.04,78.08,0.01,52.1115,69.196365,84.5785
TJSJ,6/27/2012,93.02,80.06,0,52.3867,71.67684,84.7566
TJSJ,6/28/2012,91.04,78.98,0,50.2292,69.45577,82.1885
TJSJ,6/29/2012,89.96,78.98,0.01,55.5308,71.52412,82.1885
TJSJ,6/30/2012,91.94,78.08,0,50.2292,68.013885,82.0559
TJSJ,7/1/2012,91.04,80.06,0,55.7235,68.76852,79.1989
TJSJ,7/2/2012,89.06,78.08,0.41,63.3777,81.848274,88.7482
TJSJ,7/3/2012,89.96,80.06,0,59.4165,72.333145,84.6417
TJSJ,7/4/2012,89.96,74.48,0.06,57.1775,75.59351,94.2272
TJSJ,7/5/2012,82.94,73.4,1.28,78.9629,89.13804,100
TJSJ,7/6/2012,89.96,77,0,57.6443,73.33404,87.1241
TJSJ,7/7/2012,89.6,80.06,0,59.0124,71.267715,81.6337
TJSJ,7/8/2012,87.98,78.98,0.12,61.3631,72.87424,84.5785
TJSJ,7/9/2012,87.8,78.98,0.58,61.1182,74.45445,82.0559
TJSJ,7/10/2012,89.96,78.98,0,55.5791,71.482834,82.0559
TJSJ,7/11/2012,87.98,80.96,0,61.3631,70.72533,79.3496
TJSJ,7/12/2012,87.08,78.98,0.08,59.0494,71.690056,82.0559
TJSJ,7/13/2012,87.98,78.08,0.17,63.2495,74.20729,81.4972
TJSJ,7/14/2012,89.96,78.08,0.01,51.8045,71.99694,84.8668
TJSJ,7/15/2012,87.08,80.06,0.26,67.3937,78.67688,87.6745
TJSJ,7/16/2012,89.06,80.96,0,61.1253,73.90508,84.6941
TJSJ,7/17/2012,87.08,80.06,0.01,63.1423,71.25256,79.2676
TJSJ,7/18/2012,87.98,77,0.25,61.3631,74.99979,88.6689
TJSJ,7/19/2012,89.1,78.08,0.31,65.49481,79.00816,96.42644
TJSJ,7/20/2012,86,78.8,1.14,69.799286,82.06822,88.826744
TJSJ,7/21/2012,91,78.08,0.05,59.012367,75.92777,94.22723
TJSJ,7/22/2012,89.1,80.06,0.08,62.467205,76.09495,88.90445
TJSJ,7/23/2012,88,80.06,0.02,58.781776,68.719604,81.6337
TJSJ,7/24/2012,89.1,80.06,0,62.467205,73.41861,83.66177
TJSJ,7/25/2012,91.4,79,0,52.1115,69.842926,84.6417
TJSJ,7/26/2012,88,78.8,0,61.241543,70.34638,78.62098
TJSJ,7/27/2012,89.1,80.06,0.01,55.28835,67.13469,78.76171
TJSJ,7/28/2012,88,77,0.16,66.15182,75.77424,96.4901
TJSJ,7/29/2012,89.1,80.06,0,66.15182,74.41768,81.6337
TJSJ,7/30/2012,90,79,0.13,62.683746,77.84669,87.2222
TJSJ,7/31/2012,84,75.2,1.57,77.068,83.74889,90.4094
TJSJ,8/1/2012,89.96,78.98,0.05,57.6443,73.79814,87.6951
TJSJ,8/2/2012,87.98,78.98,0,59.1645,73.0244,82.0559
TJSJ,8/3/2012,87.98,78.08,0.02,63.2495,72.6323,87.1241
TJSJ,8/4/2012,87.98,77,0.33,59.1645,75.636116,96.4901
TJSJ,8/5/2012,89.06,80.96,0.01,65.0834,73.2763,79.2676
TJSJ,8/6/2012,87.08,80.06,0,63.1423,72.17707,79.1989
TJSJ,8/7/2012,87.08,78.08,0.55,67.4817,77.87585,87.6951
TJSJ,8/8/2012,87.08,78.8,0.14,67.4817,78.77144,88.7482
TJSJ,8/9/2012,93.02,78.98,0,46.9327,68.701584,90.3687
TJSJ,8/10/2012,89.96,78.98,0,61.6059,73.19806,84.7566
TJSJ,8/11/2012,89.06,80.06,0.01,61.3631,71.37139,79.1989
TJSJ,8/12/2012,89.96,73.94,0.46,51.9606,69.53567,93.5415
TJSJ,8/13/2012,87.98,73.4,0.4,67.5795,78.379196,94.1002
TJSJ,8/14/2012,89.06,78.98,0.02,59.2072,72.78034,84.4095
TJSJ,8/15/2012,87.98,78.08,0.63,65.5802,77.73031,88.74824
TJSJ,8/16/2012,89.06,78.98,0.06,63.1423,76.531044,87.6951
TJSJ,8/17/2012,87.08,80.06,0.35,69.5389,79.48511,88.8267
TJSJ,8/18/2012,91.94,80.06,0,54.1779,72.39286,84.6941
TJSJ,8/19/2012,89.96,80.96,0,57.1775,71.42619,84.6941
TJSJ,8/20/2012,87.98,80.96,0,61.3631,69.41002,76.9034
TJSJ,8/21/2012,87.98,78.08,0.63,63.2495,75.49827,88.7482
TJSJ,8/22/2012,89.06,78.8,0.89,63.2495,75.63275,87.789
TJSJ,8/23/2012,86,77,0.13,69.846,77.94029,84.7566
TJSJ,8/24/2012,84.02,75.2,0.7,65.1269,77.47556,94.143
TJSJ,8/25/2012,87.98,75.2,0.6,55.3127,77.86211,90.8013
TJSJ,8/26/2012,87.98,78.08,0,55.3127,72.41141,84.5785
TJSJ,8/27/2012,86,77,0.2,58.3966,76.48438,87.6003
TJSJ,8/28/2012,89.06,78.08,0,53.6358,71.83094,82.0559
TJSJ,8/29/2012,87.98,78.98,0.08,60.88,72.62575,82.0559
TJSJ,8/30/2012,87.98,78.08,0,59.1645,71.044815,82.0559
TJSJ,8/31/2012,87.98,78.98,0.03,57.3855,70.522194,79.1989
TJSJ,9/1/2012,87.98,78.98,0.02,59.1645,69.6699,82.0559
TJSJ,9/2/2012,87.98,80.06,0.01,63.1423,71.71161,81.6337
TJSJ,9/3/2012,89.06,78.08,0,51.6825,68.3332,76.3613
TJSJ,9/4/2012,89.96,80.06,0.02,48.5504,66.38593,74.3291
TJSJ,9/5/2012,89.96,80.06,0.02,53.9078,68.8521,79.1989
TJSJ,9/6/2012,89.96,80.06,0,55.5791,68.76099,79.1989
TJSJ,9/7/2012,89.96,78.98,0.01,50.3853,68.21205,79.1989
TJSJ,9/8/2012,89.96,80.06,0.01,57.1775,69.38203,81.6337
TJSJ,9/9/2012,91.04,78.98,0.02,53.455,68.11372,79.116
TJSJ,9/10/2012,91.04,78.98,0,50.2292,67.916565,79.1989
TJSJ,9/11/2012,89.96,78.98,0,53.9078,69.99104,79.3496
TJSJ,9/12/2012,89.96,80.06,0,53.9078,68.97042,79.2676
TJSJ,9/13/2012,91.04,80.06,0.18,59.3022,75.10262,88.8267
TJSJ,9/14/2012,89.96,78.98,0.04,61.6059,78.255775,87.6951
TJSJ,9/15/2012,91.94,78.98,0,59.4165,76.35543,87.8397
TJSJ,9/16/2012,91.04,78.98,0,53.727,72.97187,87.6951
TJSJ,9/17/2012,91.94,80.06,0,55.8435,72.673836,84.6417
TJSJ,9/18/2012,89.96,80.06,0.02,65.8039,78.586716,87.2222
TJSJ,9/19/2012,91.04,78.98,0.05,57.4366,76.38457,90.3687
TJSJ,9/20/2012,89.96,80.96,0,57.6443,73.47264,84.6941
TJSJ,9/21/2012,89.96,80.06,0,59.4165,72.11859,87.2222
TJSJ,9/22/2012,91.94,78.98,0.05,57.3855,72.34446,87.6951
TJSJ,9/23/2012,91.94,78.98,0.09,55.7235,71.05389,87.6951
TJSJ,9/24/2012,91.04,80.06,0,55.7235,70.095436,84.6417
TJSJ,9/25/2012,87.98,75.92,0.36,65.0834,76.84458,90.8013
TJSJ,9/26/2012,87.98,78.08,0.4,63.2495,76.85076,90.3345
TJSJ,9/27/2012,89.06,77,0.1,57.1775,75.40612,90.3687
TJSJ,9/28/2012,89.06,78.08,0.35,61.1253,76.72351,84.6417
TJSJ,9/29/2012,91.94,78.98,0,55.5791,71.33997,87.6951
TJSJ,9/30/2012,89.06,78.98,0.47,57.1775,74.75894,84.6941
TJSJ,10/1/2012,91.04,80.06,0,61.3686,75.18788,84.7566
TJSJ,10/2/2012,89.96,78.08,0.16,55.5791,76.50339,90.3687
TJSJ,10/3/2012,89.06,78.98,0.15,57.1775,72.12736,87.6951
TJSJ,10/4/2012,87.98,78.98,0.04,61.3631,73.11491,87.6951
TJSJ,10/5/2012,87.08,78.98,0.02,60.88,71.695984,84.5785
TJSJ,10/6/2012,87.08,78.08,0,57.1246,72.51787,82.0559
TJSJ,10/7/2012,89.96,78.98,0,56.9164,71.05042,84.5785
TJSJ,10/8/2012,89.06,78.98,0.08,62.4672,79.11378,90.4094
TJSJ,10/9/2012,87.98,77,0,65.5802,77.728134,93.6205
TJSJ,10/10/2012,87.98,78.98,0.01,62.5339,76.63326,87.6951
TJSJ,10/11/2012,89.06,75.2,0.62,63.3777,83.57838,90.4094
TJSJ,10/12/2012,87.98,77,0.27,65.5802,80.64648,90.3345
TJSJ,10/13/2012,87.08,80.06,0.09,71.9753,81.131546,90.4094
TJSJ,10/14/2012,86,80.06,0.25,71.9753,81.62202,90.9823
TJSJ,10/15/2012,93.02,78.98,0.01,53.9972,75.76941,87.789
TJSJ,10/16/2012,92,77,0.82,54.1779,75.056694,83.5503
TJSJ,10/17/2012,92,79,0.51,59.5531,80.30725,88.8267
TJSJ,10/18/2012,90,78,0.24,65.3099,78.921585,90.3345
TJSJ,10/19/2012,88,76,0.37,63.1423,80.668434,93.6205
TJSJ,10/20/2012,89,77,0.0001,59.1645,73.782555,82.0559
TJSJ,10/21/2012,88,77,0,65.0834,76.96697,84.5785
TJSJ,10/22/2012,89,77,0.02,59.3022,76.28405,87.6003
TJSJ,10/23/2012,89,78,0,56.9164,72.75598,82.0559
TJSJ,10/24/2012,91,77,0,50.2292,70.10859,81.6337
TJSJ,10/25/2012,91,77,0.33,53.9078,73.979324,90.4094
TJSJ,10/26/2012,90,76,0.43,65.3099,82.84713,93.6709
TJSJ,10/27/2012,94,80,0,48.9909,69.71571,84.6941
TJSJ,10/28/2012,94,80,0,55.9869,71.83518,82.1885
TJSJ,10/29/2012,91,80,0.0001,61.1253,74.33018,81.7687
TJSJ,10/30/2012,92,79,0,53.727,73.52386,87.6951
TJSJ,10/31/2012,89,79,0,63.2495,75.908936,84.6417
TJSJ,11/1/2012,88,79,0.0001,65.0834,76.79129,87.6951
TJSJ,11/2/2012,88,78,0.0001,63.1423,73.15969,87.1241
TJSJ,11/3/2012,89,78,0.02,63.2495,75.564445,84.6417
TJSJ,11/4/2012,88,77,0.0001,53.6358,73.3745,84.4617
TJSJ,11/5/2012,89,77,0.04,63.013,77.801796,87.6951
TJSJ,11/6/2012,90,77,0.01,56.9164,75.11448,87.6003
TJSJ,11/7/2012,91,76,0,52.1115,72.60837,87.6003
TJSJ,11/8/2012,90,78,0,59.1645,72.92392,87.1241
TJSJ,11/9/2012,89,77,0,65.0834,75.01649,84.5256
TJSJ,11/10/2012,88,78,0.0001,63.1423,74.40809,84.6417
TJSJ,11/11/2012,87,78,0.07,65.0834,75.08935,82.1885
TJSJ,11/12/2012,88,79,0.04,60.88,77.150955,90.3687
TJSJ,11/13/2012,87,76,0.11,67.146,78.88501,87.1241
TJSJ,11/14/2012,87,78,0.15,67.3637,81.99927,90.3687
TJSJ,11/15/2012,88,77,0.02,59.0494,75.17344,90.3345
TJSJ,11/16/2012,87,77,0.11,69.846,80.95289,90.3687
TJSJ,11/17/2012,88,77,0.15,63.1423,78.47315,87.6003
TJSJ,11/18/2012,88,77,0,67.4817,77.813835,90.2933
TJSJ,11/19/2012,88,77,0.02,67.3637,80.70224,87.1241
TJSJ,11/20/2012,88,77,0.0001,67.3637,79.3638,87.6003
TJSJ,11/21/2012,87,77,0.17,69.7345,79.946976,90.4094
TJSJ,11/22/2012,87,76,0.38,69.846,84.3176,90.9823
TJSJ,11/23/2012,87.8,75,1.25,62.249004,85.08581,94.1853
TJSJ,11/24/2012,85,75,0.03,62.7745,76.62239,90.8013
TJSJ,11/25/2012,87,76,0.0001,60.88,72.63026,87.5481
TJSJ,11/26/2012,86,80.06,0,58.9106,69.11716,76.9034
TJSJ,11/27/2012,86,78.98,0,65.3545,74.963806,82.0559
TJSJ,11/28/2012,87.08,77,0.19,63.1423,79.41443,90.2933
TJSJ,11/29/2012,87.08,75.92,0.22,58.9106,72.72821,93.5928
TJSJ,11/30/2012,86,75.02,0.06,58.9106,71.89835,87.5481
TJSJ,12/1/2012,84.92,75.02,0.09,67.6546,78.79887,90.8013
TJSJ,12/2/2012,84.02,75.02,0.09,65.0019,77.99135,90.2933
TJSJ,12/3/2012,84.02,73.4,1.59,67.146,86.24988,94.1002
TJSJ,12/4/2012,84.92,78.98,0.02,53.2115,65.38262,76.737
TJSJ,12/5/2012,84.92,75.92,0.08,58.6546,72.27567,87.5481
TJSJ,12/6/2012,84.02,73.94,0.22,60.8714,77.1651,90.7287
TJSJ,12/7/2012,82.94,73.94,0.01,56.7175,66.21235,76.569
TJSJ,12/8/2012,87.08,77,0,51.2356,69.6341,81.922
TJSJ,12/9/2012,86,75.92,0.01,58.9106,74.0125,84.5256
TJSJ,12/10/2012,84.92,75.92,0,56.509,68.09816,81.922
TJSJ,12/11/2012,84.02,75.92,0.13,60.7359,71.68848,87.5481
TJSJ,12/12/2012,87.08,78.8,0.02,58.9106,69.76911,83.5503
TJSJ,12/13/2012,80.96,75.02,0.35,66.5828,82.403206,90.8013
TJSJ,12/14/2012,84.02,73.94,0.02,60.7359,74.34558,90.7287
TJSJ,12/15/2012,82.94,73.94,0.1,60.7359,74.854004,90.7287
TJSJ,12/16/2012,82.94,71.96,0.11,62.5339,74.65986,90.6553
TJSJ,12/17/2012,84.02,73.04,0.31,56.509,73.03908,90.7287
TJSJ,12/18/2012,84.02,73.04,0,60.7359,71.28582,84.2241
TJSJ,12/19/2012,80.96,73.04,1.16,64.5384,77.82462,94.1002
TJSJ,12/20/2012,84.02,75.02,0.01,60.4858,66.68115,87.5043
TJSJ,12/21/2012,80.96,73.04,0.34,67.2191,82.88017,94.143
TJSJ,12/22/2012,82.94,73.04,0.37,56.2428,75.23772,97.0174
TJSJ,12/23/2012,82.94,75.02,0,54.3521,66.48393,84.3436
TJSJ,12/24/2012,82.94,73.04,0,56.7175,69.13615,78.6517
TJSJ,12/25/2012,82.94,73.94,0.01,67.4378,76.15815,84.8003
TJSJ,12/26/2012,84.02,73.04,0,65.0019,76.52001,90.14
TJSJ,12/27/2012,84.92,75.02,0.01,69.7345,80.60872,90.2171
TJSJ,12/28/2012,84.92,73.94,0.07,60.8714,75.259315,87.5043
TJSJ,12/29/2012,82.94,73.94,0.01,60.7359,72.91021,87.4515
TJSJ,12/30/2012,84.02,71.96,0.01,52.7537,68.842445,81.5744
TJSJ,12/31/2012,82.94,73.9,0.09,56.7175,73.29979,88.588776
TJSJ,1/1/2013,82.94,73.4,0.06,65.0019,76.969,88.588776
TJSJ,1/2/2013,84.9,73,0.01,54.77119,68.49108,84.337776
TJSJ,1/3/2013,81,72,0.13,69.18237,81.123055,94.14301
TJSJ,1/4/2013,84.2,73.4,0,60.8714,75.06739,88.507805
TJSJ,1/5/2013,84.2,78.08,0.01,58.315598,68.670815,73.967064
TJSJ,1/6/2013,84.9,75.2,0.01,60.365044,68.60819,83.32391
TJSJ,1/7/2013,84.2,73,0.12,58.07999,74.23037,94.10022
TJSJ,1/8/2013,84.2,75,0.03,60.7359,74.02378,84.57616
TJSJ,1/9/2013,84,73.4,0.01,50.9659,66.003746,83.209045
TJSJ,1/10/2013,84,73.4,0.02,58.07999,69.55341,94.1002
TJSJ,1/11/2013,82.9,73.9,0.03,57.842686,68.40683,83.32391
TJSJ,1/12/2013,82.4,71.6,0.57,61.807594,79.3207,94.10022
TJSJ,1/13/2013,82,73,0,50.650837,60.80565,73.44011
TJSJ,1/14/2013,82.4,70,0.01,52.3744,68.112816,86.7675
TJSJ,1/15/2013,82,71.6,0.12,61.13273,73.97121,88.507805
TJSJ,1/16/2013,81,71.1,0.01,59.8401,72.626114,94.1002
TJSJ,1/17/2013,82.94,71.6,0.03,54.551235,72.82415,94.05696
TJSJ,1/18/2013,82.4,73,0.04,61.58435,76.99213,90.32327
TJSJ,1/19/2013,82.9,72,0,61.58435,73.527245,84.45763
TJSJ,1/20/2013,84,73,0.01,54.551235,75.00163,88.507805
TJSJ,1/21/2013,82.4,71.6,0.04,64.68674,77.92983,94.05696
TJSJ,1/22/2013,86,73,0,54.798595,74.14309,84.45763
TJSJ,1/23/2013,86,73,0.01,58.315598,76.55466,88.588776
TJSJ,1/24/2013,84.2,73.4,0,60.7359,72.863625,88.507805
TJSJ,1/25/2013,84,72,0.02,60.7359,74.59779,88.507805
TJSJ,1/26/2013,84,73.4,0.21,65.74351,82.1829,94.14301
TJSJ,1/27/2013,84,73,0,65.0019,77.75075,90.32327
TJSJ,1/28/2013,84.9,75,0,60.8714,73.197174,84.45763
TJSJ,1/29/2013,82.94,71.6,0.03,60.7359,75.407036,88.507805
TJSJ,1/30/2013,82.9,73,0.07,61.58435,77.42734,94.10022
TJSJ,1/31/2013,84,73,0.13,65.74351,83.87232,94.10022
TJSJ,2/1/2013,82,73,0.76,57.842686,77.41215,94.10022
TJSJ,2/2/2013,82.94,71.06,0,50.9659,66.20125,83.09303
TJSJ,2/3/2013,84.92,71.6,0,46.3228,66.165825,83.09303
TJSJ,2/4/2013,82.9,69.1,0,51.212227,67.711586,83.09303
TJSJ,2/5/2013,82.9,69.8,0.08,50.953636,70.12454,90.32327
TJSJ,2/6/2013,82.9,71.1,0.08,54.551235,74.25391,90.32327
TJSJ,2/7/2013,86,71.6,0,53.208717,76.22514,88.588776
TJSJ,2/8/2013,84,71.6,1.01,58.07999,77.31897,94.10022
TJSJ,2/9/2013,84.2,71.6,0,58.315598,74.28845,88.42599
TJSJ,2/10/2013,82.9,71.06,0,58.07999,72.84198,90.062
TJSJ,2/11/2013,82,73.4,0.17,60.904324,72.4313,88.507805
TJSJ,2/12/2013,82.4,73,0,50.953636,60.734047,73.44011
TJSJ,2/13/2013,82.94,70,0,50.9659,67.742935,81.0014
TJSJ,2/14/2013,82.94,72,0.01,63.0313,77.61604,88.507805
TJSJ,2/15/2013,86,71.6,0,58.07999,73.56324,84.337776
TJSJ,2/16/2013,88,72,0,43.067974,65.42127,83.209045
TJSJ,2/17/2013,84.9,73,0,51.469208,72.69644,84.337776
TJSJ,2/18/2013,84,71.06,0,63.0313,74.564476,86.7675
TJSJ,2/19/2013,82.9,73,0.1,58.07999,74.062744,84.45763
TJSJ,2/20/2013,84.9,73,0.03,54.798595,76.57028,88.507805
TJSJ,2/21/2013,86,71.6,0,54.551235,71.86054,88.42599
TJSJ,2/22/2013,84,71.6,0,60.7359,71.957825,83.09303
TJSJ,2/23/2013,84,73.4,0,56.7175,68.441826,78.774345
TJSJ,2/24/2013,84.2,71.6,0,60.7359,73.14361,83.32391
TJSJ,2/25/2013,84.9,71.6,0.02,60.7359,73.92999,88.507805
TJSJ,2/26/2013,84.92,73.4,0.02,56.7175,73.6691,88.507805
TJSJ,2/27/2013,90,73,0,42.795868,68.197975,88.507805
TJSJ,2/28/2013,87.1,71.6,0,52.928852,68.772896,83.09303
TJSJ,3/1/2013,87.08,71.6,0.02,41.6121,67.99291,84.1584
TJSJ,3/2/2013,84.92,71.96,0.05,48.9304,65.274796,81.5744
TJSJ,3/3/2013,87.98,73.04,0.04,49.7919,70.44885,81.1432
TJSJ,3/4/2013,84.92,73.94,0.16,60.9838,75.832054,90.8013
TJSJ,3/5/2013,80.06,73.94,0.03,59.8401,71.80699,87.4515
TJSJ,3/6/2013,82.04,73.04,0.03,54.5016,66.48084,78.8081
TJSJ,3/7/2013,84.92,73.04,0.44,59.135,74.54775,87.5481
TJSJ,3/8/2013,82.04,73.04,0.2,44.9997,71.154175,90.14
TJSJ,3/9/2013,82.04,71.06,0.02,59.9939,73.99595,87.4073
TJSJ,3/10/2013,80.96,73.04,0.01,50.5508,60.195286,84.2241
TJSJ,3/11/2013,80.96,73.94,0,50.681,56.218365,62.1713
TJSJ,3/12/2013,82.94,73.94,0,39.5276,53.04714,64.0667
TJSJ,3/13/2013,82.94,73.94,0,40.8409,53.69204,68.6854
TJSJ,3/14/2013,82.94,71.96,0,40.8409,57.201366,68.3511
TJSJ,3/15/2013,84.02,71.96,0,41.2465,55.741783,71.0139
TJSJ,3/16/2013,82.04,73.04,0.04,52.4748,67.00404,78.9629
TJSJ,3/17/2013,84.02,73.04,0.11,56.509,70.43696,84.8003
TJSJ,3/18/2013,82.94,73.04,0.03,56.7175,71.64077,84.8003
TJSJ,3/19/2013,84.92,73.04,0.08,59.135,74.36831,90.14
TJSJ,3/20/2013,87.08,73.94,0,49.5066,67.74507,84.3436
TJSJ,3/21/2013,91.04,73.94,0,45.2158,65.05442,84.8003
TJSJ,3/22/2013,91.94,75.92,0,43.9617,66.643196,81.8483
TJSJ,3/23/2013,86,75.92,0.06,63.013,78.29152,90.8013
TJSJ,3/24/2013,87.08,75.02,0,56.9164,71.853935,84.3436
TJSJ,3/25/2013,87.98,73.04,0,53.2115,68.98806,84.4617
TJSJ,3/26/2013,91.04,73.94,0,39.3831,66.71778,90.7287
TJSJ,3/27/2013,89.06,73.94,0,46.6422,72.42124,84.8003
TJSJ,3/28/2013,87.08,75.02,0,46.35,69.035515,87.5043
TJSJ,3/29/2013,80.96,75.02,0.13,64.7712,77.09846,87.5043
TJSJ,3/30/2013,80.96,73.94,0.11,67.2191,74.227875,81.922
TJSJ,3/31/2013,80.06,73.04,0.44,71.1909,83.89101,94.1002
TJSJ,4/1/2013,86,75.92,0.01,56.9815,72.21754,90.8013
TJSJ,4/2/2013,89.06,75.02,0.01,41.9124,64.677635,84.9155
TJSJ,4/3/2013,89.06,75.92,0,49.7919,70.658905,81.922
TJSJ,4/4/2013,87.08,75.02,0.01,59.0494,71.26322,81.7866
TJSJ,4/5/2013,86,75.02,0.15,56.9815,73.862015,87.5043
TJSJ,4/6/2013,89.96,75.02,0.03,46.6422,67.45906,87.5043
TJSJ,4/7/2013,89.96,75.02,0.1,43.6661,74.650986,90.8013
TJSJ,4/8/2013,87.98,78.08,0.05,51.6825,73.138885,84.5256
TJSJ,4/9/2013,87.08,75.92,0.38,60.8714,76.92624,90.8013
TJSJ,4/10/2013,88,76,0.06,58.6546,72.70811,87.6003
TJSJ,4/11/2013,87.08,75.92,0,49.6625,66.8812,79.3669
TJSJ,4/12/2013,87.98,75.92,0.06,55.1909,67.985275,81.922
TJSJ,4/13/2013,86,75.02,0.22,56.9815,74.90952,87.5481
TJSJ,4/14/2013,87.98,75.92,0,55.1909,70.66925,87.6003
TJSJ,4/15/2013,89.06,75.92,0.02,55.3127,72.94334,84.9155
TJSJ,4/16/2013,87.08,71.6,0.01,58.9106,79.39602,94.057
TJSJ,4/17/2013,84.92,71.96,0.09,59.135,76.68941,90.6553
TJSJ,4/18/2013,84.92,73.4,0.21,56.9815,72.06508,88.5078
TJSJ,4/19/2013,86,75.92,0.09,56.509,68.42326,84.9155
TJSJ,4/20/2013,82.04,75.92,0,62.5339,72.897514,84.9155
TJSJ,4/21/2013,84.92,75.02,0,51.2489,66.26999,81.7866
TJSJ,4/22/2013,84.02,73.04,0.01,54.5016,65.062126,81.7866
TJSJ,4/23/2013,84.92,71.96,0.05,56.9815,71.135445,87.4073
TJSJ,4/24/2013,82.94,73.94,0.23,60.7359,75.308174,87.5043
TJSJ,4/25/2013,84.92,73.04,0,60.7359,73.06947,87.4073
TJSJ,4/26/2013,84.92,75.92,0,58.6546,70.23258,79.3669
TJSJ,4/27/2013,84.92,73.94,0.23,59.135,74.83201,87.5481
TJSJ,4/28/2013,84.02,73.4,0.31,62.7745,76.1478,94.1002
TJSJ,4/29/2013,84.92,75.02,0,60.9838,74.311745,84.3436
TJSJ,4/30/2013,84.92,75,0.19,69.7345,79.39914,87.6951
TJSJ,5/1/2013,87.1,73.4,0,57.1246,74.15212,94.10022
TJSJ,5/2/2013,86,75.2,0,65.26648,75.92945,84.5785
TJSJ,5/3/2013,89.1,75.9,0,51.649754,72.696106,84.57616
TJSJ,5/4/2013,91.4,77,0,52.1115,71.73953,81.55377
TJSJ,5/5/2013,90,78.8,0.23,57.3855,75.74939,88.74824
TJSJ,5/6/2013,88,77,0,69.897545,79.02118,90.2933
TJSJ,5/7/2013,87.1,75.2,0.18,69.897545,83.24885,94.143
TJSJ,5/8/2013,87.1,75,0.8,72.30214,85.95267,94.18534
TJSJ,5/9/2013,86,73.9,0.33,62.02914,84.18744,100
TJSJ,5/10/2013,87.8,72,1.57,66.35352,81.877304,94.1002
TJSJ,5/11/2013,86,73,0.04,59.135,78.218704,88.588776
TJSJ,5/12/2013,86,75.2,0,65.2306,76.76319,88.668915
TJSJ,5/13/2013,88,75.9,0.01,66.3535,77.6476,88.668915
TJSJ,5/14/2013,88,75.9,0.02,55.28835,73.595184,84.5256
TJSJ,5/15/2013,86,77,0.27,74.2799,81.80365,88.668915
TJSJ,5/16/2013,87.1,77,0,61.1182,75.9757,88.668915
TJSJ,5/17/2013,87.1,77,0,62.249004,74.15324,84.57616
TJSJ,5/18/2013,87.1,75,0,61.1182,71.40384,83.32391
TJSJ,5/19/2013,88,75.2,0,58.781776,73.85566,83.55026
TJSJ,5/20/2013,87.1,75.2,0.1,62.249004,74.20051,88.588776
TJSJ,5/21/2013,84,75,0.2,69.5285,76.75572,88.668915
TJSJ,5/22/2013,82.9,73.4,2.53,76.6996,88.33738,94.18534
TJSJ,5/23/2013,84.9,75.2,0.34,65.94849,75.38683,88.588776
TJSJ,5/24/2013,88,75.2,0.02,58.781776,78.454765,94.14301
TJSJ,5/25/2013,89.6,75.2,0.55,51.80454,78.625336,94.14301
TJSJ,5/26/2013,87.1,77,0,66.15182,78.52501,88.668915
TJSJ,5/27/2013,87.1,71.6,1.74,69.799286,84.23966,94.14301
TJSJ,5/28/2013,87.1,75.2,0.01,69.685555,82.58251,100
TJSJ,5/29/2013,87.1,78.08,0.18,65.26648,77.48776,88.74824
TJSJ,5/30/2013,87.1,75.9,1.42,69.685555,80.979195,90.3687
TJSJ,5/31/2013,86,75,0.89,77.231,86.10482,94.14301
TJSJ,6/1/2013,87.08,75.2,0.07,65.0834,78.95237,90.8013
TJSJ,6/2/2013,87.98,75.02,0,57.3855,73.184525,87.5043
TJSJ,6/3/2013,89.06,77,0.01,63.2495,77.274254,90.4094
TJSJ,6/4/2013,89.06,77,0.39,55.3127,75.584335,90.3687
TJSJ,6/5/2013,87.98,78.98,0.01,55.3127,78.094215,87.6951
TJSJ,6/6/2013,87.08,78.08,0.05,60.88,74.14427,87.6951
TJSJ,6/7/2013,86,75.02,0.35,63.013,77.6973,90.2171
TJSJ,6/8/2013,86,77,0.22,65.2306,77.82348,87.6003
TJSJ,6/9/2013,87.98,78.08,0,57.3855,75.79974,84.5785
TJSJ,6/10/2013,84.92,78.08,0.06,69.7345,78.865234,90.3345
TJSJ,6/11/2013,84.02,78.08,0.76,74.4271,83.11008,90.4094
TJSJ,6/12/2013,82.94,75.02,3.17,81.7687,88.07022,100
TJSJ,6/13/2013,86,78.08,0.07,71.9753,81.5614,90.3345
TJSJ,6/14/2013,89.06,77,0.09,59.3022,77.54279,90.4094
TJSJ,6/15/2013,91.04,78.98,0.27,55.7235,79.15433,90.4094
TJSJ,6/16/2013,87.08,78.08,0,65.0834,78.13151,87.6951
TJSJ,6/17/2013,86,80.06,0,69.6411,77.241875,84.6417
TJSJ,6/18/2013,87.08,78.98,0,69.5389,77.530136,84.6417
TJSJ,6/19/2013,84.02,73.94,1.16,72.1122,85.51048,94.143
TJSJ,6/20/2013,86,75.92,0,67.3637,76.69321,84.5785
TJSJ,6/21/2013,86,78.08,0,61.1182,72.33019,81.55377
TJSJ,6/22/2013,84.92,75.92,0.34,67.146,79.87689,90.8013
TJSJ,6/23/2013,86,77,0.27,67.6546,82.10371,90.2933
TJSJ,6/24/2013,82.94,75.02,2.37,81.7687,87.44216,94.143
TJSJ,6/25/2013,86,78.08,0.3,71.9753,83.49559,90.3345
TJSJ,6/26/2013,87.08,75.02,0.87,69.5389,86.25397,94.1853
TJSJ,6/27/2013,82.94,75.2,0.2,79.3496,86.40188,90.8013
TJSJ,6/28/2013,87.98,75.02,0.01,59.1645,78.90457,93.5695
TJSJ,6/29/2013,87.98,78.08,0,63.2495,74.42656,84.5256
TJSJ,6/30/2013,87.1,78.08,0.2,67.6546,80.02424,90.4094
TJSJ,7/1/2013,88,77,0.17,66.35352,77.9752,88.668915
TJSJ,7/2/2013,86,75.2,0.44,67.6068,79.32753,88.5888
TJSJ,7/3/2013,86,73.9,0.19,65.2306,79.674576,88.588776
TJSJ,7/4/2013,89.1,78.08,0.04,65.49481,77.39723,88.74824
TJSJ,7/5/2013,88,78.8,0,58.781776,71.54291,79.2676
TJSJ,7/6/2013,88,77,0.28,58.781776,74.42989,90.2933
TJSJ,7/7/2013,89.1,77,0.33,65.49481,83.30794,90.4094
TJSJ,7/8/2013,89.1,78.8,0.01,65.49481,77.41732,90.3687
TJSJ,7/9/2013,88,77,0.1,66.15182,80.982254,88.90445
TJSJ,7/10/2013,88,77,0.2,62.467205,79.86842,90.4094
TJSJ,7/11/2013,89.1,78.1,0.01,62.467205,75.45034,84.6417
TJSJ,7/12/2013,88,78.8,0,61.1182,71.0226,83.55026
TJSJ,7/13/2013,88,75.9,0.18,58.781776,73.2879,83.55026
TJSJ,7/14/2013,88,75.2,0.21,60.9838,79.91285,88.668915
TJSJ,7/15/2013,88,75.2,0.42,65.1269,80.480255,88.668915
TJSJ,7/16/2013,91,77,0.03,59.012367,76.898834,88.90445
TJSJ,7/17/2013,89.1,78.8,0.22,65.49481,77.11489,88.826744
TJSJ,7/18/2013,82.4,73.4,9.23,83.66177,92.54629,100
TJSJ,7/19/2013,88,77,0,62.467205,76.827324,90.3345
TJSJ,7/20/2013,89.6,78.8,0,62.683746,74.15226,83.55026
TJSJ,7/21/2013,89.1,75,0.26,62.467205,76.08362,88.588776
TJSJ,7/22/2013,85,75.2,1.07,78.76171,85.63591,94.14301
TJSJ,7/23/2013,89.6,78.8,0.0001,62.683746,78.08973,90.4094
TJSJ,7/24/2013,89.1,78.8,0,65.49481,75.38617,84.5785
TJSJ,7/25/2013,90,80,0,59.012367,75.23066,84.6417
TJSJ,7/26/2013,88,78,0.3,62.467205,75.74139,84.6417
TJSJ,7/27/2013,88,78,0.02,58.781776,75.26205,87.1241
TJSJ,7/28/2013,87.1,75.2,0.07,67.6068,77.3121,88.588776
TJSJ,7/29/2013,93,78,0,42.6119,67.40572,84.6417
TJSJ,7/30/2013,91,80,0.02,57.49431,73.147194,79.2676
TJSJ,7/31/2013,89.1,79,0.01,58.781776,71.271736,81.6337
TJSJ,8/1/2013,84,78,1.47,71.782,81.352425,87.1241
TJSJ,8/2/2013,90,78,0.01,61.1253,75.087715,87.6951
TJSJ,8/3/2013,90,81,0.0001,67.4817,74.74127,82.1885
TJSJ,8/4/2013,90,82,0.0001,61.6059,73.06286,81.7687
TJSJ,8/5/2013,90,77,0.13,57.1775,72.341,84.6417
TJSJ,8/6/2013,91,77,0.05,55.7235,71.79843,84.5785
TJSJ,8/7/2013,89,76,0.78,63.1423,77.216705,90.8013
TJSJ,8/8/2013,89,78,0.06,63.1423,74.90624,87.6951
TJSJ,8/9/2013,89,77,0.86,67.4817,79.375374,90.3345
TJSJ,8/10/2013,89,78,0.19,58.3156,76.09503,87.6951
TJSJ,8/11/2013,89,77,0.34,61.3631,73.3088,84.5785
TJSJ,8/12/2013,88,76,0.06,59.135,75.58824,82.1885
TJSJ,8/13/2013,90,78,0,55.3127,73.0387,87.6951
TJSJ,8/14/2013,92,80,0,52.1115,70.33466,81.7687
TJSJ,8/15/2013,90,80,0.01,61.1253,72.714165,82.1885
TJSJ,8/16/2013,87,79,0.26,67.4817,76.298874,84.6417
TJSJ,8/17/2013,90,79,0.04,61.1253,74.540184,84.7566
TJSJ,8/18/2013,89,79,0.46,58.9106,75.87213,87.6951
TJSJ,8/19/2013,89,78,0.12,65.3099,79.215614,87.789
TJSJ,8/20/2013,91,79,0.24,55.4582,79.04368,87.6951
TJSJ,8/21/2013,89,74,0.17,61.3631,77.31523,87.6951
TJSJ,8/22/2013,87,72,1.57,67.4817,77.382675,84.6417
TJSJ,8/23/2013,88,79,0.01,62.5339,80.890114,90.3687
TJSJ,8/24/2013,89,78,0.04,63.3777,74.414604,87.6951
TJSJ,8/25/2013,90,81,0.01,63.2495,71.74481,82.1885
TJSJ,8/26/2013,90,79,0.15,65.3099,77.959114,87.6951
TJSJ,8/27/2013,91,79,0.31,53.9078,73.5741,90.3687
TJSJ,8/28/2013,90,79,0.02,61.6059,73.31021,82.0559
TJSJ,8/29/2013,89,80,0.05,63.3777,75.44008,81.6337
TJSJ,8/30/2013,94,79,0,53.727,73.63745,87.6951
TJSJ,8/31/2013,91,79,0.01,61.1253,74.88993,83.7722
TJSJ,9/1/2013,89,80,0.01,63.3777,75.20382,84.7566
TJSJ,9/2/2013,90,78,0.03,61.1253,73.474045,82.1885
TJSJ,9/3/2013,89,76,0.26,63.1423,76.2647,87.2222
TJSJ,9/4/2013,87,78,0.69,74.3291,82.36795,90.3687
TJSJ,9/5/2013,81,75,0.84,84.5256,89.00696,93.5928
TJSJ,9/6/2013,86,74,0.08,67.6546,81.34045,96.4461
TJSJ,9/7/2013,86,78,0.01,65.0019,77.00013,90.3345
TJSJ,9/8/2013,92,75,0.4,54.1779,71.784424,87.5481
TJSJ,9/9/2013,94,79,0,47.2213,68.07486,84.6417
TJSJ,9/10/2013,90,79,0.03,59.3022,72.048515,79.1989
TJSJ,9/11/2013,88,78,0.09,60.88,73.589745,82.0559
TJSJ,9/12/2013,85,78,0.62,72.1122,78.792366,88.7482
TJSJ,9/13/2013,88,79,0.0001,63.1423,73.69879,84.6417
TJSJ,9/14/2013,87,75,2.88,71.782,80.10268,88.7482
TJSJ,9/15/2013,90,78,0,63.4841,76.6641,90.3345
TJSJ,9/16/2013,91,80,0.01,61.6059,76.340225,84.6417
TJSJ,9/17/2013,90,80,0.0001,63.3777,76.634384,84.6941
TJSJ,9/18/2013,91,79,0.84,63.3777,74.942955,82.1885
TJSJ,9/19/2013,95,79,0.09,49.1197,72.432915,84.6941
TJSJ,9/20/2013,94,78,0.64,52.3867,75.479935,84.6941
TJSJ,9/21/2013,89,79,0.0001,65.5802,76.00536,84.6417
TJSJ,9/22/2013,94,79,0,44.5296,67.64245,84.6417
TJSJ,9/23/2013,92,80,0,61.3631,72.837364,82.3905
TJSJ,9/24/2013,92,80,0.09,47.3554,69.982635,82.1885
TJSJ,9/25/2013,92,79,0,55.5791,69.74022,79.2676
TJSJ,9/26/2013,94,79,0,47.2213,65.758484,81.6337
TJSJ,9/27/2013,94,79,0,50.5097,66.947525,81.6337
TJSJ,9/28/2013,95,79,0,44.5296,65.41667,79.2676
TJSJ,9/29/2013,96,80,0,47.5082,66.32177,79.2676
TJSJ,9/30/2013,92,81,0,59.3022,70.82031,82.3196
TJSJ,10/1/2013,82,80,0,59.5531,70.836426,81.6337
TJSJ,10/2/2013,91.04,78.08,0.08,55.5791,74.17059,87.6951
TJSJ,10/3/2013,89.96,80.06,0.18,61.1253,75.809456,84.6417
TJSJ,10/4/2013,93.02,75.92,0.55,53.727,74.76267,90.8013
TJSJ,10/5/2013,87.08,75.02,0.01,58.9106,77.57163,90.8013
TJSJ,10/6/2013,87.98,77,0.06,61.3631,78.490746,87.789
TJSJ,10/7/2013,89.96,77,,59.1645,76.082924,90.3345
TJSJ,10/8/2013,91.04,78.98,0.05,57.6443,74.70419,87.6951
TJSJ,10/9/2013,93.02,78.08,0.04,45.7897,70.55502,82.0559
TJSJ,10/10/2013,89.96,78.08,0.05,58.7818,75.6385,87.1241
TJSJ,10/11/2013,89.06,75.9,0.12,63.1423,76.76267,90.8013
TJSJ,10/12/2013,89.06,77,0.1,65.5802,77.559395,84.6941
TJSJ,10/13/2013,89.06,77,0.29,57.1775,78.035614,90.2933
TJSJ,10/14/2013,91.94,77,,48.7064,69.728264,87.6003
TJSJ,10/15/2013,93.02,78.98,0.02,45.6309,68.05874,82.0559
TJSJ,10/16/2013,91.94,78.08,,50.2292,68.49919,82.0559
TJSJ,10/17/2013,89.96,77,,56.9164,71.10898,81.922
TJSJ,10/18/2013,86,78.08,,65.2306,73.091896,79.2676
TJSJ,10/19/2013,87.08,78.08,,67.4817,75.808075,87.1241
TJSJ,10/20/2013,89.06,78.08,0.01,65.0834,76.78466,84.5256
TJSJ,10/21/2013,89.06,77,0.07,63.1423,78.69086,84.5785
TJSJ,10/22/2013,91.94,78.08,,42.2111,68.3651,84.5785
TJSJ,10/23/2013,91.94,78.08,,46.9327,67.10586,81.4972
TJSJ,10/24/2013,91.94,78.98,,45.2158,68.704735,79.1989
TJSJ,10/25/2013,89.96,80.06,,51.8344,67.99911,79.2676
TJSJ,10/26/2013,91.4,78.08,,52.1115,69.79528,79.116
TJSJ,10/27/2013,91.94,78.08,,47.3554,70.34984,79.1989
TJSJ,10/28/2013,89.06,78.08,0.08,55.4582,73.038635,87.1241
TJSJ,10/29/2013,86,75.2,1.03,71.782,81.79654,90.2933
TJSJ,10/30/2013,87.08,75.92,0.06,65.2306,77.479706,90.8013
TJSJ,10/31/2013,87.08,75.92,0.44,65.0834,77.77307,90.3345
TJSJ,11/1/2013,84.92,73.94,0.23,65.1269,80.27211,90.8013
TJSJ,11/2/2013,86,73.04,0.01,65.2306,81.55986,93.5415
TJSJ,11/3/2013,87.08,75.92,,64.7712,75.68748,84.9155
TJSJ,11/4/2013,89.06,77,0.02,55.3127,74.02826,87.6003
TJSJ,11/5/2013,89.06,75.92,0.2,60.88,75.03518,84.5785
TJSJ,11/6/2013,86,75.92,0.12,63.013,79.57449,90.8013
TJSJ,11/7/2013,87.08,73.94,0.01,63.013,77.38501,93.5415
TJSJ,11/8/2013,86,75.02,0.02,67.146,78.57059,90.2171
TJSJ,11/9/2013,87.98,75.92,,63.013,75.07997,87.6003
TJSJ,11/10/2013,87.98,77,0.07,60.88,74.35629,84.5256
TJSJ,11/11/2013,89.06,75.92,0.29,61.3631,75.62728,87.6951
TJSJ,11/12/2013,89.06,78.08,0.05,53.455,76.02898,87.1241
TJSJ,11/13/2013,89.96,77,,53.455,69.81546,84.4617
TJSJ,11/14/2013,87.98,77,0.04,59.0494,71.57216,81.922
TJSJ,11/15/2013,86,75.02,1.35,65.2306,82.683846,94.143
TJSJ,11/16/2013,84.02,75.02,0.1,69.3207,80.21188,93.6205
TJSJ,11/17/2013,84.92,77,,52.9345,67.255486,87.6003
TJSJ,11/18/2013,84.92,73.94,0.04,52.9345,66.27435,87.4515
TJSJ,11/19/2013,84.02,73.94,,56.7175,69.49515,84.3436
TJSJ,11/20/2013,86,73.94,0.01,54.8971,70.07743,84.4617
TJSJ,11/21/2013,80.96,73.94,1.21,71.9184,86.46937,97.6305
TJSJ,11/22/2013,82.04,73.04,0.3,64.8973,80.284035,96.4172
TJSJ,11/23/2013,84.02,73.94,,58.5141,73.82622,87.5043
TJSJ,11/24/2013,84.92,71.96,,63.2692,76.20977,87.4073
TJSJ,11/25/2013,84.92,75.02,0.04,63.0313,79.38372,90.2171
TJSJ,11/26/2013,84.92,75.02,0.04,59.135,74.068,87.5481
TJSJ,11/27/2013,84.02,73.04,1.06,54.7739,79.580246,94.1002
TJSJ,11/28/2013,84.02,73.94,0.03,66.9263,78.33826,90.7287
TJSJ,11/29/2013,80.96,75.02,0.18,60.2337,74.689156,90.2171
TJSJ,11/30/2013,78.98,73.04,3.36,66.4809,85.02611,100
TJSJ,12/1/2013,80.06,71.06,0.14,74.0652,89.7043,100
TJSJ,12/2/2013,86,69.98,0.01,56.9815,78.624435,100
TJSJ,12/3/2013,86,75.02,0.68,65.2306,82.18538,94.1853
TJSJ,12/4/2013,80.06,73.04,1.19,79.1989,92.09054,100
TJSJ,12/5/2013,86,69.08,2.31,74.148,89.71825,100
TJSJ,12/6/2013,84.92,73.94,,60.8714,72.97456,87.5481
TJSJ,12/7/2013,84.02,69.8,0.09,58.255,68.04318,88.3433
TJSJ,12/8/2013,84.92,75.2,0.06,52.7537,62.509422,83.3239
TJSJ,12/9/2013,87.08,78.08,0.08,55.0443,67.81618,82.0559
TJSJ,12/10/2013,87.08,75.92,0.34,51.2356,75.06605,97.0415
TJSJ,12/11/2013,84.92,71.6,0.09,65.1269,73.169655,83.093
TJSJ,12/12/2013,87.08,77,,56.9164,69.71769,81.922
TJSJ,12/13/2013,87.08,75.92,,53.0308,66.3327,79.3669
TJSJ,12/14/2013,86,75.92,0.02,64.2645,70.17224,81.922
TJSJ,12/15/2013,84.92,77,0.08,62.1581,71.57599,83.5503
TJSJ,12/16/2013,86,75.92,0.07,69.2256,79.59869,90.3687
TJSJ,12/17/2013,87.08,75.02,0.01,58.9106,70.66969,79.3669
TJSJ,12/18/2013,87.08,75.92,0.29,54.8971,73.044556,87.5481
TJSJ,12/19/2013,84.92,75.92,0.22,67.146,76.4002,90.2933
TJSJ,12/20/2013,84.92,75.92,0.38,60.8714,77.87075,90.2933
TJSJ,12/21/2013,84.92,75.92,0.11,65.1269,75.420746,87.6003
TJSJ,12/22/2013,84.92,75.02,0.19,62.7745,72.35824,87.5043
TJSJ,12/23/2013,84.92,75.2,0.23,62.7745,73.10299,88.5888
TJSJ,12/24/2013,82.04,73.04,0.72,79.0466,90.115005,100
TJSJ,12/25/2013,87.98,71.06,,47.8308,68.77372,86.7675
TJSJ,12/26/2013,87.08,73.04,,65.2306,78.60409,87.6951
TJSJ,12/27/2013,86,77,,67.3637,80.346985,90.2933
TJSJ,12/28/2013,86,77,0.02,67.6546,81.03314,90.2933
TJSJ,12/29/2013,87.1,75.92,0.14,63.2692,81.712555,90.8013
TJSJ,12/30/2013,84.92,75.02,0.01,60.9838,79.84404,90.2171
TJSJ,12/31/2013,86,77,,63.2692,73.615166,87.1241
TJSJ,1/1/2014,84.02,73.94,0.44,65.0019,78.3935,94.143
TJSJ,1/2/2014,84.92,75.92,0.16,67.146,80.56129,87.6951
TJSJ,1/3/2014,86,75.02,0.13,60.9838,80.95884,94.1853
TJSJ,1/4/2014,86,75.92,0.16,63.013,83.07828,93.6205
TJSJ,1/5/2014,87.98,75.02,0.01,46.1899,73.57801,87.6003
TJSJ,1/6/2014,84.92,75.02,0.03,71.782,79.530235,90.8013
TJSJ,1/7/2014,86,77,0.03,58.9106,76.8456,93.6205
TJSJ,1/8/2014,86,75.92,0.1,60.9838,75.83026,90.3345
TJSJ,1/9/2014,84.92,75.92,0.01,59.135,74.3584,87.6003
TJSJ,1/10/2014,84.92,75.02,0.01,62.7745,71.15182,82.0559
TJSJ,1/11/2014,86,73.04,0.09,56.9815,76.14562,93.5415
TJSJ,1/12/2014,87.08,73.94,0.16,49.5066,76.61701,93.5695
TJSJ,1/13/2014,84.92,73.94,0.31,60.7359,80.429726,94.1853
TJSJ,1/14/2014,82.94,71.96,0.02,62.4018,76.35629,90.8013
TJSJ,1/15/2014,84.92,73.9,,43.1824,60.07218,76.3059
TJSJ,1/16/2014,84.92,73.04,0.01,52.9345,72.53299,84.8003
TJSJ,1/17/2014,87.08,71.96,0.03,51.2356,75.3797,87.5043
TJSJ,1/18/2014,91.04,71.96,,44.9219,71.64766,87.4515
TJSJ,1/19/2014,89.06,75.02,,55.0443,75.01756,90.2171
TJSJ,1/20/2014,87.08,75.02,,60.88,76.360985,87.6003
TJSJ,1/21/2014,86,73.94,,49.6623,72.075874,90.2171
TJSJ,1/22/2014,91.04,73.04,,44.9219,70.051636,87.5043
TJSJ,1/23/2014,87.08,75.92,,60.9838,76.87171,87.5481
TJSJ,1/24/2014,84.92,75.02,0.25,56.9815,81.559746,94.14301
TJSJ,1/25/2014,84.92,73,,60.8714,76.00232,88.507805
TJSJ,1/26/2014,86,73.04,,33.5037,71.912506,90.14
TJSJ,1/27/2014,87.08,73.04,,47.8308,73.67391,90.14
TJSJ,1/28/2014,87.08,73.04,0.01,49.6623,71.8563,90.2171
TJSJ,1/29/2014,86,75.02,0.09,49.5066,68.8976,87.5043
TJSJ,1/30/2014,86,73.94,0.38,62.7745,78.22483,87.5043
TJSJ,1/31/2014,84.02,73.94,0.08,65.0019,77.51715,90.7287
TJSJ,2/1/2014,84.02,73.9,0.13,65.0019,84.063736,94.14301
TJSJ,2/2/2014,82.94,71.96,0.29,71.5869,88.34926,97.0174
TJSJ,2/3/2014,84.02,73.04,0.05,69.1109,83.18079,97.0174
TJSJ,2/4/2014,84.02,75.02,0.04,60.7359,77.62867,88.6689
TJSJ,2/5/2014,84.02,73.04,0.49,67.4378,77.75955,94.143
TJSJ,2/6/2014,84.92,73.94,0.43,69.5285,85.42206,93.5928
TJSJ,2/7/2014,82.94,73.04,0.36,69.2256,84.66577,97.0174
TJSJ,2/8/2014,82.04,73.04,0.2,71.3899,88.76428,100
TJSJ,2/9/2014,82.04,71.06,,74.148,87.39235,100
TJSJ,2/10/2014,84.02,71.96,,66.7046,84.137054,100
TJSJ,2/11/2014,84.02,73.04,,67.146,78.6662,90.14
TJSJ,2/12/2014,84.92,73.94,,60.8714,75.760956,87.5043
TJSJ,2/13/2014,87.98,75.02,,46.4831,71.73824,87.5481
TJSJ,2/14/2014,89.96,75.02,,45.3383,72.22132,84.9155
TJSJ,2/15/2014,87.98,75.92,,44.748,67.99474,84.9155
TJSJ,2/16/2014,86,73.94,0.12,49.6623,71.80307,84.9155
TJSJ,2/17/2014,84.92,73.04,0.32,51.1205,75.26482,90.7287
TJSJ,2/18/2014,84.02,75.02,0.13,67.4378,80.47801,93.5928
TJSJ,2/19/2014,87.08,75.02,0.26,46.3228,75.57572,93.5928
TJSJ,2/20/2014,84.92,75.92,0.01,56.509,72.12973,79.116
TJSJ,2/21/2014,84.02,75.02,0.3,60.7359,79.56117,90.2933
TJSJ,2/22/2014,84.92,73.94,0.13,56.509,79.002,87.5481
TJSJ,2/23/2014,84.02,73.04,,54.7739,74.16942,87.4073
TJSJ,2/24/2014,84.02,73.04,0.05,58.5141,76.15768,87.5043
TJSJ,2/25/2014,84.92,73.04,0.05,52.7537,72.29959,90.7287
TJSJ,2/26/2014,84.92,71.06,,54.7739,70.24854,84.9155
TJSJ,2/27/2014,89.06,71.96,,43.2333,70.01658,87.4515
TJSJ,2/28/2014,86,73.94,0.01,51.2489,71.20827,87.4515
TJSJ,3/1/2014,84.92,73.94,,47.8155,72.711136,87.4515
TJSJ,3/2/2014,84.02,71.96,,65.0019,75.355095,90.6553
TJSJ,3/3/2014,82.94,73.94,,58.3966,69.43311,90.7287
TJSJ,3/4/2014,84.02,71.96,0.27,50.8367,74.06973,98.209
TJSJ,3/5/2014,84.92,73.94,,59.135,77.76062,90.7287
TJSJ,3/6/2014,87.08,73.94,,44.5858,66.41177,81.8483
TJSJ,3/7/2014,84.92,71.96,,52.7537,70.00099,84.9155
TJSJ,3/8/2014,86,73,,52.7537,72.795074,90.14
TJSJ,3/9/2014,84.02,71.96,,62.2913,74.682465,84.2241
TJSJ,3/10/2014,84.02,73.94,,60.2464,74.4354,90.7287
TJSJ,3/11/2014,84.02,75.02,0.02,52.7537,71.56678,84.4617
TJSJ,3/12/2014,86,73.94,,49.5066,70.708115,84.8003
TJSJ,3/13/2014,87.98,75.02,,51.2356,69.82843,84.3436
TJSJ,3/14/2014,84.92,73.04,,60.4858,74.39669,87.4515
TJSJ,3/15/2014,86,73.94,,52.7537,72.20131,87.4515
TJSJ,3/16/2014,84.92,73.94,,56.509,73.868385,87.5481
TJSJ,3/17/2014,87.98,73.94,,46.35,70.43487,87.4515
TJSJ,3/18/2014,87.08,73.94,,47.8155,68.470665,81.922
TJSJ,3/19/2014,87.08,73.04,,51.1205,70.9817,87.4515
TJSJ,3/20/2014,87.98,73.04,,41.7143,65.67484,87.4073
TJSJ,3/21/2014,91.94,71.06,,38.1537,65.57276,87.3539
TJSJ,3/22/2014,91.94,71.96,,35.5671,63.38929,87.4073
TJSJ,3/23/2014,91.04,73.04,,32.9712,62.29394,84.3436
TJSJ,3/24/2014,87.08,73.94,,46.3228,67.73948,81.7866
TJSJ,3/25/2014,91.04,73.94,,36.7931,64.401695,87.4515
TJSJ,3/26/2014,87.08,73.94,,56.509,68.02848,78.723
TJSJ,3/27/2014,87.08,75.02,0.15,51.4025,67.294044,78.9629
TJSJ,3/28/2014,84.92,77,,56.2428,68.921165,76.569
TJSJ,3/29/2014,86,70.52,,55.0443,71.41328,95.7878
TJSJ,3/30/2014,89.06,75.02,0.06,47.974,69.097916,90.2171
TJSJ,3/31/2014,89.06,75.02,,49.9468,63.73936,76.569
TJSJ,4/1/2014,89.06,75.92,,49.6625,65.89944,76.4766
TJSJ,4/2/2014,87.08,77,,55.0443,65.82433,78.4789
TJSJ,4/3/2014,87.98,75.92,0.58,58.9106,70.69398,84.9155
TJSJ,4/4/2014,84.92,75.02,0.29,54.8971,73.92653,88.7166
TJSJ,4/5/2014,86,75.92,0.19,54.8971,68.6694,87.5481
TJSJ,4/6/2014,89.96,75.92,,49.7919,64.46672,76.4766
TJSJ,4/7/2014,87.08,75.92,,58.9106,66.68246,73.7806
TJSJ,4/8/2014,89.06,75.92,,53.0308,65.187706,79.116
TJSJ,4/9/2014,86,77,0.1,60.9838,74.47106,81.922
TJSJ,4/10/2014,87.98,75.02,,55.1909,69.80981,84.9155
TJSJ,4/11/2014,87.98,75.92,,51.6825,65.11521,73.7806
TJSJ,4/12/2014,87.08,75.02,,49.6625,62.231117,71.4168
TJSJ,4/13/2014,86,75.92,0.02,56.509,68.75028,79.3669
TJSJ,4/14/2014,87.08,75.02,0.01,51.4025,67.27287,84.3436
TJSJ,4/15/2014,87.98,75.92,,53.181,65.68044,79.0466
TJSJ,4/16/2014,87.08,77,0.01,56.9164,70.45758,81.922
TJSJ,4/17/2014,87.08,75.02,1.03,56.9815,73.48466,94.143
TJSJ,4/18/2014,87.08,75.92,0.14,57.1246,74.11535,97.0415
TJSJ,4/19/2014,87.08,75.02,0.42,58.9106,75.897125,94.143
TJSJ,4/20/2014,87.98,75.92,0.05,55.1909,70.67352,81.8483
TJSJ,4/21/2014,91.94,73.94,0.01,43.8275,66.29172,84.3436
TJSJ,4/22/2014,95,77,,41.203,63.336777,81.922
TJSJ,4/23/2014,91.94,78.98,,45.2158,63.125416,76.3613
TJSJ,4/24/2014,89.96,78.08,,57.1775,69.38446,79.1989
TJSJ,4/25/2014,89.06,77,,59.1645,69.73629,84.4617
TJSJ,4/26/2014,89.96,77,,57.1775,69.12642,78.47891
TJSJ,4/27/2014,89.96,77,0.03,55.1909,66.76149,79.116
TJSJ,4/28/2014,91.94,77,0.01,46.9327,64.415634,76.569
TJSJ,4/29/2014,91.94,78.08,0.01,50.2292,65.22822,76.1914
TJSJ,4/30/2014,89.06,78.08,0.09,56.9164,69.0776,87.6951
TJSJ,5/1/2014,89.06,78.08,0.01,53.6358,67.59162,74.0652
TJSJ,5/2/2014,93.02,78.08,0.02,47.3554,66.5444,79.0466
TJSJ,5/3/2014,89.06,78.08,0.06,53.6358,71.79245,79.1989
TJSJ,5/4/2014,89.96,78.08,0.01,53.9078,66.95857,82.0559
TJSJ,5/5/2014,91.04,75.02,0.42,50.3853,74.74296,100
TJSJ,5/6/2014,89.06,77,0.07,54.8971,70.49802,84.5785
TJSJ,5/7/2014,89.96,75.92,0.15,51.9606,71.86499,84.4617
TJSJ,5/8/2014,84.02,71.06,2.09,67.4378,88.88067,100
TJSJ,5/9/2014,84.92,73.04,0.18,62.02914,75.94816,97.0415
TJSJ,5/10/2014,77,71.06,2.65,78.9629,89.54244,100
TJSJ,5/11/2014,84.02,71.6,0.08,62.7745,81.29043,94.05696
TJSJ,5/12/2014,86,71.96,0.05,69.5285,82.586136,93.6205
TJSJ,5/13/2014,87.8,73.94,0.01,55.1909,79.43852,90.8013
TJSJ,5/14/2014,86,75.02,0.12,62.7745,79.12789,96.4747
TJSJ,5/15/2014,84.02,73.94,0.05,69.3207,79.6034,90.8013
TJSJ,5/16/2014,84.92,75.02,0.13,67.146,79.28806,90.8013
TJSJ,5/17/2014,84.02,75.02,0.04,62.7745,76.93992,90.8013
TJSJ,5/18/2014,87.1,73.94,,62.5339,73.838936,84.8003
TJSJ,5/19/2014,86,75.92,0.61,69.5285,81.88725,93.6709
TJSJ,5/20/2014,87.98,73.94,0.04,58.9106,76.40617,93.5415
TJSJ,5/21/2014,91.94,75.92,0.02,46.9327,73.44316,90.8013
TJSJ,5/22/2014,87.98,77,0.02,57.3855,72.27492,84.5256
TJSJ,5/23/2014,87.98,77,0.01,55.0443,71.52122,81.922
TJSJ,5/24/2014,87.98,77,0.02,55.1909,71.61938,81.4972
TJSJ,5/25/2014,86,77,0.08,65.2306,77.48708,96.4901
TJSJ,5/26/2014,86,77,0.07,67.146,77.0766,87.6003
TJSJ,5/27/2014,87.08,75.92,0.19,65.2306,77.8811,90.4834
TJSJ,5/28/2014,87.08,75.92,0.03,63.013,77.104546,87.6003
TJSJ,5/29/2014,86,77,,67.6546,76.86174,87.6003
TJSJ,5/30/2014,87.08,77,0.06,63.013,75.554436,83.6618
TJSJ,5/31/2014,87.08,77,0.05,63.013,74.583984,84.4617
TJSJ,6/1/2014,91.94,77,0.02,46.9327,72.19537,84.5256
TJSJ,6/2/2014,91.94,77,0.03,50.6661,69.57609,84.5256
TJSJ,6/3/2014,91.94,78.08,0.02,48.7064,68.347916,84.5785
TJSJ,6/4/2014,91.04,77,0.05,48.7064,68.901436,81.922
TJSJ,6/5/2014,89.06,78.08,0.09,63.1423,75.53742,87.2222
TJSJ,6/6/2014,89.06,78.98,0.01,60.88,72.0544,82.0559
TJSJ,6/7/2014,87.98,78.98,0.05,59.1645,73.10856,84.6417
TJSJ,6/8/2014,91.94,78.08,0.03,50.6661,75.184105,87.1241
TJSJ,6/9/2014,91.94,78.08,,50.3853,71.30896,84.6417
TJSJ,6/10/2014,91.04,78.98,0.02,61.1253,72.88146,81.6337
TJSJ,6/11/2014,91.04,78.98,0.03,57.6443,71.79889,82.1885
TJSJ,6/12/2014,89.06,78.08,0.01,59.3022,70.440216,81.4972
TJSJ,6/13/2014,89.96,78.08,0.09,55.4582,73.35725,81.7687
TJSJ,6/14/2014,89.96,78.08,0.02,55.1909,72.226875,84.5785
TJSJ,6/15/2014,91.04,80.06,0.02,61.6059,73.9814,84.6941
TJSJ,6/16/2014,89.96,78.98,,55.5791,72.21072,82.1885
TJSJ,6/17/2014,89.96,80.06,,61.1253,71.79037,79.1989
TJSJ,6/18/2014,87.98,78.08,0.01,61.3631,72.0357,79.1989
TJSJ,6/19/2014,91.04,78.98,0.07,55.7235,71.39867,82.1885
TJSJ,6/20/2014,93.02,80.06,0.02,55.8435,73.71074,83.66177
TJSJ,6/21/2014,93.92,82.04,,59.5531,74.232155,84.7566
TJSJ,6/22/2014,93.02,80.96,0.02,52.2368,71.34658,84.7566
TJSJ,6/23/2014,91.94,80.06,0.08,54.1779,69.45733,81.6337
TJSJ,6/24/2014,93.02,80.06,0.07,53.727,70.697426,81.6337
TJSJ,6/25/2014,91.04,78.98,0.02,55.5791,69.57693,82.1885
TJSJ,6/26/2014,93.02,82,,57.4366,72.55312,84.866806
TJSJ,6/27/2014,91.94,82.04,0.03,59.5531,72.00101,84.7566
TJSJ,6/28/2014,91.94,80.06,0.01,54.1779,68.802246,79.2676
TJSJ,6/29/2014,91.94,80.06,0.01,57.4366,69.84071,79.4987
TJSJ,6/30/2014,91.04,80.96,0.29,59.4165,74.68893,81.7687
TJSJ,7/1/2014,93.02,80.06,,54.1779,68.28997,79.2676
TJSJ,7/2/2014,91.94,80.96,0.01,55.7235,68.31363,79.3496
TJSJ,7/3/2014,91.04,78.98,0.16,51.9606,69.19365,82.1885
TJSJ,7/4/2014,91.04,80.96,,55.5791,67.38058,76.9034
TJSJ,7/5/2014,89.96,80.96,0.18,61.1253,71.73453,82.3905
TJSJ,7/6/2014,91.94,78.8,0.37,55.7235,73.23639,88.7482
TJSJ,7/7/2014,91.94,80.06,,53.727,70.40987,79.4176
TJSJ,7/8/2014,90,80.6,0.01,59.012367,68.874535,79.3496
TJSJ,7/9/2014,91.04,78.98,0.13,59.3022,71.556076,90.3687
TJSJ,7/10/2014,91.94,80.06,0.04,50.2292,69.29124,84.6417
TJSJ,7/11/2014,89.96,77,0.05,63.3777,75.342026,87.6951
TJSJ,7/12/2014,89.96,80.06,0.03,61.1253,73.35489,84.6417
TJSJ,7/13/2014,89.96,80.06,,59.1645,70.79249,81.6337
TJSJ,7/14/2014,89.96,78.98,1.19,59.3022,74.183205,84.7566
TJSJ,7/15/2014,91.94,78.08,0.02,54.1779,73.312836,84.5785
TJSJ,7/16/2014,93.02,80.06,0.02,50.2292,70.60429,82.1885
TJSJ,7/17/2014,89.96,78.98,0.28,63.2495,76.03263,82.1885
TJSJ,7/18/2014,89.96,78.98,,61.3631,72.30901,84.5785
TJSJ,7/19/2014,89.96,78.08,0.1,59.3022,74.20355,87.6951
TJSJ,7/20/2014,91.04,80.6,0.17,62.4672,71.79187,87.8817
TJSJ,7/21/2014,89.06,80.06,0.02,63.013,72.66365,81.7687
TJSJ,7/22/2014,87.98,78.98,0.33,66.35352,76.28776,91.4942
TJSJ,7/23/2014,89.06,80.96,0.02,65.3099,74.227165,82.1885
TJSJ,7/24/2014,89.06,80.96,0.01,65.5802,74.469284,84.7566
TJSJ,7/25/2014,87.98,80.96,0.07,65.0834,76.714676,85.4237
TJSJ,7/26/2014,89.06,80.96,,59.3022,75.12855,84.7566
TJSJ,7/27/2014,89.96,78.98,,63.2495,77.22583,84.7566
TJSJ,7/28/2014,89.06,80.06,0.02,59.3022,73.77019,87.2222
TJSJ,7/29/2014,89.06,78.98,0.24,59.1645,75.73871,100
TJSJ,7/30/2014,89.96,78.08,,59.3022,73.475784,84.5785
TJSJ,7/31/2014,91.04,78.98,0.17,63.1423,76.42438,93.7476
TJSJ,8/1/2014,91.04,78.08,0.02,55.7235,74.86892,90.3687
TJSJ,8/2/2014,82.04,75.02,1.32,46.934,82.21621,100
TJSJ,8/3/2014,89.06,78.08,0.01,35.4033,71.800125,87.1241
TJSJ,8/4/2014,87.08,78.08,0.12,69.846,78.8369,90.4094
TJSJ,8/5/2014,87.98,78.98,0.12,72.597,83.69493,100
TJSJ,8/6/2014,89.96,78.98,0.07,63.2495,78.6823,93.6709
TJSJ,8/7/2014,89.96,78.98,,65.0834,78.26673,90.3687
TJSJ,8/8/2014,87.08,77,0.45,71.9753,82.84829,100
TJSJ,8/9/2014,89.06,77,0.06,57.1775,78.04989,90.4094
TJSJ,8/10/2014,87.08,77,0.04,63.1423,77.43631,100
TJSJ,8/11/2014,87.98,77,0.33,71.9753,88.71716,96.4901
TJSJ,8/12/2014,86,75.92,0.1,79.4987,92.88039,100
TJSJ,8/13/2014,86,75.02,0.02,72.3041,85.939125,100
TJSJ,8/14/2014,89.06,78.08,,65.3099,78.65537,90.3345
TJSJ,8/15/2014,87.98,78.98,,63.2495,75.91294,87.2222
TJSJ,8/16/2014,84.92,78.08,0.44,81.7687,90.04687,100
TJSJ,8/17/2014,89.06,80.06,0.02,70.049,82.177,93.7207
TJSJ,8/18/2014,87.98,80.06,0.01,65.5802,79.53013,90.4094
TJSJ,8/19/2014,89.06,80.06,0.11,72.597,80.124695,90.9823
TJSJ,8/20/2014,87.98,75.2,0.4,72.08,83.14138,94.143
TJSJ,8/21/2014,87.98,78.8,0.11,71.9753,82.277596,96.5182
TJSJ,8/22/2014,80.06,75.92,1.59,84.5785,93.13484,100
TJSJ,8/23/2014,87.08,75.92,3.64,76.6961,91.7037,100
TJSJ,8/24/2014,91.94,75.2,0.15,59.5531,78.99848,100
TJSJ,8/25/2014,91.94,77,0.05,55.7235,71.43017,84.5256
TJSJ,8/26/2014,93.02,80.96,0.02,45.2158,68.644165,85.314
TJSJ,8/27/2014,89.96,80.96,0.03,67.5795,78.66492,87.8397
TJSJ,8/28/2014,89.96,80.96,0.01,61.1253,74.53011,85.314
TJSJ,8/29/2014,87.08,77,0.03,67.4817,80.76756,87.789
TJSJ,8/30/2014,89.96,78.08,0.04,65.5802,80.94121,90.4094
TJSJ,8/31/2014,89.06,78.08,0.02,63.1423,76.71882,87.6951
TJSJ,9/1/2014,89.96,78.08,0.17,65.3099,77.14698,87.789
TJSJ,9/2/2014,89.96,78.08,,71.9753,82.26989,91.052
TJSJ,9/3/2014,89.06,78.98,,67.6964,79.345894,87.6951
TJSJ,9/4/2014,87.98,77,0.07,69.5389,86.239555,97.0782
TJSJ,9/5/2014,89.06,77,0.42,72.08,83.70399,90.4094
TJSJ,9/6/2014,89.06,78.08,0.04,67.5795,80.955765,90.9823
TJSJ,9/7/2014,86,75.02,0.44,71.782,87.34628,100
TJSJ,9/8/2014,89.06,78.08,0.38,65.0834,83.47518,93.6709
TJSJ,9/9/2014,89.06,77,,65.5802,79.86518,93.0885
TJSJ,9/10/2014,89.06,78.98,,65.3099,77.071495,87.6951
TJSJ,9/11/2014,87.98,78.08,0.06,61.3631,78.15073,90.3687
TJSJ,9/12/2014,89.96,80.06,0.01,61.3631,77.82073,90.9823
TJSJ,9/13/2014,89.06,78.98,0.1,69.5389,77.99085,84.6941
TJSJ,9/14/2014,87.98,77,0.19,72.597,82.97883,93.6709
TJSJ,9/15/2014,87.98,78.08,0.09,72.08,82.327415,96.4901
TJSJ,9/16/2014,89.06,78.08,0.04,65.5802,79.10869,90.3345
TJSJ,9/17/2014,89.06,78.08,0.01,65.0834,77.4039,84.7566
TJSJ,9/18/2014,89.06,78.08,0.04,72.597,82.85912,96.5182
TJSJ,9/19/2014,91.94,73.94,1.32,59.4165,81.47806,100
TJSJ,9/20/2014,89.96,75.02,0.37,59.3022,80.44756,100
TJSJ,9/21/2014,89.06,78.98,0.01,67.6964,78.994804,87.6951
TJSJ,9/22/2014,87.98,78.08,0.1,72.597,81.94202,93.0885
TJSJ,9/23/2014,89.96,78.08,0.52,70.049,84.75497,93.0885
TJSJ,9/24/2014,87.98,78.08,0.21,72.08,85.29721,96.5459
TJSJ,9/25/2014,87.08,75.02,0.74,72.08,89.55279,100
TJSJ,9/26/2014,86,75.02,0.03,74.5084,86.55708,93.6709
TJSJ,9/27/2014,87.98,75.92,0.03,72.08,85.5677,97.0415
TJSJ,9/28/2014,91.94,75.92,,57.4366,77.096466,96.4747
TJSJ,9/29/2014,93.02,78.98,0.03,43.9617,69.01089,87.6951
TJSJ,9/30/2014,93.92,75.92,,53.9972,73.81218,87.6951
TJSJ,10/1/2014,91.04,78.08,,63.4841,77.68717,90.4094
TJSJ,10/2/2014,91.04,80.06,,65.3099,78.578835,87.2222
TJSJ,10/3/2014,89.96,80.06,,61.1253,77.33101,87.789
TJSJ,10/4/2014,89.96,78.08,0.01,63.4841,77.6226,90.3345
TJSJ,10/5/2014,89.06,78.08,,63.2495,77.2569,90.3345
TJSJ,10/6/2014,89.96,78.08,,63.2495,73.4142,82.0559
TJSJ,10/7/2014,87.98,80.96,0.01,63.1423,71.02519,81.7687
TJSJ,10/8/2014,89.06,80.06,,63.2495,73.66744,82.1885
TJSJ,10/9/2014,87.98,78.98,,69.5389,76.03246,84.6417
TJSJ,10/10/2014,89.06,78.08,0.18,61.1253,80.86969,93.6709
TJSJ,10/11/2014,95,78.08,0.16,52.3867,78.26957,90.3345
TJSJ,10/12/2014,89.96,78.08,0.01,67.5795,79.35111,93.0885
TJSJ,10/13/2014,89.96,75.92,0.22,61.1253,81.19186,97.0782
TJSJ,10/14/2014,87.98,75.92,0.44,65.0834,83.31542,97.0415
TJSJ,10/15/2014,93.92,77,,52.2368,75.227264,93.6205
TJSJ,10/16/2014,91.04,78.98,0.04,63.3777,77.91723,87.8397
TJSJ,10/17/2014,89.06,78.08,,59.1645,77.71536,90.4094
TJSJ,10/18/2014,89.06,78.98,,59.3022,76.90266,87.6951
TJSJ,10/19/2014,89.06,78.98,,65.3099,77.62134,87.6951
TJSJ,10/20/2014,87.98,78.98,0.12,67.4817,79.04852,87.8397
TJSJ,10/21/2014,89.06,78.08,0.01,62.4672,76.50967,84.5785
TJSJ,10/22/2014,89.06,78.08,,63.2495,73.60972,84.5256
TJSJ,10/23/2014,89.96,77,,63.2495,75.46867,87.6003
TJSJ,10/24/2014,93.02,80.06,,54.1779,72.942474,87.2222
TJSJ,10/25/2014,93.02,78.98,0.03,53.727,74.23574,87.2222
TJSJ,10/26/2014,93.02,78.08,0.01,52.2368,73.08642,87.6951
TJSJ,10/27/2014,89.06,78.08,0.02,67.4817,78.19087,87.6951
TJSJ,10/28/2014,93.02,78.08,0.01,57.6937,76.35446,93.6709
TJSJ,10/29/2014,89.96,80.06,0.07,65.3099,75.67216,88.8267
TJSJ,10/30/2014,87.98,78.8,1.03,72.08,86.46068,100
TJSJ,10/31/2014,89.06,78.98,0.05,67.4817,82.0334,90.4094
TJSJ,11/1/2014,93.02,78.08,,55.8435,76.853485,90.3687
TJSJ,11/2/2014,89.06,78.08,0.18,70.1589,81.47225,96.4901
TJSJ,11/3/2014,86,73.04,1.6,69.846,85.061295,100
TJSJ,11/4/2014,84.02,73.94,0.85,75.4355,91.07431,100
TJSJ,11/5/2014,80.06,73.94,0.06,69.2256,86.67368,96.4747
TJSJ,11/6/2014,91.04,73.04,,59.3022,79.28671,96.4172
TJSJ,11/7/2014,80.06,71.06,3.36,83.5503,95.29433,100
TJSJ,11/8/2014,89.06,75.02,0.01,65.0834,79.32224,93.5695
TJSJ,11/9/2014,89.96,78.98,0.11,61.1253,85.6223,93.7207
TJSJ,11/10/2014,89.06,78.08,,65.3099,80.11225,93.6709
TJSJ,11/11/2014,87.98,77,,67.3637,77.89338,84.6417
TJSJ,11/12/2014,89.06,75.92,,65.5802,78.87102,90.2933
TJSJ,11/13/2014,86,75.02,,67.6546,79.20614,93.6205
TJSJ,11/14/2014,87.08,77,0.01,69.6411,81.23092,90.2933
TJSJ,11/15/2014,89.06,75.02,0.09,63.3777,81.44102,93.6709
TJSJ,11/16/2014,87.98,75.92,0.47,71.9753,81.98366,96.4901
TJSJ,11/17/2014,87.98,75.92,0.06,67.4817,81.26506,93.0885
TJSJ,11/18/2014,87.08,77,0.02,67.4817,77.70518,87.1241
TJSJ,11/19/2014,87.08,75.92,0.28,69.846,84.24441,94.1853
TJSJ,11/20/2014,87.08,75.92,0.07,60.88,77.48132,93.6205
TJSJ,11/21/2014,87.08,75.92,0.28,67.3637,80.00679,93.6205
TJSJ,11/22/2014,84.02,73.4,1.43,82.1885,94.0546,100
TJSJ,11/23/2014,87.08,75.02,0.04,65.0834,79.95064,96.4461
TJSJ,11/24/2014,84.92,75.92,0.35,69.7345,85.66474,93.6205
TJSJ,11/25/2014,84.92,77,0.34,69.5285,84.982025,96.4747
TJSJ,11/26/2014,86,73.94,0.2,71.782,84.05698,96.4461
TJSJ,11/27/2014,84.92,73.94,,60.9838,77.428345,93.5928
TJSJ,11/28/2014,84.92,73.04,0.02,65.1269,79.16424,90.7287
TJSJ,11/29/2014,84.02,75.02,0.67,72.1122,85.69817,100
TJSJ,11/30/2014,84.02,75.92,0.01,74.4271,84.47455,97.0415
TJSJ,12/1/2014,84.92,75.02,0.09,71.5869,80.478836,96.4461
TJSJ,12/2/2014,84.92,75.92,0.15,69.6411,78.48261,93.5928
TJSJ,12/3/2014,84.92,75.02,0.03,71.782,83.38238,93.5928
TJSJ,12/4/2014,84.02,75.92,0.01,72.1122,82.40219,93.5928
TJSJ,12/5/2014,84.92,77,0.01,65.0019,73.44274,87.1241
TJSJ,12/6/2014,84.92,75.92,0.08,64.2645,72.61196,87.6003
TJSJ,12/7/2014,84.02,73.04,,58.5141,73.09243,90.2171
TJSJ,12/8/2014,84.92,71.06,,54.7739,74.95992,87.4073
TJSJ,12/9/2014,84.02,71.06,,62.7745,76.96299,87.4073
TJSJ,12/10/2014,84.92,73.04,0.01,69.6411,80.99319,93.518
TJSJ,12/11/2014,86,73.94,,65.2306,78.645546,90.8013
TJSJ,12/12/2014,86,73.94,0.02,65.2306,79.71409,90.2171
TJSJ,12/13/2014,89.06,73.94,,55.0443,76.20482,90.7287
TJSJ,12/14/2014,89.96,75.02,0.06,55.3127,78.14389,90.2933
TJSJ,12/15/2014,82.04,73,0.41,76.5296,88.30754,100
TJSJ,12/16/2014,78.98,73.04,3.8,82.0559,93.80796,100
TJSJ,12/17/2014,82.94,75.02,0.01,64.2645,75.34449,93.5695
TJSJ,12/18/2014,82.94,75.92,0.12,62.5339,74.58935,84.9155
TJSJ,12/19/2014,84.92,73.04,0.02,54.7739,73.18127,84.8003
TJSJ,12/20/2014,84.92,73.04,0.01,63.2692,76.79854,87.4073
TJSJ,12/21/2014,84.02,73.94,,58.6546,70.84188,84.8003
TJSJ,12/22/2014,84.92,73.04,0.03,69.5285,79.3318,90.8013
TJSJ,12/23/2014,84.92,73.04,,69.4343,81.67876,93.518
TJSJ,12/24/2014,84.92,73.94,0.05,60.8714,72.917786,81.7121
TJSJ,12/25/2014,84.02,75.02,0.14,69.4343,79.998856,100
TJSJ,12/26/2014,84.02,73.04,,69.5285,81.73239,100
TJSJ,12/27/2014,82.94,73.04,0.03,62.5339,75.775246,87.5481
TJSJ,12/28/2014,84.02,73.94,0.19,60.7359,77.13172,90.7287
TJSJ,12/29/2014,87.08,73.04,0.03,54.8971,78.0629,93.5928
TJSJ,12/30/2014,84.92,75.02,0.03,62.7745,79.89535,93.5928
TJSJ,12/31/2014,86,75.02,0.02,61.1182,79.17221,90.2171
TJSJ,1/1/2015,84.92,73.94,0.08,65.1269,80.57716,90.3345
TJSJ,1/2/2015,84.02,75.02,0.01,71.782,81.46402,90.2171
TJSJ,1/3/2015,84.02,75.02,0.05,63.0313,73.69704,87.6951
TJSJ,1/4/2015,84.02,75.02,0.01,62.5339,72.54991,81.922
TJSJ,1/5/2015,82.94,75.02,0.01,69.4343,76.16309,84.4617
TJSJ,1/6/2015,84.02,73.94,0.11,63.0313,80.46621,94.14301
TJSJ,1/7/2015,84.02,71.96,0.06,65.0019,81.37065,93.5415
TJSJ,1/8/2015,82.94,71.96,0.22,65.0019,80.35986,96.4172
TJSJ,1/9/2015,80.96,71.96,0.07,74.0652,84.99858,93.5415
TJSJ,1/10/2015,84.92,71.96,0.38,69.6411,83.84746,96.4461
TJSJ,1/11/2015,82.94,75.02,0.12,67.4378,83.81543,96.4461
TJSJ,1/12/2015,84.02,73.94,0.19,71.9184,84.104546,100
TJSJ,1/13/2015,84.02,73.04,0.02,69.4343,82.96109,100
TJSJ,1/14/2015,86,73.94,,60.9838,81.39563,96.4461
TJSJ,1/15/2015,86,73.04,,63.013,79.34507,93.5415
TJSJ,1/16/2015,87.98,71.96,0.01,56.9164,76.95539,96.993
TJSJ,1/17/2015,84.92,73.04,0.15,69.6411,83.42682,100
TJSJ,1/18/2015,82.04,73.04,0.53,71.9184,85.71378,100
TJSJ,1/19/2015,82.94,73.04,0.04,69.5285,78.656265,93.5415
TJSJ,1/20/2015,82.94,71.96,,64.8973,76.30177,87.4073
TJSJ,1/21/2015,84.02,73.04,,62.7745,79.901695,94.10022
TJSJ,1/22/2015,82.94,73.94,0.17,65.0019,84.08502,100
TJSJ,1/23/2015,82.94,73.04,0.37,74.148,87.544785,100
TJSJ,1/24/2015,84.92,73.94,0.69,62.7745,81.23147,93.5695
TJSJ,1/25/2015,86,71.96,0.04,56.9815,77.458046,93.5415
TJSJ,1/26/2015,87.08,71.96,,53.0308,76.29187,90.7287
TJSJ,1/27/2015,87.98,73.94,,57.3855,75.93645,87.6003
TJSJ,1/28/2015,89.06,73.04,,51.2356,73.86181,93.5415
TJSJ,1/29/2015,84.92,73.94,,56.9815,77.69352,87.5481
TJSJ,1/30/2015,82.94,71.96,0.53,69.4343,83.959465,100
TJSJ,1/31/2015,84.02,73.04,,69.4343,80.56835,90.7287
TJSJ,2/1/2015,82.04,75.92,,60.2464,71.3088,87.5481
TJSJ,2/2/2015,82.94,73.94,,65.0019,74.23625,84.9155
TJSJ,2/3/2015,84.92,73.04,,69.6411,82.097824,90.7287
TJSJ,2/4/2015,84.02,73.94,0.03,74.3291,84.62868,97.0174
TJSJ,2/5/2015,84.92,73.04,,67.146,79.36502,90.7287
TJSJ,2/6/2015,86,71.06,0.22,63.0313,80.5138,93.4896
TJSJ,2/7/2015,82.94,71.06,,60.7359,79.8458,93.4896
TJSJ,2/8/2015,82.94,73.04,0.01,67.4378,80.95174,97.0415
TJSJ,2/9/2015,87.08,73.04,,59.135,75.79809,90.7287
TJSJ,2/10/2015,89.06,77,,46.4831,67.1839,84.4617
TJSJ,2/11/2015,91.04,77,,50.3853,68.36821,87.1241
TJSJ,2/12/2015,82.04,71.96,0.64,69.2256,83.0768,100
TJSJ,2/13/2015,84.02,73.94,0.67,74.247,87.775375,96.4747
TJSJ,2/14/2015,84.02,75.02,0.29,74.3291,87.92677,100
TJSJ,2/15/2015,82.04,75.02,0.04,76.3613,85.45628,93.5928
TJSJ,2/16/2015,80.96,73.04,0.07,69.1109,80.257576,100
TJSJ,2/17/2015,87.08,73.04,0.23,55.1909,82.805885,100
TJSJ,2/18/2015,87.08,73.94,0.12,60.8714,79.558304,97.0415
TJSJ,2/19/2015,87.98,75.02,,53.6358,77.66812,93.5928
TJSJ,2/20/2015,86,73.04,,62.7745,77.065506,90.14
TJSJ,2/21/2015,82.94,73.94,0.55,72.1122,85.7513,100
TJSJ,2/22/2015,82.94,73.94,0.06,71.5869,84.04298,93.5928
TJSJ,2/23/2015,82.94,71.96,,64.8973,78.2258,93.518
TJSJ,2/24/2015,84.92,73.04,0.01,62.7745,77.9218,93.518
TJSJ,2/25/2015,87.08,71.96,,58.9106,74.6472,90.6553
TJSJ,2/26/2015,87.08,73.04,,53.0308,73.49306,93.518
TJSJ,2/27/2015,86,73.04,0.02,54.8971,77.4592,90.7287
TJSJ,2/28/2015,84.02,71.96,0.08,65.1269,83.184105,97.0174
TJSJ,3/1/2015,84.02,73.94,,60.7359,72.7904,84.9155
TJSJ,3/2/2015,82.94,71.06,0.38,58.3966,79.758705,100
TJSJ,3/3/2015,82.94,71.96,0.12,62.4018,77.10504,93.4896
TJSJ,3/4/2015,82.94,71.06,0.17,58.5141,74.42378,90.14
TJSJ,3/5/2015,84.92,73.94,0.01,56.509,71.12676,87.5043
TJSJ,3/6/2015,84.92,73.04,,54.7739,73.75798,87.4515
TJSJ,3/7/2015,84.92,75.02,0.03,49.6623,72.32153,87.5481
TJSJ,3/8/2015,82.94,71.06,0.03,60.4858,78.292114,93.518
TJSJ,3/9/2015,84.02,73.04,0.04,67.4378,81.0325,93.5415
TJSJ,3/10/2015,84.02,73.94,0.02,67.146,76.72622,93.5415
TJSJ,3/11/2015,82.04,73.04,0.16,66.9263,82.69439,100
TJSJ,3/12/2015,82.94,73.94,0.02,62.4018,74.62689,100
TJSJ,3/13/2015,82.04,71.96,0.03,66.7046,79.940346,93.5415
TJSJ,3/14/2015,82.94,73.04,,66.9263,78.33864,93.5415
TJSJ,3/15/2015,84.02,71.06,,63.0313,75.09464,84.2241
TJSJ,3/16/2015,82.94,71.96,0.04,66.9263,81.2785,93.5415
TJSJ,3/17/2015,82.94,71.06,,62.5339,76.431,93.4658
TJSJ,3/18/2015,84.02,73.04,,62.5339,77.731224,87.5481
TJSJ,3/19/2015,84.92,73.94,,62.7745,77.69187,90.7287
TJSJ,3/20/2015,84.02,73.04,,63.0313,75.68384,84.9155
TJSJ,3/21/2015,84.02,75.02,,64.7712,74.70154,84.9155
TJSJ,3/22/2015,84.92,73,,62.7745,77.919235,87.4515
TJSJ,3/23/2015,86,73.04,0.33,58.5141,77.91516,90.14
TJSJ,3/24/2015,84.92,73.04,0.05,69.4343,82.24496,93.518
TJSJ,3/25/2015,84.92,73.04,,64.8973,78.90634,93.518
TJSJ,3/26/2015,84.92,75.02,,59.135,74.80064,84.3436
TJSJ,3/27/2015,87.98,75.02,,49.5066,72.47223,84.9155
TJSJ,3/28/2015,89.06,73.94,,47.8308,72.5598,93.5415
TJSJ,3/29/2015,87.98,73.94,,51.2489,70.567795,84.3436
TJSJ,3/30/2015,87.08,73.04,,58.9106,72.87971,87.4073
TJSJ,3/31/2015,84.02,71.06,,56.7175,70.9897,90.062
TJSJ,4/1/2015,86,71.96,0.01,60.9838,77.21495,87.5481
TJSJ,4/2/2015,86,75.02,,62.7745,76.426605,90.2171
TJSJ,4/3/2015,86,75.92,,52.7537,65.024445,73.8815
TJSJ,4/4/2015,86,71.96,,58.6546,71.78958,81.922
TJSJ,4/5/2015,84.92,73.04,,67.4378,76.81448,87.4515
TJSJ,4/6/2015,86,73.04,0.29,65.2306,80.49617,93.5695
TJSJ,4/7/2015,86,75.02,,60.8714,75.83632,87.6003
TJSJ,4/8/2015,86,73.04,0.07,59.135,75.91342,93.5415
TJSJ,4/9/2015,86,73.94,0.17,60.9838,76.37728,90.8013
TJSJ,4/10/2015,84.92,73.94,0.45,67.146,84.20453,97.0174
TJSJ,4/11/2015,86,73.04,0.01,60.8714,78.54306,93.5415
TJSJ,4/12/2015,86,75.02,0.02,61.1182,76.71882,93.5695
TJSJ,4/13/2015,84.92,75.02,0.09,65.0019,77.5733,87.5481
TJSJ,4/14/2015,84.02,73.94,0.05,65.1269,78.64234,90.7287
TJSJ,4/15/2015,84.02,73.94,0.09,64.8973,75.46288,93.5928
TJSJ,4/16/2015,84.92,73.94,,58.6546,70.68724,78.8081
TJSJ,4/17/2015,82.94,75.92,0.03,71.5869,87.849464,94.2687
TJSJ,4/18/2015,89.96,73.04,,49.9468,76.42405,93.518
TJSJ,4/19/2015,87.98,75.92,,60.88,76.53359,90.8013
TJSJ,4/20/2015,89.06,75.92,,61.3631,76.08065,87.6003
TJSJ,4/21/2015,87.98,75.92,,59.0494,71.85007,81.922
TJSJ,4/22/2015,87.98,73.94,,55.1909,70.11346,81.7866
TJSJ,4/23/2015,87.98,73.94,,55.0443,73.59096,87.5043
TJSJ,4/24/2015,91.04,75.92,,46.9327,73.78407,87.6003
TJSJ,4/25/2015,93.02,78.08,,45.2158,68.07831,84.5256
TJSJ,4/26/2015,93.92,77,,44.1222,67.655785,84.4617
TJSJ,4/27/2015,93.92,78.08,,47.2213,67.49982,84.5785
TJSJ,4/28/2015,93.92,80.06,,44.5296,66.4098,84.6417
TJSJ,4/29/2015,93.02,78.98,,44.1222,65.46239,82.0559
TJSJ,4/30/2015,93.92,78.98,,41.203,63.288548,79.116
TJSJ,5/1/2015,93.02,75.92,,39.6834,62.291454,87.5481
TJSJ,5/2/2015,93.02,75.92,,45.2158,65.168304,81.922
TJSJ,5/3/2015,93.02,75.92,,47.3554,69.77391,84.9155
TJSJ,5/4/2015,91.04,78.08,,55.5791,73.01088,84.6417
TJSJ,5/5/2015,89.06,75.92,,59.3022,73.162674,84.5256
TJSJ,5/6/2015,91.04,77,,51.9606,69.01416,79.116
TJSJ,5/7/2015,93.02,75.92,,43.8275,63.609936,82.0559
TJSJ,5/8/2015,91.94,77,,43.8275,68.88197,84.5256
TJSJ,5/9/2015,91.04,75.92,0.07,44.9219,70.19991,87.6951
TJSJ,5/10/2015,89.96,78.08,0.01,55.3127,74.589386,87.6951
TJSJ,5/11/2015,89.06,78.08,,55.3127,70.159645,79.2676
TJSJ,5/12/2015,87.98,77,0.02,63.1423,76.66341,87.789
TJSJ,5/13/2015,91.04,77,,48.5504,70.74149,84.4617
TJSJ,5/14/2015,87.98,75.92,,63.013,73.49378,87.5481
TJSJ,5/15/2015,87.98,75.92,0.02,60.88,77.12562,93.5928
TJSJ,5/16/2015,87.98,75.92,0.11,61.1182,79.627815,90.8013
TJSJ,5/17/2015,87.08,75.92,0.04,67.3637,80.46074,93.0885
TJSJ,5/18/2015,87.98,75.2,,58.9106,77.98503,94.14301
TJSJ,5/19/2015,87.98,75.92,,58.9106,75.98757,87.6003
TJSJ,5/20/2015,87.98,75.92,0.51,69.5389,87.5499,97.0782
TJSJ,5/21/2015,91.04,75.92,,60.88,79.9596,96.4747
TJSJ,5/22/2015,91.04,78.98,,59.3022,75.337906,90.3687
TJSJ,5/23/2015,89.06,78.08,,63.2495,77.68826,90.3345
TJSJ,5/24/2015,87.98,78.08,,57.3855,74.680954,87.1241
TJSJ,5/25/2015,87.98,77,0.02,63.013,75.827934,84.5785
TJSJ,5/26/2015,86,77,,63.013,75.15547,90.2933
TJSJ,5/27/2015,86,77,0.01,61.1182,73.434204,87.6003
TJSJ,5/28/2015,89.06,77,,53.6358,72.32569,84.4617
TJSJ,5/29/2015,87.08,77,0.51,67.6546,85.63937,100
TJSJ,5/30/2015,87.08,75.92,,69.7345,86.01967,93.7207
TJSJ,5/31/2015,89.96,78.08,0.42,59.3022,85.771996,97.0782
TJSJ,6/1/2015,89.06,78.08,,63.2495,82.46405,96.4901
TJSJ,6/2/2015,87.08,78.08,0.09,74.5084,84.15906,96.5182
TJSJ,6/3/2015,87.98,77,0.07,71.9753,83.08756,96.4747
TJSJ,6/4/2015,89.96,77,,57.1775,75.54212,93.0885
TJSJ,6/5/2015,93.92,78.08,,44.1222,69.688194,87.1241
TJSJ,6/6/2015,91.94,78.08,,53.727,69.48078,87.6951
TJSJ,6/7/2015,93.02,78.98,,54.1779,71.12256,84.6417
TJSJ,6/8/2015,91.94,77,,55.7235,70.68211,79.2676
TJSJ,6/9/2015,89.06,78.98,,59.1645,76.28841,87.6951
TJSJ,6/10/2015,87.98,78.08,0.04,63.1423,76.07113,90.3687
TJSJ,6/11/2015,87.98,75.92,0.14,65.5802,80.14044,93.6205
TJSJ,6/12/2015,89.96,77,0.64,61.3631,80.739204,96.5182
TJSJ,6/13/2015,91.94,78.98,0.02,53.727,76.76474,93.6981
TJSJ,6/14/2015,91.94,78.08,,57.6443,74.77381,90.3345
TJSJ,6/15/2015,89.06,78.08,,65.0834,75.252556,84.6941
TJSJ,6/16/2015,89.06,77,,61.1253,75.504326,87.6951
TJSJ,6/17/2015,86,78.98,0.05,79.6463,91.25623,97.0782
TJSJ,6/18/2015,89.06,78.98,,70.1589,83.11715,96.5182
TJSJ,6/19/2015,91.04,78.98,,59.4165,76.2558,90.3687
TJSJ,6/20/2015,89.06,78.98,,61.3631,75.10877,84.6941
TJSJ,6/21/2015,89.96,78.08,0.06,59.012367,73.88813,84.6941
TJSJ,6/22/2015,89.06,75.2,0.21,67.5795,82.33509,97.0415
TJSJ,6/23/2015,89.96,78.98,,65.0834,77.88452,87.6951
TJSJ,6/24/2015,91.04,78.08,0.04,55.5791,72.872086,93.6709
TJSJ,6/25/2015,89.96,78.98,,55.3127,71.1196,87.6951
TJSJ,6/26/2015,91.04,77,0.2,61.6059,78.47971,96.4747
TJSJ,6/27/2015,91.04,78.08,0.09,52.1115,76.26948,97.0782
TJSJ,6/28/2015,91.04,78.98,0.02,53.727,76.09958,90.4094
TJSJ,6/29/2015,89.96,80.06,,55.5791,74.37937,84.6941
TJSJ,6/30/2015,84.92,77,0.41,74.4271,83.49533,96.4901
TJSJ,7/1/2015,88,77,0.15,62.249004,81.09466,96.4901
TJSJ,7/2/2015,91.04,78.08,,59.3022,75.43361,84.5785
TJSJ,7/3/2015,91.4,80.06,,46.407,75.488495,84.6417
TJSJ,7/4/2015,87.98,80.06,,67.3637,77.03048,87.789
TJSJ,7/5/2015,89.06,80.06,,60.88,75.10198,82.3196
TJSJ,7/6/2015,89.06,78.08,,65.5802,78.10718,87.6951
TJSJ,7/7/2015,89.06,78.08,,61.1253,74.8184,84.5785
TJSJ,7/8/2015,89.06,80.06,,65.5802,76.96731,87.2222
TJSJ,7/9/2015,89.06,78.08,0.02,59.1645,78.31069,93.0885
TJSJ,7/10/2015,87.98,78.08,0.02,67.3637,78.68478,90.3345
TJSJ,7/11/2015,91.04,78.08,,57.6443,73.21001,87.2222
TJSJ,7/12/2015,84.02,75.02,0.59,74.3291,89.49773,100
TJSJ,7/13/2015,89.96,78.08,,53.455,74.897995,93.0885
TJSJ,7/14/2015,87.98,78.08,0.53,74.6054,84.67375,96.5182
TJSJ,7/15/2015,89.96,77,,60.88,78.489876,93.6709
TJSJ,7/16/2015,87.08,78.98,0.06,71.9753,83.44023,90.9823
TJSJ,7/17/2015,89.06,77,,61.3631,77.4468,93.6205
TJSJ,7/18/2015,87.08,78.98,,59.0494,77.33299,84.6417
TJSJ,7/19/2015,87.98,75.92,0.09,59.1645,78.749084,93.6205
TJSJ,7/20/2015,87.98,75.02,0.11,67.146,82.19074,97.0782
TJSJ,7/21/2015,89.06,77,0.02,65.3099,81.71862,100
TJSJ,7/22/2015,93.02,78.08,,52.3867,78.27238,94.22723
TJSJ,7/23/2015,89.96,78.98,,67.6964,80.56744,90.3687
TJSJ,7/24/2015,89.96,78.08,,63.3777,82.01533,93.0885
TJSJ,7/25/2015,89.96,78.08,,55.5791,77.30553,93.0885
TJSJ,7/26/2015,91.04,78.98,,55.4582,74.96893,87.6951
TJSJ,7/27/2015,89.96,78.98,,63.2495,75.26951,84.5785
TJSJ,7/28/2015,89.96,80.06,,61.1253,76.604774,87.789
TJSJ,7/29/2015,89.96,80.06,,61.3631,75.0812,84.6941
TJSJ,7/30/2015,91.04,80.06,,63.4841,76.34585,87.2222
TJSJ,7/31/2015,91.04,78.98,0.02,63.4841,78.18332,90.4094
TJSJ,8/1/2015,89.96,78.08,0.02,61.6059,74.06814,84.5785
TJSJ,8/2/2015,87.98,75.92,0.36,69.5389,79.801636,93.6205
TJSJ,8/3/2015,91.94,78.98,0.04,53.727,77.34874,97.0782
TJSJ,8/4/2015,89.96,78.98,,67.4817,76.5563,90.3687
TJSJ,8/5/2015,89.96,77,0.12,61.1253,78.375534,96.4747
TJSJ,8/6/2015,89.96,78.98,0.04,59.3022,77.118454,90.4094
TJSJ,8/7/2015,89.96,75.92,0.05,63.3777,78.767654,100
TJSJ,8/8/2015,91.94,80.06,0.44,61.1253,80.36276,88.9044
TJSJ,8/9/2015,89.96,78.08,,59.0494,76.03158,87.6951
TJSJ,8/10/2015,91.94,78.08,,57.4366,72.885124,87.6951
TJSJ,8/11/2015,89.96,78.08,0.01,63.3777,76.97683,88.9044
TJSJ,8/12/2015,91.04,80.06,,61.6059,74.22661,84.7566
TJSJ,8/13/2015,89.96,78.08,,61.6059,74.61348,90.3687
TJSJ,8/14/2015,91.04,78.98,,57.4366,73.74958,87.6951
TJSJ,8/15/2015,89.06,80.06,0.01,70.049,79.90319,87.789
TJSJ,8/16/2015,91.04,75.02,1.82,61.1253,86.93922,100
TJSJ,8/17/2015,87.08,73.94,0.57,63.013,85.88351,100
TJSJ,8/18/2015,86,75.02,0.08,71.9753,86.34693,100
TJSJ,8/19/2015,87.08,75.92,,69.7345,84.33576,97.0415
TJSJ,8/20/2015,87.98,77,,72.08,85.028786,100
TJSJ,8/21/2015,87.98,75.92,1.04,74.702,88.87764,100
TJSJ,8/22/2015,89.06,75.02,,65.2306,82.798904,100
TJSJ,8/23/2015,87.08,77,0.02,71.9753,81.237495,90.9823
TJSJ,8/24/2015,87.98,78.08,0.03,69.5389,83.598816,97.0782
TJSJ,8/25/2015,82.04,75.02,0.48,90.4834,98.131256,100
TJSJ,8/26/2015,84.92,77,,82.4493,92.850784,100
TJSJ,8/27/2015,87.98,77,0.25,67.5795,84.347374,100
TJSJ,8/28/2015,89.06,75.92,0.22,59.9939,75.98344,87.6003
TJSJ,8/29/2015,89.06,80.06,,65.0834,73.86574,84.7566
TJSJ,8/30/2015,89.06,78.08,0.29,71.9753,82.163155,90.3687
TJSJ,8/31/2015,89.06,78.98,,67.4817,78.42596,87.6951
TJSJ,9/1/2015,89.96,77,1.65,63.3777,81.113945,93.0885
TJSJ,9/2/2015,91.04,78.08,0.19,60.88,78.06084,90.3345
TJSJ,9/3/2015,89.96,78.98,,63.3777,73.792076,87.6951
TJSJ,9/4/2015,89.06,78.98,,65.3099,75.77855,84.5785
TJSJ,9/5/2015,89.06,78.98,0.13,61.3631,75.23174,84.6417
TJSJ,9/6/2015,91.94,78.98,,52.1115,69.65507,82.1885
TJSJ,9/7/2015,91.04,78.98,0.12,61.6059,73.45708,84.6941
TJSJ,9/8/2015,89.06,78.98,0.01,63.2495,74.07967,84.6417
TJSJ,9/9/2015,89.96,80.06,,51.8344,71.66388,84.6417
TJSJ,9/10/2015,89.96,78.98,0.2,65.3099,76.18663,90.3687
TJSJ,9/11/2015,89.96,80.06,0.15,67.5795,76.34442,87.789
TJSJ,9/12/2015,86,75.92,,63.2692,73.614136,79.3496
TJSJ,9/13/2015,89.96,80.06,0.25,61.3631,74.74583,87.8397
TJSJ,9/14/2015,89.06,78.98,,61.3631,73.45671,84.5785
TJSJ,9/15/2015,89.06,75.2,0.03,67.4817,79.19989,90.3687
TJSJ,9/16/2015,89.96,78.08,0.05,53.181,75.81438,87.2222
TJSJ,9/17/2015,87.98,80.06,,63.013,76.60037,84.7566
TJSJ,9/18/2015,87.98,78.98,,63.1423,72.93255,82.0559
TJSJ,9/19/2015,89.06,78.98,,65.0834,74.71045,84.5785
TJSJ,9/20/2015,89.06,78.98,0.42,63.2495,77.129196,84.5785
TJSJ,9/21/2015,87.98,78.08,,58.7818,75.43773,87.1241
TJSJ,9/22/2015,87.98,78.08,1.06,57.3855,75.832886,90.3687
TJSJ,9/23/2015,87.98,77,0.02,67.4817,78.670235,84.7566
TJSJ,9/24/2015,89.96,78.08,,59.0494,75.14836,90.3345
TJSJ,9/25/2015,95,78.08,,48.9909,69.14041,84.6417
TJSJ,9/26/2015,91.94,80.06,,53.6358,71.21516,84.6941
TJSJ,9/27/2015,93.92,78.98,,45.6309,68.197464,81.6337
TJSJ,9/28/2015,91.04,78.08,,63.013,71.91453,84.6417
TJSJ,9/29/2015,91.94,80.06,,55.5791,69.58244,81.6337
TJSJ,9/30/2015,91.94,78.98,,48.7064,67.57455,81.6337
TJSJ,10/1/2015,95,78.98,,44.1222,64.93644,82.0559
TJSJ,10/2/2015,93.02,82.04,,52.2368,67.74358,79.3496
TJSJ,10/3/2015,93.02,78.98,,50.6661,68.23826,79.4987
TJSJ,10/4/2015,95,82.94,,42.9079,65.135994,79.4987
TJSJ,10/5/2015,95,82.04,,49.2736,69.74246,79.4176
TJSJ,10/6/2015,93.92,80.06,,48.9909,68.62095,82.3196
TJSJ,10/7/2015,91.94,80.6,0.03,61.6059,74.73209,84.6941
TJSJ,10/8/2015,91.04,80.96,,63.3777,74.84329,87.789
TJSJ,10/9/2015,91.94,77,0.04,55.4582,76.92193,87.6951
TJSJ,10/10/2015,93.02,78.98,,55.7235,72.3907,87.2222
TJSJ,10/11/2015,91.94,80.06,,57.1775,71.25431,84.6941
TJSJ,10/12/2015,91.94,80.06,0.05,59.4165,72.96252,87.2222
TJSJ,10/13/2015,91.04,78.98,0.28,44.9219,73.06069,87.6951
TJSJ,10/14/2015,91.04,80.06,0.02,57.4366,73.90157,82.1885
TJSJ,10/15/2015,89.06,78.08,,61.1253,75.24273,84.5785
TJSJ,10/16/2015,89.96,78.08,0.02,61.3631,77.17233,87.789
TJSJ,10/17/2015,89.96,78.08,0.35,65.0834,77.104904,87.6951
TJSJ,10/18/2015,89.06,78.08,0.01,63.3777,77.59595,88.7482
TJSJ,10/19/2015,89.06,78.08,,60.88,74.284195,87.1241
TJSJ,10/20/2015,91.94,78.08,,40.604,69.259514,84.5256
TJSJ,10/21/2015,89.96,78.98,,59.3022,72.05978,84.5785
TJSJ,10/22/2015,93.02,78.98,,47.3554,70.943405,84.6417
TJSJ,10/23/2015,89.06,78.98,0.01,55.3127,75.169685,84.6941
TJSJ,10/24/2015,89.06,73.94,0.04,60.88,77.88691,88.5888
TJSJ,10/25/2015,87.08,73.4,0.24,60.9838,79.24173,88.5888
TJSJ,10/26/2015,82.94,75.02,,71.9184,81.08128,87.5481
TJSJ,10/27/2015,86,77,0.05,67.4378,81.21033,90.2933
TJSJ,10/28/2015,87.98,77,0.5,69.5389,86.04962,93.6981
TJSJ,10/29/2015,89.06,75.92,0.01,61.3631,80.318695,97.0415
TJSJ,10/30/2015,89.06,77,,59.3022,76.66107,87.6003
TJSJ,10/31/2015,89.06,77,0.09,59.3022,77.45778,87.789
TJSJ,11/1/2015,87.08,73.4,1.61,69.7345,84.75712,100
TJSJ,11/2/2015,87.98,73.94,0.25,65.3545,82.49566,97.0174
TJSJ,11/3/2015,84.02,78.08,0.86,74.4271,83.735466,94.2272
TJSJ,11/4/2015,87.08,75.92,0.06,65.0834,78.53095,90.2933
TJSJ,11/5/2015,87.98,77,0.18,65.0834,80.319336,90.3345
TJSJ,11/6/2015,87.08,75.92,0.02,67.3637,78.66846,90.8013
TJSJ,11/7/2015,84.92,75.02,0.5,74.247,86.17098,94.143
TJSJ,11/8/2015,87.98,75.92,0.03,65.0834,80.52204,93.6205
TJSJ,11/9/2015,87.98,77,,60.88,77.47223,90.3345
TJSJ,11/10/2015,87.98,75.2,1.44,63.2495,82.41943,93.6205
TJSJ,11/11/2015,87.08,75.92,,69.846,80.91839,93.5928
TJSJ,11/12/2015,87.08,77,,58.9106,74.65707,87.6003
TJSJ,11/13/2015,87.98,77,0.01,60.88,75.19324,87.1241
TJSJ,11/14/2015,87.08,77,0.02,67.3637,75.42851,84.6417
TJSJ,11/15/2015,87.98,75.92,0.01,60.88,75.080635,87.5481
TJSJ,11/16/2015,87.08,77,0.97,56.9164,79.50088,90.3345
TJSJ,11/17/2015,87.98,75.02,0.22,60.9838,78.37363,90.8013
TJSJ,11/18/2015,87.98,77,0.03,60.88,78.64757,90.2933
TJSJ,11/19/2015,86,75.02,0.14,61.1182,77.41959,90.8013
TJSJ,11/20/2015,84.92,75.92,0.03,47.5235,62.448597,87.5481
TJSJ,11/21/2015,82.94,73.04,0.06,56.2428,72.99118,87.5043
TJSJ,11/22/2015,84.92,73.04,0.03,56.509,74.96347,87.4515
TJSJ,11/23/2015,89.06,75.02,,63.013,76.44752,87.5481
TJSJ,11/24/2015,89.96,75.92,,46.6422,70.397415,87.5481
TJSJ,11/25/2015,87.08,75.02,0.01,57.1246,76.62234,87.5043
TJSJ,11/26/2015,84.92,75.02,0.29,65.2306,81.27526,90.2171
TJSJ,11/27/2015,89.96,75.92,,49.9468,73.52435,87.6003
TJSJ,11/28/2015,84.2,75,0.92,74.24337,85.32796,94.14301
TJSJ,11/29/2015,84.02,71.6,0.31,72.10829,86.17339,100
TJSJ,11/30/2015,86,75.9,0.01,65.26648,78.74401,87.6951
TJSJ,12/1/2015,86,75.92,0.45,69.7345,81.75385,93.6205
TJSJ,12/2/2015,87.98,75.92,0.01,63.1423,80.14567,93.6205
TJSJ,12/3/2015,87.8,77,0.01,55.0443,74.20859,87.1241
TJSJ,12/4/2015,86,75.92,0.02,65.2306,78.59912,90.8013
TJSJ,12/5/2015,86,77,0.02,67.6546,81.11315,87.6003
TJSJ,12/6/2015,84.02,75.02,0.16,60.7359,81.08462,93.5695
TJSJ,12/7/2015,82.94,75.02,1.41,67.4378,85.78566,96.4747
TJSJ,12/8/2015,86,73.94,0.01,63.013,79.38457,90.2171
TJSJ,12/9/2015,87.98,75.02,,47.8308,73.54307,87.5043
TJSJ,12/10/2015,87.98,73.94,,49.6625,70.59573,87.5043
TJSJ,12/11/2015,87.08,73.94,,57.1246,75.0242,87.5481
TJSJ,12/12/2015,87.08,73.94,,53.2115,73.602234,87.5481
TJSJ,12/13/2015,86,73.94,,59.135,72.60487,81.8483
TJSJ,12/14/2015,86,75.92,,58.9106,74.46065,84.5256
TJSJ,12/15/2015,84.92,75.02,,54.8971,70.46039,84.3436
TJSJ,12/16/2015,87.08,75.02,,47.8308,69.71845,84.3436
TJSJ,12/17/2015,86,73.94,0.05,60.8714,76.06901,87.6003
TJSJ,12/18/2015,86,73.94,,56.9815,74.771225,87.5043
TJSJ,12/19/2015,84.92,73.94,0.05,65.1269,77.39353,87.6003
TJSJ,12/20/2015,82.94,73.94,0.13,66.9263,84.27496,93.5415
TJSJ,12/21/2015,86,75.02,0.07,55.0443,76.00171,90.8013
TJSJ,12/22/2015,84.02,75.02,0.07,65.0019,75.14888,87.5481
TJSJ,12/23/2015,84.92,75.92,0.02,58.6546,75.00053,84.9155
TJSJ,12/24/2015,84.92,75.92,0.11,60.9838,76.84779,90.8013
TJSJ,12/25/2015,84.02,75.92,0.18,62.7745,78.975975,90.8013
TJSJ,12/26/2015,84.02,73.94,0.12,66.9263,79.92275,93.5695
TJSJ,12/27/2015,84.02,73.04,0.07,60.7359,76.09205,90.7287
TJSJ,12/28/2015,82.94,73.04,0.16,71.9184,81.82313,90.2933
TJSJ,12/29/2015,84.02,73.94,0.01,65.0019,78.457825,90.7287
TJSJ,12/30/2015,82.94,73.94,0.23,71.9184,79.73174,87.6951
TJSJ,12/31/2015,84.02,71.96,0.06,63.0313,78.70043,90.8013
TJSJ,1/1/2016,82.94,73.04,0.02,62.5339,78.23,90.14
TJSJ,1/2/2016,82.94,71.06,,58.3966,75.54562,90.062
TJSJ,1/3/2016,84.92,71.06,,58.6546,77.51087,90.6553
TJSJ,1/4/2016,87.08,71.96,0.04,47.974,72.993,90.7287
TJSJ,1/5/2016,84.02,71.96,,62.5339,76.96587,90.6553
TJSJ,1/6/2016,84.02,73.94,0.3,69.4343,80.58516,87.4515
TJSJ,1/7/2016,87.08,71.96,,49.6625,74.35513,90.14
TJSJ,1/8/2016,84.92,73.9,,60.8714,76.52114,88.588776
TJSJ,1/9/2016,82.94,73.04,,71.5869,78.42044,87.4515
TJSJ,1/10/2016,84.02,75.02,,69.4343,78.23659,87.5043
TJSJ,1/11/2016,82.94,75.02,0.11,66.7046,78.236115,93.5695
TJSJ,1/12/2016,82.94,71.96,,63.0313,75.98153,87.4073
TJSJ,1/13/2016,82.94,73.04,,52.4748,69.71472,84.2241
TJSJ,1/14/2016,82.94,73.04,,56.2428,69.63013,81.1432
TJSJ,1/15/2016,84.92,71.06,,49.2195,67.25389,84.2241
TJSJ,1/16/2016,82.94,73.94,,62.5339,74.83767,87.4515
TJSJ,1/17/2016,84.92,73.04,,54.7739,73.94728,84.8003
TJSJ,1/18/2016,84.92,73.94,,58.6546,74.56642,87.4515
TJSJ,1/19/2016,84.02,73.94,0.19,64.8973,79.56335,90.2171
TJSJ,1/20/2016,84.02,73.04,,60.8714,77.9096,90.7287
TJSJ,1/21/2016,84.92,71.96,0.01,60.9838,75.67887,87.3539
TJSJ,1/22/2016,84.92,71.96,0.03,53.2115,73.280045,90.7287
TJSJ,1/23/2016,86,73.04,,54.8971,68.44318,79.3669
TJSJ,1/24/2016,87.08,73.94,,53.0308,72.07301,84.8003
TJSJ,1/25/2016,82.04,73.94,0.18,69.3207,83.21505,90.2171
TJSJ,1/26/2016,82.94,71.96,0.26,66.9263,77.34793,87.5481
TJSJ,1/27/2016,84.92,73.04,,53.2115,70.35085,87.5043
TJSJ,1/28/2016,86,73.04,0.05,51.4025,71.50846,84.9155
TJSJ,1/29/2016,87.98,71.96,,41.7143,68.52566,87.4073
TJSJ,1/30/2016,82.94,73.04,0.34,66.9263,75.48831,84.8003
TJSJ,1/31/2016,84.02,73.04,0.04,58.6546,74.58743,90.7287
TJSJ,2/1/2016,86,73.04,,51.2489,69.99817,84.2241
TJSJ,2/2/2016,84.02,68.36,,58.5141,77.830505,93.437
TJSJ,2/3/2016,82.94,69.44,0.15,64.8973,79.03954,96.3745
TJSJ,2/4/2016,82.94,73.94,0.02,47.3902,64.42308,84.8003
TJSJ,2/5/2016,82.94,71.96,0.61,60.2464,78.65083,90.7287
TJSJ,2/6/2016,87.08,69.98,0.01,51.4025,74.13724,90.7287
TJSJ,2/7/2016,84.92,69.98,0.41,54.7739,78.778435,100
TJSJ,2/8/2016,87.08,73.04,,51.2356,74.55117,93.5415
TJSJ,2/9/2016,86,73.94,,59.135,75.80079,84.9155
TJSJ,2/10/2016,87.08,73.94,,55.0443,73.29535,84.9155
TJSJ,2/11/2016,84.92,73.04,0.01,56.509,74.47096,87.4073
TJSJ,2/12/2016,83.12,71.96,0.14,60.7359,76.88899,87.5043
TJSJ,2/13/2016,84.92,73.04,,47.683,69.73771,84.3436
TJSJ,2/14/2016,82.94,71.96,0.68,64.7712,79.186,97.0174
TJSJ,2/15/2016,84.02,71.06,0.92,56.7175,83.1586,100
TJSJ,2/16/2016,86,73.94,0.03,56.9815,74.7957,87.4515
TJSJ,2/17/2016,84.92,73.94,0.09,69.5285,78.442444,87.6003
TJSJ,2/18/2016,87.08,75.02,,58.9106,75.11169,87.5043
TJSJ,2/19/2016,84.02,73.94,0.14,67.146,76.70884,82.0559
TJSJ,2/20/2016,82.94,72.68,0.07,56.2428,69.92769,87.4515
TJSJ,2/21/2016,84.92,75.74,0.13,59.8228,67.97071,79.8714
TJSJ,2/22/2016,87.08,75.02,,49.6625,73.36238,89.6761
TJSJ,2/23/2016,87.08,73.94,,53.0308,71.18968,84.8003
TJSJ,2/24/2016,86,75.02,,58.9106,73.70348,84.4617
TJSJ,2/25/2016,86,73.04,,58.5141,73.82433,87.4515
TJSJ,2/26/2016,86,75.02,,54.7739,70.60468,81.7866
TJSJ,2/27/2016,84.92,71.06,,58.6546,73.11944,90.062
TJSJ,2/28/2016,82.04,73.04,0.3,64.7712,77.15915,84.9155
TJSJ,2/29/2016,84.02,73.04,,60.7359,77.07383,90.7287
TJSJ,3/1/2016,84.92,73.94,,54.6256,72.953835,84.8003
TJSJ,3/2/2016,84.02,75.02,,58.6546,74.65206,84.3436
TJSJ,3/3/2016,84.02,75.02,,63.0313,74.460144,84.9155
TJSJ,3/4/2016,86,73.04,,60.9838,74.61299,90.8013
TJSJ,3/5/2016,86,75.92,,59.135,76.34056,87.5481
TJSJ,3/6/2016,84.02,75.02,0.04,63.0313,76.89153,87.5481
TJSJ,3/7/2016,82.04,73.94,0.17,71.7228,80.45829,93.5695
TJSJ,3/8/2016,80.06,71.96,0.03,57.7305,71.620674,90.7287
TJSJ,3/9/2016,82.94,75.02,,43.2615,56.116245,62.1713
TJSJ,3/10/2016,82.94,73.04,0.08,49.9469,59.811234,78.6517
TJSJ,3/11/2016,82.94,73.94,0.11,56.2428,65.52109,84.8003
TJSJ,3/12/2016,82.94,73.04,0.15,62.4018,78.015274,94.1002
TJSJ,3/13/2016,80.06,71.96,0.73,79.116,93.73757,100
TJSJ,3/14/2016,80.96,71.06,0.05,79.1989,91.745285,100
TJSJ,3/15/2016,84.02,73.94,,63.0313,80.77328,96.4461
TJSJ,3/16/2016,84.92,73.94,,60.8714,80.848045,97.0174
TJSJ,3/17/2016,82.94,73.94,,60.2464,76.02154,90.7287
TJSJ,3/18/2016,84.02,71.96,,58.5141,71.207405,87.3539
TJSJ,3/19/2016,87.08,71.96,,47.974,69.64039,84.8003
TJSJ,3/20/2016,89.06,71.96,,51.2356,70.73634,84.2241
TJSJ,3/21/2016,89.96,73.94,,40.604,68.46921,87.5043
TJSJ,3/22/2016,87.98,75.02,0.01,53.0308,72.47112,87.5043
TJSJ,3/23/2016,82.4,75.2,,69.8975,82.43646,94.143
TJSJ,3/24/2016,84.2,75.2,0.18,54.7986,77.658356,94.143
TJSJ,3/25/2016,86,71.96,0.01,58.9106,77.2148,93.4896
TJSJ,3/26/2016,84.2,75.02,,62.0291,78.03949,93.5695
TJSJ,3/27/2016,84.2,73.04,0.08,58.3156,79.66111,96.4172
TJSJ,3/28/2016,86,73.04,0.06,54.6256,73.11754,90.7287
TJSJ,3/29/2016,84.02,73.04,0.02,56.7175,78.13889,87.4515
TJSJ,3/30/2016,82.04,73.04,0.08,66.7046,83.334724,93.5928
TJSJ,3/31/2016,84.02,75.02,,60.7359,75.88552,87.5043
TJSJ,4/1/2016,84.02,71.96,0.1,58.6546,82.92141,100
TJSJ,4/2/2016,87.08,73.94,,63.013,80.310356,96.4461
TJSJ,4/3/2016,87.08,75,,61.1182,77.43505,90.8013
TJSJ,4/4/2016,87.08,75.02,,53.0308,75.6473,90.2171
TJSJ,4/5/2016,87.98,73.94,,55.1909,72.53786,90.7287
TJSJ,4/6/2016,86,73.94,,54.8971,73.46319,93.5415
TJSJ,4/7/2016,87.98,75.02,0.49,46.35,81.0392,100
TJSJ,4/8/2016,87.98,73.94,,58.9106,77.215324,93.5415
TJSJ,4/9/2016,87.08,73.94,,63.013,75.472,87.5043
TJSJ,4/10/2016,86,75.02,,59.135,76.16051,90.2933
TJSJ,4/11/2016,84.92,75.02,0.14,69.7345,85.124695,93.5928
TJSJ,4/12/2016,84.92,75.02,0.31,65.74351,80.29354,93.5928
TJSJ,4/13/2016,84.02,73.04,,67.4378,80.427055,100
TJSJ,4/14/2016,84.02,75.92,,60.8714,70.08823,81.4972
TJSJ,4/15/2016,84.92,75.92,,58.5141,68.17651,81.922
TJSJ,4/16/2016,84.92,75.02,,56.7175,67.312004,76.569
TJSJ,4/17/2016,87.08,75.92,,59.0494,72.892006,84.9155
TJSJ,4/18/2016,84.92,73.94,0.59,69.5285,81.32025,94.143
TJSJ,4/19/2016,82.04,73.94,0.08,66.5828,79.27379,94.143
TJSJ,4/20/2016,82.04,75.2,,58.255,66.04575,75.0177
TJSJ,4/21/2016,84.92,75.2,,56.9815,65.27438,77.3998
TJSJ,4/22/2016,82.04,75.92,0.82,67.2191,82.57693,100
TJSJ,4/23/2016,84.02,75.02,5.84,74.4271,91.33871,100
TJSJ,4/24/2016,91.94,75.92,,50.2292,79.55432,100
TJSJ,4/25/2016,84.92,75.02,0.49,71.782,85.83866,100
TJSJ,4/26/2016,82.94,75.92,0.37,76.5296,88.00977,97.0415
TJSJ,4/27/2016,88,75.02,0.12,63.1423,83.671135,96.4747
TJSJ,4/28/2016,91.04,77,,57.1775,79.82399,100
TJSJ,4/29/2016,84.02,75.92,0.11,71.3899,83.11139,93.0885
TJSJ,4/30/2016,82.4,75.92,,67.2191,82.269,93.6205
TJSJ,5/1/2016,82.94,73.04,0.04,73.5941,84.71768,96.4172
TJSJ,5/2/2016,84.2,71.96,0.95,67.4378,88.2608,100
TJSJ,5/3/2016,86,73.04,0.14,67.4378,83.88829,97.0174
TJSJ,5/4/2016,87.8,75.2,0.19,59.0494,79.23396,90.8013
TJSJ,5/5/2016,89.6,75.2,,55.3127,76.44508,90.3687
TJSJ,5/6/2016,91.94,77,,55.5791,72.58404,93.6205
TJSJ,5/7/2016,91.4,77,,57.1775,65.64552,79.4176
TJSJ,5/8/2016,82.4,73.399994,0.01,71.3899,78.42208,88.6689
TJSJ,5/9/2016,89.06,78.08,0.01,65.0834,82.11002,93.6709
TJSJ,5/10/2016,86,75.2,0.04,65.1269,81.738594,97.0415
TJSJ,5/11/2016,86,75.02,0.08,65.2306,80.50423,93.6205
TJSJ,5/12/2016,87.8,77,,57.1246,75.20482,87.1241
TJSJ,5/13/2016,86,75.2,0.83,71.782,86.59472,100
TJSJ,5/14/2016,89.6,75.2,,55.3127,80.08042,97.0415
TJSJ,5/15/2016,87.98,77,0.06,53.6358,78.10301,96.4901
TJSJ,5/16/2016,87.8,75.2,0.26,69.7345,80.623604,96.4901
TJSJ,5/17/2016,87.8,77,0.1,69.5389,83.41344,96.4747
TJSJ,5/18/2016,87.98,77,0.04,63.2495,79.23906,94.18534
TJSJ,5/19/2016,86,77,0.18,72.1122,82.06408,87.6951
TJSJ,5/20/2016,89.6,78.08,0.01,55.4582,75.32582,87.1241
TJSJ,5/21/2016,87.98,78.08,0.3,67.3637,80.503815,93.6709
TJSJ,5/22/2016,91.94,77,0.01,50.2292,72.649475,90.2933
TJSJ,5/23/2016,91.94,78.08,,52.1115,71.60325,87.6951
TJSJ,5/24/2016,89.96,80.06,0.01,53.455,76.712425,90.4094
TJSJ,5/25/2016,87.98,77,0.02,58.9106,76.53129,90.3687
TJSJ,5/26/2016,86,77,0.02,62.7745,75.05012,84.6417
TJSJ,5/27/2016,87.98,77,0.02,56.9164,75.94461,93.0885
TJSJ,5/28/2016,87.8,77,0.17,71.9753,83.646835,93.6709
TJSJ,5/29/2016,84.92,75.02,0.93,76.5296,87.39942,100
TJSJ,5/30/2016,84.2,75.02,1.9,79.4987,93.78753,100
TJSJ,5/31/2016,87.98,75.2,0.94,67.5795,92.7112,100
TJSJ,6/1/2016,87.8,77,0.15,82.4493,90.55377,96.5182
TJSJ,6/2/2016,87.8,78.08,0.29,74.702,94.34147,100
TJSJ,6/3/2016,89.6,77,,65.3099,86.892334,100
TJSJ,6/4/2016,87.8,77,0.78,72.3041,87.27505,100
TJSJ,6/5/2016,91.4,78.08,,55.5791,76.940834,90.4094
TJSJ,6/6/2016,89.06,78.8,,65.5802,81.32024,96.5182
TJSJ,6/7/2016,89.96,78.08,,59.3022,81.46068,96.4901
TJSJ,6/8/2016,91.4,75.2,0.15,55.7235,80.07337,97.0415
TJSJ,6/9/2016,91.94,78.8,,55.7235,80.54657,93.6709
TJSJ,6/10/2016,89.96,78.8,,61.1253,79.75883,93.6709
TJSJ,6/11/2016,87.98,78.08,,65.0834,77.61424,90.3345
TJSJ,6/12/2016,93.02,77,,47.3554,74.31882,90.2933
TJSJ,6/13/2016,93.2,78.08,,54.1779,72.19363,93.0885
TJSJ,6/14/2016,93.2,78.8,,45.6309,70.13586,90.3687
TJSJ,6/15/2016,91.94,78.98,,50.2292,75.66167,87.789
TJSJ,6/16/2016,89.6,78.8,,63.1423,77.14933,90.4094
TJSJ,6/17/2016,90,78.8,0.03,59.1645,76.552864,90.3687
TJSJ,6/18/2016,89.96,78.8,0.04,61.3631,78.04444,85.314
TJSJ,6/19/2016,91.04,78.8,0.2,55.5791,79.61701,97.0782
TJSJ,6/20/2016,84.92,77,0.21,79.4987,89.39086,100
TJSJ,6/21/2016,89.6,75.2,0.35,63.2495,83.26633,93.6709
TJSJ,6/22/2016,89.96,73.399994,0.24,53.455,80.71909,100
TJSJ,6/23/2016,87.98,75.2,0.1,69.5389,81.89454,97.0415
TJSJ,6/24/2016,89.96,78.8,0.01,59.4165,78.129135,87.8397
TJSJ,6/25/2016,87.98,78.8,,69.846,83.03013,90.4094
TJSJ,6/26/2016,87.98,78.8,0.06,69.5389,80.21931,90.3687
TJSJ,6/27/2016,87.98,78.08,,60.88,74.08536,84.5785
TJSJ,6/28/2016,89.96,78.8,,60.88,74.67058,84.5785
TJSJ,6/29/2016,89.96,78.08,0.01,55.4582,76.33809,90.4094
TJSJ,6/30/2016,89.96,78.8,,53.455,73.68698,84.6417
TJSJ,7/1/2016,87.8,78.8,0.22,76.9034,86.08753,100
TJSJ,7/2/2016,82.4,75.2,0.68,81.7687,95.64138,100
TJSJ,7/3/2016,87.98,77,,67.3637,82.017876,93.6709
TJSJ,7/4/2016,87.8,78.08,0.25,72.08,86.23977,100
TJSJ,7/5/2016,89.96,78.08,0.14,67.6964,91.10072,100
TJSJ,7/6/2016,89.6,80.06,,70.1589,87.2111,100
TJSJ,7/7/2016,89.6,80.06,,65.5802,82.12831,96.5182
TJSJ,7/8/2016,87.98,78.08,,57.3855,75.95278,87.6951
TJSJ,7/9/2016,87.08,77,0.55,74.702,92.55657,100
TJSJ,7/10/2016,87.98,78.08,0.02,74.782,86.62428,97.0782
TJSJ,7/11/2016,87.98,80.06,,74.782,85.083534,96.5182
TJSJ,7/12/2016,87.98,80.06,,60.88,77.20262,90.4834
TJSJ,7/13/2016,87.1,78.08,0.1,70.26737,83.32842,90.3345
TJSJ,7/14/2016,87.98,77,0.07,63.013,83.990555,97.0782
TJSJ,7/15/2016,87.98,77,0.05,72.08,82.06759,93.6709
TJSJ,7/16/2016,89.06,78.98,0.02,67.6964,85.67657,96.5182
TJSJ,7/17/2016,87.98,75.92,0.13,70.049,83.070854,96.5182
TJSJ,7/18/2016,87.98,77,0.12,67.4817,84.271126,100
TJSJ,7/19/2016,91.04,78.08,0.02,59.4165,79.90072,93.6709
TJSJ,7/20/2016,91.04,78.8,0.3,59.4165,83.743065,100
TJSJ,7/21/2016,89.06,78.98,0.01,67.5795,86.473175,100
TJSJ,7/22/2016,87.98,78.98,,67.5795,78.366295,90.4094
TJSJ,7/23/2016,89.06,78.98,,63.2495,76.67274,90.4094
TJSJ,7/24/2016,89.06,78.08,0.09,60.88,79.056404,93.0885
TJSJ,7/25/2016,89.96,77,,65.3099,77.32612,93.6981
TJSJ,7/26/2016,89.06,77,0.57,70.049,86.233986,100
TJSJ,7/27/2016,89.96,80.06,,70.1589,82.744415,93.7207
TJSJ,7/28/2016,89.06,78.08,0.01,67.5795,79.93129,90.9823
TJSJ,7/29/2016,91.04,78.08,0.15,57.1775,79.387535,93.0885
TJSJ,7/30/2016,89.06,78.98,0.09,63.3777,79.87385,93.7207
TJSJ,7/31/2016,86,77,1.43,76.3613,92.4917,100
TJSJ,8/1/2016,87.98,77,0.12,74.702,86.817986,100
TJSJ,8/2/2016,87.98,78.98,0.01,67.3637,78.93587,90.3687
TJSJ,8/3/2016,89.96,78.08,,62.6837,78.69315,90.4094
TJSJ,8/4/2016,89.06,78.98,,67.5795,79.802345,90.9823
TJSJ,8/5/2016,84.92,75.74,1.25,81.4972,93.022896,100
TJSJ,8/6/2016,87.08,77,1.12,79.6463,90.65606,98.8178
TJSJ,8/7/2016,91.94,78.08,,57.49431,80.51397,93.6981
TJSJ,8/8/2016,89.96,80.06,,70.1589,82.716156,93.6981
TJSJ,8/9/2016,89.06,80.96,,67.4817,78.57607,90.9823
TJSJ,8/10/2016,87.98,77,0.21,69.846,82.88839,93.6205
TJSJ,8/11/2016,89.06,77,0.01,67.4817,81.017334,93.0885
TJSJ,8/12/2016,87.98,78.08,0.16,65.0834,80.01035,90.3687
TJSJ,8/13/2016,86,78.08,0.19,77.3192,90.44928,97.0782
TJSJ,8/14/2016,87.98,75.92,0.15,72.08,83.06172,93.6205
TJSJ,8/15/2016,89.06,78.08,,67.5795,79.87447,93.0885
TJSJ,8/16/2016,89.06,75.92,0.01,67.5795,77.078835,87.6951
TJSJ,8/17/2016,88,78.98,0.01,66.35352,80.69714,90.9823
TJSJ,8/18/2016,91.94,80.06,0.02,59.5531,81.045074,96.5182
TJSJ,8/19/2016,89.96,80.06,,65.0834,77.86832,87.789
TJSJ,8/20/2016,89.06,78.98,,71.9753,79.30429,87.2222
TJSJ,8/21/2016,89.06,80.96,,67.5795,77.66606,84.7566
TJSJ,8/22/2016,87.98,78.98,0.07,67.4817,81.681625,93.6981
TJSJ,8/23/2016,89.06,77,0.31,61.3631,78.04167,93.6981
TJSJ,8/24/2016,84.92,77,1.55,74.2799,89.12089,100
TJSJ,8/25/2016,91.04,78.98,,62.683746,76.8933,94.26866
TJSJ,8/26/2016,88,78.8,0.02,66.35352,82.53316,94.26866
TJSJ,8/27/2016,89.06,78.8,,62.467205,78.65189,90.3687
TJSJ,8/28/2016,87.98,78.08,,69.5389,79.4577,90.3687
TJSJ,8/29/2016,93.92,78.98,,48.9909,70.92023,90.3687
TJSJ,8/30/2016,91.04,80.06,,68.1975,79.45559,90.4094
TJSJ,8/31/2016,89.96,80.06,,65.3099,78.41943,90.4094
TJSJ,9/1/2016,89.06,78.08,0.25,65.3099,79.590065,93.6981
TJSJ,9/2/2016,89.96,78.08,0.19,70.1589,85.63731,97.0782
TJSJ,9/3/2016,89.06,80.96,,72.08,79.18894,87.789
TJSJ,9/4/2016,89.06,82.94,0.09,67.5795,78.765,85.4237
TJSJ,9/5/2016,87.98,75.02,0.4,69.5389,81.99407,100
TJSJ,9/6/2016,89.96,78.08,0.05,67.5795,80.312,93.0885
TJSJ,9/7/2016,87.98,77,0.04,67.4817,77.51846,93.6205
TJSJ,9/8/2016,89.06,78.08,0.01,59.3022,78.46857,93.0885
TJSJ,9/9/2016,89.06,77,0.19,65.3099,80.064964,87.8397
TJSJ,9/10/2016,89.96,78.98,0.16,63.1423,80.95465,90.9823
TJSJ,9/11/2016,87.98,75.92,0.94,67.4817,84.21458,100
TJSJ,9/12/2016,87.08,75.02,0.38,71.9753,84.51037,100
TJSJ,9/13/2016,87.98,78.08,0.01,70.049,80.98395,90.3687
TJSJ,9/14/2016,89.06,78.08,0.13,63.013,76.85046,93.0885
TJSJ,9/15/2016,89.06,78.98,,61.1253,75.10461,84.6417
TJSJ,9/16/2016,87.98,78.08,0.12,65.0834,78.1204,90.3687
TJSJ,9/17/2016,89.06,78.08,,61.3631,75.09788,88.7482
TJSJ,9/18/2016,91.04,77,0.07,53.455,78.95659,93.0885
TJSJ,9/19/2016,87.98,78.98,0.01,70.049,80.269035,90.3687
TJSJ,9/20/2016,89.06,78.08,0.2,67.4817,82.0296,90.3687
TJSJ,9/21/2016,87.98,77,0.11,69.5389,83.82988,96.4747
TJSJ,9/22/2016,87.98,77,0.64,74.6054,87.27876,100
TJSJ,9/23/2016,93.92,77,,52.3867,76.79007,96.4901
TJSJ,9/24/2016,89.96,78.08,0.47,69.5389,81.427086,93.6709
TJSJ,9/25/2016,89.06,78.98,,63.3777,77.2595,90.3687
TJSJ,9/26/2016,89.06,78.08,0.02,67.5795,79.72631,93.6709
TJSJ,9/27/2016,89.96,78.98,,70.049,81.97742,90.4834
TJSJ,9/28/2016,89.06,80.06,0.15,67.5795,80.836815,96.5459
TJSJ,9/29/2016,87.98,78.08,0.07,70.049,83.60818,93.7207
TJSJ,9/30/2016,87.98,77,0.11,71.9753,84.72707,96.4901
TJSJ,10/1/2016,87.98,77,0.3,66.3535,86.8741,100
TJSJ,10/2/2016,87.98,75.92,0.03,63.2495,82.24182,96.4747
TJSJ,10/3/2016,87.98,78.08,0.05,65.0834,81.059746,93.6709
TJSJ,10/4/2016,87.98,78.08,,70.049,87.3242,93.6981
TJSJ,10/5/2016,89.96,80.96,0.01,63.3777,81.697845,91.052
TJSJ,10/6/2016,93.02,80.96,,55.7235,81.08857,90.9823
TJSJ,10/7/2016,89.06,78.98,0.16,70.049,86.38924,93.7207
TJSJ,10/8/2016,87.98,78.98,,71.9753,82.3885,93.6981
TJSJ,10/9/2016,91.94,78.08,0.18,57.4366,80.01069,93.6709
TJSJ,10/10/2016,93.92,77,0.63,52.3867,81.4344,96.4901
TJSJ,10/11/2016,89.96,77,,63.4841,81.19653,93.0885
TJSJ,10/12/2016,93.02,78.98,0.09,52.3867,77.652756,97.0782
TJSJ,10/13/2016,89.06,78.98,,67.3637,82.09634,90.4094
TJSJ,10/14/2016,89.06,78.8,,74.782,85.50455,94.2272
TJSJ,10/15/2016,87.98,78.08,,66.3535,77.81239,87.6951
TJSJ,10/16/2016,87.98,77,0.02,67.4817,79.78454,90.3687
TJSJ,10/17/2016,91.94,77,,53.727,71.90213,90.3345
TJSJ,10/18/2016,87.08,77,0.05,74.6054,84.10644,93.0885
TJSJ,10/19/2016,86,75.02,0.07,69.4343,80.88447,90.2171
TJSJ,10/20/2016,93.02,82.04,,55.8435,72.21486,87.8397
TJSJ,10/21/2016,93.92,80.96,,48.836,70.715,90.9823
TJSJ,10/22/2016,89.06,80.06,,70.1589,76.02945,87.2222
TJSJ,10/23/2016,89.06,78.98,0.12,70.049,81.41082,93.7207
TJSJ,10/24/2016,84.92,78.98,0.15,76.6961,84.063065,94.2687
TJSJ,10/25/2016,86,75.92,0.75,79.4987,89.61637,96.4901
TJSJ,10/26/2016,87.08,77,0.49,71.9753,83.38398,96.4747
TJSJ,10/27/2016,89.06,78.98,,66.3535,80.45601,93.6709
TJSJ,10/28/2016,89.96,78.08,2.38,63.3777,84.76996,93.8185
TJSJ,10/29/2016,89.06,78.98,0.07,74.6054,85.771774,93.6981
TJSJ,10/30/2016,91.04,78.08,0.33,63.4841,82.506905,100
TJSJ,10/31/2016,89.06,78.08,0.01,63.2495,78.92461,93.0885
TJSJ,11/1/2016,86,78.08,0.18,69.7345,83.39468,93.0885
TJSJ,11/2/2016,88,78.08,0.12,67.3937,79.875626,93.0885
TJSJ,11/3/2016,82.9,75,0.8,79.3996,88.8207,100
TJSJ,11/4/2016,91,75.9,0.01,57.4314,80.2878,100
TJSJ,11/5/2016,91,77,,53.8673,68.85907,79.3996
TJSJ,11/6/2016,90,78.1,0.05,61.4873,79.227684,90.2146
TJSJ,11/7/2016,84.9,75.9,0.7,72.3021,84.279305,90.1721
TJSJ,11/8/2016,84.9,73.9,3.42,69.6856,88.0523,100
TJSJ,11/9/2016,87.1,75,,71.9274,83.94052,100
TJSJ,11/10/2016,88,78.1,1.1,72.5989,84.77009,93.6373
TJSJ,11/11/2016,86,77,0.79,69.7993,84.662285,92.9651
TJSJ,11/12/2016,88,79,,74.7037,81.45542,90.2491
TJSJ,11/13/2016,89.1,77,0.02,67.6068,80.84695,90.2911
TJSJ,11/14/2016,89.1,78.1,,69.7993,80.79804,93.6093
TJSJ,11/15/2016,88,77,1.16,69.7993,83.48473,93.6093
TJSJ,11/16/2016,88,75.9,,69.4484,82.17349,93.5579
TJSJ,11/17/2016,88,78.1,0.62,72.5989,86.35853,93.6373
TJSJ,11/18/2016,86,77,,72.3021,83.13364,92.9651
TJSJ,11/19/2016,84.9,75,0.25,69.6856,84.72677,93.5059
TJSJ,11/20/2016,84.9,75.2,3.57,74.5066,89.11271,100
TJSJ,11/21/2016,81,75,1.45,84.5274,92.28323,100
TJSJ,11/22/2016,84,75,1.41,74.4253,90.42582,93.5579
TJSJ,11/23/2016,88,77,0.05,69.6856,80.75229,93.5579
TJSJ,11/24/2016,87.1,77,0.16,65.2665,74.408516,87.5789
TJSJ,11/25/2016,87.1,78.1,0.02,63.0171,75.83517,86.9497
TJSJ,11/26/2016,86,77,0.77,69.6856,79.749725,90.2146
TJSJ,11/27/2016,87.1,75,,57.1638,74.48947,87.7251
TJSJ,11/28/2016,82.9,70,0.84,69.2776,81.30382,100
TJSJ,11/29/2016,84.9,75,,60.9524,73.64804,84.4576
TJSJ,11/30/2016,84.9,75,0.17,74.4253,83.51927,90.2491
TJSJ,12/1/2016,89.1,75,0.04,63.0171,79.68018,93.5059
TJSJ,12/2/2016,86,77,0.42,67.6068,80.335236,90.2146
TJSJ,12/3/2016,87.1,77,0.57,69.6856,80.675835,87.5789
TJSJ,12/4/2016,87.1,75.9,,63.0984,76.52053,90.7394
TJSJ,12/5/2016,84.9,77,0.01,65.361,80.94999,90.1721
TJSJ,12/6/2016,87.1,75.9,0.26,63.0984,77.446266,90.7394
TJSJ,12/7/2016,86,78.1,0.13,67.6068,76.73177,90.2146
TJSJ,12/8/2016,86,80.1,,59.21356,67.177124,78.98865
TJSJ,12/9/2016,87.1,75.9,0.13,62.249004,80.06436,90.2146
TJSJ,12/10/2016,87.1,77,0.01,67.2733,79.932556,90.2491
TJSJ,12/11/2016,87.1,77,0.08,57.1638,73.66306,87.5789
TJSJ,12/12/2016,86,78.1,0.09,58.9508,74.49798,86.9497
TJSJ,12/13/2016,84,75.9,0.13,74.3255,81.200836,90.7394
TJSJ,12/14/2016,87.1,75.9,,56.9191,72.11148,84.5762
TJSJ,12/15/2016,87.1,75,0.03,57.1638,73.689545,87.7251
TJSJ,12/16/2016,86,75.9,0.04,65.26648,77.53901,87.5789
TJSJ,12/17/2016,86,75.9,0.91,63.0984,83.97932,93.5579
TJSJ,12/18/2016,84.9,75.9,0.07,65.2575,73.99969,90.7394
TJSJ,12/19/2016,86,73.9,0.22,63.3959,73.885864,93.7942
TJSJ,12/20/2016,84.9,75,0.1,69.5921,78.00671,87.7251
TJSJ,12/21/2016,84.9,75,0.01,67.2803,75.35241,87.4822
TJSJ,12/22/2016,84,73.9,0.03,65.0262,75.28212,87.7251
TJSJ,12/23/2016,84.9,75.9,0.11,67.6068,83.26723,100
TJSJ,12/24/2016,84,75.9,0.63,72.1083,85.0772,97.0413
TJSJ,12/25/2016,84.9,78.1,0.05,67.059,74.224625,84.356
TJSJ,12/26/2016,84.9,75.9,0.13,65.2575,73.1869,96.4264
TJSJ,12/27/2016,84,77,0.02,65.1306,74.530304,82.0334
TJSJ,12/28/2016,84,73.9,,65.1306,79.22436,90.9743
TJSJ,12/29/2016,84.9,73.9,,65.2575,76.74634,87.6819
TJSJ,12/30/2016,86,73.9,,55.0443,74.68889,90.9743
TJSJ,12/31/2016,84,72,0.04,62.8578,79.66679,90.9743
TJSJ,1/1/2017,84.9,77,,62.8578,73.58112,87.4822
TJSJ,1/2/2017,84.9,75,0.16,62.8578,79.46725,93.5059
TJSJ,1/3/2017,84,73,0.3,60.9524,79.18485,96.6781
TJSJ,1/4/2017,84.9,72,0.02,52.9289,75.43486,100
TJSJ,1/5/2017,88,73,,51.1676,72.59029,84.9725
TJSJ,1/6/2017,87.1,73.9,0.01,53.1472,76.79602,87.6819
TJSJ,1/7/2017,86,73.9,0.01,62.8578,77.75455,87.7251
TJSJ,1/8/2017,86,75,,63.3959,77.445244,90.3998
TJSJ,1/9/2017,82.9,73.9,0.01,65.1306,79.48432,90.9743
TJSJ,1/10/2017,84,73,0.47,62.8578,80.41053,93.7942
TJSJ,1/11/2017,82.9,73,0.17,62.0306,76.16882,100
TJSJ,1/12/2017,82,73.9,,49.0566,61.027332,73.6772
TJSJ,1/13/2017,82.9,75,0.1,56.7515,70.29118,81.8974
TJSJ,1/14/2017,84,73.9,0.01,62.8578,72.89598,79.4743
TJSJ,1/15/2017,82.9,73,0.15,56.7515,70.62624,90.3233
TJSJ,1/16/2017,84,73,0.07,56.2374,71.29259,100
TJSJ,1/17/2017,82.9,72,0.11,54.6201,73.28444,93.4268
TJSJ,1/18/2017,82,72,0.2,57.9792,71.95207,93.4268
TJSJ,1/19/2017,81,68,,54.2327,68.65483,83.8625
TJSJ,1/20/2017,82,69.1,,57.9792,70.37107,83.8625
TJSJ,1/21/2017,81,71.1,,61.9189,70.60307,84.9725
TJSJ,1/22/2017,81,72,,56.299,70.803215,87.2356
TJSJ,1/23/2017,87.1,73,,49.3205,65.336006,78.7032
TJSJ,1/24/2017,90,73,,41.9184,64.885216,84.3378
TJSJ,1/25/2017,84,73.9,,64.136,71.5949,84.9725
TJSJ,1/26/2017,84,73.9,,42.6296,58.657192,71.2123
TJSJ,1/27/2017,82.9,72,,65.0262,76.38973,87.7251
TJSJ,1/28/2017,86,72,,65.0262,78.53671,90.3233
TJSJ,1/29/2017,87.1,75,,51.1676,73.94856,87.6819
TJSJ,1/30/2017,84,75,,67.059,79.6805,90.7394
TJSJ,1/31/2017,84.9,73.9,0.12,59.2136,77.5573,87.7251
TJSJ,2/1/2017,86,75,0.01,62.6152,75.94872,90.3998
TJSJ,2/2/2017,86,73.9,0.24,65.1306,76.570244,84.4576
TJSJ,2/3/2017,84.9,75,,65.361,77.52999,87.7251
TJSJ,2/4/2017,86,75,0.03,65.2575,78.53475,87.6819
TJSJ,2/5/2017,84.9,75.9,,60.8145,75.57082,87.7251
TJSJ,2/6/2017,84.9,73.9,0.37,67.617,81.062225,93.7942
TJSJ,2/7/2017,87.1,73.9,0.05,57.1638,75.49355,90.9743
TJSJ,2/8/2017,89.1,75,,47.7338,71.30654,87.7251
TJSJ,2/9/2017,88,75,,53.1472,72.26301,85.0877
TJSJ,2/10/2017,84.9,75,,61.0647,75.228905,87.6819
TJSJ,2/11/2017,84.9,73.9,,58.6924,71.234665,84.4576
TJSJ,2/12/2017,84.9,73,,60.9524,73.501526,81.8219
TJSJ,2/13/2017,84,73.9,,67.1775,76.05353,87.6289
TJSJ,2/14/2017,84,73,,58.4319,69.691315,87.5852
TJSJ,2/15/2017,84.9,72,,47.7812,67.611885,83.9864
TJSJ,2/16/2017,90,72,,40.7467,68.27199,90.5947
TJSJ,2/17/2017,87.1,73,,47.9068,67.21844,84.3378
TJSJ,2/18/2017,84.9,72,,58.6924,70.08864,87.2356
TJSJ,2/19/2017,81,73.9,0.41,71.0325,82.02782,93.7942
TJSJ,2/20/2017,88,72,,49.5965,75.17055,93.7942
TJSJ,2/21/2017,82.9,73,0.15,54.3577,66.66051,90.9743
TJSJ,2/22/2017,82.9,72,0.01,58.0979,70.04437,81.9588
TJSJ,2/23/2017,82.9,73,0.34,71.7771,84.120186,90.9743
TJSJ,2/24/2017,90,73,,40.6101,69.77492,96.6781
TJSJ,2/25/2017,84.9,71.1,,58.6924,74.36002,89.9397
TJSJ,2/26/2017,84.9,73.9,,60.9524,75.9136,90.9743
TJSJ,2/27/2017,86,32,0.23,61.2014,78.65414,96.381
TJSJ,2/28/2017,82.9,73,0.02,67.1775,77.00612,90.9743
TJSJ,3/1/2017,84.9,73,0.09,63.1562,76.87454,90.9743
TJSJ,3/2/2017,84,73,,60.9524,72.90086,87.6819
TJSJ,3/3/2017,84.9,72,0.14,56.5063,78.36089,93.7942
TJSJ,3/4/2017,82.9,72,0.13,65.1306,78.653824,96.9935
TJSJ,3/5/2017,84,72,0.37,58.4319,75.804504,90.7394
TJSJ,3/6/2017,79,71.1,0.58,73.9671,85.72522,96.9935
TJSJ,3/7/2017,79,71.1,0.11,70.8283,82.88992,100
TJSJ,3/8/2017,81,72,,52.1625,66.59086,75.9235
TJSJ,3/9/2017,82,73,0.09,64.6867,77.92655,90.3998
TJSJ,3/10/2017,82,72,0.07,60.283,77.71335,93.7715
TJSJ,3/11/2017,84,71.1,,62.8578,78.9115,96.3227
TJSJ,3/12/2017,84,72,,62.8578,79.77451,93.7715
TJSJ,3/13/2017,84.9,73,,56.7515,75.61701,87.7251
TJSJ,3/14/2017,84.9,73,0.02,60.8145,77.112976,90.9743
TJSJ,3/15/2017,84,72,,65.0262,77.52918,90.5947
TJSJ,3/16/2017,87.1,73,,55.0443,72.541695,87.6819
TJSJ,3/17/2017,84.9,73.9,,54.7712,74.87353,87.6289
TJSJ,3/18/2017,82.9,73,0.02,65.1306,80.10132,93.7942
TJSJ,3/19/2017,82.9,72,0.09,69.1824,82.63004,96.9935
TJSJ,3/20/2017,82.9,73,,65.0262,82.257034,93.7942
TJSJ,3/21/2017,81,73,0.71,81.4174,90.31713,100
TJSJ,3/22/2017,89.1,72,0.11,51.1676,79.52822,96.6781
TJSJ,3/23/2017,81,73,1.74,82.0264,94.233185,100
TJSJ,3/24/2017,80.1,72,0.32,81.4174,95.49783,100
TJSJ,3/25/2017,82,73,0.01,69.6191,84.03951,100
TJSJ,3/26/2017,88,75,0.19,56.9191,83.88792,96.4104
TJSJ,3/27/2017,87.1,75,0.41,69.5921,86.99372,96.381
TJSJ,3/28/2017,87.1,73,0.99,65.361,90.93053,100
TJSJ,3/29/2017,84,73,,69.7129,84.31006,100
TJSJ,3/30/2017,82.9,75.9,,69.2776,75.64973,84.5762
TJSJ,3/31/2017,82.9,73,,58.5494,73.70823,87.5852
TJSJ,4/1/2017,86,73.9,,62.1666,80.5772,93.7942
TJSJ,4/2/2017,84.9,73.9,,72.1083,84.52327,96.381
TJSJ,4/3/2017,84.9,77,0.01,67.2803,80.11715,90.2146
TJSJ,4/4/2017,84,75,,62.8578,75.08629,87.6819
TJSJ,4/5/2017,84.9,72,,58.6924,75.7496,87.6289
TJSJ,4/6/2017,84.9,73,,65.361,78.52119,87.6289
TJSJ,4/7/2017,84.9,73.9,,60.9524,78.97999,93.7942
TJSJ,4/8/2017,86,72,,57.0181,81.44992,100
TJSJ,4/9/2017,84,72,0.14,72.1083,87.00005,100
TJSJ,4/10/2017,80.1,69.1,0.05,86.9497,94.78921,100
TJSJ,4/11/2017,84.9,69.1,,58.6924,81.04563,100
TJSJ,4/12/2017,89.1,75.9,1.64,58.9508,81.96006,90.7394
TJSJ,4/13/2017,86,75.9,0.01,67.2803,81.33975,93.5579
TJSJ,4/14/2017,84.9,75,0.03,65.2575,78.13119,90.3998
TJSJ,4/15/2017,86,75,,65.2575,74.27434,87.6819
TJSJ,4/16/2017,87.1,75.9,,63.0171,77.04377,87.4822
TJSJ,4/17/2017,84.9,75,2.54,74.3255,85.09616,100
TJSJ,4/18/2017,84,78.1,,65.1306,71.726875,76.7909
TJSJ,4/19/2017,86,75,,60.9524,69.34336,79.4743
TJSJ,4/20/2017,86,75,0.01,62.02914,71.07148,81.8974
TJSJ,4/21/2017,86,75.9,,58.9508,72.14694,81.9588
TJSJ,4/22/2017,86,75.9,,57.0181,69.59771,79.4743
TJSJ,4/23/2017,88,77,0.03,58.9508,74.60917,90.2911
TJSJ,4/24/2017,90,77,0.05,59.2621,79.907364,100
TJSJ,4/25/2017,91.9,78.1,,57.4314,75.483345,90.2911
TJSJ,4/26/2017,87.1,78.1,0.61,69.7993,82.686714,93.6093
TJSJ,4/27/2017,86,77,,65.361,82.0757,100
TJSJ,4/28/2017,86,77,0.25,76.5262,87.85532,100
TJSJ,4/29/2017,84.9,73.9,0.41,71.7319,87.52848,100
TJSJ,4/30/2017,82,73,0.49,76.5262,86.624176,100
TJSJ,5/1/2017,82.4,72,1.22,78.90113,95.45103,100
TJSJ,5/2/2017,86,73.9,0.12,69.6856,85.9309,100
TJSJ,5/3/2017,84,75,0.01,74.4253,86.44181,97.0413
TJSJ,5/4/2017,89.1,75,,67.4917,82.88918,96.381
TJSJ,5/5/2017,88,75.9,,69.4484,80.745636,97.0413
TJSJ,5/6/2017,89.1,75.9,,57.1828,75.7885,90.1721
TJSJ,5/7/2017,88,75,,60.9237,78.724434,90.7394
TJSJ,5/8/2017,86,77,0.48,67.6068,81.707436,92.9651
TJSJ,5/9/2017,84.9,75,0.07,77.1163,89.59898,100
TJSJ,5/10/2017,86,73.9,,74.5066,87.23186,100
TJSJ,5/11/2017,84,75,,76.6945,85.598946,97.0413
TJSJ,5/12/2017,84.9,75,,71.7319,81.476654,97.0413
TJSJ,5/13/2017,86,75.9,,71.7771,82.1,90.7394
TJSJ,5/14/2017,89.1,78.1,,67.2733,81.99023,90.2491
TJSJ,5/15/2017,93,79,,55.5844,77.756485,93.6373
TJSJ,5/16/2017,93,79,,53.8673,73.79623,96.4553
TJSJ,5/17/2017,90,79,,59.2621,80.14916,97.0785
TJSJ,5/18/2017,87.1,79,,74.3255,81.58091,90.2911
TJSJ,5/19/2017,88,79,,67.2733,75.12001,81.8915
TJSJ,5/20/2017,88,78.1,,60.9237,73.75719,84.356
TJSJ,5/21/2017,88,79,,67.2733,76.41489,82.0264
TJSJ,5/22/2017,89.1,80.1,0.01,65.4948,77.006615,87.05
TJSJ,5/23/2017,90,78.1,,59.1476,73.52165,84.4095
TJSJ,5/24/2017,93,79,,45.6879,70.72445,81.4174
TJSJ,5/25/2017,90,78.1,,59.1476,72.50747,84.4095
TJSJ,5/26/2017,87.1,75.9,0.19,67.2733,74.37501,87.4822
TJSJ,5/27/2017,90,78.1,0.02,55.5844,73.885185,84.4095
TJSJ,5/28/2017,89.1,77,0.02,59.2072,73.54184,90.2911
TJSJ,5/29/2017,87.1,75,1.53,72.0341,83.31077,90.2491
TJSJ,5/30/2017,88,75.9,0.51,62.4672,83.84815,93.6093
TJSJ,5/31/2017,87.1,77,0.26,69.6856,82.041405,90.2491
TJSJ,6/1/2017,87.1,75.9,,58.9508,71.74914,87.4822
TJSJ,6/2/2017,86,75,0.3,65.2665,76.989006,93.5579
TJSJ,6/3/2017,90,78.1,,59.2621,76.92908,84.8668
TJSJ,6/4/2017,90,80.1,0.76,64.9547,79.38014,87.6745
TJSJ,6/5/2017,91,79,0.09,60.9237,72.21523,84.4745
TJSJ,6/6/2017,89.1,78.1,,61.2415,72.98075,82.0264
TJSJ,6/7/2017,90,78.1,,59.0921,70.03394,81.8915
TJSJ,6/8/2017,87.1,78.1,0.01,69.7129,77.118996,87.05
TJSJ,6/9/2017,88,78.1,0.68,67.2733,77.05876,87.5789
TJSJ,6/10/2017,89.1,78.1,0.04,55.3154,76.24562,86.9497
TJSJ,6/11/2017,88,78.1,,60.9237,69.48167,81.5538
TJSJ,6/12/2017,88,77,,59.0921,70.45575,79.0579
TJSJ,6/13/2017,88,78.1,,64.9547,75.49153,84.5274
TJSJ,6/14/2017,89.1,77,0.15,67.4917,76.84942,84.8668
TJSJ,6/15/2017,90,79,,51.8045,73.83838,87.05
TJSJ,6/16/2017,90,80.1,,53.424,70.385956,81.4174
TJSJ,6/17/2017,89.1,79,,59.2072,71.45911,79.1711
TJSJ,6/18/2017,89.1,75.9,0.26,60.9237,73.83062,84.4745
TJSJ,6/19/2017,88,75,0.74,67.3937,84.92821,90.7394
TJSJ,6/20/2017,88,78.1,0.17,69.4484,81.538605,93.6093
TJSJ,6/21/2017,87.1,78.1,0.03,63.0171,75.46417,86.9497
TJSJ,6/22/2017,87.1,78.1,0.02,63.0171,72.470085,84.4095
TJSJ,6/23/2017,88,77,0.06,60.9237,72.53264,84.356
TJSJ,6/24/2017,89.1,78.1,0.12,67.3937,75.87257,84.8668
TJSJ,6/25/2017,89.1,75,0.38,63.2554,77.28014,90.3998
TJSJ,6/26/2017,87.1,77,0.08,69.4484,79.3262,90.2491
TJSJ,6/27/2017,89.1,80.1,,67.3937,76.34096,84.4745
TJSJ,6/28/2017,88,80.1,0.11,64.9547,75.99439,84.4745
TJSJ,6/29/2017,88,81,0.01,60.9237,73.81439,82.4262
TJSJ,6/30/2017,90,79,,57.4943,76.25973,84.5274
TJSJ,7/1/2017,89.1,79,,58.781776,73.08732,84.5274
TJSJ,7/2/2017,89.1,78.8,0,62.467205,74.324745,83.55026
TJSJ,7/3/2017,89.1,79,0.12,62.467205,76.02407,87.050026
TJSJ,7/4/2017,88,78.8,0.51,66.35352,79.55403,94.26866
TJSJ,7/5/2017,91,78.1,0.13,55.530766,76.933685,94.22723
TJSJ,7/6/2017,89.1,80.1,,62.467205,72.77003,81.4174
TJSJ,7/7/2017,87.8,78.1,0.46,66.35352,80.89999,90.249115
TJSJ,7/8/2017,88,77,0.05,66.35352,80.3639,90.2146
TJSJ,7/9/2017,88,77,1.07,69.685555,82.27438,92.96513
TJSJ,7/10/2017,91.9,80.1,,55.530766,71.31016,84.4745
TJSJ,7/11/2017,90,80.1,,62.683746,74.701096,83.66177
TJSJ,7/12/2017,88,78.1,0.07,66.35352,78.98609,90.2146
TJSJ,7/13/2017,90,78.1,0.05,59.012367,78.55818,90.2146
TJSJ,7/14/2017,89.1,78.8,,66.35352,79.37793,88.90445
TJSJ,7/15/2017,90,77,0.45,70.00456,80.557076,90.249115
TJSJ,7/16/2017,89.6,80.1,,62.467205,76.57624,84.866806
TJSJ,7/17/2017,91,78.1,0.49,62.683746,78.44912,88.74824
TJSJ,7/18/2017,89.6,78.8,,69.799286,80.64881,88.90445
TJSJ,7/19/2017,89.6,80.1,,62.467205,74.04825,83.66177
TJSJ,7/20/2017,88,80.1,0.07,62.467205,73.37458,83.66177
TJSJ,7/21/2017,89.1,81,,65.4948,74.41758,83.772194
TJSJ,7/22/2017,89.1,80.1,0.01,72.5989,81.384094,90.2911
TJSJ,7/23/2017,91,80.1,0.08,59.012367,79.71888,94.26866
TJSJ,7/24/2017,90,81,,66.35352,75.79155,83.88154
TJSJ,7/25/2017,90,78.8,0.39,62.683746,76.77965,90.2911
TJSJ,7/26/2017,86,77,1.59,77.2806,85.64474,94.22723
TJSJ,7/27/2017,89.6,78.1,,66.35352,80.24545,92.96513
TJSJ,7/28/2017,91,78.8,,62.683746,76.99169,90.249115
TJSJ,7/29/2017,90,78.8,0.93,62.467205,76.04945,90.249115
TJSJ,7/30/2017,91.4,78.1,0.08,49.362175,71.482605,84.5274
TJSJ,7/31/2017,91,77,0.28,59.012367,78.21158,94.18534
TJSJ,8/1/2017,90,81,0.12,67.611,78.008224,84.8668
TJSJ,8/2/2017,89.1,81,0.2,69.4484,80.44719,90.6607
TJSJ,8/3/2017,90,81,0.01,67.611,79.90157,90.9237
TJSJ,8/4/2017,87.1,80.1,0.29,76.9519,82.75867,90.6607
TJSJ,8/5/2017,89.1,80.1,,67.4917,78.54769,87.6745
TJSJ,8/6/2017,89.1,79,0.29,67.2733,75.30742,84.8668
TJSJ,8/7/2017,90,77,0.04,65.4948,78.84,90.1721
TJSJ,8/8/2017,91,79,,57.4943,70.53279,82.4262
TJSJ,8/9/2017,90,81,0.01,70.0046,78.061775,90.9237
TJSJ,8/10/2017,89.1,80.1,0.06,67.2733,77.16619,87.05
TJSJ,8/11/2017,90,80.1,0.0001,65.2665,78.01137,90.9237
TJSJ,8/12/2017,93,80.1,,53.8673,71.66968,87.05
TJSJ,8/13/2017,90,80.1,,65.184,76.41652,87.05
TJSJ,8/14/2017,90,80.1,0.19,65.4948,80.3293,90.9237
TJSJ,8/15/2017,90,80.1,0.12,67.611,78.92197,93.66
TJSJ,8/16/2017,89.1,80.1,0.32,69.4484,78.27936,88.012
TJSJ,8/17/2017,87.1,75,2.21,79.55,89.25585,97.0413
TJSJ,8/18/2017,88,78.1,0.05,65.4948,78.316124,96.4264
TJSJ,8/19/2017,88,79,0.58,67.3937,83.91931,93.66
TJSJ,8/20/2017,90,77,1.23,74.6054,89.20416,93.6373
TJSJ,8/21/2017,89.1,78.1,0.0001,67.4917,80.835106,93.6093
TJSJ,8/22/2017,89.1,80.1,0.0001,71.9274,79.02072,90.2911
TJSJ,8/23/2017,89.6,80.1,,65.184,76.400764,84.5274
TJSJ,8/24/2017,90,79,,67.3937,77.584595,84.9808
TJSJ,8/25/2017,90,81,0.0001,63.0171,77.64564,88.1039
TJSJ,8/26/2017,90,80.1,0.07,64.9547,76.310234,90.2911
TJSJ,8/27/2017,91,77,0.8,55.7182,81.42779,93.6093
TJSJ,8/28/2017,89.1,79,0.11,67.4917,80.37965,90.9237
TJSJ,8/29/2017,91,79,1.21,55.5844,78.148315,90.2911
TJSJ,8/30/2017,91.9,80.1,,57.4314,76.5318,87.6745
TJSJ,8/31/2017,91,80.1,,60.9662,74.89506,82.4262
TJSJ,9/1/2017,89.1,80.1,0.0001,65.184,73.63231,84.4745
TJSJ,9/2/2017,90,79,0.02,61.4873,76.66103,90.2911
TJSJ,9/3/2017,88,78.1,0.46,72.0341,83.790184,93.6093
TJSJ,9/4/2017,89.1,79,0.07,67.611,81.11658,93.6093
TJSJ,9/5/2017,88,79,0.78,72.0341,83.42984,93.66
TJSJ,9/6/2017,86,75,1.14,76.6945,83.2227,94.2687
TJSJ,9/7/2017,88,75.9,0.08,70.0046,83.592026,97.0413
TJSJ,9/8/2017,90,77,,59.1476,79.16858,96.4264
TJSJ,9/9/2017,89.1,80.1,0.0001,67.3937,78.06787,88.012
TJSJ,9/10/2017,93.9,79,0.0001,49.619205,69.85224,84.5274
TJSJ,9/11/2017,91.4,81,0.54,61.4873,78.17294,87.6745
TJSJ,9/12/2017,93.9,79,,49.0881,71.747246,88.012
TJSJ,9/13/2017,93.9,79,0.03,55.9842,73.9815,87.5789
TJSJ,9/14/2017,93,81,0.0001,55.9842,75.089615,88.0535
TJSJ,9/15/2017,91,80.1,,55.7182,69.68534,79.4675
TJSJ,9/16/2017,91,79,,61.4046,74.96715,85.4809
TJSJ,9/17/2017,90,80.1,0.71,70.0046,79.35308,84.866806
TJSJ,9/18/2017,89.1,80.1,0.03,72.5989,80.2166,93.6373
TJSJ,9/19/2017,89.1,80.1,0.19,71.9274,80.28083,94.26866
TJSJ,9/20/2017,82,78.1,1.62,88.012,93.82947,100
TJSJ,9/21/2017,86,84.2,,,,
TJSJ,9/22/2017,87.8,82.4,,74.766,81.9214,100
TJSJ,9/23/2017,86,82,,83.8815,88.58489,94.3097
TJSJ,9/24/2017,93.9,80.6,,52.473076,77.29865,100
TJSJ,9/25/2017,91.4,80.6,,55.7715,79.47039,100
TJSJ,9/26/2017,89.6,80.6,,70.4499,89.611046,100
TJSJ,9/27/2017,87.8,80.6,,69.7103,87.948,100
TJSJ,9/28/2017,87.8,78.8,,74.766,88.50695,100
TJSJ,9/29/2017,87.8,78.8,,70.0832,85.550415,100
TJSJ,9/30/2017,84,75.2,0.06,77.1163,89.95828,100
TJSJ,10/1/2017,88,75.9,0.12,79.7799,89.46143,96.5105
TJSJ,10/2/2017,88,77,0.0001,72.5989,89.005585,100
TJSJ,10/3/2017,87.1,80.1,0.0001,74.7037,86.74978,93.9925
TJSJ,10/4/2017,90,80.1,,69.4484,85.00632,93.9925
TJSJ,10/5/2017,91.9,79,0.0001,55.8381,79.376205,97.0785
TJSJ,10/6/2017,89.1,78.1,0.08,65.4948,83.20009,93.6093
TJSJ,10/7/2017,84.9,79,0.04,74.4253,89.85557,97.0785
TJSJ,10/8/2017,88,75.9,0.26,70.44994,91.6413,100
TJSJ,10/9/2017,87.1,75.9,0.07,74.6054,91.428795,100
TJSJ,10/10/2017,88,75.9,1.16,69.7993,94.91582,100
TJSJ,10/11/2017,91,77,0.28,61.4873,88.8293,100
TJSJ,10/12/2017,89.1,78.1,0.03,74.7037,94.698074,100
TJSJ,10/13/2017,88,79,0.0001,76.9519,88.49255,100
TJSJ,10/14/2017,88,80.1,0.19,76.9519,89.217575,100
TJSJ,10/15/2017,91,75.9,1.98,63.2554,90.96119,100
TJSJ,10/16/2017,82.9,75.2,1.93,90.2491,97.11332,100
TJSJ,10/17/2017,89.1,77,0.0001,72.2268,90.108734,100
TJSJ,10/18/2017,87.1,79,0.0001,76.9519,87.2496,100
TJSJ,10/19/2017,90,80.1,,59.1476,78.72811,90.9237
TJSJ,10/20/2017,89.1,78.1,0.28,65.4948,80.64813,97.0785
TJSJ,10/21/2017,90,75,0.02,48.0258,78.937744,96.381
TJSJ,10/22/2017,87.8,75.9,0.08,62.467205,80.92817,96.4104
TJSJ,10/23/2017,87.1,75.9,0.11,69.4484,82.810486,96.4264
TJSJ,10/24/2017,88,77,0.0001,53.1472,75.5825,90.1721
TJSJ,10/25/2017,91,77,0.0001,57.4943,79.799095,96.4264
TJSJ,10/26/2017,90,78.1,0.0001,65.184,81.96715,96.4264
TJSJ,10/27/2017,86,77,0.02,77.2806,90.5633,100
TJSJ,10/28/2017,89.1,79,0.0001,67.3937,84.66666,100
TJSJ,10/29/2017,90,78.8,0.0001,63.1246,81.89062,100
TJSJ,10/30/2017,89.1,78.8,,58.781776,76.51602,88.74824
TJSJ,10/31/2017,88,79,0.0001,72.0341,83.96801,93.6093
TJSJ,11/1/2017,87,77,0.0001,51.3668,74.84345,100
TJSJ,11/2/2017,88,78,0.0001,56.9191,72.221306,84.4095
TJSJ,11/3/2017,87,76,0.0001,63.0984,76.66085,87.5789
TJSJ,11/4/2017,89,76,0.31,61.2415,79.913246,100
TJSJ,11/5/2017,85,73,1.23,79.55,92.97471,100
TJSJ,11/6/2017,90,75,0.0001,57.4943,87.13307,100
TJSJ,11/7/2017,82,76,2.73,87.05,94.83831,100
TJSJ,11/8/2017,82,75,0.68,88.012,96.24929,100
TJSJ,11/9/2017,86,74,0.07,71.9274,87.35906,100
TJSJ,11/10/2017,87,77,0.46,74.6054,86.32861,90.9237
TJSJ,11/11/2017,87,76,0.4,74.7037,92.9423,100
TJSJ,11/12/2017,89,76,0.03,64.9547,87.37496,100
TJSJ,11/13/2017,88,76,0.06,63.0171,81.958084,97.0413
TJSJ,11/14/2017,88,75,0.0001,64.9547,82.78132,97.0413
TJSJ,11/15/2017,92,80,0.0001,57.4314,78.12931,93.6373
TJSJ,11/16/2017,89,77,0.12,66.35352,84.360214,100
TJSJ,11/17/2017,91,80,0,63.2554,78.541595,93.6373
TJSJ,11/18/2017,86,76,1.81,77.2806,89.53627,100
TJSJ,11/19/2017,86,76,2.05,72.3021,93.39458,100
TJSJ,11/20/2017,85,76,0.08,79.55,93.75917,100
TJSJ,11/21/2017,88,74,0,65.26648,81.87442,100
TJSJ,11/22/2017,90,74,0,50.3565,79.36162,93.5294
TJSJ,11/23/2017,86,76,0.03,77.2806,88.00124,97.0413
TJSJ,11/24/2017,87,79,0.09,74.7037,89.12304,97.1021
TJSJ,11/25/2017,88,78,0.0001,63.0171,84.0345,93.6373
TJSJ,11/26/2017,87,77,0.0001,57.1638,76.26761,90.2491
TJSJ,11/27/2017,86,77,0,62.249004,75.07909,90.1721
TJSJ,11/28/2017,90,74,0,51.8045,76.617676,87.05
TJSJ,11/29/2017,87,77,0.0001,69.7993,84.71926,96.4264
TJSJ,11/30/2017,86,75,0,67.6068,81.63046,90.7394
TJSJ,12/1/2017,85,76,0,69.6856,82.04217,97.0413
TJSJ,12/2/2017,84,75,0,69.5921,80.883965,93.5294
TJSJ,12/3/2017,85,76,0.0001,71.7319,85.08771,94.26866
TJSJ,12/4/2017,85,76,0.0001,71.7319,86.178055,100
TJSJ,12/5/2017,85,75,1.21,76.6945,91.59256,100
TJSJ,12/6/2017,84,76,0.35,81.8204,91.49257,100
TJSJ,12/7/2017,85,77,0.0001,69.5921,78.59862,90.249115
TJSJ,12/8/2017,85,74,0.02,58.6924,75.22415,87.6819
TJSJ,12/9/2017,86,76,0.05,57.0181,78.05653,90.1721
TJSJ,12/10/2017,85,75,0.0001,60.9524,78.71723,90.3998
TJSJ,12/11/2017,84,76,0.32,62.6152,74.384056,93.5579
TJSJ,12/12/2017,89,74,0,51.6498,76.73021,90.9743
TJSJ,12/13/2017,88,76,0,60.9237,77.8096,93.5294
TJSJ,12/14/2017,87,76,0,63.3959,77.500946,90.7394
TJSJ,12/15/2017,85,75,0.0001,69.5921,78.537834,93.5059
TJSJ,12/16/2017,85,76,0.09,71.7319,84.63898,97.0413
TJSJ,12/17/2017,84,76,0.07,74.2434,84.425606,96.4104
TJSJ,12/18/2017,84,76,0.06,76.5262,82.60945,100
TJSJ,12/19/2017,85,76,0.07,71.7319,80.38739,90.2146
TJSJ,12/20/2017,85,75,0.0001,69.7129,80.82114,97.0413
TJSJ,12/21/2017,84,75,0.0001,71.7319,80.10876,93.5059
TJSJ,12/22/2017,85,76,0.02,67.2803,84.65676,97.0413
TJSJ,12/23/2017,85,75,0.18,65.1306,79.4137,97.0413
TJSJ,12/24/2017,85,76,0.03,62.8578,77.86255,90.1721
TJSJ,12/25/2017,85,75,0.04,69.5921,81.37607,90.7394
TJSJ,12/26/2017,84,76,0.09,74.0689,80.82686,87.05
TJSJ,12/27/2017,83,74,0.08,74.2434,84.057816,97.0169
TJSJ,12/28/2017,84,73,0.25,74.0689,86.267235,100
TJSJ,12/29/2017,82,74,0.37,67.059,84.03475,100
TJSJ,12/30/2017,83,71,0.02,69.6191,84.334694,97.0413
TJSJ,12/31/2017,84,73,0.0001,60.9524,83.952484,100
TJSJ,1/1/2018,85,75,0.0001,69.61913,81.414894,93.50594
TJSJ,1/2/2018,83,72,0,58.43191,74.412155,87.58521
TJSJ,1/3/2018,88,72,0,55.044296,76.22006,93.4268
TJSJ,1/4/2018,88,72,0,55.193634,76.48956,93.50594
TJSJ,1/5/2018,85,75,0.07,67.6068,84.10936,93.52941
TJSJ,1/6/2018,87,75,0.0001,53.147194,79.94563,90.73938
TJSJ,1/7/2018,87,75,0.0001,58.95082,78.53559,93.52941
TJSJ,1/8/2018,84,74,0.02,79.1019,80.65769,93.52941
TJSJ,1/9/2018,86,73,0.0001,54.89434,80.70403,97.016945
TJSJ,1/10/2018,84.9,73.9,0.03,69.59207,85.53366,96.38104
TJSJ,1/11/2018,86,75,0.35,61.064674,80.12929,96.41042
TJSJ,1/12/2018,84.9,75.9,0.0001,65.13056,82.10018,93.55792
TJSJ,1/13/2018,84,75,0.08,74.42529,87.47035,100
TJSJ,1/14/2018,84,73.9,0.42,69.59207,85.89701,100
TJSJ,1/15/2018,82.9,73,0.37,74.151726,87.4843,97.016945
TJSJ,1/16/2018,84,73,1.62,71.73187,88.14649,100
TJSJ,1/17/2018,84,73,0.16,69.71293,86.56047,100
TJSJ,1/18/2018,84,73.9,0.0001,67.280304,84.11802,93.52941
TJSJ,1/19/2018,84,75,0.05,71.777084,86.70958,96.38104
TJSJ,1/20/2018,84,75,0.0001,67.05904,82.180405,93.52941
TJSJ,1/21/2018,84.9,73.9,0.0001,60.952366,80.05754,97.016945
TJSJ,1/22/2018,84,73,0.03,69.71293,80.05711,97.016945
TJSJ,1/23/2018,93.9,73,0.16,50.907776,77.32294,100
TJSJ,1/24/2018,84,73.9,0.15,69.71293,87.50137,100
TJSJ,1/25/2018,82,72,0.28,64.136,81.53822,100
TJSJ,1/26/2018,82,73.9,0.04,71.032486,79.42382,93.50594
TJSJ,1/27/2018,82,73,0.6,76.62149,84.740776,100
TJSJ,1/28/2018,82,73,0.38,71.92238,86.0293,100
TJSJ,1/29/2018,81,73,0.2,68.494095,78.98821,93.79415
TJSJ,1/30/2018,81,73.9,0.0001,64.68674,77.25497,90.974266
TJSJ,1/31/2018,82,70,0.19,50.52065,70.12238,96.99354
TJSJ,2/1/2018,82,73.9,0.0001,48.30257,60.725155,87.628876
TJSJ,2/2/2018,82,72,0.3,62.615204,80.84863,96.99354
TJSJ,2/3/2018,82,71.1,0.08,52.61694,71.08042,93.79415
TJSJ,2/4/2018,82,71.1,0.22,64.30781,79.779305,97.016945
TJSJ,2/5/2018,82.9,71.1,0.04,63.156197,82.23323,96.99354
TJSJ,2/6/2018,84,73,0.05,67.177505,82.01023,100
TJSJ,2/7/2018,82.9,72,0.05,60.283,78.790474,96.99354
TJSJ,2/8/2018,82,73,0.02,67.05904,80.75353,93.79415
TJSJ,2/9/2018,82,71.1,0.14,71.92238,83.76747,96.99354
TJSJ,2/10/2018,82.9,73.9,0.03,65.026215,78.822975,87.72512
TJSJ,2/11/2018,82.9,72,0.2,68.8513,69.7919,78.8608
TJSJ,2/12/2018,82,71.1,0.1,60.283,74.31159,93.4268
TJSJ,2/13/2018,82.9,75,0.08,62.1666,75.07287,87.48222
TJSJ,2/14/2018,82.9,73,0.04,62.277378,74.5353,84.972496
TJSJ,2/15/2018,82,72,0.09,69.27759,82.33988,100
TJSJ,2/16/2018,81,71.1,0.19,67.177505,84.749214,97.016945
TJSJ,2/17/2018,82,73,,64.136,76.695404,90.32327
TJSJ,2/18/2018,82,71.1,0.0001,62.277378,77.82057,96.322716
TJSJ,2/19/2018,82.9,73.9,0.0001,58.43191,74.5538,90.39978
TJSJ,2/20/2018,82.9,73,0.14,58.43191,76.62719,96.678116
TJSJ,2/21/2018,80.1,72,0.26,73.59218,82.61665,93.77152
TJSJ,2/22/2018,81,73,0.04,62.277378,72.78219,90.32327
TJSJ,2/23/2018,82,72,0.04,60.365044,71.5323,81.82193
TJSJ,2/24/2018,80.1,69.1,0.32,64.136,81.27005,93.37325
TJSJ,2/25/2018,80.1,71.1,1.37,71.72483,88.566086,100
TJSJ,2/26/2018,80.1,71.1,0.38,69.06545,83.116646,100
TJSJ,2/27/2018,81,71.1,0.0001,64.136,80.22217,93.79415
TJSJ,2/28/2018,80.6,71.1,1.06,71.14396,81.62306,100
TJSJ,3/1/2018,80.1,72,,68.494095,76.17525,90.594666
TJSJ,3/2/2018,82,71.1,,69.27759,78.71886,93.40279
TJSJ,3/3/2018,82,71.1,,66.61727,78.03078,89.93965
TJSJ,3/4/2018,81,71.1,0.15,62.030624,79.55031,100
TJSJ,3/5/2018,80.1,70,0.12,59.783844,69.94173,100
TJSJ,3/6/2018,80.1,71.1,,56.225796,65.93505,78.350044
TJSJ,3/7/2018,81,70,,57.979168,69.02808,78.46361
TJSJ,3/8/2018,89.1,73,,55.315365,70.96253,87.72512
TJSJ,3/9/2018,88,75,,49.72598,72.56655,90.73938
TJSJ,3/10/2018,84.9,75,,69.59207,82.13106,93.52941
TJSJ,3/11/2018,88,75.9,,46.388844,75.54456,90.73938
TJSJ,3/12/2018,87.1,73.9,,49.437626,71.20702,90.974266
TJSJ,3/13/2018,89.1,73.9,,44.802727,68.35462,87.681946
TJSJ,3/14/2018,88,75,,49.72598,70.00542,90.39978
TJSJ,3/15/2018,87.1,73.9,0.0001,56.506313,74.34436,90.39978
TJSJ,3/16/2018,90,71.1,,39.05985,68.95207,87.23564
TJSJ,3/17/2018,86,73,,63.0984,77.93145,87.628876
TJSJ,3/18/2018,87.1,75,0.0001,58.692406,72.82425,87.681946
TJSJ,3/19/2018,84.9,73.9,0.0001,64.68674,75.14238,84.972496
TJSJ,3/20/2018,86,73.9,,60.814526,75.4669,90.974266
TJSJ,3/21/2018,86,73,0.0001,67.05904,77.62388,87.58521
TJSJ,3/22/2018,88,75.9,,62.857838,76.92584,90.73938
TJSJ,3/23/2018,84,73.9,1.77,60.952366,78.723526,93.50594
TJSJ,3/24/2018,82,73.9,0.3,67.05904,83.2582,90.974266
TJSJ,3/25/2018,81,72,0.31,71.34513,85.71924,100
TJSJ,3/26/2018,84,73,0.0001,67.617035,80.34143,97.016945
TJSJ,3/27/2018,82,73.9,0.07,71.72483,83.81232,93.50594
TJSJ,3/28/2018,82.9,73,0.0001,64.68674,77.116455,93.79415
TJSJ,3/29/2018,81,73.9,0.0001,54.232742,64.09995,78.774345
TJSJ,3/30/2018,81,71.1,0.0001,52.16248,64.841965,83.98641
TJSJ,3/31/2018,81,72,0.0001,62.277378,70.98843,81.19648
TJSJ,4/1/2018,82.9,72,0.0001,62.277378,75.638504,93.4268
TJSJ,4/2/2018,84,73.9,,60.814526,74.87908,84.972496
TJSJ,4/3/2018,82.9,73,,64.68674,76.53854,87.58521
TJSJ,4/4/2018,84.9,73.9,0.0001,67.280304,81.16189,87.72512
TJSJ,4/5/2018,86,75,,65.257545,78.51315,90.39978
TJSJ,4/6/2018,86,75,0.0001,63.395924,77.71276,87.72512
TJSJ,4/7/2018,84.9,73.9,0.06,69.59207,81.15245,93.50594
TJSJ,4/8/2018,89.1,75.9,,55.315365,73.49811,87.72512
TJSJ,4/9/2018,87.1,75,0.07,60.923714,76.44609,96.38104
TJSJ,4/10/2018,84.9,75.9,0.14,60.952366,77.19324,90.73938
TJSJ,4/11/2018,86,73.9,0.07,57.163784,77.80735,97.016945
TJSJ,4/12/2018,89.1,73.9,0.0001,57.163784,75.11079,87.681946
TJSJ,4/13/2018,87.1,73,0.06,56.751534,74.61422,93.79415
TJSJ,4/14/2018,84.9,75,0.19,63.156197,78.1942,97.04129
TJSJ,4/15/2018,86,73.9,0.0001,56.506313,75.53093,90.974266
TJSJ,4/16/2018,86,75,0.05,63.0984,80.01435,93.55792
TJSJ,4/17/2018,84.9,75,0.71,69.27759,83.881546,90.73938
TJSJ,4/18/2018,86,73.9,0.27,69.59207,83.55116,97.016945
TJSJ,4/19/2018,88,75,0.0001,55.193634,75.1902,93.52941
TJSJ,4/20/2018,84.9,75,0.06,69.59207,79.86514,90.73938
TJSJ,4/21/2018,84,73.9,0.93,67.177505,83.28904,100
TJSJ,4/22/2018,82.9,75,0.0001,65.13056,76.47443,85.08769
TJSJ,4/23/2018,84,75,0.05,79.057945,86.48849,92.96513
TJSJ,4/24/2018,84.9,73.9,0.0001,62.857838,77.913376,93.50594
TJSJ,4/25/2018,89.1,75,0.0001,43.40243,73.88182,90.73938
TJSJ,4/26/2018,88,75.9,0.0001,67.280304,81.40034,90.172104
TJSJ,4/27/2018,88,75.9,0.0001,55.193634,73.85602,90.73938
TJSJ,4/28/2018,87.1,75,0.17,62.615204,74.43239,85.08769
TJSJ,4/29/2018,87.1,73.9,,56.506313,74.452255,84.972496
TJSJ,4/30/2018,86,75,,58.549393,72.33351,85.08769
TJSJ,5/1/2018,82.9,75.9,0.27,65.026215,81.51719,90.21457
TJSJ,5/2/2018,84.9,73.9,,54.77119,77.712036,93.79415
TJSJ,5/3/2018,84,73.9,0.71,72.10829,86.67835,97.04129
TJSJ,5/4/2018,86,73.9,0.2,65.36098,83.60083,93.79415
TJSJ,5/5/2018,86,75,0.0001,65.36098,79.50706,93.52941
TJSJ,5/6/2018,86,75,0.03,61.064674,78.19047,93.52941
TJSJ,5/7/2018,87.1,75.9,0.0001,57.01807,73.65223,84.57616
TJSJ,5/8/2018,86,73.9,0.03,58.95082,73.96852,87.628876
TJSJ,5/9/2018,86,75,0.1,62.857838,80.83961,90.73938
TJSJ,5/10/2018,87.1,73.9,0.0001,60.283,74.73005,87.72512
TJSJ,5/11/2018,84,75,0.07,63.156197,76.06602,87.72512
TJSJ,5/12/2018,84,73.9,0.26,67.05904,84.699844,97.016945
TJSJ,5/13/2018,88,73.9,0.0001,53.147194,76.362015,93.50594
TJSJ,5/14/2018,88,75.9,0.04,58.95082,74.7168,90.73938
TJSJ,5/15/2018,84.9,75.9,0.0001,58.43191,74.00684,90.172104
TJSJ,5/16/2018,84.9,75,0.05,62.857838,77.47379,93.52941
TJSJ,5/17/2018,87.1,73.9,0.03,61.064674,76.62294,90.974266
TJSJ,5/18/2018,84.9,75,0.23,62.857838,78.20369,93.52941
TJSJ,5/19/2018,82.9,75,0.39,74.151726,86.04303,93.55792
TJSJ,5/20/2018,84.9,73.9,0.63,69.59207,80.863785,90.974266
TJSJ,5/21/2018,84,70,0.44,72.10829,81.81378,96.322716
TJSJ,5/22/2018,84.9,73.9,0.74,74.325455,83.66285,97.04129
TJSJ,5/23/2018,84.9,75,0.7,69.59207,81.63647,93.55792
TJSJ,5/24/2018,86,75.9,,69.685555,81.57413,93.55792
TJSJ,5/25/2018,84.9,77,0.05,76.526184,85.23279,93.55792
TJSJ,5/26/2018,86,75.9,0.02,61.064674,78.77082,90.172104
TJSJ,5/27/2018,86,75,,74.50657,82.78775,90.92372
TJSJ,5/28/2018,89.1,77,0.02,57.427124,78.70868,96.42644
TJSJ,5/29/2018,86,77,0.06,67.27328,79.655205,96.42644
TJSJ,5/30/2018,87.1,75,0.0001,64.954704,81.196915,90.249115
TJSJ,5/31/2018,86,78.1,0.0001,69.59207,79.91531,90.21457
TJSJ,6/1/2018,88,77,,63.01707,76.29524,87.5789
TJSJ,6/2/2018,91.9,78.1,,52.247787,74.89474,90.21457
TJSJ,6/3/2018,91,77,,48.48942,72.67685,84.40946
TJSJ,6/4/2018,88,77,,63.01707,74.19203,90.172104
TJSJ,6/5/2018,89.1,77,,57.18277,72.99973,84.57616
TJSJ,6/6/2018,88,77,,65.49481,80.53671,90.92372
TJSJ,6/7/2018,90,77,0.0001,59.147587,75.54599,90.249115
TJSJ,6/8/2018,88,77,0.21,63.124584,79.72327,92.96513
TJSJ,6/9/2018,87.1,75,0.55,64.954704,82.604065,97.04129
TJSJ,6/10/2018,88,75.9,0.0001,67.393654,79.34758,97.04129
TJSJ,6/11/2018,90,78.1,0.23,53.424034,74.28839,92.96513
TJSJ,6/12/2018,90,78.1,0.0001,59.26213,77.89228,92.96513
TJSJ,6/13/2018,88,78.1,,67.27328,80.61803,90.249115
TJSJ,6/14/2018,88,78.1,,58.95082,77.864586,90.249115
TJSJ,6/15/2018,87.1,78.1,0.0001,63.0984,74.62877,86.949745
TJSJ,6/16/2018,89.1,78.1,,60.923714,73.005325,84.52736
TJSJ,6/17/2018,93,79,,48.930344,71.031334,87.5789
TJSJ,6/18/2018,90,78.1,,56.919083,75.60285,90.21457
TJSJ,6/19/2018,88,78.1,0.24,64.954704,80.09355,92.96513
TJSJ,6/20/2018,91,79,,51.93074,73.971085,87.5789
TJSJ,6/21/2018,88,78.1,,53.638535,74.67261,87.5789
TJSJ,6/22/2018,87.1,78.1,0.14,67.6068,81.13593,90.249115
TJSJ,6/23/2018,80.6,70,1.74,76.790886,91.01685,100
TJSJ,6/24/2018,88,77,0.0001,59.20717,80.681175,93.55792
TJSJ,6/25/2018,87.1,79,0.0001,65.26648,78.44235,87.5789
TJSJ,6/26/2018,87.1,79,,67.393654,79.86494,87.050026
TJSJ,6/27/2018,87.1,78.8,0.0001,67.27328,78.98365,84.52736
TJSJ,6/28/2018,88,78.1,0.0001,67.393654,81.636345,90.249115
TJSJ,6/29/2018,88,78.1,0.0001,69.448425,81.62731,90.21457
TJSJ,6/30/2018,87.1,79,,63.0984,77.31299,87.050026
TJSJ,7/1/2018,87.1,78.1,0.0001,67.27328,78.84929,87.6745
TJSJ,7/2/2018,87.1,78.1,0.04,69.448425,82.15193,93.66005
TJSJ,7/3/2018,90,78.1,,57.18277,77.17898,93.60928
TJSJ,7/4/2018,89.1,79,,63.01707,75.54114,84.52736
TJSJ,7/5/2018,88,80.1,,64.954704,75.963295,84.474464
TJSJ,7/6/2018,88,79,0.0001,60.923714,75.00633,84.474464
TJSJ,7/7/2018,90,78.1,0.0001,60.923714,76.220474,87.5789
TJSJ,7/8/2018,88,79,0.11,71.92741,81.93503,93.637276
TJSJ,7/9/2018,82.9,75,1.95,84.52736,95.17177,100
TJSJ,7/10/2018,89.1,78.1,0.0001,59.147587,79.447815,93.60928
TJSJ,7/11/2018,88,78.1,0.0001,69.448425,83.064835,97.07845
TJSJ,7/12/2018,86,78.1,,65.26648,75.57959,84.40946
TJSJ,7/13/2018,89.1,77,0.0001,59.20717,75.77463,90.172104
TJSJ,7/14/2018,87.1,79,0.06,71.92741,81.98902,93.637276
TJSJ,7/15/2018,87.1,79,0.02,71.92741,82.90661,93.637276
TJSJ,7/16/2018,88,79,0.23,74.50657,86.13187,97.07845
TJSJ,7/17/2018,88,77,,69.448425,83.1277,96.42644
TJSJ,7/18/2018,88,79,0.0001,67.49169,78.932144,90.29109
TJSJ,7/19/2018,87.1,77,0.73,67.393654,87.70297,100
TJSJ,7/20/2018,90,79,,63.25543,79.72605,93.66005
TJSJ,7/21/2018,89.1,79,0.0001,63.124584,77.5909,88.01197
TJSJ,7/22/2018,88,79,,61.241543,74.82013,84.474464
TJSJ,7/23/2018,88,78.1,0.05,55.044296,74.684616,87.050026
TJSJ,7/24/2018,89.1,77,0.0001,65.49481,80.39198,96.41042
TJSJ,7/25/2018,89.1,78.1,0.14,65.49481,80.41712,96.42644
TJSJ,7/26/2018,88,73.9,0.71,60.923714,83.9506,97.07845
TJSJ,7/27/2018,90,78.1,0.0001,59.147587,76.62502,92.96513
TJSJ,7/28/2018,88,77,0.07,65.36098,78.536736,96.42644
TJSJ,7/29/2018,87.1,77,0.15,63.01707,78.04081,90.21457
TJSJ,7/30/2018,87.1,80.1,0.09,77.3703,81.64107,93.992455
TJSJ,7/31/2018,87.1,79,0.03,67.393654,77.35694,90.29109
TJSJ,8/1/2018,87.1,78.1,0.18,67.27328,79.02672,90.249115
TJSJ,8/2/2018,87.1,77,,63.395924,75.944664,86.949745
TJSJ,8/3/2018,88,78.1,0.0001,60.923714,75.672226,84.866806
TJSJ,8/4/2018,88,79,0.05,63.0984,80.81961,97.07845
TJSJ,8/5/2018,88,75.9,1.35,74.50657,83.93809,100
TJSJ,8/6/2018,89.1,77,0.12,69.448425,84.26419,100
TJSJ,8/7/2018,90,80.1,,60.966244,79.42909,90.29109
TJSJ,8/8/2018,88,80.1,,67.393654,78.31515,87.6745
TJSJ,8/9/2018,88,80.1,,67.49169,77.63382,84.52736
TJSJ,8/10/2018,90,77,0.0001,53.638535,72.840836,87.48222
TJSJ,8/11/2018,90,78.1,0.0001,63.01707,77.1073,93.637276
TJSJ,8/12/2018,89.1,78.1,0.03,61.241543,77.1264,93.60928
TJSJ,8/13/2018,89.1,79,0.0001,63.395924,77.36641,87.6745
TJSJ,8/14/2018,89.1,78.1,0.0001,60.966244,77.306175,93.60928
TJSJ,8/15/2018,89.1,79,0.0001,63.25543,74.58759,82.02644
TJSJ,8/16/2018,89.1,75,1.55,63.25543,81.07978,96.41042
TJSJ,8/17/2018,88,77,0.41,69.448425,82.45833,93.55792
TJSJ,8/18/2018,87.1,77,0.29,64.954704,80.475,96.41042
TJSJ,8/19/2018,90,77,0.03,55.315365,73.50638,84.57616
TJSJ,8/20/2018,89.1,77,0.0001,63.25543,76.18381,87.48222
TJSJ,8/21/2018,88,78.1,0.0001,64.954704,76.49989,84.52736
TJSJ,8/22/2018,89.1,79,0.07,57.427124,76.24372,84.866806
TJSJ,8/23/2018,89.1,77,0.02,65.49481,74.92911,84.40946
TJSJ,8/24/2018,87.1,75.9,0.14,67.6068,77.40688,87.5789
TJSJ,8/25/2018,89.1,78.1,0.02,61.241543,73.64554,81.89149
TJSJ,8/26/2018,89.1,75.9,0.5,57.427124,76.120415,90.172104
TJSJ,8/27/2018,86,78.1,0.04,67.27328,79.81169,90.249115
TJSJ,8/28/2018,88,77,0.47,72.03415,82.31769,93.55792
TJSJ,8/29/2018,88,79,0.1,71.92741,81.78857,90.29109
TJSJ,8/30/2018,82.9,75,0.98,76.36474,87.99459,94.22723
TJSJ,8/31/2018,90,75,,57.18277,75.37076,90.172104
TJSJ,9/1/2018,88,78.1,0.0001,60.923714,75.71586,87.5789
TJSJ,9/2/2018,88,79,0.0001,63.01707,74.47127,81.89149
TJSJ,9/3/2018,89.1,78.1,0.51,60.966244,79.69528,100
TJSJ,9/4/2018,89.1,77,0.05,69.448425,79.25316,90.172104
TJSJ,9/5/2018,87.1,75.9,0.04,67.27328,80.11655,87.5789
TJSJ,9/6/2018,87.1,77,,67.393654,78.086136,87.5789
TJSJ,9/7/2018,88,78.1,0.0001,63.124584,76.30759,86.949745
TJSJ,9/8/2018,88,80.1,0.0001,64.954704,72.19725,81.82045
TJSJ,9/9/2018,87.1,78.1,0.0001,63.01707,76.300804,87.5789
TJSJ,9/10/2018,87.1,79,,67.393654,75.40764,84.40946
TJSJ,9/11/2018,88,80.1,0.0001,67.393654,76.94306,84.474464
TJSJ,9/12/2018,88,77,0.11,65.49481,78.004684,88.01197
TJSJ,9/13/2018,89.1,78.1,0.27,63.25543,77.78211,90.92372
TJSJ,9/14/2018,86,75.9,0.29,69.685555,83.2571,93.55792
TJSJ,9/15/2018,91.9,77,0.0001,55.58441,74.35871,93.55792
TJSJ,9/16/2018,88,79,0.0001,69.448425,77.247604,84.52736
TJSJ,9/17/2018,91.9,78.1,,55.71818,73.88428,90.249115
TJSJ,9/18/2018,89.1,79,,67.49169,78.678116,87.5789
TJSJ,9/19/2018,91,80.1,0.0001,61.48733,76.97263,90.29109
TJSJ,9/20/2018,93,79,0.0001,45.68785,71.0041,84.52736
TJSJ,9/21/2018,89.1,79,0.0001,65.18404,75.3443,84.52736
TJSJ,9/22/2018,89.1,77,0.08,65.49481,76.5103,87.5789
TJSJ,9/23/2018,90,78.1,0.14,63.124584,76.39686,90.249115
TJSJ,9/24/2018,89.1,78.1,0.05,63.124584,76.63967,87.5789
TJSJ,9/25/2018,89.1,77,0.31,69.448425,84.38543,93.55792
TJSJ,9/26/2018,88,77,0.07,65.26648,77.44614,90.249115
TJSJ,9/27/2018,88,75.9,0.27,69.448425,79.973785,90.21457
TJSJ,9/28/2018,88,75.9,0.64,63.124584,82.528656,96.41042
TJSJ,9/29/2018,86,75.9,0.27,69.799286,83.11639,93.60928
TJSJ,9/30/2018,87.1,78.1,,67.27328,79.37835,90.21457
TJSJ,10/1/2018,87.1,77,,67.6068,76.729996,86.949745
TJSJ,10/2/2018,87.1,75.9,,61.20137,74.19571,87.48222
TJSJ,10/3/2018,88,77,0.75,63.01707,75.40325,84.35599
TJSJ,10/4/2018,86,79,0.1,74.42529,84.85596,90.29109
TJSJ,10/5/2018,88,75.9,0.75,65.26648,83.354294,90.249115
TJSJ,10/6/2018,87.1,75,0.4,61.064674,83.50649,93.50594
TJSJ,10/7/2018,86,75,0.13,74.50657,84.46255,90.172104
TJSJ,10/8/2018,91,78.1,0.18,57.49431,77.874504,90.29109
TJSJ,10/9/2018,88,75.9,0.64,69.448425,81.7787,90.21457
TJSJ,10/10/2018,87.1,75.9,0.14,64.954704,76.14266,87.5789
TJSJ,10/11/2018,87.1,78.1,0.0001,67.27328,77.04648,84.40946
TJSJ,10/12/2018,87.1,77,0.0001,65.26648,77.527336,84.35599
TJSJ,10/13/2018,86,75.9,0.0001,65.36098,78.732315,85.08769
TJSJ,10/14/2018,88,75.9,,61.241543,77.9304,87.48222
TJSJ,10/15/2018,84,75.9,0.1,81.41737,85.7058,90.73938
TJSJ,10/16/2018,84.9,77,0.53,74.325455,84.892006,90.29109
TJSJ,10/17/2018,86,77,0.34,69.799286,82.38336,90.2491
TJSJ,10/18/2018,87.1,78.1,0.0001,63.0984,76.03062,87.5789
TJSJ,10/19/2018,88,77,0.0001,63.01707,74.16479,84.35599
TJSJ,10/20/2018,87.1,78.1,0.15,69.59207,76.990105,87.5789
TJSJ,10/21/2018,87.1,75.9,0.09,67.27328,79.11831,93.52941
TJSJ,10/22/2018,87.1,78.1,0.1,69.799286,80.43053,87.6745
TJSJ,10/23/2018,86,75.2,1.02,69.685555,81.963196,97.04129
TJSJ,10/24/2018,87.1,77,0.0001,67.6068,78.743324,90.21457
TJSJ,10/25/2018,88,78.1,0.0001,61.241543,76.1528,86.949745
TJSJ,10/26/2018,87.1,77,0.0001,63.0984,75.46609,87.5789
TJSJ,10/27/2018,87.1,77,0.0001,63.01707,73.69302,81.89149
TJSJ,10/28/2018,87.1,79,0.03,58.95082,72.29779,84.474464
TJSJ,10/29/2018,86,78.1,,65.13056,72.62314,84.35599
TJSJ,10/30/2018,87.1,77,,59.092064,69.36483,84.57616
TJSJ,10/31/2018,88,77,0.26,63.0984,72.92074,82.02644
TJSJ,11/1/2018,88,78.1,0.08,64.954704,78.804474,87.5789
TJSJ,11/2/2018,86,75.9,0.71,71.777084,79.24292,87.5789
TJSJ,11/3/2018,87.1,75,0.22,65.26648,74.87758,90.3998
TJSJ,11/4/2018,80.1,73,0.64,78.98865,87.6759,93.79415
TJSJ,11/5/2018,84.9,75.2,1.97,69.685555,83.4172,94.18534
TJSJ,11/6/2018,84,75.9,0.07,74.151726,82.949875,90.73938
TJSJ,11/7/2018,84,75.9,0.0001,74.325455,83.11099,90.73938
TJSJ,11/8/2018,87.1,77,0.89,65.36098,80.89024,90.249115
TJSJ,11/9/2018,86,78.1,0.0001,71.92741,82.45384,90.21457
TJSJ,11/10/2018,86,78.1,0.02,72.30214,83.30688,90.29109
TJSJ,11/11/2018,84.9,75.9,0.28,69.685555,80.66908,92.96513
TJSJ,11/12/2018,84.9,77,0.31,72.30214,82.5895,90.21457
TJSJ,11/13/2018,84.9,75.9,0.29,72.30214,83.0075,90.29109
TJSJ,11/14/2018,82.9,75.9,0.07,76.526184,84.5958,90.172104
TJSJ,11/15/2018,88,75.9,,65.36098,81.32816,90.73938
TJSJ,11/16/2018,86,75,0.08,69.685555,82.94942,90.29109
TJSJ,11/17/2018,87.1,75.9,0.0001,58.95082,77.64018,93.55792
TJSJ,11/18/2018,86,73.9,0.0001,63.395924,74.62153,87.628876
TJSJ,11/19/2018,87.1,75.9,0.04,55.044296,72.95428,90.73938
TJSJ,11/20/2018,86,75.9,0.03,65.26648,77.13023,92.96513
TJSJ,11/21/2018,87.1,75,0.02,57.163784,75.44832,90.21457
TJSJ,11/22/2018,87.1,75,0.0001,57.163784,72.82676,87.681946
TJSJ,11/23/2018,86,73.9,0.0001,59.21356,73.94997,87.681946
TJSJ,11/24/2018,89.1,73.9,,55.315365,73.77675,87.628876
TJSJ,11/25/2018,86,75,0.0001,63.395924,78.30303,87.72512
TJSJ,11/26/2018,86,77,,69.685555,80.09738,90.172104
TJSJ,11/27/2018,84.9,75.9,0.0001,67.280304,78.90036,87.72512
TJSJ,11/28/2018,90,73.9,,49.88376,72.52479,90.73938
TJSJ,11/29/2018,87.1,73.9,,47.733757,71.32855,81.95878
TJSJ,11/30/2018,84.9,73.9,0.0001,63.395924,76.17763,87.628876
TJSJ,12/1/2018,86,73,0.13,63.0984,76.780495,87.628876
TJSJ,12/2/2018,86,73.9,0.0001,58.692406,75.003654,84.45763
TJSJ,12/3/2018,86,73.9,0.08,67.280304,80.788765,90.73938
TJSJ,12/4/2018,84.9,75,0.02,67.280304,78.25568,87.72512
TJSJ,12/5/2018,86,75,0.0001,61.064674,74.771225,87.681946
TJSJ,12/6/2018,84.9,73.9,0.0001,62.857838,75.94609,87.681946
TJSJ,12/7/2018,86,75.9,0.1,65.36098,78.77971,90.73938
TJSJ,12/8/2018,84,75.9,0.06,71.72483,78.11169,85.08769
TJSJ,12/9/2018,84.9,72,,51.210354,71.89736,84.972496
TJSJ,12/10/2018,87.1,73.9,0.0001,51.36681,72.794624,84.972496
TJSJ,12/11/2018,88,75.9,,56.919083,71.791916,82.03341
TJSJ,12/12/2018,84.9,73,0.03,60.283,74.20371,84.972496
TJSJ,12/13/2018,84.9,73,0.0001,59.21356,75.170906,90.39978
TJSJ,12/14/2018,86,73.9,0.2,65.257545,81.52014,93.50594
TJSJ,12/15/2018,87.1,75,0.0001,55.193634,73.332054,84.45763
TJSJ,12/16/2018,86,73.9,0.0001,63.395924,75.05861,90.974266
TJSJ,12/17/2018,88,72,,47.733757,69.28902,87.58521
TJSJ,12/18/2018,86,72,,56.506313,70.55954,84.972496
TJSJ,12/19/2018,84,72,0.02,66.61727,77.90476,85.08769
TJSJ,12/20/2018,86,72,0.08,59.21356,75.81537,90.594666
TJSJ,12/21/2018,86,73,0.0001,52.994083,72.21054,84.972496
TJSJ,12/22/2018,81,72,0.05,71.34513,84.405815,93.55792
TJSJ,12/23/2018,84.9,73,0.0001,58.692406,78.20544,93.77152
TJSJ,12/24/2018,84.9,73,0.19,60.365044,78.04354,87.681946
TJSJ,12/25/2018,82,72,0.08,67.05904,79.34219,90.32327
TJSJ,12/26/2018,84.9,73,0.0001,60.814526,73.52888,87.628876
TJSJ,12/27/2018,84,75,0.33,69.61913,81.675896,90.73938
TJSJ,12/28/2018,82,73.9,0.67,71.72483,81.89749,93.79415
TJSJ,12/29/2018,82.9,73.9,0.08,67.05904,77.22649,90.39978
TJSJ,12/30/2018,82.9,75.9,0.0001,56.29896,67.04557,76.62149
TJSJ,12/31/2018,82,75,0.19,54.620113,72.45696,90.32327
TJSJ,1/1/2019,82.9,75.9,0.0001,58.09791,70.81185,85.08769
TJSJ,1/2/2019,82,75.9,0.03,58.43191,73.525536,90.974266
TJSJ,1/3/2019,82.9,75,0.02,60.814526,72.478546,81.89738
TJSJ,1/4/2019,84,75,0.0001,57.01807,75.451805,90.39978
TJSJ,1/5/2019,84,75,0.0001,56.751534,75.3169,93.79415
TJSJ,1/6/2019,84,75,0.0001,58.692406,77.43345,87.681946
TJSJ,1/7/2019,84,75.9,0.0001,65.13056,76.81273,87.58521
TJSJ,1/8/2019,82,75.9,0.0001,58.549393,69.697815,81.82193
TJSJ,1/9/2019,82,73,0.02,64.68674,79.37764,90.32327
TJSJ,1/10/2019,81,75.9,,62.277378,76.82878,90.594666
TJSJ,1/11/2019,84.9,73.9,,59.21356,73.14733,85.08769
TJSJ,1/12/2019,82,75.9,0.03,65.026215,77.098305,90.594666
TJSJ,1/13/2019,82.9,75,0.04,63.156197,76.83093,87.681946
TJSJ,1/14/2019,82.9,75.9,0.0001,60.814526,73.61552,84.337776
TJSJ,1/15/2019,84,73.9,0.0001,54.620113,71.01584,87.23564
TJSJ,1/16/2019,82.9,73,0.0001,63.156197,75.78427,84.972496
TJSJ,1/17/2019,78.1,71.6,0.22,73.59218,83.36526,94.05696
TJSJ,1/18/2019,82.9,73,0.0001,62.615204,75.5507,89.93965
TJSJ,1/19/2019,82.9,75,,58.549393,73.475624,83.93082
TJSJ,1/20/2019,84,75,0.0001,58.549393,69.65231,78.86083
TJSJ,1/21/2019,81,75,0.08,69.06545,78.834206,84.57616
TJSJ,1/22/2019,82.9,75.9,0.18,63.156197,78.915085,90.974266
TJSJ,1/23/2019,82.9,73.9,0.18,69.27759,78.79972,90.974266
TJSJ,1/24/2019,84,73.9,0.34,58.692406,80.41575,93.77152
TJSJ,1/25/2019,80.1,73,0.78,71.14396,84.95994,96.678116
TJSJ,1/26/2019,82.9,73.9,0.0001,52.928852,74.03619,87.58521
TJSJ,1/27/2019,82.9,75,0.0001,54.77119,73.75871,87.135025
TJSJ,1/28/2019,84,75,0.03,56.506313,74.76667,84.337776
TJSJ,1/29/2019,87.1,75.9,,40.30533,71.44421,87.23564
TJSJ,1/30/2019,84,75.9,0.0001,62.8578,73.00884,81.9588
TJSJ,1/31/2019,82,73.9,0.16,64.136,77.34966,90.3998
TJSJ,2/1/2019,82,75,0.0001,60.283,73.929276,87.5852
TJSJ,2/2/2019,82,75,,56.2374,71.94797,89.8954
TJSJ,2/3/2019,82,75,,62.6152,75.344635,84.4576
TJSJ,2/4/2019,82,73.9,0.0001,60.283,75.193535,87.2356
TJSJ,2/5/2019,82.9,77,,67.1775,76.484406,87.2356
TJSJ,2/6/2019,82.9,71.1,0.7,67.617,80.647644,90.9743
TJSJ,2/7/2019,82.9,77,0.06,60.283,78.56982,93.7715
TJSJ,2/8/2019,82.9,75.9,0.09,69.2776,76.83728,85.0877
TJSJ,2/9/2019,82,75.9,0.23,66.3909,78.060036,90.9743
TJSJ,2/10/2019,82.9,75,0.28,65.0262,79.5906,90.9743
TJSJ,2/11/2019,82.9,75,0.03,60.8145,75.962746,84.9725
TJSJ,2/12/2019,82.9,75,0.02,56.2374,74.36205,87.5852
TJSJ,2/13/2019,84,77,0.02,58.4319,71.49834,84.9725
TJSJ,2/14/2019,84.9,77,0.09,56.5063,76.802505,90.5947
TJSJ,2/15/2019,86,77,0.02,54.7712,74.2905,87.2356
TJSJ,2/16/2019,88,79,,53.6385,70.79673,90.5947
TJSJ,2/17/2019,87.1,75,,56.9191,75.07389,87.6819
TJSJ,2/18/2019,82.9,75,0.0001,60.8145,76.34867,87.6819
TJSJ,2/19/2019,82,75.9,0.0001,66.2655,73.665276,84.4576
TJSJ,2/20/2019,78.1,73.9,0.21,67.1775,82.21174,93.4268
TJSJ,2/21/2019,84,73.9,0.02,54.6201,71.91192,84.9725
TJSJ,2/22/2019,82.9,77,0.0001,67.059,74.94069,81.9588
TJSJ,2/23/2019,84,75,0.0001,54.7712,71.36898,87.6819
TJSJ,2/24/2019,82.9,75.9,0.03,56.7515,69.99083,87.5852
TJSJ,2/25/2019,83,73,0.0001,67.059,73.470406,81.9588
TJSJ,2/26/2019,83,73,0.14,60.8145,71.86492,93.7715
TJSJ,2/27/2019,82,73,0.25,66.6173,79.4605,90.3233
TJSJ,2/28/2019,84,72,0.03,62.8578,79.56025,90.9743
TJSJ,3/1/2019,86,72,0.01,59.21356,75.55952,87.6289
TJSJ,3/2/2019,85,71,0.0001,56.7515,72.870544,87.23564
TJSJ,3/3/2019,86,72,0.0001,52.994083,70.432205,84.3378
TJSJ,3/4/2019,83,72,0.08,58.549393,77.48851,90.9743
TJSJ,3/5/2019,86,72,0.04,56.5063,73.88664,90.9743
TJSJ,3/6/2019,86,71,0.0001,60.8145,74.83237,87.58521
TJSJ,3/7/2019,85,73,0,56.5063,73.584496,87.6289
TJSJ,3/8/2019,85,73,0.01,51.0819,70.62655,81.1965
TJSJ,3/9/2019,85,72,0.28,62.8578,78.012245,90.3233
TJSJ,3/10/2019,84,73,0.01,63.156197,72.272606,81.9588
TJSJ,3/11/2019,83,73,0.11,62.277378,73.24764,79.4743
TJSJ,3/12/2019,83,72,0.05,60.283,73.46163,87.58521
TJSJ,3/13/2019,82,72,0.07,69.27759,77.972176,90.9743
TJSJ,3/14/2019,84,73,0.12,60.8145,77.27224,90.9743
TJSJ,3/15/2019,84,73,0.0001,56.5063,72.89546,84.45763
TJSJ,3/16/2019,83,75,0.01,58.0979,67.25749,79.4743
TJSJ,3/17/2019,86,72,0.01,52.994083,71.35569,81.4075
TJSJ,3/18/2019,86,73,0.0001,51.210354,67.05161,81.82193
TJSJ,3/19/2019,87,70,0,47.9135,65.63601,81.2658
TJSJ,3/20/2019,86,74,0.0001,63.156197,73.85597,84.9725
TJSJ,3/21/2019,88,73,0,43.2668,64.746864,84.45763
TJSJ,3/22/2019,87,75,0.01,57.01807,69.63181,81.9588
TJSJ,3/23/2019,86,73,0,59.21356,71.87966,84.9725
TJSJ,3/24/2019,87,73,0.15,56.919083,74.61556,90.9743
TJSJ,3/25/2019,89,75,0,43.2668,67.32127,85.0877
TJSJ,3/26/2019,91,72,0,42.2019,65.612526,84.9725
TJSJ,3/27/2019,91,75,0.0001,46.3888,67.2426,81.9588
TJSJ,3/28/2019,90,74,0,42.2019,65.91485,84.9725
TJSJ,3/29/2019,87,75,0.02,57.163784,74.34228,81.9588
TJSJ,3/30/2019,86,75,0.05,65.13056,74.54386,81.5538
TJSJ,3/31/2019,86,75,0,61.20137,74.04655,87.681946
TJSJ,4/1/2019,86,75,0.0001,65.2575,74.51018,84.45763
TJSJ,4/2/2019,88,74,0.4,51.1676,74.75242,93.7942
TJSJ,4/3/2019,86,75,0.01,57.01807,70.99289,81.9588
TJSJ,4/4/2019,86,75,0.05,58.6924,70.921455,84.45763
TJSJ,4/5/2019,87,75,0.0001,57.163784,70.38478,81.9588
TJSJ,4/6/2019,87,75,0.01,49.4376,70.71954,87.681946
TJSJ,4/7/2019,87,74,0.05,53.147194,67.668304,85.0877
TJSJ,4/8/2019,87,74,0.0001,51.210354,68.077515,78.774345
TJSJ,4/9/2019,87,74,0.03,51.1676,67.78804,79.4743
TJSJ,4/10/2019,87,75,0.09,51.0819,70.477684,84.45763
TJSJ,4/11/2019,90,74,0.1,44.8027,71.61235,90.172104
TJSJ,4/12/2019,90,76,0.0001,49.596455,72.61975,87.72512
TJSJ,4/13/2019,87,74,0.27,55.1936,73.697914,85.0877
TJSJ,4/14/2019,86,74,0.01,52.994083,71.17047,84.9725
TJSJ,4/15/2019,86,73,0.0001,54.77119,69.6702,79.01681
TJSJ,4/16/2019,87,76,0.0001,54.77119,70.43503,85.0877
TJSJ,4/17/2019,86,75,0,62.8578,72.634125,82.03341
TJSJ,4/18/2019,87,75,0.03,58.9508,70.43888,81.9588
TJSJ,4/19/2019,88,76,0.09,51.1676,65.88274,81.5538
TJSJ,4/20/2019,87,74,0.05,55.1936,68.82129,82.03341
TJSJ,4/21/2019,86,73,0.27,61.064674,77.054436,93.7942
TJSJ,4/22/2019,85,75,0.0001,56.5063,69.910194,85.0877
TJSJ,4/23/2019,85,74,0.02,54.6201,66.48798,76.355446
TJSJ,4/24/2019,85,75,0.0001,58.6924,66.527145,75.92354
TJSJ,4/25/2019,85,74,0,56.5063,68.64344,76.355446
TJSJ,4/26/2019,86,76,0,61.064674,71.85376,79.1019
TJSJ,4/27/2019,87,77,0.01,60.9237,72.99122,79.17114
TJSJ,4/28/2019,85,76,1.68,69.685555,80.856316,90.7394
TJSJ,4/29/2019,86,76,0.0001,67.2803,74.85417,84.5762
TJSJ,4/30/2019,85,75,0.02,59.21356,70.349106,79.4743
TJSJ,5/1/2019,86,76,0.0001,62.8578,72.91767,81.8915
TJSJ,5/2/2019,86,77,0.13,67.2803,75.76029,87.48222
TJSJ,5/3/2019,85,76,0.03,63.3959,72.905945,79.1019
TJSJ,5/4/2019,86,75,0.02,59.21356,71.46781,84.45763
TJSJ,5/5/2019,86,75,0.0001,59.21356,71.540855,85.0877
TJSJ,5/6/2019,85,76,0.38,65.2575,78.95719,87.72512
TJSJ,5/7/2019,88,74,0,60.9237,73.099236,87.6289
TJSJ,5/8/2019,85,73,0.04,63.3959,73.59778,87.58521
TJSJ,5/9/2019,84,73,0.01,71.777084,79.093925,84.9725
TJSJ,5/10/2019,85,75,0.02,65.13056,79.28275,85.0877
TJSJ,5/11/2019,86,78,0.02,69.685555,78.16333,84.4095
TJSJ,5/12/2019,89,78,0.13,49.88376,75.09871,84.4745
TJSJ,5/13/2019,92,78,0.02,47.447067,73.16881,84.4095
TJSJ,5/14/2019,93,76,0,43.9861,66.20416,87.72512
TJSJ,5/15/2019,89,77,0.09,63.1246,74.74212,84.5762
TJSJ,5/16/2019,89,78,0,63.2554,74.2194,84.4745
TJSJ,5/17/2019,90,78,0.03,57.4271,73.60331,81.8915
TJSJ,5/18/2019,89,78,0,59.092064,72.32292,81.8915
TJSJ,5/19/2019,89,77,0.28,59.092064,74.23098,81.8915
TJSJ,5/20/2019,88,78,0.05,57.4271,75.47721,81.8915
TJSJ,5/21/2019,90,76,0,55.315365,73.2478,84.356
TJSJ,5/22/2019,88,77,0.0001,60.9237,73.96871,84.5762
TJSJ,5/23/2019,86,77,0.0001,63.3959,74.80128,81.8915
TJSJ,5/24/2019,89,77,0.02,58.9508,76.63176,86.949745
TJSJ,5/25/2019,87,76,0.01,60.9237,74.40033,84.5762
TJSJ,5/26/2019,87,78,0,67.27328,77.45372,87.050026
TJSJ,5/27/2019,87,78,0,67.6068,76.89949,86.949745
TJSJ,5/28/2019,85,78,0.35,67.2803,79.50997,87.5789
TJSJ,5/29/2019,87,74,0.13,58.9508,80.80306,90.7394
TJSJ,5/30/2019,83,74,0.21,71.777084,82.25101,90.7394
TJSJ,5/31/2019,89,77,0.0001,59.092064,74.55507,90.172104
TJSJ,6/1/2019,87,75,0.02,63.0984,74.48935,90.3998
TJSJ,6/2/2019,84,77,0.6,65.2575,80.982124,93.6093
TJSJ,6/3/2019,91,76,0,57.18277,75.51034,90.172104
TJSJ,6/4/2019,89,78,0.02,63.124584,78.13977,87.5789
TJSJ,6/5/2019,89,78,0.0001,67.27328,77.692924,87.5789
TJSJ,6/6/2019,91,79,0.03,55.5844,74.61935,87.5789
TJSJ,6/7/2019,90,79,0.0001,64.9547,76.03807,84.4745
TJSJ,6/8/2019,88,78,1.02,63.156197,76.96501,84.866806
TJSJ,6/9/2019,90,78,0.0001,60.9662,76.11391,87.5789
TJSJ,6/10/2019,90,79,0.01,59.20717,73.39189,87.050026
TJSJ,6/11/2019,88,78,0,59.20717,73.43407,84.356
TJSJ,6/12/2019,88,77,0.32,64.9547,76.147606,90.2146
TJSJ,6/13/2019,89,78,0.01,59.20717,75.177986,86.949745
TJSJ,6/14/2019,88,78,0.03,64.9547,75.31716,84.4745
TJSJ,6/15/2019,88,77,0.19,67.27328,78.81634,90.249115
TJSJ,6/16/2019,88,78,0.41,67.27328,81.407005,93.6373
TJSJ,6/17/2019,88,78,0.0001,67.393654,80.669846,96.42644
TJSJ,6/18/2019,88,79,0.0001,69.4484,77.392914,87.5789
TJSJ,6/19/2019,88,79,0.0001,67.49169,79.033936,87.050026
TJSJ,6/20/2019,90,79,0.04,63.2554,75.75393,90.249115
TJSJ,6/21/2019,92,79,0,57.18277,73.13774,84.5274
TJSJ,6/22/2019,89,78,0,63.124584,78.417366,87.5789
TJSJ,6/23/2019,89,76,0,63.2554,74.97634,87.72512
TJSJ,6/24/2019,89,78,0,67.393654,78.31635,90.2146
TJSJ,6/25/2019,90,79,0.04,70.1166,83.54715,97.0785
TJSJ,6/26/2019,90,78,0.09,61.4873,75.441925,87.5789
TJSJ,6/27/2019,91,77,0.23,61.4873,78.35588,90.172104
TJSJ,6/28/2019,90,77,0.05,59.20717,75.40645,87.48222
TJSJ,6/29/2019,89,80,0.0001,64.9547,75.62462,84.4745
TJSJ,6/30/2019,90,81,0.0001,61.2415,74.748634,84.866806
TJSJ,7/1/2019,90,78,0.0001,60.9662,73.43299,81.82045
TJSJ,7/2/2019,90,79,0.0001,63.124584,72.86633,79.4675
TJSJ,7/3/2019,90,79,0,57.18277,70.95296,81.8915
TJSJ,7/4/2019,92,79,0.0001,51.9307,68.97789,78.98865
TJSJ,7/5/2019,90,78,1.08,60.9662,78.35209,94.2687
TJSJ,7/6/2019,88,78,0,64.9547,73.15165,84.356
TJSJ,7/7/2019,87,80,0.01,63.0984,73.546936,82.02644
TJSJ,7/8/2019,90,78,0.0001,67.49169,75.86342,82.42622
TJSJ,7/9/2019,92,80,0.01,55.8381,73.258545,87.6745
TJSJ,7/10/2019,90,81,0,63.2554,75.75922,84.866806
TJSJ,7/11/2019,89,80,0.01,63.01707,71.48289,79.39962
TJSJ,7/12/2019,89,79,0.0001,64.9547,72.69043,81.8915
TJSJ,7/13/2019,89,78,0.16,63.01707,76.93763,90.249115
TJSJ,7/14/2019,89,78,0.15,65.184,77.781334,88.012
TJSJ,7/15/2019,89,80,0.03,69.4484,78.0707,88.012
TJSJ,7/16/2019,89,80,0,65.4948,74.26613,82.02644
TJSJ,7/17/2019,89,76,0.51,61.2415,75.1025,90.7394
TJSJ,7/18/2019,90,79,0.0001,60.9662,75.03287,87.5789
TJSJ,7/19/2019,90,76,0.45,65.184,79.913414,88.0535
TJSJ,7/20/2019,89,79,0.1,60.9237,77.51982,93.6093
TJSJ,7/21/2019,90,79,0.1,60.9662,72.58706,81.4174
TJSJ,7/22/2019,90,79,0.0001,59.2621,71.804565,81.8915
TJSJ,7/23/2019,93,79,0.0001,43.9861,70.14337,87.050026
TJSJ,7/24/2019,90,79,0.0001,63.2554,74.6927,84.5274
TJSJ,7/25/2019,88,80,0.14,64.9547,80.01142,93.6373
TJSJ,7/26/2019,89,79,0.01,69.799286,80.088005,90.2911
TJSJ,7/27/2019,89,81,0.01,69.4484,79.388245,88.012
TJSJ,7/28/2019,89,81,0.0001,60.9662,74.96993,88.012
TJSJ,7/29/2019,89,76,0.85,67.393654,84.16538,96.41042
TJSJ,7/30/2019,82,75,2.35,81.41737,90.78466,100
TJSJ,7/31/2019,88,75,0.93,70.00456,86.66029,97.0413
TJSJ,8/1/2019,88,76,0.0001,67.393654,79.857735,93.52941
TJSJ,8/2/2019,89,80,0.01,72.0341,79.73101,85.480934
TJSJ,8/3/2019,92,80,0.01,57.4943,74.03648,87.6745
TJSJ,8/4/2019,89,80,0.0001,61.2415,78.16188,90.2911
TJSJ,8/5/2019,88,79,0.0001,67.49169,77.07626,84.4745
TJSJ,8/6/2019,91,80,0.01,59.147587,75.47403,87.050026
TJSJ,8/7/2019,89,80,0.0001,64.9547,78.207344,87.050026
TJSJ,8/8/2019,89,78,0.15,67.393654,78.772575,90.2146
TJSJ,8/9/2019,93,80,0,55.8381,72.31451,84.866806
TJSJ,8/10/2019,91,79,0.01,55.5844,73.724335,87.050026
TJSJ,8/11/2019,89,78,0.14,57.18277,74.93964,87.050026
TJSJ,8/12/2019,91,78,0.08,60.9662,76.55861,87.5789
TJSJ,8/13/2019,93,80,0,55.5844,72.58599,87.050026
TJSJ,8/14/2019,90,78,0.01,61.4873,74.16375,90.2911
TJSJ,8/15/2019,92,81,0.0001,59.5878,75.80083,87.6745
TJSJ,8/16/2019,89,82,0.12,67.61098,76.90496,85.480934
TJSJ,8/17/2019,89,75,1.7,65.4948,81.096794,97.0413
TJSJ,8/18/2019,89,78,0.31,63.2554,79.652794,90.2911
TJSJ,8/19/2019,89,76,0.89,70.00456,86.23143,93.55792
TJSJ,8/20/2019,88,79,0.0001,67.2803,79.74381,93.6373
TJSJ,8/21/2019,89,78,0.19,61.2415,76.60568,90.249115
TJSJ,8/22/2019,92,77,0.16,53.867287,77.18917,90.249115
TJSJ,8/23/2019,92,79,0.03,54.172462,74.27249,90.249115
TJSJ,8/24/2019,90,80,0.02,70.1166,79.15218,87.050026
TJSJ,8/25/2019,91,81,0,59.2621,72.47101,87.6745
TJSJ,8/26/2019,91,80,0.01,63.2554,73.91663,82.42622
TJSJ,8/27/2019,90,81,0.0001,63.2554,73.56835,82.02644
TJSJ,8/28/2019,87,76,0.12,69.799286,80.82256,90.249115
TJSJ,8/29/2019,91,77,0.09,61.4873,76.2893,84.4095
TJSJ,8/30/2019,94,77,0.0001,49.088055,71.17884,90.2146
TJSJ,8/31/2019,90,81,0.41,63.01707,77.989845,84.866806
TJSJ,9/1/2019,87,77,1.37,69.799286,79.866394,87.5789
TJSJ,9/2/2019,94,79,0.0001,48.9303,70.61625,84.4745
TJSJ,9/3/2019,91,81,0.0001,61.2415,74.051216,82.02644
TJSJ,9/4/2019,90,80,0.04,65.184,75.11636,84.866806
TJSJ,9/5/2019,89,80,0.1,65.4948,78.86711,90.2911
TJSJ,9/6/2019,87,76,2.86,74.50657,84.712166,93.6093
TJSJ,9/7/2019,88,78,0.01,72.0341,81.08674,90.2146
TJSJ,9/8/2019,88,78,0.26,69.4484,79.5478,90.249115
TJSJ,9/9/2019,89,78,0.27,67.49169,80.85491,88.0535
TJSJ,9/10/2019,90,79,0.42,63.2554,82.19572,90.2911
TJSJ,9/11/2019,89.1,79,0.47,67.61098,80.94259,90.2911
TJSJ,9/12/2019,90,79,0.15,69.4484,79.514946,87.6745
TJSJ,9/13/2019,94,79,0.0001,54.443356,76.31246,90.249115
TJSJ,9/14/2019,93,82,0.03,61.4046,74.76502,85.480934
TJSJ,9/15/2019,90,80,1.08,70.00456,78.68457,88.0535
TJSJ,9/16/2019,92,80,0.05,67.49169,78.82889,90.92372
TJSJ,9/17/2019,92,80,0.01,53.867287,74.063156,90.2911
TJSJ,9/18/2019,93,80,0.0001,57.18277,72.8447,84.5274
TJSJ,9/19/2019,92,80,0.08,57.431393,74.87783,84.5274
TJSJ,9/20/2019,91,80,0.0001,60.9662,75.75478,87.6745
TJSJ,9/21/2019,95,81,0.0001,46.142372,67.747826,82.02644
TJSJ,9/22/2019,89,76,0.54,63.124584,78.79388,97.0413
TJSJ,9/23/2019,93,81,0.03,55.9842,74.28334,82.42622
TJSJ,9/24/2019,86,77,0.76,81.8204,88.44503,93.6373
TJSJ,9/25/2019,92,77,0.1,59.2621,77.02131,93.55792
TJSJ,9/26/2019,93,80,0.0001,53.958176,71.327675,82.4262
TJSJ,9/27/2019,92,81,0.0001,59.5878,73.37099,84.5274
TJSJ,9/28/2019,89,80,0.0001,67.49169,76.931786,84.866806
TJSJ,9/29/2019,87,77,0.73,67.393654,83.78117,100
TJSJ,9/30/2019,93,78,0.24,54.172462,78.755424,92.96513
TJSJ,10/1/2019,93,79,0.01,52.348576,72.34212,90.2911
TJSJ,10/2/2019,89,81,0.0001,57.18277,72.5709,84.5274
TJSJ,10/3/2019,91,78,0.0001,42.2019,71.3649,87.5789
TJSJ,10/4/2019,88,80,0.17,72.5989,80.80636,88.012
TJSJ,10/5/2019,89,79,0.0001,67.49169,78.44402,90.2911
TJSJ,10/6/2019,90,80,0.0001,65.26648,77.70382,84.866806
TJSJ,10/7/2019,90,80,0.01,63.124584,76.86982,87.050026
TJSJ,10/8/2019,90,79,0.01,60.9662,73.48122,84.4745
TJSJ,10/9/2019,89,80,0.0001,67.49169,74.98786,82.02644
TJSJ,10/10/2019,88,79,0.01,63.1246,73.72363,87.5789
TJSJ,10/11/2019,88,79,0.0001,64.954704,74.303825,81.89149
TJSJ,10/12/2019,91,78,0.0001,51.93074,70.71833,84.40946
TJSJ,10/13/2019,90,77,0.36,57.18277,72.66258,87.050026
TJSJ,10/14/2019,88,78,0.01,67.393654,77.7116,87.5789
TJSJ,10/15/2019,89,79,0.02,65.49481,77.65981,87.5789
TJSJ,10/16/2019,89,78,0.0001,63.25543,76.23408,90.21457
TJSJ,10/17/2019,89,79,0.0001,63.124584,74.51763,87.5789
TJSJ,10/18/2019,89,79,0.49,63.124584,77.25478,97.07845
TJSJ,10/19/2019,89,78,0.12,67.49169,77.16215,84.40946
TJSJ,10/20/2019,89,78,0.0001,63.25543,77.00422,90.21457
TJSJ,10/21/2019,89,78,0.15,65.49481,79.46686,90.92372
TJSJ,10/22/2019,88,77,0.03,69.448425,81.94153,93.637276
TJSJ,10/23/2019,89,76,0.41,60.923714,82.11135,96.41042
TJSJ,10/24/2019,88,77,0.12,65.49481,82.282074,90.249115
TJSJ,10/25/2019,87,77,0.44,71.92741,82.08533,96.41042
TJSJ,10/26/2019,88,77,0.03,64.954704,78.325066,90.21457
TJSJ,10/27/2019,88,77,0.37,63.124584,81.10754,92.96513
TJSJ,10/28/2019,88,78,0.1,67.393654,79.93177,92.96513
TJSJ,10/29/2019,88,77,0.0001,61.20137,74.081795,92.96513
TJSJ,10/30/2019,88,78,0.01,60.923714,72.568436,86.949745
TJSJ,10/31/2019,88,77,0.11,63.01707,75.85107,90.21457
TJSJ,11/1/2019,87,78,0.01,59.092064,74.17444,84.35599
TJSJ,11/2/2019,88,74,0.96,63.0984,76.27514,90.39978
TJSJ,11/3/2019,87,76,0.0001,65.36098,79.82751,90.73938
TJSJ,11/4/2019,85,75,1,72.10829,85.56375,96.41042
TJSJ,11/5/2019,89,76,0.18,63.124584,81.79468,96.41042
TJSJ,11/6/2019,89,77,0.26,65.26648,81.5223,90.249115
TJSJ,11/7/2019,89,77,0.12,55.463593,78.71188,93.55792
TJSJ,11/8/2019,88,77,0.06,63.0984,79.77885,90.172104
TJSJ,11/9/2019,88,77,0.06,64.954704,79.8925,90.172104
TJSJ,11/10/2019,91,77,0.0001,55.71818,76.04709,92.96513
TJSJ,11/11/2019,89,78,0.03,60.923714,74.248024,84.474464
TJSJ,11/12/2019,88,78,0,47.733757,71.60699,84.35599
TJSJ,11/13/2019,88,75.2,0,62.857838,74.91248,87.72512
TJSJ,11/14/2019,87,76,0.01,67.27328,76.064,87.72512
TJSJ,11/15/2019,86,76,0.39,67.280304,79.53366,93.55792
TJSJ,11/16/2019,87,76,0.02,63.01707,75.587975,90.172104
TJSJ,11/17/2019,87,77,0.0001,67.27328,77.83073,87.5789
TJSJ,11/18/2019,88,78,0.02,69.685555,78.1174,86.949745
TJSJ,11/19/2019,88,78,0.0001,67.27328,78.38025,87.5789
TJSJ,11/20/2019,89,78,0.0001,63.124584,75.87554,90.21457
TJSJ,11/21/2019,89,76,0.51,61.241543,74.46369,90.172104
TJSJ,11/22/2019,86,77,0.15,54.620113,65.81028,87.5789
TJSJ,11/23/2019,87,79,0,55.044296,62.1405,71.34513
TJSJ,11/24/2019,86,75,0.01,55.044296,69.19208,85.08769
TJSJ,11/25/2019,89,76,0.0001,61.20137,75.67627,85.08769
TJSJ,11/26/2019,89,78,0.0001,67.61098,79.742294,88.01197
TJSJ,11/27/2019,88,79,0.02,67.393654,78.57754,93.60928
TJSJ,11/28/2019,86,76,0.21,67.6068,78.091034,93.52941
TJSJ,11/29/2019,86,74,0.33,59.21356,75.97577,97.016945
TJSJ,11/30/2019,86,74,0.09,62.857838,77.46771,93.52941
TJSJ,12/1/2019,82,74,0.41,74.24337,86.44654,97.016945
TJSJ,12/2/2019,91,75,0.01,53.91329,73.45186,90.73938
TJSJ,12/3/2019,93,79,0.03,54.172462,72.50241,84.474464
TJSJ,12/4/2019,90,78,0.1,59.20717,78.28227,87.5789
TJSJ,12/5/2019,91,77,0.0001,52.247787,74.53951,90.249115
TJSJ,12/6/2019,89,78,0,53.638535,73.09345,87.5789
TJSJ,12/7/2019,87,78,0.01,67.27328,76.86572,90.249115
TJSJ,12/8/2019,86,77,0,64.68674,73.26183,84.57616
TJSJ,12/9/2019,86,76,1.03,65.36098,82.914375,93.55792
TJSJ,12/10/2019,86,76,0.41,65.36098,81.07687,90.73938
TJSJ,12/11/2019,86,76,0.15,62.857838,76.874405,87.48222
TJSJ,12/12/2019,86,75,0.63,63.0984,76.89103,93.50594
TJSJ,12/13/2019,86,75,0.35,63.0984,79.546104,90.73938
TJSJ,12/14/2019,87,76,0.07,65.26648,82.30696,93.52941
TJSJ,12/15/2019,89,76,0.09,61.241543,78.65214,93.52941
TJSJ,12/16/2019,85,75,0.69,67.280304,78.4031,90.73938
TJSJ,12/17/2019,87,76,0.18,63.0984,79.44443,86.949745
TJSJ,12/18/2019,88,75,0.12,59.092064,75.79708,87.72512
TJSJ,12/19/2019,88,76,0.0001,61.241543,75.85499,84.57616
TJSJ,12/20/2019,87,76,0.0001,58.95082,74.41871,85.08769
TJSJ,12/21/2019,86,76,0.08,61.064674,78.50371,90.172104
TJSJ,12/22/2019,85,76,0.39,69.59207,80.862404,90.73938
TJSJ,12/23/2019,87,74,0.0001,55.044296,74.86375,90.73938
TJSJ,12/24/2019,89,75,0,55.315365,73.75187,87.72512
TJSJ,12/25/2019,89,78,0,57.18277,71.00369,81.41737
TJSJ,12/26/2019,84,76,0.24,62.857838,82.29009,93.55792
TJSJ,12/27/2019,85,77,0.0001,65.13056,76.33181,90.172104
TJSJ,12/28/2019,85,75,0.0001,67.617035,78.9951,87.72512
TJSJ,12/29/2019,86,75,0.03,71.73187,80.45987,90.39978
TJSJ,12/30/2019,83,76,0.64,65.13056,81.7311,97.04129
TJSJ,12/31/2019,85,76,0.14,74.325455,85.68956,96.41042
TJSJ,1/1/2020,86,76,0.05,72.30214,82.115974,93.55792
TJSJ,1/2/2020,86,78,0.06,69.59207,77.35391,92.96513
TJSJ,1/3/2020,83,75,0.88,67.05904,83.31252,97.04129
TJSJ,1/4/2020,84,76,0.02,58.692406,72.31912,85.08769
TJSJ,1/5/2020,84,74,0.05,72.10829,83.09784,93.52941
TJSJ,1/6/2020,82,75,0.36,74.24337,86.4106,96.38104
TJSJ,1/7/2020,85,76,0.03,62.857838,77.2241,87.72512
TJSJ,1/8/2020,85,75,0.12,65.36098,78.37876,87.72512
TJSJ,1/9/2020,86,76,0.34,65.36098,77.8499,84.40946
TJSJ,1/10/2020,85,74,0.1,62.857838,75.04578,87.72512
TJSJ,1/11/2020,86,75,0.12,57.01807,70.421295,85.08769
TJSJ,1/12/2020,84,75,0.22,69.71293,80.72971,90.39978
TJSJ,1/13/2020,84,73,0.39,63.156197,75.387436,85.08769
TJSJ,1/14/2020,83,73,0.17,62.615204,75.799614,90.39978
TJSJ,1/15/2020,83,73,0.74,69.71293,81.01549,90.974266
TJSJ,1/16/2020,84,73,0.21,58.43191,75.78279,90.73938
TJSJ,1/17/2020,84,72,0.01,67.05904,78.32606,97.016945
TJSJ,1/18/2020,84,75,0.05,56.751534,72.64861,84.45763
TJSJ,1/19/2020,83,72,0.49,67.177505,82.34818,93.77152
TJSJ,1/20/2020,84,73,0.41,72.10829,87.26644,100
TJSJ,1/21/2020,88,74,0.04,51.167645,73.49377,90.39978
TJSJ,1/22/2020,85,73,0.06,60.952366,80.5585,93.50594
TJSJ,1/23/2020,88,75,1.34,60.923714,82.57162,100
TJSJ,1/24/2020,82,73,1.3,71.92238,87.55659,97.04129
TJSJ,1/25/2020,83,72,0.49,65.026215,81.46729,100
TJSJ,1/26/2020,84,72,0.77,69.18237,82.90699,97.016945
TJSJ,1/27/2020,85,74,0.27,65.13056,83.75,93.79415
TJSJ,1/28/2020,86,74,0.0001,63.395924,79.386345,93.79415
TJSJ,1/29/2020,84,74,0.01,65.257545,77.64398,90.39978
TJSJ,1/30/2020,89,75,0,46.388844,71.045586,87.681946
TJSJ,1/31/2020,86,74,0.0001,60.283,72.32936,82.03341
TJSJ,2/1/2020,85,76,0.0001,58.43191,69.47799,84.57616
TJSJ,2/2/2020,88,75,0.0001,46.255726,65.07289,81.89738
TJSJ,2/3/2020,86,75,0.0001,51.210354,66.41729,81.89738
TJSJ,2/4/2020,86,77,0.02,46.25494,63.833744,79.01681
TJSJ,2/5/2020,86,75,0.01,54.49604,67.160866,76.52757
TJSJ,2/6/2020,88,75,0.03,46.255726,65.77267,85.08769
TJSJ,2/7/2020,88,77,0.01,43.26683,61.602627,73.780556
TJSJ,2/8/2020,86,76,0.0001,49.320526,61.669487,79.01681
TJSJ,2/9/2020,86,75,0.12,54.77119,66.82876,82.03341
TJSJ,2/10/2020,88,75,0.04,51.210354,67.698784,82.03341
TJSJ,2/11/2020,86,74,0.07,56.506313,68.141846,82.03341
TJSJ,2/12/2020,85,74,0.14,65.13056,74.20031,84.972496
TJSJ,2/13/2020,86,76,0.04,51.210354,67.84941,82.03341
TJSJ,2/14/2020,85,74,0.6,62.857838,76.960686,87.681946
TJSJ,2/15/2020,84,73,0.41,65.026215,77.635605,87.72512
TJSJ,2/16/2020,84,75,0.06,67.617035,77.694725,90.73938
TJSJ,2/17/2020,85,74,0.07,62.857838,75.5895,87.72512
TJSJ,2/18/2020,86,76,0.08,57.01807,73.185646,85.08769
TJSJ,2/19/2020,84,74,0.25,64.68674,74.89492,84.972496
TJSJ,2/20/2020,85,74,0.03,54.77119,70.00359,84.45763
TJSJ,2/21/2020,85,73,0,57.01807,68.7711,78.774345
TJSJ,2/22/2020,89,74,0,46.255726,64.15417,78.86083
TJSJ,2/23/2020,89,73,0.52,44.952454,72.77158,90.974266
TJSJ,2/24/2020,78,72,4.35,76.62149,85.39151,94.10022
TJSJ,2/25/2020,79,72,1.1,79.17114,90.37367,97.016945
TJSJ,2/26/2020,82,74,0.25,69.61913,79.35291,93.50594
TJSJ,2/27/2020,83,70,0.0001,56.23738,72.01453,89.89542
TJSJ,2/28/2020,84,72,0.01,65.13056,79.97198,87.72512
TJSJ,2/29/2020,85,71,0.02,60.952366,77.708374,93.40279
TJSJ,3/1/2020,83,73,0.0001,67.05904,79.35854,90.32327
TJSJ,3/2/2020,81,73,0.12,71.72483,85.74555,93.77152
TJSJ,3/3/2020,83,72,0.01,65.13056,80.034836,93.4268
TJSJ,3/4/2020,83,73,0.02,65.026215,75.57709,90.32327
TJSJ,3/5/2020,85,73,0.02,62.02914,76.13746,87.628876
TJSJ,3/6/2020,84,74,0.06,62.857838,75.08068,84.972496
TJSJ,3/7/2020,85,72,0.01,58.549393,73.23389,87.58521
TJSJ,3/8/2020,82,71,0.06,64.136,79.31571,96.322716
TJSJ,3/9/2020,80,71,1.55,76.36474,89.75271,100
TJSJ,3/10/2020,82,71,0.01,65.026215,80.55664,96.322716
TJSJ,3/11/2020,80,72,1,71.032486,84.492455,93.77152
TJSJ,3/12/2020,87,71,0.0001,51.210354,71.764084,93.4268
TJSJ,3/13/2020,84,72,0,60.952366,77.00975,87.58521
TJSJ,3/14/2020,81,71,0.35,69.18237,80.28489,96.99354
TJSJ,3/15/2020,81,74,0.04,54.232742,64.38086,73.59218
TJSJ,3/16/2020,81,74,0.07,66.493004,73.08708,81.95878
TJSJ,3/17/2020,83,73,0.16,69.27759,77.669464,87.628876
TJSJ,3/18/2020,83,75,0.01,71.34513,78.085335,87.681946
TJSJ,3/19/2020,83,73,0.11,65.13056,78.73748,90.974266
TJSJ,3/20/2020,83,70,0.1,56.23738,73.14897,93.40279
TJSJ,3/21/2020,83,73,0.07,58.43191,68.148415,84.972496
TJSJ,3/22/2020,83,72,0.31,67.177505,79.02812,90.32327
TJSJ,3/23/2020,81,72,0.51,64.136,74.791534,96.99354
TJSJ,3/24/2020,82,74,0.01,64.136,71.67063,81.82193
TJSJ,3/25/2020,83,74,0.03,58.43191,72.2421,84.45763
TJSJ,3/26/2020,84,70,0.0001,54.232742,70.80517,86.58971
TJSJ,3/27/2020,83,71,0.14,64.68674,75.66852,90.974266
TJSJ,3/28/2020,84,73,0.06,65.13056,78.20471,90.974266
TJSJ,3/29/2020,84,75,0.13,65.13056,74.320854,87.72512
TJSJ,3/30/2020,83,76,0.0001,62.1666,67.797,73.780556
TJSJ,3/31/2020,84,73,0.0001,60.814526,69.9903,84.337776
TJSJ,4/1/2020,91,71,0.0001,42.205044,65.58688,83.93082
TJSJ,4/2/2020,92,73,0.0001,39.487976,67.47909,84.972496
TJSJ,4/3/2020,89,75,0,51.649754,67.9116,79.47427
TJSJ,4/4/2020,88,76,0.1,53.147194,73.449776,84.57616
TJSJ,4/5/2020,86,75,1.1,63.0984,77.499565,90.21457
TJSJ,4/6/2020,85,77,0.01,74.325455,81.146736,90.172104
TJSJ,4/7/2020,84,76,0.09,71.777084,82.303795,90.73938
TJSJ,4/8/2020,82,75,1.86,83.55026,91.16605,100
TJSJ,4/9/2020,86,75,0.01,69.71293,85.231995,97.04129
TJSJ,4/10/2020,91,75,0.0001,53.424034,73.69909,90.39978
TJSJ,4/11/2020,88,76,0.0001,69.685555,80.12191,90.73938
TJSJ,4/12/2020,89,76,0.0001,60.923714,78.58111,87.72512
TJSJ,4/13/2020,86,79,0.04,71.73187,79.32382,87.48222
TJSJ,4/14/2020,86,78,0.0001,65.257545,77.30589,84.57616
TJSJ,4/15/2020,86,74,0.22,67.280304,80.77062,93.50594
TJSJ,4/16/2020,87,73,0.33,63.395924,76.32315,85.08769
TJSJ,4/17/2020,86,74,0.0001,65.13056,78.43638,90.974266
TJSJ,4/18/2020,86,74,0.32,67.6068,79.9498,96.38104
TJSJ,4/19/2020,87,74,0.01,65.13056,80.78934,93.50594
TJSJ,4/20/2020,88,74,0.02,52.994083,78.39075,93.79415
TJSJ,4/21/2020,91,74,0.0001,43.40243,68.33034,84.972496
TJSJ,4/22/2020,90,75,0.0001,57.427124,71.61968,84.40946
TJSJ,4/23/2020,87,77,0.04,63.395924,75.15536,81.89149
TJSJ,4/24/2020,88,78,0.0001,53.147194,69.40714,79.10189
TJSJ,4/25/2020,88,76,0.02,55.044296,71.65058,85.08769
TJSJ,4/26/2020,90,76,0.0001,44.660763,65.68147,81.95878
TJSJ,4/27/2020,88,75,0.0001,59.092064,68.54546,76.62149
TJSJ,4/28/2020,88,76,0,56.919083,69.75869,81.95878
TJSJ,4/29/2020,88,77,0.0001,56.919083,70.12008,81.55377
TJSJ,4/30/2020,87,75,0.11,61.064674,77.290794,87.72512
TJSJ,5/1/2020,90,76,0.03,51.80454,72.20002,85.08769
TJSJ,5/2/2020,89,77,0.0001,56.919083,70.94942,84.57616
TJSJ,5/3/2020,89,75,0.01,57.427124,74.38156,85.08769
TJSJ,5/4/2020,89,76,0.06,63.01707,75.24643,84.57616
TJSJ,5/5/2020,89,76,0.0001,64.954704,75.93078,84.57616
TJSJ,5/6/2020,92,76,0.01,47.447067,69.70001,86.949745
TJSJ,5/7/2020,93,78,0,47.447067,64.793015,81.89149
TJSJ,5/8/2020,93,78,0,44.149624,66.13069,81.41737
TJSJ,5/9/2020,92,79,0,54.172462,68.76275,81.41737
TJSJ,5/10/2020,91,77,0.0001,50.356514,65.28665,79.10189
TJSJ,5/11/2020,89,77,0.01,51.80454,69.18318,84.57616
TJSJ,5/12/2020,92,76,0.05,46.991474,70.70718,90.73938
TJSJ,5/13/2020,90,76,0.94,53.91329,73.12697,81.89149
TJSJ,5/14/2020,90,76,0.02,47.733757,68.032265,84.57616
TJSJ,5/15/2020,90,76,0,49.88376,69.14976,84.57616
TJSJ,5/16/2020,90,77,0.02,48.19906,67.608116,81.55377
TJSJ,5/17/2020,93,76,0.0001,48.930344,73.11466,87.48222
TJSJ,5/18/2020,91,77,0,53.91329,71.33548,84.40946
TJSJ,5/19/2020,90,78,0.03,55.463593,70.89744,81.89149
TJSJ,5/20/2020,89,78,0.09,57.427124,69.696465,79.17114
TJSJ,5/21/2020,93,76,0,50.609615,73.17283,90.73938
TJSJ,5/22/2020,92,80,0.0001,53.91329,71.84231,82.02644
TJSJ,5/23/2020,93,79,0.01,57.18277,69.319336,82.02644
TJSJ,5/24/2020,95,77,0,41.33532,64.02604,84.35599
TJSJ,5/25/2020,94,79,0,45.84961,64.701546,81.41737
TJSJ,5/26/2020,92,79,0.1,53.424034,70.17053,84.52736
TJSJ,5/27/2020,91,79,0.04,63.01707,76.92389,87.5789
TJSJ,5/28/2020,89,76,0.31,60.923714,78.06293,87.050026
TJSJ,5/29/2020,92,77,0.0001,51.93074,70.400276,82.03341
TJSJ,5/30/2020,93,77,0.0001,59.147587,72.97151,86.949745
TJSJ,5/31/2020,90,77,0,59.26213,73.279236,86.949745
TJSJ,6/1/2020,89,78,0.09,64.954704,74.5673,84.474464
TJSJ,6/2/2020,90,78,0.01,57.18277,72.99347,84.35599
TJSJ,6/3/2020,93,79,0.01,48.800888,70.54681,84.40946
TJSJ,6/4/2020,92,79,0.01,46.991474,67.4595,82.02644
TJSJ,6/5/2020,90,78,0.01,59.147587,71.94792,84.40946
TJSJ,6/6/2020,89,75,0.52,63.124584,75.709946,90.21457
TJSJ,6/7/2020,89,77,0.03,60.966244,76.39742,87.5789
TJSJ,6/8/2020,90,75,0.05,60.966244,75.904335,90.39978
TJSJ,6/9/2020,89,78,0.0001,60.966244,73.63376,86.949745
TJSJ,6/10/2020,90,79,0,59.147587,72.8672,84.40946
TJSJ,6/11/2020,89,78,0.34,64.954704,75.46428,87.050026
TJSJ,6/12/2020,91,77,0.1,65.18404,78.330605,90.172104
TJSJ,6/13/2020,93,78,0.02,47.447067,70.06821,87.5789
TJSJ,6/14/2020,92,80,0.08,50.356514,68.69781,84.474464
TJSJ,6/15/2020,92,79,0.0001,47.447067,69.11496,90.29109
TJSJ,6/16/2020,91,80,0.0001,57.431393,70.84097,82.02644
TJSJ,6/17/2020,91,77,0.19,59.147587,70.59773,84.52736
TJSJ,6/18/2020,91,79,0.02,60.966244,74.54142,87.5789
TJSJ,6/19/2020,93,80,0.01,55.58441,71.90735,84.474464
TJSJ,6/20/2020,91,77,1.67,61.48733,75.41977,93.66005
TJSJ,6/21/2020,93,79,0.01,59.701164,78.49598,93.637276
TJSJ,6/22/2020,90,81,0.0001,67.393654,78.09238,87.6745
TJSJ,6/23/2020,89,81,0.0001,63.25543,74.39246,87.6745
TJSJ,6/24/2020,89,77,0.04,67.49169,77.43276,90.21457
TJSJ,6/25/2020,91,80,0.08,59.26213,72.889145,82.02644
TJSJ,6/26/2020,90,79,0.22,70.116646,81.11065,93.637276
TJSJ,6/27/2020,90,81,0.0001,67.49169,76.61824,85.480934
TJSJ,6/28/2020,89,81,0.0001,67.393654,78.07591,87.6745
TJSJ,6/29/2020,89,79,0.0001,60.923714,72.3548,84.52736
TJSJ,6/30/2020,90,79,0.43,59.147587,74.827225,84.52736
TJSJ,7/1/2020,90,79,0.28,65.18404,77.49077,90.92372
TJSJ,7/2/2020,91,80,0.0001,65.72114,78.14393,90.92372
TJSJ,7/3/2020,92,81,0.01,57.49431,73.19517,85.480934
TJSJ,7/4/2020,91,81,0,59.26213,72.341965,87.6745
TJSJ,7/5/2020,90,79,0.02,59.26213,73.07433,87.050026
TJSJ,7/6/2020,90,80,0.02,67.61098,75.6486,82.02644
TJSJ,7/7/2020,89,78,0.78,72.03415,82.70956,93.60928
TJSJ,7/8/2020,91,80,0.03,56.919083,78.28762,93.637276
TJSJ,7/9/2020,90,80,0.02,59.147587,73.813705,82.42622
TJSJ,7/10/2020,91,79,0.17,61.48733,77.836365,87.050026
TJSJ,7/11/2020,91,79,0.03,60.966244,72.98937,87.050026
TJSJ,7/12/2020,89,77,1.25,72.59893,86.11386,96.41042
TJSJ,7/13/2020,90,80,0.09,63.25543,80.86505,93.637276
TJSJ,7/14/2020,90,81,0.0001,63.25543,75.70768,90.92372
TJSJ,7/15/2020,89,79,0.05,59.147587,72.79217,90.249115
TJSJ,7/16/2020,88,77,0.48,67.27328,75.1732,86.949745
TJSJ,7/17/2020,90,79,0.01,63.25543,72.84641,82.02644
TJSJ,7/18/2020,88,79,0.08,60.814526,74.09359,87.5789
TJSJ,7/19/2020,89,79,0,64.954704,72.17769,81.89149
TJSJ,7/20/2020,90,78,0.02,64.954704,73.98941,81.82045
TJSJ,7/21/2020,90,79,0.22,63.362026,77.38158,87.6745
TJSJ,7/22/2020,89,79,0.0001,65.18404,77.761734,90.29109
TJSJ,7/23/2020,89,77,0.38,65.49481,80.919716,90.21457
TJSJ,7/24/2020,89,78,0.09,70.116646,83.31583,90.29109
TJSJ,7/25/2020,91,81,0.03,65.72114,78.078636,88.01197
TJSJ,7/26/2020,89,81,0.03,65.49481,76.28609,88.01197
TJSJ,7/27/2020,89,79,0.29,65.49481,75.38838,90.66067
TJSJ,7/28/2020,90,79,0.1,70.116646,79.67348,90.92372
TJSJ,7/29/2020,88,78,1.61,69.448425,83.115,97.07845
TJSJ,7/30/2020,85,76,4.51,77.11626,89.56191,97.07845
TJSJ,7/31/2020,91,79,0.02,50.326485,75.380905,90.92372
TJSJ,8/1/2020,89,79,0.01,69.448425,80.07489,90.249115
TJSJ,8/2/2020,90,79,0.0001,65.26648,78.91361,87.6745
TJSJ,8/3/2020,94,80,0.01,49.088055,71.19923,87.050026
TJSJ,8/4/2020,91,82,0.01,61.404633,76.98174,85.480934
TJSJ,8/5/2020,89,81,0.01,57.427124,72.31449,82.02644
TJSJ,8/6/2020,90,79,0.0001,55.463593,70.00905,82.02644
TJSJ,8/7/2020,90,80,0.03,67.393654,75.97082,88.10389
TJSJ,8/8/2020,90,82,0.01,63.25543,76.09011,88.01197
TJSJ,8/9/2020,90,80,0.0001,63.124584,72.80029,84.474464
TJSJ,8/10/2020,90,79,0.08,62.683746,76.29916,90.29109
TJSJ,8/11/2020,90,80,0,60.966244,72.41292,81.82045
TJSJ,8/12/2020,85,80,0.6,76.526184,86.23523,94.26866
TJSJ,8/13/2020,90,78,0.01,63.25543,77.219666,90.92372
TJSJ,8/14/2020,90,79,0.43,63.25543,79.155846,90.92372
TJSJ,8/15/2020,90,78,0.02,67.393654,79.651115,90.29109
TJSJ,8/16/2020,89,82,0.02,72.22678,82.91052,90.66067
TJSJ,8/17/2020,91,81,0,65.49481,76.71285,87.6745
TJSJ,8/18/2020,91,82,0.02,61.404633,71.34229,79.46747
TJSJ,8/19/2020,93,80,0.0001,50.798344,70.646904,82.02644
TJSJ,8/20/2020,90,80,0.1,60.966244,73.84305,93.992455
TJSJ,8/21/2020,90,80,0.43,70.116646,83.115845,96.45527
TJSJ,8/22/2020,83,77,0.79,79.057945,88.80225,96.45527
TJSJ,8/23/2020,91,80,0.01,57.49431,78.8297,87.6745
TJSJ,8/24/2020,84,76,0.42,72.10829,84.40454,93.55792
TJSJ,8/25/2020,90,76,0.14,71.92741,82.321236,90.21457
TJSJ,8/26/2020,89,79,0.01,67.49169,79.15592,90.29109
TJSJ,8/27/2020,87,80,0.07,74.50657,82.79647,94.309654
TJSJ,8/28/2020,89,81,0.0001,70.00456,77.84882,88.01197
TJSJ,8/29/2020,89,81,0,70.00456,76.37007,84.866806
TJSJ,8/30/2020,89,82,0.02,65.49481,74.982765,82.42622
TJSJ,8/31/2020,89,79,0.27,72.22678,83.23583,97.10205
TJSJ,9/1/2020,90,80,0.09,67.61098,84.217636,93.66005
TJSJ,9/2/2020,89,80,0.09,70.00456,81.63731,93.66005
TJSJ,9/3/2020,88,78,0.52,71.777084,81.499435,93.60928
TJSJ,9/4/2020,89,77,0.16,65.18404,80.86732,93.60928
TJSJ,9/5/2020,90,80,0.01,67.49169,78.451195,87.6745
TJSJ,9/6/2020,89,79,0.04,63.124584,77.42158,90.29109
TJSJ,9/7/2020,87,78,0.89,72.30214,82.06079,93.60928
TJSJ,9/8/2020,87,78,0.82,74.50657,84.34219,90.92372
TJSJ,9/9/2020,90,78,0.0001,63.25543,80.29427,93.637276
TJSJ,9/10/2020,88,79,0.0001,63.01707,75.63084,90.249115
TJSJ,9/11/2020,88,78,0.08,64.954704,78.084984,90.249115
TJSJ,9/12/2020,88,77,0.09,69.448425,78.69037,86.949745
TJSJ,9/13/2020,90,78,0.13,57.18277,78.22891,90.249115
TJSJ,9/14/2020,93,80,0.01,55.71818,76.27361,87.050026
TJSJ,9/15/2020,90,80,0.01,67.49169,76.18727,84.52736
TJSJ,9/16/2020,91,80,0.01,65.18404,74.922264,84.52736
TJSJ,9/17/2020,90,83,0.0001,64.954704,73.36156,82.42622
TJSJ,9/18/2020,89,81,0.03,66.35352,73.52803,82.02644
TJSJ,9/19/2020,89,79,0.01,60.966244,74.041916,87.6745
TJSJ,9/20/2020,90,78,0.03,55.58441,70.89401,81.89149
TJSJ,9/21/2020,90,78,0.0001,59.20717,70.4462,82.02644
TJSJ,9/22/2020,95,80,0.03,52.473076,72.3608,87.050026
TJSJ,9/23/2020,95,77,0.25,45.981567,77.091354,93.55792
TJSJ,9/24/2020,89,77,0.0001,67.393654,78.497536,92.96513
TJSJ,9/25/2020,89,78,0.52,70.00456,79.87063,90.21457
TJSJ,9/26/2020,89,79,0.38,65.49481,78.400505,93.66005
TJSJ,9/27/2020,90,79,0.05,65.18404,77.28532,90.249115
TJSJ,9/28/2020,87,77,0.65,65.26648,79.42661,90.249115
TJSJ,9/29/2020,91,77,0.29,61.48733,78.16512,92.96513
TJSJ,9/30/2020,91,80,0.01,67.393654,78.969574,90.92372
TJSJ,10/1/2020,89,75,0.92,63.124584,79.96957,90.39978
TJSJ,10/2/2020,88,78,0.01,67.393654,79.33505,90.21457
TJSJ,10/3/2020,87,76,0.18,63.0984,80.20339,93.55792
TJSJ,10/4/2020,86,77,0.04,74.325455,82.09712,90.29109
TJSJ,10/5/2020,87,76,0.7,69.448425,82.1108,97.04129
TJSJ,10/6/2020,89,77,0.03,56.919083,74.87107,87.48222
TJSJ,10/7/2020,89,77,0.05,57.18277,74.64193,84.57616
TJSJ,10/8/2020,89,79,0.0001,65.49481,78.62761,87.5789
TJSJ,10/9/2020,88,78,0.0001,67.49169,78.62453,87.5789
TJSJ,10/10/2020,93,77,0.75,55.984222,79.26181,97.07845
TJSJ,10/11/2020,89,79,0.03,65.18404,80.05003,97.07845
TJSJ,10/12/2020,90,79,0.0001,65.18404,76.33576,87.5789
TJSJ,10/13/2020,90,77,0.65,69.799286,80.555885,93.55792
TJSJ,10/14/2020,88,77,0.0001,69.448425,82.01153,90.21457
TJSJ,10/15/2020,88,78,0.25,72.03415,85.096176,90.92372
TJSJ,10/16/2020,87,77,0.08,76.526184,86.90312,90.249115
TJSJ,10/17/2020,89,76,0.01,63.01707,81.8926,96.41042
TJSJ,10/18/2020,88,77,0.0001,67.27328,77.81852,90.172104
TJSJ,10/19/2020,88,77,0.0001,65.36098,74.66706,87.48222
TJSJ,10/20/2020,89,78,0,61.241543,74.36987,84.40946
TJSJ,10/21/2020,89,77,0.0001,53.424034,73.61779,84.57616
TJSJ,10/22/2020,93,79,0,45.241203,71.87729,87.5789
TJSJ,10/23/2020,91,79,0,63.25543,76.038734,82.498085
TJSJ,10/24/2020,93,79,0,52.247787,72.41405,90.249115
TJSJ,10/25/2020,90,79,0.44,65.18404,79.69681,91.28943
TJSJ,10/26/2020,88,78,0.03,67.393654,77.75344,92.96513
TJSJ,10/27/2020,88,77,0.82,64.954704,82.315,100
TJSJ,10/28/2020,88,77,0.42,67.49169,81.561066,93.55792
TJSJ,10/29/2020,86,76,1.04,79.057945,86.624626,97.04129
TJSJ,10/30/2020,89,78,0.01,61.241543,77.33394,90.249115
TJSJ,10/31/2020,88,79,0.05,63.0984,75.67465,87.5789
TJSJ,11/1/2020,89,77,0.06,57.427124,74.493805,87.48222
TJSJ,11/2/2020,87,77,0.05,63.01707,78.212585,93.55792
TJSJ,11/3/2020,88,77,0,60.923714,73.44692,84.35599
TJSJ,11/4/2020,88,76,0.0001,58.95082,74.39582,85.08769
TJSJ,11/5/2020,88,75,0.02,59.092064,77.77811,93.50594
TJSJ,11/6/2020,87,74,0.0001,61.20137,77.916,93.52941
TJSJ,11/7/2020,87,77,0.6,65.26648,77.83061,87.5789
TJSJ,11/8/2020,90,73,1.38,60.966244,88.774086,100
TJSJ,11/9/2020,87,74,0.02,71.73187,88.2221,100
TJSJ,11/10/2020,81,74,2.44,84.474464,94.84326,100
TJSJ,11/11/2020,85,74,1.07,69.59207,92.34804,100
TJSJ,11/12/2020,86,75,0.43,67.280304,83.9863,96.38104
TJSJ,11/13/2020,86,75,0.02,65.257545,79.64779,90.73938
TJSJ,11/14/2020,86,75,0.01,67.6068,80.58186,90.73938
TJSJ,11/15/2020,86,75,0.02,61.20137,76.19032,90.73938
TJSJ,11/16/2020,86,74,0.22,65.36098,80.87811,93.50594
TJSJ,11/17/2020,87,75,0.0001,67.27328,81.21405,93.52941
TJSJ,11/18/2020,86,76,0.08,71.73187,84.557915,93.55792
TJSJ,11/19/2020,87,76,0.01,67.27328,82.1527,93.55792
TJSJ,11/20/2020,89,77,0.07,57.18277,78.98533,93.55792
TJSJ,11/21/2020,85,76,0.24,69.71293,81.70393,93.52941
TJSJ,11/22/2020,87,74,0.11,61.20137,83.53847,90.73938
TJSJ,11/23/2020,88,75,0.15,59.20717,78.55742,96.38104
TJSJ,11/24/2020,88,75,0.3,60.923714,82.78892,93.55792
TJSJ,11/25/2020,86,74,0.16,67.177505,84.10375,96.38104
TJSJ,11/26/2020,85,75,0.02,69.59207,81.835495,96.38104
TJSJ,11/27/2020,85,74,0.0001,62.857838,76.92691,93.79415
TJSJ,11/28/2020,83,73,0.13,72.10829,81.83896,96.38104
TJSJ,11/29/2020,84,75,0.0001,67.617035,78.1906,90.73938
TJSJ,11/30/2020,83,74,0.0001,60.283,71.69411,87.628876
TJSJ,12/1/2020,84,73,0.0001,58.692406,73.28328,87.58521
TJSJ,12/2/2020,84,73,0.0001,65.026215,74.73264,84.972496
TJSJ,12/3/2020,84,74,0.01,58.43191,71.42652,87.628876
TJSJ,12/4/2020,84,75,0.06,67.05904,73.59224,81.95878
TJSJ,12/5/2020,81,72,0.16,69.06545,82.44545,97.016945
TJSJ,12/6/2020,82,71,0.01,71.92238,83.90434,93.40279
TJSJ,12/7/2020,86,74,0.0001,60.952366,75.72168,90.39978
TJSJ,12/8/2020,88,72,0.0001,53.147194,71.88628,90.974266
TJSJ,12/9/2020,85,73,0,57.01807,72.595,84.57616
TJSJ,12/10/2020,85,75,0.0001,62.857838,77.53989,90.39978
TJSJ,12/11/2020,84,74,0.01,65.13056,82.02014,93.79415
TJSJ,12/12/2020,85,74,0.17,63.395924,82.590256,93.50594
TJSJ,12/13/2020,84,74,0.12,69.59207,83.16457,93.52941
TJSJ,12/14/2020,84,75,0.67,69.71293,79.71662,93.52941
TJSJ,12/15/2020,84,75,0,60.814526,73.01619,87.72512
TJSJ,12/16/2020,84,75,0.04,67.280304,81.787476,90.73938
TJSJ,12/17/2020,86,73,0.0001,67.6068,80.71447,90.974266
TJSJ,12/18/2020,85,75,0.18,71.73187,82.141136,90.39978
TJSJ,12/19/2020,85,75,0.49,69.59207,82.26303,93.52941
TJSJ,12/20/2020,85,75,0.33,67.280304,82.04266,94.14301
TJSJ,12/21/2020,85,75,0.01,67.6068,81.72306,93.50594
TJSJ,12/22/2020,85,75,0.03,63.395924,77.43714,90.73938
TJSJ,12/23/2020,85,74,0.16,60.814526,77.65974,90.172104
TJSJ,12/24/2020,84,73,1.82,63.156197,83.134315,100
TJSJ,12/25/2020,84,75,0.15,65.13056,83.83118,96.38104
TJSJ,12/26/2020,83,73,0.01,67.05904,80.01996,90.974266
TJSJ,12/27/2020,83,73,0.0001,69.61913,77.858475,90.32327
TJSJ,12/28/2020,83,73,0.0001,71.777084,79.22632,87.72512
TJSJ,12/29/2020,84,73,0.06,66.493004,77.21966,93.79415
TJSJ,12/30/2020,83,72,0.06,56.751534,68.662865,87.628876
TJSJ,12/31/2020,83,73,0.13,61.918896,69.99591,79.47427
TJSJ,1/1/2021,84,74,0.0001,51.10379,62.09482,73.780556
TJSJ,1/2/2021,82,72,0.01,51.876583,68.71566,87.58521
TJSJ,1/3/2021,83,73,0,56.23738,66.26112,81.89738
TJSJ,1/4/2021,83,71,0.09,52.61694,70.229645,93.4268
TJSJ,1/5/2021,77,71,0.27,81.95878,90.391716,100
TJSJ,1/6/2021,82,68,0,64.68674,82.49548,100
TJSJ,1/7/2021,83,71,0.0001,60.283,76.640175,93.40279
TJSJ,1/8/2021,84,72,0,58.549393,74.8672,90.594666
TJSJ,1/9/2021,83,72,0,67.617035,78.979256,87.23564
TJSJ,1/10/2021,84,72,0.0001,72.10829,82.78996,93.77152
TJSJ,1/11/2021,84,75,0.01,60.952366,77.33993,90.73938
TJSJ,1/12/2021,84,73,0.0001,63.156197,72.39738,78.774345
TJSJ,1/13/2021,84,75,0.04,62.857838,77.52755,93.50594
TJSJ,1/14/2021,87,73,0.0001,58.95082,81.8488,100
TJSJ,1/15/2021,86,71,0.0001,57.01807,78.9016,90.594666
TJSJ,1/16/2021,86,73,0.0001,57.01807,77.63551,90.974266
TJSJ,1/17/2021,83,71,0.06,67.05904,82.43996,93.50594
TJSJ,1/18/2021,85,74,0.06,58.549393,78.4257,97.016945
TJSJ,1/19/2021,86,74,0.12,65.36098,80.6291,93.79415
TJSJ,1/20/2021,84,74,0.13,65.257545,78.957726,93.50594
TJSJ,1/21/2021,84,71,0.01,65.026215,77.55502,90.594666
TJSJ,1/22/2021,84,72,0.0001,65.13056,78.08578,90.594666
TJSJ,1/23/2021,85,73,0.0001,62.857838,77.87462,93.77152
TJSJ,1/24/2021,84,74,0.0001,67.05904,77.30976,90.974266
TJSJ,1/25/2021,84,76,0.05,62.857838,72.565735,79.47427
TJSJ,1/26/2021,84,73,0.03,62.857838,74.593544,84.337776
TJSJ,1/27/2021,83,73,0,54.49604,68.462006,79.47427
TJSJ,1/28/2021,85,73,0.0001,53.208717,69.67784,84.972496
TJSJ,1/29/2021,84,72,0.02,60.283,72.827614,87.628876
TJSJ,1/30/2021,83,71,0.66,67.177505,82.31811,100
TJSJ,1/31/2021,80,73,0.5,73.780556,83.67499,97.016945
TJSJ,2/1/2021,87,71,0,51.167645,74.86355,93.4268
TJSJ,2/2/2021,87,72,0.0001,49.596455,70.60484,87.58521
TJSJ,2/3/2021,89,70,0,46.388844,69.482864,90.32327
TJSJ,2/4/2021,83,72,0.75,74.24337,84.419266,93.52941
TJSJ,2/5/2021,87,72,0.0001,57.163784,77.28526,93.77152
TJSJ,2/6/2021,86,75,0.15,53.208717,71.263725,93.50594
TJSJ,2/7/2021,87,74,0.01,44.81125,72.284195,93.79415
TJSJ,2/8/2021,84,73,0.01,65.026215,75.69534,87.58521
TJSJ,2/9/2021,84,74,0.0001,58.549393,74.34666,85.08769
TJSJ,2/10/2021,82,72,0.13,67.05904,80.91956,90.974266
TJSJ,2/11/2021,84,72,0.12,63.156197,79.93533,90.32327
TJSJ,2/12/2021,82,72,0.13,58.43191,78.25598,90.974266
TJSJ,2/13/2021,87,72,0.01,46.418087,69.65711,90.32327
TJSJ,2/14/2021,82,73,0.23,60.283,75.97979,87.72512
TJSJ,2/15/2021,84,71,0.02,60.814526,78.17156,93.77152
TJSJ,2/16/2021,85,71,0.0001,58.549393,70.18016,83.98641
TJSJ,2/17/2021,84,73,0.24,62.857838,82.77181,96.678116
TJSJ,2/18/2021,84,74,0.01,62.615204,73.22641,84.972496
TJSJ,2/19/2021,85,73,0.0001,58.549393,75.28643,90.974266
TJSJ,2/20/2021,85,71,0.02,53.208717,74.00337,87.23564
TJSJ,2/21/2021,83,73,0.08,63.156197,76.453514,87.628876
TJSJ,2/22/2021,84,75,0.0001,62.615204,73.548775,85.08769
TJSJ,2/23/2021,87,73,0.01,49.624676,68.76767,87.628876
TJSJ,2/24/2021,86,71,0,46.418087,66.420525,78.7032
TJSJ,2/25/2021,84,74,0,51.10379,65.52697,76.355446
TJSJ,2/26/2021,85,73,0.05,56.506313,71.13953,84.337776
TJSJ,2/27/2021,84,71,0.69,63.156197,80.54296,93.79415
TJSJ,2/28/2021,84,72,0.42,52.928852,71.4217,90.594666
TJSJ,3/1/2021,82,71,0.39,60.064335,71.54095,94.05696
TJSJ,3/2/2021,83,71,0.03,52.61694,66.65985,78.86083
TJSJ,3/3/2021,85,73,0.0001,52.71415,71.25224,87.58521
TJSJ,3/4/2021,87,70,0,51.36681,71.37718,86.58971
TJSJ,3/5/2021,87,73,0.0001,46.255726,70.152245,84.972496
TJSJ,3/6/2021,89,73,0.01,46.388844,70.3717,87.58521
TJSJ,3/7/2021,89,74,0,48.19906,67.81346,84.57616
TJSJ,3/8/2021,86,75,0.0001,65.36098,77.73639,87.681946
TJSJ,3/9/2021,84,75,0.02,62.857838,74.384865,85.08769
TJSJ,3/10/2021,85,73,0.07,62.857838,75.96855,90.974266
TJSJ,3/11/2021,85,73,0.0001,56.23738,70.70056,81.82193
TJSJ,3/12/2021,85,73,0.05,59.21356,74.43801,87.628876
TJSJ,3/13/2021,83,72,0.06,62.615204,76.260445,90.974266
TJSJ,3/14/2021,83,75,0.02,64.68674,71.60935,81.89738
TJSJ,3/15/2021,83,74,0.0001,66.39086,72.50707,84.972496
TJSJ,3/16/2021,84,76,0.0001,50.97468,61.061867,71.032486
TJSJ,3/17/2021,83,74,0.1,58.09791,68.49411,87.681946
TJSJ,3/18/2021,84,72,0.0001,51.0819,63.914486,73.677185
TJSJ,3/19/2021,85,75,0.01,51.0819,67.79205,81.89738
TJSJ,3/20/2021,85,73,0.26,60.814526,76.69852,93.79415
TJSJ,3/21/2021,85,73,0.02,52.928852,71.60153,87.628876
TJSJ,3/22/2021,86,71,0,49.624676,67.382515,83.93082
TJSJ,3/23/2021,88,73,0.0001,52.71415,71.96079,87.628876
TJSJ,3/24/2021,86,74,0,62.857838,74.633644,87.72512
TJSJ,3/25/2021,85,73,0.19,62.857838,75.98962,90.974266
TJSJ,3/26/2021,85,74,0.16,62.857838,74.34377,87.681946
TJSJ,3/27/2021,85,74,0.0001,62.857838,72.284515,84.45763
TJSJ,3/28/2021,85,73,0.12,60.952366,75.628044,87.681946
TJSJ,3/29/2021,85,73,0.46,65.257545,82.15928,93.77152
TJSJ,3/30/2021,85,75,0.05,65.257545,77.263725,87.72512
TJSJ,3/31/2021,84,75,0.06,65.026215,73.576004,87.72512
TJSJ,4/1/2021,85,75,0.0001,52.71415,67.97351,82.03341
TJSJ,4/2/2021,83,73,0.19,71.777084,83.78143,93.50594
TJSJ,4/3/2021,87,73,0.01,55.044296,76.28017,96.678116
TJSJ,4/4/2021,89,74,0.0001,43.41545,68.28499,87.681946
TJSJ,4/5/2021,85,75,0.04,60.952366,73.589775,84.45763
TJSJ,4/6/2021,84,74,0.05,67.05904,78.528404,90.974266
TJSJ,4/7/2021,80,73,0.81,69.18237,80.92962,100
TJSJ,4/8/2021,83,74,0.0001,59.922417,67.97188,84.45763
TJSJ,4/9/2021,83,73,0,56.23738,63.009037,73.48776
TJSJ,4/10/2021,83,71,0,50.97468,60.295437,73.30604
TJSJ,4/11/2021,84,71,0,54.620113,66.026024,78.7032
TJSJ,4/12/2021,85,72,0,56.23738,67.993904,78.350044
TJSJ,4/13/2021,86,75,0,62.857838,74.619736,85.08769
TJSJ,4/14/2021,85,75,0,62.857838,72.96863,87.681946
TJSJ,4/15/2021,83,75,0,54.357697,62.047054,73.59218
TJSJ,4/16/2021,85,73,0.01,69.27759,76.13447,84.40946
TJSJ,4/17/2021,92,76,0,45.241203,67.22871,90.172104
TJSJ,4/18/2021,93,76,0,42.635464,65.44129,81.95878
TJSJ,4/19/2021,90,77,0,59.092064,71.225105,81.55377
TJSJ,4/20/2021,90,75,0,46.55105,69.732445,87.681946
TJSJ,4/21/2021,88,77,0,53.147194,71.310326,84.57616
TJSJ,4/22/2021,89,76,0.15,55.193634,73.75434,85.08769
TJSJ,4/23/2021,89,75,0.0001,55.315365,71.097176,85.08769
TJSJ,4/24/2021,88,76,0.08,53.638535,69.96002,87.48222
TJSJ,4/25/2021,88,75,0.0001,51.167645,69.181435,84.45763
TJSJ,4/26/2021,90,74,0,44.802727,66.19983,79.47427
TJSJ,4/27/2021,88,76,0.0001,55.193634,70.077225,82.03341
TJSJ,4/28/2021,82,74,0.41,69.61913,84.289085,93.79415
TJSJ,4/29/2021,86,73,0.05,58.549393,75.886734,87.72512
TJSJ,4/30/2021,86,74,0.39,65.257545,78.925835,90.974266
TJSJ,5/1/2021,87,73,0,60.923714,75.06321,87.628876
TJSJ,5/2/2021,86,75,0.06,62.857838,74.66032,85.08769
TJSJ,5/3/2021,86,74,0.11,65.36098,77.602585,90.974266
TJSJ,5/4/2021,87,75,0.1,60.923714,75.70844,90.73938
TJSJ,5/5/2021,87,76,0.0001,63.01707,73.830444,82.03341
TJSJ,5/6/2021,87,75,0,55.193634,70.81547,81.95878
TJSJ,5/7/2021,87,75,0.01,55.044296,69.850464,84.45763
TJSJ,5/8/2021,87,75,0.01,60.923714,71.88995,81.55377
TJSJ,5/9/2021,88,76,0.05,60.923714,77.069824,93.60928
TJSJ,5/10/2021,88,76,0.19,55.193634,80.358795,93.55792
TJSJ,5/11/2021,87,77,0.02,67.27328,80.58531,90.21457
TJSJ,5/12/2021,87,76,0.0001,60.923714,74.32186,86.949745
TJSJ,5/13/2021,88,76,0.05,59.092064,74.989655,90.172104
TJSJ,5/14/2021,88,75,0.06,60.923714,77.708786,90.39978
TJSJ,5/15/2021,91,75,0.16,43.851994,71.37762,87.72512
TJSJ,5/16/2021,92,76,0.0001,45.241203,67.64459,84.57616
TJSJ,5/17/2021,91,75,0.0001,49.88376,70.94684,84.57616
TJSJ,5/18/2021,94,76,0,41.034203,64.731766,79.17114
TJSJ,5/19/2021,95,77,0.0001,47.282948,67.11928,87.48222
TJSJ,5/20/2021,91,78,0,57.18277,72.098564,81.89149
TJSJ,5/21/2021,90,76,0.02,59.20717,75.20188,87.72512
TJSJ,5/22/2021,91,76,0.06,59.26213,76.12953,87.48222
TJSJ,5/23/2021,84,74,1.35,67.617035,82.68127,97.016945
TJSJ,5/24/2021,88,75,0.0001,69.448425,79.57299,90.73938
TJSJ,5/25/2021,88,79,0.0001,63.01707,74.46727,84.40946
TJSJ,5/26/2021,87,78,0.0001,65.26648,75.10721,84.40946
TJSJ,5/27/2021,88,78,0.0001,67.27328,74.52795,81.55377
TJSJ,5/28/2021,87,77,0.04,65.26648,76.53644,84.35599
TJSJ,5/29/2021,89,76,0.28,59.092064,74.37194,85.08769
TJSJ,5/30/2021,88,76,0.51,59.092064,72.94395,90.73938
TJSJ,5/31/2021,87,75,1.03,64.954704,77.46286,90.73938
TJSJ,6/1/2021,86,77,0.28,65.26648,80.11947,93.55792
TJSJ,6/2/2021,86,76,0.21,65.26648,76.78416,90.172104
TJSJ,6/3/2021,87,77,0.07,58.95082,74.20992,84.35599
TJSJ,6/4/2021,86,77,0.41,67.27328,78.60867,90.21457
TJSJ,6/5/2021,88,75,0.61,67.27328,82.945465,94.18534
TJSJ,6/6/2021,86,76,0.06,69.59207,80.074486,93.52941
TJSJ,6/7/2021,84,77,0.18,74.325455,83.19901,90.21457
TJSJ,6/8/2021,85,74,0.74,74.325455,84.3729,93.52941
TJSJ,6/9/2021,86,75,0.35,72.30214,87.64832,93.55792
TJSJ,6/10/2021,84,73,3.5,74.151726,87.98225,100
TJSJ,6/11/2021,86,77,0.02,71.92741,86.25654,90.92372
TJSJ,6/12/2021,87,75,0,69.685555,82.215195,93.52941
TJSJ,6/13/2021,88,77,0.0001,67.393654,77.773605,86.949745
TJSJ,6/14/2021,90,78,0.0001,55.58441,77.012695,87.6745
TJSJ,6/15/2021,89,79,0.01,65.49481,79.207436,90.249115
TJSJ,6/16/2021,89,78,0.02,67.49169,80.367256,92.96513
TJSJ,6/17/2021,89,78,0.48,67.393654,84.075645,93.637276
TJSJ,6/18/2021,90,77,0.03,57.49431,76.63799,90.21457
TJSJ,6/19/2021,88,77,0.4,67.27328,78.96151,93.637276
TJSJ,6/20/2021,88,78,0.21,72.03415,85.01072,97.07845
TJSJ,6/21/2021,88,78,0.1,69.448425,80.974205,90.29109
TJSJ,6/22/2021,85,77,0.28,74.325455,81.236824,90.21457
TJSJ,6/23/2021,87,77,0.05,67.27328,75.32694,84.40946
TJSJ,6/24/2021,87,77,0.25,65.26648,78.2278,93.55792
TJSJ,6/25/2021,88,77,0.07,63.01707,77.21256,87.48222
TJSJ,6/26/2021,88,77,0.0001,64.954704,78.47986,90.21457
TJSJ,6/27/2021,89,73,0.38,55.193634,78.04602,100
TJSJ,6/28/2021,89,77,0.38,67.49169,79.994995,90.29109
TJSJ,6/29/2021,90,77,0,59.147587,75.62039,90.21457
TJSJ,6/30/2021,88,77,1.39,63.01707,77.81506,96.42644
TJSJ,7/1/2021,89,79,0.01,69.799286,80.56951,90.29109
TJSJ,7/2/2021,89,81,0.01,65.49481,78.3914,90.66067
TJSJ,7/3/2021,93,80,0.01,53.958176,72.12781,87.6745
TJSJ,7/4/2021,89,79,0.0001,61.241543,75.47268,90.29109
TJSJ,7/5/2021,89,78,0.0001,63.01707,72.49063,81.55377
TJSJ,7/6/2021,90,77,0.09,63.124584,74.45473,90.21457
TJSJ,7/7/2021,88,80,0.01,69.448425,79.56046,87.6745
TJSJ,7/8/2021,89,80,0.04,65.18404,76.505714,90.66067
TJSJ,7/9/2021,88,79,0.02,64.954704,74.45285,93.60928
TJSJ,7/10/2021,89,75,0.59,57.427124,77.84077,93.55792
TJSJ,7/11/2021,88,77,0.45,71.92741,82.35208,96.42644
TJSJ,7/12/2021,89,80,0.03,65.18404,78.52298,90.29109
TJSJ,7/13/2021,88,78,0.19,67.49169,79.878654,93.60928
TJSJ,7/14/2021,86,77,0.12,69.685555,79.3894,93.55792
TJSJ,7/15/2021,88,76,0.08,61.241543,77.71249,90.73938
TJSJ,7/16/2021,89,77,0.02,60.966244,77.62097,90.21457
TJSJ,7/17/2021,88,78,0.03,67.27328,77.255516,87.050026
TJSJ,7/18/2021,89,78,0.77,72.03415,83.12366,97.07845
TJSJ,7/19/2021,90,79,0.0001,59.092064,74.438446,87.050026
TJSJ,7/20/2021,89,80,0,64.954704,77.44968,87.050026
TJSJ,7/21/2021,89,80,0.0001,63.124584,75.471664,87.050026
TJSJ,7/22/2021,89,78,0.08,63.124584,78.6341,90.21457
TJSJ,7/23/2021,88,79,0.39,72.59893,84.589066,93.637276
TJSJ,7/24/2021,84,77,0.75,82.498085,91.373344,97.07845
TJSJ,7/25/2021,89,77,0.83,67.49169,86.54712,97.07845
TJSJ,7/26/2021,89,78,0.0001,72.03415,82.85139,90.92372
TJSJ,7/27/2021,88,78,0.07,67.27328,77.0023,87.5789
TJSJ,7/28/2021,88,77,0.25,63.0984,79.65954,90.21457
TJSJ,7/29/2021,89,76,0.08,64.954704,78.10461,87.6745
TJSJ,7/30/2021,88,78,0.38,67.393654,82.14354,96.42644
TJSJ,7/31/2021,89,79,0.0001,67.49169,81.40675,93.637276
TJSJ,8/1/2021,87,79,0,67.393654,77.354805,87.5789
TJSJ,8/2/2021,87,79,0.05,63.0984,78.3853,87.050026
TJSJ,8/3/2021,87,78,0.51,67.27328,80.510925,86.949745
TJSJ,8/4/2021,88,77,0.05,70.26737,81.537674,90.21457
TJSJ,8/5/2021,89,79,0.0001,67.27328,78.92357,90.249115
TJSJ,8/6/2021,89,79,0.04,67.49169,78.57241,93.637276
TJSJ,8/7/2021,88,79,0.01,64.954704,76.8402,87.5789
TJSJ,8/8/2021,87,79,0.18,63.01707,80.24726,93.60928
TJSJ,8/9/2021,89,78,0.0001,65.49481,76.8237,90.249115
TJSJ,8/10/2021,87,77,0.66,69.799286,84.3357,94.22723
TJSJ,8/11/2021,91,77,0.33,57.431393,80.96853,93.637276
TJSJ,8/12/2021,89,80,0.0001,60.966244,74.71524,90.92372
TJSJ,8/13/2021,88,79,0.0001,63.0984,72.3452,82.42622
TJSJ,8/14/2021,91,80,0.08,63.25543,77.3279,90.29109
TJSJ,8/15/2021,86,76,0.6,69.799286,85.769615,90.249115
TJSJ,8/16/2021,90,77,0.0001,62.467205,75.96686,90.21457
TJSJ,8/17/2021,90,79,0.01,57.49431,74.39134,87.5789
TJSJ,8/18/2021,89,80,0.09,63.124584,76.73631,88.01197
TJSJ,8/19/2021,89,80,0,62.683746,71.51553,79.057945
TJSJ,8/20/2021,90,81,0.05,63.362026,75.53437,82.42622
TJSJ,8/21/2021,89,81,0.0001,67.49169,75.841545,81.82045
TJSJ,8/22/2021,90,82,0.0001,63.25543,74.13019,84.866806
TJSJ,8/23/2021,90,82,0.0001,60.966244,71.68509,77.11626
TJSJ,8/24/2021,90,80,0.02,63.01707,73.57383,84.866806
TJSJ,8/25/2021,92,79,0.0001,52.247787,69.86781,81.89149
TJSJ,8/26/2021,90,80,0.0001,57.427124,70.56589,79.39962
TJSJ,8/27/2021,92,79,0,57.431393,73.437775,82.42622
TJSJ,8/28/2021,89,81,0,65.18404,75.657326,84.866806
TJSJ,8/29/2021,90,81,0,60.966244,71.18809,79.39962
TJSJ,8/30/2021,88,81,0.0001,63.01707,69.14494,76.6996
TJSJ,8/31/2021,89,79,0.0001,59.092064,70.34023,81.89149
TJSJ,9/1/2021,91,78,0.25,53.424034,70.74731,87.5789
TJSJ,9/2/2021,90,78,0.0001,63.124584,72.99402,86.949745
TJSJ,9/3/2021,92,80,0.0001,63.690865,73.8486,82.498085
TJSJ,9/4/2021,94,82,0,50.609615,69.875565,82.498085
TJSJ,9/5/2021,91,80,0.0001,59.58785,70.491554,79.057945
TJSJ,9/6/2021,91,83,0.01,59.58785,71.19745,79.549965
TJSJ,9/7/2021,92,81,0.01,57.431393,70.24384,79.39962
TJSJ,9/8/2021,91,80,0.0001,59.26213,72.74197,84.52736
TJSJ,9/9/2021,94,80,0.18,54.172462,71.73352,84.52736
TJSJ,9/10/2021,93,80,0.0001,55.838146,70.48309,82.02644
TJSJ,9/11/2021,91,76,1.13,59.26213,77.393486,87.050026
TJSJ,9/12/2021,91,76,0.38,62.857838,78.21707,87.5789
TJSJ,9/13/2021,89,79,0.16,72.03415,80.648796,87.050026
TJSJ,9/14/2021,92,78,0.0001,61.404633,78.0998,87.5789
TJSJ,9/15/2021,86,80,0.06,72.30214,80.24141,87.6745
TJSJ,9/16/2021,92,78,0.07,57.49431,74.35506,87.5789
TJSJ,9/17/2021,90,78,0.26,60.966244,75.74996,87.5789
TJSJ,9/18/2021,89,77,0.11,57.427124,72.97764,87.48222
TJSJ,9/19/2021,89,77,0.45,61.241543,73.67131,87.5789
TJSJ,9/20/2021,88,78,0.69,64.954704,79.707054,88.74824
TJSJ,9/21/2021,87,79,0.61,72.03415,83.48933,93.66005
TJSJ,9/22/2021,96,79,0.02,44.58768,69.928116,87.050026
TJSJ,9/23/2021,94,80,0.0001,50.609615,68.05402,81.41737
TJSJ,9/24/2021,92,80,0.0001,53.867287,68.32879,79.46747
TJSJ,9/25/2021,90,79,0.0001,57.49431,72.74179,84.474464
TJSJ,9/26/2021,90,80,0,65.18404,74.25991,82.02644
TJSJ,9/27/2021,89,80,0.0001,63.124584,72.80704,81.41737
TJSJ,9/28/2021,90,79,0.03,63.25543,74.15479,82.02644
TJSJ,9/29/2021,90,80,0.0001,63.25543,72.989174,84.474464
TJSJ,9/30/2021,89,79,0.07,60.966244,73.056984,84.40946
TJSJ,10/1/2021,90,78,0.0001,55.193634,69.50674,84.35599
TJSJ,10/2/2021,91,76,0.28,49.88376,75.14451,86.949745
TJSJ,10/3/2021,92,79,0,53.867287,69.61468,84.40946
TJSJ,10/4/2021,93,79,0.13,48.48942,66.752075,83.66177
TJSJ,10/5/2021,91,79,0.08,57.18277,70.04625,78.90113
TJSJ,10/6/2021,90,77,0.13,53.91329,71.08956,87.48222
TJSJ,10/7/2021,90,78,0.12,63.25543,77.11014,87.6745
TJSJ,10/8/2021,91,78,0.01,60.966244,73.26785,84.52736
TJSJ,10/9/2021,91,78,0.01,55.58441,67.71329,79.17114
TJSJ,10/10/2021,88,78,0.5,67.6068,79.58456,90.249115
TJSJ,10/11/2021,83,77,1.25,82.02644,86.85503,92.96513
TJSJ,10/12/2021,91,78,0.44,65.18404,85.116264,92.96513
TJSJ,10/13/2021,94,75,0.39,57.93478,80.735565,90.29109
TJSJ,10/14/2021,92,79,0.1,59.701164,78.57905,90.29109
TJSJ,10/15/2021,92,78,0.11,61.48733,76.421974,84.52736
TJSJ,10/16/2021,89,78,0.0001,61.241543,76.444595,84.40946
TJSJ,10/17/2021,90,79,0,65.49481,75.963745,87.5789
TJSJ,10/18/2021,89,79,0,65.36098,73.799904,87.5789
TJSJ,10/19/2021,90,79,0.03,59.147587,74.79612,90.29109
TJSJ,10/20/2021,90,78,1.57,65.18404,80.842064,90.29109
TJSJ,10/21/2021,91,77,0.21,55.463593,76.71375,93.55792
TJSJ,10/22/2021,91,77,0.0001,51.649754,68.03441,84.35599
TJSJ,10/23/2021,91,78,0.04,50.356514,67.04394,79.10189
TJSJ,10/24/2021,88,77,0.22,64.954704,74.71194,87.5789
TJSJ,10/25/2021,91,78,0.31,49.88376,71.49202,90.21457
TJSJ,10/26/2021,91,77,0.01,43.851994,67.20718,84.35599
TJSJ,10/27/2021,92,76,0.01,41.034203,67.26048,82.03341
TJSJ,10/28/2021,93,77,0,45.241203,63.81232,79.17114
TJSJ,10/29/2021,94,76,0.0001,39.487976,62.653572,79.01681
TJSJ,10/30/2021,92,78,0.0001,39.487976,61.260777,79.10189
TJSJ,10/31/2021,89,78,0.01,59.092064,72.051216,81.41737
TJSJ,11/1/2021,88,77,0.06,55.315365,72.363914,84.57616
TJSJ,11/2/2021,87,78,0.06,60.923714,74.91758,84.474464
TJSJ,11/3/2021,87,78,0.27,67.6068,77.902405,87.050026
TJSJ,11/4/2021,89,78,0.03,57.427124,74.400475,84.35599
TJSJ,11/5/2021,90,77,0.0001,53.91329,73.34061,84.57616
TJSJ,11/6/2021,90,77,0.21,57.18277,71.29945,90.172104
TJSJ,11/7/2021,87,76,0.0001,56.919083,71.78291,82.03341
TJSJ,11/8/2021,87,76,0.03,59.092064,70.9124,82.03341
TJSJ,11/9/2021,88,76,0.04,56.919083,69.67561,81.55377
TJSJ,11/10/2021,89,78,0.09,57.427124,70.75444,81.89149
TJSJ,11/11/2021,88,77,0.06,63.01707,75.23031,84.474464
TJSJ,11/12/2021,89,78,0.06,56.919083,72.39054,84.40946
TJSJ,11/13/2021,87,78,0.29,63.01707,76.80643,86.949745
TJSJ,11/14/2021,88,77,0.03,57.427124,73.71375,84.57616
TJSJ,11/15/2021,89,77,0.03,61.241543,72.58447,81.41737
TJSJ,11/16/2021,87,77,0.03,54.357697,65.604355,81.55377
TJSJ,11/17/2021,88,78,0.19,60.283,69.55536,81.89149
TJSJ,11/18/2021,86,78,0.13,65.26648,73.96328,84.40946
TJSJ,11/19/2021,85,77,0.07,63.395924,74.950005,84.35599
TJSJ,11/20/2021,87,76,0.01,63.0984,71.4124,81.95878
TJSJ,11/21/2021,87,76,0.08,60.923714,75.516136,87.48222
TJSJ,11/22/2021,88,76,0.0001,53.147194,72.04801,85.08769
TJSJ,11/23/2021,90,76,0.01,53.424034,69.3646,85.08769
TJSJ,11/24/2021,88,76,0.0001,57.163784,71.288216,81.95878
TJSJ,11/25/2021,84,75,0.88,69.18237,79.06644,90.73938
TJSJ,11/26/2021,85,77,0.0001,51.10379,59.471416,71.72483
TJSJ,11/27/2021,86,73,0.0001,60.365044,69.99175,81.19648
TJSJ,11/28/2021,86,76,0.14,63.0984,74.84407,82.03341
TJSJ,11/29/2021,92,75,0.0001,50.356514,71.04073,85.08769
TJSJ,11/30/2021,88,76,0.0001,55.315365,72.2331,82.03341
TJSJ,12/1/2021,86,77,0.54,67.27328,77.548965,87.5789
TJSJ,12/2/2021,89,77,0.23,49.72598,72.43765,86.949745
TJSJ,12/3/2021,86,75,0.12,65.26648,76.92144,87.72512
TJSJ,12/4/2021,86,76,0.09,65.36098,78.02913,87.48222
TJSJ,12/5/2021,86,75,0.79,65.26648,78.6722,90.73938
TJSJ,12/6/2021,86,76,0.06,61.064674,74.04558,82.03341
TJSJ,12/7/2021,86,74,0.08,57.01807,72.852425,87.72512
TJSJ,12/8/2021,86,76,0.15,60.952366,72.09815,82.03341
TJSJ,12/9/2021,85,75,0.34,65.257545,75.46286,90.39978
TJSJ,12/10/2021,86,75,0.17,62.857838,75.36936,85.08769
TJSJ,12/11/2021,86,74,0.13,60.814526,70.49476,81.95878
TJSJ,12/12/2021,85,74,0.28,67.280304,77.50004,87.48222
TJSJ,12/13/2021,85,76,0.22,69.59207,77.471245,87.72512
TJSJ,12/14/2021,85,75,0.27,65.257545,75.15428,84.57616
TJSJ,12/15/2021,84,75,0.13,63.156197,75.537766,85.08769
TJSJ,12/16/2021,85,74,0.1,58.549393,72.35259,81.95878
TJSJ,12/17/2021,85,74,0.14,59.21356,73.475136,82.03341
TJSJ,12/18/2021,83,74,0.4,64.136,74.233894,84.45763
TJSJ,12/19/2021,84,74,0.11,65.026215,77.7614,90.974266
TJSJ,12/20/2021,82,73,0.8,71.777084,82.73104,93.50594
TJSJ,12/21/2021,84,71,0.0001,60.952366,78.33039,90.974266
TJSJ,12/22/2021,86,73,0,54.89434,74.83328,87.72512
TJSJ,12/23/2021,87,72,0.0001,60.814526,73.88512,87.628876
TJSJ,12/24/2021,85,75,0.0001,65.13056,75.134415,84.45763
TJSJ,12/25/2021,84,74,0.49,62.857838,77.12503,94.10022
TJSJ,12/26/2021,85,74,0.01,60.814526,73.25926,81.95878
TJSJ,12/27/2021,84,73,0.0001,63.156197,73.29705,87.58521
TJSJ,12/28/2021,83,74,0.01,62.615204,74.0915,84.972496
TJSJ,12/29/2021,85,75,0,54.89434,68.75208,78.86083
TJSJ,12/30/2021,84,75,0.01,58.09791,64.6051,73.59218
TJSJ,12/31/2021,84,75,0,58.43191,65.21259,75.92354
TJSJ,1/1/2022,84,72,0.01,49.320526,62.209545,73.4019
TJSJ,1/2/2022,84,72,0.01,49.508762,61.83558,71.14396
TJSJ,1/3/2022,84,74,0.27,58.692406,73.752174,87.681946
TJSJ,1/4/2022,84,73,0.15,62.615204,75.02715,84.972496
TJSJ,1/5/2022,84,73,0.24,56.506313,77.04732,94.10022
TJSJ,1/6/2022,83,71,0.28,58.43191,77.25575,93.4268
TJSJ,1/7/2022,85,73,0.22,56.506313,78.2337,93.50594
TJSJ,1/8/2022,82,73,0.08,64.68674,77.15389,84.972496
TJSJ,1/9/2022,83,74,0.0001,58.43191,68.87993,76.62149
TJSJ,1/10/2022,82,71,0.03,60.365044,73.708626,84.972496
TJSJ,1/11/2022,82,71,0.43,64.451225,77.77828,93.40279
TJSJ,1/12/2022,82,70,0.0001,58.09791,75.982666,90.594666
TJSJ,1/13/2022,86,71,0.0001,43.10064,67.74295,86.58971
TJSJ,1/14/2022,89,72,0.0001,44.802727,71.14821,83.98641
TJSJ,1/15/2022,83,73,0.15,65.026215,79.07374,87.72512
TJSJ,1/16/2022,83,71,0,65.13056,78.210556,90.32327
TJSJ,1/17/2022,87,71,0,46.25494,69.83155,84.972496
TJSJ,1/18/2022,84,70,0.01,63.156197,75.96303,87.135025
TJSJ,1/19/2022,85,71,0.02,60.283,75.15095,84.57616
TJSJ,1/20/2022,84,73,0.15,60.814526,77.062416,87.58521
TJSJ,1/21/2022,83,72,0.02,60.283,72.98955,87.681946
TJSJ,1/22/2022,83,70,0.08,65.026215,75.40641,84.972496
TJSJ,1/23/2022,83,71,0.0001,45.657604,66.69948,87.628876
TJSJ,1/24/2022,85,67,0.01,52.928852,71.09898,87.03324
TJSJ,1/25/2022,86,71,0.02,49.624676,69.44919,87.23564
TJSJ,1/26/2022,84,71,0.0001,54.620113,69.98596,81.40747
TJSJ,1/27/2022,83,73,0.04,60.365044,73.72537,87.628876
TJSJ,1/28/2022,83,71,0.03,58.43191,74.944176,89.93965
TJSJ,1/29/2022,85,71,0.0001,46.418087,69.877396,87.23564
TJSJ,1/30/2022,84,69,0.01,58.692406,73.377716,87.135025
TJSJ,1/31/2022,83,71,0.46,62.277378,79.64636,96.99354
TJSJ,2/1/2022,83,71,0.01,60.283,78.59283,93.40279
TJSJ,2/2/2022,84,72,0.44,62.615204,79.136024,93.77152
TJSJ,2/3/2022,83,72,0.47,67.05904,80.1567,90.974266
TJSJ,2/4/2022,80,71,0.82,71.72483,80.5839,90.594666
TJSJ,2/5/2022,75,70,3.82,87.23564,92.07466,96.9686
TJSJ,2/6/2022,80,71,2.73,76.790886,90.38233,96.99354
TJSJ,2/7/2022,81,71,1.23,66.493004,79.89022,96.322716
TJSJ,2/8/2022,82,71,0.2,59.831806,74.869995,93.40279
TJSJ,2/9/2022,82,71,0.01,62.277378,70.96455,78.86083
TJSJ,2/10/2022,84,72,0.03,51.10379,72.89518,87.58521
TJSJ,2/11/2022,84,72,0.01,60.814526,74.06377,90.32327
TJSJ,2/12/2022,81,72,0.1,57.917896,79.11243,93.77152
TJSJ,2/13/2022,82,72,0.08,67.05904,81.47991,90.974266
TJSJ,2/14/2022,82,72,0.0001,60.283,75.53025,84.972496
TJSJ,2/15/2022,84,72,0.08,65.026215,78.39503,90.974266
TJSJ,2/16/2022,84,72,0.24,67.617035,78.526855,90.974266
TJSJ,2/17/2022,83,72,0.04,56.23738,72.3392,87.23564
TJSJ,2/18/2022,82,72,0.31,66.61727,81.57573,90.594666
TJSJ,2/19/2022,82,72,0.08,62.615204,76.86095,90.594666
TJSJ,2/20/2022,83,71,0.07,60.283,75.83619,90.594666
TJSJ,2/21/2022,83,73,0.01,62.615204,74.07505,87.58521
TJSJ,2/22/2022,82,73,0.09,62.277378,73.396515,84.972496
TJSJ,2/23/2022,81,72,0.3,64.30781,74.23361,83.98641
TJSJ,2/24/2022,81,73,0.04,54.232742,63.772705,78.774345
TJSJ,2/25/2022,82,69,0.15,62.1666,73.564865,89.89542
TJSJ,2/26/2022,82,72,0.02,60.283,72.874985,83.98641
TJSJ,2/27/2022,82,72,0.33,71.34513,80.79821,94.05696
TJSJ,2/28/2022,84,74,0.0001,72.10829,83.316864,93.79415
TJSJ,3/1/2022,85,72,0.0001,67.05904,80.69788,93.79415
TJSJ,3/2/2022,85,73,0.0001,65.13056,82.819305,93.79415
TJSJ,3/3/2022,83,73,0,72.10829,85.17156,93.79415
TJSJ,3/4/2022,85,74,0.39,60.952366,83.99534,100
TJSJ,3/5/2022,83,73,0.4,67.05904,87.02756,100
TJSJ,3/6/2022,82,72,0.37,67.177505,84.43,100
TJSJ,3/7/2022,83,72,0.11,65.026215,80.53418,97.016945
TJSJ,3/8/2022,83,72,0.14,67.05904,80.54456,96.678116
TJSJ,3/9/2022,83,72,0.29,67.177505,81.503586,96.99354
TJSJ,3/10/2022,83,73,0.18,72.10829,86.13903,97.016945
TJSJ,3/11/2022,84,71,0.01,64.136,77.722984,90.39978
TJSJ,3/12/2022,84,73,0.21,60.814526,82.77687,100
TJSJ,3/13/2022,85,70,0.0001,62.857838,76.22684,89.93965
TJSJ,3/14/2022,84,73,0.03,63.156197,75.58792,87.628876
TJSJ,3/15/2022,84,73,0.11,54.232742,73.0169,90.39978
TJSJ,3/16/2022,84,72,0.2,60.952366,80.02402,93.77152
TJSJ,3/17/2022,85,73,0.09,51.210354,78.31762,90.32327
TJSJ,3/18/2022,84,73,0.1,47.781155,75.67881,96.678116
TJSJ,3/19/2022,84,71,0.03,67.617035,77.05805,90.32327
TJSJ,3/20/2022,84,73,0.07,60.814526,78.885315,93.79415
TJSJ,3/21/2022,82,71,0.01,64.136,76.93975,87.23564
TJSJ,3/22/2022,82,72,0.06,71.14396,78.47284,87.58521
TJSJ,3/23/2022,84,72,0.0001,65.026215,77.07945,87.23564
TJSJ,3/24/2022,80,72,0.3,71.14396,84.80757,93.79415
TJSJ,3/25/2022,83,72,0.08,60.814526,80.98318,87.681946
TJSJ,3/26/2022,84,72,0.02,58.549393,75.76475,90.594666
TJSJ,3/27/2022,84,71,0.01,62.615204,76.3378,90.594666
TJSJ,3/28/2022,83,72,0.0001,69.27759,77.75127,87.58521
TJSJ,3/29/2022,84,73,0.02,62.857838,78.04185,90.974266
TJSJ,3/30/2022,84,73,0.05,54.77119,74.31178,93.79415
TJSJ,3/31/2022,84,71,0.17,60.814526,75.83299,93.4268
TJSJ,4/1/2022,84,73,0.0001,60.283,73.84508,85.08769
TJSJ,4/2/2022,85,73,0.13,67.177505,80.53896,93.79415
TJSJ,4/3/2022,87,74,0.01,51.0819,70.281784,87.681946
TJSJ,4/4/2022,88,74,0.01,51.167645,71.20301,87.628876
TJSJ,4/5/2022,88,74,0.0001,53.147194,73.1759,85.08769
TJSJ,4/6/2022,85,72,0.34,52.71415,78.01393,96.678116
TJSJ,4/7/2022,86,72,0.03,65.13056,79.3776,90.594666
TJSJ,4/8/2022,86,74,0.04,54.357697,75.5025,90.974266
TJSJ,4/9/2022,87,74,0.0001,51.167645,73.26727,84.972496
TJSJ,4/10/2022,89,73,0.0001,51.167645,73.57589,90.32327
TJSJ,4/11/2022,84,74,0.01,60.952366,76.82872,87.628876
TJSJ,4/12/2022,86,75,0.05,63.395924,77.59003,93.50594
TJSJ,4/13/2022,85,73,0.03,56.23738,72.64999,93.79415
TJSJ,4/14/2022,84,72,0.15,64.68674,80.15483,90.32327
TJSJ,4/15/2022,85,72,0.56,65.026215,79.48115,93.79415
TJSJ,4/16/2022,84,72,0.18,67.05904,79.40456,90.594666
TJSJ,4/17/2022,87,74,0.01,58.95082,73.005455,85.08769
TJSJ,4/18/2022,87,75,0.0001,52.994083,71.55926,85.08769
TJSJ,4/19/2022,86,74,0.02,59.21356,73.49413,85.08769
TJSJ,4/20/2022,87,74,0.01,52.994083,72.1632,87.681946
TJSJ,4/21/2022,85,73,0.17,58.692406,74.7439,90.974266
TJSJ,4/22/2022,83,71,0.45,60.283,76.00789,96.99354
TJSJ,4/23/2022,83,73,0.0001,62.1666,71.18272,81.82193
TJSJ,4/24/2022,84,73,0.03,56.23738,69.44196,81.89738
TJSJ,4/25/2022,84,72,0.0001,56.751534,69.827065,81.89738
TJSJ,4/26/2022,82,75,0.01,60.283,65.53262,68.85131
TJSJ,4/27/2022,82,74,0.02,50.650837,62.109146,81.89738
TJSJ,4/28/2022,83,70,0.02,50.97468,60.311172,70.42431
TJSJ,4/29/2022,84,72,0.03,54.620113,67.55959,87.681946
TJSJ,4/30/2022,78,73,0.63,82.03341,90.41064,97.04129
TJSJ,5/1/2022,81,74,0.02,71.34513,88.863655,96.38104
TJSJ,5/2/2022,86,75,0.06,67.6068,85.601494,100
TJSJ,5/3/2022,85,74,0.33,63.395924,85.75498,100
TJSJ,5/4/2022,82,74,0.0001,74.24337,84.487404,93.79415
TJSJ,5/5/2022,83,72,0.0001,67.617035,82.13766,93.77152
TJSJ,5/6/2022,85,73,0.0001,61.064674,78.887215,90.32327
TJSJ,5/7/2022,85,74,0.0001,65.36098,78.46434,90.974266
TJSJ,5/8/2022,89,72,0.0001,63.0984,79.598206,93.77152
TJSJ,5/9/2022,91,75,0,51.649754,70.09734,87.48222
TJSJ,5/10/2022,89,74,0.0001,59.092064,71.38198,87.72512
TJSJ,5/11/2022,90,75,0.14,55.463593,74.6991,93.52941
TJSJ,5/12/2022,85,78,0.0001,65.257545,79.70928,90.21457
TJSJ,5/13/2022,88,74,0.06,57.427124,77.47854,90.172104
TJSJ,5/14/2022,88,74,0.04,53.147194,74.630486,90.974266
TJSJ,5/15/2022,88,75,0.01,60.923714,74.76319,87.72512
TJSJ,5/16/2022,91,75,0.04,46.55105,73.562614,90.39978
TJSJ,5/17/2022,90,76,0.01,65.18404,78.34478,90.172104
TJSJ,5/18/2022,93,79,0,50.326485,72.17371,90.249115
TJSJ,5/19/2022,89,77,0,61.241543,76.77274,90.21457
TJSJ,5/20/2022,91,77,0.0001,57.18277,75.14047,90.172104
TJSJ,5/21/2022,88,77,0.0001,59.092064,74.47789,86.949745
TJSJ,5/22/2022,87,77,0,60.923714,75.36885,84.57616
TJSJ,5/23/2022,88,76,0.01,59.092064,76.78608,90.172104
TJSJ,5/24/2022,88,76,0.03,56.919083,75.78874,87.48222
TJSJ,5/25/2022,87,77,0.0001,61.20137,73.946045,81.55377
TJSJ,5/26/2022,87,76,0.02,65.026215,76.97948,87.48222
TJSJ,5/27/2022,89,75,0.03,56.919083,75.783714,87.72512
TJSJ,5/28/2022,89,77,0.02,60.923714,75.2033,84.57616
TJSJ,5/29/2022,88,77,0.02,63.01707,75.94663,84.35599
TJSJ,5/30/2022,88,77,0.16,61.20137,80.30397,93.55792
TJSJ,5/31/2022,88,77,0.06,60.923714,78.47486,90.249115
TJSJ,6/1/2022,88,76,0.0001,52.994083,74.64193,87.72512
TJSJ,6/2/2022,89,76,0,53.638535,72.057076,82.03341
TJSJ,6/3/2022,91,75,0.0001,60.966244,72.61654,90.39978
TJSJ,6/4/2022,94,75,0.0001,48.930344,69.236885,87.72512
TJSJ,6/5/2022,93,77,0,45.68785,67.0049,84.474464
TJSJ,6/6/2022,92,78,0.0001,50.798344,72.92051,87.5789
TJSJ,6/7/2022,91,77,0.0001,56.919083,74.071655,86.949745
TJSJ,6/8/2022,89,78,0.0001,61.241543,74.65582,84.40946
TJSJ,6/9/2022,89,78,0,63.01707,73.757614,84.35599
TJSJ,6/10/2022,90,78,0.03,60.966244,73.34787,87.5789
TJSJ,6/11/2022,89,79,0.0001,60.923714,75.37953,81.41737
TJSJ,6/12/2022,89,78,0,60.966244,75.18228,87.5789
TJSJ,6/13/2022,89,79,0.07,59.147587,72.34201,81.89149
TJSJ,6/14/2022,88,77,0.16,63.01707,78.84586,90.21457
TJSJ,6/15/2022,88,73,0.84,69.448425,86.38892,97.07845
TJSJ,6/16/2022,87,78,0.01,67.27328,82.64093,96.42644
TJSJ,6/17/2022,89,77,0,63.01707,76.32324,87.5789
TJSJ,6/18/2022,90,77,0,60.966244,74.43321,84.35599
TJSJ,6/19/2022,88,77,0,63.395924,74.6434,87.48222
TJSJ,6/20/2022,88,77,0.17,63.0984,77.93482,90.249115
TJSJ,6/21/2022,87,77,0.01,67.27328,78.03447,93.55792
TJSJ,6/22/2022,90,77,0.0001,55.193634,72.48528,84.57616
TJSJ,6/23/2022,90,77,0.0001,63.01707,73.731,86.949745
TJSJ,6/24/2022,89,78,0.0001,60.966244,73.06239,84.35599
TJSJ,6/25/2022,89,77,0.25,57.18277,77.40584,93.55792
TJSJ,6/26/2022,89,77,0.0001,55.315365,74.86064,86.949745
TJSJ,6/27/2022,89,76,0.0001,60.923714,72.708084,84.57616
TJSJ,6/28/2022,89,77,0.08,63.124584,77.24385,90.29109
TJSJ,6/29/2022,89,80,0.0001,64.954704,76.14001,84.52736
TJSJ,6/30/2022,89,79,0.03,67.49169,78.03766,87.6745
TJSJ,7/1/2022,88,79,0.04,61.241543,75.061165,87.050026
TJSJ,7/2/2022,84,74,1.71,79.057945,89.54435,100
TJSJ,7/3/2022,86,74,0.32,77.3703,90.79258,100
TJSJ,7/4/2022,87,76,0.02,71.92741,82.68696,93.55792
TJSJ,7/5/2022,87,77,0.02,65.26648,77.78982,93.55792
TJSJ,7/6/2022,87,76,1.16,74.50657,87.22306,97.04129
TJSJ,7/7/2022,86,73,0.25,71.92741,84.884315,100
TJSJ,7/8/2022,88,74,0.3,69.59207,86.54386,100
TJSJ,7/9/2022,87,76,0.42,81.82045,96.27055,100
TJSJ,7/10/2022,89,77,0.06,79.46747,93.661766,100
TJSJ,7/11/2022,90,75,0,67.49169,84.044876,100
TJSJ,7/12/2022,89,80,0,59.147587,75.18902,82.02644
TJSJ,7/13/2022,89,79,0.16,63.124584,77.29871,87.050026
TJSJ,7/14/2022,89,77,0.36,63.124584,79.16073,94.22723
TJSJ,7/15/2022,88,80,0.27,69.685555,82.140144,93.637276
TJSJ,7/16/2022,89,79,0.22,65.18404,81.257645,93.66005
TJSJ,7/17/2022,88,80,0.0001,67.49169,76.57177,87.6745
TJSJ,7/18/2022,89,78,0.17,55.463593,76.60473,87.5789
TJSJ,7/19/2022,89,77,0.24,63.124584,79.36658,90.21457
TJSJ,7/20/2022,88,80,0.07,70.00456,79.98937,87.050026
TJSJ,7/21/2022,84,77,0.78,84.98084,91.338425,97.07845
TJSJ,7/22/2022,89,78,0.01,67.393654,77.36693,87.5789
TJSJ,7/23/2022,88,78,0.24,64.954704,75.463005,87.5789
TJSJ,7/24/2022,90,77,0.04,57.427124,76.94605,90.249115
TJSJ,7/25/2022,89,79,0.07,69.448425,82.21118,90.29109
TJSJ,7/26/2022,88,80,0.01,64.954704,76.28016,84.866806
TJSJ,7/27/2022,88,76,0.18,61.20137,76.649,90.249115
TJSJ,7/28/2022,88,78,0.06,63.01707,77.49277,90.21457
TJSJ,7/29/2022,87,76,0.19,67.27328,75.88023,90.172104
TJSJ,7/30/2022,88,77,0.74,72.03415,83.931244,97.07845
TJSJ,7/31/2022,90,81,0.02,70.116646,80.52525,93.66005
TJSJ,8/1/2022,89,82,0,72.03415,78.10285,84.866806
TJSJ,8/2/2022,88,81,0.0001,67.49169,77.79814,87.6745
TJSJ,8/3/2022,89,79,0.01,65.49481,78.534615,87.6745
TJSJ,8/4/2022,88,80,0.16,67.49169,78.18464,84.52736
TJSJ,8/5/2022,88,80,0.03,63.124584,75.41762,84.474464
TJSJ,8/6/2022,88,80,0.02,67.49169,78.54742,88.01197
TJSJ,8/7/2022,88,80,0.05,74.50657,83.41004,94.26866
TJSJ,8/8/2022,90,82,0.0001,60.966244,74.54516,85.480934
TJSJ,8/9/2022,90,81,0.0001,67.49169,75.367424,84.866806
TJSJ,8/10/2022,90,80,0.0001,63.25543,75.07347,84.52736
TJSJ,8/11/2022,88,78,0.27,64.954704,77.57916,93.60928
TJSJ,8/12/2022,90,79,0.0001,60.966244,74.29705,84.474464
TJSJ,8/13/2022,90,79,0,60.966244,73.394264,84.40946
TJSJ,8/14/2022,90,80,0.0001,70.00456,78.39724,84.52736
TJSJ,8/15/2022,90,81,0.9,72.22678,82.5577,93.992455
TJSJ,8/16/2022,92,77,0.2,65.72114,82.0319,90.92372
TJSJ,8/17/2022,89,79,0,67.61098,81.08321,90.249115
TJSJ,8/18/2022,90,77,0.89,60.966244,83.07952,97.07845
TJSJ,8/19/2022,88,77,0.01,70.00456,84.25926,97.07845
TJSJ,8/20/2022,88,75,0.55,72.03415,88.54532,100
TJSJ,8/21/2022,88,75,0.74,71.92741,87.45369,100
TJSJ,8/22/2022,85,73,3.38,77.28062,94.912125,100
TJSJ,8/23/2022,91,74,0.14,55.58441,81.4704,100
TJSJ,8/24/2022,92,79,0.01,52.372917,73.928314,87.6745
TJSJ,8/25/2022,89,78,0.62,67.49169,82.017006,90.29109
TJSJ,8/26/2022,91,78,0.63,65.49481,81.15609,92.96513
TJSJ,8/27/2022,91,78,0.55,63.25543,77.29894,90.92372
TJSJ,8/28/2022,89,77,0.31,59.20717,80.16807,90.29109
TJSJ,8/29/2022,91,79,0.21,60.966244,79.1163,93.66005
TJSJ,8/30/2022,91,81,0.01,63.690865,80.13153,90.92372
TJSJ,8/31/2022,91,81,0.04,60.966244,76.89282,87.6745
TJSJ,9/1/2022,90,77,0.38,63.362026,76.770256,87.6745
TJSJ,9/2/2022,89,78,0.16,60.923714,75.91034,90.92372
TJSJ,9/3/2022,90,79,0.33,70.116646,81.19398,97.07845
TJSJ,9/4/2022,88,80,0.16,74.783775,88.150635,93.637276
TJSJ,9/5/2022,91,77,0.68,69.448425,83.97716,94.22723
TJSJ,9/6/2022,90,78,0.3,65.18404,81.272736,90.92372
TJSJ,9/7/2022,91,78,0.02,60.966244,81.31649,90.249115
TJSJ,9/8/2022,92,79,0.06,61.404633,81.4131,90.29109
TJSJ,9/9/2022,88,80,1.08,67.49169,84.43238,93.66005
TJSJ,9/10/2022,89,78,1.55,72.22678,87.570786,94.26866
TJSJ,9/11/2022,89,78,0.0001,70.00456,81.025475,93.637276
TJSJ,9/12/2022,88,80,0.0001,69.71293,80.22325,87.050026
TJSJ,9/13/2022,90,78,0,59.26213,77.56678,90.21457
TJSJ,9/14/2022,89,79,0.06,64.954704,76.49128,90.249115
TJSJ,9/15/2022,89,81,0.07,69.448425,76.53949,85.480934
TJSJ,9/16/2022,88,80,0.49,74.60542,83.06312,93.66005
TJSJ,9/17/2022,87,75,1.41,71.92741,84.903564,97.07845
TJSJ,9/18/2022,83,75,4.1,81.82045,91.23445,97.04129
TJSJ,9/19/2022,82,75,1.63,84.35599,91.94471,97.04129
TJSJ,9/20/2022,91,78,0.03,65.18404,80.9528,96.42644
TJSJ,9/21/2022,94,78,0,57.431393,74.53355,90.249115
TJSJ,9/22/2022,94,80,0.22,53.958176,78.83697,90.92372
TJSJ,9/23/2022,93,78,0,57.431393,74.88878,90.249115
TJSJ,9/24/2022,90,80,0,65.18404,76.22514,84.52736
TJSJ,9/25/2022,89,79,0.0001,65.49481,77.62753,90.249115
TJSJ,9/26/2022,89,79,0.04,65.49481,78.01526,90.29109
TJSJ,9/27/2022,88,78,0.02,69.799286,80.92846,90.249115
TJSJ,9/28/2022,88,77,0.03,64.954704,77.888374,90.21457
TJSJ,9/29/2022,87,76,0.72,69.799286,82.94628,90.249115
TJSJ,9/30/2022,89,75,0,60.966244,76.29918,90.73938
TJSJ,10/1/2022,91,77,0.18,65.18404,78.35532,90.249115
TJSJ,10/2/2022,94,79,0,50.907776,73.1277,87.6745
TJSJ,10/3/2022,90,80,0.0001,67.393654,78.754,87.050026
TJSJ,10/4/2022,89,79,0.0001,70.116646,80.481964,87.5789
TJSJ,10/5/2022,91,80,0.01,61.241543,75.00805,87.050026
TJSJ,10/6/2022,89,79,0.03,64.954704,78.359825,90.92372
TJSJ,10/7/2022,89,79,0.15,70.00456,82.66113,90.92372
TJSJ,10/8/2022,89,78,0.18,65.49481,80.75821,93.60928
TJSJ,10/9/2022,89,75,1.04,67.393654,83.48129,97.04129
TJSJ,10/10/2022,89,75,0.02,67.49169,81.55466,93.50594
TJSJ,10/11/2022,89,80,0.14,67.49169,80.2102,90.92372
TJSJ,10/12/2022,88,78,0.16,67.27328,80.016624,90.21457
TJSJ,10/13/2022,88,77,0.02,65.257545,78.08393,90.21457
TJSJ,10/14/2022,89,78,0.01,65.18404,77.70355,87.5789
TJSJ,10/15/2022,89,78,0.02,65.49481,77.394356,84.52736
TJSJ,10/16/2022,88,78,0.03,69.448425,79.04952,90.249115
TJSJ,10/17/2022,88,78,0.0001,67.393654,80.490074,90.249115
TJSJ,10/18/2022,92,78,0.0001,53.867287,72.663155,90.249115
TJSJ,10/19/2022,90,79,0,60.966244,75.527916,84.40946
TJSJ,10/20/2022,90,77,0.23,67.49169,78.58902,93.60928
TJSJ,10/21/2022,89,78,0.02,65.18404,76.63728,87.5789
TJSJ,10/22/2022,88,78,0.35,64.954704,80.46101,93.60928
TJSJ,10/23/2022,88,76,0.2,65.49481,81.11588,93.60928
TJSJ,10/24/2022,89,78,0.04,67.61098,76.87327,87.5789
TJSJ,10/25/2022,91,80,0.04,63.124584,77.067055,87.6745
TJSJ,10/26/2022,81,76,2.11,84.474464,91.16959,96.42644
TJSJ,10/27/2022,82,75,1.31,84.40946,91.164696,97.04129
TJSJ,10/28/2022,87,76,0.01,69.799286,82.08774,97.04129
TJSJ,10/29/2022,90,79,0.09,60.966244,80.5738,93.60928
TJSJ,10/30/2022,87,77,0.19,67.6068,85.319595,93.60928
TJSJ,10/31/2022,89,76,0.03,69.685555,82.95992,93.55792
TJSJ,11/1/2022,89,78,0.26,69.448425,83.59183,96.42644
TJSJ,11/2/2022,89,78,0.11,64.954704,81.192795,93.60928
TJSJ,11/3/2022,88,77,0.05,65.49481,80.83846,93.60928
TJSJ,11/4/2022,86,75,0.11,65.36098,79.71404,87.5789
TJSJ,11/5/2022,78,74,3.19,82.03341,91.5884,100
TJSJ,11/6/2022,92,75,0.0001,52.247787,73.81457,90.73938
TJSJ,11/7/2022,91,78,0.03,59.26213,79.75211,87.6745
TJSJ,11/8/2022,90,77,0.02,60.966244,77.01964,90.21457
TJSJ,11/9/2022,92,79,0.0001,59.147587,73.73736,87.5789
TJSJ,11/10/2022,89,78,0.0001,63.124584,78.49789,87.5789
TJSJ,11/11/2022,86,77,0.13,65.26648,81.080055,90.29109
TJSJ,11/12/2022,87,77,0.13,69.685555,80.986946,93.55792
TJSJ,11/13/2022,87,77,0.09,69.448425,82.72444,93.55792
TJSJ,11/14/2022,89,77,0.01,67.49169,81.23353,90.249115
TJSJ,11/15/2022,87,76,0.72,65.26648,84.654175,97.04129
TJSJ,11/16/2022,87,77,0.06,60.923714,77.87051,90.21457
TJSJ,11/17/2022,88,76,0.2,67.27328,82.33874,93.55792
TJSJ,11/18/2022,87,75,0.1,65.36098,78.202774,90.21457
TJSJ,11/19/2022,87,76,0.1,65.26648,77.19577,90.73938
TJSJ,11/20/2022,88,76,0.24,64.954704,78.92822,90.21457
TJSJ,11/21/2022,87,76,0.08,67.27328,81.467606,90.73938
TJSJ,11/22/2022,87,77,0.07,63.01707,77.71081,90.172104
TJSJ,11/23/2022,87,76,0.3,67.393654,83.659065,93.60928
TJSJ,11/24/2022,87,76,0.08,67.27328,82.30025,93.52941
TJSJ,11/25/2022,87,76,0.05,67.393654,80.280075,96.41042
TJSJ,11/26/2022,87,76,0.12,67.27328,79.18938,93.52941
TJSJ,11/27/2022,86,75,0.01,63.0984,76.55323,87.72512
TJSJ,11/28/2022,87,77,0.0001,63.0984,74.78653,87.48222
TJSJ,11/29/2022,85,77,0.11,67.6068,75.35339,84.40946
TJSJ,11/30/2022,86,76,0.06,61.064674,74.8244,90.73938
TJSJ,12/1/2022,86,75,0.05,60.952366,73.685875,93.50594
TJSJ,12/2/2022,85,77,0.03,63.395924,71.79329,79.17114
TJSJ,12/3/2022,85,74,0.08,56.506313,71.60904,87.681946
TJSJ,12/4/2022,84,75,0.18,56.506313,68.130646,84.45763
TJSJ,12/5/2022,85,73,0.31,62.857838,72.08449,87.72512
TJSJ,12/6/2022,85,78,0.01,58.09791,64.50757,71.72483
TJSJ,12/7/2022,84,74,0.03,54.620113,64.00408,87.681946
TJSJ,12/8/2022,85,77,0.0001,52.661106,61.712353,71.72483
TJSJ,12/9/2022,84,73,0.04,51.0819,66.871666,87.681946
TJSJ,12/10/2022,84,72,0.04,60.283,72.626755,84.337776
TJSJ,12/11/2022,85,73,0.02,60.365044,73.19879,87.58521
TJSJ,12/12/2022,83,73,0.0001,54.49604,66.71376,87.58521
TJSJ,12/13/2022,82,71,0.02,58.09791,70.96758,83.98641
TJSJ,12/14/2022,84,72,0.0001,56.751534,71.84569,87.58521
TJSJ,12/15/2022,84,74,0.0001,65.026215,76.44639,84.57616
TJSJ,12/16/2022,85,74,0.42,69.59207,80.12429,93.52941
TJSJ,12/17/2022,82,74,0.91,76.36474,86.81308,97.016945
TJSJ,12/18/2022,86,74,0.0001,60.952366,78.07834,93.79415
TJSJ,12/19/2022,85,73,0.0001,62.857838,75.891914,93.79415
TJSJ,12/20/2022,84,74,0.49,69.71293,80.0935,93.79415
TJSJ,12/21/2022,86,74,0.43,59.21356,77.98704,97.016945
TJSJ,12/22/2022,86,73,0.0001,61.064674,76.954185,87.628876
TJSJ,12/23/2022,86,75,0.03,54.89434,73.15076,85.08769
TJSJ,12/24/2022,87,74,0.02,59.092064,74.88558,90.974266
TJSJ,12/25/2022,85,73,0.03,60.952366,75.33263,90.974266
TJSJ,12/26/2022,84,75,0.17,64.68674,82.319725,93.55792
TJSJ,12/27/2022,87,74,0,58.95082,76.78524,90.974266
TJSJ,12/28/2022,86,75,0.06,61.064674,77.95691,93.50594
TJSJ,12/29/2022,85,75,0.17,67.280304,79.70899,93.52941
TJSJ,12/30/2022,83,75,0.09,72.10829,82.325,90.39978
TJSJ,12/31/2022,85,73,0.09,60.952366,79.04664,90.73938
TJSJ,1/1/2023,85,73,0.42,65.36098,84.021484,96.678116
TJSJ,1/2/2023,84,73,0.01,65.13056,78.95383,93.79415
TJSJ,1/3/2023,84,73,0.43,62.857838,77.946915,90.974266
TJSJ,1/4/2023,79,72,0.96,79.10189,88.97142,94.14301
TJSJ,1/5/2023,84,73,0.19,69.61913,82.62645,90.974266
TJSJ,1/6/2023,85,73,0.31,58.692406,80.24722,93.79415
TJSJ,1/7/2023,82,73,0.39,76.526184,89.16443,93.79415
TJSJ,1/8/2023,85,73,0.14,69.59207,84.962234,96.678116
TJSJ,1/9/2023,84,72,0.01,63.156197,79.99349,93.79415
TJSJ,1/10/2023,85,73,0.0001,65.257545,79.69819,90.974266
TJSJ,1/11/2023,84,73,0.3,69.61913,80.722374,93.52941
TJSJ,1/12/2023,84,73,0.0001,69.59207,83.32135,93.79415
TJSJ,1/13/2023,85,73,0.06,54.89434,76.79247,90.974266
TJSJ,1/14/2023,88,72,0.02,46.255726,70.86509,90.594666
TJSJ,1/15/2023,87,70,0.83,54.89434,80.6506,96.9686
TJSJ,1/16/2023,78,70,0.4,57.917896,73.63652,94.05696
TJSJ,1/17/2023,82,76,0,50.650837,61.603558,66.39086
TJSJ,1/18/2023,83,71,0.01,49.028793,62.52885,83.98641
TJSJ,1/19/2023,84,73,0.02,67.617035,79.534065,93.77152
TJSJ,1/20/2023,85,72,0.0001,60.952366,75.8125,87.628876
TJSJ,1/21/2023,85,71,0.1,58.549393,74.91127,87.48222
TJSJ,1/22/2023,85,73,0.0001,62.857838,72.62389,81.82193
TJSJ,1/23/2023,86,72,0,56.751534,67.8921,76.355446
TJSJ,1/24/2023,84,74,0.04,63.156197,76.271866,90.39978
TJSJ,1/25/2023,84,71,0.04,65.257545,77.18318,87.72512
TJSJ,1/26/2023,84,74,0.03,58.549393,70.205,90.39978
TJSJ,1/27/2023,83,73,0.42,62.1666,76.4729,96.678116
TJSJ,1/28/2023,83,72,0.12,51.10379,70.52836,90.974266
TJSJ,1/29/2023,83,72,0.29,63.156197,78.53676,93.77152
TJSJ,1/30/2023,83,75,0.05,60.283,69.21205,81.95878
TJSJ,1/31/2023,84,74,0.04,54.620113,66.751945,73.88337
TJSJ,2/1/2023,83,73,0.39,60.283,74.19849,90.974266
TJSJ,2/2/2023,84,74,0.17,65.026215,76.74133,87.681946
TJSJ,2/3/2023,84,73,0.06,60.952366,77.78128,90.974266
TJSJ,2/4/2023,83,72,0.15,65.13056,80.48278,90.73938
TJSJ,2/5/2023,83,74,0.05,69.27759,78.405914,90.39978
TJSJ,2/6/2023,86,71,0,54.89434,74.239716,93.40279
TJSJ,2/7/2023,85,73,0.16,65.257545,79.1089,87.72512
TJSJ,2/8/2023,84,74,0.16,65.026215,77.53639,93.79415
TJSJ,2/9/2023,85,73,0.23,62.857838,75.62402,90.39978
TJSJ,2/10/2023,85,74,0.16,63.156197,74.46615,85.08769
TJSJ,2/11/2023,83,72,0.05,62.615204,74.88142,81.40747
TJSJ,2/12/2023,85,72,0.03,56.506313,70.602325,83.98641
TJSJ,2/13/2023,85,72,0.02,60.814526,74.59642,90.974266
TJSJ,2/14/2023,84,74,0.02,67.617035,79.9718,90.974266
TJSJ,2/15/2023,84,73,0.09,65.026215,76.86495,87.681946
TJSJ,2/16/2023,83,74,0.47,71.777084,79.51096,93.50594
TJSJ,2/17/2023,83,75,0.0001,58.09791,68.00903,76.62149
TJSJ,2/18/2023,84,73,0.06,56.751534,69.123314,84.337776
TJSJ,2/19/2023,83,73,0.08,51.10379,70.84322,87.58521
TJSJ,2/20/2023,83,72,0.03,56.23738,71.628235,81.40747
TJSJ,2/21/2023,83,70,0.03,58.09791,70.752205,80.778625
TJSJ,2/22/2023,84,74,0.01,60.814526,71.14905,81.82193
TJSJ,2/23/2023,83,76,0.06,67.05904,72.847275,87.72512
TJSJ,2/24/2023,83,76,0.02,60.283,68.2079,79.10189
TJSJ,2/25/2023,83,75,0.05,62.615204,70.34542,85.08769
TJSJ,2/26/2023,83,71,0.03,56.23738,69.024605,81.40747
TJSJ,2/27/2023,82,72,0,58.09791,69.34201,83.98641
TJSJ,2/28/2023,84,70,0,54.620113,70.33084,83.86249
TJSJ,3/1/2023,84,71,0.04,51.0819,70.71815,83.98641
TJSJ,3/2/2023,84,74,0.0001,58.549393,71.578026,81.82193
TJSJ,3/3/2023,86,73,0.0001,62.857838,74.33394,85.08769
TJSJ,3/4/2023,87,72,0.0001,57.01807,72.87183,85.08769
TJSJ,3/5/2023,85,73,0.03,61.807594,75.9114,87.628876
TJSJ,3/6/2023,84,73,0.01,62.857838,73.07548,84.337776
TJSJ,3/7/2023,85,75,0.04,53.208717,66.82111,75.92354
TJSJ,3/8/2023,84,72,0,56.751534,71.01736,83.98641
TJSJ,3/9/2023,86,72,0.01,57.01807,72.54499,87.58521
TJSJ,3/10/2023,83,74,0.0001,50.650837,62.96177,71.21228
TJSJ,3/11/2023,82,70,0.0001,59.831806,68.99818,81.26576
TJSJ,3/12/2023,83,70,0.0001,52.61694,69.25834,83.93082
TJSJ,3/13/2023,85,71,0,51.0819,71.89346,83.98641
TJSJ,3/14/2023,86,70,0,63.395924,76.99629,89.93965
TJSJ,3/15/2023,82,72,1.58,73.967064,85.146286,100
TJSJ,3/16/2023,86,73,0.01,58.692406,78.918625,93.77152
TJSJ,3/17/2023,81,73,0.02,60.1099,70.05426,90.32327
TJSJ,3/18/2023,82,71,0.0001,48.413292,60.17139,70.82827
TJSJ,3/19/2023,84,73,0.0001,62.1666,74.094734,87.72512
TJSJ,3/20/2023,86,72,0.0001,62.857838,77.6574,87.628876
TJSJ,3/21/2023,85,74,0.03,65.13056,78.073784,90.39978
TJSJ,3/22/2023,84,73,0.15,62.615204,76.4184,93.79415
TJSJ,3/23/2023,83,74,0.0001,50.650837,63.26026,76.52757
TJSJ,3/24/2023,84,72,0.08,56.23738,68.14533,78.86083
TJSJ,3/25/2023,84,72,0.02,58.43191,69.96117,87.58521
TJSJ,3/26/2023,85,73,0.0001,54.620113,68.01179,78.7032
TJSJ,3/27/2023,83,71,0.04,62.615204,73.849625,81.82193
TJSJ,3/28/2023,84,73,0.0001,62.615204,72.674614,81.82193
TJSJ,3/29/2023,85,73,0.05,51.0819,74.76745,90.974266
TJSJ,3/30/2023,87,72,0.14,53.208717,74.73687,93.77152
TJSJ,3/31/2023,84,73,0.0001,56.751534,69.07757,81.82193
TJSJ,4/1/2023,83,74,0.01,54.49604,68.20312,81.89738
TJSJ,4/2/2023,85,74,0.02,60.952366,74.404816,87.681946
TJSJ,4/3/2023,85,74,0.0001,52.71415,69.88486,84.972496
TJSJ,4/4/2023,86,74,0.04,58.692406,72.49508,84.57616
TJSJ,4/5/2023,80,73,0.08,73.88337,80.981766,90.974266
TJSJ,4/6/2023,81,73,0.0001,64.136,73.283,81.89738
TJSJ,4/7/2023,80,70,0.4,73.967064,82.74745,89.89542
TJSJ,4/8/2023,79,68,2.06,76.193085,89.72669,100
TJSJ,4/9/2023,84,70,0.0001,62.615204,78.99474,96.9686
TJSJ,4/10/2023,86,70,0.0001,67.05904,78.54065,93.40279
TJSJ,4/11/2023,87,73,0.0001,54.89434,73.16167,87.628876
TJSJ,4/12/2023,86,74,0.0001,56.506313,73.40743,87.628876
TJSJ,4/13/2023,85,74,0.0001,63.395924,76.27198,87.628876
TJSJ,4/14/2023,84,74,0.0001,58.549393,75.51874,87.628876
TJSJ,4/15/2023,85,73,0.07,67.280304,78.803154,93.79415
TJSJ,4/16/2023,84,73,0.15,69.61913,79.331154,90.974266
TJSJ,4/17/2023,83,73,0.02,67.05904,77.824844,87.58521
TJSJ,4/18/2023,84,72,0.03,63.156197,75.85818,87.628876
TJSJ,4/19/2023,87,73,0.0001,54.89434,69.785645,87.58521
TJSJ,4/20/2023,86,74,0.0001,58.692406,70.33138,81.82193
TJSJ,4/21/2023,85,74,0.05,54.620113,72.529144,84.972496
TJSJ,4/22/2023,85,73,0.37,58.549393,76.9541,93.77152
TJSJ,4/23/2023,86,73,1.2,63.395924,82.545,97.016945
TJSJ,4/24/2023,83,73,0,65.026215,75.94915,93.77152
TJSJ,4/25/2023,84,74,0.0001,58.549393,71.52874,84.972496
TJSJ,4/26/2023,85,75,0.17,59.21356,75.54166,86.949745
TJSJ,4/27/2023,86,76,0.0001,65.13056,77.59222,87.72512
TJSJ,4/28/2023,86,73,0.78,69.685555,82.82717,100
TJSJ,4/29/2023,86,75,0.04,67.6068,81.88973,93.50594
TJSJ,4/30/2023,91,76,0.0001,51.93074,76.24306,87.48222
TJSJ,5/1/2023,92,77,0.0001,50.326485,69.94545,86.949745
TJSJ,5/2/2023,91,78,0.0001,53.91329,71.71737,86.949745
TJSJ,5/3/2023,89,77,0.0001,59.092064,72.545654,84.35599
TJSJ,5/4/2023,92,75,0.0001,48.800888,66.528534,85.08769
TJSJ,5/5/2023,91,78,0,57.18277,69.311264,81.89149
TJSJ,5/6/2023,92,76,0.0001,43.55041,65.257034,87.72512
TJSJ,5/7/2023,90,73,0,53.147194,70.888954,90.32327
TJSJ,5/8/2023,88,76,0.0001,63.0984,72.07559,81.89149
TJSJ,5/9/2023,93,78,0.0001,50.356514,70.727165,84.35599
TJSJ,5/10/2023,93,77,0,43.986134,65.95228,81.89149
TJSJ,5/11/2023,89,77,0.0001,59.21356,71.50136,82.03341
TJSJ,5/12/2023,88,74,0.2,55.193634,75.91292,93.50594
TJSJ,5/13/2023,87,75,0.45,69.685555,82.13223,90.73938
TJSJ,5/14/2023,88,75,0.0001,56.919083,77.68118,90.73938
TJSJ,5/15/2023,91,76,0.0001,46.55105,70.04908,84.57616
TJSJ,5/16/2023,87,75,0.0001,54.89434,75.85327,87.681946
TJSJ,5/17/2023,93,78,0.01,49.362175,70.953674,84.40946
TJSJ,5/18/2023,89,77,0.02,61.20137,75.04657,84.474464
TJSJ,5/19/2023,86,75,2.73,71.73187,83.05889,94.14301
TJSJ,5/20/2023,87,75,0.27,63.01707,80.71777,93.55792
TJSJ,5/21/2023,89,76,0.01,57.427124,74.05477,90.73938
TJSJ,5/22/2023,90,76,0.06,57.49431,76.0211,90.172104
TJSJ,5/23/2023,91,78,0.0001,50.326485,74.08487,86.949745
TJSJ,5/24/2023,89,77,0.0001,65.26648,76.80699,90.172104
TJSJ,5/25/2023,91,77,0.0001,52.247787,74.60853,86.949745
TJSJ,5/26/2023,91,78,0.12,55.71818,74.4291,87.5789
TJSJ,5/27/2023,90,79,0.0001,63.124584,76.88125,87.5789
TJSJ,5/28/2023,89,79,0.0001,57.427124,72.19813,87.050026
TJSJ,5/29/2023,87,77,0.06,61.20137,73.5191,82.03341
TJSJ,5/30/2023,86,76,0.07,72.10829,80.88496,90.21457
TJSJ,5/31/2023,92,77,0.0001,57.18277,73.660706,87.48222
TJSJ,6/1/2023,93,78,0.0001,55.838146,73.54439,87.5789
TJSJ,6/2/2023,92,81,0,57.93478,71.97875,84.52736
TJSJ,6/3/2023,93,82,0,53.958176,69.9529,81.82045
TJSJ,6/4/2023,94,82,0,52.348576,68.71254,82.42622
TJSJ,6/5/2023,94,82,0.0001,52.348576,67.72407,82.42622
TJSJ,6/6/2023,95,78,0,49.216675,68.378174,84.52736
TJSJ,6/7/2023,94,78,0,52.348576,70.04312,87.050026
TJSJ,6/8/2023,95,79,0,44.445583,65.448746,84.474464
TJSJ,6/9/2023,95,80,0.01,47.572624,71.59626,90.66067
TJSJ,6/10/2023,94,81,0.01,52.473076,75.42919,90.92372
TJSJ,6/11/2023,93,79,0.0001,52.372917,71.93242,87.6745
TJSJ,6/12/2023,91,79,0.19,60.966244,74.87842,88.826744
TJSJ,6/13/2023,92,78,0.05,57.49431,77.93258,93.60928
TJSJ,6/14/2023,95,80,0.0001,41.500286,69.35425,87.050026
TJSJ,6/15/2023,95,80,0,50.907776,71.69187,87.050026
TJSJ,6/16/2023,93,79,0.0001,55.838146,72.20611,87.5789
TJSJ,6/17/2023,90,78,0.01,59.20717,70.677536,84.40946
TJSJ,6/18/2023,91,79,0.4,59.26213,75.96959,82.02644
TJSJ,6/19/2023,91,78,0.0001,57.18277,71.39621,90.21457
TJSJ,6/20/2023,92,78,0.0001,55.463593,71.67659,84.35599
TJSJ,6/21/2023,93,80,0.26,61.404633,79.761856,94.26866
TJSJ,6/22/2023,90,81,0.0001,63.362026,77.284836,88.01197
TJSJ,6/23/2023,90,77,0.4,63.362026,76.75373,90.21457
TJSJ,6/24/2023,89,77,0.17,63.25543,78.37833,90.249115
TJSJ,6/25/2023,89,79,0.11,64.954704,77.87931,90.249115
TJSJ,6/26/2023,89,79,0.04,60.923714,74.02446,87.5789
TJSJ,6/27/2023,90,79,0.01,65.18404,77.82717,84.866806
TJSJ,6/28/2023,91,78,0.6,72.59893,82.35947,90.66067
TJSJ,6/29/2023,86,76,0.04,69.59207,81.49424,93.60928
TJSJ,6/30/2023,93,79,0.0001,54.172462,72.689865,93.60928
TJSJ,7/1/2023,92,80,0.0001,55.71818,72.79576,84.474464
TJSJ,7/2/2023,93,80,0.0001,55.71818,75.941505,87.050026
TJSJ,7/3/2023,90,80,0.03,60.966244,79.1972,93.66005
TJSJ,7/4/2023,86,79,0.22,77.28062,85.78013,93.66005
TJSJ,7/5/2023,89,81,0,67.27328,77.08095,84.866806
TJSJ,7/6/2023,89,81,0.0001,61.241543,74.76201,82.02644
TJSJ,7/7/2023,89,80,0.0001,67.49169,75.70037,84.474464
TJSJ,7/8/2023,88,76,1.58,74.42529,86.09267,100
TJSJ,7/9/2023,88,77,0.16,74.703735,88.459206,93.66005
TJSJ,7/10/2023,89,78,0,70.00456,81.57562,96.45527
TJSJ,7/11/2023,89,82,0.01,67.61098,79.04651,88.01197
TJSJ,7/12/2023,89,78,0.66,69.799286,82.21559,96.45527
TJSJ,7/13/2023,90,80,0.11,59.461464,81.12662,96.45527
TJSJ,7/14/2023,90,80,0.0001,63.33691,76.673416,84.80932
TJSJ,7/15/2023,89,80,0.06,67.71683,79.07666,90.62405
TJSJ,7/16/2023,89,81,0.0001,70.00456,80.41811,90.62405
TJSJ,7/17/2023,89,79,0.04,63.4554,82.58617,90.66067
TJSJ,7/18/2023,90,81,0.13,67.82472,82.687,93.66005
TJSJ,7/19/2023,91,82,0.08,61.48733,79.4349,90.66067
TJSJ,7/20/2023,89,80,0.0001,65.60822,77.53683,87.6745
TJSJ,7/21/2023,89,80,0.0001,63.33691,76.24167,87.6745
TJSJ,7/22/2023,94,79,0.0001,45.69273,68.874756,84.69338
TJSJ,7/23/2023,91,80,0.0001,61.364693,73.84091,84.75151
TJSJ,7/24/2023,90,80,0.0001,65.49481,76.26347,84.92398
TJSJ,7/25/2023,89,75,0.76,70.00456,84.16493,96.70523
TJSJ,7/26/2023,90,79,0.06,61.364693,82.644035,93.63474
TJSJ,7/27/2023,89,78,0.08,69.90216,80.700775,87.6745
TJSJ,7/28/2023,90,79,0.0001,67.71683,78.187126,84.92398
TJSJ,7/29/2023,90,80,0.0001,65.60822,78.31433,88.90445
TJSJ,7/30/2023,90,80,0.0001,67.82472,77.424126,87.72189
TJSJ,7/31/2023,90,78,0.03,67.71683,79.402176,90.587204
TJSJ,8/1/2023,90,77,0.47,67.71683,81.45606,94.22723
TJSJ,8/2/2023,89,79,0.0001,70.106476,81.458565,90.587204
TJSJ,8/3/2023,89,79,0.01,69.90216,80.1315,87.62684
TJSJ,8/4/2023,91,80,0.0001,59.461464,74.59367,87.6745
TJSJ,8/5/2023,91,80,0.0001,65.72114,78.04497,90.62405
TJSJ,8/6/2023,93,80,0.51,61.731087,81.91918,93.66005
TJSJ,8/7/2023,91,80,1.03,70.106476,83.96274,94.26866
TJSJ,8/8/2023,90,81,0.09,74.783775,85.8438,93.6852
TJSJ,8/9/2023,92,80,0.0001,67.93213,80.97034,90.66067
TJSJ,8/10/2023,94,81,0.01,54.13967,74.10776,90.62405
TJSJ,8/11/2023,92,81,0.0001,63.4554,77.55814,84.98084
TJSJ,8/12/2023,88,79,0.58,69.799286,79.26596,90.550156
TJSJ,8/13/2023,91,77,0.33,61.60946,78.53983,93.58368
TJSJ,8/14/2023,89,80,0.0001,72.167336,79.81173,90.62405
TJSJ,8/15/2023,90,83,0.0001,65.60822,75.805504,82.35757
TJSJ,8/16/2023,90,82,0,67.82472,76.75288,82.15996
TJSJ,8/17/2023,90,79,0.16,70.106476,81.9576,90.587204
TJSJ,8/18/2023,89,76,0.43,70.106476,80.26824,93.66005
TJSJ,8/19/2023,90,81,0.08,70.106476,79.61377,90.66067
TJSJ,8/20/2023,90,78,0.24,72.45512,83.74099,93.63474
TJSJ,8/21/2023,85,77,0.18,77.033005,85.47173,93.60928
TJSJ,8/22/2023,83,77,0.04,76.78359,87.458954,93.58368
TJSJ,8/23/2023,92,78,0,54.003723,74.0885,93.60928
TJSJ,8/24/2023,96,82,0.0001,52.486885,71.30809,84.866806
TJSJ,8/25/2023,87,82,0.0001,69.90216,77.80927,82.15996
TJSJ,8/26/2023,93,79,0.21,55.85145,78.915405,93.60928
TJSJ,8/27/2023,95,78,0.0001,50.75047,75.72903,96.74529
TJSJ,8/28/2023,95,82,0,49.064594,69.14225,84.92398
TJSJ,8/29/2023,92,81,0,61.48733,74.53538,84.92398
TJSJ,8/30/2023,93,80,0.0001,59.713726,76.26104,87.6745
TJSJ,8/31/2023,91,81,0.0001,63.4554,75.960266,84.866806
TJSJ,9/1/2023,91,80,0,63.573383,77.02675,84.92398
TJSJ,9/2/2023,95,81,0,52.348576,73.26755,87.6745
TJSJ,9/3/2023,93,80,0.01,55.71818,71.4637,82.093376
TJSJ,9/4/2023,95,80,0.0001,55.85145,70.70892,82.093376
TJSJ,9/5/2023,95,79,0.0001,42.65244,70.28204,87.5789
TJSJ,9/6/2023,91,78,0,65.49481,75.2257,84.69338
TJSJ,9/7/2023,91,80,0.96,67.49956,77.917435,84.98084
TJSJ,9/8/2023,89,77,0.01,67.82472,77.54056,87.5307
TJSJ,9/9/2023,90,79,0.2,74.783775,83.90561,93.66005
TJSJ,9/10/2023,89,80,0.06,69.90216,82.21185,93.66005
TJSJ,9/11/2023,90,79,0.1,67.82472,77.96147,87.5789
TJSJ,9/12/2023,93,80,0.0001,54.13967,70.57943,87.62684
TJSJ,9/13/2023,96,82,0,47.42801,67.198204,82.29205
TJSJ,9/14/2023,95,83,0,50.609615,71.53862,82.15996
TJSJ,9/15/2023,94,81,0.0001,47.42801,70.748726,87.6745
TJSJ,9/16/2023,91,80,0.0001,53.730354,74.97418,84.75151
TJSJ,9/17/2023,91,80,0.01,63.573383,77.097176,87.6745
TJSJ,9/18/2023,92,80,0,59.58785,74.3162,84.80932
TJSJ,9/19/2023,91,81,0.02,65.72114,76.09826,82.093376
TJSJ,9/20/2023,90,80,0.0001,70.106476,79.843666,90.587204
TJSJ,9/21/2023,89,80,0.54,70.00456,81.70711,88.826744
TJSJ,9/22/2023,91,79,0.07,53.730354,76.78693,87.62684
TJSJ,9/23/2023,89,80,0.13,70.106476,80.30769,90.66067
TJSJ,9/24/2023,92,79,0.31,67.82472,80.88548,90.550156
TJSJ,9/25/2023,91,81,0.0001,63.690865,78.68744,87.6745
TJSJ,9/26/2023,90,81,0.07,67.82472,77.99754,90.62405
TJSJ,9/27/2023,89,79,0.16,70.106476,81.256905,93.60928
TJSJ,9/28/2023,91,80,0.05,67.93213,79.30436,93.66005
TJSJ,9/29/2023,91,82,0.05,67.93213,78.46463,87.81589
TJSJ,9/30/2023,91,82,0.3,70.106476,80.81199,93.6852
TJSJ,10/1/2023,89,79,1.54,77.27863,85.35506,100
TJSJ,10/2/2023,90,82,0.25,67.93213,79.350296,90.69709
TJSJ,10/3/2023,90,81,0.18,72.35965,83.857086,93.6852
TJSJ,10/4/2023,89,79,0.2,67.82472,80.902336,90.66067
TJSJ,10/5/2023,95,80,0.0001,57.88357,71.18609,82.22618
TJSJ,10/6/2023,94,82,0.0001,54.275124,72.607864,87.72189
TJSJ,10/7/2023,95,82,0.0001,45.839485,66.71965,84.866806
TJSJ,10/8/2023,95,78,0.0001,50.89085,68.804344,84.69338
TJSJ,10/9/2023,96,81,0,50.89085,70.28869,84.866806
TJSJ,10/10/2023,92,81,0.0001,59.33457,70.70382,84.866806
TJSJ,10/11/2023,91,79,0,59.58785,72.08357,82.22618
TJSJ,10/12/2023,91,81,0.0001,67.93213,77.223,82.22618
TJSJ,10/13/2023,91,81,0,65.60822,75.02572,84.80932
TJSJ,10/14/2023,92,81,0.0001,59.461464,74.13916,84.80932
TJSJ,10/15/2023,96,81,0.58,52.624714,72.85799,84.92398
TJSJ,10/16/2023,96,82,0,49.207233,68.18844,84.866806
TJSJ,10/17/2023,92,79,0.01,59.58785,74.76465,87.62684
TJSJ,10/18/2023,92,79,0.0001,61.60946,75.51308,93.63474
TJSJ,10/19/2023,90,81,0.0001,69.90216,77.17892,84.866806
TJSJ,10/20/2023,90,80,0.09,61.11788,81.57049,90.66067
TJSJ,10/21/2023,89,80,0.0001,65.60822,81.420456,90.62405
TJSJ,10/22/2023,87,78,0.4,72.263725,85.6785,96.74529
TJSJ,10/23/2023,91,79,0.18,65.60822,78.03572,93.66005
TJSJ,10/24/2023,89,81,0.08,65.60822,78.09148,90.62405
TJSJ,10/25/2023,88,77,0.33,69.799286,84.851616,93.58368
TJSJ,10/26/2023,88,77,0.56,67.49956,85.73496,96.74529
TJSJ,10/27/2023,86,77,5.2,77.115295,90.16196,96.74529
TJSJ,10/28/2023,91,78,0.05,63.4554,83.34317,93.60928
TJSJ,10/29/2023,90,78,0.08,63.573383,80.009476,90.62405
TJSJ,10/30/2023,85,79,0.0001,67.280304,81.523544,87.72189
TJSJ,10/31/2023,92,79,0,57.62457,72.60505,84.80932
TJSJ,11/1/2023,90,80,0.0001,65.49481,76.36186,87.62684
TJSJ,11/2/2023,89,78,0.01,65.49481,75.3624,84.63493
TJSJ,11/3/2023,89,79,0.09,63.21791,73.292564,82.15996
TJSJ,11/4/2023,89,79,0.06,61.364693,75.40128,84.75151
TJSJ,11/5/2023,89,78,0.0001,65.3809,77.40561,84.75151
TJSJ,11/6/2023,88,78,0.13,72.167336,81.64759,94.26866
TJSJ,11/7/2023,90,79,0.42,78.90113,87.44545,90.587204
TJSJ,11/8/2023,88,75,0.39,70.00456,84.80781,96.718666
TJSJ,11/9/2023,89,76,1.15,65.49481,84.76871,96.732025
TJSJ,11/10/2023,84,78,0.16,74.33456,82.85957,90.587204
TJSJ,11/11/2023,89,78,0.35,65.60822,81.39217,93.60928
TJSJ,11/12/2023,89,77,0.12,65.3809,79.73852,93.58368
TJSJ,11/13/2023,88,77,0.23,65.49481,79.68179,90.550156
TJSJ,11/14/2023,88,78,0.0001,67.49956,77.444374,87.5789
TJSJ,11/15/2023,90,77,0.11,51.790493,74.81163,87.48222
TJSJ,11/16/2023,89,77,0.0001,57.100487,73.95686,84.63493
TJSJ,11/17/2023,90,78,0.05,63.4554,77.116905,87.6745
TJSJ,11/18/2023,90,80,0,61.364693,72.94627,87.62684
TJSJ,11/19/2023,92,81,0.0001,52.20978,68.75053,79.39962
TJSJ,11/20/2023,84,80,0.03,69.59207,79.53201,87.6745
TJSJ,11/21/2023,84,77,0.5,69.59207,81.379005,96.732025
TJSJ,11/22/2023,85,77,0.81,71.678345,79.03893,96.732025
TJSJ,11/23/2023,86,76,0.03,67.49956,83.852516,93.55792
TJSJ,11/24/2023,87,76,0.15,72.07047,83.6356,93.58368
TJSJ,11/25/2023,87,76,0.02,69.799286,83.497795,93.58368
TJSJ,11/26/2023,87,76,0.08,67.49956,79.3756,96.718666
TJSJ,11/27/2023,87,75,0.0001,65.26648,75.15533,84.51706
TJSJ,11/28/2023,86,77,0.06,67.39018,77.6871,87.5307
TJSJ,11/29/2023,87,75,0.02,60.993706,77.05357,90.437706
TJSJ,11/30/2023,86,76,0.09,63.0984,77.9873,90.51289
TJSJ,12/1/2023,87,78,0.03,63.0984,76.8344,87.5307
TJSJ,12/2/2023,86,76,0.02,65.03612,74.994446,84.57616
TJSJ,12/3/2023,85,78,0.02,56.702053,67.95143,76.6996
TJSJ,12/4/2023,89,75,0.02,57.363544,74.46253,84.51706
TJSJ,12/5/2023,86,77,0.05,58.95082,73.52884,93.58368
TJSJ,12/6/2023,88,77,0.03,59.07925,74.91517,84.75151
TJSJ,12/7/2023,87,76,0.02,63.0984,76.542755,87.5307
TJSJ,12/8/2023,87,77,0.67,63.0984,76.96366,93.55792
TJSJ,12/9/2023,88,79,0.02,60.993706,70.00205,79.2477
TJSJ,12/10/2023,83,75,2.26,71.87536,87.569336,96.718666
TJSJ,12/11/2023,86,74,0.07,67.39018,80.12459,93.53201
TJSJ,12/12/2023,85,76,0.05,62.493107,71.023315,87.48222
TJSJ,12/13/2023,86,77,0.04,58.56242,67.92634,76.53033
TJSJ,12/14/2023,84,75,0.02,58.692406,73.13272,84.57616
TJSJ,12/15/2023,82,74,1.23,71.47941,85.05154,100
TJSJ,12/16/2023,84,74,0.45,71.97315,84.95748,93.50594
TJSJ,12/17/2023,82,76,0.53,76.359314,86.66281,93.58368
TJSJ,12/18/2023,85,73,0.01,67.16992,75.35786,87.28552
TJSJ,12/19/2023,85,73,0.02,54.908,74.44728,87.38443
TJSJ,12/20/2023,84,73,0,64.80371,73.604645,87.28552
TJSJ,12/21/2023,84,73,0.7,69.38291,79.662254,96.678116
TJSJ,12/22/2023,83,74,0.74,66.94765,82.3253,94.14301
TJSJ,12/23/2023,83,73,0.33,69.38291,80.62001,96.678116
TJSJ,12/24/2023,83,74,0.02,66.723335,77.02731,93.47972
TJSJ,12/25/2023,84,73,0.22,65.03612,79.36028,96.69171
TJSJ,12/26/2023,82,74,0.05,66.94765,81.91447,93.50594
TJSJ,12/27/2023,83,73,0.02,67.05904,77.786736,90.32327
TJSJ,12/28/2023,82,74,0.01,62.615204,74.52524,87.38443
TJSJ,12/29/2023,83,72,0.01,64.68674,76.06495,84.337776
TJSJ,12/30/2023,83,73,0.0001,62.736782,76.33216,90.32327
TJSJ,12/31/2023,84,74,0.06,64.92017,76.44133,90.39978
TJSJ,1/1/2024,84,73,0.11,64.33268,77.27783,90.47541
TJSJ,1/2/2024,84,75,0.02,62.736782,77.32299,93.53201
TJSJ,1/3/2024,85,74,0.0001,64.92017,77.48072,94.10022
TJSJ,1/4/2024,86,75,0.03,69.69592,80.02761,87.48222
TJSJ,1/5/2024,86,73,0.0001,62.736782,77.91333,90.36164
TJSJ,1/6/2024,85,77,0.05,69.59207,79.59648,87.48222
TJSJ,1/7/2024,86,75,0.0001,67.39018,79.411736,87.48222
TJSJ,1/8/2024,85,73,0.01,67.280304,79.11418,87.5789
TJSJ,1/9/2024,86,76,0.06,67.280304,76.810455,87.433464
TJSJ,1/10/2024,87,76,0.07,59.07925,80.94125,90.437706
TJSJ,1/11/2024,85,75,0.07,69.69592,82.47817,90.47541
TJSJ,1/12/2024,85,76,0.24,67.39018,83.54339,96.718666
TJSJ,1/13/2024,85,75,0.0001,67.280304,78.76339,87.5307
TJSJ,1/14/2024,85,75,0.01,60.743805,77.27646,87.48222
TJSJ,1/15/2024,85,76,0.11,74.42529,85.747505,93.55792
TJSJ,1/16/2024,86,74,0.0001,60.869015,76.05514,90.39978
TJSJ,1/17/2024,84,75,0.01,64.92017,77.766106,87.5307
TJSJ,1/18/2024,86,76,0.24,60.869015,76.69852,90.51289
TJSJ,1/19/2024,87,75,0.04,62.97838,79.886604,90.47541
TJSJ,1/20/2024,91,74,0,50.184208,76.09883,90.39978
TJSJ,1/21/2024,89,73,0.01,59.07925,78.32898,90.39978
TJSJ,1/22/2024,86,76,0.02,62.97838,73.21177,84.57616
TJSJ,1/23/2024,87,77,0.01,51.36681,67.48079,76.53033
TJSJ,1/24/2024,82,76,0.17,73.87405,79.95507,90.51289
TJSJ,1/25/2024,85,77,0.01,58.300877,69.08036,81.823456
TJSJ,1/26/2024,84,73,0.01,54.633873,71.14639,81.686295
TJSJ,1/27/2024,83,73,0.09,62.615204,77.74191,90.39978
TJSJ,1/28/2024,86,73,0.0001,60.743805,75.48587,87.28552
TJSJ,1/29/2024,90,72,0,43.40243,70.32231,87.28552
TJSJ,1/30/2024,86,73,0.94,54.908,73.67232,94.14301
TJSJ,1/31/2024,79,74,1.24,79.09418,88.44636,93.53201
TJSJ,2/1/2024,85,74,0.0001,67.05904,79.312294,90.36164
TJSJ,2/2/2024,82,74,0.19,62.12365,71.80573,93.47972
TJSJ,2/3/2024,83,71,0.07,58.56242,77.330414,93.47972
TJSJ,2/4/2024,86,71,0.01,58.821873,76.66773,93.4268
TJSJ,2/5/2024,91,76,0.01,51.790493,69.7871,87.48222
TJSJ,2/6/2024,88,77,1.96,65.26648,79.4909,93.60928
TJSJ,2/7/2024,82,74,0.41,69.27759,82.66508,90.47541
TJSJ,2/8/2024,80,70,0.31,66.83575,80.33584,90.28468
TJSJ,2/9/2024,82,72,0.15,48.73513,60.26329,73.6866
TJSJ,2/10/2024,82,72,0.01,50.79502,61.697712,68.85131
TJSJ,2/11/2024,82,75,0.03,58.300877,66.5418,87.38443
TJSJ,2/12/2024,84,74,0.28,56.702053,76.671135,90.39978
TJSJ,2/13/2024,89,71,0.0001,55.315365,74.2821,87.33512
TJSJ,2/14/2024,87,74,0,59.07925,76.51656,90.39978
TJSJ,2/15/2024,85,75,0.0001,69.38291,78.078026,87.433464
TJSJ,2/16/2024,86,74,0.01,69.38291,77.10833,84.45763
TJSJ,2/17/2024,90,74,0.01,48.19906,70.56978,87.433464
TJSJ,2/18/2024,89,72,0.0001,48.19906,68.45822,87.33512
TJSJ,2/19/2024,90,74,0,51.790493,69.66189,87.48222
TJSJ,2/20/2024,86,75,0.0001,60.993706,76.175514,84.51706
TJSJ,2/21/2024,86,74,0.04,56.96819,77.5925,90.39978
TJSJ,2/22/2024,83,72,0.34,52.61694,71.84352,93.45335
TJSJ,2/23/2024,82,71,0.0001,47.316795,61.284817,75.835594
TJSJ,2/24/2024,86,72,0.01,62.615204,73.167656,84.63493
TJSJ,2/25/2024,83,76,0.01,62.615204,77.36064,87.5789
TJSJ,2/26/2024,81,74,0.83,69.27759,83.843414,93.50594
TJSJ,2/27/2024,82,73,0.73,79.2477,87.07695,94.10022
TJSJ,2/28/2024,84,73,0.36,69.38291,80.42127,93.50594
TJSJ,2/29/2024,84,78,0.02,67.16992,73.02307,79.09418
TJSJ,3/1/2024,84,73,0.48,62.736782,76.924416,93.50594
TJSJ,3/2/2024,84,76,0.04,54.633873,67.08849,81.686295
TJSJ,3/3/2024,83,74,0.47,62.493107,75.06957,90.39978
TJSJ,3/4/2024,84,74,0.08,62.493107,73.90566,90.36164
TJSJ,3/5/2024,85,72,0.03,56.702053,73.62468,84.39787
TJSJ,3/6/2024,86,74,0.0001,60.869015,74.147446,84.51706
TJSJ,3/7/2024,89,75,0.0001,56.96819,75.11326,84.45763
TJSJ,3/8/2024,87,76,0.01,60.993706,77.315216,84.75151
TJSJ,3/9/2024,86,76,0.02,67.39018,79.313446,87.5307
TJSJ,3/10/2024,86,76,0.01,64.80371,75.84667,87.5307
TJSJ,3/11/2024,87,76,0.01,61.11788,75.50115,87.433464
TJSJ,3/12/2024,85,76,0.02,67.16992,75.53252,87.433464
TJSJ,3/13/2024,87,75,0.01,56.835377,70.481026,81.686295
TJSJ,3/14/2024,86,76,0.05,65.15156,75.638336,87.5789
TJSJ,3/15/2024,86,75,0.15,67.39018,80.373436,93.50594
TJSJ,3/16/2024,85,75,0.24,65.15156,82.82791,93.53201
TJSJ,3/17/2024,86,74,0.1,65.26648,80.16883,90.51289
TJSJ,3/18/2024,91,77,0.0001,45.249863,71.89716,87.5307
TJSJ,3/19/2024,93,77,0.02,52.20978,69.07183,84.63493
TJSJ,3/20/2024,90,76,0,61.11788,74.68621,87.48222
TJSJ,3/21/2024,87,78,0.04,65.3809,75.62279,84.69338
TJSJ,3/22/2024,87,78,0.15,65.26648,76.67329,87.5789
TJSJ,3/23/2024,89,76,0.03,53.455,73.27795,87.5307
TJSJ,3/24/2024,92,76,0.01,48.633907,67.1478,81.823456
TJSJ,3/25/2024,90,73,0.33,51.790493,77.89797,93.45335
TJSJ,3/26/2024,85,74,0.15,64.56924,75.39558,90.39978
TJSJ,3/27/2024,84,77,0,60.49182,64.54011,71.37922
TJSJ,3/28/2024,85,74,0,49.46567,61.019547,70.97356
TJSJ,3/29/2024,86,73,0,54.77119,63.965397,73.59218
TJSJ,3/30/2024,85,73,0.02,56.56821,67.37346,76.53033
TJSJ,3/31/2024,85,76,0.42,62.857838,76.61574,90.47541
TJSJ,4/1/2024,85,76,0.07,65.15156,73.59403,84.69338
TJSJ,4/2/2024,85,75,0.05,60.743805,73.40933,87.38443
TJSJ,4/3/2024,87,76,0.01,63.0984,72.445305,84.57616
TJSJ,4/4/2024,89,76,0.0001,51.50853,70.23964,84.63493
TJSJ,4/5/2024,91,77,0.03,57.23227,72.156876,84.57616
TJSJ,4/6/2024,93,78,0.01,55.71818,72.323845,87.5307
TJSJ,4/7/2024,91,77,1.12,59.461464,76.880974,93.58368
TJSJ,4/8/2024,88,76,0.47,69.799286,81.47811,93.53201
TJSJ,4/9/2024,82,77,0.04,66.83575,72.73684,79.17114
TJSJ,4/10/2024,86,76,0.05,58.692406,68.71425,87.5307
TJSJ,4/11/2024,87,77,0.12,63.0984,77.106995,90.550156
TJSJ,4/12/2024,85,77,0.65,74.51558,85.501976,93.58368
TJSJ,4/13/2024,87,77,0.17,58.95082,75.66618,90.51289
TJSJ,4/14/2024,87,77,0.17,67.49956,80.95988,93.60928
TJSJ,4/15/2024,88,78,0.24,63.0984,82.469955,90.550156
TJSJ,4/16/2024,85,76,1.4,71.97315,83.81172,94.18534
TJSJ,4/17/2024,85,77,0.03,69.69592,78.421425,90.47541
TJSJ,4/18/2024,85,77,0.0001,65.15156,75.253685,87.5307
TJSJ,4/19/2024,86,76,0.19,65.15156,79.41226,90.51289
TJSJ,4/20/2024,86,77,0.01,62.857838,71.21168,81.823456
TJSJ,4/21/2024,85,76,0.23,67.16992,80.77163,93.55792
TJSJ,4/22/2024,86,76,1.88,79.39962,85.9913,96.732025
TJSJ,4/23/2024,88,77,0.52,69.799286,81.97684,90.587204
TJSJ,4/24/2024,87,77,0.21,63.0984,81.02182,87.62684
TJSJ,4/25/2024,86,77,0.41,69.69592,81.513565,90.550156
TJSJ,4/26/2024,89,76,0.0001,61.241543,75.95227,90.47541
TJSJ,4/27/2024,86,75,0.25,67.49956,77.35936,90.550156
TJSJ,4/28/2024,86,75,0.25,67.16992,76.949936,93.50594
TJSJ,4/29/2024,85,76,0.41,74.33456,81.989395,93.55792
TJSJ,4/30/2024,85,76,0.15,67.280304,78.77696,93.55792
TJSJ,5/1/2024,86,77,0.92,76.95029,86.27397,93.58368
TJSJ,5/2/2024,89,77,0.22,63.4554,83.522194,93.58368
TJSJ,5/3/2024,87,75,1.63,69.799286,87.96836,93.58368
TJSJ,5/4/2024,89,76,0.01,63.0984,76.78969,87.48222
TJSJ,5/5/2024,89,78,0.0001,67.71683,81.56996,90.550156
TJSJ,5/6/2024,88,78,0.12,67.71683,84.48354,93.60928
TJSJ,5/7/2024,87,77,2.58,72.167336,88.87139,94.22723
TJSJ,5/8/2024,87,77,0.02,69.90216,84.03446,93.58368
TJSJ,5/9/2024,87,77,1.81,72.167336,82.68544,90.550156
TJSJ,5/10/2024,88,78,0.15,67.71683,80.88157,90.550156
TJSJ,5/11/2024,94,79,0.01,48.921494,72.078316,87.62684
TJSJ,5/12/2024,95,80,0.09,52.20978,70.96771,84.866806
TJSJ,5/13/2024,90,79,0.03,63.21791,76.44893,87.5789
TJSJ,5/14/2024,89,80,0.06,61.364693,76.90626,87.62684
TJSJ,5/15/2024,89,78,0.03,65.49481,76.63244,87.5789
TJSJ,5/16/2024,89,79,0.0001,63.33691,75.90325,84.69338
TJSJ,5/17/2024,91,79,0.04,65.49481,77.27226,87.81589
TJSJ,5/18/2024,90,80,0.02,70.106476,78.71421,87.72189
TJSJ,5/19/2024,93,81,0.0001,57.88357,73.78388,84.866806
TJSJ,5/20/2024,92,81,0.01,57.62457,72.32659,82.02644
TJSJ,5/21/2024,95,80,0.0001,47.137436,67.14327,82.093376
TJSJ,5/22/2024,86,77,0.97,74.24337,84.372986,94.26866
TJSJ,5/23/2024,94,77,0.96,54.13967,76.112625,96.732025
TJSJ,5/24/2024,92,80,0.0001,59.58785,72.26444,84.80932
TJSJ,5/25/2024,92,81,0.0001,65.49481,75.222336,87.6745
TJSJ,5/26/2024,91,81,0.0001,67.93213,77.33925,84.98084
TJSJ,5/27/2024,92,79,1.13,67.93213,80.94704,90.66067
TJSJ,5/28/2024,90,81,0.12,72.35965,82.465614,93.66005
TJSJ,5/29/2024,90,79,0.41,70.106476,82.02579,93.63474
TJSJ,5/30/2024,91,80,0.2,67.71683,80.85519,90.66067
TJSJ,5/31/2024,94,81,0,49.064594,69.70812,84.92398
TJSJ,6/1/2024,92,81,0,54.003723,74.341644,84.866806
TJSJ,6/2/2024,88,77,1.15,74.783775,85.1918,90.69709
TJSJ,6/3/2024,91,79,0.31,63.573383,81.73355,93.63474
TJSJ,6/4/2024,94,82,0.0001,55.984222,71.83836,87.72189
TJSJ,6/5/2024,94,80,0.01,59.713726,77.009155,90.66067
TJSJ,6/6/2024,91,78,0.01,63.4554,78.74023,87.6745
TJSJ,6/7/2024,94,80,0.02,54.13967,68.3215,82.02644
TJSJ,6/8/2024,95,81,0.03,49.064594,69.611565,84.866806
TJSJ,6/9/2024,93,81,0.0001,59.713726,75.89845,87.72189
TJSJ,6/10/2024,92,81,0.02,63.807842,75.567474,82.22618
TJSJ,6/11/2024,93,82,0.01,63.690865,74.89128,84.866806
TJSJ,6/12/2024,91,81,0.03,63.573383,77.047485,87.6745
TJSJ,6/13/2024,91,81,0.02,63.573383,76.14575,87.72189
TJSJ,6/14/2024,90,82,0.01,65.60822,74.5865,79.549965
TJSJ,6/15/2024,95,81,0.01,54.13967,70.54904,84.80932
TJSJ,6/16/2024,91,80,0.01,63.690865,74.91252,82.02644
TJSJ,6/17/2024,91,77,0.57,65.72114,78.10886,87.6745
TJSJ,6/18/2024,94,80,0.0001,52.348576,71.98596,87.62684
TJSJ,6/19/2024,93,81,0.11,54.13967,73.80439,82.15996
TJSJ,6/20/2024,91,81,0.02,63.573383,76.51874,87.72189
TJSJ,6/21/2024,90,80,0.07,65.72114,76.60949,87.6745
TJSJ,6/22/2024,90,81,0.09,65.72114,76.1881,84.80932
TJSJ,6/23/2024,89,81,0.1,67.49956,80.741745,87.72189
TJSJ,6/24/2024,92,78,0.08,65.72114,83.52527,93.60928
TJSJ,6/25/2024,93,80,0,57.62457,76.65334,87.72189
TJSJ,6/26/2024,93,82,0.02,65.83355,77.92002,87.81589
TJSJ,6/27/2024,92,82,0.01,61.731087,75.61135,87.76903
TJSJ,6/28/2024,92,80,0.12,61.48733,74.81241,87.62684
TJSJ,6/29/2024,92,80,0.4,67.93213,78.247696,87.76903
TJSJ,6/30/2024,92,79,0.24,65.94547,79.283844,90.66067
TJSJ,7/1/2024,91,81,0.05,65.60822,75.434456,90.66067
TJSJ,7/2/2024,91,78,0.37,63.690865,82.31712,93.63474
TJSJ,7/3/2024,91,82,0.02,67.93213,77.857315,90.66067
TJSJ,7/4/2024,91,83,0.01,65.72114,77.78824,84.98084
TJSJ,7/5/2024,94,80,0.04,56.116493,78.72818,90.66067
TJSJ,7/6/2024,94,81,0.0001,50.609615,71.87114,84.92398
TJSJ,7/7/2024,91,81,0.01,65.72114,75.07595,87.72189
TJSJ,7/8/2024,91,80,0.19,53.867287,77.82589,90.69709
TJSJ,7/9/2024,91,81,0.02,65.83355,80.69607,90.69709
TJSJ,7/10/2024,88,81,0.17,69.799286,79.52835,90.62405
TJSJ,7/11/2024,91,79,0.5,65.83355,79.65242,90.66067
TJSJ,7/12/2024,91,81,0.01,67.93213,79.36018,90.62405
TJSJ,7/13/2024,90,78,0.94,72.45512,85.003174,93.66005
TJSJ,7/14/2024,90,82,0.03,70.106476,79.666664,88.90445
TJSJ,7/15/2024,90,80,0.0001,61.364693,72.06418,87.62684
TJSJ,7/16/2024,92,80,0.01,63.21791,73.761734,82.22618
TJSJ,7/17/2024,94,82,0.09,59.713726,77.74351,90.69709
TJSJ,7/18/2024,91,82,0.07,63.690865,81.266815,90.69709
TJSJ,7/19/2024,86,79,0.31,71.87536,85.70442,90.66067
TJSJ,7/20/2024,92,81,0.02,63.573383,79.02018,90.66067
TJSJ,7/21/2024,90,82,0.02,63.573383,75.30047,84.92398
TJSJ,7/22/2024,89,78,0.51,70.00456,81.159454,93.60928
TJSJ,7/23/2024,91,79,0.05,63.573383,77.2867,90.587204
TJSJ,7/24/2024,92,80,0.02,61.60946,76.25466,90.587204
TJSJ,7/25/2024,91,81,0.07,70.106476,81.12558,90.66067
TJSJ,7/26/2024,92,83,0.08,65.72114,78.84681,90.69709
TJSJ,7/27/2024,91,82,0.01,67.82472,75.88689,84.92398
TJSJ,7/28/2024,90,78,0.52,67.71683,77.914955,87.6745
TJSJ,7/29/2024,91,79,0.22,67.93213,77.66857,87.72189
TJSJ,7/30/2024,91,80,0.0001,65.72114,76.90794,87.6745
TJSJ,7/31/2024,89,81,0.41,74.51558,83.486824,94.26866
TJSJ,8/1/2024,91,78,0.39,63.690865,83.847206,93.58368
TJSJ,8/2/2024,92,79,0.68,63.573383,80.42086,93.63474
TJSJ,8/3/2024,92,81,0.02,63.573383,77.08024,84.92398
TJSJ,8/4/2024,91,81,0.04,70.00456,78.793205,87.72189
TJSJ,8/5/2024,91,83,0.04,70.106476,78.17991,87.76903
TJSJ,8/6/2024,91,82,0.0001,67.71683,77.09327,87.76903
TJSJ,8/7/2024,92,81,0.02,61.48733,73.10862,82.15996
TJSJ,8/8/2024,91,80,0.01,63.573383,73.839745,84.98084
TJSJ,8/9/2024,90,82,0.4,72.35965,81.17435,85.03739
TJSJ,8/10/2024,90,82,0.1,65.72114,76.8758,87.76903
TJSJ,8/11/2024,91,81,0.5,70.106476,82.615944,87.76903
TJSJ,8/12/2024,91,81,0.0001,70.106476,78.49748,90.62405
TJSJ,8/13/2024,90,81,0.51,67.82472,80.13274,94.309654
TJSJ,8/14/2024,85,77,2.56,82.15996,87.45991,94.26866
TJSJ,8/15/2024,95,83,0.0001,54.13967,69.50779,82.22618
TJSJ,8/16/2024,93,82,0.0001,67.60844,77.254944,87.72189
TJSJ,8/17/2024,90,78,1.75,72.35965,84.54637,94.22723
TJSJ,8/18/2024,95,80,0.0001,49.207233,74.7945,90.62405
TJSJ,8/19/2024,91,81,0.01,67.93213,78.23623,87.72189
TJSJ,8/20/2024,91,82,0.02,67.82472,74.72241,82.29205
TJSJ,8/21/2024,91,80,0.36,70.106476,82.33404,90.66067
TJSJ,8/22/2024,91,82,0.0001,70.207924,80.0884,87.81589
TJSJ,8/23/2024,91,81,0.06,67.93213,77.8374,87.81589
TJSJ,8/24/2024,90,79,0.14,65.60822,75.43767,87.62684
TJSJ,8/25/2024,92,80,0.0001,59.20717,71.53431,82.02644
TJSJ,8/26/2024,91,80,0.02,65.60822,74.04076,82.02644
TJSJ,8/27/2024,90,81,0.01,67.82472,76.685394,84.80932
TJSJ,8/28/2024,90,81,0.08,59.461464,77.68316,90.62405
TJSJ,8/29/2024,91,80,0.45,67.93213,79.16695,90.66067
TJSJ,8/30/2024,90,79,0.56,70.106476,79.53771,90.62405
TJSJ,8/31/2024,91,79,0.43,63.690865,79.00608,90.62405
TJSJ,9/1/2024,90,79,0.04,70.00456,81.10156,90.587204
TJSJ,9/2/2024,90,80,0.33,72.35965,84.66263,93.66005
TJSJ,9/3/2024,93,82,0,61.731087,77.14193,90.66067
TJSJ,9/4/2024,91,82,0,65.72114,74.78456,87.72189
TJSJ,9/5/2024,91,82,0.03,67.82472,77.56349,84.866806
TJSJ,9/6/2024,92,81,0.2,65.72114,78.604454,90.66067
TJSJ,9/7/2024,91,80,0.21,70.207924,83.27986,93.6852
TJSJ,9/8/2024,89,82,0.27,72.35965,85.06317,93.71021
TJSJ,9/9/2024,90,79,0.27,74.783775,86.456314,94.26866
TJSJ,9/10/2024,90,78,0.43,72.35965,85.303856,94.26866
TJSJ,9/11/2024,92,77,0.0001,61.48733,77.649445,90.47541
TJSJ,9/12/2024,91,81,0.28,72.35965,81.032326,90.62405
TJSJ,9/13/2024,92,80,0.06,70.207924,81.89505,96.79759
TJSJ,9/14/2024,94,82,0.08,56.116493,76.10749,96.79759
TJSJ,9/15/2024,96,82,0.02,54.410088,71.256226,84.92398
TJSJ,9/16/2024,92,81,0,65.60822,75.525475,87.6745
TJSJ,9/17/2024,91,80,0.23,63.690865,80.13656,96.81047
TJSJ,9/18/2024,91,81,0.02,67.82472,80.43352,93.66005
TJSJ,9/19/2024,90,82,0.03,67.93213,78.46108,84.92398
TJSJ,9/20/2024,91,77,0.54,65.72114,80.62512,93.71021
TJSJ,9/21/2024,92,81,0,63.4554,75.65328,87.72189
TJSJ,9/22/2024,92,80,0.15,61.60946,75.060814,87.76903
TJSJ,9/23/2024,93,80,0,57.88357,74.498116,87.72189
TJSJ,9/24/2024,93,81,0.02,63.690865,73.05084,79.47499
TJSJ,9/25/2024,92,82,0,61.731087,75.22023,83.88154
TJSJ,9/26/2024,91,81,0.02,67.71683,77.703995,87.72189
TJSJ,9/27/2024,92,80,0.02,65.83355,77.219765,87.6745
TJSJ,9/28/2024,93,82,0.03,67.93213,78.001015,90.66067
TJSJ,9/29/2024,91,80,0.03,65.72114,77.03958,90.62405
TJSJ,9/30/2024,91,81,0.14,59.58785,74.33266,84.866806
TJSJ,10/1/2024,90,80,0.0001,65.49481,75.03658,90.62405
TJSJ,10/2/2024,90,80,0.03,67.71683,75.44958,87.62684
TJSJ,10/3/2024,92,81,0.0001,65.60822,74.65953,87.6745
TJSJ,10/4/2024,90,80,0.3,67.93213,78.17658,90.66067
TJSJ,10/5/2024,90,81,0,65.72114,77.719635,90.62405
TJSJ,10/6/2024,91,81,0,65.60822,77.711555,84.866806
TJSJ,10/7/2024,92,79,0.95,63.573383,79.76586,94.26866
TJSJ,10/8/2024,95,81,0,56.116493,73.39856,87.72189
TJSJ,10/9/2024,96,82,0,56.116493,72.250374,84.92398
TJSJ,10/10/2024,95,83,0,47.42801,67.841896,82.22618
TJSJ,10/11/2024,94,81,0,54.003723,69.160774,84.80932
TJSJ,10/12/2024,92,79,0,53.867287,70.81844,81.89149
TJSJ,10/13/2024,92,80,0.13,55.71818,73.32238,84.92398
TJSJ,10/14/2024,92,80,0,52.20978,75.71937,87.6745
TJSJ,10/15/2024,93,79,0,53.867287,68.592834,84.80932
TJSJ,10/16/2024,92,79,0,59.58785,70.79821,79.47499
TJSJ,10/17/2024,91,80,0.01,65.49481,77.364105,84.80932
TJSJ,10/18/2024,90,79,0.03,70.106476,80.02724,90.62405
TJSJ,10/19/2024,91,81,0.29,67.93213,78.46375,87.72189
TJSJ,10/20/2024,94,81,0,59.8391,77.03557,90.66067
TJSJ,10/21/2024,91,80,0.32,61.48733,78.29225,87.72189
TJSJ,10/22/2024,94,78,0.1,52.348576,73.97969,90.587204
TJSJ,10/23/2024,96,80,0,49.207233,72.22786,87.72189
TJSJ,10/24/2024,95,82,0,47.42801,73.328094,87.72189
TJSJ,10/25/2024,92,80,0.06,65.94547,78.501564,87.72189
TJSJ,10/26/2024,91,79,0.23,67.93213,81.70237,90.62405
TJSJ,10/27/2024,90,79,0.02,67.49956,80.29455,90.587204
TJSJ,10/28/2024,91,80,0,63.690865,76.57739,87.62684
TJSJ,10/29/2024,85,79,0.5,76.86715,82.5096,90.62405
TJSJ,10/30/2024,87,75,1.31,65.26648,79.76787,93.50594
TJSJ,10/31/2024,80,74,4.91,81.959145,91.21275,100
TJSJ,11/1/2024,83,75,0.06,71.777084,85.165344,93.50594
TJSJ,11/2/2024,92,75,0.05,55.71818,77.90156,90.437706
TJSJ,11/3/2024,94,78,0,53.867287,75.834854,87.62684
TJSJ,11/4/2024,91,79,0,63.4554,77.89052,84.98084
TJSJ,11/5/2024,86,78,3.44,74.60542,82.36362,94.22723
TJSJ,11/6/2024,86,75,1.77,76.95029,87.38621,94.14301
TJSJ,11/7/2024,86,75,0.95,72.07047,87.35798,94.14301
TJSJ,11/8/2024,89,78,0,67.60844,84.92645,93.58368
TJSJ,11/9/2024,87,79,0.76,77.033005,85.69392,93.66005
TJSJ,11/10/2024,84,78,1.72,83.66177,89.67957,93.60928
TJSJ,11/11/2024,85,76,0.8,74.42529,87.13099,96.732025
TJSJ,11/12/2024,88,77,0.0001,70.26737,86.06134,93.60928
TJSJ,11/13/2024,90,77,0,29.513525,79.6072,100
TJSJ,11/14/2024,87,76,0.05,67.39018,81.50977,90.47541
TJSJ,11/15/2024,84,76,0.14,74.151726,87.09226,93.55792
TJSJ,11/16/2024,89,77,0.0001,63.21791,79.62091,90.47541
TJSJ,11/17/2024,86,77,1.1,69.27759,80.91553,93.58368
TJSJ,11/18/2024,85,77,0,54.633873,61.451836,76.359314
TJSJ,11/19/2024,87,74,0.07,56.96819,70.068726,81.686295
TJSJ,11/20/2024,87,76,0,58.95082,72.39339,87.433464
TJSJ,11/21/2024,86,77,0,60.993706,75.29486,84.57616
TJSJ,11/22/2024,91,76,0,57.49431,74.98764,87.48222
TJSJ,11/23/2024,89,79,0.07,67.71683,81.25866,90.550156
TJSJ,11/24/2024,86,78,0.54,74.51558,85.9752,93.60928
TJSJ,11/25/2024,89,78,0.66,61.11788,78.848625,93.60928
TJSJ,11/26/2024,89,79,0.0001,63.33691,76.85347,87.5789
TJSJ,11/27/2024,90,78,0,57.363544,77.351295,87.5789
TJSJ,11/28/2024,90,78,0.0001,63.33691,78.46426,87.6745
TJSJ,11/29/2024,90,78,0.0001,55.45014,78.191154,90.51289
TJSJ,11/30/2024,91,79,0,46.991474,75.06513,87.62684
TJSJ,12/1/2024,89,76,0,63.33691,77.50291,87.48222
TJSJ,12/2/2024,90,78,0.05,63.21791,76.55917,87.62684
TJSJ,12/3/2024,88,78,0.0001,65.3809,78.25023,87.5789
TJSJ,12/4/2024,87,76,0.21,67.49956,79.44097,90.437706
TJSJ,12/5/2024,88,77,0.12,61.11788,77.24262,87.5307
TJSJ,12/6/2024,87,77,0.07,60.869015,76.22094,90.51289
TJSJ,12/7/2024,87,76,0.11,63.0984,75.76834,87.5789
TJSJ,12/8/2024,87,76,0.16,67.49956,82.49514,93.53201
TJSJ,12/9/2024,88,77,0.29,63.21791,77.922745,90.47541
TJSJ,12/10/2024,85,76,0.73,69.27759,80.27208,90.550156
TJSJ,12/11/2024,86,76,0.01,62.97838,71.21214,81.75506
TJSJ,12/12/2024,86,78,0.05,54.357697,64.69422,79.09418
TJSJ,12/13/2024,85,77,0.09,65.15156,73.74935,90.47541
TJSJ,12/14/2024,87,74,0.0001,60.869015,76.751976,90.47541
TJSJ,12/15/2024,85,75,0.26,67.280304,79.64405,90.47541
TJSJ,12/16/2024,86,75,0.05,72.167336,82.22516,90.437706
TJSJ,12/17/2024,87,77,0.16,67.49956,83.71716,93.58368
TJSJ,12/18/2024,85,76,1.63,71.97315,86.62111,93.55792
TJSJ,12/19/2024,86,76,0.61,69.69592,85.42243,93.58368
TJSJ,12/20/2024,87,76,0.0001,60.993706,77.30402,90.437706
TJSJ,12/21/2024,88,79,0.06,65.3809,79.45941,87.5789
TJSJ,12/22/2024,88,79,0.15,63.21791,80.86323,87.6745
TJSJ,12/23/2024,86,78,0.1,69.48774,80.75305,90.51289
TJSJ,12/24/2024,86,77,0.13,74.51558,84.18714,90.51289
TJSJ,12/25/2024,86,76,0.35,71.678345,83.93418,96.718666
TJSJ,12/26/2024,86,75,0.07,65.26648,79.95817,90.47541
TJSJ,12/27/2024,88,76,0.06,61.11788,80.46061,90.47541
TJSJ,12/28/2024,84,75,0.63,62.12365,77.37114,96.70523
TJSJ,12/29/2024,82,74,0,48.73513,59.3001,68.52628
TJSJ,12/30/2024,82,71,0.11,56.29896,77.166794,93.40011
TJSJ,12/31/2024,85,71,0.09,47.760025,76.69894,93.47972
TJSJ,1/1/2025,82,73,0.05,64.68674,81.54358,93.47972
TJSJ,1/2/2025,86,72,0.0001,62.857838,79.4522,90.36164
TJSJ,1/3/2025,85,73,0.0001,54.633873,69.66031,84.337776
TJSJ,1/4/2025,83,73,0.31,69.27759,82.56281,96.678116
TJSJ,1/5/2025,80,74,0.58,76.53033,84.944084,96.732025
TJSJ,1/6/2025,84,74,0.27,67.16992,80.8852,96.69171
TJSJ,1/7/2025,85,73,0.01,69.59207,83.43754,93.47972
TJSJ,1/8/2025,86,75,0.0001,67.49956,81.03541,93.53201
TJSJ,1/9/2025,85,74,0.03,67.16992,80.71503,90.51289
TJSJ,1/10/2025,84,78,0.0001,58.692406,68.3096,79.17114
TJSJ,1/11/2025,83,73,0,60.49182,69.43857,78.86083
TJSJ,1/12/2025,84,70,0,60.365044,73.37104,90.24586
TJSJ,1/13/2025,83,73,0,58.56242,70.30372,84.39787
TJSJ,1/14/2025,85,76,0.0001,62.736782,71.88329,84.63493
TJSJ,1/15/2025,82,77,0.0001,62.493107,68.58453,76.445045
TJSJ,1/16/2025,84,78,0,58.56242,67.26508,73.967064
TJSJ,1/17/2025,85,74,0.03,65.03612,75.96462,87.5307
TJSJ,1/18/2025,84,75,0.42,71.97315,83.27547,93.53201
TJSJ,1/19/2025,85,76,0.06,67.16992,79.076836,87.48222
TJSJ,1/20/2025,85,74,0.21,72.07047,82.0021,94.14301
TJSJ,1/21/2025,87,73,0.13,61.11788,76.864296,94.10022
TJSJ,1/22/2025,85,75,0.28,69.69592,84.4673,93.50594
TJSJ,1/23/2025,86,76,0.21,69.69592,86.70626,96.732025
TJSJ,1/24/2025,85,76,0.05,67.16992,80.61158,90.51289
TJSJ,1/25/2025,87,74,0.03,69.799286,82.16541,93.55792
TJSJ,1/26/2025,86,75,0.05,64.92017,75.504845,90.437706
TJSJ,1/27/2025,87,75,0.2,54.908,78.10482,93.53201
TJSJ,1/28/2025,86,75,0.0001,67.49956,80.81667,90.437706
TJSJ,1/29/2025,87,75,0,69.69592,81.3072,93.50594
TJSJ,1/30/2025,85,76,0.35,69.59207,79.32357,90.51289
TJSJ,1/31/2025,85,77,0.21,67.280304,80.74378,90.51289
TJSJ,2/1/2025,86,76,0.03,62.97838,74.7387,84.57616
TJSJ,2/2/2025,85,76,0.12,67.280304,80.11702,87.62684
TJSJ,2/3/2025,83,72,0.1,71.777084,79.74237,90.437706
TJSJ,2/4/2025,85,75,0.05,62.857838,75.38774,90.39978
TJSJ,2/5/2025,85,72,0.18,62.97838,79.13123,93.4268
TJSJ,2/6/2025,85,74,0.27,62.615204,76.328476,93.47972
TJSJ,2/7/2025,85,75,0.21,69.38291,79.48978,93.53201
TJSJ,2/8/2025,83,75,0.18,74.151726,81.96176,90.437706
TJSJ,2/9/2025,85,76,0.05,69.59207,77.82493,87.48222
TJSJ,2/10/2025,85,76,0.01,67.05904,77.27688,90.437706
TJSJ,2/11/2025,86,73,0.25,58.821873,76.92872,93.47972
TJSJ,2/12/2025,85,74,0.04,60.743805,75.664276,90.39978
TJSJ,2/13/2025,85,74,0.41,60.743805,79.54098,90.437706
TJSJ,2/14/2025,84,73,0.42,60.618076,77.577774,90.437706
TJSJ,2/15/2025,84,72,0.16,58.692406,74.91321,90.32327
TJSJ,2/16/2025,87,74,0.07,51.36681,72.18132,87.38443
TJSJ,2/17/2025,87,72,0.01,58.821873,72.39486,84.27734
TJSJ,2/18/2025,86,72,0,54.908,72.09985,81.477745
TJSJ,2/19/2025,86,75,0,51.36681,73.13279,81.823456
TJSJ,2/20/2025,87,74,0.2,60.993706,78.433815,90.437706
TJSJ,2/21/2025,87,73,0,56.835377,74.22745,90.36164
TJSJ,2/22/2025,85,75,0.01,67.05904,78.65305,87.433464
TJSJ,2/23/2025,87,73,0.01,58.95082,75.52556,90.36164
TJSJ,2/24/2025,88,73,0.06,51.50853,71.57481,87.28552
TJSJ,2/25/2025,85,75,0.2,62.97838,78.95118,90.437706
TJSJ,2/26/2025,86,75,0.0001,62.736782,77.35451,90.437706
TJSJ,2/27/2025,87,75,0,60.993706,75.73452,90.39978
TJSJ,2/28/2025,87,75,0.24,65.03612,77.11262,90.437706
TJSJ,3/1/2025,87,74,0.0001,55.180084,75.614815,90.39978
TJSJ,3/2/2025,89,73,0.0001,46.698208,70.77762,87.33512
TJSJ,3/3/2025,88,75,0,56.96819,74.679794,87.433464
TJSJ,3/4/2025,84,75,0.25,71.777084,81.66861,90.437706
TJSJ,3/5/2025,86,75,0.01,62.97838,78.20386,90.437706
TJSJ,3/6/2025,90,76,0,51.790493,71.757645,87.433464
TJSJ,3/7/2025,87,77,0,65.15156,73.968094,79.32386
TJSJ,3/8/2025,88,77,0.02,59.07925,74.501564,84.63493
TJSJ,3/9/2025,87,77,0.06,60.993706,75.02608,87.48222
TJSJ,3/10/2025,89,76,0.07,57.100487,73.448555,87.48222
TJSJ,3/11/2025,91,74,0,39.18333,63.91087,81.686295
TJSJ,3/12/2025,90,74,0,46.403145,64.51444,76.359314
TJSJ,3/13/2025,88,77,0.18,61.11788,73.511826,84.69338
TJSJ,3/14/2025,80,74,0.75,73.87405,82.89923,90.437706
TJSJ,3/15/2025,84,73,0,60.49182,70.28601,84.39787
TJSJ,3/16/2025,86,75,0,52.898304,65.61249,81.686295
TJSJ,3/17/2025,86,75,0,47.760025,67.27146,79.09418
TJSJ,3/18/2025,88,74,0.15,54.908,70.13434,84.39787
TJSJ,3/19/2025,85,75,0,13.678363,60.775555,81.75506
TJSJ,3/20/2025,83,74,0,17.347895,61.166958,71.177376
TJSJ,3/21/2025,85,75,0.0001,62.97838,72.828674,84.63493
TJSJ,3/22/2025,82,74,1.09,78.86083,85.836105,96.70523
TJSJ,3/23/2025,87,73,0.43,56.835377,78.0112,93.50594
TJSJ,3/24/2025,87,75,0.06,60.743805,76.09184,90.437706
TJSJ,3/25/2025,85,75,0.28,62.615204,77.44895,90.39978
TJSJ,3/26/2025,88,74,0.04,53.177654,76.96702,90.39978
TJSJ,3/27/2025,90,73,0.0001,48.053177,69.34492,90.36164
TJSJ,3/28/2025,86,75,0.04,62.857838,74.92143,84.51706
TJSJ,3/29/2025,85,74,0.26,65.03612,77.12762,90.39978
TJSJ,3/30/2025,85,73,0.07,60.743805,74.79494,93.45335
TJSJ,3/31/2025,85,73,0.27,56.702053,80.98722,90.437706
TJSJ,4/1/2025,87,73,0.12,56.96819,77.27559,90.32327
TJSJ,4/2/2025,85,73,0.36,62.736782,78.54415,93.47972
TJSJ,4/3/2025,84,74,0.14,56.56821,71.34322,87.38443
TJSJ,4/4/2025,84,72,0.34,54.49604,73.52506,93.47972
TJSJ,4/5/2025,84,71,0.34,64.80371,77.88216,94.05696
TJSJ,4/6/2025,84,71,0.0001,58.692406,75.12848,90.36164
TJSJ,4/7/2025,84,72,0.07,60.618076,76.04701,90.32327
TJSJ,4/8/2025,84,73,0.1,64.92017,79.31752,93.45335
TJSJ,4/9/2025,87,74,0.04,62.857838,77.46726,90.39978
TJSJ,4/10/2025,87,75,0.0001,67.280304,,87.433464
