Year,Month,Day,Max_T (c),Min_T (c),Rain_mm,Avg_T (c),Rain_cm,Humidity (%)
2000,1,1,25.833333333333336,25.833333333333336,1.27,25.833333333333336,0.127,76.2008
2000,1,2,25.0,25.0,0.7619999999999999,25.0,0.07619999999999999,76.98769999999999
2000,1,3,24.444444444444446,24.444444444444446,11.937999999999999,24.444444444444446,1.1938,84.1455
2000,1,4,25.0,25.0,6.858,25.0,0.6858,84.1041
2000,1,5,25.27777777777778,25.27777777777778,1.5239999999999998,25.27777777777778,0.15239999999999998,85.24119999999999
2000,1,6,25.0,25.0,1.27,25.0,0.127,76.2709
2000,1,7,24.444444444444446,24.444444444444446,0.508,24.444444444444446,0.0508,75.858
2000,1,8,25.0,25.0,0.508,25.0,0.0508,77.5453025
2000,1,9,25.27777777777778,25.27777777777778,0.0,25.27777777777778,0.0,66.01780000000001
2000,1,10,24.722222222222225,24.722222222222225,1.27,24.722222222222225,0.127,74.37075
2000,1,11,24.444444444444446,24.444444444444446,1.27,24.444444444444446,0.127,73.82050000000001
2000,1,12,25.0,25.0,0.0,25.0,0.0,67.31815
2000,1,13,23.88888888888889,23.88888888888889,5.08,23.88888888888889,0.508,81.7892
2000,1,14,23.88888888888889,23.88888888888889,2.54,23.88888888888889,0.254,76.71545
2000,1,15,23.61111111111111,23.61111111111111,6.35,23.61111111111111,0.635,75.7154
2000,1,16,22.22222222222222,22.22222222222222,0.7619999999999999,22.22222222222222,0.07619999999999999,69.80454999999999
2000,1,17,22.5,22.5,0.508,22.5,0.0508,66.13215
2000,1,18,21.944444444444446,21.944444444444446,0.0,21.944444444444446,0.0,72.8863
2000,1,19,21.944444444444446,21.944444444444446,0.0,21.944444444444446,0.0,69.0902
2000,1,20,21.666666666666668,21.666666666666668,0.0,21.666666666666668,0.0,72.7411
2000,1,21,22.5,22.5,0.0,22.5,0.0,74.48325
2000,1,22,24.166666666666668,24.166666666666668,0.0,24.166666666666668,0.0,76.2319
2000,1,23,24.444444444444446,24.444444444444446,1.5239999999999998,24.444444444444446,0.15239999999999998,80.26895
2000,1,24,24.444444444444446,24.444444444444446,0.508,24.444444444444446,0.0508,75.98995
2000,1,25,25.0,25.0,0.254,25.0,0.0254,75.0135
2000,1,26,25.833333333333336,25.833333333333336,0.0,25.833333333333336,0.0,69.350205
2000,1,27,25.833333333333336,25.833333333333336,0.0,25.833333333333336,0.0,74.5847
2000,1,28,25.0,25.0,1.27,25.0,0.127,69.67225
2000,1,29,24.166666666666668,24.166666666666668,12.191999999999998,24.166666666666668,1.2191999999999998,75.01575
2000,1,30,24.444444444444446,24.444444444444446,0.254,24.444444444444446,0.0254,70.853
2000,1,31,25.0,25.0,0.0,25.0,0.0,72.794
2000,2,1,25.0,25.0,1.5239999999999998,25.0,0.15239999999999998,77.11275
2000,2,2,25.33333333333333,25.33333333333333,0.0,25.33333333333333,0.0,74.358301
2000,2,3,23.61111111111111,23.61111111111111,1.016,23.61111111111111,0.1016,81.58395
2000,2,4,24.722222222222225,24.722222222222225,0.0,24.722222222222225,0.0,77.71324999999999
2000,2,5,25.833333333333336,25.833333333333336,0.0,25.833333333333336,0.0,78.064
2000,2,6,25.55555555555556,25.55555555555556,0.0,25.55555555555556,0.0,70.59125
2000,2,7,24.722222222222225,24.722222222222225,0.508,24.722222222222225,0.0508,74.25085
2000,2,8,25.0,25.0,1.016,25.0,0.1016,76.01605
2000,2,9,25.80555555555556,25.80555555555556,0.0,25.80555555555556,0.0,73.12167099999999
2000,2,10,25.27777777777778,25.27777777777778,0.0,25.27777777777778,0.0,72.20145
2000,2,11,24.972222222222225,24.972222222222225,0.0,24.972222222222225,0.0,76.968347
2000,2,12,25.55555555555556,25.55555555555556,0.0,25.55555555555556,0.0,74.0937
2000,2,13,24.722222222222225,24.722222222222225,1.27,24.722222222222225,0.127,72.97030000000001
2000,2,14,25.0,25.0,1.5239999999999998,25.0,0.15239999999999998,74.9706
2000,2,15,25.27777777777778,25.27777777777778,1.016,25.27777777777778,0.1016,70.9544325
2000,2,16,24.722222222222225,24.722222222222225,1.016,24.722222222222225,0.1016,72.80445
2000,2,17,24.166666666666668,24.166666666666668,0.0,24.166666666666668,0.0,71.74895000000001
2000,2,18,24.722222222222225,24.722222222222225,0.508,24.722222222222225,0.0508,73.80015
2000,2,19,24.444444444444446,24.444444444444446,0.508,24.444444444444446,0.0508,73.15825
2000,2,20,24.722222222222225,24.722222222222225,0.0,24.722222222222225,0.0,69.98355000000001
2000,2,21,24.722222222222225,24.722222222222225,0.254,24.722222222222225,0.0254,74.52785
2000,2,22,24.722222222222225,24.722222222222225,10.668,24.722222222222225,1.0668,81.88365
2000,2,29,22.5,22.5,0.0,22.5,0.0,72.9980227633237
2000,3,1,23.61111111111111,23.61111111111111,0.0,23.61111111111111,0.0,64.67495
2000,3,2,22.77777777777778,22.77777777777778,0.0,22.77777777777778,0.0,62.5901
2000,3,3,23.88888888888889,23.88888888888889,0.0,23.88888888888889,0.0,57.1859
2000,3,4,24.444444444444446,24.444444444444446,0.0,24.444444444444446,0.0,57.26219999999999
2000,3,5,24.444444444444446,24.444444444444446,0.0,24.444444444444446,0.0,72.452
2000,3,6,24.166666666666668,24.166666666666668,0.0,24.166666666666668,0.0,72.75505
2000,3,7,25.55555555555556,25.55555555555556,0.0,25.55555555555556,0.0,66.8365
2000,3,8,25.27777777777778,25.27777777777778,0.0,25.27777777777778,0.0,55.05015
2000,3,9,24.722222222222225,24.722222222222225,0.7619999999999999,24.722222222222225,0.07619999999999999,61.68155
2000,3,10,24.444444444444446,24.444444444444446,0.0,24.444444444444446,0.0,62.70465
2000,3,11,25.27777777777778,25.27777777777778,0.0,25.27777777777778,0.0,58.5282
2000,3,12,25.27777777777778,25.27777777777778,0.0,25.27777777777778,0.0,66.6743
2000,3,13,24.722222222222225,24.722222222222225,0.0,24.722222222222225,0.0,68.72425
2000,3,14,25.0,25.0,0.0,25.0,0.0,66.49765000000001
2000,3,15,25.27777777777778,25.27777777777778,1.5239999999999998,25.27777777777778,0.15239999999999998,70.129
2000,3,16,25.55555555555556,25.55555555555556,0.0,25.55555555555556,0.0,67.3233
2000,3,17,24.722222222222225,24.722222222222225,2.032,24.722222222222225,0.2032,76.38615
2000,3,18,24.722222222222225,24.722222222222225,0.0,24.722222222222225,0.0,71.9863
2000,3,19,23.61111111111111,23.61111111111111,0.0,23.61111111111111,0.0,67.1541
2000,3,20,23.333333333333336,23.333333333333336,0.0,23.333333333333336,0.0,68.39855
2000,3,21,24.166666666666668,24.166666666666668,0.7619999999999999,24.166666666666668,0.07619999999999999,67.3546
2000,3,22,24.444444444444446,24.444444444444446,0.508,24.444444444444446,0.0508,67.56765
2000,3,23,23.88888888888889,23.88888888888889,0.7619999999999999,23.88888888888889,0.07619999999999999,71.47964999999999
2000,3,24,24.166666666666668,24.166666666666668,1.016,24.166666666666668,0.1016,69.95525
2000,3,25,24.722222222222225,24.722222222222225,0.0,24.722222222222225,0.0,62.25255
2000,3,26,23.88888888888889,23.88888888888889,0.0,23.88888888888889,0.0,70.21640000000001
2000,3,27,24.722222222222225,24.722222222222225,0.0,24.722222222222225,0.0,68.51894999999999
2000,3,28,25.0,25.0,8.382,25.0,0.8382,77.4801
2000,3,29,26.38888888888889,26.38888888888889,4.064,26.38888888888889,0.4064,76.78535
2000,3,30,26.666666666666668,26.666666666666668,0.0,26.666666666666668,0.0,73.5282
2000,3,31,26.666666666666668,26.666666666666668,0.0,26.666666666666668,0.0,71.2921
2000,4,1,25.55555555555556,25.55555555555556,0.0,25.55555555555556,0.0,70.1131
2000,4,2,25.0,25.0,0.0,25.0,0.0,77.3132
2000,4,3,25.27777777777778,25.27777777777778,0.7619999999999999,25.27777777777778,0.07619999999999999,69.94105
2000,4,4,23.88888888888889,23.88888888888889,5.334,23.88888888888889,0.5334,71.8533
2000,4,5,25.55555555555556,25.55555555555556,0.0,25.55555555555556,0.0,68.99655
2000,4,6,25.0,25.0,0.0,25.0,0.0,78.3941
2000,4,7,26.38888888888889,26.38888888888889,0.0,26.38888888888889,0.0,76.85785000000001
2000,4,8,25.833333333333336,25.833333333333336,1.016,25.833333333333336,0.1016,74.69165000000001
2000,4,9,26.944444444444446,26.944444444444446,0.0,26.944444444444446,0.0,67.87305
2000,4,10,26.38888888888889,26.38888888888889,0.0,26.38888888888889,0.0,70.67435
2000,4,11,26.38888888888889,26.38888888888889,0.254,26.38888888888889,0.0254,70.25145
2000,4,12,26.11111111111111,26.11111111111111,1.778,26.11111111111111,0.1778,73.5812
2000,4,13,26.666666666666668,26.666666666666668,0.508,26.666666666666668,0.0508,69.38405
2000,4,14,25.55555555555556,25.55555555555556,4.3180000000000005,25.55555555555556,0.4318000000000001,74.41544999999999
2000,4,15,26.11111111111111,26.11111111111111,0.254,26.11111111111111,0.0254,65.73835
2000,4,16,24.166666666666668,24.166666666666668,10.921999999999999,24.166666666666668,1.0921999999999998,75.3246
2000,4,17,25.27777777777778,25.27777777777778,0.508,25.27777777777778,0.0508,69.98955000000001
2000,4,18,26.666666666666668,26.666666666666668,0.0,26.666666666666668,0.0,69.90115
2000,4,19,26.944444444444446,26.944444444444446,0.0,26.944444444444446,0.0,70.34264999999999
2000,4,20,26.38888888888889,26.38888888888889,0.7619999999999999,26.38888888888889,0.07619999999999999,71.1391
2000,4,21,26.666666666666668,26.666666666666668,0.0,26.666666666666668,0.0,72.28805
2000,4,22,27.222222222222225,27.222222222222225,0.508,27.222222222222225,0.0508,67.76350000000001
2000,4,23,26.944444444444446,26.944444444444446,0.0,26.944444444444446,0.0,71.2743
2000,4,24,27.5,27.5,0.0,27.5,0.0,69.6153
2000,4,25,27.5,27.5,0.0,27.5,0.0,72.8219
2000,4,26,26.944444444444446,26.944444444444446,0.0,26.944444444444446,0.0,71.91305
2000,4,27,27.5,27.5,0.0,27.5,0.0,65.6993
2000,4,28,27.222222222222225,27.222222222222225,0.254,27.222222222222225,0.0254,68.5834
2000,4,29,26.11111111111111,26.11111111111111,3.302,26.11111111111111,0.3302,72.00665000000001
2000,4,30,25.27777777777778,25.27777777777778,0.0,25.27777777777778,0.0,70.69655
2000,5,1,26.944444444444446,26.944444444444446,0.0,26.944444444444446,0.0,67.8352
2000,5,2,26.666666666666668,26.666666666666668,0.0,26.666666666666668,0.0,67.49535
2000,5,3,26.38888888888889,26.38888888888889,1.27,26.38888888888889,0.127,74.813
2000,5,4,26.11111111111111,26.11111111111111,3.302,26.11111111111111,0.3302,77.4858
2000,5,5,26.11111111111111,26.11111111111111,1.27,26.11111111111111,0.127,79.55105
2000,5,6,26.944444444444446,26.944444444444446,0.0,26.944444444444446,0.0,72.6637
2000,5,7,26.944444444444446,26.944444444444446,0.0,26.944444444444446,0.0,73.16844999999999
2000,5,8,26.666666666666668,26.666666666666668,1.778,26.666666666666668,0.1778,72.8567
2000,5,9,27.5,27.5,0.0,27.5,0.0,68.68719999999999
2000,5,10,28.05555555555556,28.05555555555556,0.0,28.05555555555556,0.0,70.18684999999999
2000,5,11,25.27777777777778,25.27777777777778,83.31199999999998,25.27777777777778,8.331199999999999,84.76425
2000,5,12,25.27777777777778,25.27777777777778,0.0,25.27777777777778,0.0,78.12013
2000,5,13,26.666666666666668,26.666666666666668,0.0,26.666666666666668,0.0,74.78630000000001
2000,5,14,26.38888888888889,26.38888888888889,0.0,26.38888888888889,0.0,76.2892
2000,5,15,26.944444444444446,26.944444444444446,0.0,26.944444444444446,0.0,72.78515
2000,5,16,26.944444444444446,26.944444444444446,0.0,26.944444444444446,0.0,73.9713
2000,5,17,27.222222222222225,27.222222222222225,0.254,27.222222222222225,0.0254,75.3158
2000,5,18,27.222222222222225,27.222222222222225,0.0,27.222222222222225,0.0,78.86555
2000,5,19,26.38888888888889,26.38888888888889,0.0,26.38888888888889,0.0,79.63495
2000,5,20,26.38888888888889,26.38888888888889,0.0,26.38888888888889,0.0,73.0492
2000,5,21,26.666666666666668,26.666666666666668,0.0,26.666666666666668,0.0,71.9387
2000,5,22,26.38888888888889,26.38888888888889,0.0,26.38888888888889,0.0,69.5187
2000,5,23,27.5,27.5,0.0,27.5,0.0,74.85595
2000,5,24,28.05555555555556,28.05555555555556,3.8099999999999996,28.05555555555556,0.38099999999999995,73.9718
2000,5,25,26.38888888888889,26.38888888888889,3.8099999999999996,26.38888888888889,0.38099999999999995,80.16489999999999
2000,5,26,27.5,27.5,2.032,27.5,0.2032,76.65375
2000,5,27,27.222222222222225,27.222222222222225,1.27,27.222222222222225,0.127,76.90715
2000,5,28,27.222222222222225,27.222222222222225,13.208,27.222222222222225,1.3208,75.63380000000001
2000,5,29,27.77777777777778,27.77777777777778,0.254,27.77777777777778,0.0254,74.86105
2000,5,30,26.666666666666668,26.666666666666668,0.254,26.666666666666668,0.0254,82.54169999999999
2000,5,31,28.61111111111111,28.61111111111111,0.0,28.61111111111111,0.0,72.9708
2000,6,10,28.333333333333336,28.333333333333336,0.0,28.333333333333336,0.0,72.53444999999999
2000,6,11,28.05555555555556,28.05555555555556,0.0,28.05555555555556,0.0,70.177
2000,6,12,25.55555555555556,25.55555555555556,26.162,25.55555555555556,2.6162,84.76425
2000,6,13,27.77777777777778,27.77777777777778,1.27,27.77777777777778,0.127,77.9209
2000,6,14,27.5,27.5,0.254,27.5,0.0254,76.9718
2000,6,15,27.5,27.5,1.27,27.5,0.127,74.92535
2000,6,16,25.833333333333336,25.833333333333336,10.921999999999999,25.833333333333336,1.0921999999999998,86.61595
2000,6,17,27.222222222222225,27.222222222222225,1.27,27.222222222222225,0.127,82.86635000000001
2000,6,18,27.77777777777778,27.77777777777778,0.0,27.77777777777778,0.0,76.34185
2000,6,19,27.5,27.5,0.0,27.5,0.0,76.41544999999999
2000,6,20,27.77777777777778,27.77777777777778,0.0,27.77777777777778,0.0,71.7875
2000,6,21,28.05555555555556,28.05555555555556,0.0,28.05555555555556,0.0,74.4817
2000,6,22,28.333333333333336,28.333333333333336,0.0,28.333333333333336,0.0,69.7207
2000,6,23,28.05555555555556,28.05555555555556,0.0,28.05555555555556,0.0,70.03945
2000,6,24,26.944444444444446,26.944444444444446,2.2859999999999996,26.944444444444446,0.22859999999999997,76.74315
2000,6,25,27.5,27.5,0.508,27.5,0.0508,72.21855
2000,6,26,26.666666666666668,26.666666666666668,28.701999999999998,26.666666666666668,2.8701999999999996,80.85445
2000,6,27,27.77777777777778,27.77777777777778,0.254,27.77777777777778,0.0254,78.84909999999999
2000,6,28,28.05555555555556,28.05555555555556,0.0,28.05555555555556,0.0,73.7693
2000,6,29,28.05555555555556,28.05555555555556,0.0,28.05555555555556,0.0,73.3463
2000,6,30,28.05555555555556,28.05555555555556,0.254,28.05555555555556,0.0254,72.7028
2000,7,1,26.944444444444446,26.944444444444446,9.652,26.944444444444446,0.9652,76.38935000000001
2000,7,2,27.5,27.5,8.382,27.5,0.8382,81.99289999999999
2000,7,3,28.05555555555556,28.05555555555556,3.8099999999999996,28.05555555555556,0.38099999999999995,81.3137
2000,7,4,28.333333333333336,28.333333333333336,2.54,28.333333333333336,0.254,78.169
2000,7,5,28.05555555555556,28.05555555555556,0.0,28.05555555555556,0.0,75.42490000000001
2000,7,6,27.77777777777778,27.77777777777778,0.0,27.77777777777778,0.0,72.7028
2000,7,7,28.05555555555556,28.05555555555556,0.0,28.05555555555556,0.0,71.46795
2000,7,8,28.05555555555556,28.05555555555556,1.016,28.05555555555556,0.1016,72.12815
2000,7,9,28.61111111111111,28.61111111111111,0.0,28.61111111111111,0.0,74.4102
2000,7,10,28.05555555555556,28.05555555555556,0.0,28.05555555555556,0.0,72.53444999999999
2000,7,11,28.333333333333336,28.333333333333336,0.0,28.333333333333336,0.0,74.79565
2000,7,12,28.05555555555556,28.05555555555556,0.508,28.05555555555556,0.0508,70.39065
2000,7,13,28.333333333333336,28.333333333333336,11.684,28.333333333333336,1.1683999999999999,77.67625
2000,7,14,29.166666666666668,29.166666666666668,0.254,29.166666666666668,0.0254,73.9771
2000,7,15,28.88888888888889,28.88888888888889,0.0,28.88888888888889,0.0,73.7731
2000,7,16,28.61111111111111,28.61111111111111,0.0,28.61111111111111,0.0,73.9456
2000,7,17,27.222222222222225,27.222222222222225,6.35,27.222222222222225,0.635,78.578
2000,7,18,27.5,27.5,3.8099999999999996,27.5,0.38099999999999995,76.9718
2000,7,19,28.05555555555556,28.05555555555556,1.778,28.05555555555556,0.1778,75.05565
2000,7,20,27.77777777777778,27.77777777777778,1.778,27.77777777777778,0.1778,78.5774
2000,7,21,28.61111111111111,28.61111111111111,0.0,28.61111111111111,0.0,73.63595000000001
2000,7,22,28.61111111111111,28.61111111111111,0.0,28.61111111111111,0.0,74.86255
2000,7,23,28.88888888888889,28.88888888888889,0.508,28.88888888888889,0.0508,75.9702
2000,7,24,28.61111111111111,28.61111111111111,0.0,28.61111111111111,0.0,72.8519
2000,7,25,29.166666666666668,29.166666666666668,0.0,29.166666666666668,0.0,68.3766
2000,7,26,29.166666666666668,29.166666666666668,1.016,29.166666666666668,0.1016,74.0359
2000,7,27,29.166666666666668,29.166666666666668,0.0,29.166666666666668,0.0,74.4102
2000,7,28,28.61111111111111,28.61111111111111,1.27,28.61111111111111,0.127,72.1508
2000,7,29,25.27777777777778,25.27777777777778,27.432,25.27777777777778,2.7432,83.87705
2000,7,30,27.222222222222225,27.222222222222225,1.5239999999999998,27.222222222222225,0.15239999999999998,81.56585
2000,7,31,28.05555555555556,28.05555555555556,1.5239999999999998,28.05555555555556,0.15239999999999998,75.3713
2000,8,1,27.222222222222225,27.222222222222225,15.239999999999998,27.222222222222225,1.5239999999999998,78.64265
2000,8,2,28.05555555555556,28.05555555555556,0.7619999999999999,28.05555555555556,0.07619999999999999,77.9948
2000,8,3,28.333333333333336,28.333333333333336,2.7939999999999996,28.333333333333336,0.2794,83.122
2000,8,4,27.5,27.5,16.509999999999998,27.5,1.6509999999999998,76.8426
2000,8,5,27.5,27.5,1.27,27.5,0.127,78.73835
2000,8,6,28.88888888888889,28.88888888888889,0.254,28.88888888888889,0.0254,71.64495
2000,8,7,28.88888888888889,28.88888888888889,0.254,28.88888888888889,0.0254,73.86
2000,8,8,28.88888888888889,28.88888888888889,0.0,28.88888888888889,0.0,77.83930000000001
2000,8,9,28.88888888888889,28.88888888888889,0.0,28.88888888888889,0.0,73.9718
2000,8,10,26.944444444444446,26.944444444444446,23.113999999999997,26.944444444444446,2.3114,77.97625
2000,8,11,28.88888888888889,28.88888888888889,0.0,28.88888888888889,0.0,72.01015
2000,8,12,29.444444444444446,29.444444444444446,0.0,29.444444444444446,0.0,69.9772
2000,8,14,27.77777777777778,27.77777777777778,1.778,27.77777777777778,0.1778,66.7427
2000,8,15,27.5,27.5,7.112,27.5,0.7112,66.73785000000001
2000,8,16,28.61111111111111,28.61111111111111,0.254,28.61111111111111,0.0254,79.33435
2000,8,17,29.166666666666668,29.166666666666668,0.0,29.166666666666668,0.0,72.48325
2000,8,18,28.88888888888889,28.88888888888889,0.0,28.88888888888889,0.0,72.8519
2000,8,19,27.5,27.5,0.0,27.5,0.0,70.03478758347836
2000,8,20,30.0,30.0,0.0,30.0,0.0,72.6128
2000,8,21,29.166666666666668,29.166666666666668,0.254,29.166666666666668,0.0254,74.0097
2000,8,22,26.944444444444446,26.944444444444446,13.208,26.944444444444446,1.3208,84.923
2000,8,23,25.55555555555556,25.55555555555556,122.17399999999998,25.55555555555556,12.217399999999998,87.21355
2000,8,24,27.5,27.5,2.7939999999999996,27.5,0.2794,80.09025
2000,8,25,27.77777777777778,27.77777777777778,3.556,27.77777777777778,0.3556,78.84909999999999
2000,8,26,26.944444444444446,26.944444444444446,13.208,26.944444444444446,1.3208,82.7724
2000,8,27,27.25,27.25,0.7619999999999999,27.25,0.07619999999999999,81.9639
2000,8,28,28.333333333333336,28.333333333333336,0.7619999999999999,28.333333333333336,0.07619999999999999,82.88905
2000,8,29,28.61111111111111,28.61111111111111,2.032,28.61111111111111,0.2032,81.94094999999999
2000,8,30,28.05555555555556,28.05555555555556,1.5239999999999998,28.05555555555556,0.15239999999999998,78.9081
2000,8,31,28.05555555555556,28.05555555555556,4.064,28.05555555555556,0.4064,79.35195
2000,9,1,28.05555555555556,28.05555555555556,1.016,28.05555555555556,0.1016,77.95735
2000,9,2,27.77777777777778,27.77777777777778,0.0,27.77777777777778,0.0,74.24015
2000,9,3,27.222222222222225,27.222222222222225,7.874,27.222222222222225,0.7874,78.86619999999999
2000,9,4,27.77777777777778,27.77777777777778,0.0,27.77777777777778,0.0,82.85025
2000,9,5,28.05555555555556,28.05555555555556,0.7619999999999999,28.05555555555556,0.07619999999999999,81.5797
2000,9,6,28.05555555555556,28.05555555555556,2.2859999999999996,28.05555555555556,0.22859999999999997,79.60035
2000,9,7,27.77777777777778,27.77777777777778,0.0,27.77777777777778,0.0,78.84909999999999
2000,9,8,27.5,27.5,0.0,27.5,0.0,73.95545
2000,9,9,29.166666666666668,29.166666666666668,0.0,29.166666666666668,0.0,70.71105
2000,9,10,28.61111111111111,28.61111111111111,1.016,28.61111111111111,0.1016,75.3664
2000,9,11,27.222222222222225,27.222222222222225,5.334,27.222222222222225,0.5334,80.83985
2000,9,12,28.61111111111111,28.61111111111111,0.0,28.61111111111111,0.0,75.29995
2000,9,13,28.05555555555556,28.05555555555556,0.0,28.05555555555556,0.0,75.82820000000001
2000,9,14,28.61111111111111,28.61111111111111,1.016,28.61111111111111,0.1016,75.47229999999999
2000,9,15,28.05555555555556,28.05555555555556,2.032,28.05555555555556,0.2032,80.5511
2000,9,16,27.77777777777778,27.77777777777778,1.27,27.77777777777778,0.127,79.5865
2000,9,17,26.11111111111111,26.11111111111111,10.413999999999998,26.11111111111111,1.0413999999999999,85.69495
2000,9,18,27.5,27.5,3.302,27.5,0.3302,77.4663
2000,9,19,26.944444444444446,26.944444444444446,18.287999999999997,26.944444444444446,1.8287999999999998,81.9599
2000,9,20,26.944444444444446,26.944444444444446,7.366,26.944444444444446,0.7365999999999999,84.923
2000,9,21,27.222222222222225,27.222222222222225,2.2859999999999996,27.222222222222225,0.22859999999999997,82.78405000000001
2000,9,22,27.5,27.5,0.0,27.5,0.0,79.3381
2000,9,23,27.77777777777778,27.77777777777778,0.7619999999999999,27.77777777777778,0.07619999999999999,79.9367
2000,9,24,27.77777777777778,27.77777777777778,0.7619999999999999,27.77777777777778,0.07619999999999999,81.5797
2000,9,25,27.5,27.5,0.254,27.5,0.0254,82.40605
2000,9,26,28.88888888888889,28.88888888888889,0.254,28.88888888888889,0.0254,80.2638
2000,9,27,25.55555555555556,25.55555555555556,5.587999999999999,25.55555555555556,0.5588,86.39585
2000,9,28,26.38888888888889,26.38888888888889,0.0,26.38888888888889,0.0,83.51849999999999
2000,9,29,28.61111111111111,28.61111111111111,1.27,28.61111111111111,0.127,73.12975
2000,9,30,28.61111111111111,28.61111111111111,0.508,28.61111111111111,0.0508,73.64255
2000,10,1,27.222222222222225,27.222222222222225,4.3180000000000005,27.222222222222225,0.4318000000000001,78.97395
2000,10,2,28.05555555555556,28.05555555555556,4.064,28.05555555555556,0.4064,76.792
2000,10,3,28.05555555555556,28.05555555555556,0.0,28.05555555555556,0.0,75.3735
2000,10,4,27.5,27.5,0.508,27.5,0.0508,70.39065
2000,10,5,27.77777777777778,27.77777777777778,0.0,27.77777777777778,0.0,72.4668
2000,10,6,27.77777777777778,27.77777777777778,0.0,27.77777777777778,0.0,72.7028
2000,10,7,28.05555555555556,28.05555555555556,0.508,28.05555555555556,0.0508,76.792
2000,10,8,26.944444444444446,26.944444444444446,19.049999999999997,26.944444444444446,1.9049999999999998,79.74875
2000,10,9,28.05555555555556,28.05555555555556,0.0,28.05555555555556,0.0,70.47895
2000,10,10,28.05555555555556,28.05555555555556,0.0,28.05555555555556,0.0,73.79575
2000,10,11,28.05555555555556,28.05555555555556,0.0,28.05555555555556,0.0,74.7289
2000,10,12,28.333333333333336,28.333333333333336,4.3180000000000005,28.333333333333336,0.4318000000000001,74.81835000000001
2000,10,13,28.333333333333336,28.333333333333336,0.0,28.333333333333336,0.0,73.1902
2000,10,14,28.61111111111111,28.61111111111111,0.0,28.61111111111111,0.0,73.1902
2000,10,15,27.77777777777778,27.77777777777778,17.525999999999996,27.77777777777778,1.7525999999999997,77.78255
2000,10,16,27.77777777777778,27.77777777777778,0.0,27.77777777777778,0.0,74.67135
2000,10,17,27.222222222222225,27.222222222222225,1.016,27.222222222222225,0.1016,74.60195
2000,10,18,26.944444444444446,26.944444444444446,0.0,26.944444444444446,0.0,73.67085
2000,10,19,26.38888888888889,26.38888888888889,2.54,26.38888888888889,0.254,79.3695
2000,10,20,27.5,27.5,0.254,27.5,0.0254,77.8053
2000,10,21,27.5,27.5,6.095999999999999,27.5,0.6095999999999999,79.22149999999999
2000,10,22,26.944444444444446,26.944444444444446,12.953999999999999,26.944444444444446,1.2953999999999999,83.14605
2000,10,23,26.38888888888889,26.38888888888889,0.508,26.38888888888889,0.0508,83.22355
2000,10,24,26.666666666666668,26.666666666666668,14.477999999999998,26.666666666666668,1.4477999999999998,84.86725
2000,10,25,27.77777777777778,27.77777777777778,0.0,27.77777777777778,0.0,77.55035000000001
2000,10,26,28.88888888888889,28.88888888888889,0.0,28.88888888888889,0.0,76.2525
2000,10,27,28.333333333333336,28.333333333333336,0.0,28.333333333333336,0.0,78.957
2000,10,28,26.944444444444446,26.944444444444446,4.3180000000000005,26.944444444444446,0.4318000000000001,83.9748
2000,10,29,27.5,27.5,0.0,27.5,0.0,75.84065
2000,10,30,27.222222222222225,27.222222222222225,0.0,27.222222222222225,0.0,78.97395
2000,10,31,27.222222222222225,27.222222222222225,1.27,27.222222222222225,0.127,78.0779
2000,11,1,26.666666666666668,26.666666666666668,9.652,26.666666666666668,0.9652,81.83574999999999
2000,11,2,25.833333333333336,25.833333333333336,3.302,25.833333333333336,0.3302,85.56615
2000,11,3,25.27777777777778,25.27777777777778,11.937999999999999,25.27777777777778,1.1938,76.0969
2000,11,4,25.55555555555556,25.55555555555556,0.0,25.55555555555556,0.0,66.1402
2000,11,5,25.55555555555556,25.55555555555556,0.0,25.55555555555556,0.0,71.95815
2000,11,6,25.833333333333336,25.833333333333336,0.0,25.833333333333336,0.0,75.0909
2000,11,7,27.5,27.5,0.0,27.5,0.0,73.24334999999999
2000,11,8,26.944444444444446,26.944444444444446,0.0,26.944444444444446,0.0,71.3967
2000,11,9,25.55555555555556,25.55555555555556,1.27,25.55555555555556,0.127,75.4765
2000,11,10,26.666666666666668,26.666666666666668,0.0,26.666666666666668,0.0,63.71685
2000,11,11,25.27777777777778,25.27777777777778,0.0,25.27777777777778,0.0,69.9855
2000,11,12,25.0,25.0,0.0,25.0,0.0,75.75245
2000,11,13,25.833333333333336,25.833333333333336,0.0,25.833333333333336,0.0,75.0909
2000,11,14,26.38888888888889,26.38888888888889,1.27,26.38888888888889,0.127,77.9471
2000,11,15,27.5,27.5,0.254,27.5,0.0254,77.84450000000001
2000,11,16,26.944444444444446,26.944444444444446,0.7619999999999999,26.944444444444446,0.07619999999999999,79.47364999999999
2000,11,17,27.222222222222225,27.222222222222225,1.27,27.222222222222225,0.127,73.01685
2000,11,18,26.38888888888889,26.38888888888889,4.571999999999999,26.38888888888889,0.45719999999999994,75.85625
2000,11,19,26.38888888888889,26.38888888888889,0.254,26.38888888888889,0.0254,75.80005
2000,11,20,26.944444444444446,26.944444444444446,2.7939999999999996,26.944444444444446,0.2794,79.462
2000,11,21,26.666666666666668,26.666666666666668,2.032,26.666666666666668,0.2032,80.5153
2000,11,22,26.666666666666668,26.666666666666668,6.095999999999999,26.666666666666668,0.6095999999999999,80.7865
2000,11,23,25.833333333333336,25.833333333333336,3.302,25.833333333333336,0.3302,83.32925
2000,11,24,26.38888888888889,26.38888888888889,7.366,26.38888888888889,0.7365999999999999,82.98365
2000,11,25,26.11111111111111,26.11111111111111,1.5239999999999998,26.11111111111111,0.15239999999999998,82.0817
2000,11,26,26.11111111111111,26.11111111111111,9.652,26.11111111111111,0.9652,82.52414999999999
2000,11,27,26.11111111111111,26.11111111111111,0.0,26.11111111111111,0.0,77.07804999999999
2000,11,28,26.11111111111111,26.11111111111111,0.254,26.11111111111111,0.0254,82.3489
2000,11,29,26.944444444444446,26.944444444444446,0.0,26.944444444444446,0.0,76.78790000000001
2000,11,30,26.38888888888889,26.38888888888889,6.095999999999999,26.38888888888889,0.6095999999999999,84.30619999999999
2000,12,1,26.944444444444446,26.944444444444446,0.0,26.944444444444446,0.0,78.01595
2000,12,2,27.222222222222225,27.222222222222225,0.0,27.222222222222225,0.0,73.25545
2000,12,3,26.944444444444446,26.944444444444446,0.0,26.944444444444446,0.0,71.53805
2000,12,4,26.666666666666668,26.666666666666668,0.0,26.666666666666668,0.0,69.27975
2000,12,5,26.38888888888889,26.38888888888889,0.0,26.38888888888889,0.0,70.1588
2000,12,6,26.666666666666668,26.666666666666668,0.0,26.666666666666668,0.0,68.9854
2000,12,7,26.11111111111111,26.11111111111111,0.0,26.11111111111111,0.0,71.95815
2000,12,8,25.55555555555556,25.55555555555556,0.508,25.55555555555556,0.0508,76.01605
2000,12,9,25.27777777777778,25.27777777777778,0.0,25.27777777777778,0.0,76.52855
2000,12,10,25.27777777777778,25.27777777777778,5.334,25.27777777777778,0.5334,82.6123
2000,12,11,25.0,25.0,1.27,25.0,0.127,71.7949
2000,12,12,25.55555555555556,25.55555555555556,6.858,25.55555555555556,0.6858,78.56575000000001
2000,12,13,25.833333333333336,25.833333333333336,3.302,25.833333333333336,0.3302,77.78625
2000,12,14,25.27777777777778,25.27777777777778,5.334,25.27777777777778,0.5334,81.76724999999999
2000,12,15,25.833333333333336,25.833333333333336,4.3180000000000005,25.833333333333336,0.4318000000000001,75.839
2000,12,16,25.0,25.0,23.113999999999997,25.0,2.3114,83.179
2000,12,17,25.0,25.0,11.937999999999999,25.0,1.1938,84.1241
2000,12,18,24.722222222222225,24.722222222222225,8.128,24.722222222222225,0.8128,83.10929999999999
2000,12,19,25.55555555555556,25.55555555555556,0.254,25.55555555555556,0.0254,77.34015
2000,12,20,25.0,25.0,0.508,25.0,0.0508,76.98769999999999
2000,12,21,25.55555555555556,25.55555555555556,0.254,25.55555555555556,0.0254,76.2008
2000,12,22,25.833333333333336,25.833333333333336,3.8099999999999996,25.833333333333336,0.38099999999999995,78.45875000000001
2000,12,23,25.27777777777778,25.27777777777778,0.0,25.27777777777778,0.0,76.51
2000,12,24,25.55555555555556,25.55555555555556,0.254,25.55555555555556,0.0254,69.67975
2000,12,25,25.27777777777778,25.27777777777778,0.0,25.27777777777778,0.0,74.98740000000001
2000,12,26,25.0,25.0,0.0,25.0,0.0,75.43795
2000,12,27,25.833333333333336,25.833333333333336,0.0,25.833333333333336,0.0,72.67715
2000,12,28,25.55555555555556,25.55555555555556,0.0,25.55555555555556,0.0,70.65545
2000,12,29,25.55555555555556,25.55555555555556,0.0,25.55555555555556,0.0,73.58215
2000,12,30,26.11111111111111,26.11111111111111,0.0,26.11111111111111,0.0,75.32130000000001
2000,12,31,25.833333333333336,25.833333333333336,0.0,25.833333333333336,0.0,74.19335
2001,1,1,25.833333333333336,25.833333333333336,0.0,25.833333333333336,0.0,76.704595
2001,1,2,25.0,25.0,0.0,25.0,0.0,75.39895
2001,1,3,24.972222222222225,24.972222222222225,15.239999999999998,24.972222222222225,1.5239999999999998,81.95965
2001,1,4,25.527777777777786,25.527777777777786,0.0,25.527777777777786,0.0,74.04568900000001
2001,1,5,26.13888888888889,26.13888888888889,0.0,26.13888888888889,0.0,70.307991
2001,1,6,25.55555555555556,25.55555555555556,0.0,25.55555555555556,0.0,69.464795
2001,1,7,24.138888888888893,24.138888888888893,0.0,24.138888888888893,0.0,75.3307995
2001,1,8,25.27777777777778,25.27777777777778,0.0,25.27777777777778,0.0,74.9438915
2001,1,9,26.611111111111114,26.611111111111114,0.0,26.611111111111114,0.0,66.0168175
2001,1,10,25.833333333333336,25.833333333333336,0.0,25.833333333333336,0.0,64.24948
2001,1,11,24.416666666666668,24.416666666666668,0.0,24.416666666666668,0.0,73.11294
2001,1,12,25.361111111111114,25.361111111111114,0.0,25.361111111111114,0.0,69.464795
2001,1,13,24.75,24.75,0.0,24.75,0.0,65.771152
2001,1,14,24.194444444444454,24.194444444444454,4.826,24.194444444444454,0.4826,76.355801
2001,1,15,24.444444444444446,24.444444444444446,0.0,24.444444444444446,0.0,76.110048
2001,1,16,23.88888888888889,23.88888888888889,11.43,23.88888888888889,1.143,82.62395000000001
2001,1,17,24.416666666666668,24.416666666666668,0.508,24.416666666666668,0.0508,78.3171475
2001,1,18,24.694444444444446,24.694444444444446,4.064,24.694444444444446,0.4064,72.44124000000001
2001,1,19,25.527777777777786,25.527777777777786,2.2859999999999996,25.527777777777786,0.22859999999999997,70.887912
2001,1,20,25.27777777777778,25.27777777777778,0.0,25.27777777777778,0.0,71.74249499999999
2001,1,21,25.500000000000004,25.500000000000004,1.5239999999999998,25.500000000000004,0.15239999999999998,73.32449249999999
2001,1,22,25.0,25.0,10.668,25.0,1.0668,80.49163
2001,1,23,25.833333333333336,25.833333333333336,0.0,25.833333333333336,0.0,73.121651
2001,1,24,26.166666666666664,26.166666666666664,0.0,26.166666666666664,0.0,71.028885
2001,1,25,25.833333333333336,25.833333333333336,0.0,25.833333333333336,0.0,70.887912
2001,1,26,24.66666666666667,24.66666666666667,0.0,24.66666666666667,0.0,74.45513
2001,1,27,25.27777777777778,25.27777777777778,2.54,25.27777777777778,0.254,75.21928249999999
2001,1,28,25.527777777777786,25.527777777777786,2.7939999999999996,25.527777777777786,0.2794,77.17330749999999
2001,1,29,23.22222222222222,23.22222222222222,16.256,23.22222222222222,1.6256,86.80555
2001,1,30,24.88888888888889,24.88888888888889,0.0,24.88888888888889,0.0,64.253923
2001,1,31,24.5,24.5,0.508,24.5,0.0508,69.84511
2001,2,1,25.361111111111114,25.361111111111114,1.016,25.361111111111114,0.1016,71.08922749999999
2001,2,2,24.722222222222225,24.722222222222225,5.842,24.722222222222225,0.5841999999999999,79.414095
2001,2,3,24.694444444444446,24.694444444444446,0.254,24.694444444444446,0.0254,77.77629
2001,2,4,25.250000000000004,25.250000000000004,0.0,25.250000000000004,0.0,65.026702
2001,2,5,25.500000000000004,25.500000000000004,0.7619999999999999,25.500000000000004,0.07619999999999999,75.69559000000001
2001,2,6,24.5,24.5,0.508,24.5,0.0508,78.82748699999999
2001,2,7,25.250000000000004,25.250000000000004,0.0,25.250000000000004,0.0,80.30586500000001
2001,2,8,25.694444444444446,25.694444444444446,0.0,25.694444444444446,0.0,71.9802525
2001,2,9,25.444444444444443,25.444444444444443,3.0479999999999996,25.444444444444443,0.30479999999999996,73.5109625
2001,2,10,25.833333333333336,25.833333333333336,0.508,25.833333333333336,0.0508,71.8250225
2001,2,11,25.55555555555556,25.55555555555556,0.254,25.55555555555556,0.0254,74.3771
2001,2,12,25.305555555555557,25.305555555555557,0.508,25.305555555555557,0.0508,73.968675
2001,2,13,25.55555555555556,25.55555555555556,1.778,25.55555555555556,0.1778,69.11902
2001,2,14,25.0,25.0,2.032,25.0,0.2032,73.3626525
2001,2,15,24.722222222222225,24.722222222222225,3.556,24.722222222222225,0.3556,78.2510265
2001,2,16,25.13888888888889,25.13888888888889,9.398,25.13888888888889,0.9398,80.268925
2001,2,17,24.63888888888889,24.63888888888889,0.7619999999999999,24.63888888888889,0.07619999999999999,76.2765065
2001,2,18,24.5,24.5,0.0,24.5,0.0,73.217285
2001,2,19,23.500000000000007,23.500000000000007,0.0,23.500000000000007,0.0,73.7008025
2001,2,20,24.972222222222225,24.972222222222225,2.2859999999999996,24.972222222222225,0.22859999999999997,75.4139165
2001,2,21,24.722222222222225,24.722222222222225,11.43,24.722222222222225,1.143,85.2668
2001,2,22,24.722222222222225,24.722222222222225,13.97,24.722222222222225,1.397,78.2294165
2001,2,23,24.5,24.5,5.08,24.5,0.508,81.789185
2001,2,24,24.36111111111111,24.36111111111111,15.748,24.36111111111111,1.5748,82.7575075
2001,2,25,25.27777777777778,25.27777777777778,1.016,25.27777777777778,0.1016,70.0993275
2001,2,26,24.88888888888889,24.88888888888889,2.032,24.88888888888889,0.2032,69.45096000000001
2001,2,27,24.61111111111111,24.61111111111111,0.0,24.61111111111111,0.0,58.690558
2001,2,28,24.47222222222222,24.47222222222222,0.0,24.47222222222222,0.0,64.6901225
2001,3,1,23.61111111111111,23.61111111111111,0.0,23.61111111111111,0.0,74.72325
2001,3,2,24.722222222222225,24.722222222222225,0.0,24.722222222222225,0.0,73.50695
2001,3,3,24.444444444444446,24.444444444444446,0.0,24.444444444444446,0.0,70.47449999999999
2001,3,4,24.166666666666668,24.166666666666668,0.0,24.166666666666668,0.0,73.2801
2001,3,5,26.11111111111111,26.11111111111111,0.0,26.11111111111111,0.0,73.27025
2001,3,6,26.38888888888889,26.38888888888889,0.0,26.38888888888889,0.0,71.70245
2001,3,7,25.55555555555556,25.55555555555556,0.508,25.55555555555556,0.0508,79.73035
2001,3,8,26.666666666666668,26.666666666666668,0.0,26.666666666666668,0.0,76.83539999999999
2001,3,9,26.944444444444446,26.944444444444446,0.0,26.944444444444446,0.0,74.93185
2001,3,10,27.5,27.5,0.0,27.5,0.0,68.07554999999999
2001,3,11,26.11111111111111,26.11111111111111,0.0,26.11111111111111,0.0,75.56190000000001
2001,3,12,25.833333333333336,25.833333333333336,0.0,25.833333333333336,0.0,75.81954999999999
2001,3,13,26.11111111111111,26.11111111111111,2.7939999999999996,26.11111111111111,0.2794,74.49865
2001,3,14,25.833333333333336,25.833333333333336,0.7619999999999999,25.833333333333336,0.07619999999999999,80.34084999999999
2001,3,15,26.38888888888889,26.38888888888889,0.0,26.38888888888889,0.0,71.1743
2001,3,16,26.38888888888889,26.38888888888889,8.636000000000001,26.38888888888889,0.8636000000000001,77.28829999999999
2001,3,17,26.38888888888889,26.38888888888889,0.508,26.38888888888889,0.0508,74.69165000000001
2001,3,18,26.11111111111111,26.11111111111111,0.0,26.11111111111111,0.0,71.98025
2001,3,19,25.833333333333336,25.833333333333336,0.0,25.833333333333336,0.0,72.55315
2001,3,20,25.55555555555556,25.55555555555556,11.175999999999998,25.55555555555556,1.1176,78.45875000000001
2001,3,21,24.444444444444446,24.444444444444446,10.413999999999998,24.444444444444446,1.0413999999999999,89.31049999999999
2001,3,22,25.0,25.0,5.08,25.0,0.508,82.3856
2001,3,23,25.27777777777778,25.27777777777778,0.0,25.27777777777778,0.0,81.52324999999999
2001,3,24,26.666666666666668,26.666666666666668,0.0,26.666666666666668,0.0,80.8988
2001,3,25,26.944444444444446,26.944444444444446,0.0,26.944444444444446,0.0,71.99115
2001,3,26,27.77777777777778,27.77777777777778,0.0,27.77777777777778,0.0,71.31784999999999
2001,3,27,27.5,27.5,0.0,27.5,0.0,73.057
2001,3,28,26.666666666666668,26.666666666666668,0.0,26.666666666666668,0.0,75.92345
2001,3,29,27.222222222222225,27.222222222222225,0.0,27.222222222222225,0.0,73.78975
2001,3,30,26.666666666666668,26.666666666666668,0.0,26.666666666666668,0.0,76.87085
2001,3,31,26.944444444444446,26.944444444444446,0.508,26.944444444444446,0.0508,71.95485
2001,4,1,27.5,27.5,0.0,27.5,0.0,67.8573165
2001,4,2,26.97222222222222,26.97222222222222,0.0,26.97222222222222,0.0,70.543655
2001,4,3,26.416666666666668,26.416666666666668,0.0,26.416666666666668,0.0,74.931857
2001,4,4,25.58333333333333,25.58333333333333,4.064,25.58333333333333,0.4064,78.70610500000001
2001,4,5,25.61111111111111,25.61111111111111,0.7619999999999999,25.61111111111111,0.07619999999999999,82.08170000000001
2001,4,6,26.80555555555556,26.80555555555556,0.0,26.80555555555556,0.0,75.856257
2001,4,7,26.19444444444445,26.19444444444445,1.5239999999999998,26.19444444444445,0.15239999999999998,87.5333575
2001,4,8,26.500000000000004,26.500000000000004,0.508,26.500000000000004,0.0508,81.124015
2001,4,9,26.72222222222222,26.72222222222222,0.0,26.72222222222222,0.0,68.3614875
2001,4,10,26.0,26.0,0.0,26.0,0.0,68.34182
2001,4,11,26.944444444444446,26.944444444444446,6.095999999999999,26.944444444444446,0.6095999999999999,72.313185
2001,4,12,26.222222222222225,26.222222222222225,1.5239999999999998,26.222222222222225,0.15239999999999998,78.4587425
2001,4,13,26.944444444444446,26.944444444444446,0.508,26.944444444444446,0.0508,78.70610500000001
2001,4,14,26.38888888888889,26.38888888888889,0.0,26.38888888888889,0.0,73.053056
2001,4,15,26.11111111111111,26.11111111111111,0.0,26.11111111111111,0.0,74.69165799999999
2001,4,16,27.611111111111114,27.611111111111114,0.0,27.611111111111114,0.0,64.08459450000001
2001,4,17,28.277777777777786,28.277777777777786,0.0,28.277777777777786,0.0,67.314416
2001,4,18,28.027777777777786,28.027777777777786,0.0,28.027777777777786,0.0,67.972275
2001,4,19,28.333333333333336,28.333333333333336,0.0,28.333333333333336,0.0,68.3422685
2001,4,20,27.555555555555557,27.555555555555557,0.254,27.555555555555557,0.0254,77.491784
2001,4,21,25.0,25.0,9.143999999999998,25.0,0.9143999999999999,88.18066
2001,4,22,26.38888888888889,26.38888888888889,10.16,26.38888888888889,1.016,83.572985
2001,4,23,26.38888888888889,26.38888888888889,1.016,26.38888888888889,0.1016,76.99895699999999
2001,4,24,26.11111111111111,26.11111111111111,4.826,26.11111111111111,0.4826,79.067815
2001,4,25,26.38888888888889,26.38888888888889,0.508,26.38888888888889,0.0508,80.015217
2001,4,26,26.944444444444446,26.944444444444446,0.254,26.944444444444446,0.0254,78.01595499999999
2001,4,27,26.666666666666668,26.666666666666668,0.0,26.666666666666668,0.0,75.16130000000001
2001,4,28,26.944444444444446,26.944444444444446,0.0,26.944444444444446,0.0,76.821405
2001,4,29,27.25,27.25,0.508,27.25,0.0508,75.959755
2001,4,30,26.944444444444446,26.944444444444446,8.128,26.944444444444446,0.8128,81.5711325
2001,5,1,25.833333333333336,25.833333333333336,30.988,25.833333333333336,3.0987999999999998,88.18066
2001,5,2,28.11111111111111,28.11111111111111,0.0,28.11111111111111,0.0,73.190181
2001,5,3,27.750000000000004,27.750000000000004,0.0,27.750000000000004,0.0,76.8091135
2001,5,4,28.30555555555556,28.30555555555556,0.0,28.30555555555556,0.0,74.599776
2001,5,5,28.88888888888889,28.88888888888889,0.0,28.88888888888889,0.0,72.1508085
2001,5,6,26.944444444444446,26.944444444444446,20.574000000000005,26.944444444444446,2.0574000000000003,80.439995
2001,5,7,26.083333333333336,26.083333333333336,12.7,26.083333333333336,1.27,85.891018
2001,5,8,27.194444444444446,27.194444444444446,59.69,27.194444444444446,5.968999999999999,91.19525
2001,5,9,27.194444444444446,27.194444444444446,0.7619999999999999,27.194444444444446,0.07619999999999999,89.749363
2001,5,10,28.277777777777786,28.277777777777786,0.0,28.277777777777786,0.0,83.122017
2001,5,11,28.666666666666664,28.666666666666664,0.0,28.666666666666664,0.0,79.6255305
2001,5,12,28.11111111111111,28.11111111111111,0.0,28.11111111111111,0.0,79.33809500000001
2001,5,13,27.750000000000004,27.750000000000004,0.0,27.750000000000004,0.0,81.604908
2001,5,14,28.05555555555556,28.05555555555556,0.0,28.05555555555556,0.0,75.503
2001,5,15,28.83333333333334,28.83333333333334,0.0,28.83333333333334,0.0,72.79055500000001
2001,5,16,29.444444444444446,29.444444444444446,0.0,29.444444444444446,0.0,71.22825
2001,5,17,29.63888888888889,29.63888888888889,0.0,29.63888888888889,0.0,72.6381535
2001,5,18,28.583333333333336,28.583333333333336,6.604,28.583333333333336,0.6604,80.802948
2001,5,19,28.583333333333336,28.583333333333336,0.0,28.583333333333336,0.0,77.85909
2001,5,20,28.027777777777786,28.027777777777786,0.0,28.027777777777786,0.0,75.63242500000001
2001,5,21,28.333333333333336,28.333333333333336,0.7619999999999999,28.333333333333336,0.07619999999999999,76.360138
2001,5,22,27.805555555555557,27.805555555555557,4.826,27.805555555555557,0.4826,89.82317
2001,5,23,28.05555555555556,28.05555555555556,0.0,28.05555555555556,0.0,83.133938
2001,5,24,29.166666666666668,29.166666666666668,0.254,29.166666666666668,0.0254,75.97415
2001,5,25,28.61111111111111,28.61111111111111,0.0,28.61111111111111,0.0,72.89635
2001,5,26,28.5,28.5,3.556,28.5,0.3556,79.768545
2001,5,27,28.333333333333336,28.333333333333336,0.0,28.333333333333336,0.0,82.001575
2001,5,28,28.88888888888889,28.88888888888889,7.874,28.88888888888889,0.7874,79.70824
2001,5,29,28.61111111111111,28.61111111111111,0.254,28.61111111111111,0.0254,76.690852
2001,5,30,27.555555555555557,27.555555555555557,0.254,27.555555555555557,0.0254,80.833495
2001,5,31,28.36111111111111,28.36111111111111,0.7619999999999999,28.36111111111111,0.07619999999999999,76.6955675
2001,6,1,26.944444444444446,26.944444444444446,5.334,26.944444444444446,0.5334,88.34806499999999
2001,6,2,28.333333333333336,28.333333333333336,0.0,28.333333333333336,0.0,76.012576
2001,6,3,28.05555555555556,28.05555555555556,0.0,28.05555555555556,0.0,75.828184
2001,6,4,28.36111111111111,28.36111111111111,0.0,28.36111111111111,0.0,76.34184
2001,6,5,26.666666666666668,26.666666666666668,18.796,26.666666666666668,1.8796,84.41178500000001
2001,6,6,28.000000000000004,28.000000000000004,0.0,28.000000000000004,0.0,73.9894135
2001,6,7,28.05555555555556,28.05555555555556,1.5239999999999998,28.05555555555556,0.15239999999999998,80.31111
2001,6,8,29.111111111111114,29.111111111111114,0.254,29.111111111111114,0.0254,76.8091135
2001,6,9,29.166666666666668,29.166666666666668,0.0,29.166666666666668,0.0,70.93580850000001
2001,6,10,29.94444444444445,29.94444444444445,0.0,29.94444444444445,0.0,55.84785
2001,6,11,28.61111111111111,28.61111111111111,0.0,28.61111111111111,0.0,67.42352249999999
2001,6,12,28.05555555555556,28.05555555555556,0.0,28.05555555555556,0.0,72.5990975
2001,6,13,27.5,27.5,2.2859999999999996,27.5,0.22859999999999997,77.22476
2001,6,14,27.861111111111114,27.861111111111114,0.0,27.861111111111114,0.0,71.15051
2001,6,15,27.750000000000004,27.750000000000004,0.0,27.750000000000004,0.0,71.68614149999999
2001,6,16,27.805555555555557,27.805555555555557,0.0,27.805555555555557,0.0,70.9236
2001,6,17,27.194444444444446,27.194444444444446,0.0,27.194444444444446,0.0,77.986357
2001,6,18,27.944444444444443,27.944444444444443,0.0,27.944444444444443,0.0,77.3590415
2001,6,19,27.805555555555557,27.805555555555557,0.0,27.805555555555557,0.0,73.9380495
2001,6,20,29.63888888888889,29.63888888888889,0.0,29.63888888888889,0.0,70.37702250000001
2001,6,21,29.111111111111114,29.111111111111114,0.0,29.111111111111114,0.0,74.6505205
2001,6,22,29.111111111111114,29.111111111111114,0.0,29.111111111111114,0.0,76.26603
2001,6,23,28.36111111111111,28.36111111111111,2.54,28.36111111111111,0.254,75.055654
2001,6,24,28.05555555555556,28.05555555555556,6.095999999999999,28.05555555555556,0.6095999999999999,76.653773
2001,6,25,28.000000000000004,28.000000000000004,2.54,28.000000000000004,0.254,77.72606
2001,6,26,28.88888888888889,28.88888888888889,0.0,28.88888888888889,0.0,74.364998
2001,6,27,28.36111111111111,28.36111111111111,1.016,28.36111111111111,0.1016,74.5291065
2001,6,28,27.750000000000004,27.750000000000004,0.0,27.750000000000004,0.0,75.36515
2001,6,29,28.30555555555556,28.30555555555556,0.0,28.30555555555556,0.0,73.191018
2001,6,30,27.194444444444446,27.194444444444446,1.5239999999999998,27.194444444444446,0.15239999999999998,79.194665
2001,7,1,27.555555555555557,27.555555555555557,5.334,27.555555555555557,0.5334,77.0254185
2001,7,2,29.277777777777786,29.277777777777786,0.254,29.277777777777786,0.0254,73.735987
2001,7,3,28.861111111111107,28.861111111111107,0.0,28.861111111111107,0.0,73.91401350000001
2001,7,4,27.5,27.5,18.541999999999998,27.5,1.8541999999999998,79.08251
2001,7,5,27.944444444444443,27.944444444444443,1.5239999999999998,27.944444444444443,0.15239999999999998,73.3752765
2001,7,6,28.36111111111111,28.36111111111111,0.0,28.36111111111111,0.0,75.13714250000001
2001,7,7,28.666666666666664,28.666666666666664,0.0,28.666666666666664,0.0,76.38928250000001
2001,7,8,28.77777777777778,28.77777777777778,0.0,28.77777777777778,0.0,72.8519065
2001,7,9,28.333333333333336,28.333333333333336,0.0,28.333333333333336,0.0,71.7874775
2001,7,10,27.555555555555557,27.555555555555557,4.064,27.555555555555557,0.4064,77.532665
2001,7,11,27.861111111111114,27.861111111111114,0.254,27.861111111111114,0.0254,76.082189
2001,7,12,28.05555555555556,28.05555555555556,2.2859999999999996,28.05555555555556,0.22859999999999997,77.70896
2001,7,13,27.5,27.5,3.556,27.5,0.3556,74.839636
2001,7,14,28.61111111111111,28.61111111111111,0.0,28.61111111111111,0.0,70.5172925
2001,7,15,28.88888888888889,28.88888888888889,0.254,28.88888888888889,0.0254,69.991895
2001,7,16,28.30555555555556,28.30555555555556,0.0,28.30555555555556,0.0,74.240125
2001,7,17,29.5,29.5,0.0,29.5,0.0,65.054227
2001,7,18,27.5,27.5,2.032,27.5,0.2032,77.70896
2001,7,19,28.61111111111111,28.61111111111111,0.0,28.61111111111111,0.0,70.679069
2001,7,20,28.61111111111111,28.61111111111111,0.0,28.61111111111111,0.0,72.787045
2001,7,21,29.055555555555557,29.055555555555557,0.0,29.055555555555557,0.0,73.262204
2001,7,22,28.36111111111111,28.36111111111111,2.032,28.36111111111111,0.2032,73.8771
2001,7,23,28.500000000000007,28.500000000000007,0.508,28.500000000000007,0.0508,73.262416
2001,7,24,28.61111111111111,28.61111111111111,0.0,28.61111111111111,0.0,74.00652500000001
2001,7,25,28.77777777777778,28.77777777777778,1.016,28.77777777777778,0.1016,73.86
2001,7,26,27.861111111111114,27.861111111111114,15.239999999999998,27.861111111111114,1.5239999999999998,75.84065
2001,7,27,28.5,28.5,0.0,28.5,0.0,72.702795
2001,7,28,28.61111111111111,28.61111111111111,0.0,28.61111111111111,0.0,72.7168115
2001,7,29,26.38888888888889,26.38888888888889,29.464,26.38888888888889,2.9463999999999997,82.057335
2001,7,30,27.5,27.5,0.254,27.5,0.0254,80.14740499999999
2001,7,31,27.750000000000004,27.750000000000004,4.3180000000000005,27.750000000000004,0.4318000000000001,76.674938
2001,8,1,28.05555555555556,28.05555555555556,5.334,28.05555555555556,0.5334,76.8294635
2001,8,2,27.44444444444445,27.44444444444445,18.287999999999997,27.44444444444445,1.8287999999999998,79.93672000000001
2001,8,3,27.750000000000004,27.750000000000004,0.0,27.750000000000004,0.0,79.93672000000001
2001,8,4,28.61111111111111,28.61111111111111,0.508,28.61111111111111,0.0508,77.82218
2001,8,5,28.88888888888889,28.88888888888889,0.508,28.88888888888889,0.0508,77.351925
2001,8,6,27.25,27.25,20.065999999999995,27.25,2.0065999999999997,83.059172
2001,8,7,28.88888888888889,28.88888888888889,0.7619999999999999,28.88888888888889,0.07619999999999999,78.2330965
2001,8,8,28.55555555555556,28.55555555555556,0.0,28.55555555555556,0.0,77.6373225
2001,8,9,28.36111111111111,28.36111111111111,1.27,28.36111111111111,0.127,77.86162300000001
2001,8,10,28.36111111111111,28.36111111111111,3.8099999999999996,28.36111111111111,0.38099999999999995,80.01218800000001
2001,8,11,28.333333333333336,28.333333333333336,11.684,28.333333333333336,1.1683999999999999,82.13809499999999
2001,8,12,28.88888888888889,28.88888888888889,0.7619999999999999,28.88888888888889,0.07619999999999999,76.486542
2001,8,13,28.88888888888889,28.88888888888889,3.556,28.88888888888889,0.3556,76.7758325
2001,8,14,28.333333333333336,28.333333333333336,0.0,28.333333333333336,0.0,76.003625
2001,8,15,29.33333333333333,29.33333333333333,0.0,29.33333333333333,0.0,76.43619000000001
2001,8,16,29.055555555555557,29.055555555555557,0.0,29.055555555555557,0.0,78.635568
2001,8,17,28.63888888888889,28.63888888888889,1.778,28.63888888888889,0.1778,82.001575
2001,8,18,29.444444444444446,29.444444444444446,0.0,29.444444444444446,0.0,77.74641
2001,8,19,28.88888888888889,28.88888888888889,0.0,28.88888888888889,0.0,75.7299065
2001,8,20,29.277777777777786,29.277777777777786,0.0,29.277777777777786,0.0,67.37738999999999
2001,8,21,28.61111111111111,28.61111111111111,2.54,28.61111111111111,0.254,74.1247065
2001,8,22,26.944444444444446,26.944444444444446,49.529999999999994,26.944444444444446,4.952999999999999,82.7900925
2001,8,23,28.11111111111111,28.11111111111111,3.302,28.11111111111111,0.3302,74.564538
2001,8,24,28.88888888888889,28.88888888888889,0.0,28.88888888888889,0.0,75.7093065
2001,8,25,28.61111111111111,28.61111111111111,0.254,28.61111111111111,0.0254,72.436331
2001,8,26,28.61111111111111,28.61111111111111,0.0,28.61111111111111,0.0,71.589656
2001,8,27,27.944444444444443,27.944444444444443,9.398,27.944444444444443,0.9398,75.6602635
2001,8,28,26.666666666666668,26.666666666666668,9.652,26.666666666666668,0.9652,84.325695
2001,8,29,28.36111111111111,28.36111111111111,17.525999999999996,28.36111111111111,1.7525999999999997,78.7174335
2001,8,30,28.63888888888889,28.63888888888889,0.7619999999999999,28.63888888888889,0.07619999999999999,75.848784
2001,8,31,28.61111111111111,28.61111111111111,0.0,28.61111111111111,0.0,74.1737565
2001,9,1,26.500000000000004,26.500000000000004,22.351999999999997,26.500000000000004,2.2352,83.080337
2001,9,2,28.05555555555556,28.05555555555556,2.54,28.05555555555556,0.254,77.3474215
2001,9,3,27.805555555555557,27.805555555555557,1.27,27.805555555555557,0.127,80.53061
2001,9,4,28.000000000000004,28.000000000000004,2.2859999999999996,28.000000000000004,0.22859999999999997,79.202301
2001,9,5,28.11111111111111,28.11111111111111,0.0,28.11111111111111,0.0,77.942365
2001,9,6,28.666666666666664,28.666666666666664,0.0,28.666666666666664,0.0,77.16421249999999
2001,9,7,29.0,29.0,0.0,29.0,0.0,73.002384
2001,9,8,28.05555555555556,28.05555555555556,0.0,28.05555555555556,0.0,74.240125
2001,9,9,28.194444444444446,28.194444444444446,0.508,28.194444444444446,0.0508,74.4571365
2001,9,10,28.88888888888889,28.88888888888889,0.7619999999999999,28.88888888888889,0.07619999999999999,76.126518
2001,9,11,28.05555555555556,28.05555555555556,2.032,28.05555555555556,0.2032,74.83096
2001,9,12,27.750000000000004,27.750000000000004,19.558,27.750000000000004,1.9558,74.481664
2001,9,13,27.44444444444445,27.44444444444445,4.571999999999999,27.44444444444445,0.45719999999999994,74.1332125
2001,9,14,28.583333333333336,28.583333333333336,2.032,28.583333333333336,0.2032,72.2641785
2001,9,15,28.30555555555556,28.30555555555556,15.748,28.30555555555556,1.5748,76.8935465
2001,9,16,28.05555555555556,28.05555555555556,0.0,28.05555555555556,0.0,76.637665
2001,9,17,28.666666666666664,28.666666666666664,20.065999999999995,28.666666666666664,2.0065999999999997,77.9947925
2001,9,18,27.750000000000004,27.750000000000004,5.842,27.750000000000004,0.5841999999999999,78.908075
2001,9,19,29.000000000000004,29.000000000000004,0.0,29.000000000000004,0.0,72.91345
2001,9,20,27.750000000000004,27.750000000000004,0.0,27.750000000000004,0.0,71.68614149999999
2001,9,21,28.05555555555556,28.05555555555556,1.016,28.05555555555556,0.1016,75.3712625
2001,9,22,27.44444444444445,27.44444444444445,4.571999999999999,27.44444444444445,0.45719999999999994,78.01595499999999
2001,9,23,28.11111111111111,28.11111111111111,0.254,28.11111111111111,0.0254,78.31675200000001
2001,9,24,27.750000000000004,27.750000000000004,4.064,27.750000000000004,0.4064,74.728918
2001,9,25,28.583333333333336,28.583333333333336,0.0,28.583333333333336,0.0,75.7093065
2001,9,26,28.916666666666668,28.916666666666668,0.7619999999999999,28.916666666666668,0.07619999999999999,74.410229
2001,9,27,27.5,27.5,5.842,27.5,0.5841999999999999,79.35196
2001,9,28,29.166666666666668,29.166666666666668,0.0,29.166666666666668,0.0,67.47783000000001
2001,9,29,29.694444444444446,29.694444444444446,0.0,29.694444444444446,0.0,66.36101500000001
2001,9,30,30.194444444444443,30.194444444444443,0.0,30.194444444444443,0.0,70.0408975
2001,10,1,30.305555555555557,30.305555555555557,0.0,30.305555555555557,0.0,67.149985
2001,10,2,29.972222222222225,29.972222222222225,0.0,29.972222222222225,0.0,68.23807
2001,10,3,27.5,27.5,9.906,27.5,0.9906,77.976243
2001,10,4,27.5,27.5,9.398,27.5,0.9398,80.53721
2001,10,5,28.05555555555556,28.05555555555556,4.3180000000000005,28.05555555555556,0.4318000000000001,78.3813825
2001,10,6,29.5,29.5,0.0,29.5,0.0,71.911855
2001,10,7,28.61111111111111,28.61111111111111,4.3180000000000005,28.61111111111111,0.4318000000000001,76.8091135
2001,10,8,28.05555555555556,28.05555555555556,4.064,28.05555555555556,0.4064,79.26016999999999
2001,10,9,28.05555555555556,28.05555555555556,0.508,28.05555555555556,0.0508,78.6962685
2001,10,10,27.555555555555557,27.555555555555557,2.2859999999999996,27.555555555555557,0.22859999999999997,77.669865
2001,10,11,27.25,27.25,1.27,27.25,0.127,79.11955499999999
2001,10,12,27.05555555555556,27.05555555555556,0.0,27.05555555555556,0.0,78.3418675
2001,10,13,27.05555555555556,27.05555555555556,26.924,27.05555555555556,2.6924,81.655983
2001,10,14,26.666666666666668,26.666666666666668,7.619999999999999,26.666666666666668,0.7619999999999999,77.563405
2001,10,15,24.75,24.75,24.892,24.75,2.4892,88.84663499999999
2001,10,16,26.944444444444446,26.944444444444446,0.254,26.944444444444446,0.0254,79.312445
2001,10,17,27.5,27.5,2.54,27.5,0.254,79.987795
2001,10,18,27.555555555555557,27.555555555555557,5.842,27.555555555555557,0.5841999999999999,76.187273
2001,10,19,27.555555555555557,27.555555555555557,0.0,27.555555555555557,0.0,77.5883975
2001,10,20,28.88888888888889,28.88888888888889,0.0,28.88888888888889,0.0,73.37225
2001,10,21,28.36111111111111,28.36111111111111,5.587999999999999,28.36111111111111,0.5588,77.97444250000001
2001,10,22,28.05555555555556,28.05555555555556,0.7619999999999999,28.05555555555556,0.07619999999999999,78.3611
2001,10,23,27.555555555555557,27.555555555555557,2.2859999999999996,27.555555555555557,0.22859999999999997,78.4211485
2001,10,24,28.333333333333336,28.333333333333336,0.0,28.333333333333336,0.0,76.637665
2001,10,25,27.750000000000004,27.750000000000004,3.556,27.750000000000004,0.3556,77.89405500000001
2001,10,26,28.05555555555556,28.05555555555556,0.7619999999999999,28.05555555555556,0.07619999999999999,76.7383825
2001,10,27,28.05555555555556,28.05555555555556,0.0025399999999999997,28.05555555555556,0.000254,75.4248935
2001,10,28,27.555555555555557,27.555555555555557,3.556,27.555555555555557,0.3556,75.959755
2001,10,29,27.555555555555557,27.555555555555557,1.016,27.555555555555557,0.1016,73.8588725
2001,10,30,26.11111111111111,26.11111111111111,0.0,26.11111111111111,0.0,78.5887585
2001,10,31,20.0,20.0,0.0,20.0,0.0,81.326905
2001,11,1,26.944444444444446,26.944444444444446,0.0,26.944444444444446,0.0,80.62367499999999
2001,11,2,26.11111111111111,26.11111111111111,0.0,26.11111111111111,0.0,82.61529999999999
2001,11,3,26.083333333333336,26.083333333333336,28.194000000000003,26.083333333333336,2.8194000000000004,88.53399999999999
2001,11,4,26.944444444444446,26.944444444444446,2.7939999999999996,26.944444444444446,0.2794,86.15107
2001,11,5,26.80555555555556,26.80555555555556,4.064,26.80555555555556,0.4064,84.2975
2001,11,6,29.66666666666667,29.66666666666667,0.0025399999999999997,29.66666666666667,0.000254,72.04787350000001
2001,11,7,26.72222222222222,26.72222222222222,53.848,26.72222222222222,5.3848,87.05745
2001,11,8,26.000000000000007,26.000000000000007,14.477999999999998,26.000000000000007,1.4477999999999998,82.7876
2001,11,9,25.0,25.0,23.113999999999997,25.0,2.3114,83.352285
2001,11,10,25.111111111111114,25.111111111111114,4.571999999999999,25.111111111111114,0.45719999999999994,79.409504
2001,11,11,26.38888888888889,26.38888888888889,0.0025399999999999997,26.38888888888889,0.000254,82.0358775
2001,11,12,26.944444444444446,26.944444444444446,0.0,26.944444444444446,0.0,81.44511
2001,11,13,26.500000000000004,26.500000000000004,14.732,26.500000000000004,1.4731999999999998,80.91996
2001,11,14,26.944444444444446,26.944444444444446,0.0,26.944444444444446,0.0,81.61693
2001,11,15,26.944444444444446,26.944444444444446,0.0,26.944444444444446,0.0,82.83891
2001,11,16,26.11111111111111,26.11111111111111,0.0,26.11111111111111,0.0,80.35775000000001
2001,11,17,26.666666666666668,26.666666666666668,0.0,26.666666666666668,0.0,80.22120000000001
2001,11,18,27.555555555555557,27.555555555555557,0.254,27.555555555555557,0.0254,75.30663200000001
2001,11,19,26.38888888888889,26.38888888888889,0.254,26.38888888888889,0.0254,73.52443500000001
2001,11,20,26.361111111111114,26.361111111111114,0.0,26.361111111111114,0.0,75.92089
2001,11,21,26.11111111111111,26.11111111111111,0.0,26.11111111111111,0.0,78.1462125
2001,11,22,26.666666666666668,26.666666666666668,0.0,26.666666666666668,0.0,79.05865
2001,11,23,26.72222222222222,26.72222222222222,1.016,26.72222222222222,0.1016,75.601414
2001,11,24,26.72222222222222,26.72222222222222,0.7619999999999999,26.72222222222222,0.07619999999999999,66.9225975
2001,11,25,25.833333333333336,25.833333333333336,1.778,25.833333333333336,0.1778,74.362919
2001,11,26,26.11111111111111,26.11111111111111,0.7619999999999999,26.11111111111111,0.07619999999999999,60.79998500000001
2001,11,27,24.111111111111114,24.111111111111114,7.874,24.111111111111114,0.7874,78.0635635
2001,11,28,26.11111111111111,26.11111111111111,0.0,26.11111111111111,0.0,61.849672
2001,11,29,25.0,25.0,10.668,25.0,1.0668,75.16935000000001
2001,11,30,24.5,24.5,0.0025399999999999997,24.5,0.000254,70.277435
2001,12,1,25.833333333333336,25.833333333333336,0.0,25.833333333333336,0.0,68.07558
2001,12,2,26.11111111111111,26.11111111111111,18.796,26.11111111111111,1.8796,84.82054500000001
2001,12,3,26.11111111111111,26.11111111111111,4.826,26.11111111111111,0.4826,87.21264500000001
2001,12,4,26.222222222222225,26.222222222222225,19.558,26.222222222222225,1.9558,89.708782
2001,12,5,26.222222222222225,26.222222222222225,38.099999999999994,26.222222222222225,3.8099999999999996,88.45168000000001
2001,12,6,26.944444444444446,26.944444444444446,1.27,26.944444444444446,0.127,79.9109
2001,12,7,25.88888888888889,25.88888888888889,22.351999999999997,25.88888888888889,2.2352,87.16454999999999
2001,12,8,26.000000000000007,26.000000000000007,1.27,26.000000000000007,0.127,80.64449
2001,12,9,26.11111111111111,26.11111111111111,0.0025399999999999997,26.11111111111111,0.000254,81.78157250000001
2001,12,10,26.666666666666668,26.666666666666668,5.08,26.666666666666668,0.508,87.21264500000001
2001,12,11,25.80555555555556,25.80555555555556,7.366,25.80555555555556,0.7365999999999999,89.633785
2001,12,12,26.361111111111114,26.361111111111114,21.843999999999998,26.361111111111114,2.1843999999999997,84.76425
2001,12,13,26.166666666666664,26.166666666666664,3.8099999999999996,26.166666666666664,0.38099999999999995,75.835785
2001,12,14,25.666666666666668,25.666666666666668,0.7619999999999999,25.666666666666668,0.07619999999999999,85.79344
2001,12,15,23.88888888888889,23.88888888888889,29.464,23.88888888888889,2.9463999999999997,93.75215
2001,12,16,25.527777777777786,25.527777777777786,11.175999999999998,25.527777777777786,1.1176,92.32087
2001,12,17,25.833333333333336,25.833333333333336,5.842,25.833333333333336,0.5841999999999999,91.77513
2001,12,18,26.11111111111111,26.11111111111111,5.334,26.11111111111111,0.5334,89.67479
2001,12,19,26.638888888888893,26.638888888888893,0.0,26.638888888888893,0.0,88.6155
2001,12,20,26.944444444444446,26.944444444444446,0.0,26.944444444444446,0.0,87.136267
2001,12,21,25.666666666666668,25.666666666666668,18.796,25.666666666666668,1.8796,91.830885
2001,12,22,24.444444444444446,24.444444444444446,69.08800000000001,24.444444444444446,6.908800000000001,90.7485925
2001,12,23,24.444444444444446,24.444444444444446,12.7,24.444444444444446,1.27,88.23830000000001
2001,12,24,25.111111111111114,25.111111111111114,0.254,25.111111111111114,0.0254,78.604782
2001,12,25,24.277777777777786,24.277777777777786,0.0,24.277777777777786,0.0,81.64228
2001,12,26,24.722222222222225,24.722222222222225,0.0,24.722222222222225,0.0,81.788712
2001,12,27,25.55555555555556,25.55555555555556,0.0,25.55555555555556,0.0,82.56345
2001,12,28,25.27777777777778,25.27777777777778,0.0,25.27777777777778,0.0,84.76425
2001,12,29,25.27777777777778,25.27777777777778,0.254,25.27777777777778,0.0254,79.5811875
2001,12,30,24.77777777777777,24.77777777777777,0.254,24.77777777777777,0.0254,87.21264500000001
2001,12,31,26.000000000000007,26.000000000000007,1.27,26.000000000000007,0.127,85.891018
2002,1,1,25.55555555555556,25.55555555555556,0.0,25.55555555555556,0.0,85.4302775
2002,1,2,25.55555555555556,25.55555555555556,0.0,25.55555555555556,0.0,84.86722499999999
2002,1,3,25.55555555555556,25.55555555555556,0.0025399999999999997,25.55555555555556,0.000254,82.962523
2002,1,4,25.55555555555556,25.55555555555556,0.0,25.55555555555556,0.0,85.58274
2002,1,5,25.388888888888893,25.388888888888893,3.0479999999999996,25.388888888888893,0.30479999999999996,87.831257
2002,1,6,25.111111111111114,25.111111111111114,10.668,25.111111111111114,1.0668,89.38085000000001
2002,1,7,25.55555555555556,25.55555555555556,0.0,25.55555555555556,0.0,87.121685
2002,1,8,25.27777777777778,25.27777777777778,0.508,25.27777777777778,0.0508,88.264785
2002,1,9,25.0,25.0,0.254,25.0,0.0254,89.633785
2002,1,10,25.0,25.0,0.7619999999999999,25.0,0.07619999999999999,85.79344
2002,1,11,25.0,25.0,0.7619999999999999,25.0,0.07619999999999999,84.71715
2002,1,12,25.27777777777778,25.27777777777778,0.0025399999999999997,25.27777777777778,0.000254,85.59547
2002,1,13,25.55555555555556,25.55555555555556,0.0025399999999999997,25.55555555555556,0.000254,85.06117
2002,1,14,26.222222222222225,26.222222222222225,0.254,26.222222222222225,0.0254,87.16454999999999
2002,1,15,26.666666666666668,26.666666666666668,0.0025399999999999997,26.666666666666668,0.000254,77.941745
2002,1,16,26.666666666666668,26.666666666666668,0.0025399999999999997,26.666666666666668,0.000254,74.7667
2002,1,17,26.944444444444446,26.944444444444446,0.0,26.944444444444446,0.0,72.153855
2002,1,18,25.55555555555556,25.55555555555556,12.191999999999998,25.55555555555556,1.2191999999999998,84.19319
2002,1,19,26.11111111111111,26.11111111111111,4.826,26.11111111111111,0.4826,78.4373475
2002,1,20,25.55555555555556,25.55555555555556,1.778,25.55555555555556,0.1778,77.570945
2002,1,21,26.11111111111111,26.11111111111111,0.254,26.11111111111111,0.0254,75.76860500000001
2002,1,22,26.11111111111111,26.11111111111111,3.0479999999999996,26.11111111111111,0.30479999999999996,77.901605
2002,1,23,26.666666666666668,26.666666666666668,0.0025399999999999997,26.666666666666668,0.000254,69.593399
2002,1,24,25.27777777777778,25.27777777777778,8.636000000000001,25.27777777777778,0.8636000000000001,83.0637175
2002,1,25,25.55555555555556,25.55555555555556,4.571999999999999,25.55555555555556,0.45719999999999994,78.86447
2002,1,26,26.11111111111111,26.11111111111111,2.032,26.11111111111111,0.2032,80.76901
2002,1,27,25.55555555555556,25.55555555555556,0.0025399999999999997,25.55555555555556,0.000254,75.969027
2002,1,28,25.0,25.0,15.494,25.0,1.5493999999999999,81.5352675
2002,1,29,24.444444444444446,24.444444444444446,0.508,24.444444444444446,0.0508,74.89779899999999
2002,1,30,25.55555555555556,25.55555555555556,1.016,25.55555555555556,0.1016,80.48963499999999
2002,1,31,24.722222222222225,24.722222222222225,9.398,24.722222222222225,0.9398,81.76726
2002,2,1,25.61111111111111,25.61111111111111,3.302,25.61111111111111,0.3302,78.4373475
2002,2,2,25.27777777777778,25.27777777777778,0.0025399999999999997,25.27777777777778,0.000254,75.4508375
2002,2,3,24.722222222222225,24.722222222222225,6.858,24.722222222222225,0.6858,81.546235
2002,2,4,24.444444444444446,24.444444444444446,0.0,24.444444444444446,0.0,78.852123
2002,2,5,24.277777777777786,24.277777777777786,0.0025399999999999997,24.277777777777786,0.000254,79.621017
2002,2,6,25.80555555555556,25.80555555555556,1.778,25.80555555555556,0.1778,78.3384615
2002,2,7,25.55555555555556,25.55555555555556,1.016,25.55555555555556,0.1016,80.76901
2002,2,8,25.833333333333336,25.833333333333336,0.0,25.833333333333336,0.0,76.7148775
2002,2,9,25.0,25.0,0.0025399999999999997,25.0,0.000254,78.973919
2002,2,10,25.55555555555556,25.55555555555556,1.5239999999999998,25.55555555555556,0.15239999999999998,76.6394975
2002,2,11,26.11111111111111,26.11111111111111,0.254,26.11111111111111,0.0254,72.8358425
2002,2,12,25.27777777777778,25.27777777777778,0.0025399999999999997,25.27777777777778,0.000254,70.05380600000001
2002,2,13,25.55555555555556,25.55555555555556,0.7619999999999999,25.55555555555556,0.07619999999999999,80.51324
2002,2,14,25.55555555555556,25.55555555555556,0.254,25.55555555555556,0.0254,75.73230699999999
2002,2,15,25.833333333333336,25.833333333333336,5.334,25.833333333333336,0.5334,76.999465
2002,2,16,25.833333333333336,25.833333333333336,0.254,25.833333333333336,0.0254,78.68585
2002,2,17,26.38888888888889,26.38888888888889,0.0025399999999999997,26.38888888888889,0.000254,75.01185000000001
2002,2,18,26.11111111111111,26.11111111111111,0.0,26.11111111111111,0.0,80.23386500000001
2002,2,19,25.27777777777778,25.27777777777778,3.0479999999999996,25.27777777777778,0.30479999999999996,74.75627
2002,2,20,25.111111111111114,25.111111111111114,0.0,25.111111111111114,0.0,60.715271
2002,2,21,25.27777777777778,25.27777777777778,0.0,25.27777777777778,0.0,60.948677
2002,2,22,25.0,25.0,0.0025399999999999997,25.0,0.000254,66.5945335
2002,2,23,24.722222222222225,24.722222222222225,0.0025399999999999997,24.722222222222225,0.000254,71.863269
2002,2,24,25.55555555555556,25.55555555555556,0.254,25.55555555555556,0.0254,72.21583
2002,2,25,25.55555555555556,25.55555555555556,0.0,25.55555555555556,0.0,67.493315
2002,2,26,24.444444444444446,24.444444444444446,0.254,24.444444444444446,0.0254,78.12915799999999
2002,2,27,24.166666666666668,24.166666666666668,0.0,24.166666666666668,0.0,71.3194125
2002,2,28,24.722222222222225,24.722222222222225,0.0,24.722222222222225,0.0,69.474758
2002,3,1,26.11111111111111,26.11111111111111,0.0,26.11111111111111,0.0,69.673256
2002,3,2,26.444444444444443,26.444444444444443,0.0025399999999999997,26.444444444444443,0.000254,69.675155
2002,3,3,26.138888888888896,26.138888888888896,0.254,26.138888888888896,0.0254,69.1477825
2002,3,4,26.083333333333336,26.083333333333336,0.0,26.083333333333336,0.0,67.357711
2002,3,5,25.444444444444443,25.444444444444443,0.7619999999999999,25.444444444444443,0.07619999999999999,71.446425
2002,3,6,25.833333333333336,25.833333333333336,0.0025399999999999997,25.833333333333336,0.000254,63.12476
2002,3,7,25.55555555555556,25.55555555555556,0.254,25.55555555555556,0.0254,72.51701750000001
2002,3,8,25.55555555555556,25.55555555555556,8.636000000000001,25.55555555555556,0.8636000000000001,85.79344
2002,3,9,26.38888888888889,26.38888888888889,0.254,26.38888888888889,0.0254,81.89205000000001
2002,3,10,26.11111111111111,26.11111111111111,1.27,26.11111111111111,0.127,79.634955
2002,3,11,26.11111111111111,26.11111111111111,2.7939999999999996,26.11111111111111,0.2794,81.78157250000001
2002,3,12,25.833333333333336,25.833333333333336,0.254,25.833333333333336,0.0254,76.4572325
2002,3,13,26.38888888888889,26.38888888888889,2.032,26.38888888888889,0.2032,76.61761
2002,3,14,25.72222222222222,25.72222222222222,3.556,25.72222222222222,0.3556,74.880365
2002,3,15,24.77777777777777,24.77777777777777,0.254,24.77777777777777,0.0254,77.48581
2002,3,16,25.55555555555556,25.55555555555556,0.0025399999999999997,25.55555555555556,0.000254,73.82683
2002,3,17,25.444444444444443,25.444444444444443,0.0,25.444444444444443,0.0,75.728645
2002,3,18,26.444444444444443,26.444444444444443,0.254,26.444444444444443,0.0254,73.4978065
2002,3,19,25.666666666666668,25.666666666666668,0.0,25.666666666666668,0.0,71.0164825
2002,3,20,25.55555555555556,25.55555555555556,0.0025399999999999997,25.55555555555556,0.000254,61.355508
2002,3,21,26.38888888888889,26.38888888888889,0.254,26.38888888888889,0.0254,73.5812035
2002,3,22,26.38888888888889,26.38888888888889,0.254,26.38888888888889,0.0254,78.937342
2002,3,23,27.5,27.5,0.0,27.5,0.0,69.4281185
2002,3,24,28.05555555555556,28.05555555555556,0.0,28.05555555555556,0.0,68.075355
2002,3,25,27.77777777777778,27.77777777777778,0.0025399999999999997,27.77777777777778,0.000254,71.9299075
2002,3,26,26.38888888888889,26.38888888888889,0.254,26.38888888888889,0.0254,71.7129085
2002,3,27,26.666666666666668,26.666666666666668,2.7939999999999996,26.666666666666668,0.2794,76.7515945
2002,3,28,26.11111111111111,26.11111111111111,2.2859999999999996,26.11111111111111,0.22859999999999997,79.24573000000001
2002,3,29,25.88888888888889,25.88888888888889,0.0025399999999999997,25.88888888888889,0.000254,76.4572325
2002,3,30,25.27777777777778,25.27777777777778,2.2859999999999996,25.27777777777778,0.22859999999999997,79.52943
2002,3,31,26.38888888888889,26.38888888888889,0.0025399999999999997,26.38888888888889,0.000254,75.1129925
2002,4,1,26.80555555555556,26.80555555555556,0.0,26.80555555555556,0.0,74.24405
2002,4,2,27.5,27.5,0.0025399999999999997,27.5,0.000254,74.214025
2002,4,3,27.5,27.5,3.0479999999999996,27.5,0.30479999999999996,74.093405
2002,4,4,28.05555555555556,28.05555555555556,0.0025399999999999997,28.05555555555556,0.000254,70.3645415
2002,4,5,28.05555555555556,28.05555555555556,1.27,28.05555555555556,0.127,67.139378
2002,4,6,27.222222222222225,27.222222222222225,6.35,27.222222222222225,0.635,77.563405
2002,4,7,25.0,25.0,3.302,25.0,0.3302,82.30510699999999
2002,4,8,26.666666666666668,26.666666666666668,0.254,26.666666666666668,0.0254,68.04221799999999
2002,4,9,25.666666666666668,25.666666666666668,3.302,25.666666666666668,0.3302,69.45096000000001
2002,4,10,24.722222222222225,24.722222222222225,0.508,24.722222222222225,0.0508,67.002715
2002,4,11,25.666666666666668,25.666666666666668,0.0025399999999999997,25.666666666666668,0.000254,56.532584
2002,4,12,16.361111111111114,16.361111111111114,0.508,16.361111111111114,0.0508,65.6106
2002,4,13,25.833333333333336,25.833333333333336,0.0025399999999999997,25.833333333333336,0.000254,67.251636
2002,4,14,25.72222222222222,25.72222222222222,2.2859999999999996,25.72222222222222,0.22859999999999997,70.989744
2002,4,15,25.0,25.0,11.175999999999998,25.0,1.1176,84.104085
2002,4,16,25.55555555555556,25.55555555555556,9.652,25.55555555555556,0.9652,80.024355
2002,4,17,26.666666666666668,26.666666666666668,0.0025399999999999997,26.666666666666668,0.000254,74.735235
2002,4,18,25.833333333333336,25.833333333333336,0.0025399999999999997,25.833333333333336,0.000254,76.7515945
2002,4,19,26.11111111111111,26.11111111111111,0.7619999999999999,26.11111111111111,0.07619999999999999,76.7515945
2002,4,20,23.61111111111111,23.61111111111111,46.482,23.61111111111111,4.6482,89.3343
2002,4,21,25.27777777777778,25.27777777777778,12.7,25.27777777777778,1.27,84.550665
2002,4,22,26.944444444444446,26.944444444444446,0.0025399999999999997,26.944444444444446,0.000254,75.5297225
2002,4,23,26.666666666666668,26.666666666666668,1.016,26.666666666666668,0.1016,76.615052
2002,4,24,26.666666666666668,26.666666666666668,0.0,26.666666666666668,0.0,78.72278
2002,4,25,26.666666666666668,26.666666666666668,0.0,26.666666666666668,0.0,76.36358000000001
2002,4,26,26.083333333333336,26.083333333333336,1.778,26.083333333333336,0.1778,80.348533
2002,4,27,26.500000000000004,26.500000000000004,0.0,26.500000000000004,0.0,78.40533500000001
2002,4,28,26.666666666666668,26.666666666666668,1.27,26.666666666666668,0.127,72.82571
2002,4,29,26.11111111111111,26.11111111111111,6.35,26.11111111111111,0.635,76.7878925
2002,4,30,26.222222222222225,26.222222222222225,9.652,26.222222222222225,0.9652,79.987795
2002,5,1,26.500000000000004,26.500000000000004,36.321999999999996,26.500000000000004,3.6321999999999997,84.86722499999999
2002,5,2,26.72222222222222,26.72222222222222,1.778,26.72222222222222,0.1778,76.9411185
2002,5,3,26.666666666666668,26.666666666666668,1.778,26.666666666666668,0.1778,75.95054999999999
2002,5,4,26.222222222222225,26.222222222222225,0.254,26.222222222222225,0.0254,75.68163750000001
2002,5,5,26.11111111111111,26.11111111111111,1.778,26.11111111111111,0.1778,75.21928249999999
2002,5,6,26.38888888888889,26.38888888888889,4.826,26.38888888888889,0.4826,80.623095
2002,5,7,25.833333333333336,25.833333333333336,5.842,25.833333333333336,0.5841999999999999,80.76901
2002,5,8,25.833333333333336,25.833333333333336,2.7939999999999996,25.833333333333336,0.2794,77.4642
2002,5,9,25.55555555555556,25.55555555555556,2.54,25.55555555555556,0.254,78.6442875
2002,5,10,26.38888888888889,26.38888888888889,1.5239999999999998,26.38888888888889,0.15239999999999998,75.923457
2002,5,11,26.666666666666668,26.666666666666668,2.2859999999999996,26.666666666666668,0.22859999999999997,76.33748
2002,5,12,26.38888888888889,26.38888888888889,0.0,26.38888888888889,0.0,73.5590225
2002,5,13,26.666666666666668,26.666666666666668,0.508,26.666666666666668,0.0508,74.09236
2002,5,14,26.944444444444446,26.944444444444446,0.0,26.944444444444446,0.0,66.3155555
2002,5,15,27.222222222222225,27.222222222222225,0.0,27.222222222222225,0.0,74.80451
2002,5,16,28.05555555555556,28.05555555555556,0.7619999999999999,28.05555555555556,0.07619999999999999,76.653773
2002,5,17,27.222222222222225,27.222222222222225,1.778,27.222222222222225,0.1778,73.96295
2002,5,18,27.555555555555557,27.555555555555557,0.254,27.555555555555557,0.0254,72.897755
2002,5,19,28.333333333333336,28.333333333333336,0.0025399999999999997,28.333333333333336,0.000254,69.4861825
2002,5,20,28.333333333333336,28.333333333333336,0.0025399999999999997,28.333333333333336,0.000254,71.7874775
2002,5,21,28.61111111111111,28.61111111111111,0.0,28.61111111111111,0.0,71.845068
2002,5,22,28.05555555555556,28.05555555555556,0.0025399999999999997,28.05555555555556,0.000254,71.456462
2002,5,23,28.88888888888889,28.88888888888889,0.0025399999999999997,28.88888888888889,0.000254,67.837275
2002,5,24,28.88888888888889,28.88888888888889,0.0,28.88888888888889,0.0,70.527635
2002,5,25,28.333333333333336,28.333333333333336,0.0,28.333333333333336,0.0,68.6052775
2002,5,26,25.27777777777778,25.27777777777778,0.0,25.27777777777778,0.0,72.2322475
2002,5,27,27.222222222222225,27.222222222222225,3.0479999999999996,27.222222222222225,0.30479999999999996,72.996105
2002,5,28,27.5,27.5,1.5239999999999998,27.5,0.15239999999999998,72.402585
2002,5,29,28.333333333333336,28.333333333333336,0.0025399999999999997,28.333333333333336,0.000254,69.919127
2002,5,30,26.666666666666668,26.666666666666668,10.921999999999999,26.666666666666668,1.0921999999999998,81.30851
2002,5,31,28.05555555555556,28.05555555555556,0.0,28.05555555555556,0.0,75.3851435
2002,6,1,29.444444444444446,29.444444444444446,0.0025399999999999997,29.444444444444446,0.000254,68.817491
2002,6,2,29.66666666666667,29.66666666666667,0.0,29.66666666666667,0.0,66.36101500000001
2002,6,3,29.444444444444446,29.444444444444446,0.508,29.444444444444446,0.0508,69.27475
2002,6,4,27.77777777777778,27.77777777777778,2.54,27.77777777777778,0.254,76.5919375
2002,6,5,27.222222222222225,27.222222222222225,0.0025399999999999997,27.222222222222225,0.000254,78.0163125
2002,6,6,29.166666666666668,29.166666666666668,0.0,29.166666666666668,0.0,67.4554725
2002,6,7,28.61111111111111,28.61111111111111,0.0025399999999999997,28.61111111111111,0.000254,70.57507749999999
2002,6,8,28.88888888888889,28.88888888888889,2.032,28.88888888888889,0.2032,74.749518
2002,6,9,28.333333333333336,28.333333333333336,0.0,28.333333333333336,0.0,75.848784
2002,6,10,29.166666666666668,29.166666666666668,0.0025399999999999997,29.166666666666668,0.000254,68.15333000000001
2002,6,11,28.61111111111111,28.61111111111111,1.27,28.61111111111111,0.127,73.98942500000001
2002,6,12,28.05555555555556,28.05555555555556,2.54,28.05555555555556,0.254,79.35196
2002,6,13,28.61111111111111,28.61111111111111,0.254,28.61111111111111,0.0254,79.35196
2002,6,14,28.88888888888889,28.88888888888889,0.0025399999999999997,28.88888888888889,0.000254,73.96882500000001
2002,6,15,28.61111111111111,28.61111111111111,0.0,28.61111111111111,0.0,72.38888850000001
2002,6,16,29.166666666666668,29.166666666666668,0.508,29.166666666666668,0.0508,72.973876
2002,6,17,27.77777777777778,27.77777777777778,8.128,27.77777777777778,0.8128,79.35196
2002,6,18,27.222222222222225,27.222222222222225,6.35,27.222222222222225,0.635,78.578007
2002,6,19,27.77777777777778,27.77777777777778,0.7619999999999999,27.77777777777778,0.07619999999999999,77.76195
2002,6,20,27.222222222222225,27.222222222222225,7.366,27.222222222222225,0.7365999999999999,76.3210625
2002,6,21,26.666666666666668,26.666666666666668,10.413999999999998,26.666666666666668,1.0413999999999999,81.917335
2002,6,22,28.333333333333336,28.333333333333336,0.0025399999999999997,28.333333333333336,0.000254,72.729245
2002,6,23,27.77777777777778,27.77777777777778,0.0,27.77777777777778,0.0,73.79575200000001
2002,6,24,28.05555555555556,28.05555555555556,0.0025399999999999997,28.05555555555556,0.000254,74.86256
2002,6,25,28.05555555555556,28.05555555555556,0.0025399999999999997,28.05555555555556,0.000254,73.9718135
2002,6,26,28.333333333333336,28.333333333333336,0.254,28.333333333333336,0.0254,74.29263399999999
2002,6,27,28.05555555555556,28.05555555555556,3.0479999999999996,28.05555555555556,0.30479999999999996,73.3248075
2002,6,28,28.05555555555556,28.05555555555556,0.0025399999999999997,28.05555555555556,0.000254,77.07124
2002,6,29,28.88888888888889,28.88888888888889,0.0025399999999999997,28.88888888888889,0.000254,77.97444250000001
2002,6,30,28.61111111111111,28.61111111111111,0.0025399999999999997,28.61111111111111,0.000254,76.8560965
2002,7,1,28.333333333333336,28.333333333333336,0.0025399999999999997,28.333333333333336,0.000254,71.87151800000001
2002,7,2,28.333333333333336,28.333333333333336,0.254,28.333333333333336,0.0254,74.70905
2002,7,3,28.61111111111111,28.61111111111111,2.032,28.61111111111111,0.2032,78.7591135
2002,7,4,28.88888888888889,28.88888888888889,0.254,28.88888888888889,0.0254,79.490368
2002,7,5,28.61111111111111,28.61111111111111,0.0,28.61111111111111,0.0,72.729245
2002,7,6,26.666666666666668,26.666666666666668,26.669999999999998,26.666666666666668,2.667,80.08737500000001
2002,7,7,27.5,27.5,0.254,27.5,0.0254,75.6712
2002,7,8,28.333333333333336,28.333333333333336,0.0025399999999999997,28.333333333333336,0.000254,79.91612
2002,7,9,28.333333333333336,28.333333333333336,0.0025399999999999997,28.333333333333336,0.000254,76.78784999999999
2002,7,10,28.333333333333336,28.333333333333336,0.0025399999999999997,28.333333333333336,0.000254,75.624345
2002,7,11,28.05555555555556,28.05555555555556,0.0025399999999999997,28.05555555555556,0.000254,75.4248935
2002,7,12,28.333333333333336,28.333333333333336,0.0,28.333333333333336,0.0,76.1368
2002,7,13,29.166666666666668,29.166666666666668,0.7619999999999999,29.166666666666668,0.07619999999999999,75.881505
2002,7,14,27.77777777777778,27.77777777777778,56.388000000000005,27.77777777777778,5.638800000000001,80.1454085
2002,7,15,27.77777777777778,27.77777777777778,0.254,27.77777777777778,0.0254,76.0072425
2002,7,16,28.88888888888889,28.88888888888889,0.0025399999999999997,28.88888888888889,0.000254,69.1584775
2002,7,17,27.5,27.5,4.571999999999999,27.5,0.45719999999999994,78.6426375
2002,7,18,28.333333333333336,28.333333333333336,0.0,28.333333333333336,0.0,71.456462
2002,7,19,28.333333333333336,28.333333333333336,0.0025399999999999997,28.333333333333336,0.000254,72.2583475
2002,7,20,28.61111111111111,28.61111111111111,4.064,28.61111111111111,0.4064,77.1069065
2002,7,21,28.333333333333336,28.333333333333336,0.0025399999999999997,28.333333333333336,0.000254,71.845068
2002,7,22,27.5,27.5,7.619999999999999,27.5,0.7619999999999999,76.722609
2002,7,23,28.333333333333336,28.333333333333336,5.587999999999999,28.333333333333336,0.5588,79.7476
2002,7,24,28.61111111111111,28.61111111111111,2.7939999999999996,28.61111111111111,0.2794,80.334
2002,7,25,28.88888888888889,28.88888888888889,1.27,28.88888888888889,0.127,77.85963000000001
2002,7,26,28.61111111111111,28.61111111111111,0.0,28.61111111111111,0.0,76.637665
2002,7,27,27.5,27.5,16.509999999999998,27.5,1.6509999999999998,85.793295
2002,7,28,28.05555555555556,28.05555555555556,1.778,28.05555555555556,0.1778,83.40633
2002,7,29,29.166666666666668,29.166666666666668,0.0,29.166666666666668,0.0,77.74641
2002,7,30,28.88888888888889,28.88888888888889,0.254,28.88888888888889,0.0254,80.57626300000001
2002,7,31,28.05555555555556,28.05555555555556,0.0,28.05555555555556,0.0,78.7705575
2002,8,1,28.333333333333336,28.333333333333336,0.0,28.333333333333336,0.0,75.418705
2002,8,2,28.61111111111111,28.61111111111111,0.0,28.61111111111111,0.0,74.481664
2002,8,3,28.88888888888889,28.88888888888889,0.0,28.88888888888889,0.0,75.536419
2002,8,4,28.05555555555556,28.05555555555556,0.0025399999999999997,28.05555555555556,0.000254,73.94561350000001
2002,8,5,28.333333333333336,28.333333333333336,3.302,28.333333333333336,0.3302,77.95734250000001
2002,8,6,28.88888888888889,28.88888888888889,1.778,28.88888888888889,0.1778,71.92484
2002,8,7,28.88888888888889,28.88888888888889,2.54,28.88888888888889,0.254,73.262204
2002,8,8,29.166666666666668,29.166666666666668,1.778,29.166666666666668,0.1778,78.777685
2002,8,9,28.88888888888889,28.88888888888889,0.254,28.88888888888889,0.0254,74.960883
2002,8,10,28.333333333333336,28.333333333333336,6.858,28.333333333333336,0.6858,80.334
2002,8,11,28.333333333333336,28.333333333333336,0.254,28.333333333333336,0.0254,78.49909650000001
2002,8,12,28.61111111111111,28.61111111111111,0.0,28.61111111111111,0.0,73.9894135
2002,8,13,28.05555555555556,28.05555555555556,5.842,28.05555555555556,0.5841999999999999,79.46518
2002,8,14,28.05555555555556,28.05555555555556,1.27,28.05555555555556,0.127,76.67375200000001
2002,8,15,29.166666666666668,29.166666666666668,4.064,29.166666666666668,0.4064,76.84259
2002,8,16,27.77777777777778,27.77777777777778,7.874,27.77777777777778,0.7874,86.87459999999999
2002,8,17,28.333333333333336,28.333333333333336,1.778,28.333333333333336,0.1778,79.95382000000001
2002,8,18,26.38888888888889,26.38888888888889,27.178,26.38888888888889,2.7178,86.76746
2002,8,19,28.333333333333336,28.333333333333336,0.0,28.333333333333336,0.0,75.0865735
2002,8,20,28.61111111111111,28.61111111111111,0.254,28.61111111111111,0.0254,75.472336
2002,8,21,29.166666666666668,29.166666666666668,1.27,29.166666666666668,0.127,83.43285
2002,8,22,28.61111111111111,28.61111111111111,0.0,28.61111111111111,0.0,77.3518
2002,8,23,28.88888888888889,28.88888888888889,0.0025399999999999997,28.88888888888889,0.000254,74.2875675
2002,8,24,28.333333333333336,28.333333333333336,0.0025399999999999997,28.333333333333336,0.000254,78.887475
2002,8,25,28.61111111111111,28.61111111111111,9.143999999999998,28.61111111111111,0.9143999999999999,75.63242500000001
2002,8,26,28.05555555555556,28.05555555555556,2.7939999999999996,28.05555555555556,0.2794,75.7470065
2002,8,27,28.333333333333336,28.333333333333336,1.778,28.333333333333336,0.1778,77.225784
2002,8,28,28.05555555555556,28.05555555555556,0.0,28.05555555555556,0.0,76.65905000000001
2002,8,29,27.77777777777778,27.77777777777778,2.032,27.77777777777778,0.2032,81.565855
2002,8,30,27.222222222222225,27.222222222222225,16.764,27.222222222222225,1.6764,87.25419
2002,8,31,28.05555555555556,28.05555555555556,5.587999999999999,28.05555555555556,0.5588,85.588325
2002,9,1,25.833333333333336,25.833333333333336,12.953999999999999,25.833333333333336,1.2953999999999999,87.121685
2002,9,2,27.77777777777778,27.77777777777778,0.0,27.77777777777778,0.0,82.54171
2002,9,3,28.05555555555556,28.05555555555556,0.0,28.05555555555556,0.0,77.68836
2002,9,4,28.333333333333336,28.333333333333336,0.0,28.333333333333336,0.0,77.82392300000001
2002,9,5,28.61111111111111,28.61111111111111,0.0,28.61111111111111,0.0,72.1508085
2002,9,6,30.0,30.0,0.0,30.0,0.0,67.5051425
2002,9,7,30.27777777777778,30.27777777777778,0.0,30.27777777777778,0.0,71.30275
2002,9,8,29.166666666666668,29.166666666666668,0.0,29.166666666666668,0.0,71.65922
2002,9,9,29.722222222222225,29.722222222222225,2.2859999999999996,29.722222222222225,0.22859999999999997,68.957498
2002,9,10,28.88888888888889,28.88888888888889,1.5239999999999998,28.88888888888889,0.15239999999999998,74.86345
2002,9,11,29.722222222222225,29.722222222222225,1.5239999999999998,29.722222222222225,0.15239999999999998,75.98729800000001
2002,9,12,30.0,30.0,0.0,30.0,0.0,71.0391535
2002,9,13,28.61111111111111,28.61111111111111,3.0479999999999996,28.61111111111111,0.30479999999999996,75.6086965
2002,9,14,28.88888888888889,28.88888888888889,8.636000000000001,28.88888888888889,0.8636000000000001,79.9338965
2002,9,15,26.944444444444446,26.944444444444446,26.924,26.944444444444446,2.6924,87.25419
2002,9,16,27.5,27.5,13.208,27.5,1.3208,80.439995
2002,9,17,28.333333333333336,28.333333333333336,0.508,28.333333333333336,0.0508,77.3729065
2002,9,18,27.5,27.5,11.684,27.5,1.1683999999999999,82.54171
2002,9,19,28.05555555555556,28.05555555555556,0.0025399999999999997,28.05555555555556,0.000254,78.302887
2002,9,20,28.61111111111111,28.61111111111111,27.178,28.61111111111111,2.7178,78.7603515
2002,9,21,28.333333333333336,28.333333333333336,0.0,28.333333333333336,0.0,74.658146
2002,9,22,28.05555555555556,28.05555555555556,0.0,28.05555555555556,0.0,75.586645
2002,9,23,28.61111111111111,28.61111111111111,8.636000000000001,28.61111111111111,0.8636000000000001,82.15883
2002,9,24,26.944444444444446,26.944444444444446,35.306,26.944444444444446,3.5305999999999997,85.57405
2002,9,25,26.38888888888889,26.38888888888889,11.175999999999998,26.38888888888889,1.1176,86.1436975
2002,9,26,26.11111111111111,26.11111111111111,24.383999999999997,26.11111111111111,2.4383999999999997,78.99766
2002,9,27,27.77777777777778,27.77777777777778,0.0,27.77777777777778,0.0,75.35609
2002,9,28,28.88888888888889,28.88888888888889,0.0,28.88888888888889,0.0,79.047998
2002,9,29,28.333333333333336,28.333333333333336,0.0,28.333333333333336,0.0,79.22152299999999
2002,9,30,29.444444444444446,29.444444444444446,0.0,29.444444444444446,0.0,74.40334
2002,10,1,28.36111111111111,28.36111111111111,0.508,28.36111111111111,0.0508,81.81253000000001
2002,10,2,28.05555555555556,28.05555555555556,10.413999999999998,28.05555555555556,1.0413999999999999,83.7088
2002,10,3,27.77777777777778,27.77777777777778,6.35,27.77777777777778,0.635,82.87543500000001
2002,10,4,27.77777777777778,27.77777777777778,8.128,27.77777777777778,0.8128,84.23271700000001
2002,10,5,27.77777777777778,27.77777777777778,0.254,27.77777777777778,0.0254,82.773955
2002,10,6,28.05555555555556,28.05555555555556,0.254,28.05555555555556,0.0254,80.24107699999999
2002,10,7,27.77777777777778,27.77777777777778,0.0,27.77777777777778,0.0,79.33809500000001
2002,10,8,28.05555555555556,28.05555555555556,2.7939999999999996,28.05555555555556,0.2794,77.06722500000001
2002,10,9,26.666666666666668,26.666666666666668,0.0025399999999999997,26.666666666666668,0.000254,81.758423
2002,10,10,27.222222222222225,27.222222222222225,3.302,27.222222222222225,0.3302,87.21264500000001
2002,10,11,27.222222222222225,27.222222222222225,0.0,27.222222222222225,0.0,78.94871
2002,10,12,28.05555555555556,28.05555555555556,0.0025399999999999997,28.05555555555556,0.000254,81.57972000000001
2002,10,13,28.05555555555556,28.05555555555556,0.0,28.05555555555556,0.0,81.88969
2002,10,14,27.77777777777778,27.77777777777778,0.0,27.77777777777778,0.0,77.72606
2002,10,15,28.05555555555556,28.05555555555556,27.94,28.05555555555556,2.794,83.17675
2002,10,16,28.333333333333336,28.333333333333336,0.0,28.333333333333336,0.0,81.627715
2002,10,17,28.88888888888889,28.88888888888889,0.0025399999999999997,28.88888888888889,0.000254,72.866
2002,10,18,28.05555555555556,28.05555555555556,1.27,28.05555555555556,0.127,83.00682
2002,10,19,27.77777777777778,27.77777777777778,0.508,27.77777777777778,0.0508,82.20262199999999
2002,10,20,27.222222222222225,27.222222222222225,23.622,27.222222222222225,2.3622,87.25419
2002,10,21,27.77777777777778,27.77777777777778,0.0025399999999999997,27.77777777777778,0.000254,83.681855
2002,10,22,28.05555555555556,28.05555555555556,3.0479999999999996,28.05555555555556,0.30479999999999996,81.985875
2002,10,23,27.222222222222225,27.222222222222225,0.254,27.222222222222225,0.0254,80.76476
2002,10,24,26.944444444444446,26.944444444444446,18.796,26.944444444444446,1.8796,80.75336
2002,10,25,27.5,27.5,5.334,27.5,0.5334,83.09805499999999
2002,10,26,27.5,27.5,3.556,27.5,0.3556,82.79791700000001
2002,10,27,27.77777777777778,27.77777777777778,0.254,27.77777777777778,0.0254,75.848784
2002,10,28,27.77777777777778,27.77777777777778,0.0,27.77777777777778,0.0,77.68836
2002,10,29,26.944444444444446,26.944444444444446,3.302,26.944444444444446,0.3302,77.511505
2002,10,30,27.222222222222225,27.222222222222225,0.0025399999999999997,27.222222222222225,0.000254,77.82392300000001
2002,10,31,27.5,27.5,2.2859999999999996,27.5,0.22859999999999997,81.73323500000001
2002,11,1,27.5,27.5,0.0025399999999999997,27.5,0.000254,76.9717875
2002,11,2,26.944444444444446,26.944444444444446,2.7939999999999996,26.944444444444446,0.2794,82.784052
2002,11,3,27.5,27.5,0.0,27.5,0.0,81.86214
2002,11,4,28.05555555555556,28.05555555555556,0.0,28.05555555555556,0.0,74.749518
2002,11,5,27.5,27.5,0.0,27.5,0.0,76.6796825
2002,11,6,26.666666666666668,26.666666666666668,0.0,26.666666666666668,0.0,76.41543
2002,11,7,27.5,27.5,0.0,27.5,0.0,74.29203000000001
2002,11,8,26.944444444444446,26.944444444444446,0.0,26.944444444444446,0.0,75.959755
2002,11,9,27.222222222222225,27.222222222222225,2.2859999999999996,27.222222222222225,0.22859999999999997,81.19803999999999
2002,11,10,27.77777777777778,27.77777777777778,0.0025399999999999997,27.77777777777778,0.000254,77.0254185
2002,11,11,27.5,27.5,1.5239999999999998,27.5,0.15239999999999998,79.8478135
2002,11,12,27.222222222222225,27.222222222222225,3.8099999999999996,27.222222222222225,0.38099999999999995,83.681855
2002,11,13,26.944444444444446,26.944444444444446,0.0,26.944444444444446,0.0,82.687403
2002,11,14,28.333333333333336,28.333333333333336,0.0,28.333333333333336,0.0,76.722609
2002,11,15,27.222222222222225,27.222222222222225,0.0,27.222222222222225,0.0,82.77243200000001
2002,11,16,27.5,27.5,0.508,27.5,0.0508,78.3675175
2002,11,17,26.944444444444446,26.944444444444446,9.652,26.944444444444446,0.9652,85.987667
2002,11,18,26.38888888888889,26.38888888888889,16.764,26.38888888888889,1.6764,87.253285
2002,11,19,25.27777777777778,25.27777777777778,18.287999999999997,25.27777777777778,1.8287999999999998,83.46313
2002,11,20,26.11111111111111,26.11111111111111,0.0,26.11111111111111,0.0,86.85678
2002,11,21,26.944444444444446,26.944444444444446,0.0,26.944444444444446,0.0,82.7900925
2002,11,22,28.333333333333336,28.333333333333336,0.0025399999999999997,28.333333333333336,0.000254,80.5626565
2002,11,23,27.5,27.5,0.0,27.5,0.0,87.25419
2002,11,24,27.5,27.5,2.2859999999999996,27.5,0.22859999999999997,87.25419
2002,11,25,27.222222222222225,27.222222222222225,7.366,27.222222222222225,0.7365999999999999,87.30270999999999
2002,11,26,26.944444444444446,26.944444444444446,1.778,26.944444444444446,0.1778,87.25419
2002,11,27,27.5,27.5,0.254,27.5,0.0254,87.25419
2002,11,28,26.38888888888889,26.38888888888889,0.0,26.38888888888889,0.0,88.6155
2002,11,29,25.55555555555556,25.55555555555556,0.0,25.55555555555556,0.0,89.749363
2002,11,30,26.11111111111111,26.11111111111111,0.0,26.11111111111111,0.0,90.0202
2002,12,1,25.833333333333336,25.833333333333336,0.0,25.833333333333336,0.0,89.82317
2002,12,2,26.666666666666668,26.666666666666668,0.254,26.666666666666668,0.0254,91.22465
2002,12,3,26.666666666666668,26.666666666666668,1.5239999999999998,26.666666666666668,0.15239999999999998,81.6346
2002,12,4,26.11111111111111,26.11111111111111,21.081999999999997,26.11111111111111,2.1081999999999996,88.264785
2002,12,5,26.38888888888889,26.38888888888889,13.462,26.38888888888889,1.3462,81.89205000000001
2002,12,6,26.11111111111111,26.11111111111111,0.0,26.11111111111111,0.0,76.30108000000001
2002,12,7,25.833333333333336,25.833333333333336,0.0,25.833333333333336,0.0,76.3156
2002,12,8,25.55555555555556,25.55555555555556,2.54,25.55555555555556,0.254,86.785552
2002,12,9,26.11111111111111,26.11111111111111,2.032,26.11111111111111,0.2032,86.15107
2002,12,10,26.11111111111111,26.11111111111111,1.27,26.11111111111111,0.127,82.08170000000001
2002,12,11,26.38888888888889,26.38888888888889,7.874,26.38888888888889,0.7874,86.054145
2002,12,12,25.833333333333336,25.833333333333336,2.7939999999999996,25.833333333333336,0.2794,88.34806499999999
2002,12,13,25.55555555555556,25.55555555555556,5.842,25.55555555555556,0.5841999999999999,87.074025
2002,12,14,25.833333333333336,25.833333333333336,0.7619999999999999,25.833333333333336,0.07619999999999999,81.6346
2002,12,15,26.11111111111111,26.11111111111111,0.0,26.11111111111111,0.0,83.681855
2002,12,16,25.833333333333336,25.833333333333336,0.0,25.833333333333336,0.0,84.8427775
2002,12,17,26.38888888888889,26.38888888888889,0.0025399999999999997,26.38888888888889,0.000254,88.154552
2002,12,18,25.55555555555556,25.55555555555556,0.0,25.55555555555556,0.0,84.71715
2002,12,19,25.27777777777778,25.27777777777778,3.302,25.27777777777778,0.3302,79.49876
2002,12,20,25.833333333333336,25.833333333333336,6.604,25.833333333333336,0.6604,79.475544
2002,12,21,25.833333333333336,25.833333333333336,7.619999999999999,25.833333333333336,0.7619999999999999,82.9728375
2002,12,22,25.27777777777778,25.27777777777778,14.224,25.27777777777778,1.4224,84.14553000000001
2002,12,23,26.11111111111111,26.11111111111111,0.0025399999999999997,26.11111111111111,0.000254,80.34372
2002,12,24,25.833333333333336,25.833333333333336,1.5239999999999998,25.833333333333336,0.15239999999999998,76.99895699999999
2002,12,25,25.27777777777778,25.27777777777778,0.508,25.27777777777778,0.0508,82.182575
2002,12,26,25.833333333333336,25.833333333333336,0.0025399999999999997,25.833333333333336,0.000254,79.271685
2002,12,27,26.11111111111111,26.11111111111111,0.0025399999999999997,26.11111111111111,0.000254,73.135846
2002,12,28,25.27777777777778,25.27777777777778,0.0025399999999999997,25.27777777777778,0.000254,71.6743535
2002,12,29,25.27777777777778,25.27777777777778,0.0,25.27777777777778,0.0,74.118475
2002,12,30,25.0,25.0,22.86,25.0,2.286,82.51310749999999
2002,12,31,25.833333333333336,25.833333333333336,0.0025399999999999997,25.833333333333336,0.000254,76.326475
2003,1,1,25.27777777777778,25.27777777777778,18.541999999999998,25.27777777777778,1.8541999999999998,79.94326000000001
2003,1,2,25.27777777777778,25.27777777777778,4.571999999999999,25.27777777777778,0.45719999999999994,82.02027749999999
2003,1,3,26.11111111111111,26.11111111111111,0.0,26.11111111111111,0.0,74.572258
2003,1,4,25.27777777777778,25.27777777777778,0.0,25.27777777777778,0.0,78.04305
2003,1,5,24.722222222222225,24.722222222222225,12.191999999999998,24.722222222222225,1.2191999999999998,82.7684325
2003,1,6,25.55555555555556,25.55555555555556,0.0,25.55555555555556,0.0,71.26881
2003,1,7,25.833333333333336,25.833333333333336,0.0,25.833333333333336,0.0,73.799127
2003,1,8,26.11111111111111,26.11111111111111,0.0,26.11111111111111,0.0,74.593653
2003,1,9,25.27777777777778,25.27777777777778,0.0025399999999999997,25.27777777777778,0.000254,79.921865
2003,1,10,26.666666666666668,26.666666666666668,0.0,26.666666666666668,0.0,74.64555999999999
2003,1,11,26.11111111111111,26.11111111111111,0.0,26.11111111111111,0.0,74.44940749999999
2003,1,12,25.55555555555556,25.55555555555556,0.0025399999999999997,25.55555555555556,0.000254,78.04305
2003,1,13,24.444444444444446,24.444444444444446,0.0025399999999999997,24.444444444444446,0.000254,77.47964999999999
2003,1,14,25.55555555555556,25.55555555555556,0.0,25.55555555555556,0.0,77.268633
2003,1,15,26.944444444444446,26.944444444444446,0.0,26.944444444444446,0.0,72.733515
2003,1,16,25.27777777777778,25.27777777777778,2.2859999999999996,25.27777777777778,0.22859999999999997,77.507205
2003,1,17,26.11111111111111,26.11111111111111,0.0025399999999999997,26.11111111111111,0.000254,71.319463
2003,1,18,25.55555555555556,25.55555555555556,0.254,25.55555555555556,0.0254,78.66308000000001
2003,1,19,25.55555555555556,25.55555555555556,0.0,25.55555555555556,0.0,74.4277775
2003,1,20,25.0,25.0,0.254,25.0,0.0254,77.610285
2003,1,21,26.11111111111111,26.11111111111111,0.254,26.11111111111111,0.0254,77.48581
2003,1,22,25.0,25.0,0.0,25.0,0.0,74.188799
2003,1,23,25.0,25.0,0.0025399999999999997,25.0,0.000254,75.19819700000001
2003,1,24,26.38888888888889,26.38888888888889,29.209999999999997,26.38888888888889,2.921,75.862293
2003,1,25,24.444444444444446,24.444444444444446,27.432,24.444444444444446,2.7432,84.85513
2003,1,26,25.0,25.0,2.7939999999999996,25.0,0.2794,82.87175500000001
2003,1,27,25.27777777777778,25.27777777777778,0.0025399999999999997,25.27777777777778,0.000254,77.233945
2003,1,28,25.0,25.0,0.0025399999999999997,25.0,0.000254,75.38723
2003,1,29,25.27777777777778,25.27777777777778,6.604,25.27777777777778,0.6604,79.90023500000001
2003,1,30,25.27777777777778,25.27777777777778,0.508,25.27777777777778,0.0508,76.207909
2003,1,31,24.722222222222225,24.722222222222225,11.684,24.722222222222225,1.1683999999999999,79.714385
2003,2,1,25.27777777777778,25.27777777777778,0.0,25.27777777777778,0.0,74.4277775
2003,2,2,25.55555555555556,25.55555555555556,0.254,25.55555555555556,0.0254,78.880535
2003,2,3,25.55555555555556,25.55555555555556,0.254,25.55555555555556,0.0254,71.6936855
2003,2,4,24.722222222222225,24.722222222222225,13.208,24.722222222222225,1.3208,81.926635
2003,2,5,25.27777777777778,25.27777777777778,0.7619999999999999,25.27777777777778,0.07619999999999999,87.05747199999999
2003,2,6,25.833333333333336,25.833333333333336,0.508,25.833333333333336,0.0508,77.932277
2003,2,7,25.55555555555556,25.55555555555556,11.684,25.55555555555556,1.1683999999999999,75.40886
2003,2,8,25.55555555555556,25.55555555555556,2.032,25.55555555555556,0.2032,79.59193
2003,2,9,26.11111111111111,26.11111111111111,1.5239999999999998,26.11111111111111,0.15239999999999998,81.51565
2003,2,10,24.722222222222225,24.722222222222225,7.366,24.722222222222225,0.7365999999999999,79.714385
2003,2,11,24.722222222222225,24.722222222222225,2.032,24.722222222222225,0.2032,81.7103
2003,2,12,26.38888888888889,26.38888888888889,0.254,26.38888888888889,0.0254,64.81462499999999
2003,2,13,25.833333333333336,25.833333333333336,0.0,25.833333333333336,0.0,77.48581
2003,2,14,24.722222222222225,24.722222222222225,0.0025399999999999997,24.722222222222225,0.000254,75.086563
2003,2,15,25.55555555555556,25.55555555555556,0.0025399999999999997,25.55555555555556,0.000254,74.6218525
2003,2,16,25.833333333333336,25.833333333333336,4.064,25.833333333333336,0.4064,76.090105
2003,2,17,26.11111111111111,26.11111111111111,1.016,26.11111111111111,0.1016,76.229304
2003,2,18,25.833333333333336,25.833333333333336,1.27,25.833333333333336,0.127,74.239885
2003,2,19,25.27777777777778,25.27777777777778,0.7619999999999999,25.27777777777778,0.07619999999999999,79.921865
2003,2,20,25.55555555555556,25.55555555555556,5.08,25.55555555555556,0.508,74.3471225
2003,2,21,25.0,25.0,1.016,25.0,0.1016,77.21100200000001
2003,2,22,26.38888888888889,26.38888888888889,0.0,26.38888888888889,0.0,69.9373075
2003,2,23,26.38888888888889,26.38888888888889,0.0,26.38888888888889,0.0,71.52952
2003,2,24,25.27777777777778,25.27777777777778,0.0,25.27777777777778,0.0,77.673825
2003,2,25,25.27777777777778,25.27777777777778,3.302,25.27777777777778,0.3302,82.87175500000001
2003,2,26,25.0,25.0,0.0,25.0,0.0,74.3040975
2003,2,27,25.27777777777778,25.27777777777778,0.0025399999999999997,25.27777777777778,0.000254,76.068475
2003,2,28,25.27777777777778,25.27777777777778,0.0,25.27777777777778,0.0,76.068475
2003,3,1,25.55555555555556,25.55555555555556,0.0,25.55555555555556,0.0,76.186279
2003,3,2,25.833333333333336,25.833333333333336,1.778,25.833333333333336,0.1778,77.953907
2003,3,3,25.0,25.0,0.0025399999999999997,25.0,0.000254,77.43945500000001
2003,3,4,26.666666666666668,26.666666666666668,0.0,26.666666666666668,0.0,71.341093
2003,3,5,26.11111111111111,26.11111111111111,0.0,26.11111111111111,0.0,67.852293
2003,3,6,26.666666666666668,26.666666666666668,0.254,26.666666666666668,0.0254,73.334383
2003,3,7,26.666666666666668,26.666666666666668,0.0,26.666666666666668,0.0,72.84718000000001
2003,3,8,26.38888888888889,26.38888888888889,1.778,26.38888888888889,0.1778,79.634955
2003,3,9,26.38888888888889,26.38888888888889,0.508,26.38888888888889,0.0508,76.324871
2003,3,10,26.944444444444446,26.944444444444446,0.0025399999999999997,26.944444444444446,0.000254,68.099625
2003,3,11,26.11111111111111,26.11111111111111,0.0025399999999999997,26.11111111111111,0.000254,72.7446525
2003,3,12,26.11111111111111,26.11111111111111,1.016,26.11111111111111,0.1016,75.63559000000001
2003,3,13,26.11111111111111,26.11111111111111,0.0025399999999999997,26.11111111111111,0.000254,71.6936855
2003,3,14,26.38888888888889,26.38888888888889,0.0025399999999999997,26.38888888888889,0.000254,66.182232
2003,3,15,26.944444444444446,26.944444444444446,0.254,26.944444444444446,0.0254,70.1161955
2003,3,16,26.666666666666668,26.666666666666668,0.0025399999999999997,26.666666666666668,0.000254,64.46612
2003,3,17,26.666666666666668,26.666666666666668,0.0,26.666666666666668,0.0,64.59994499999999
2003,3,18,27.77777777777778,27.77777777777778,0.0,27.77777777777778,0.0,67.1918925
2003,3,19,27.77777777777778,27.77777777777778,0.0025399999999999997,27.77777777777778,0.000254,68.112957
2003,3,20,26.666666666666668,26.666666666666668,0.0,26.666666666666668,0.0,77.54201
2003,3,21,26.38888888888889,26.38888888888889,0.0,26.38888888888889,0.0,78.06468
2003,3,22,26.38888888888889,26.38888888888889,0.508,26.38888888888889,0.0508,77.43945500000001
2003,3,23,26.11111111111111,26.11111111111111,1.016,26.11111111111111,0.1016,74.44940749999999
2003,3,24,27.5,27.5,0.508,27.5,0.0508,64.5559025
2003,3,25,28.61111111111111,28.61111111111111,0.0025399999999999997,28.61111111111111,0.000254,65.6489925
2003,3,26,27.222222222222225,27.222222222222225,0.0,27.222222222222225,0.0,79.5675
2003,3,27,25.833333333333336,25.833333333333336,5.842,25.833333333333336,0.5841999999999999,86.054145
2003,3,28,26.666666666666668,26.666666666666668,0.254,26.666666666666668,0.0254,80.76901
2003,3,29,26.666666666666668,26.666666666666668,0.0025399999999999997,26.666666666666668,0.000254,79.00329
2003,3,30,26.666666666666668,26.666666666666668,0.0025399999999999997,26.666666666666668,0.000254,73.334383
2003,3,31,26.38888888888889,26.38888888888889,0.0,26.38888888888889,0.0,72.26703
2003,4,1,26.11111111111111,26.11111111111111,1.5239999999999998,26.11111111111111,0.15239999999999998,76.743038
2003,4,2,26.38888888888889,26.38888888888889,1.016,26.38888888888889,0.1016,74.662338
2003,4,3,26.38888888888889,26.38888888888889,9.906,26.38888888888889,0.9906,81.835755
2003,4,4,26.38888888888889,26.38888888888889,9.906,26.38888888888889,0.9906,73.953417
2003,4,5,25.833333333333336,25.833333333333336,5.08,25.833333333333336,0.508,84.045755
2003,4,6,27.5,27.5,0.7619999999999999,27.5,0.07619999999999999,75.90227
2003,4,7,26.38888888888889,26.38888888888889,0.0,26.38888888888889,0.0,80.79040499999999
2003,4,8,25.55555555555556,25.55555555555556,0.254,25.55555555555556,0.0254,79.921865
2003,4,9,26.11111111111111,26.11111111111111,21.589999999999996,26.11111111111111,2.159,81.7103
2003,4,10,26.11111111111111,26.11111111111111,4.3180000000000005,26.11111111111111,0.4318000000000001,79.921865
2003,4,11,25.27777777777778,25.27777777777778,19.812,25.27777777777778,1.9812,88.3498
2003,4,12,27.5,27.5,0.0025399999999999997,27.5,0.000254,77.59545
2003,4,13,27.5,27.5,0.0025399999999999997,27.5,0.000254,74.71568
2003,4,14,26.944444444444446,26.944444444444446,0.508,26.944444444444446,0.0508,76.6043585
2003,4,15,25.0,25.0,8.128,25.0,0.8128,84.71715
2003,4,16,26.944444444444446,26.944444444444446,0.254,26.944444444444446,0.0254,74.639111
2003,4,17,23.61111111111111,23.61111111111111,17.779999999999998,23.61111111111111,1.7779999999999998,89.31049
2003,4,18,23.88888888888889,23.88888888888889,20.574000000000005,23.88888888888889,2.0574000000000003,91.830885
2003,4,19,25.0,25.0,2.2859999999999996,25.0,0.22859999999999997,80.63886249999999
2003,4,20,26.666666666666668,26.666666666666668,25.145999999999997,26.666666666666668,2.5145999999999997,82.974245
2003,4,21,26.38888888888889,26.38888888888889,13.97,26.38888888888889,1.397,82.56345
2003,4,22,25.55555555555556,25.55555555555556,11.43,25.55555555555556,1.143,84.638795
2003,4,23,25.833333333333336,25.833333333333336,61.976,25.833333333333336,6.1975999999999996,87.13995
2003,4,24,26.38888888888889,26.38888888888889,1.016,26.38888888888889,0.1016,85.0416
2003,4,25,26.38888888888889,26.38888888888889,0.0025399999999999997,26.38888888888889,0.000254,82.11312699999999
2003,4,26,28.61111111111111,28.61111111111111,0.7619999999999999,28.61111111111111,0.07619999999999999,72.8967575
2003,4,27,28.05555555555556,28.05555555555556,0.0,28.05555555555556,0.0,76.462393
2003,4,28,28.05555555555556,28.05555555555556,0.0,28.05555555555556,0.0,70.028183
2003,4,29,28.333333333333336,28.333333333333336,0.0,28.333333333333336,0.0,68.393918
2003,4,30,27.5,27.5,0.0,27.5,0.0,73.76219
2003,5,1,28.05555555555556,28.05555555555556,0.0,28.05555555555556,0.0,70.119265
2003,5,2,28.05555555555556,28.05555555555556,0.0,28.05555555555556,0.0,75.56806
2003,5,3,27.5,27.5,2.032,27.5,0.2032,75.63559000000001
2003,5,4,26.944444444444446,26.944444444444446,0.0025399999999999997,26.944444444444446,0.000254,70.24308400000001
2003,5,5,27.222222222222225,27.222222222222225,0.508,27.222222222222225,0.0508,73.685276
2003,5,6,26.38888888888889,26.38888888888889,3.556,26.38888888888889,0.3556,78.06468
2003,5,7,26.666666666666668,26.666666666666668,2.2859999999999996,26.666666666666668,0.22859999999999997,78.19600700000001
2003,5,8,26.944444444444446,26.944444444444446,0.7619999999999999,26.944444444444446,0.07619999999999999,75.56784
2003,5,9,27.5,27.5,0.0025399999999999997,27.5,0.000254,75.45895949999999
2003,5,10,27.222222222222225,27.222222222222225,0.0025399999999999997,27.222222222222225,0.000254,74.694285
2003,5,11,26.944444444444446,26.944444444444446,0.254,26.944444444444446,0.0254,74.730088
2003,5,12,26.666666666666668,26.666666666666668,0.0025399999999999997,26.666666666666668,0.000254,72.221055
2003,5,13,26.944444444444446,26.944444444444446,1.5239999999999998,26.944444444444446,0.15239999999999998,73.569149
2003,5,14,26.38888888888889,26.38888888888889,1.016,26.38888888888889,0.1016,77.10289
2003,5,15,26.666666666666668,26.666666666666668,0.0025399999999999997,26.666666666666668,0.000254,77.60920999999999
2003,5,16,26.944444444444446,26.944444444444446,2.032,26.944444444444446,0.2032,55.969022
2003,5,17,27.5,27.5,2.2859999999999996,27.5,0.22859999999999997,58.91405
2003,5,18,26.944444444444446,26.944444444444446,2.54,26.944444444444446,0.254,80.04575
2003,5,19,27.77777777777778,27.77777777777778,0.508,27.77777777777778,0.0508,79.68680499999999
2003,5,20,27.222222222222225,27.222222222222225,4.064,27.222222222222225,0.4064,79.4566525
2003,5,21,26.666666666666668,26.666666666666668,14.224,26.666666666666668,1.4224,82.974245
2003,5,22,26.666666666666668,26.666666666666668,0.508,26.666666666666668,0.0508,82.61529999999999
2003,5,23,27.77777777777778,27.77777777777778,3.8099999999999996,27.77777777777778,0.38099999999999995,81.32096
2003,5,24,28.333333333333336,28.333333333333336,0.254,28.333333333333336,0.0254,76.9378
2003,5,25,28.61111111111111,28.61111111111111,0.0,28.61111111111111,0.0,70.37995000000001
2003,5,26,28.88888888888889,28.88888888888889,0.0,28.88888888888889,0.0,72.8835715
2003,5,27,28.05555555555556,28.05555555555556,0.0,28.05555555555556,0.0,73.5544525
2003,5,28,28.333333333333336,28.333333333333336,0.0,28.333333333333336,0.0,70.98083
2003,5,29,28.61111111111111,28.61111111111111,0.0,28.61111111111111,0.0,70.4497325
2003,5,30,28.05555555555556,28.05555555555556,0.0,28.05555555555556,0.0,70.196658
2003,5,31,28.333333333333336,28.333333333333336,0.0,28.333333333333336,0.0,72.2548
2003,6,1,27.222222222222225,27.222222222222225,0.0,27.222222222222225,0.0,76.324392
2003,6,2,27.222222222222225,27.222222222222225,3.302,27.222222222222225,0.3302,77.613819
2003,6,3,27.77777777777778,27.77777777777778,0.254,27.77777777777778,0.0254,73.0272075
2003,6,4,26.944444444444446,26.944444444444446,7.366,26.944444444444446,0.7365999999999999,74.71568
2003,6,5,27.5,27.5,0.0025399999999999997,27.5,0.000254,76.346266
2003,6,6,27.222222222222225,27.222222222222225,1.5239999999999998,27.222222222222225,0.15239999999999998,78.70610500000001
2003,6,7,26.11111111111111,26.11111111111111,2.2859999999999996,26.11111111111111,0.22859999999999997,87.13995
2003,6,8,27.77777777777778,27.77777777777778,0.0025399999999999997,27.77777777777778,0.000254,79.81891
2003,6,9,28.333333333333336,28.333333333333336,0.0,28.333333333333336,0.0,78.34401
2003,6,10,27.77777777777778,27.77777777777778,0.0,27.77777777777778,0.0,73.412582
2003,6,11,27.222222222222225,27.222222222222225,1.778,27.222222222222225,0.1778,80.79040499999999
2003,6,12,27.77777777777778,27.77777777777778,0.0025399999999999997,27.77777777777778,0.000254,76.73881
2003,6,13,27.77777777777778,27.77777777777778,0.254,27.77777777777778,0.0254,75.6077225
2003,6,14,27.77777777777778,27.77777777777778,1.5239999999999998,27.77777777777778,0.15239999999999998,81.31326
2003,6,15,26.11111111111111,26.11111111111111,10.16,26.11111111111111,1.016,93.91985
2003,6,16,27.77777777777778,27.77777777777778,0.508,27.77777777777778,0.0508,84.44367
2003,6,17,27.77777777777778,27.77777777777778,0.0025399999999999997,27.77777777777778,0.000254,80.04629299999999
2003,6,18,27.77777777777778,27.77777777777778,0.0025399999999999997,27.77777777777778,0.000254,84.335305
2003,6,19,27.222222222222225,27.222222222222225,0.254,27.222222222222225,0.0254,85.04162199999999
2003,6,20,27.77777777777778,27.77777777777778,0.254,27.77777777777778,0.0254,82.13660999999999
2003,6,21,28.61111111111111,28.61111111111111,0.0025399999999999997,28.61111111111111,0.000254,78.8658215
2003,6,22,28.333333333333336,28.333333333333336,0.0,28.333333333333336,0.0,78.8658215
2003,6,23,28.61111111111111,28.61111111111111,0.0,28.61111111111111,0.0,77.7778525
2003,6,24,28.61111111111111,28.61111111111111,0.0,28.61111111111111,0.0,83.24733
2003,6,25,29.166666666666668,29.166666666666668,0.0,29.166666666666668,0.0,80.743665
2003,6,26,29.166666666666668,29.166666666666668,0.0025399999999999997,29.166666666666668,0.000254,76.6405135
2003,6,27,28.333333333333336,28.333333333333336,1.778,28.333333333333336,0.1778,78.3472175
2003,6,28,28.05555555555556,28.05555555555556,11.175999999999998,28.05555555555556,1.1176,83.17676
2003,6,29,28.333333333333336,28.333333333333336,0.0,28.333333333333336,0.0,78.38146
2003,6,30,28.61111111111111,28.61111111111111,0.0025399999999999997,28.61111111111111,0.000254,84.43703
2003,7,1,27.222222222222225,27.222222222222225,5.587999999999999,27.222222222222225,0.5588,89.450565
2003,7,2,27.5,27.5,0.254,27.5,0.0254,85.22497
2003,7,3,27.77777777777778,27.77777777777778,0.0025399999999999997,27.77777777777778,0.000254,83.412115
2003,7,4,28.61111111111111,28.61111111111111,0.254,28.61111111111111,0.0254,85.22497
2003,7,5,28.333333333333336,28.333333333333336,0.0025399999999999997,28.333333333333336,0.000254,83.412115
2003,7,6,27.5,27.5,11.684,27.5,1.1683999999999999,88.73984999999999
2003,7,7,29.166666666666668,29.166666666666668,0.0025399999999999997,29.166666666666668,0.000254,77.765383
2003,7,8,28.05555555555556,28.05555555555556,15.239999999999998,28.05555555555556,1.5239999999999998,83.17676
2003,7,9,27.222222222222225,27.222222222222225,2.032,27.222222222222225,0.2032,82.226355
2003,7,10,28.05555555555556,28.05555555555556,0.254,28.05555555555556,0.0254,78.3262725
2003,7,11,28.333333333333336,28.333333333333336,0.0,28.333333333333336,0.0,75.49761000000001
2003,7,12,27.77777777777778,27.77777777777778,0.0025399999999999997,27.77777777777778,0.000254,77.59013200000001
2003,7,13,24.722222222222225,24.722222222222225,24.383999999999997,24.722222222222225,2.4383999999999997,93.83725
2003,7,14,28.05555555555556,28.05555555555556,0.0025399999999999997,28.05555555555556,0.000254,83.47002
2003,7,15,28.05555555555556,28.05555555555556,1.27,28.05555555555556,0.127,79.50780499999999
2003,7,16,26.666666666666668,26.666666666666668,6.35,26.666666666666668,0.635,90.0202
2003,7,17,28.05555555555556,28.05555555555556,0.0025399999999999997,28.05555555555556,0.000254,77.85909
2003,7,18,28.61111111111111,28.61111111111111,0.0025399999999999997,28.61111111111111,0.000254,86.29849999999999
2003,7,19,28.61111111111111,28.61111111111111,0.0025399999999999997,28.61111111111111,0.000254,88.73984999999999
2003,7,20,28.61111111111111,28.61111111111111,0.0025399999999999997,28.61111111111111,0.000254,87.3027
2003,7,21,28.333333333333336,28.333333333333336,0.254,28.333333333333336,0.0254,82.747405
2003,7,22,27.222222222222225,27.222222222222225,35.81399999999999,27.222222222222225,3.5813999999999995,88.6155
2003,7,23,28.333333333333336,28.333333333333336,0.508,28.333333333333336,0.0508,78.36111
2003,7,24,28.05555555555556,28.05555555555556,0.0025399999999999997,28.05555555555556,0.000254,73.0644875
2003,7,25,28.333333333333336,28.333333333333336,0.254,28.333333333333336,0.0254,78.38146
2003,7,26,28.05555555555556,28.05555555555556,0.254,28.05555555555556,0.0254,80.31109000000001
2003,7,27,28.333333333333336,28.333333333333336,7.874,28.333333333333336,0.7874,81.42181
2003,7,28,26.666666666666668,26.666666666666668,4.064,26.666666666666668,0.4064,87.687915
2003,7,29,28.61111111111111,28.61111111111111,0.0025399999999999997,28.61111111111111,0.000254,73.765008
2003,7,30,28.05555555555556,28.05555555555556,0.254,28.05555555555556,0.0254,75.42296
2003,7,31,27.77777777777778,27.77777777777778,1.778,27.77777777777778,0.1778,79.72101
2003,8,1,28.333333333333336,28.333333333333336,4.064,28.333333333333336,0.4064,83.17676
2003,8,2,27.5,27.5,2.032,27.5,0.2032,82.2473
2003,8,3,28.05555555555556,28.05555555555556,0.0,28.05555555555556,0.0,77.5112175
2003,8,4,28.05555555555556,28.05555555555556,0.0,28.05555555555556,0.0,75.6077225
2003,8,5,27.77777777777778,27.77777777777778,0.0025399999999999997,27.77777777777778,0.000254,73.471552
2003,8,6,27.222222222222225,27.222222222222225,8.382,27.222222222222225,0.8382,85.74985
2003,8,7,28.05555555555556,28.05555555555556,1.5239999999999998,28.05555555555556,0.15239999999999998,78.36111
2003,8,8,28.05555555555556,28.05555555555556,0.508,28.05555555555556,0.0508,80.26942
2003,8,9,28.61111111111111,28.61111111111111,4.064,28.61111111111111,0.4064,78.455488
2003,8,10,28.333333333333336,28.333333333333336,0.0,28.333333333333336,0.0,76.78786
2003,8,11,27.5,27.5,2.54,27.5,0.254,80.16857999999999
2003,8,12,28.05555555555556,28.05555555555556,4.064,28.05555555555556,0.4064,78.3051075
2003,8,13,28.05555555555556,28.05555555555556,0.0025399999999999997,28.05555555555556,0.000254,82.073785
2003,8,14,28.88888888888889,28.88888888888889,1.5239999999999998,28.88888888888889,0.15239999999999998,76.526223
2003,8,15,28.333333333333336,28.333333333333336,1.27,28.333333333333336,0.127,79.72591
2003,8,16,28.333333333333336,28.333333333333336,0.0,28.333333333333336,0.0,74.6528335
2003,8,17,28.333333333333336,28.333333333333336,1.016,28.333333333333336,0.1016,74.7956525
2003,8,18,26.944444444444446,26.944444444444446,17.779999999999998,26.944444444444446,1.7779999999999998,80.29037500000001
2003,8,19,28.333333333333336,28.333333333333336,0.508,28.333333333333336,0.0508,80.29037500000001
2003,8,20,28.333333333333336,28.333333333333336,0.0025399999999999997,28.333333333333336,0.000254,80.338385
2003,8,21,27.222222222222225,27.222222222222225,30.226,27.222222222222225,3.0225999999999997,80.248265
2003,8,22,27.222222222222225,27.222222222222225,5.334,27.222222222222225,0.5334,83.24374
2003,8,23,28.61111111111111,28.61111111111111,0.254,28.61111111111111,0.0254,79.72101
2003,8,24,28.05555555555556,28.05555555555556,0.254,28.05555555555556,0.0254,80.31109000000001
2003,8,25,27.5,27.5,33.019999999999996,27.5,3.3019999999999996,89.58804
2003,8,26,27.5,27.5,2.032,27.5,0.2032,81.32096
2003,8,27,28.61111111111111,28.61111111111111,0.0025399999999999997,28.61111111111111,0.000254,80.20698
2003,8,28,27.222222222222225,27.222222222222225,11.175999999999998,27.222222222222225,1.1176,85.46674
2003,8,29,26.666666666666668,26.666666666666668,10.16,26.666666666666668,1.016,84.23262
2003,8,30,27.77777777777778,27.77777777777778,1.778,27.77777777777778,0.1778,85.22497
2003,8,31,28.05555555555556,28.05555555555556,0.0,28.05555555555556,0.0,82.09495
2003,9,1,28.05555555555556,28.05555555555556,4.571999999999999,28.05555555555556,0.45719999999999994,83.23963
2003,9,2,28.333333333333336,28.333333333333336,4.571999999999999,28.333333333333336,0.45719999999999994,84.35604000000001
2003,9,3,28.61111111111111,28.61111111111111,0.0,28.61111111111111,0.0,82.0831225
2003,9,4,29.166666666666668,29.166666666666668,0.0025399999999999997,29.166666666666668,0.000254,69.991225
2003,9,5,30.0,30.0,0.0025399999999999997,30.0,0.000254,69.70015000000001
2003,9,6,28.88888888888889,28.88888888888889,1.27,28.88888888888889,0.127,73.8803035
2003,9,7,28.05555555555556,28.05555555555556,5.587999999999999,28.05555555555556,0.5588,81.31326
2003,9,8,28.05555555555556,28.05555555555556,9.398,28.05555555555556,0.9398,78.10723999999999
2003,9,9,28.88888888888889,28.88888888888889,0.0,28.88888888888889,0.0,71.8532335
2003,9,10,28.61111111111111,28.61111111111111,0.0025399999999999997,28.61111111111111,0.000254,73.5544525
2003,9,11,28.61111111111111,28.61111111111111,0.254,28.61111111111111,0.0254,76.4179525
2003,9,12,28.05555555555556,28.05555555555556,0.0,28.05555555555556,0.0,76.4008525
2003,9,13,28.05555555555556,28.05555555555556,2.032,28.05555555555556,0.2032,78.26026
2003,9,14,29.722222222222225,29.722222222222225,0.0,29.722222222222225,0.0,65.194885
2003,9,15,30.27777777777778,30.27777777777778,0.0,30.27777777777778,0.0,71.29765
2003,9,16,29.444444444444446,29.444444444444446,0.7619999999999999,29.444444444444446,0.07619999999999999,76.0504335
2003,9,17,29.722222222222225,29.722222222222225,0.0,29.722222222222225,0.0,69.9939525
2003,9,18,28.88888888888889,28.88888888888889,0.0,28.88888888888889,0.0,71.680138
2003,9,19,28.333333333333336,28.333333333333336,4.3180000000000005,28.333333333333336,0.4318000000000001,74.6734335
2003,9,20,26.38888888888889,26.38888888888889,40.89399999999999,26.38888888888889,4.0893999999999995,79.72591
2003,9,21,26.11111111111111,26.11111111111111,28.194000000000003,26.11111111111111,2.8194000000000004,86.15107
2003,9,22,27.222222222222225,27.222222222222225,2.2859999999999996,27.222222222222225,0.22859999999999997,78.8438215
2003,9,23,28.05555555555556,28.05555555555556,0.0025399999999999997,28.05555555555556,0.000254,80.04629299999999
2003,9,24,28.333333333333336,28.333333333333336,0.0,28.333333333333336,0.0,78.43454299999999
2003,9,25,28.61111111111111,28.61111111111111,0.0025399999999999997,28.61111111111111,0.000254,76.526223
2003,9,26,29.166666666666668,29.166666666666668,2.2859999999999996,29.166666666666668,0.22859999999999997,77.628985
2003,9,27,29.444444444444446,29.444444444444446,0.0,29.444444444444446,0.0,75.755245
2003,9,28,28.333333333333336,28.333333333333336,0.0,28.333333333333336,0.0,70.207738
2003,9,29,28.05555555555556,28.05555555555556,7.619999999999999,28.05555555555556,0.7619999999999999,80.26943
2003,9,30,28.61111111111111,28.61111111111111,0.254,28.61111111111111,0.0254,75.6077225
2003,10,1,27.77777777777778,27.77777777777778,0.508,27.77777777777778,0.0508,75.7880215
2003,10,2,28.61111111111111,28.61111111111111,0.0,28.61111111111111,0.0,73.765008
2003,10,3,27.77777777777778,27.77777777777778,0.0,27.77777777777778,0.0,76.3802525
2003,10,4,28.05555555555556,28.05555555555556,0.0025399999999999997,28.05555555555556,0.000254,75.56806
2003,10,5,27.77777777777778,27.77777777777778,0.0,27.77777777777778,0.0,71.653688
2003,10,6,28.05555555555556,28.05555555555556,0.0,28.05555555555556,0.0,72.8835715
2003,10,7,27.222222222222225,27.222222222222225,0.0025399999999999997,27.222222222222225,0.000254,76.4179525
2003,10,8,28.05555555555556,28.05555555555556,0.254,28.05555555555556,0.0254,80.21023
2003,10,9,26.38888888888889,26.38888888888889,13.97,26.38888888888889,1.397,89.380855
2003,10,10,24.722222222222225,24.722222222222225,38.862,24.722222222222225,3.8862,93.75215
2003,10,11,27.5,27.5,2.54,27.5,0.254,83.122693
2003,10,12,28.05555555555556,28.05555555555556,5.334,28.05555555555556,0.5334,78.3262725
2003,10,13,28.05555555555556,28.05555555555556,0.0,28.05555555555556,0.0,79.390888
2003,10,14,29.166666666666668,29.166666666666668,0.7619999999999999,29.166666666666668,0.07619999999999999,68.2383485
2003,10,15,28.61111111111111,28.61111111111111,2.032,28.61111111111111,0.2032,76.6405335
2003,10,16,27.5,27.5,2.54,27.5,0.254,78.3472175
2003,10,17,27.77777777777778,27.77777777777778,0.0,27.77777777777778,0.0,79.4709525
2003,10,18,27.77777777777778,27.77777777777778,5.587999999999999,27.77777777777778,0.5588,79.72101
2003,10,19,27.77777777777778,27.77777777777778,0.0,27.77777777777778,0.0,78.3051075
2003,10,20,27.5,27.5,0.0,27.5,0.0,80.248265
2003,10,21,26.944444444444446,26.944444444444446,4.064,26.944444444444446,0.4064,84.23262
2003,10,22,28.61111111111111,28.61111111111111,0.0,28.61111111111111,0.0,72.89635
2003,10,23,27.77777777777778,27.77777777777778,0.0025399999999999997,27.77777777777778,0.000254,76.271152
2003,10,24,28.88888888888889,28.88888888888889,0.0025399999999999997,28.88888888888889,0.000254,72.404555
2003,10,25,27.5,27.5,0.7619999999999999,27.5,0.07619999999999999,79.81891
2003,10,26,27.222222222222225,27.222222222222225,6.095999999999999,27.222222222222225,0.6095999999999999,84.28415000000001
2003,10,27,27.77777777777778,27.77777777777778,0.0025399999999999997,27.77777777777778,0.000254,78.19600700000001
2003,10,28,28.05555555555556,28.05555555555556,0.0025399999999999997,28.05555555555556,0.000254,71.9786325
2003,10,29,28.61111111111111,28.61111111111111,0.254,28.61111111111111,0.0254,68.6876575
2003,10,30,26.944444444444446,26.944444444444446,13.462,26.944444444444446,1.3462,81.83219
2003,10,31,26.11111111111111,26.11111111111111,25.654,26.11111111111111,2.5654,84.796035
2003,11,1,26.38888888888889,26.38888888888889,5.08,26.38888888888889,0.508,76.3952375
2003,11,2,27.5,27.5,17.272000000000002,27.5,1.7272000000000003,80.89607000000001
2003,11,3,28.05555555555556,28.05555555555556,0.508,28.05555555555556,0.0508,77.91465500000001
2003,11,4,27.5,27.5,6.35,27.5,0.635,80.16856999999999
2003,11,5,27.77777777777778,27.77777777777778,12.7,27.77777777777778,1.27,79.390888
2003,11,6,27.222222222222225,27.222222222222225,4.826,27.222222222222225,0.4826,83.17676
2003,11,7,27.77777777777778,27.77777777777778,3.8099999999999996,27.77777777777778,0.38099999999999995,80.970455
2003,11,8,26.944444444444446,26.944444444444446,5.587999999999999,26.944444444444446,0.5588,85.133685
2003,11,9,25.833333333333336,25.833333333333336,21.843999999999998,25.833333333333336,2.1843999999999997,87.22169
2003,11,10,26.944444444444446,26.944444444444446,19.558,26.944444444444446,1.9558,87.22169
2003,11,11,26.666666666666668,26.666666666666668,3.556,26.666666666666668,0.3556,87.13995
2003,11,12,24.722222222222225,24.722222222222225,13.716,24.722222222222225,1.3716,93.74111
2003,11,13,25.833333333333336,25.833333333333336,32.257999999999996,25.833333333333336,3.2257999999999996,89.450565
2003,11,14,27.77777777777778,27.77777777777778,6.604,27.77777777777778,0.6604,81.2336025
2003,11,15,26.666666666666668,26.666666666666668,17.779999999999998,26.666666666666668,1.7779999999999998,86.15107
2003,11,16,26.38888888888889,26.38888888888889,12.7,26.38888888888889,1.27,87.121685
2003,11,17,26.11111111111111,26.11111111111111,46.482,26.11111111111111,4.6482,89.380855
2003,11,18,26.944444444444446,26.944444444444446,9.652,26.944444444444446,0.9652,83.07591
2003,11,19,25.833333333333336,25.833333333333336,0.254,25.833333333333336,0.0254,84.796035
2003,11,20,25.833333333333336,25.833333333333336,0.0025399999999999997,25.833333333333336,0.000254,83.103308
2003,11,21,26.38888888888889,26.38888888888889,4.571999999999999,26.38888888888889,0.45719999999999994,78.174612
2003,11,22,25.833333333333336,25.833333333333336,13.716,25.833333333333336,1.3716,87.121685
2003,11,23,25.833333333333336,25.833333333333336,0.508,25.833333333333336,0.0508,84.94877249999999
2003,11,24,25.27777777777778,25.27777777777778,25.4,25.27777777777778,2.54,87.0326
2003,11,25,25.55555555555556,25.55555555555556,0.0,25.55555555555556,0.0,82.50095
2003,11,26,26.666666666666668,26.666666666666668,0.0,26.666666666666668,0.0,73.227305
2003,11,27,27.222222222222225,27.222222222222225,0.0,27.222222222222225,0.0,71.999595
2003,11,28,26.944444444444446,26.944444444444446,0.0025399999999999997,26.944444444444446,0.000254,74.1674725
2003,11,29,25.833333333333336,25.833333333333336,0.0025399999999999997,25.833333333333336,0.000254,79.61356
2003,11,30,25.833333333333336,25.833333333333336,1.27,25.833333333333336,0.127,78.06468
2003,12,1,25.55555555555556,25.55555555555556,0.7619999999999999,25.55555555555556,0.07619999999999999,78.03339
2003,12,2,25.833333333333336,25.833333333333336,0.254,25.833333333333336,0.0254,77.610285
2003,12,3,25.55555555555556,25.55555555555556,0.254,25.55555555555556,0.0254,77.41806
2003,12,4,26.666666666666668,26.666666666666668,0.0025399999999999997,26.666666666666668,0.000254,75.81003799999999
2003,12,5,25.55555555555556,25.55555555555556,20.827999999999996,25.55555555555556,2.0827999999999998,82.87175500000001
2003,12,6,24.722222222222225,24.722222222222225,36.83,24.722222222222225,3.683,94.37412
2003,12,7,26.38888888888889,26.38888888888889,8.128,26.38888888888889,0.8128,83.26467199999999
2003,12,8,25.0,25.0,16.509999999999998,25.0,1.6509999999999998,84.532725
2003,12,9,26.11111111111111,26.11111111111111,0.0,26.11111111111111,0.0,67.0178855
2003,12,10,25.55555555555556,25.55555555555556,0.0025399999999999997,25.55555555555556,0.000254,75.19819700000001
2003,12,11,25.833333333333336,25.833333333333336,5.587999999999999,25.833333333333336,0.5588,84.76425
2003,12,12,25.55555555555556,25.55555555555556,0.0,25.55555555555556,0.0,84.796035
2003,12,13,26.11111111111111,26.11111111111111,3.302,26.11111111111111,0.3302,83.26467199999999
2003,12,14,25.833333333333336,25.833333333333336,1.778,25.833333333333336,0.1778,83.38068
2003,12,15,26.11111111111111,26.11111111111111,0.254,26.11111111111111,0.0254,80.024355
2003,12,16,26.38888888888889,26.38888888888889,0.0,26.38888888888889,0.0,77.70084
2003,12,17,26.38888888888889,26.38888888888889,9.652,26.38888888888889,0.9652,79.634955
2003,12,18,26.11111111111111,26.11111111111111,0.0,26.11111111111111,0.0,78.43736
2003,12,19,25.0,25.0,1.5239999999999998,25.0,0.15239999999999998,80.4357
2003,12,20,26.38888888888889,26.38888888888889,0.0,26.38888888888889,0.0,60.56289699999999
2003,12,21,26.11111111111111,26.11111111111111,0.0,26.11111111111111,0.0,80.79040499999999
2003,12,22,25.833333333333336,25.833333333333336,0.7619999999999999,25.833333333333336,0.07619999999999999,79.61356
2003,12,23,25.833333333333336,25.833333333333336,1.27,25.833333333333336,0.127,79.55106
2003,12,24,25.27777777777778,25.27777777777778,0.0,25.27777777777778,0.0,84.107582
2003,12,25,25.55555555555556,25.55555555555556,5.842,25.55555555555556,0.5841999999999999,84.76425
2003,12,26,25.55555555555556,25.55555555555556,3.556,25.55555555555556,0.3556,87.05747199999999
2003,12,27,25.0,25.0,7.366,25.0,0.7365999999999999,87.05747199999999
2003,12,28,24.444444444444446,24.444444444444446,2.2859999999999996,24.444444444444446,0.22859999999999997,73.1752455
2003,12,29,23.88888888888889,23.88888888888889,5.334,23.88888888888889,0.5334,65.4701
2003,12,30,24.722222222222225,24.722222222222225,0.0025399999999999997,24.722222222222225,0.000254,55.458243
2003,12,31,23.88888888888889,23.88888888888889,1.27,23.88888888888889,0.127,70.9441825
2004,1,1,24.444444444444446,24.444444444444446,0.7619999999999999,24.444444444444446,0.07619999999999999,67.70349999999999
2004,1,2,23.88888888888889,23.88888888888889,4.826,23.88888888888889,0.4826,81.47805
2004,1,3,25.0,25.0,2.7939999999999996,25.0,0.2794,76.09675
2004,1,4,24.444444444444446,24.444444444444446,0.7619999999999999,24.444444444444446,0.07619999999999999,79.16075000000001
2004,1,5,24.166666666666668,24.166666666666668,5.08,24.166666666666668,0.508,81.8035
2004,1,6,23.88888888888889,23.88888888888889,15.494,23.88888888888889,1.5493999999999999,88.23830000000001
2004,1,7,24.444444444444446,24.444444444444446,0.508,24.444444444444446,0.0508,78.49345
2004,1,8,23.61111111111111,23.61111111111111,0.508,23.61111111111111,0.0508,83.8741
2004,1,9,24.444444444444446,24.444444444444446,0.254,24.444444444444446,0.0254,82.48734999999999
2004,1,10,24.444444444444446,24.444444444444446,1.016,24.444444444444446,0.1016,83.22585
2004,1,11,24.722222222222225,24.722222222222225,4.064,24.722222222222225,0.4064,84.20365
2004,1,12,24.722222222222225,24.722222222222225,1.778,24.722222222222225,0.1778,81.8488
2004,1,13,24.444444444444446,24.444444444444446,0.0,24.444444444444446,0.0,81.37180000000001
2004,1,14,24.444444444444446,24.444444444444446,2.2859999999999996,24.444444444444446,0.22859999999999997,82.34694999999999
2004,1,15,24.444444444444446,24.444444444444446,7.874,24.444444444444446,0.7874,81.6571
2004,1,16,24.444444444444446,24.444444444444446,0.0,24.444444444444446,0.0,79.988
2004,1,17,25.0,25.0,0.0,25.0,0.0,78.97104999999999
2004,1,18,24.444444444444446,24.444444444444446,0.0025399999999999997,24.444444444444446,0.000254,81.05930000000001
2004,1,19,24.166666666666668,24.166666666666668,0.0,24.166666666666668,0.0,80.22215
2004,1,20,25.833333333333336,25.833333333333336,0.7619999999999999,25.833333333333336,0.07619999999999999,80.5153
2004,1,21,24.444444444444446,24.444444444444446,0.0,24.444444444444446,0.0,85.5291
2004,1,22,24.722222222222225,24.722222222222225,0.0,24.722222222222225,0.0,81.41935000000001
2004,1,23,25.0,25.0,0.0,25.0,0.0,82.45394999999999
2004,1,24,25.0,25.0,1.016,25.0,0.1016,76.75595
2004,1,25,23.333333333333336,23.333333333333336,0.0,23.333333333333336,0.0,72.9571
2004,1,26,23.88888888888889,23.88888888888889,0.0025399999999999997,23.88888888888889,0.000254,68.11535
2004,1,27,23.61111111111111,23.61111111111111,0.0025399999999999997,23.61111111111111,0.000254,79.97715
2004,1,28,25.55555555555556,25.55555555555556,0.0,25.55555555555556,0.0,77.1805
2004,1,29,25.55555555555556,25.55555555555556,0.0,25.55555555555556,0.0,78.8275
2004,1,30,24.444444444444446,24.444444444444446,0.0,24.444444444444446,0.0,74.52595
2004,1,31,26.11111111111111,26.11111111111111,0.0,26.11111111111111,0.0,73.2602
2004,2,1,25.0,25.0,0.0,25.0,0.0,77.12695
2004,2,2,24.722222222222225,24.722222222222225,4.571999999999999,24.722222222222225,0.45719999999999994,85.25215
2004,2,3,24.166666666666668,24.166666666666668,1.016,24.166666666666668,0.1016,82.9111
2004,2,4,25.833333333333336,25.833333333333336,0.0,25.833333333333336,0.0,70.1593
2004,2,5,24.444444444444446,24.444444444444446,0.0025399999999999997,24.444444444444446,0.000254,77.4402
2004,2,6,25.27777777777778,25.27777777777778,11.43,25.27777777777778,1.143,78.6197
2004,2,7,24.722222222222225,24.722222222222225,1.27,24.722222222222225,0.127,81.6571
2004,2,8,24.722222222222225,24.722222222222225,0.0025399999999999997,24.722222222222225,0.000254,79.16714999999999
2004,2,9,25.0,25.0,1.27,25.0,0.127,79.06455
2004,2,10,25.27777777777778,25.27777777777778,3.302,25.27777777777778,0.3302,75.8093
2004,2,11,24.444444444444446,24.444444444444446,0.0025399999999999997,24.444444444444446,0.000254,72.13685
2004,2,12,25.27777777777778,25.27777777777778,0.0,25.27777777777778,0.0,75.1932
2004,2,13,25.55555555555556,25.55555555555556,1.016,25.55555555555556,0.1016,66.66120000000001
2004,2,14,25.0,25.0,4.3180000000000005,25.0,0.4318000000000001,83.3523
2004,2,15,25.55555555555556,25.55555555555556,1.778,25.55555555555556,0.1778,74.13315
2004,2,16,25.55555555555556,25.55555555555556,1.27,25.55555555555556,0.127,77.8238
2004,2,17,25.0,25.0,5.334,25.0,0.5334,82.44865
2004,2,18,23.61111111111111,23.61111111111111,0.0025399999999999997,23.61111111111111,0.000254,83.86595
2004,2,19,24.444444444444446,24.444444444444446,0.0,24.444444444444446,0.0,79.19345
2004,2,20,24.722222222222225,24.722222222222225,2.54,24.722222222222225,0.254,82.74504999999999
2004,2,21,23.333333333333336,23.333333333333336,11.175999999999998,23.333333333333336,1.1176,86.94075000000001
2004,2,22,24.444444444444446,24.444444444444446,0.254,24.444444444444446,0.0254,82.13225
2004,2,23,23.61111111111111,23.61111111111111,0.0,23.61111111111111,0.0,83.24045000000001
2004,2,24,24.722222222222225,24.722222222222225,0.0,24.722222222222225,0.0,76.868
2004,2,25,24.722222222222225,24.722222222222225,0.0025399999999999997,24.722222222222225,0.000254,85.6322
2004,2,26,25.833333333333336,25.833333333333336,4.064,25.833333333333336,0.4064,80.2479
2004,2,27,25.833333333333336,25.833333333333336,0.0,25.833333333333336,0.0,73.2744
2004,2,28,25.833333333333336,25.833333333333336,0.0,25.833333333333336,0.0,72.93799
2004,2,29,23.61111111111111,23.61111111111111,11.684,23.61111111111111,1.1683999999999999,84.29339999999999
2004,3,1,25.27777777777778,25.27777777777778,0.0025399999999999997,25.27777777777778,0.000254,66.53755
2004,3,2,24.444444444444446,24.444444444444446,1.5239999999999998,24.444444444444446,0.15239999999999998,78.10755
2004,3,3,25.55555555555556,25.55555555555556,0.0025399999999999997,25.55555555555556,0.000254,70.7302
2004,3,4,25.0,25.0,1.016,25.0,0.1016,71.78555
2004,3,5,26.11111111111111,26.11111111111111,0.0,26.11111111111111,0.0,65.73175
2004,3,6,25.55555555555556,25.55555555555556,0.0,25.55555555555556,0.0,69.80665
2004,3,7,25.55555555555556,25.55555555555556,0.0025399999999999997,25.55555555555556,0.000254,72.92405
2004,3,8,25.833333333333336,25.833333333333336,0.0,25.833333333333336,0.0,72.56685
2004,3,9,25.0,25.0,0.0025399999999999997,25.0,0.000254,82.9873
2004,3,10,26.666666666666668,26.666666666666668,0.0025399999999999997,26.666666666666668,0.000254,85.89099999999999
2004,3,11,26.666666666666668,26.666666666666668,0.0,26.666666666666668,0.0,87.21355
2004,3,12,26.38888888888889,26.38888888888889,1.27,26.38888888888889,0.127,83.82730000000001
2004,3,13,26.11111111111111,26.11111111111111,0.254,26.11111111111111,0.0254,83.34129999999999
2004,3,14,25.27777777777778,25.27777777777778,7.619999999999999,25.27777777777778,0.7619999999999999,89.63380000000001
2004,3,15,25.55555555555556,25.55555555555556,0.7619999999999999,25.55555555555556,0.07619999999999999,84.18225000000001
2004,3,16,25.55555555555556,25.55555555555556,0.0025399999999999997,25.55555555555556,0.000254,84.82055
2004,3,17,25.55555555555556,25.55555555555556,0.0025399999999999997,25.55555555555556,0.000254,87.16454999999999
2004,3,18,25.55555555555556,25.55555555555556,0.0025399999999999997,25.55555555555556,0.000254,79.1983
2004,3,19,25.55555555555556,25.55555555555556,1.5239999999999998,25.55555555555556,0.15239999999999998,76.51
2004,3,20,25.55555555555556,25.55555555555556,1.5239999999999998,25.55555555555556,0.15239999999999998,79.49875
2004,3,21,25.27777777777778,25.27777777777778,0.0025399999999999997,25.27777777777778,0.000254,72.934
2004,3,22,26.11111111111111,26.11111111111111,0.0,26.11111111111111,0.0,71.64085
2004,3,23,25.0,25.0,0.0,25.0,0.0,75.1542
2004,3,24,25.0,25.0,14.224,25.0,1.4224,81.66290000000001
2004,3,25,25.27777777777778,25.27777777777778,8.636000000000001,25.27777777777778,0.8636000000000001,78.29545
2004,3,26,24.444444444444446,24.444444444444446,8.889999999999999,24.444444444444446,0.8889999999999999,79.41409999999999
2004,3,27,24.722222222222225,24.722222222222225,8.382,24.722222222222225,0.8382,78.17415
2004,3,28,24.722222222222225,24.722222222222225,1.778,24.722222222222225,0.1778,75.8092
2004,3,29,23.61111111111111,23.61111111111111,13.97,23.61111111111111,1.397,80.26895
2004,3,30,24.166666666666668,24.166666666666668,1.016,24.166666666666668,0.1016,76.4067
2004,3,31,24.722222222222225,24.722222222222225,1.016,24.722222222222225,0.1016,71.1792
2004,4,1,25.0,25.0,2.2859999999999996,25.0,0.22859999999999997,79.94045
2004,4,2,25.55555555555556,25.55555555555556,0.0,25.55555555555556,0.0,71.4862
2004,4,3,26.944444444444446,26.944444444444446,0.7619999999999999,26.944444444444446,0.07619999999999999,76.24005
2004,4,4,25.0,25.0,0.508,25.0,0.0508,86.43095
2004,4,5,26.11111111111111,26.11111111111111,0.0,26.11111111111111,0.0,79.3743
2004,4,6,26.38888888888889,26.38888888888889,0.0,26.38888888888889,0.0,74.69165000000001
2004,4,7,25.833333333333336,25.833333333333336,30.988,25.833333333333336,3.0987999999999998,84.3997
2004,4,8,26.11111111111111,26.11111111111111,0.508,26.11111111111111,0.0508,81.07215
2004,4,9,26.11111111111111,26.11111111111111,0.0,26.11111111111111,0.0,81.6053
2004,4,10,25.833333333333336,25.833333333333336,0.0,25.833333333333336,0.0,84.00205
2004,4,11,25.833333333333336,25.833333333333336,0.0,25.833333333333336,0.0,72.06905
2004,4,12,25.833333333333336,25.833333333333336,0.0,25.833333333333336,0.0,73.6671
2004,4,13,26.11111111111111,26.11111111111111,0.0025399999999999997,26.11111111111111,0.000254,68.6611
2004,4,14,25.55555555555556,25.55555555555556,0.0,25.55555555555556,0.0,64.54894999999999
2004,4,15,25.27777777777778,25.27777777777778,0.0,25.27777777777778,0.0,75.8324
2004,4,16,26.11111111111111,26.11111111111111,0.0,26.11111111111111,0.0,70.65465
2004,4,17,25.55555555555556,25.55555555555556,0.0,25.55555555555556,0.0,69.499
2004,4,18,26.666666666666668,26.666666666666668,0.0025399999999999997,26.666666666666668,0.000254,77.672
2004,4,19,25.833333333333336,25.833333333333336,5.587999999999999,25.833333333333336,0.5588,87.85685000000001
2004,4,20,25.55555555555556,25.55555555555556,15.239999999999998,25.55555555555556,1.5239999999999998,84.76425
2004,4,21,25.833333333333336,25.833333333333336,1.016,25.833333333333336,0.1016,85.67325
2004,4,22,27.222222222222225,27.222222222222225,0.0025399999999999997,27.222222222222225,0.000254,81.66364999999999
2004,4,23,26.38888888888889,26.38888888888889,2.2859999999999996,26.38888888888889,0.22859999999999997,83.32925
2004,4,24,26.11111111111111,26.11111111111111,2.2859999999999996,26.11111111111111,0.22859999999999997,82.9625
2004,4,25,26.11111111111111,26.11111111111111,1.27,26.11111111111111,0.127,79.63495
2004,4,26,26.11111111111111,26.11111111111111,1.27,26.11111111111111,0.127,80.70955000000001
2004,4,27,26.11111111111111,26.11111111111111,7.874,26.11111111111111,0.7874,79.0678
2004,4,28,27.222222222222225,27.222222222222225,2.032,27.222222222222225,0.2032,75.63380000000001
2004,4,29,26.38888888888889,26.38888888888889,3.0479999999999996,26.38888888888889,0.30479999999999996,80.6445
2004,4,30,26.11111111111111,26.11111111111111,1.016,26.11111111111111,0.1016,76.3156
2004,5,1,26.11111111111111,26.11111111111111,0.254,26.11111111111111,0.0254,76.2267
2004,5,2,26.38888888888889,26.38888888888889,2.54,26.38888888888889,0.254,78.93735000000001
2004,5,3,25.833333333333336,25.833333333333336,13.462,25.833333333333336,1.3462,87.1235
2004,5,4,25.833333333333336,25.833333333333336,16.256,25.833333333333336,1.6256,84.76425
2004,5,5,26.666666666666668,26.666666666666668,1.778,26.666666666666668,0.1778,86.78555
2004,5,6,26.944444444444446,26.944444444444446,0.0025399999999999997,26.944444444444446,0.000254,77.20145
2004,5,7,26.944444444444446,26.944444444444446,0.0025399999999999997,26.944444444444446,0.000254,85.89099999999999
2004,5,8,26.38888888888889,26.38888888888889,0.0025399999999999997,26.38888888888889,0.000254,88.34805
2004,5,9,27.222222222222225,27.222222222222225,0.0025399999999999997,27.222222222222225,0.000254,81.0611
2004,5,10,27.222222222222225,27.222222222222225,0.0025399999999999997,27.222222222222225,0.000254,79.45304999999999
2004,5,11,27.222222222222225,27.222222222222225,0.0025399999999999997,27.222222222222225,0.000254,81.0121
2004,5,12,25.833333333333336,25.833333333333336,21.589999999999996,25.833333333333336,2.159,89.7088
2004,5,13,25.833333333333336,25.833333333333336,0.508,25.833333333333336,0.0508,88.26480000000001
2004,5,14,25.0,25.0,21.589999999999996,25.0,2.159,93.6111
2004,5,15,25.55555555555556,25.55555555555556,5.08,25.55555555555556,0.508,88.53399999999999
2004,5,16,26.666666666666668,26.666666666666668,4.3180000000000005,26.666666666666668,0.4318000000000001,87.16454999999999
2004,5,17,26.38888888888889,26.38888888888889,0.508,26.38888888888889,0.0508,83.96095
2004,5,18,26.666666666666668,26.666666666666668,0.0025399999999999997,26.666666666666668,0.000254,82.86635000000001
2004,5,19,25.27777777777778,25.27777777777778,16.764,25.27777777777778,1.6764,91.09425
2004,5,20,25.55555555555556,25.55555555555556,24.13,25.55555555555556,2.413,88.18065
2004,5,21,23.88888888888889,23.88888888888889,8.382,23.88888888888889,0.8382,92.2628
2004,5,22,24.166666666666668,24.166666666666668,4.064,24.166666666666668,0.4064,90.81685
2004,5,23,23.05555555555556,23.05555555555556,91.948,23.05555555555556,9.194799999999999,100.0
2004,5,24,25.27777777777778,25.27777777777778,0.508,25.27777777777778,0.0508,90.88435
2004,5,25,26.11111111111111,26.11111111111111,3.556,26.11111111111111,0.3556,83.82730000000001
2004,5,26,28.05555555555556,28.05555555555556,0.0,28.05555555555556,0.0,76.9539
2004,5,27,28.88888888888889,28.88888888888889,0.0025399999999999997,28.88888888888889,0.000254,73.01685
2004,5,28,27.222222222222225,27.222222222222225,0.0025399999999999997,27.222222222222225,0.000254,73.01685
2004,5,29,28.05555555555556,28.05555555555556,0.0025399999999999997,28.05555555555556,0.000254,74.29265000000001
2004,5,30,28.61111111111111,28.61111111111111,1.27,28.61111111111111,0.127,74.7666
2004,5,31,28.88888888888889,28.88888888888889,0.0025399999999999997,28.88888888888889,0.000254,71.5039
2004,6,1,28.05555555555556,28.05555555555556,0.0,28.05555555555556,0.0,75.0529
2004,6,2,28.333333333333336,28.333333333333336,2.2859999999999996,28.333333333333336,0.22859999999999997,71.8715
2004,6,3,28.333333333333336,28.333333333333336,3.556,28.333333333333336,0.3556,75.01599999999999
2004,6,4,27.77777777777778,27.77777777777778,3.302,27.77777777777778,0.3302,77.482
2004,6,5,28.333333333333336,28.333333333333336,0.0025399999999999997,28.333333333333336,0.000254,72.7028
2004,6,6,27.77777777777778,27.77777777777778,4.571999999999999,27.77777777777778,0.45719999999999994,74.24015
2004,6,7,27.5,27.5,3.8099999999999996,27.5,0.38099999999999995,76.0822
2004,6,8,28.05555555555556,28.05555555555556,0.0025399999999999997,28.05555555555556,0.000254,71.53425
2004,6,9,27.5,27.5,50.038,27.5,5.0038,77.75305
2004,6,10,26.666666666666668,26.666666666666668,31.496,26.666666666666668,3.1496,83.05915
2004,6,11,28.88888888888889,28.88888888888889,0.0025399999999999997,28.88888888888889,0.000254,75.5364
2004,6,12,29.722222222222225,29.722222222222225,0.0,29.722222222222225,0.0,66.67405
2004,6,13,29.166666666666668,29.166666666666668,0.0,29.166666666666668,0.0,66.4973
2004,6,14,28.333333333333336,28.333333333333336,0.0,28.333333333333336,0.0,72.7028
2004,6,15,27.5,27.5,0.0,27.5,0.0,71.9822025
2004,6,16,27.77777777777778,27.77777777777778,4.064,27.77777777777778,0.4064,72.89775
2004,6,17,28.05555555555556,28.05555555555556,2.032,28.05555555555556,0.2032,78.11495
2004,6,18,28.88888888888889,28.88888888888889,0.0,28.88888888888889,0.0,75.5364
2004,6,19,28.61111111111111,28.61111111111111,0.0,28.61111111111111,0.0,68.4777
2004,6,20,28.333333333333336,28.333333333333336,2.032,28.333333333333336,0.2032,73.56965
2004,6,21,28.333333333333336,28.333333333333336,0.7619999999999999,28.333333333333336,0.07619999999999999,73.52285
2004,6,22,28.333333333333336,28.333333333333336,0.508,28.333333333333336,0.0508,72.72925000000001
2004,6,23,29.444444444444446,29.444444444444446,0.0025399999999999997,29.444444444444446,0.000254,69.98195
2004,6,24,28.88888888888889,28.88888888888889,0.0,28.88888888888889,0.0,69.21605
2004,6,25,27.222222222222225,27.222222222222225,9.906,27.222222222222225,0.9906,76.34185
2004,6,26,28.05555555555556,28.05555555555556,0.254,28.05555555555556,0.0254,71.43015
2004,6,27,28.333333333333336,28.333333333333336,34.798,28.333333333333336,3.4798,75.6077025
2004,6,28,28.05555555555556,28.05555555555556,22.098,28.05555555555556,2.2098,76.4179525
2004,6,29,28.61111111111111,28.61111111111111,0.0025399999999999997,28.61111111111111,0.000254,71.58705
2004,6,30,28.05555555555556,28.05555555555556,2.7939999999999996,28.05555555555556,0.2794,73.191038
2004,7,1,26.944444444444446,26.944444444444446,36.321999999999996,26.944444444444446,3.6321999999999997,78.0753
2004,7,2,27.5,27.5,27.178,27.5,2.7178,76.7178
2004,7,3,28.333333333333336,28.333333333333336,2.7939999999999996,28.333333333333336,0.2794,76.69085
2004,7,4,27.77777777777778,27.77777777777778,7.112,27.77777777777778,0.7112,76.309455
2004,7,5,27.5,27.5,0.254,27.5,0.0254,76.87615
2004,7,6,28.333333333333336,28.333333333333336,0.0025399999999999997,28.333333333333336,0.000254,74.88875
2004,7,7,28.05555555555556,28.05555555555556,5.587999999999999,28.05555555555556,0.5588,78.3611
2004,7,8,28.61111111111111,28.61111111111111,0.0025399999999999997,28.61111111111111,0.000254,72.30385
2004,7,9,28.88888888888889,28.88888888888889,0.0,28.88888888888889,0.0,73.28162999999999
2004,7,10,28.61111111111111,28.61111111111111,0.0025399999999999997,28.61111111111111,0.000254,73.505302
2004,7,11,28.05555555555556,28.05555555555556,9.398,28.05555555555556,0.9398,76.69085
2004,7,12,27.222222222222225,27.222222222222225,1.016,27.222222222222225,0.1016,81.22335000000001
2004,7,13,28.05555555555556,28.05555555555556,2.2859999999999996,28.05555555555556,0.22859999999999997,77.34836999999999
2004,7,14,27.5,27.5,16.764,27.5,1.6764,78.0163
2004,7,15,28.05555555555556,28.05555555555556,1.27,28.05555555555556,0.127,77.541
2004,7,16,28.333333333333336,28.333333333333336,5.842,28.333333333333336,0.5841999999999999,74.558138
2004,7,17,28.05555555555556,28.05555555555556,0.0025399999999999997,28.05555555555556,0.000254,72.31975
2004,7,18,27.5,27.5,0.0,27.5,0.0,72.4953
2004,7,19,28.61111111111111,28.61111111111111,0.0025399999999999997,28.61111111111111,0.000254,72.8519
2004,7,20,27.77777777777778,27.77777777777778,11.43,27.77777777777778,1.143,73.8005835
2004,7,21,28.61111111111111,28.61111111111111,1.016,28.61111111111111,0.1016,75.60725000000001
2004,7,22,28.88888888888889,28.88888888888889,0.0025399999999999997,28.88888888888889,0.000254,70.01835
2004,7,23,28.333333333333336,28.333333333333336,3.556,28.333333333333336,0.3556,74.2436
2004,7,24,27.5,27.5,14.224,27.5,1.4224,79.0825
2004,7,25,27.222222222222225,27.222222222222225,12.953999999999999,27.222222222222225,1.2953999999999999,80.05160000000001
2004,7,26,27.77777777777778,27.77777777777778,0.508,27.77777777777778,0.0508,75.9056075
2004,7,27,28.61111111111111,28.61111111111111,0.254,28.61111111111111,0.0254,73.60485
2004,7,28,27.77777777777778,27.77777777777778,10.413999999999998,27.77777777777778,1.0413999999999999,77.72605
2004,7,29,28.61111111111111,28.61111111111111,0.254,28.61111111111111,0.0254,75.6324
2004,7,30,28.61111111111111,28.61111111111111,0.0,28.61111111111111,0.0,70.982
2004,7,31,28.61111111111111,28.61111111111111,1.5239999999999998,28.61111111111111,0.15239999999999998,72.30385
2004,8,1,28.88888888888889,28.88888888888889,0.0,28.88888888888889,0.0,76.78784999999999
2004,8,2,28.61111111111111,28.61111111111111,0.254,28.61111111111111,0.0254,71.70949999999999
2004,8,3,28.05555555555556,28.05555555555556,0.0025399999999999997,28.05555555555556,0.000254,69.27565
2004,8,4,28.333333333333336,28.333333333333336,0.7619999999999999,28.333333333333336,0.07619999999999999,77.62895
2004,8,5,29.722222222222225,29.722222222222225,0.7619999999999999,29.722222222222225,0.07619999999999999,64.7484
2004,8,6,29.722222222222225,29.722222222222225,0.0025399999999999997,29.722222222222225,0.000254,67.15
2004,8,7,28.88888888888889,28.88888888888889,0.0,28.88888888888889,0.0,69.6167
2004,8,8,29.444444444444446,29.444444444444446,2.54,29.444444444444446,0.254,65.15765
2004,8,9,28.333333333333336,28.333333333333336,6.35,28.333333333333336,0.635,77.48925
2004,8,10,29.444444444444446,29.444444444444446,1.016,29.444444444444446,0.1016,76.54945000000001
2004,8,11,29.444444444444446,29.444444444444446,0.0,29.444444444444446,0.0,74.86255
2004,8,12,28.88888888888889,28.88888888888889,0.254,28.88888888888889,0.0254,72.8835
2004,8,13,28.333333333333336,28.333333333333336,19.558,28.333333333333336,1.9558,75.84880000000001
2004,8,14,28.333333333333336,28.333333333333336,2.54,28.333333333333336,0.254,75.9633
2004,8,15,28.88888888888889,28.88888888888889,0.0025399999999999997,28.88888888888889,0.000254,76.19425
2004,8,16,29.444444444444446,29.444444444444446,0.254,29.444444444444446,0.0254,75.58335
2004,8,17,29.444444444444446,29.444444444444446,0.0025399999999999997,29.444444444444446,0.000254,69.1399835
2004,8,18,28.05555555555556,28.05555555555556,12.7,28.05555555555556,1.27,76.29175000000001
2004,8,19,28.61111111111111,28.61111111111111,7.366,28.61111111111111,0.7365999999999999,74.91775
2004,8,20,29.166666666666668,29.166666666666668,0.0025399999999999997,29.166666666666668,0.000254,72.51845
2004,8,21,29.722222222222225,29.722222222222225,0.508,29.722222222222225,0.0508,72.19985
2004,8,22,29.166666666666668,29.166666666666668,0.0,29.166666666666668,0.0,72.7831
2004,8,23,29.166666666666668,29.166666666666668,0.0025399999999999997,29.166666666666668,0.000254,70.485138
2004,8,24,28.88888888888889,28.88888888888889,0.254,28.88888888888889,0.0254,71.88194999999999
2004,8,25,29.166666666666668,29.166666666666668,4.3180000000000005,29.166666666666668,0.4318000000000001,69.63900000000001
2004,8,26,28.88888888888889,28.88888888888889,2.2859999999999996,28.88888888888889,0.22859999999999997,72.1508
2004,8,27,28.88888888888889,28.88888888888889,4.064,28.88888888888889,0.4064,74.4102
2004,8,28,27.77777777777778,27.77777777777778,6.35,27.77777777777778,0.635,75.90559999999999
2004,8,29,28.61111111111111,28.61111111111111,0.0,28.61111111111111,0.0,75.142
2004,8,30,28.05555555555556,28.05555555555556,6.35,28.05555555555556,0.635,74.83095
2004,8,31,27.77777777777778,27.77777777777778,5.587999999999999,27.77777777777778,0.5588,77.84864999999999
2004,9,1,30.27777777777778,30.27777777777778,0.0025399999999999997,30.27777777777778,0.000254,66.72275
2004,9,2,29.166666666666668,29.166666666666668,0.0025399999999999997,29.166666666666668,0.000254,71.29115
2004,9,3,29.166666666666668,29.166666666666668,9.398,29.166666666666668,0.9398,69.1263
2004,9,4,29.166666666666668,29.166666666666668,0.508,29.166666666666668,0.0508,66.616
2004,9,5,28.61111111111111,28.61111111111111,0.0025399999999999997,28.61111111111111,0.000254,69.7207
2004,9,6,28.61111111111111,28.61111111111111,5.08,28.61111111111111,0.508,78.344
2004,9,7,28.61111111111111,28.61111111111111,0.0025399999999999997,28.61111111111111,0.000254,78.36111
2004,9,8,28.88888888888889,28.88888888888889,0.254,28.88888888888889,0.0254,74.91775
2004,9,9,28.61111111111111,28.61111111111111,0.0,28.61111111111111,0.0,73.06575
2004,9,10,28.61111111111111,28.61111111111111,0.0025399999999999997,28.61111111111111,0.000254,71.28829999999999
2004,9,11,28.05555555555556,28.05555555555556,14.732,28.05555555555556,1.4731999999999998,78.0556
2004,9,12,28.88888888888889,28.88888888888889,0.0025399999999999997,28.88888888888889,0.000254,77.0712625
2004,9,13,28.88888888888889,28.88888888888889,17.779999999999998,28.88888888888889,1.7779999999999998,78.86619999999999
2004,9,14,28.05555555555556,28.05555555555556,9.398,28.05555555555556,0.9398,81.172
2004,9,15,25.27777777777778,25.27777777777778,77.724,25.27777777777778,7.7724,84.1041
2004,9,16,25.0,25.0,44.196,25.0,4.4196,87.8201
2004,9,17,26.666666666666668,26.666666666666668,5.08,26.666666666666668,0.508,80.32365
2004,9,18,27.5,27.5,2.54,27.5,0.254,80.47825
2004,9,19,28.61111111111111,28.61111111111111,0.0,28.61111111111111,0.0,72.26415
2004,9,20,29.444444444444446,29.444444444444446,0.0,29.444444444444446,0.0,71.2024
2004,9,21,28.61111111111111,28.61111111111111,3.0479999999999996,28.61111111111111,0.30479999999999996,71.7875
2004,9,22,29.722222222222225,29.722222222222225,8.382,29.722222222222225,0.8382,68.86595
2004,9,23,29.444444444444446,29.444444444444446,0.0,29.444444444444446,0.0,64.40165
2004,9,24,29.722222222222225,29.722222222222225,0.0,29.722222222222225,0.0,62.1045
2004,9,25,29.722222222222225,29.722222222222225,0.0,29.722222222222225,0.0,67.6539
2004,9,26,28.61111111111111,28.61111111111111,0.0,28.61111111111111,0.0,73.83395
2004,9,27,28.05555555555556,28.05555555555556,10.413999999999998,28.05555555555556,1.0413999999999999,75.8051215
2004,9,28,28.05555555555556,28.05555555555556,10.668,28.05555555555556,1.0668,78.1154
2004,9,29,27.5,27.5,6.095999999999999,27.5,0.6095999999999999,80.17009999999999
2004,9,30,28.333333333333336,28.333333333333336,4.571999999999999,28.333333333333336,0.45719999999999994,77.6373
2004,10,1,28.333333333333336,28.333333333333336,0.0025399999999999997,28.333333333333336,0.000254,76.63765000000001
2004,10,2,28.61111111111111,28.61111111111111,3.0479999999999996,28.61111111111111,0.30479999999999996,73.8604
2004,10,3,27.77777777777778,27.77777777777778,0.0025399999999999997,27.77777777777778,0.000254,75.3713
2004,10,4,29.166666666666668,29.166666666666668,0.0025399999999999997,29.166666666666668,0.000254,73.63595000000001
2004,10,5,27.77777777777778,27.77777777777778,3.0479999999999996,27.77777777777778,0.30479999999999996,78.34401
2004,10,6,28.333333333333336,28.333333333333336,4.064,28.333333333333336,0.4064,77.97445
2004,10,7,27.222222222222225,27.222222222222225,21.589999999999996,27.222222222222225,2.159,86.15205
2004,10,8,28.05555555555556,28.05555555555556,4.064,28.05555555555556,0.4064,81.46725
2004,10,9,28.333333333333336,28.333333333333336,0.0,28.333333333333336,0.0,76.91582
2004,10,10,28.333333333333336,28.333333333333336,1.5239999999999998,28.333333333333336,0.15239999999999998,77.95735
2004,10,11,28.61111111111111,28.61111111111111,7.112,28.61111111111111,0.7112,78.8875
2004,10,12,28.333333333333336,28.333333333333336,0.0,28.333333333333336,0.0,76.35215
2004,10,13,27.77777777777778,27.77777777777778,0.254,27.77777777777778,0.0254,79.9161
2004,10,14,28.05555555555556,28.05555555555556,9.652,28.05555555555556,0.9652,79.63435
2004,10,15,28.61111111111111,28.61111111111111,0.0,28.61111111111111,0.0,70.33085
2004,10,16,28.61111111111111,28.61111111111111,0.0025399999999999997,28.61111111111111,0.000254,70.48325
2004,10,17,28.05555555555556,28.05555555555556,0.0,28.05555555555556,0.0,68.5056
2004,10,18,28.61111111111111,28.61111111111111,5.08,28.61111111111111,0.508,74.1247
2004,10,19,28.333333333333336,28.333333333333336,0.0025399999999999997,28.333333333333336,0.000254,67.61845
2004,10,20,28.05555555555556,28.05555555555556,6.35,28.05555555555556,0.635,76.7714
2004,10,21,26.11111111111111,26.11111111111111,1.5239999999999998,26.11111111111111,0.15239999999999998,77.4151
2004,10,22,27.77777777777778,27.77777777777778,22.098,27.77777777777778,2.2098,78.0779
2004,10,23,27.222222222222225,27.222222222222225,4.064,27.222222222222225,0.4064,78.99455
2004,10,24,27.5,27.5,0.0025399999999999997,27.5,0.000254,73.79458
2004,10,25,27.5,27.5,0.0025399999999999997,27.5,0.000254,76.3011
2004,10,26,27.5,27.5,0.0,27.5,0.0,72.6985
2004,10,27,26.666666666666668,26.666666666666668,0.0025399999999999997,26.666666666666668,0.000254,73.7247
2004,10,28,27.222222222222225,27.222222222222225,0.0025399999999999997,27.222222222222225,0.000254,73.7497
2004,10,29,27.222222222222225,27.222222222222225,5.08,27.222222222222225,0.508,77.22475
2004,10,30,26.666666666666668,26.666666666666668,26.924,26.666666666666668,2.6924,80.81235000000001
2004,10,31,26.944444444444446,26.944444444444446,41.91,26.944444444444446,4.191,84.39537
2004,11,1,27.222222222222225,27.222222222222225,35.05199999999999,27.222222222222225,3.5051999999999994,79.634955
2004,11,2,27.222222222222225,27.222222222222225,4.064,27.222222222222225,0.4064,79.0825
2004,11,3,27.222222222222225,27.222222222222225,1.5239999999999998,27.222222222222225,0.15239999999999998,77.2789
2004,11,4,26.944444444444446,26.944444444444446,0.0025399999999999997,26.944444444444446,0.000254,72.1545225
2004,11,5,26.944444444444446,26.944444444444446,0.0,26.944444444444446,0.0,76.61505
2004,11,6,27.5,27.5,0.254,27.5,0.0254,77.55086
2004,11,7,27.77777777777778,27.77777777777778,0.0025399999999999997,27.77777777777778,0.000254,76.90715
2004,11,8,26.944444444444446,26.944444444444446,1.778,26.944444444444446,0.1778,79.22794999999999
2004,11,9,26.38888888888889,26.38888888888889,0.508,26.38888888888889,0.0508,78.8638
2004,11,10,25.833333333333336,25.833333333333336,3.302,25.833333333333336,0.3302,80.4024
2004,11,11,26.38888888888889,26.38888888888889,14.224,26.38888888888889,1.4224,82.86495
2004,11,12,26.38888888888889,26.38888888888889,23.113999999999997,26.38888888888889,2.3114,82.9625
2004,11,13,26.666666666666668,26.666666666666668,5.08,26.666666666666668,0.508,80.44225
2004,11,14,26.11111111111111,26.11111111111111,4.3180000000000005,26.11111111111111,0.4318000000000001,76.75971999999999
2004,11,15,26.666666666666668,26.666666666666668,0.254,26.666666666666668,0.0254,77.07055
2004,11,16,26.666666666666668,26.666666666666668,6.095999999999999,26.666666666666668,0.6095999999999999,73.2913
2004,11,17,26.11111111111111,26.11111111111111,0.0,26.11111111111111,0.0,59.4035
2004,11,18,26.38888888888889,26.38888888888889,0.7619999999999999,26.38888888888889,0.07619999999999999,68.33564
2004,11,19,26.944444444444446,26.944444444444446,0.0025399999999999997,26.944444444444446,0.000254,71.0842
2004,11,20,26.666666666666668,26.666666666666668,7.112,26.666666666666668,0.7112,81.83574999999999
2004,11,21,25.833333333333336,25.833333333333336,12.446,25.833333333333336,1.2446,82.76644999999999
2004,11,22,25.833333333333336,25.833333333333336,0.508,25.833333333333336,0.0508,75.01910000000001
2004,11,23,25.55555555555556,25.55555555555556,0.254,25.55555555555556,0.0254,70.36655
2004,11,24,25.833333333333336,25.833333333333336,0.0025399999999999997,25.833333333333336,0.000254,73.91579999999999
2004,11,25,26.666666666666668,26.666666666666668,1.27,26.666666666666668,0.127,75.0212
2004,11,26,25.27777777777778,25.27777777777778,5.842,25.27777777777778,0.5841999999999999,80.0919
2004,11,27,25.55555555555556,25.55555555555556,0.254,25.55555555555556,0.0254,77.813
2004,11,28,25.0,25.0,0.0025399999999999997,25.0,0.000254,75.45085
2004,11,29,25.833333333333336,25.833333333333336,0.0025399999999999997,25.833333333333336,0.000254,74.90455
2004,11,30,25.0,25.0,0.0025399999999999997,25.0,0.000254,75.76935
2004,12,1,24.722222222222225,24.722222222222225,0.7619999999999999,24.722222222222225,0.07619999999999999,79.79695000000001
2004,12,2,24.444444444444446,24.444444444444446,0.0025399999999999997,24.444444444444446,0.000254,77.47964999999999
2004,12,3,25.27777777777778,25.27777777777778,0.508,25.27777777777778,0.0508,78.29545
2004,12,4,25.27777777777778,25.27777777777778,7.619999999999999,25.27777777777778,0.7619999999999999,76.3988
2004,12,5,25.833333333333336,25.833333333333336,0.0025399999999999997,25.833333333333336,0.000254,77.068455
2004,12,6,25.55555555555556,25.55555555555556,1.5239999999999998,25.55555555555556,0.15239999999999998,75.86217500000001
2004,12,7,26.11111111111111,26.11111111111111,9.143999999999998,26.11111111111111,0.9143999999999999,80.53465
2004,12,8,25.55555555555556,25.55555555555556,3.556,25.55555555555556,0.3556,83.0307
2004,12,9,26.11111111111111,26.11111111111111,0.254,26.11111111111111,0.0254,80.66565
2004,12,10,26.666666666666668,26.666666666666668,5.08,26.666666666666668,0.508,84.28505
2004,12,11,26.666666666666668,26.666666666666668,0.0,26.666666666666668,0.0,80.0152
2004,12,12,26.666666666666668,26.666666666666668,0.254,26.666666666666668,0.0254,82.6874
2004,12,13,26.38888888888889,26.38888888888889,11.937999999999999,26.38888888888889,1.1938,81.56065
2004,12,14,26.38888888888889,26.38888888888889,4.3180000000000005,26.38888888888889,0.4318000000000001,86.5052
2004,12,15,25.833333333333336,25.833333333333336,11.684,25.833333333333336,1.1683999999999999,89.45054999999999
2004,12,16,26.38888888888889,26.38888888888889,27.432,26.38888888888889,2.7432,88.34805
2004,12,17,26.944444444444446,26.944444444444446,3.556,26.944444444444446,0.3556,81.91322
2004,12,18,25.833333333333336,25.833333333333336,7.366,25.833333333333336,0.7365999999999999,84.25721999999999
2004,12,19,26.11111111111111,26.11111111111111,1.27,26.11111111111111,0.127,85.67325
2004,12,20,26.38888888888889,26.38888888888889,0.0,26.38888888888889,0.0,84.66075000000001
2004,12,21,26.944444444444446,26.944444444444446,0.508,26.944444444444446,0.0508,84.3142
2004,12,22,25.55555555555556,25.55555555555556,1.016,25.55555555555556,0.1016,86.76745
2004,12,23,25.0,25.0,1.27,25.0,0.127,84.28995
2004,12,24,25.833333333333336,25.833333333333336,0.0025399999999999997,25.833333333333336,0.000254,78.60480000000001
2004,12,25,25.55555555555556,25.55555555555556,0.0025399999999999997,25.55555555555556,0.000254,72.92405
2004,12,26,25.0,25.0,2.54,25.0,0.254,80.8821
2004,12,27,24.722222222222225,24.722222222222225,0.0025399999999999997,24.722222222222225,0.000254,81.95965
2004,12,28,24.722222222222225,24.722222222222225,3.302,24.722222222222225,0.3302,82.44865
2004,12,29,25.27777777777778,25.27777777777778,5.334,25.27777777777778,0.5334,84.1041
2004,12,30,25.55555555555556,25.55555555555556,4.826,25.55555555555556,0.4826,83.89425
2004,12,31,25.27777777777778,25.27777777777778,3.0479999999999996,25.27777777777778,0.30479999999999996,81.15780000000001
2005,1,1,24.444444444444446,24.444444444444446,6.858,24.444444444444446,0.6858,82.55927299999999
2005,1,2,25.0,25.0,0.0025399999999999997,25.0,0.000254,66.8648475
2005,1,3,24.722222222222225,24.722222222222225,0.508,24.722222222222225,0.0508,79.7969325
2005,1,4,25.27777777777778,25.27777777777778,2.54,25.27777777777778,0.254,81.667275
2005,1,5,25.833333333333336,25.833333333333336,1.27,25.833333333333336,0.127,81.66269
2005,1,6,25.27777777777778,25.27777777777778,5.08,25.27777777777778,0.508,87.121685
2005,1,7,25.27777777777778,25.27777777777778,17.018,25.27777777777778,1.7018,84.94877249999999
2005,1,8,24.722222222222225,24.722222222222225,17.018,24.722222222222225,1.7018,89.380855
2005,1,9,25.0,25.0,5.08,25.0,0.508,87.0326
2005,1,10,25.27777777777778,25.27777777777778,7.619999999999999,25.27777777777778,0.7619999999999999,89.31049
2005,1,11,25.27777777777778,25.27777777777778,2.54,25.27777777777778,0.254,89.38085000000001
2005,1,12,25.55555555555556,25.55555555555556,2.54,25.55555555555556,0.254,84.211455
2005,1,13,25.27777777777778,25.27777777777778,15.239999999999998,25.27777777777778,1.5239999999999998,89.380855
2005,1,14,25.833333333333336,25.833333333333336,7.112,25.833333333333336,0.7112,85.344735
2005,1,15,25.55555555555556,25.55555555555556,4.064,25.55555555555556,0.4064,84.104105
2005,1,16,24.722222222222225,24.722222222222225,1.016,24.722222222222225,0.1016,81.74565
2005,1,17,24.444444444444446,24.444444444444446,0.0025399999999999997,24.444444444444446,0.000254,85.25142199999999
2005,1,18,25.27777777777778,25.27777777777778,0.0025399999999999997,25.27777777777778,0.000254,85.371658
2005,1,19,24.722222222222225,24.722222222222225,15.748,24.722222222222225,1.5748,85.39653
2005,1,20,23.05555555555556,23.05555555555556,18.034,23.05555555555556,1.8034,82.08735
2005,1,21,23.333333333333336,23.333333333333336,0.254,23.333333333333336,0.0254,80.6797
2005,1,22,21.944444444444446,21.944444444444446,0.0,21.944444444444446,0.0,76.957738
2005,1,23,22.77777777777778,22.77777777777778,0.0,22.77777777777778,0.0,84.532725
2005,1,24,25.0,25.0,0.0,25.0,0.0,79.714385
2005,1,25,23.88888888888889,23.88888888888889,0.0025399999999999997,23.88888888888889,0.000254,76.74780799999999
2005,1,26,23.333333333333336,23.333333333333336,0.254,23.333333333333336,0.0254,75.9220925
2005,1,27,24.722222222222225,24.722222222222225,0.0025399999999999997,24.722222222222225,0.000254,82.9877
2005,1,28,24.722222222222225,24.722222222222225,0.0,24.722222222222225,0.0,72.341655
2005,1,29,23.61111111111111,23.61111111111111,1.016,23.61111111111111,0.1016,73.832838
2005,1,30,22.77777777777778,22.77777777777778,4.064,22.77777777777778,0.4064,76.0952
2005,1,31,22.77777777777778,22.77777777777778,0.0,22.77777777777778,0.0,71.42385
2005,2,1,23.333333333333336,23.333333333333336,0.0025399999999999997,23.333333333333336,0.000254,68.45451
2005,2,2,24.166666666666668,24.166666666666668,0.508,24.166666666666668,0.0508,61.92629
2005,2,3,22.5,22.5,2.54,22.5,0.254,68.187113
2005,2,4,23.05555555555556,23.05555555555556,0.0025399999999999997,23.05555555555556,0.000254,66.207205
2005,2,5,23.05555555555556,23.05555555555556,0.0,23.05555555555556,0.0,73.00901300000001
2005,2,6,23.333333333333336,23.333333333333336,7.112,23.333333333333336,0.7112,79.92005
2005,2,7,23.61111111111111,23.61111111111111,0.0,23.61111111111111,0.0,56.9256
2005,2,8,23.05555555555556,23.05555555555556,0.0025399999999999997,23.05555555555556,0.000254,69.016407
2005,2,9,22.77777777777778,22.77777777777778,0.7619999999999999,22.77777777777778,0.07619999999999999,68.7886325
2005,2,10,23.05555555555556,23.05555555555556,0.0025399999999999997,23.05555555555556,0.000254,69.51935
2005,2,11,22.77777777777778,22.77777777777778,0.0,22.77777777777778,0.0,72.17937
2005,2,12,23.05555555555556,23.05555555555556,0.0,23.05555555555556,0.0,72.80828
2005,2,13,24.444444444444446,24.444444444444446,1.5239999999999998,24.444444444444446,0.15239999999999998,72.341655
2005,2,14,24.722222222222225,24.722222222222225,2.2859999999999996,24.722222222222225,0.22859999999999997,79.714385
2005,2,15,24.722222222222225,24.722222222222225,0.254,24.722222222222225,0.0254,79.7309975
2005,2,16,24.444444444444446,24.444444444444446,0.254,24.444444444444446,0.0254,66.7356
2005,2,17,24.444444444444446,24.444444444444446,0.0025399999999999997,24.444444444444446,0.000254,70.0313
2005,2,18,24.444444444444446,24.444444444444446,0.0,24.444444444444446,0.0,64.901207
2005,2,19,24.444444444444446,24.444444444444446,0.0,24.444444444444446,0.0,63.352268
2005,2,20,24.444444444444446,24.444444444444446,1.5239999999999998,24.444444444444446,0.15239999999999998,72.223838
2005,2,21,24.166666666666668,24.166666666666668,0.0025399999999999997,24.166666666666668,0.000254,64.05684500000001
2005,2,22,24.166666666666668,24.166666666666668,1.016,24.166666666666668,0.1016,67.733715
2005,2,23,24.166666666666668,24.166666666666668,0.0,24.166666666666668,0.0,67.651805
2005,2,24,23.61111111111111,23.61111111111111,2.54,23.61111111111111,0.254,77.208925
2005,2,25,25.55555555555556,25.55555555555556,1.778,25.55555555555556,0.1778,82.02027749999999
2005,2,26,26.11111111111111,26.11111111111111,0.254,26.11111111111111,0.0254,80.4919
2005,2,27,26.11111111111111,26.11111111111111,0.0,26.11111111111111,0.0,72.890773
2005,2,28,25.27777777777778,25.27777777777778,0.0,25.27777777777778,0.0,76.795338
2005,3,1,25.27777777777778,25.27777777777778,0.0,25.27777777777778,0.0,74.305761
2005,3,2,26.11111111111111,26.11111111111111,0.0,26.11111111111111,0.0,71.6936855
2005,3,3,25.833333333333336,25.833333333333336,0.0,25.833333333333336,0.0,79.49876
2005,3,4,26.11111111111111,26.11111111111111,0.0,26.11111111111111,0.0,72.711885
2005,3,5,25.833333333333336,25.833333333333336,0.0,25.833333333333336,0.0,68.585371
2005,3,6,26.944444444444446,26.944444444444446,0.0025399999999999997,26.944444444444446,0.000254,71.8980775
2005,3,7,25.833333333333336,25.833333333333336,0.0025399999999999997,25.833333333333336,0.000254,64.4280725
2005,3,8,25.27777777777778,25.27777777777778,0.0,25.27777777777778,0.0,64.4922465
2005,3,9,25.55555555555556,25.55555555555556,0.0,25.55555555555556,0.0,67.59264999999999
2005,3,10,26.666666666666668,26.666666666666668,0.0,26.666666666666668,0.0,62.4397525
2005,3,11,26.38888888888889,26.38888888888889,0.0,26.38888888888889,0.0,75.59078
2005,3,12,25.833333333333336,25.833333333333336,0.0,25.833333333333336,0.0,78.5623
2005,3,13,25.833333333333336,25.833333333333336,0.0,25.833333333333336,0.0,77.41806
2005,3,14,25.55555555555556,25.55555555555556,0.0,25.55555555555556,0.0,75.2684725
2005,3,15,26.11111111111111,26.11111111111111,0.0,26.11111111111111,0.0,75.30895799999999
2005,3,16,26.11111111111111,26.11111111111111,0.0,26.11111111111111,0.0,68.9375725
2005,3,17,26.38888888888889,26.38888888888889,0.0,26.38888888888889,0.0,59.331621
2005,3,18,26.38888888888889,26.38888888888889,0.0,26.38888888888889,0.0,66.092508
2005,3,19,26.38888888888889,26.38888888888889,0.0,26.38888888888889,0.0,68.8331735
2005,3,20,26.666666666666668,26.666666666666668,0.0,26.666666666666668,0.0,72.80581
2005,3,21,26.694444444444443,26.694444444444443,0.0,26.694444444444443,0.0,79.66541
2005,3,22,27.77777777777778,27.77777777777778,0.0,27.77777777777778,0.0,78.3051075
2005,3,23,27.222222222222225,27.222222222222225,0.0,27.222222222222225,0.0,74.4214
2005,3,24,28.05555555555556,28.05555555555556,0.0,28.05555555555556,0.0,63.4797325
2005,3,25,28.05555555555556,28.05555555555556,0.0,28.05555555555556,0.0,67.3654865
2005,3,26,26.944444444444446,26.944444444444446,0.0,26.944444444444446,0.0,71.84935250000001
2005,3,27,27.222222222222225,27.222222222222225,0.0,27.222222222222225,0.0,67.325001
2005,3,28,27.222222222222225,27.222222222222225,0.0,27.222222222222225,0.0,69.30613
2005,3,29,26.944444444444446,26.944444444444446,0.0,26.944444444444446,0.0,69.281023
2005,3,30,29.166666666666668,29.166666666666668,0.0,29.166666666666668,0.0,70.4497325
2005,3,31,26.666666666666668,26.666666666666668,0.0025399999999999997,26.666666666666668,0.000254,74.730088
2005,4,1,26.944444444444446,26.944444444444446,0.0025399999999999997,26.944444444444446,0.000254,74.593653
2005,4,2,28.88888888888889,28.88888888888889,0.0,28.88888888888889,0.0,64.637408
2005,4,3,27.222222222222225,27.222222222222225,0.0,27.222222222222225,0.0,76.367431
2005,4,4,27.222222222222225,27.222222222222225,0.0,27.222222222222225,0.0,70.965288
2005,4,5,27.5,27.5,0.0,27.5,0.0,70.0787795
2005,4,6,28.05555555555556,28.05555555555556,0.0025399999999999997,28.05555555555556,0.000254,68.860331
2005,4,7,25.833333333333336,25.833333333333336,7.619999999999999,25.833333333333336,0.7619999999999999,79.49876
2005,4,8,28.05555555555556,28.05555555555556,2.032,28.05555555555556,0.2032,72.722038
2005,4,9,27.5,27.5,0.0,27.5,0.0,68.846201
2005,4,10,28.05555555555556,28.05555555555556,0.7619999999999999,28.05555555555556,0.07619999999999999,67.3654865
2005,4,11,26.944444444444446,26.944444444444446,10.668,26.944444444444446,1.0668,76.324871
2005,4,12,26.11111111111111,26.11111111111111,0.0025399999999999997,26.11111111111111,0.000254,81.846145
2005,4,13,28.333333333333336,28.333333333333336,0.508,28.333333333333336,0.0508,72.0998405
2005,4,14,29.166666666666668,29.166666666666668,0.0,29.166666666666668,0.0,65.96695
2005,4,15,28.61111111111111,28.61111111111111,0.0,28.61111111111111,0.0,65.3591785
2005,4,16,29.444444444444446,29.444444444444446,0.0,29.444444444444446,0.0,63.228645
2005,4,17,29.166666666666668,29.166666666666668,0.0,29.166666666666668,0.0,62.198166
2005,4,18,26.38888888888889,26.38888888888889,96.774,26.38888888888889,9.6774,82.61529999999999
2005,4,19,26.11111111111111,26.11111111111111,4.826,26.11111111111111,0.4826,81.313303
2005,4,20,25.55555555555556,25.55555555555556,39.624,25.55555555555556,3.9624,87.05747199999999
2005,4,21,26.11111111111111,26.11111111111111,124.46000000000001,26.11111111111111,12.446000000000002,84.76425
2005,4,22,27.77777777777778,27.77777777777778,20.32,27.77777777777778,2.032,73.05804
2005,4,23,27.5,27.5,2.032,27.5,0.2032,71.623318
2005,4,24,26.944444444444446,26.944444444444446,10.668,26.944444444444446,1.0668,78.17752
2005,4,25,27.5,27.5,5.587999999999999,27.5,0.5588,84.335305
2005,4,26,27.77777777777778,27.77777777777778,2.032,27.77777777777778,0.2032,80.31803500000001
2005,4,27,28.61111111111111,28.61111111111111,0.0025399999999999997,28.61111111111111,0.000254,70.7495
2005,4,28,28.333333333333336,28.333333333333336,0.0025399999999999997,28.333333333333336,0.000254,74.955229
2005,4,29,26.666666666666668,26.666666666666668,8.382,26.666666666666668,0.8382,80.04575
2005,4,30,26.38888888888889,26.38888888888889,37.337999999999994,26.38888888888889,3.7337999999999996,79.634955
2005,5,1,27.222222222222225,27.222222222222225,0.0,27.222222222222225,0.0,62.036302500000005
2005,5,2,26.666666666666668,26.666666666666668,0.508,26.666666666666668,0.0508,73.02099
2005,5,3,27.222222222222225,27.222222222222225,0.0,27.222222222222225,0.0,65.413238
2005,5,4,27.77777777777778,27.77777777777778,0.0025399999999999997,27.77777777777778,0.000254,65.622555
2005,5,5,26.944444444444446,26.944444444444446,8.128,26.944444444444446,0.8128,77.43945500000001
2005,5,6,26.944444444444446,26.944444444444446,0.0025399999999999997,26.944444444444446,0.000254,74.853488
2005,5,7,27.5,27.5,2.54,27.5,0.254,75.3490275
2005,5,8,27.222222222222225,27.222222222222225,0.0025399999999999997,27.222222222222225,0.000254,80.147415
2005,5,9,27.5,27.5,0.7619999999999999,27.5,0.07619999999999999,79.13837
2005,5,10,27.222222222222225,27.222222222222225,0.0,27.222222222222225,0.0,72.722038
2005,5,11,26.666666666666668,26.666666666666668,13.208,26.666666666666668,1.3208,80.04629299999999
2005,5,12,25.55555555555556,25.55555555555556,11.43,25.55555555555556,1.143,84.211455
2005,5,13,26.11111111111111,26.11111111111111,23.113999999999997,26.11111111111111,2.3114,87.121685
2005,5,14,25.833333333333336,25.833333333333336,23.113999999999997,25.833333333333336,2.3114,86.473525
2005,5,15,26.38888888888889,26.38888888888889,11.684,26.38888888888889,1.1683999999999999,84.214355
2005,5,16,26.38888888888889,26.38888888888889,28.448,26.38888888888889,2.8448,85.687005
2005,5,17,26.666666666666668,26.666666666666668,28.955999999999996,26.666666666666668,2.8955999999999995,83.0658275
2005,5,18,26.11111111111111,26.11111111111111,2.7939999999999996,26.11111111111111,0.2794,88.08472499999999
2005,5,19,28.88888888888889,28.88888888888889,0.0025399999999999997,28.88888888888889,0.000254,70.33949
2005,5,20,29.444444444444446,29.444444444444446,0.0025399999999999997,29.444444444444446,0.000254,73.1196995
2005,5,21,30.55555555555556,30.55555555555556,0.0,30.55555555555556,0.0,63.8567
2005,5,22,30.0,30.0,8.382,30.0,0.8382,73.232015
2005,5,23,27.222222222222225,27.222222222222225,30.988,27.222222222222225,3.0987999999999998,85.45904
2005,5,24,27.77777777777778,27.77777777777778,4.571999999999999,27.77777777777778,0.45719999999999994,82.226355
2005,5,25,28.333333333333336,28.333333333333336,0.254,28.333333333333336,0.0254,80.26943
2005,5,26,30.27777777777778,30.27777777777778,0.0,30.27777777777778,0.0,70.49252
2005,5,27,29.166666666666668,29.166666666666668,10.921999999999999,29.166666666666668,1.0921999999999998,80.31109000000001
2005,5,28,28.61111111111111,28.61111111111111,5.08,28.61111111111111,0.508,82.13660999999999
2005,5,29,28.333333333333336,28.333333333333336,0.0025399999999999997,28.333333333333336,0.000254,77.59013200000001
2005,5,30,29.166666666666668,29.166666666666668,3.0479999999999996,29.166666666666668,0.30479999999999996,75.755245
2005,5,31,29.444444444444446,29.444444444444446,0.0,29.444444444444446,0.0,74.8447025
2005,6,1,29.166666666666668,29.166666666666668,3.302,29.166666666666668,0.3302,75.755245
2005,6,2,28.88888888888889,28.88888888888889,0.254,28.88888888888889,0.0254,77.12152499999999
2005,6,3,28.333333333333336,28.333333333333336,0.254,28.333333333333336,0.0254,77.55088
2005,6,4,28.61111111111111,28.61111111111111,0.0,28.61111111111111,0.0,75.46601000000001
2005,6,5,28.61111111111111,28.61111111111111,0.0,28.61111111111111,0.0,73.0644875
2005,6,6,27.77777777777778,27.77777777777778,0.508,27.77777777777778,0.0508,77.55088
2005,6,7,27.222222222222225,27.222222222222225,2.032,27.222222222222225,0.2032,82.204122
2005,6,8,27.77777777777778,27.77777777777778,0.0025399999999999997,27.77777777777778,0.000254,73.7253455
2005,6,9,27.77777777777778,27.77777777777778,16.256,27.77777777777778,1.6256,80.248265
2005,6,10,28.333333333333336,28.333333333333336,0.254,28.333333333333336,0.0254,78.38146
2005,6,11,26.944444444444446,26.944444444444446,14.224,26.944444444444446,1.4224,81.9142825
2005,6,12,26.944444444444446,26.944444444444446,1.27,26.944444444444446,0.127,79.415742
2005,6,13,27.5,27.5,10.413999999999998,27.5,1.0413999999999999,79.9894275
2005,6,14,29.444444444444446,29.444444444444446,0.0,29.444444444444446,0.0,71.407824
2005,6,15,30.0,30.0,0.0,30.0,0.0,72.25987
2005,6,16,29.722222222222225,29.722222222222225,0.0,29.722222222222225,0.0,69.14406
2005,6,17,30.55555555555556,30.55555555555556,0.0025399999999999997,30.55555555555556,0.000254,69.785388
2005,6,18,30.27777777777778,30.27777777777778,0.0,30.27777777777778,0.0,62.8892525
2005,6,19,30.0,30.0,0.0,30.0,0.0,71.941503
2005,6,20,30.0,30.0,0.0,30.0,0.0,73.17706799999999
2005,6,21,29.722222222222225,29.722222222222225,0.508,29.722222222222225,0.0508,75.79409799999999
2005,6,22,29.166666666666668,29.166666666666668,1.016,29.166666666666668,0.1016,73.8803035
2005,6,23,29.166666666666668,29.166666666666668,3.8099999999999996,29.166666666666668,0.38099999999999995,74.9948915
2005,6,24,29.722222222222225,29.722222222222225,0.0025399999999999997,29.722222222222225,0.000254,69.55237699999999
2005,6,25,28.61111111111111,28.61111111111111,19.049999999999997,28.61111111111111,1.9049999999999998,75.09445500000001
2005,6,26,28.88888888888889,28.88888888888889,3.0479999999999996,28.88888888888889,0.30479999999999996,76.509123
2005,6,27,28.05555555555556,28.05555555555556,24.892,28.05555555555556,2.4892,78.3611
2005,6,28,28.05555555555556,28.05555555555556,28.448,28.05555555555556,2.8448,80.08399299999999
2005,6,29,28.333333333333336,28.333333333333336,0.508,28.333333333333336,0.0508,79.37639999999999
2005,6,30,28.88888888888889,28.88888888888889,0.254,28.88888888888889,0.0254,80.242673
2005,7,1,30.0,30.0,0.0,30.0,0.0,70.531772
2005,7,2,28.88888888888889,28.88888888888889,0.0,28.88888888888889,0.0,73.631123
2005,7,3,29.722222222222225,29.722222222222225,0.254,29.722222222222225,0.0254,73.090715
2005,7,4,29.166666666666668,29.166666666666668,5.334,29.166666666666668,0.5334,77.59013200000001
2005,7,5,28.61111111111111,28.61111111111111,13.716,28.61111111111111,1.3716,77.19963
2005,7,6,28.05555555555556,28.05555555555556,10.16,28.05555555555556,1.016,78.36111
2005,7,7,29.166666666666668,29.166666666666668,0.0025399999999999997,29.166666666666668,0.000254,77.886123
2005,7,8,28.61111111111111,28.61111111111111,2.54,28.61111111111111,0.254,76.35850500000001
2005,7,9,28.88888888888889,28.88888888888889,6.35,28.88888888888889,0.635,76.5091
2005,7,10,28.333333333333336,28.333333333333336,2.032,28.333333333333336,0.2032,76.98942
2005,7,11,27.222222222222225,27.222222222222225,18.034,27.222222222222225,1.8034,79.96733499999999
2005,7,12,28.05555555555556,28.05555555555556,0.7619999999999999,28.05555555555556,0.07619999999999999,79.72591
2005,7,13,27.77777777777778,27.77777777777778,33.019999999999996,27.77777777777778,3.3019999999999996,80.248265
2005,7,14,28.05555555555556,28.05555555555556,2.54,28.05555555555556,0.254,80.2463
2005,7,15,29.166666666666668,29.166666666666668,0.254,29.166666666666668,0.0254,70.92415299999999
2005,7,16,28.333333333333336,28.333333333333336,0.508,28.333333333333336,0.0508,74.7956525
2005,7,17,28.333333333333336,28.333333333333336,7.874,28.333333333333336,0.7874,76.4179525
2005,7,18,28.88888888888889,28.88888888888889,5.334,28.88888888888889,0.5334,74.6734335
2005,7,19,28.333333333333336,28.333333333333336,40.64,28.333333333333336,4.064,81.14988500000001
2005,7,20,27.77777777777778,27.77777777777778,13.208,27.77777777777778,1.3208,80.31109000000001
2005,7,21,29.166666666666668,29.166666666666668,0.0025399999999999997,29.166666666666668,0.000254,78.476203
2005,7,22,28.61111111111111,28.61111111111111,17.018,28.61111111111111,1.7018,77.160777
2005,7,23,29.444444444444446,29.444444444444446,0.0025399999999999997,29.444444444444446,0.000254,79.510548
2005,7,24,29.444444444444446,29.444444444444446,3.0479999999999996,29.444444444444446,0.30479999999999996,78.47618
2005,7,25,29.444444444444446,29.444444444444446,0.0025399999999999997,29.444444444444446,0.000254,71.93958649999999
2005,7,26,29.444444444444446,29.444444444444446,0.0025399999999999997,29.444444444444446,0.000254,75.52381
2005,7,27,28.05555555555556,28.05555555555556,20.065999999999995,28.05555555555556,2.0065999999999997,75.49761000000001
2005,7,28,28.88888888888889,28.88888888888889,1.016,28.88888888888889,0.1016,75.715993
2005,7,29,29.166666666666668,29.166666666666668,8.382,29.166666666666668,0.8382,77.628985
2005,7,30,29.722222222222225,29.722222222222225,0.254,29.722222222222225,0.0254,72.178755
2005,7,31,29.166666666666668,29.166666666666668,3.8099999999999996,29.166666666666668,0.38099999999999995,74.952973
2005,8,1,28.05555555555556,28.05555555555556,7.366,28.05555555555556,0.7365999999999999,81.19235
2005,8,2,28.88888888888889,28.88888888888889,1.016,28.88888888888889,0.1016,77.83930000000001
2005,8,3,30.27777777777778,30.27777777777778,0.0,30.27777777777778,0.0,70.6097
2005,8,4,30.0,30.0,0.0,30.0,0.0,72.79814999999999
2005,8,5,29.166666666666668,29.166666666666668,0.0,29.166666666666668,0.0,70.80250000000001
2005,8,6,29.166666666666668,29.166666666666668,9.143999999999998,29.166666666666668,0.9143999999999999,76.54945000000001
2005,8,7,29.166666666666668,29.166666666666668,1.5239999999999998,29.166666666666668,0.15239999999999998,75.9702
2005,8,8,29.444444444444446,29.444444444444446,1.016,29.444444444444446,0.1016,73.15
2005,8,9,29.444444444444446,29.444444444444446,6.604,29.444444444444446,0.6604,74.0629
2005,8,10,29.166666666666668,29.166666666666668,0.0,29.166666666666668,0.0,72.8835
2005,8,11,29.444444444444446,29.444444444444446,1.016,29.444444444444446,0.1016,71.6371
2005,8,12,29.444444444444446,29.444444444444446,0.0,29.444444444444446,0.0,76.7495
2005,8,13,30.0,30.0,2.7939999999999996,30.0,0.2794,73.0626
2005,8,14,28.61111111111111,28.61111111111111,7.366,28.61111111111111,0.7365999999999999,78.86619999999999
2005,8,15,28.88888888888889,28.88888888888889,0.254,28.88888888888889,0.0254,80.51625
2005,8,16,27.5,27.5,8.636000000000001,27.5,0.8636000000000001,82.54169999999999
2005,8,17,27.222222222222225,27.222222222222225,20.827999999999996,27.222222222222225,2.0827999999999998,81.6736
2005,8,18,28.333333333333336,28.333333333333336,0.0,28.333333333333336,0.0,80.6446
2005,8,19,29.444444444444446,29.444444444444446,0.0025399999999999997,29.444444444444446,0.000254,73.78935
2005,8,20,26.38888888888889,26.38888888888889,2.032,26.38888888888889,0.2032,78.0812
2005,8,21,28.05555555555556,28.05555555555556,0.0025399999999999997,28.05555555555556,0.000254,78.19075000000001
2005,8,22,28.61111111111111,28.61111111111111,0.254,28.61111111111111,0.0254,74.86255
2005,8,23,28.333333333333336,28.333333333333336,20.827999999999996,28.333333333333336,2.0827999999999998,81.19235
2005,8,24,28.05555555555556,28.05555555555556,4.571999999999999,28.05555555555556,0.45719999999999994,81.35675
2005,8,25,26.11111111111111,26.11111111111111,46.482,26.11111111111111,4.6482,83.0728
2005,8,26,27.77777777777778,27.77777777777778,31.496,27.77777777777778,3.1496,80.88239999999999
2005,8,27,28.88888888888889,28.88888888888889,0.0025399999999999997,28.88888888888889,0.000254,78.2331
2005,8,28,28.61111111111111,28.61111111111111,0.0,28.61111111111111,0.0,73.21315
2005,8,29,28.61111111111111,28.61111111111111,1.016,28.61111111111111,0.1016,80.10735
2005,8,30,28.88888888888889,28.88888888888889,0.0,28.88888888888889,0.0,71.0842
2005,8,31,28.05555555555556,28.05555555555556,7.112,28.05555555555556,0.7112,79.22165
2005,9,1,29.166666666666668,29.166666666666668,0.0,29.166666666666668,0.0,77.72605
2005,9,2,29.444444444444446,29.444444444444446,0.0,29.444444444444446,0.0,73.88555
2005,9,3,28.88888888888889,28.88888888888889,0.0,28.88888888888889,0.0,69.8114
2005,9,4,28.61111111111111,28.61111111111111,0.0,28.61111111111111,0.0,68.1851
2005,9,5,28.88888888888889,28.88888888888889,1.778,28.88888888888889,0.1778,77.7096
2005,9,6,29.166666666666668,29.166666666666668,1.5239999999999998,29.166666666666668,0.15239999999999998,77.6132
2005,9,7,30.0,30.0,0.0025399999999999997,30.0,0.000254,74.7708
2005,9,8,28.61111111111111,28.61111111111111,22.86,28.61111111111111,2.286,70.3386
2005,9,9,29.722222222222225,29.722222222222225,2.032,29.722222222222225,0.2032,75.63655
2005,9,10,29.444444444444446,29.444444444444446,2.2859999999999996,29.444444444444446,0.22859999999999997,78.10665
2005,9,11,28.333333333333336,28.333333333333336,32.004,28.333333333333336,3.2003999999999997,84.38855
2005,9,12,29.444444444444446,29.444444444444446,0.254,29.444444444444446,0.0254,77.2332
2005,9,13,29.444444444444446,29.444444444444446,2.032,29.444444444444446,0.2032,75.88625
2005,9,14,28.88888888888889,28.88888888888889,1.5239999999999998,28.88888888888889,0.15239999999999998,80.2851
2005,9,15,28.61111111111111,28.61111111111111,0.508,28.61111111111111,0.0508,75.86590000000001
2005,9,16,28.05555555555556,28.05555555555556,0.0025399999999999997,28.05555555555556,0.000254,77.93675
2005,9,17,28.333333333333336,28.333333333333336,5.334,28.333333333333336,0.5334,75.46565
2005,9,18,28.333333333333336,28.333333333333336,0.0,28.333333333333336,0.0,77.94235
2005,9,19,28.333333333333336,28.333333333333336,5.842,28.333333333333336,0.5841999999999999,80.39245
2005,9,20,28.61111111111111,28.61111111111111,4.064,28.61111111111111,0.4064,81.88305
2005,9,21,28.333333333333336,28.333333333333336,9.906,28.333333333333336,0.9906,80.2851
2005,9,22,28.333333333333336,28.333333333333336,5.842,28.333333333333336,0.5841999999999999,76.8091
2005,9,23,28.333333333333336,28.333333333333336,0.0025399999999999997,28.333333333333336,0.000254,73.4298
2005,9,24,28.88888888888889,28.88888888888889,0.0,28.88888888888889,0.0,75.1684
2005,9,25,28.61111111111111,28.61111111111111,0.0025399999999999997,28.61111111111111,0.000254,77.37155000000001
2005,9,26,28.88888888888889,28.88888888888889,0.0025399999999999997,28.88888888888889,0.000254,76.9264
2005,9,27,28.88888888888889,28.88888888888889,0.0025399999999999997,28.88888888888889,0.000254,76.69085
2005,9,28,28.88888888888889,28.88888888888889,0.0025399999999999997,28.88888888888889,0.000254,74.1247
2005,9,29,28.333333333333336,28.333333333333336,0.0,28.333333333333336,0.0,75.1332
2005,9,30,28.88888888888889,28.88888888888889,0.0,28.88888888888889,0.0,71.4238
2005,10,1,28.61111111111111,28.61111111111111,6.858,28.61111111111111,0.6858,76.526223
2005,10,2,26.944444444444446,26.944444444444446,0.254,26.944444444444446,0.0254,79.94268500000001
2005,10,3,25.55555555555556,25.55555555555556,11.43,25.55555555555556,1.143,89.31049
2005,10,4,26.944444444444446,26.944444444444446,1.016,26.944444444444446,0.1016,80.248265
2005,10,5,27.77777777777778,27.77777777777778,4.3180000000000005,27.77777777777778,0.4318000000000001,75.8206615
2005,10,6,26.38888888888889,26.38888888888889,9.143999999999998,26.38888888888889,0.9143999999999999,86.054145
2005,10,7,28.05555555555556,28.05555555555556,0.508,28.05555555555556,0.0508,75.81866
2005,10,8,27.77777777777778,27.77777777777778,7.619999999999999,27.77777777777778,0.7619999999999999,78.3262725
2005,10,9,25.0,25.0,2.2859999999999996,25.0,0.22859999999999997,81.9478
2005,10,10,27.222222222222225,27.222222222222225,102.10799999999999,27.222222222222225,10.210799999999999,80.6207715
2005,10,11,25.0,25.0,33.274,25.0,3.3274,87.54784000000001
2005,10,12,26.11111111111111,26.11111111111111,10.668,26.11111111111111,1.0668,83.146815
2005,10,13,28.88888888888889,28.88888888888889,0.0025399999999999997,28.88888888888889,0.000254,72.93263300000001
2005,10,14,28.61111111111111,28.61111111111111,0.0,28.61111111111111,0.0,73.032425
2005,10,15,28.61111111111111,28.61111111111111,1.5239999999999998,28.61111111111111,0.15239999999999998,77.81759
2005,10,16,29.166666666666668,29.166666666666668,0.0,29.166666666666668,0.0,71.387224
2005,10,17,30.0,30.0,0.0,30.0,0.0,69.70716999999999
2005,10,18,28.333333333333336,28.333333333333336,4.826,28.333333333333336,0.4826,75.715993
2005,10,19,27.77777777777778,27.77777777777778,5.587999999999999,27.77777777777778,0.5588,79.81891
2005,10,20,28.333333333333336,28.333333333333336,2.2859999999999996,28.333333333333336,0.22859999999999997,79.72101
2005,10,21,28.05555555555556,28.05555555555556,8.128,28.05555555555556,0.8128,78.36111
2005,10,22,28.333333333333336,28.333333333333336,13.462,28.333333333333336,1.3462,76.59885349999999
2005,10,23,26.38888888888889,26.38888888888889,20.827999999999996,26.38888888888889,2.0827999999999998,84.31436
2005,10,24,28.61111111111111,28.61111111111111,0.0,28.61111111111111,0.0,74.666955
2005,10,25,28.333333333333336,28.333333333333336,0.0,28.333333333333336,0.0,72.249762
2005,10,26,28.05555555555556,28.05555555555556,0.0,28.05555555555556,0.0,78.3051075
2005,10,27,27.77777777777778,27.77777777777778,1.778,27.77777777777778,0.1778,75.56806
2005,10,28,28.05555555555556,28.05555555555556,43.687999999999995,28.05555555555556,4.368799999999999,80.16857999999999
2005,10,29,27.77777777777778,27.77777777777778,9.652,27.77777777777778,0.9652,77.644175
2005,10,30,27.77777777777778,27.77777777777778,0.0,27.77777777777778,0.0,76.483558
2005,10,31,28.05555555555556,28.05555555555556,2.032,28.05555555555556,0.2032,81.31832
2005,11,1,28.61111111111111,28.61111111111111,1.5239999999999998,28.61111111111111,0.15239999999999998,78.26026
2005,11,2,28.88888888888889,28.88888888888889,0.7619999999999999,28.88888888888889,0.07619999999999999,73.05804
2005,11,3,28.61111111111111,28.61111111111111,0.0025399999999999997,28.61111111111111,0.000254,76.509123
2005,11,4,27.222222222222225,27.222222222222225,4.3180000000000005,27.222222222222225,0.4318000000000001,76.271152
2005,11,5,26.944444444444446,26.944444444444446,1.016,26.944444444444446,0.1016,80.248265
2005,11,6,27.222222222222225,27.222222222222225,10.668,27.222222222222225,1.0668,76.483558
2005,11,7,27.5,27.5,14.224,27.5,1.4224,80.147415
2005,11,8,27.222222222222225,27.222222222222225,3.556,27.222222222222225,0.3556,78.3051075
2005,11,9,27.222222222222225,27.222222222222225,15.239999999999998,27.222222222222225,1.5239999999999998,80.147415
2005,11,10,26.944444444444446,26.944444444444446,0.7619999999999999,26.944444444444446,0.07619999999999999,79.704745
2005,11,11,26.944444444444446,26.944444444444446,0.254,26.944444444444446,0.0254,79.704745
2005,11,12,27.222222222222225,27.222222222222225,3.556,27.222222222222225,0.3556,79.170155
2005,11,13,27.5,27.5,3.302,27.5,0.3302,80.0100275
2005,11,14,26.944444444444446,26.944444444444446,14.732,26.944444444444446,1.4731999999999998,83.222575
2005,11,15,27.222222222222225,27.222222222222225,5.587999999999999,27.222222222222225,0.5588,79.9894275
2005,11,16,27.222222222222225,27.222222222222225,8.382,27.222222222222225,0.8382,76.8354075
2005,11,17,26.944444444444446,26.944444444444446,6.095999999999999,26.944444444444446,0.6095999999999999,79.634955
2005,11,18,26.11111111111111,26.11111111111111,0.0,26.11111111111111,0.0,74.730088
2005,11,19,25.833333333333336,25.833333333333336,0.0,25.833333333333336,0.0,73.8214025
2005,11,20,26.11111111111111,26.11111111111111,1.5239999999999998,26.11111111111111,0.15239999999999998,77.54201
2005,11,21,26.38888888888889,26.38888888888889,2.032,26.38888888888889,0.2032,76.83449
2005,11,22,26.666666666666668,26.666666666666668,0.0,26.666666666666668,0.0,74.64555999999999
2005,11,23,27.222222222222225,27.222222222222225,0.0025399999999999997,27.222222222222225,0.000254,78.92564250000001
2005,11,24,25.55555555555556,25.55555555555556,35.306,25.55555555555556,3.5305999999999997,88.3498
2005,11,25,26.38888888888889,26.38888888888889,19.812,26.38888888888889,1.9812,80.7865
2005,11,26,26.38888888888889,26.38888888888889,8.128,26.38888888888889,0.8128,80.00178
2005,11,27,25.833333333333336,25.833333333333336,8.128,25.833333333333336,0.8128,72.59106
2005,11,28,25.833333333333336,25.833333333333336,9.398,25.833333333333336,0.9398,71.52952
2005,11,29,25.55555555555556,25.55555555555556,7.112,25.55555555555556,0.7112,74.20163
2005,11,30,25.27777777777778,25.27777777777778,0.254,25.27777777777778,0.0254,77.932277
2005,12,1,25.0,25.0,1.27,25.0,0.127,76.068475
2005,12,2,25.0,25.0,0.508,25.0,0.0508,71.3675025
2005,12,3,23.05555555555556,23.05555555555556,10.921999999999999,23.05555555555556,1.0921999999999998,82.47794999999999
2005,12,4,25.27777777777778,25.27777777777778,7.366,25.27777777777778,0.7365999999999999,79.47713
2005,12,5,25.833333333333336,25.833333333333336,0.0025399999999999997,25.833333333333336,0.000254,68.909975
2005,12,6,25.27777777777778,25.27777777777778,12.446,25.27777777777778,1.2446,81.688905
2005,12,7,25.833333333333336,25.833333333333336,3.556,25.833333333333336,0.3556,78.52158
2005,12,8,25.833333333333336,25.833333333333336,5.08,25.833333333333336,0.508,77.953907
2005,12,9,26.11111111111111,26.11111111111111,0.0025399999999999997,26.11111111111111,0.000254,68.0890905
2005,12,10,25.27777777777778,25.27777777777778,1.27,25.27777777777778,0.127,74.4571
2005,12,11,25.0,25.0,7.619999999999999,25.0,0.7619999999999999,89.99817999999999
2005,12,12,25.0,25.0,0.0,25.0,0.0,79.39348
2005,12,13,25.0,25.0,0.508,25.0,0.0508,72.3066175
2005,12,14,24.444444444444446,24.444444444444446,0.0,24.444444444444446,0.0,79.692755
2005,12,15,23.88888888888889,23.88888888888889,9.143999999999998,23.88888888888889,0.9143999999999999,87.94341
2005,12,16,25.0,25.0,2.54,25.0,0.254,84.85513
2005,12,17,25.0,25.0,14.477999999999998,25.0,1.4477999999999998,84.366333
2005,12,18,24.444444444444446,24.444444444444446,2.032,24.444444444444446,0.2032,79.714385
2005,12,19,24.444444444444446,24.444444444444446,1.016,24.444444444444446,0.1016,77.953907
2005,12,20,24.444444444444446,24.444444444444446,1.5239999999999998,24.444444444444446,0.15239999999999998,78.986125
2005,12,21,22.77777777777778,22.77777777777778,5.08,22.77777777777778,0.508,85.8614
2005,12,22,24.444444444444446,24.444444444444446,0.508,24.444444444444446,0.0508,84.71715
2005,12,23,24.722222222222225,24.722222222222225,0.7619999999999999,24.722222222222225,0.07619999999999999,79.90023500000001
2005,12,24,25.0,25.0,1.778,25.0,0.1778,81.7103
2005,12,25,25.0,25.0,1.016,25.0,0.1016,79.55106
2005,12,26,24.444444444444446,24.444444444444446,0.508,24.444444444444446,0.0508,77.21100200000001
2005,12,27,23.61111111111111,23.61111111111111,0.0,23.61111111111111,0.0,79.563725
2005,12,28,24.444444444444446,24.444444444444446,0.7619999999999999,24.444444444444446,0.07619999999999999,77.18913699999999
2005,12,29,24.722222222222225,24.722222222222225,0.254,24.722222222222225,0.0254,81.74563
2005,12,30,24.722222222222225,24.722222222222225,0.508,24.722222222222225,0.0508,81.74563
2005,12,31,25.27777777777778,25.27777777777778,1.016,25.27777777777778,0.1016,78.56576
2006,1,1,24.444444444444446,24.444444444444446,2.7939999999999996,24.444444444444446,0.2794,81.90523999999999
2006,1,2,25.27777777777778,25.27777777777778,2.2859999999999996,25.27777777777778,0.22859999999999997,76.090105
2006,1,3,24.166666666666668,24.166666666666668,1.016,24.166666666666668,0.1016,77.7994325
2006,1,4,23.61111111111111,23.61111111111111,1.778,23.61111111111111,0.1778,80.6172325
2006,1,5,24.166666666666668,24.166666666666668,0.0,24.166666666666668,0.0,77.820655
2006,1,6,23.05555555555556,23.05555555555556,0.0,23.05555555555556,0.0,77.75433699999999
2006,1,7,24.166666666666668,24.166666666666668,0.0,24.166666666666668,0.0,78.59830249999999
2006,1,8,24.166666666666668,24.166666666666668,0.0,24.166666666666668,0.0,76.300345
2006,1,9,25.0,25.0,21.081999999999997,25.0,2.1081999999999996,79.8185425
2006,1,10,25.27777777777778,25.27777777777778,8.382,25.27777777777778,0.8382,77.842285
2006,1,11,24.166666666666668,24.166666666666668,14.732,24.166666666666668,1.4731999999999998,78.986125
2006,1,12,24.722222222222225,24.722222222222225,6.604,24.722222222222225,0.6604,81.88361
2006,1,13,24.722222222222225,24.722222222222225,2.2859999999999996,24.722222222222225,0.22859999999999997,80.792175
2006,1,14,25.0,25.0,1.016,25.0,0.1016,82.44865
2006,1,15,25.55555555555556,25.55555555555556,68.326,25.55555555555556,6.832599999999999,81.6346
2006,1,16,23.333333333333336,23.333333333333336,1.016,23.333333333333336,0.1016,79.2796
2006,1,17,23.61111111111111,23.61111111111111,0.0,23.61111111111111,0.0,72.810625
2006,1,18,25.0,25.0,2.032,25.0,0.2032,80.2131025
2006,1,19,24.444444444444446,24.444444444444446,6.604,24.444444444444446,0.6604,79.609383
2006,1,20,24.166666666666668,24.166666666666668,6.604,24.166666666666668,0.6604,78.2489
2006,1,21,24.444444444444446,24.444444444444446,1.778,24.444444444444446,0.1778,76.91817750000001
2006,1,22,24.166666666666668,24.166666666666668,11.43,24.166666666666668,1.143,83.945198
2006,1,23,23.88888888888889,23.88888888888889,1.016,23.88888888888889,0.1016,73.014833
2006,1,24,22.77777777777778,22.77777777777778,0.254,22.77777777777778,0.0254,76.957738
2006,1,25,24.444444444444446,24.444444444444446,0.0,24.444444444444446,0.0,69.54097
2006,1,26,23.333333333333336,23.333333333333336,1.016,23.333333333333336,0.1016,83.79006
2006,1,27,23.61111111111111,23.61111111111111,3.302,23.61111111111111,0.3302,79.67089
2006,1,28,22.5,22.5,1.27,22.5,0.127,70.7218265
2006,1,29,22.77777777777778,22.77777777777778,2.54,22.77777777777778,0.254,72.486827
2006,1,30,24.166666666666668,24.166666666666668,0.7619999999999999,24.166666666666668,0.07619999999999999,66.36045
2006,1,31,23.88888888888889,23.88888888888889,0.254,23.88888888888889,0.0254,73.0975
2006,2,1,23.88888888888889,23.88888888888889,0.0,23.88888888888889,0.0,69.761312
2006,2,2,22.22222222222222,22.22222222222222,15.748,22.22222222222222,1.5748,91.546515
2006,2,3,23.88888888888889,23.88888888888889,2.2859999999999996,23.88888888888889,0.22859999999999997,83.8889
2006,2,4,23.88888888888889,23.88888888888889,0.0025399999999999997,23.88888888888889,0.000254,78.38823500000001
2006,2,5,25.27777777777778,25.27777777777778,0.0025399999999999997,25.27777777777778,0.000254,77.15168
2006,2,6,24.444444444444446,24.444444444444446,8.636000000000001,24.444444444444446,0.8636000000000001,82.74506
2006,2,7,23.88888888888889,23.88888888888889,6.095999999999999,23.88888888888889,0.6095999999999999,90.7486
2006,2,8,24.444444444444446,24.444444444444446,4.826,24.444444444444446,0.4826,84.6128
2006,2,9,25.0,25.0,0.0,25.0,0.0,75.8711
2006,2,10,24.166666666666668,24.166666666666668,0.0025399999999999997,24.166666666666668,0.000254,75.846
2006,2,11,25.0,25.0,4.064,25.0,0.4064,82.84356
2006,2,12,25.27777777777778,25.27777777777778,0.0,25.27777777777778,0.0,73.44633999999999
2006,2,13,25.27777777777778,25.27777777777778,0.0,25.27777777777778,0.0,72.30975
2006,2,14,25.27777777777778,25.27777777777778,0.0025399999999999997,25.27777777777778,0.000254,69.9374
2006,2,15,24.722222222222225,24.722222222222225,1.778,24.722222222222225,0.1778,77.20224999999999
2006,2,16,25.55555555555556,25.55555555555556,0.0025399999999999997,25.55555555555556,0.000254,74.983805
2006,2,17,24.722222222222225,24.722222222222225,0.0025399999999999997,24.722222222222225,0.000254,74.20785
2006,2,18,24.166666666666668,24.166666666666668,0.508,24.166666666666668,0.0508,75.358645
2006,2,19,24.444444444444446,24.444444444444446,0.0025399999999999997,24.444444444444446,0.000254,73.2353
2006,2,20,25.0,25.0,0.254,25.0,0.0254,75.4548025
2006,2,21,25.27777777777778,25.27777777777778,0.0025399999999999997,25.27777777777778,0.000254,71.31035
2006,2,22,25.0,25.0,0.0025399999999999997,25.0,0.000254,70.1731
2006,2,23,25.55555555555556,25.55555555555556,0.0025399999999999997,25.55555555555556,0.000254,71.65719999999999
2006,2,24,24.722222222222225,24.722222222222225,0.0,24.722222222222225,0.0,69.33
2006,2,25,25.55555555555556,25.55555555555556,0.0,25.55555555555556,0.0,61.84555
2006,2,26,25.833333333333336,25.833333333333336,0.0025399999999999997,25.833333333333336,0.000254,55.4292
2006,2,27,25.27777777777778,25.27777777777778,0.0,25.27777777777778,0.0,70.0313
2006,2,28,25.0,25.0,0.0,25.0,0.0,69.43729499999999
2006,3,1,25.0,25.0,3.0479999999999996,25.0,0.30479999999999996,76.7025525
2006,3,2,26.11111111111111,26.11111111111111,0.0,26.11111111111111,0.0,66.7218
2006,3,3,26.666666666666668,26.666666666666668,0.254,26.666666666666668,0.0254,64.4131
2006,3,4,25.27777777777778,25.27777777777778,0.0,25.27777777777778,0.0,70.7707
2006,3,5,25.27777777777778,25.27777777777778,0.0025399999999999997,25.27777777777778,0.000254,72.23525000000001
2006,3,6,25.55555555555556,25.55555555555556,0.0025399999999999997,25.55555555555556,0.000254,68.60235
2006,3,7,25.27777777777778,25.27777777777778,0.254,25.27777777777778,0.0254,74.8226
2006,3,8,26.11111111111111,26.11111111111111,0.0025399999999999997,26.11111111111111,0.000254,68.97474
2006,3,9,25.55555555555556,25.55555555555556,0.0,25.55555555555556,0.0,53.86975
2006,3,10,25.0,25.0,1.27,25.0,0.127,60.88925
2006,3,11,25.55555555555556,25.55555555555556,0.0,25.55555555555556,0.0,60.4204
2006,3,12,25.55555555555556,25.55555555555556,0.254,25.55555555555556,0.0254,65.82875
2006,3,13,25.833333333333336,25.833333333333336,0.254,25.833333333333336,0.0254,69.71294999999999
2006,3,14,25.27777777777778,25.27777777777778,7.366,25.27777777777778,0.7365999999999999,77.06285
2006,3,15,25.0,25.0,0.0025399999999999997,25.0,0.000254,76.04702
2006,3,16,25.833333333333336,25.833333333333336,0.0025399999999999997,25.833333333333336,0.000254,75.2193
2006,3,17,26.38888888888889,26.38888888888889,0.0025399999999999997,26.38888888888889,0.000254,70.15035
2006,3,18,25.833333333333336,25.833333333333336,0.0025399999999999997,25.833333333333336,0.000254,70.423388
2006,3,19,26.11111111111111,26.11111111111111,0.0,26.11111111111111,0.0,70.65465
2006,3,20,25.55555555555556,25.55555555555556,0.0,25.55555555555556,0.0,68.16885
2006,3,21,25.833333333333336,25.833333333333336,0.0025399999999999997,25.833333333333336,0.000254,68.4015
2006,3,22,26.11111111111111,26.11111111111111,0.254,26.11111111111111,0.0254,71.43935
2006,3,23,26.38888888888889,26.38888888888889,0.0,26.38888888888889,0.0,66.02745
2006,3,24,25.833333333333336,25.833333333333336,0.0025399999999999997,25.833333333333336,0.000254,73.684538
2006,3,25,27.5,27.5,0.0,27.5,0.0,64.09915
2006,3,26,28.05555555555556,28.05555555555556,0.0,28.05555555555556,0.0,64.2332
2006,3,27,26.944444444444446,26.944444444444446,7.619999999999999,26.944444444444446,0.7619999999999999,79.59360000000001
2006,3,28,26.666666666666668,26.666666666666668,0.0025399999999999997,26.666666666666668,0.000254,73.66975
2006,3,29,27.222222222222225,27.222222222222225,0.0,27.222222222222225,0.0,71.88119999999999
2006,3,30,26.666666666666668,26.666666666666668,1.27,26.666666666666668,0.127,83.28245000000001
2006,3,31,25.0,25.0,0.0025399999999999997,25.0,0.000254,84.02435
2006,4,1,24.166666666666668,24.166666666666668,54.356,24.166666666666668,5.4356,81.71045000000001
2006,4,2,24.444444444444446,24.444444444444446,10.413999999999998,24.444444444444446,1.0413999999999999,79.47715
2006,4,3,25.833333333333336,25.833333333333336,0.508,25.833333333333336,0.0508,76.2267
2006,4,4,26.11111111111111,26.11111111111111,31.496,26.11111111111111,3.1496,79.634955
2006,4,5,25.27777777777778,25.27777777777778,14.985999999999999,25.27777777777778,1.4986,79.29768
2006,4,6,25.27777777777778,25.27777777777778,1.016,25.27777777777778,0.1016,81.120835
2006,4,7,25.55555555555556,25.55555555555556,0.7619999999999999,25.55555555555556,0.07619999999999999,78.7889
2006,4,8,26.38888888888889,26.38888888888889,0.0025399999999999997,26.38888888888889,0.000254,73.55905
2006,4,9,25.833333333333336,25.833333333333336,0.0025399999999999997,25.833333333333336,0.000254,71.26125
2006,4,10,26.666666666666668,26.666666666666668,0.0,26.666666666666668,0.0,65.40275
2006,4,11,26.666666666666668,26.666666666666668,0.0025399999999999997,26.666666666666668,0.000254,64.84445
2006,4,12,26.944444444444446,26.944444444444446,0.7619999999999999,26.944444444444446,0.07619999999999999,71.91305
2006,4,13,26.38888888888889,26.38888888888889,0.0025399999999999997,26.38888888888889,0.000254,73.621688
2006,4,14,27.222222222222225,27.222222222222225,4.571999999999999,27.222222222222225,0.45719999999999994,80.4357
2006,4,15,26.666666666666668,26.666666666666668,0.0025399999999999997,26.666666666666668,0.000254,73.845
2006,4,16,26.666666666666668,26.666666666666668,0.0,26.666666666666668,0.0,68.65245
2006,4,17,26.38888888888889,26.38888888888889,0.0,26.38888888888889,0.0,65.868476
2006,4,18,26.666666666666668,26.666666666666668,0.0,26.666666666666668,0.0,63.2336
2006,4,19,26.666666666666668,26.666666666666668,0.0,26.666666666666668,0.0,66.86535
2006,4,20,26.944444444444446,26.944444444444446,5.842,26.944444444444446,0.5841999999999999,74.89355
2006,4,21,26.11111111111111,26.11111111111111,38.862,26.11111111111111,3.8862,82.86495500000001
2006,4,22,25.0,25.0,22.098,25.0,2.2098,87.74635
2006,4,23,26.38888888888889,26.38888888888889,8.382,26.38888888888889,0.8382,76.3011
2006,4,24,26.38888888888889,26.38888888888889,0.0025399999999999997,26.38888888888889,0.000254,76.18815
2006,4,25,26.666666666666668,26.666666666666668,0.0025399999999999997,26.666666666666668,0.000254,77.72385
2006,4,26,26.11111111111111,26.11111111111111,0.0025399999999999997,26.11111111111111,0.000254,78.68684999999999
2006,4,27,26.38888888888889,26.38888888888889,0.0025399999999999997,26.38888888888889,0.000254,73.58225
2006,4,28,27.77777777777778,27.77777777777778,4.064,27.77777777777778,0.4064,71.02005
2006,4,29,26.11111111111111,26.11111111111111,0.0,26.11111111111111,0.0,77.51905
2006,4,30,26.666666666666668,26.666666666666668,57.403999999999996,26.666666666666668,5.740399999999999,75.6178
2006,5,1,25.833333333333336,25.833333333333336,4.571999999999999,25.833333333333336,0.45719999999999994,78.71665
2006,5,2,25.27777777777778,25.27777777777778,13.462,25.27777777777778,1.3462,84.1455
2006,5,3,25.0,25.0,0.254,25.0,0.0254,88.4517
2006,5,4,26.11111111111111,26.11111111111111,0.0025399999999999997,26.11111111111111,0.000254,72.765745
2006,5,5,26.11111111111111,26.11111111111111,0.0025399999999999997,26.11111111111111,0.000254,64.8359
2006,5,6,25.55555555555556,25.55555555555556,0.0,25.55555555555556,0.0,65.12625
2006,5,7,26.11111111111111,26.11111111111111,0.0,26.11111111111111,0.0,68.6611
2006,5,8,27.5,27.5,0.0,27.5,0.0,69.75575
2006,5,9,27.5,27.5,5.587999999999999,27.5,0.5588,77.76195
2006,5,10,27.5,27.5,7.874,27.5,0.7874,80.9401
2006,5,11,27.5,27.5,0.254,27.5,0.0254,79.69405
2006,5,12,28.333333333333336,28.333333333333336,0.0025399999999999997,28.333333333333336,0.000254,68.42965000000001
2006,5,13,28.333333333333336,28.333333333333336,1.778,28.333333333333336,0.1778,68.26955000000001
2006,5,14,27.77777777777778,27.77777777777778,0.0025399999999999997,27.77777777777778,0.000254,70.07745
2006,5,15,27.77777777777778,27.77777777777778,0.0025399999999999997,27.77777777777778,0.000254,76.87615
2006,5,16,28.05555555555556,28.05555555555556,0.508,28.05555555555556,0.0508,74.7744575
2006,5,17,29.166666666666668,29.166666666666668,0.0,29.166666666666668,0.0,66.6156
2006,5,18,30.0,30.0,0.0,30.0,0.0,69.4098
2006,5,19,27.77777777777778,27.77777777777778,0.0,27.77777777777778,0.0,65.72915
2006,5,20,28.61111111111111,28.61111111111111,0.0,28.61111111111111,0.0,71.8715
2006,5,21,28.61111111111111,28.61111111111111,0.0025399999999999997,28.61111111111111,0.000254,65.4405
2006,5,22,29.166666666666668,29.166666666666668,0.0,29.166666666666668,0.0,66.13544999999999
2006,5,23,29.722222222222225,29.722222222222225,0.0,29.722222222222225,0.0,65.15765
2006,5,24,28.61111111111111,28.61111111111111,0.0,28.61111111111111,0.0,69.784948
2006,5,25,28.61111111111111,28.61111111111111,0.0,28.61111111111111,0.0,68.14675
2006,5,26,28.61111111111111,28.61111111111111,0.0,28.61111111111111,0.0,68.14675
2006,5,27,29.166666666666668,29.166666666666668,0.0,29.166666666666668,0.0,67.68035
2006,5,28,27.77777777777778,27.77777777777778,22.098,27.77777777777778,2.2098,79.37715
2006,5,29,27.5,27.5,0.0025399999999999997,27.5,0.000254,76.3636
2006,5,30,29.444444444444446,29.444444444444446,0.0,29.444444444444446,0.0,67.46175
2006,5,31,29.444444444444446,29.444444444444446,0.0,29.444444444444446,0.0,69.4490575
2006,6,1,28.88888888888889,28.88888888888889,0.0,28.88888888888889,0.0,66.66579250000001
2006,6,2,28.88888888888889,28.88888888888889,0.0,28.88888888888889,0.0,73.25545
2006,6,3,28.05555555555556,28.05555555555556,0.0,28.05555555555556,0.0,68.61735
2006,6,4,28.61111111111111,28.61111111111111,0.0,28.61111111111111,0.0,73.685288
2006,6,5,28.61111111111111,28.61111111111111,0.254,28.61111111111111,0.0254,65.9405
2006,6,6,29.722222222222225,29.722222222222225,0.0025399999999999997,29.722222222222225,0.000254,65.27266
2006,6,7,29.166666666666668,29.166666666666668,2.2859999999999996,29.166666666666668,0.22859999999999997,67.82175000000001
2006,6,8,28.61111111111111,28.61111111111111,0.0,28.61111111111111,0.0,69.7207
2006,6,9,30.0,30.0,0.0,30.0,0.0,64.2701
2006,6,10,29.722222222222225,29.722222222222225,0.0,29.722222222222225,0.0,69.3782
2006,6,11,27.222222222222225,27.222222222222225,14.732,27.222222222222225,1.4731999999999998,75.8009
2006,6,12,28.05555555555556,28.05555555555556,17.018,28.05555555555556,1.7018,78.0753
2006,6,13,27.5,27.5,9.398,27.5,0.9398,76.7178
2006,6,14,27.5,27.5,2.032,27.5,0.2032,77.67484999999999
2006,6,15,27.77777777777778,27.77777777777778,0.0025399999999999997,27.77777777777778,0.000254,76.411
2006,6,16,27.5,27.5,6.858,27.5,0.6858,74.791538
2006,6,17,28.05555555555556,28.05555555555556,0.508,28.05555555555556,0.0508,78.48525
2006,6,18,29.444444444444446,29.444444444444446,0.254,29.444444444444446,0.0254,70.18260000000001
2006,6,19,28.61111111111111,28.61111111111111,6.35,28.61111111111111,0.635,76.63765000000001
2006,6,20,26.38888888888889,26.38888888888889,41.65599999999999,26.38888888888889,4.1655999999999995,83.44375
2006,6,21,26.11111111111111,26.11111111111111,1.5239999999999998,26.11111111111111,0.15239999999999998,87.955855
2006,6,22,27.222222222222225,27.222222222222225,14.985999999999999,27.222222222222225,1.4986,80.47209000000001
2006,6,23,28.333333333333336,28.333333333333336,0.0,28.333333333333336,0.0,74.5255
2006,6,24,28.333333333333336,28.333333333333336,0.0025399999999999997,28.333333333333336,0.000254,71.8715
2006,6,25,29.166666666666668,29.166666666666668,0.0,29.166666666666668,0.0,68.31855
2006,6,26,29.444444444444446,29.444444444444446,0.0,29.444444444444446,0.0,70.0788
2006,6,27,28.88888888888889,28.88888888888889,0.0025399999999999997,28.88888888888889,0.000254,68.75704999999999
2006,6,28,28.333333333333336,28.333333333333336,0.254,28.333333333333336,0.0254,71.9031
2006,6,29,27.222222222222225,27.222222222222225,1.27,27.222222222222225,0.127,75.23815
2006,6,30,28.61111111111111,28.61111111111111,0.0025399999999999997,28.61111111111111,0.000254,75.901425
2006,7,1,27.222222222222225,27.222222222222225,19.304,27.222222222222225,1.9304,82.40605
2006,7,2,27.222222222222225,27.222222222222225,5.842,27.222222222222225,0.5841999999999999,79.03729
2006,7,3,28.05555555555556,28.05555555555556,0.0025399999999999997,28.05555555555556,0.000254,70.878
2006,7,4,28.88888888888889,28.88888888888889,0.254,28.88888888888889,0.0254,68.91475
2006,7,5,29.444444444444446,29.444444444444446,0.0,29.444444444444446,0.0,68.1621
2006,7,6,28.61111111111111,28.61111111111111,0.0025399999999999997,28.61111111111111,0.000254,72.0504525
2006,7,7,27.222222222222225,27.222222222222225,3.0479999999999996,27.222222222222225,0.30479999999999996,75.84065
2006,7,8,26.38888888888889,26.38888888888889,4.826,26.38888888888889,0.4826,82.47465
2006,7,9,28.05555555555556,28.05555555555556,3.556,28.05555555555556,0.3556,77.35905
2006,7,10,26.38888888888889,26.38888888888889,39.878,26.38888888888889,3.9878,84.34684999999999
2006,7,11,27.77777777777778,27.77777777777778,6.858,27.77777777777778,0.6858,77.70895
2006,7,12,27.5,27.5,3.556,27.5,0.3556,78.01595
2006,7,13,27.222222222222225,27.222222222222225,12.953999999999999,27.222222222222225,1.2953999999999999,82.98365
2006,7,14,28.05555555555556,28.05555555555556,1.27,28.05555555555556,0.127,79.613205
2006,7,15,26.666666666666668,26.666666666666668,9.652,26.666666666666668,0.9652,81.91735
2006,7,16,28.05555555555556,28.05555555555556,0.0,28.05555555555556,0.0,76.277502
2006,7,17,27.222222222222225,27.222222222222225,2.2859999999999996,27.222222222222225,0.22859999999999997,76.90715
2006,7,18,27.77777777777778,27.77777777777778,0.508,27.77777777777778,0.0508,77.86160000000001
2006,7,19,29.444444444444446,29.444444444444446,0.254,29.444444444444446,0.0254,70.21265
2006,7,20,27.5,27.5,9.652,27.5,0.9652,79.14150000000001
2006,7,21,28.61111111111111,28.61111111111111,1.27,28.61111111111111,0.127,73.455635
2006,7,22,28.61111111111111,28.61111111111111,1.5239999999999998,28.61111111111111,0.15239999999999998,71.9139
2006,7,23,28.88888888888889,28.88888888888889,0.0025399999999999997,28.88888888888889,0.000254,73.032915
2006,7,24,29.166666666666668,29.166666666666668,0.0025399999999999997,29.166666666666668,0.000254,74.86255
2006,7,25,28.333333333333336,28.333333333333336,1.5239999999999998,28.333333333333336,0.15239999999999998,71.75555
2006,7,26,28.333333333333336,28.333333333333336,15.494,28.333333333333336,1.5493999999999999,75.86590000000001
2006,7,27,27.222222222222225,27.222222222222225,7.619999999999999,27.222222222222225,0.7619999999999999,79.89654999999999
2006,7,28,28.61111111111111,28.61111111111111,4.3180000000000005,28.61111111111111,0.4318000000000001,81.90379999999999
2006,7,29,27.222222222222225,27.222222222222225,17.779999999999998,27.222222222222225,1.7779999999999998,83.24374
2006,7,30,26.38888888888889,26.38888888888889,52.832,26.38888888888889,5.2832,84.37412
2006,7,31,28.61111111111111,28.61111111111111,0.508,28.61111111111111,0.0508,76.792
2006,8,1,28.05555555555556,28.05555555555556,0.0,28.05555555555556,0.0,75.42490000000001
2006,8,2,27.77777777777778,27.77777777777778,3.8099999999999996,27.77777777777778,0.38099999999999995,77.45003
2006,8,3,26.666666666666668,26.666666666666668,10.16,26.666666666666668,1.016,82.5052
2006,8,4,27.5,27.5,0.0025399999999999997,27.5,0.000254,79.3381
2006,8,5,26.666666666666668,26.666666666666668,18.541999999999998,26.666666666666668,1.8541999999999998,82.70125
2006,8,6,27.77777777777778,27.77777777777778,2.7939999999999996,27.77777777777778,0.2794,78.8875
2006,8,7,27.77777777777778,27.77777777777778,5.587999999999999,27.77777777777778,0.5588,79.01165
2006,8,8,28.61111111111111,28.61111111111111,0.0025399999999999997,28.61111111111111,0.000254,73.41565
2006,8,9,28.88888888888889,28.88888888888889,0.0025399999999999997,28.88888888888889,0.000254,74.83510000000001
2006,8,10,28.333333333333336,28.333333333333336,1.016,28.333333333333336,0.1016,80.77565
2006,8,11,29.444444444444446,29.444444444444446,0.0,29.444444444444446,0.0,77.35195
2006,8,12,28.05555555555556,28.05555555555556,0.0025399999999999997,28.05555555555556,0.000254,73.83395
2006,8,13,28.333333333333336,28.333333333333336,0.0025399999999999997,28.333333333333336,0.000254,72.9708
2006,8,14,28.61111111111111,28.61111111111111,0.508,28.61111111111111,0.0508,75.62435
2006,8,15,28.333333333333336,28.333333333333336,1.5239999999999998,28.333333333333336,0.15239999999999998,81.6237
2006,8,16,28.05555555555556,28.05555555555556,13.716,28.05555555555556,1.3716,80.86125
2006,8,17,27.77777777777778,27.77777777777778,0.7619999999999999,27.77777777777778,0.07619999999999999,77.61590000000001
2006,8,18,27.222222222222225,27.222222222222225,14.732,27.222222222222225,1.4731999999999998,79.6132
2006,8,19,27.222222222222225,27.222222222222225,0.0,27.222222222222225,0.0,81.70775
2006,8,20,28.333333333333336,28.333333333333336,0.0,28.333333333333336,0.0,78.5173
2006,8,21,28.88888888888889,28.88888888888889,0.0025399999999999997,28.88888888888889,0.000254,73.9894
2006,8,22,28.333333333333336,28.333333333333336,0.508,28.333333333333336,0.0508,77.63535
2006,8,23,29.444444444444446,29.444444444444446,0.0025399999999999997,29.444444444444446,0.000254,77.7427
2006,8,24,29.166666666666668,29.166666666666668,0.0025399999999999997,29.166666666666668,0.000254,77.40084999999999
2006,8,25,27.77777777777778,27.77777777777778,14.985999999999999,27.77777777777778,1.4986,77.5899
2006,8,26,26.11111111111111,26.11111111111111,14.985999999999999,26.11111111111111,1.4986,85.3363
2006,8,27,27.5,27.5,3.302,27.5,0.3302,81.67750000000001
2006,8,28,28.333333333333336,28.333333333333336,0.0025399999999999997,28.333333333333336,0.000254,78.9081
2006,8,29,28.333333333333336,28.333333333333336,1.016,28.333333333333336,0.1016,77.6373
2006,8,30,28.333333333333336,28.333333333333336,0.254,28.333333333333336,0.0254,78.66135
2006,8,31,28.61111111111111,28.61111111111111,0.0,28.61111111111111,0.0,81.9316
2006,9,1,27.77777777777778,27.77777777777778,0.0025399999999999997,27.77777777777778,0.000254,77.5112175
2006,9,2,28.61111111111111,28.61111111111111,0.254,28.61111111111111,0.0254,76.8561
2006,9,3,29.166666666666668,29.166666666666668,1.27,29.166666666666668,0.127,75.58335
2006,9,4,28.61111111111111,28.61111111111111,6.858,28.61111111111111,0.6858,78.99445
2006,9,5,28.88888888888889,28.88888888888889,2.54,28.88888888888889,0.254,77.58840000000001
2006,9,6,28.333333333333336,28.333333333333336,19.812,28.333333333333336,1.9812,79.48750000000001
2006,9,7,27.5,27.5,3.0479999999999996,27.5,0.30479999999999996,80.86125
2006,9,8,28.05555555555556,28.05555555555556,0.0025399999999999997,28.05555555555556,0.000254,79.42555
2006,9,9,28.88888888888889,28.88888888888889,0.0025399999999999997,28.88888888888889,0.000254,69.01675
2006,9,10,28.61111111111111,28.61111111111111,0.0,28.61111111111111,0.0,66.15365
2006,9,11,29.444444444444446,29.444444444444446,0.0,29.444444444444446,0.0,66.867
2006,9,12,28.88888888888889,28.88888888888889,0.0,28.88888888888889,0.0,70.0282
2006,9,13,28.05555555555556,28.05555555555556,0.7619999999999999,28.05555555555556,0.07619999999999999,76.8361
2006,9,14,28.333333333333336,28.333333333333336,1.5239999999999998,28.333333333333336,0.15239999999999998,78.93639999999999
2006,9,15,28.88888888888889,28.88888888888889,0.0025399999999999997,28.88888888888889,0.000254,76.9264
2006,9,16,29.166666666666668,29.166666666666668,0.0,29.166666666666668,0.0,74.86255
2006,9,17,28.61111111111111,28.61111111111111,0.0,28.61111111111111,0.0,69.6167
2006,9,18,29.722222222222225,29.722222222222225,0.0,29.722222222222225,0.0,68.7573
2006,9,19,28.88888888888889,28.88888888888889,0.0025399999999999997,28.88888888888889,0.000254,72.47315
2006,9,20,28.88888888888889,28.88888888888889,0.0,28.88888888888889,0.0,72.45060000000001
2006,9,21,28.88888888888889,28.88888888888889,0.0,28.88888888888889,0.0,73.88435000000001
2006,9,22,29.444444444444446,29.444444444444446,4.064,29.444444444444446,0.4064,70.85425000000001
2006,9,23,28.88888888888889,28.88888888888889,1.27,28.88888888888889,0.127,74.83545000000001
2006,9,24,29.166666666666668,29.166666666666668,0.0025399999999999997,29.166666666666668,0.000254,70.80449999999999
2006,9,25,28.333333333333336,28.333333333333336,0.7619999999999999,28.333333333333336,0.07619999999999999,77.6373
2006,9,26,28.05555555555556,28.05555555555556,3.0479999999999996,28.05555555555556,0.30479999999999996,75.9633
2006,9,27,28.61111111111111,28.61111111111111,0.0025399999999999997,28.61111111111111,0.000254,73.0500625
2006,9,28,29.166666666666668,29.166666666666668,0.0025399999999999997,29.166666666666668,0.000254,73.49865
2006,9,29,29.166666666666668,29.166666666666668,0.0025399999999999997,29.166666666666668,0.000254,69.9456
2006,9,30,29.722222222222225,29.722222222222225,0.0,29.722222222222225,0.0,65.8999
2006,10,1,28.88888888888889,28.88888888888889,2.032,28.88888888888889,0.2032,74.8755
2006,10,2,28.333333333333336,28.333333333333336,2.2859999999999996,28.333333333333336,0.22859999999999997,76.65594999999999
2006,10,3,28.61111111111111,28.61111111111111,0.0,28.61111111111111,0.0,71.13485
2006,10,4,28.61111111111111,28.61111111111111,0.7619999999999999,28.61111111111111,0.07619999999999999,72.43935
2006,10,5,27.77777777777778,27.77777777777778,0.7619999999999999,27.77777777777778,0.07619999999999999,78.24316
2006,10,6,29.166666666666668,29.166666666666668,9.906,29.166666666666668,0.9906,72.75075000000001
2006,10,7,29.166666666666668,29.166666666666668,0.0,29.166666666666668,0.0,68.37026006658257
2006,10,8,29.444444444444446,29.444444444444446,0.0,29.444444444444446,0.0,74.236
2006,10,9,27.77777777777778,27.77777777777778,16.509999999999998,27.77777777777778,1.6509999999999998,84.12895
2006,10,10,28.05555555555556,28.05555555555556,2.2859999999999996,28.05555555555556,0.22859999999999997,83.65445
2006,10,11,28.333333333333336,28.333333333333336,67.056,28.333333333333336,6.7056,79.50618349999999
2006,10,12,27.222222222222225,27.222222222222225,0.0025399999999999997,27.222222222222225,0.000254,80.4919
2006,10,13,28.333333333333336,28.333333333333336,0.254,28.333333333333336,0.0254,74.7495
2006,10,14,29.166666666666668,29.166666666666668,35.559999999999995,29.166666666666668,3.5559999999999996,75.133
2006,10,15,29.444444444444446,29.444444444444446,0.0,29.444444444444446,0.0,66.64245
2006,10,16,28.88888888888889,28.88888888888889,24.13,28.88888888888889,2.413,77.67625
2006,10,17,29.444444444444446,29.444444444444446,0.254,29.444444444444446,0.0254,71.06535
2006,10,18,28.05555555555556,28.05555555555556,36.83,28.05555555555556,3.683,77.67625
2006,10,19,27.222222222222225,27.222222222222225,1.778,27.222222222222225,0.1778,78.3559
2006,10,20,26.944444444444446,26.944444444444446,26.924,26.944444444444446,2.6924,78.578
2006,10,21,28.88888888888889,28.88888888888889,0.0,28.88888888888889,0.0,73.0084
2006,10,22,28.333333333333336,28.333333333333336,0.0,28.333333333333336,0.0,75.35405
2006,10,23,27.77777777777778,27.77777777777778,0.0,27.77777777777778,0.0,75.82820000000001
2006,10,24,28.88888888888889,28.88888888888889,0.0025399999999999997,28.88888888888889,0.000254,75.60725000000001
2006,10,25,28.61111111111111,28.61111111111111,0.0,28.61111111111111,0.0,75.47229999999999
2006,10,26,28.61111111111111,28.61111111111111,0.0025399999999999997,28.61111111111111,0.000254,78.66395
2006,10,27,27.77777777777778,27.77777777777778,27.94,27.77777777777778,2.794,83.71835
2006,10,28,28.333333333333336,28.333333333333336,4.3180000000000005,28.333333333333336,0.4318000000000001,81.19235
2006,10,29,28.61111111111111,28.61111111111111,2.54,28.61111111111111,0.254,77.97445
2006,10,30,28.333333333333336,28.333333333333336,3.302,28.333333333333336,0.3302,77.97445
2006,10,31,28.333333333333336,28.333333333333336,8.889999999999999,28.333333333333336,0.8889999999999999,76.38925
2006,11,1,27.5,27.5,0.0,27.5,0.0,78.01595
2006,11,2,27.77777777777778,27.77777777777778,7.619999999999999,27.77777777777778,0.7619999999999999,76.9718
2006,11,3,28.61111111111111,28.61111111111111,1.5239999999999998,28.61111111111111,0.15239999999999998,73.0024
2006,11,4,28.05555555555556,28.05555555555556,0.0,28.05555555555556,0.0,78.0163075
2006,11,5,28.05555555555556,28.05555555555556,0.0025399999999999997,28.05555555555556,0.000254,73.3824
2006,11,6,27.5,27.5,0.0,27.5,0.0,70.25145
2006,11,7,26.944444444444446,26.944444444444446,0.0025399999999999997,26.944444444444446,0.000254,69.3515
2006,11,8,27.77777777777778,27.77777777777778,0.508,27.77777777777778,0.0508,67.26148
2006,11,9,27.77777777777778,27.77777777777778,0.0,27.77777777777778,0.0,70.91595
2006,11,10,27.5,27.5,0.0,27.5,0.0,72.89775
2006,11,11,27.222222222222225,27.222222222222225,6.095999999999999,27.222222222222225,0.6095999999999999,79.68680499999999
2006,11,12,26.666666666666668,26.666666666666668,7.619999999999999,26.666666666666668,0.7619999999999999,81.91735
2006,11,13,26.38888888888889,26.38888888888889,4.3180000000000005,26.38888888888889,0.4318000000000001,81.45675
2006,11,14,26.666666666666668,26.666666666666668,0.254,26.666666666666668,0.0254,77.988083
2006,11,15,26.11111111111111,26.11111111111111,0.508,26.11111111111111,0.0508,76.2267
2006,11,16,26.666666666666668,26.666666666666668,0.0025399999999999997,26.666666666666668,0.000254,74.225405
2006,11,17,26.666666666666668,26.666666666666668,0.0,26.666666666666668,0.0,75.38675
2006,11,18,26.944444444444446,26.944444444444446,0.0,26.944444444444446,0.0,74.7458025
2006,11,19,27.77777777777778,27.77777777777778,0.0,27.77777777777778,0.0,68.72555
2006,11,20,28.61111111111111,28.61111111111111,0.0025399999999999997,28.61111111111111,0.000254,69.487038
2006,11,21,28.333333333333336,28.333333333333336,0.0025399999999999997,28.333333333333336,0.000254,69.69125
2006,11,22,27.77777777777778,27.77777777777778,3.302,27.77777777777778,0.3302,72.25835000000001
2006,11,23,27.222222222222225,27.222222222222225,0.0025399999999999997,27.222222222222225,0.000254,75.84065
2006,11,24,27.222222222222225,27.222222222222225,0.254,27.222222222222225,0.0254,73.20745
2006,11,25,27.5,27.5,0.0,27.5,0.0,72.752588
2006,11,26,27.5,27.5,0.0025399999999999997,27.5,0.000254,77.94235
2006,11,27,26.38888888888889,26.38888888888889,85.09,26.38888888888889,8.509,83.68185
2006,11,28,26.38888888888889,26.38888888888889,7.112,26.38888888888889,0.7112,80.89880500000001
2006,11,29,25.833333333333336,25.833333333333336,19.049999999999997,25.833333333333336,1.9049999999999998,77.268645
2006,11,30,27.5,27.5,1.778,27.5,0.1778,71.82012499999999
2006,12,1,25.833333333333336,25.833333333333336,12.191999999999998,25.833333333333336,1.2191999999999998,78.56576
2006,12,2,25.833333333333336,25.833333333333336,4.571999999999999,25.833333333333336,0.45719999999999994,73.2938975
2006,12,3,25.27777777777778,25.27777777777778,6.35,25.27777777777778,0.635,73.30786499999999
2006,12,4,25.27777777777778,25.27777777777778,16.764,25.27777777777778,1.6764,80.51325
2006,12,5,25.833333333333336,25.833333333333336,1.27,25.833333333333336,0.127,81.52324999999999
2006,12,6,26.666666666666668,26.666666666666668,0.0025399999999999997,26.666666666666668,0.000254,80.2212
2006,12,7,27.222222222222225,27.222222222222225,3.302,27.222222222222225,0.3302,79.2017075
2006,12,8,26.944444444444446,26.944444444444446,0.0,26.944444444444446,0.0,80.03155000000001
2006,12,9,26.944444444444446,26.944444444444446,0.254,26.944444444444446,0.0254,73.10135
2006,12,10,26.38888888888889,26.38888888888889,2.032,26.38888888888889,0.2032,75.97315
2006,12,11,25.833333333333336,25.833333333333336,0.0025399999999999997,25.833333333333336,0.000254,77.51865000000001
2006,12,12,25.833333333333336,25.833333333333336,1.27,25.833333333333336,0.127,80.0473525
2006,12,13,26.11111111111111,26.11111111111111,0.7619999999999999,26.11111111111111,0.07619999999999999,76.0863
2006,12,14,26.38888888888889,26.38888888888889,1.5239999999999998,26.38888888888889,0.15239999999999998,71.7148
2006,12,15,25.55555555555556,25.55555555555556,4.826,25.55555555555556,0.4826,78.93735000000001
2006,12,16,26.11111111111111,26.11111111111111,0.508,26.11111111111111,0.0508,77.9016
2006,12,17,25.833333333333336,25.833333333333336,18.034,25.833333333333336,1.8034,84.18225000000001
2006,12,18,25.833333333333336,25.833333333333336,0.0025399999999999997,25.833333333333336,0.000254,75.01910000000001
2006,12,19,25.833333333333336,25.833333333333336,0.0,25.833333333333336,0.0,73.556138
2006,12,20,26.666666666666668,26.666666666666668,0.0,26.666666666666668,0.0,75.1394
2006,12,21,26.38888888888889,26.38888888888889,2.032,26.38888888888889,0.2032,81.19409999999999
2006,12,22,25.833333333333336,25.833333333333336,13.716,25.833333333333336,1.3716,84.132508
2006,12,23,26.11111111111111,26.11111111111111,0.7619999999999999,26.11111111111111,0.07619999999999999,77.8653
2006,12,24,25.833333333333336,25.833333333333336,1.778,25.833333333333336,0.1778,73.7247
2006,12,25,24.722222222222225,24.722222222222225,0.254,24.722222222222225,0.0254,75.2678
2006,12,26,25.0,25.0,3.556,25.0,0.3556,80.51326
2006,12,27,25.55555555555556,25.55555555555556,0.0,25.55555555555556,0.0,75.76335
2006,12,28,26.38888888888889,26.38888888888889,1.27,26.38888888888889,0.127,78.9572
2006,12,29,25.833333333333336,25.833333333333336,8.128,25.833333333333336,0.8128,81.4311
2006,12,30,25.27777777777778,25.27777777777778,5.842,25.27777777777778,0.5841999999999999,80.94515
2006,12,31,25.27777777777778,25.27777777777778,3.302,25.27777777777778,0.3302,82.84356
2007,1,1,25.27777777777778,25.27777777777778,11.937999999999999,25.27777777777778,1.1938,80.63886249999999
2007,1,2,25.27777777777778,25.27777777777778,0.254,25.27777777777778,0.0254,74.974088
2007,1,3,25.0,25.0,3.302,25.0,0.3302,79.921865
2007,1,4,25.0,25.0,0.254,25.0,0.0254,75.0460775
2007,1,5,24.722222222222225,24.722222222222225,3.0479999999999996,24.722222222222225,0.30479999999999996,79.37185
2007,1,6,25.0,25.0,2.032,25.0,0.2032,75.95381
2007,1,7,25.55555555555556,25.55555555555556,0.7619999999999999,25.55555555555556,0.07619999999999999,68.9375725
2007,1,8,25.27777777777778,25.27777777777778,5.08,25.27777777777778,0.508,82.34337
2007,1,9,24.722222222222225,24.722222222222225,0.0025399999999999997,24.722222222222225,0.000254,80.6172325
2007,1,10,24.166666666666668,24.166666666666668,0.0,24.166666666666668,0.0,80.5953675
2007,1,11,25.27777777777778,25.27777777777778,1.016,25.27777777777778,0.1016,79.47713
2007,1,12,25.0,25.0,0.7619999999999999,25.0,0.07619999999999999,80.63886249999999
2007,1,13,25.0,25.0,12.953999999999999,25.0,1.2953999999999999,79.921865
2007,1,14,25.27777777777778,25.27777777777778,3.302,25.27777777777778,0.3302,79.39348
2007,1,15,25.55555555555556,25.55555555555556,3.302,25.55555555555556,0.3302,75.1576995
2007,1,16,25.27777777777778,25.27777777777778,0.7619999999999999,25.27777777777778,0.07619999999999999,76.5972725
2007,1,17,25.55555555555556,25.55555555555556,0.7619999999999999,25.55555555555556,0.07619999999999999,76.5972725
2007,1,18,24.722222222222225,24.722222222222225,6.604,24.722222222222225,0.6604,79.714385
2007,1,19,24.722222222222225,24.722222222222225,2.032,24.722222222222225,0.2032,79.37185
2007,1,20,25.0,25.0,0.0025399999999999997,25.0,0.000254,75.00516999999999
2007,1,21,24.722222222222225,24.722222222222225,0.0025399999999999997,24.722222222222225,0.000254,75.075452
2007,1,22,25.0,25.0,6.604,25.0,0.6604,77.505005
2007,1,23,25.0,25.0,0.0025399999999999997,25.0,0.000254,71.119195
2007,1,24,25.0,25.0,0.0,25.0,0.0,72.423745
2007,1,25,24.166666666666668,24.166666666666668,0.0,24.166666666666668,0.0,75.801725
2007,1,26,25.833333333333336,25.833333333333336,0.0,25.833333333333336,0.0,67.94754
2007,1,27,25.55555555555556,25.55555555555556,0.0,25.55555555555556,0.0,71.4472725
2007,1,28,25.27777777777778,25.27777777777778,0.0,25.27777777777778,0.0,67.5594
2007,1,29,24.722222222222225,24.722222222222225,0.0,24.722222222222225,0.0,74.049545
2007,1,30,25.0,25.0,0.0,25.0,0.0,71.4886125
2007,1,31,25.833333333333336,25.833333333333336,0.0,25.833333333333336,0.0,72.8162025
2007,2,1,25.833333333333336,25.833333333333336,0.7619999999999999,25.833333333333336,0.07619999999999999,75.4667
2007,2,2,25.55555555555556,25.55555555555556,0.508,25.55555555555556,0.0508,76.795338
2007,2,3,25.833333333333336,25.833333333333336,1.016,25.833333333333336,0.1016,75.7695525
2007,2,4,25.27777777777778,25.27777777777778,1.016,25.27777777777778,0.1016,73.215731
2007,2,5,25.833333333333336,25.833333333333336,0.0,25.833333333333336,0.0,72.565752
2007,2,6,26.38888888888889,26.38888888888889,0.254,26.38888888888889,0.0254,74.6896025
2007,2,7,26.11111111111111,26.11111111111111,0.0025399999999999997,26.11111111111111,0.000254,71.6532
2007,2,8,25.27777777777778,25.27777777777778,0.0,25.27777777777778,0.0,72.843875
2007,2,9,27.222222222222225,27.222222222222225,0.0,27.222222222222225,0.0,65.923275
2007,2,10,26.11111111111111,26.11111111111111,0.0,26.11111111111111,0.0,67.749345
2007,2,11,26.11111111111111,26.11111111111111,0.0,26.11111111111111,0.0,68.6835585
2007,2,12,26.11111111111111,26.11111111111111,0.0,26.11111111111111,0.0,70.858261
2007,2,13,26.38888888888889,26.38888888888889,0.0,26.38888888888889,0.0,61.635
2007,2,14,26.11111111111111,26.11111111111111,0.0,26.11111111111111,0.0,59.5576815
2007,2,15,26.38888888888889,26.38888888888889,0.0,26.38888888888889,0.0,68.0408815
2007,2,16,26.666666666666668,26.666666666666668,0.0,26.666666666666668,0.0,68.5448855
2007,2,17,26.11111111111111,26.11111111111111,0.0,26.11111111111111,0.0,70.24308400000001
2007,2,18,26.666666666666668,26.666666666666668,0.0025399999999999997,26.666666666666668,0.000254,64.97305300000001
2007,2,19,26.38888888888889,26.38888888888889,1.5239999999999998,26.38888888888889,0.15239999999999998,72.78513799999999
2007,2,20,23.333333333333336,23.333333333333336,16.002,23.333333333333336,1.6001999999999998,79.714385
2007,2,21,25.0,25.0,5.334,25.0,0.5334,79.49876
2007,2,22,25.833333333333336,25.833333333333336,1.27,25.833333333333336,0.127,78.06468
2007,2,23,25.55555555555556,25.55555555555556,0.254,25.55555555555556,0.0254,75.17796
2007,2,24,26.666666666666668,26.666666666666668,0.0,26.666666666666668,0.0,64.4190765
2007,2,25,25.833333333333336,25.833333333333336,0.0,25.833333333333336,0.0,71.736388
2007,2,26,27.222222222222225,27.222222222222225,0.0,27.222222222222225,0.0,68.6756825
2007,2,27,26.944444444444446,26.944444444444446,0.0025399999999999997,26.944444444444446,0.000254,71.15081649999999
2007,2,28,27.5,27.5,0.0025399999999999997,27.5,0.000254,65.9637605
2007,3,1,26.944444444444446,26.944444444444446,0.0025399999999999997,26.944444444444446,0.000254,68.20731950000001
2007,3,2,25.55555555555556,25.55555555555556,5.587999999999999,25.55555555555556,0.5588,77.505005
2007,3,3,26.38888888888889,26.38888888888889,1.778,26.38888888888889,0.1778,70.8987465
2007,3,4,26.38888888888889,26.38888888888889,0.0025399999999999997,26.38888888888889,0.000254,73.52866350000001
2007,3,5,26.11111111111111,26.11111111111111,1.016,26.11111111111111,0.1016,71.229455
2007,3,6,26.38888888888889,26.38888888888889,0.254,26.38888888888889,0.0254,69.9885065
2007,3,7,26.38888888888889,26.38888888888889,0.0,26.38888888888889,0.0,68.0408815
2007,3,8,26.38888888888889,26.38888888888889,0.0025399999999999997,26.38888888888889,0.000254,67.202905
2007,3,9,27.5,27.5,0.0,27.5,0.0,61.963955
2007,3,10,26.944444444444446,26.944444444444446,0.0,26.944444444444446,0.0,65.61537200000001
2007,3,11,26.944444444444446,26.944444444444446,0.0,26.944444444444446,0.0,70.677421
2007,3,12,26.38888888888889,26.38888888888889,0.0,26.38888888888889,0.0,65.1217765
2007,3,13,26.38888888888889,26.38888888888889,0.0025399999999999997,26.38888888888889,0.000254,71.030653
2007,3,14,25.833333333333336,25.833333333333336,0.508,25.833333333333336,0.0508,66.31885249999999
2007,3,15,25.833333333333336,25.833333333333336,0.0025399999999999997,25.833333333333336,0.000254,61.527
2007,3,16,26.944444444444446,26.944444444444446,0.0,26.944444444444446,0.0,67.58111550000001
2007,3,17,27.77777777777778,27.77777777777778,0.0,27.77777777777778,0.0,62.57183499999999
2007,3,18,27.77777777777778,27.77777777777778,0.0,27.77777777777778,0.0,64.5969225
2007,3,19,27.5,27.5,0.0,27.5,0.0,69.174656
2007,3,20,27.5,27.5,0.0,27.5,0.0,66.057355
2007,3,21,26.944444444444446,26.944444444444446,0.0025399999999999997,26.944444444444446,0.000254,69.0612525
2007,3,22,26.666666666666668,26.666666666666668,0.508,26.666666666666668,0.0508,69.0612525
2007,3,23,28.05555555555556,28.05555555555556,0.0025399999999999997,28.05555555555556,0.000254,60.7505115
2007,3,24,26.944444444444446,26.944444444444446,0.508,26.944444444444446,0.0508,69.0612525
2007,3,25,27.222222222222225,27.222222222222225,0.0025399999999999997,27.222222222222225,0.000254,67.77406500000001
2007,3,26,26.666666666666668,26.666666666666668,6.604,26.666666666666668,0.6604,74.730088
2007,3,27,25.55555555555556,25.55555555555556,1.778,25.55555555555556,0.1778,78.071645
2007,3,28,26.38888888888889,26.38888888888889,29.209999999999997,26.38888888888889,2.921,81.51565
2007,3,29,25.833333333333336,25.833333333333336,0.0025399999999999997,25.833333333333336,0.000254,79.96414
2007,3,30,25.55555555555556,25.55555555555556,8.636000000000001,25.55555555555556,0.8636000000000001,78.13576
2007,3,31,25.27777777777778,25.27777777777778,0.254,25.27777777777778,0.0254,65.026555
2007,4,1,25.833333333333336,25.833333333333336,0.0025399999999999997,25.833333333333336,0.000254,55.933400000000006
2007,4,2,25.0,25.0,0.254,25.0,0.0254,67.4761
2007,4,3,25.27777777777778,25.27777777777778,0.0025399999999999997,25.27777777777778,0.000254,64.5278
2007,4,4,24.166666666666668,24.166666666666668,3.0479999999999996,24.166666666666668,0.30479999999999996,75.08595
2007,4,5,24.722222222222225,24.722222222222225,0.0,24.722222222222225,0.0,70.3772
2007,4,6,26.944444444444446,26.944444444444446,0.0,26.944444444444446,0.0,66.50098
2007,4,7,28.88888888888889,28.88888888888889,0.0,28.88888888888889,0.0,63.83028
2007,4,8,27.5,27.5,0.254,27.5,0.0254,76.93757
2007,4,9,26.944444444444446,26.944444444444446,0.0,26.944444444444446,0.0,71.889838
2007,4,10,26.944444444444446,26.944444444444446,0.0,26.944444444444446,0.0,72.664515
2007,4,11,28.333333333333336,28.333333333333336,0.0,28.333333333333336,0.0,63.3313275
2007,4,12,28.05555555555556,28.05555555555556,0.0,28.05555555555556,0.0,63.9729765
2007,4,13,27.5,27.5,0.0,27.5,0.0,69.6281125
2007,4,14,27.222222222222225,27.222222222222225,0.0,27.222222222222225,0.0,70.224255
2007,4,15,27.77777777777778,27.77777777777778,0.0025399999999999997,27.77777777777778,0.000254,69.257405
2007,4,16,28.333333333333336,28.333333333333336,1.778,28.333333333333336,0.1778,68.5791675
2007,4,17,27.5,27.5,38.354,27.5,3.8354,74.00401
2007,4,18,25.55555555555556,25.55555555555556,10.413999999999998,25.55555555555556,1.0413999999999999,80.04575
2007,4,19,28.05555555555556,28.05555555555556,0.0025399999999999997,28.05555555555556,0.000254,71.40331
2007,4,20,30.0,30.0,0.0025399999999999997,30.0,0.000254,64.59057999999999
2007,4,21,27.222222222222225,27.222222222222225,24.637999999999998,27.222222222222225,2.4638,80.147415
2007,4,22,26.38888888888889,26.38888888888889,61.976,26.38888888888889,6.1975999999999996,84.94877249999999
2007,4,23,23.61111111111111,23.61111111111111,27.686,23.61111111111111,2.7686,89.23945499999999
2007,4,24,24.166666666666668,24.166666666666668,25.4,24.166666666666668,2.54,86.97425
2007,4,25,26.666666666666668,26.666666666666668,0.0,26.666666666666668,0.0,74.786288
2007,4,26,25.55555555555556,25.55555555555556,24.892,25.55555555555556,2.4892,83.03070500000001
2007,4,27,26.666666666666668,26.666666666666668,0.254,26.666666666666668,0.0254,79.058638
2007,4,28,26.944444444444446,26.944444444444446,5.842,26.944444444444446,0.5841999999999999,75.96905749999999
2007,4,29,26.38888888888889,26.38888888888889,5.08,26.38888888888889,0.508,75.929
2007,4,30,27.222222222222225,27.222222222222225,18.287999999999997,27.222222222222225,1.8287999999999998,78.70610500000001
2007,5,1,26.666666666666668,26.666666666666668,5.842,26.666666666666668,0.5841999999999999,80.04575
2007,5,2,27.5,27.5,1.27,27.5,0.127,74.590778
2007,5,3,26.944444444444446,26.944444444444446,1.27,26.944444444444446,0.127,74.8263575
2007,5,4,27.5,27.5,0.0025399999999999997,27.5,0.000254,71.6936855
2007,5,5,27.5,27.5,6.35,27.5,0.635,69.2409705
2007,5,6,27.222222222222225,27.222222222222225,0.254,27.222222222222225,0.0254,79.1371655
2007,5,7,28.05555555555556,28.05555555555556,0.254,28.05555555555556,0.0254,71.112288
2007,5,8,28.61111111111111,28.61111111111111,0.0025399999999999997,28.61111111111111,0.000254,69.906975
2007,5,9,28.88888888888889,28.88888888888889,0.254,28.88888888888889,0.0254,66.6331485
2007,5,10,28.61111111111111,28.61111111111111,0.0,28.61111111111111,0.0,71.248288
2007,5,11,29.166666666666668,29.166666666666668,0.0,29.166666666666668,0.0,69.5127145
2007,5,12,29.166666666666668,29.166666666666668,0.0025399999999999997,29.166666666666668,0.000254,67.59585
2007,5,13,29.444444444444446,29.444444444444446,0.0,29.444444444444446,0.0,62.7890575
2007,5,14,29.166666666666668,29.166666666666668,0.0,29.166666666666668,0.0,68.31855
2007,5,15,28.333333333333336,28.333333333333336,0.508,28.333333333333336,0.0508,72.9416215
2007,5,16,29.166666666666668,29.166666666666668,0.0,29.166666666666668,0.0,65.3603485
2007,5,17,28.61111111111111,28.61111111111111,0.0,28.61111111111111,0.0,68.539098
2007,5,18,29.166666666666668,29.166666666666668,0.0,29.166666666666668,0.0,63.95265
2007,5,19,29.166666666666668,29.166666666666668,0.0,29.166666666666668,0.0,62.40102
2007,5,20,28.333333333333336,28.333333333333336,0.0,28.333333333333336,0.0,70.259758
2007,5,21,28.61111111111111,28.61111111111111,0.0025399999999999997,28.61111111111111,0.000254,64.789921
2007,5,22,28.61111111111111,28.61111111111111,0.0025399999999999997,28.61111111111111,0.000254,67.316328
2007,5,23,28.333333333333336,28.333333333333336,0.0025399999999999997,28.333333333333336,0.000254,69.4842055
2007,5,24,28.05555555555556,28.05555555555556,2.54,28.05555555555556,0.254,74.9948915
2007,5,25,27.77777777777778,27.77777777777778,14.477999999999998,27.77777777777778,1.4477999999999998,76.462393
2007,5,26,28.88888888888889,28.88888888888889,0.0025399999999999997,28.88888888888889,0.000254,73.6092185
2007,5,27,28.61111111111111,28.61111111111111,0.0025399999999999997,28.61111111111111,0.000254,69.784948
2007,5,28,28.88888888888889,28.88888888888889,0.0,28.88888888888889,0.0,66.89216
2007,5,29,30.0,30.0,0.0,30.0,0.0,64.2666575
2007,5,30,29.444444444444446,29.444444444444446,0.0025399999999999997,29.444444444444446,0.000254,69.27475
2007,5,31,28.61111111111111,28.61111111111111,0.508,28.61111111111111,0.0508,71.96957
2007,6,1,27.77777777777778,27.77777777777778,32.257999999999996,27.77777777777778,3.2257999999999996,78.3051075
2007,6,2,28.88888888888889,28.88888888888889,0.508,28.88888888888889,0.0508,71.653688
2007,6,3,30.0,30.0,0.0,30.0,0.0,65.4927375
2007,6,4,29.444444444444446,29.444444444444446,0.0,29.444444444444446,0.0,69.71666
2007,6,5,29.166666666666668,29.166666666666668,0.0,29.166666666666668,0.0,70.028183
2007,6,6,28.333333333333336,28.333333333333336,0.7619999999999999,28.333333333333336,0.07619999999999999,72.2548
2007,6,7,28.05555555555556,28.05555555555556,0.254,28.05555555555556,0.0254,73.6092185
2007,6,8,27.5,27.5,0.0025399999999999997,27.5,0.000254,78.69275
2007,6,9,28.333333333333336,28.333333333333336,0.0025399999999999997,28.333333333333336,0.000254,72.26703
2007,6,10,29.722222222222225,29.722222222222225,0.0,29.722222222222225,0.0,68.8943075
2007,6,11,28.61111111111111,28.61111111111111,46.482,28.61111111111111,4.6482,71.261925
2007,6,12,28.88888888888889,28.88888888888889,0.0,28.88888888888889,0.0,71.48950500000001
2007,6,13,29.444444444444446,29.444444444444446,0.0025399999999999997,29.444444444444446,0.000254,66.742255
2007,6,14,29.444444444444446,29.444444444444446,0.0,29.444444444444446,0.0,64.9786175
2007,6,15,29.444444444444446,29.444444444444446,0.0,29.444444444444446,0.0,67.59585
2007,6,16,28.88888888888889,28.88888888888889,0.0,28.88888888888889,0.0,70.46788
2007,6,17,28.05555555555556,28.05555555555556,4.3180000000000005,28.05555555555556,0.4318000000000001,74.955229
2007,6,18,28.88888888888889,28.88888888888889,0.0025399999999999997,28.88888888888889,0.000254,68.243695
2007,6,19,28.88888888888889,28.88888888888889,0.0025399999999999997,28.88888888888889,0.000254,67.316328
2007,6,20,28.333333333333336,28.333333333333336,0.508,28.333333333333336,0.0508,75.6469745
2007,6,21,30.27777777777778,30.27777777777778,0.0,30.27777777777778,0.0,67.28880000000001
2007,6,22,30.0,30.0,0.0,30.0,0.0,64.3148875
2007,6,23,29.444444444444446,29.444444444444446,0.0,29.444444444444446,0.0,70.2545715
2007,6,24,28.88888888888889,28.88888888888889,1.016,28.88888888888889,0.1016,69.50422999999999
2007,6,25,28.88888888888889,28.88888888888889,0.0025399999999999997,28.88888888888889,0.000254,70.01835
2007,6,26,28.61111111111111,28.61111111111111,2.2859999999999996,28.61111111111111,0.22859999999999997,71.13262
2007,6,27,28.61111111111111,28.61111111111111,2.032,28.61111111111111,0.2032,69.37057999999999
2007,6,28,27.77777777777778,27.77777777777778,12.191999999999998,27.77777777777778,1.2191999999999998,71.049891
2007,6,29,28.333333333333336,28.333333333333336,0.0025399999999999997,28.333333333333336,0.000254,68.461025
2007,6,30,29.166666666666668,29.166666666666668,0.0,29.166666666666668,0.0,71.2813135
2007,7,1,30.0,30.0,0.7619999999999999,30.0,0.07619999999999999,65.7403525
2007,7,2,29.166666666666668,29.166666666666668,0.0025399999999999997,29.166666666666668,0.000254,69.906975
2007,7,3,28.88888888888889,28.88888888888889,0.0,28.88888888888889,0.0,69.677325
2007,7,4,28.88888888888889,28.88888888888889,0.0025399999999999997,28.88888888888889,0.000254,65.6919925
2007,7,5,29.444444444444446,29.444444444444446,0.7619999999999999,29.444444444444446,0.07619999999999999,71.37648300000001
2007,7,6,28.333333333333336,28.333333333333336,8.128,28.333333333333336,0.8128,73.7253455
2007,7,7,27.77777777777778,27.77777777777778,0.7619999999999999,27.77777777777778,0.07619999999999999,73.7253455
2007,7,8,28.61111111111111,28.61111111111111,0.254,28.61111111111111,0.0254,71.1097105
2007,7,9,30.0,30.0,0.0025399999999999997,30.0,0.000254,67.585585
2007,7,10,28.333333333333336,28.333333333333336,0.0025399999999999997,28.333333333333336,0.000254,69.0571285
2007,7,11,28.333333333333336,28.333333333333336,6.35,28.333333333333336,0.635,72.018295
2007,7,12,29.444444444444446,29.444444444444446,0.0,29.444444444444446,0.0,69.50422999999999
2007,7,13,29.444444444444446,29.444444444444446,0.0,29.444444444444446,0.0,67.146238
2007,7,14,27.77777777777778,27.77777777777778,2.032,27.77777777777778,0.2032,76.462393
2007,7,15,28.61111111111111,28.61111111111111,10.413999999999998,28.61111111111111,1.0413999999999999,72.023488
2007,7,16,27.77777777777778,27.77777777777778,2.54,27.77777777777778,0.254,77.80049
2007,7,17,27.77777777777778,27.77777777777778,1.27,27.77777777777778,0.127,79.638342
2007,7,18,28.61111111111111,28.61111111111111,0.0025399999999999997,28.61111111111111,0.000254,72.018295
2007,7,19,27.77777777777778,27.77777777777778,11.937999999999999,27.77777777777778,1.1938,77.56363637017239
2007,7,20,29.166666666666668,29.166666666666668,0.0025399999999999997,29.166666666666668,0.000254,69.24315
2007,7,21,29.722222222222225,29.722222222222225,0.0,29.722222222222225,0.0,68.25462
2007,7,22,28.333333333333336,28.333333333333336,56.641999999999996,28.333333333333336,5.664199999999999,78.36111
2007,7,23,28.333333333333336,28.333333333333336,0.0025399999999999997,28.333333333333336,0.000254,76.4179525
2007,7,24,28.88888888888889,28.88888888888889,0.0025399999999999997,28.88888888888889,0.000254,72.0504525
2007,7,25,28.61111111111111,28.61111111111111,2.2859999999999996,28.61111111111111,0.22859999999999997,75.036655
2007,7,26,28.88888888888889,28.88888888888889,0.0025399999999999997,28.88888888888889,0.000254,73.0087325
2007,7,27,29.444444444444446,29.444444444444446,0.0025399999999999997,29.444444444444446,0.000254,69.540513
2007,7,28,28.61111111111111,28.61111111111111,0.0,28.61111111111111,0.0,66.60176200000001
2007,7,29,28.333333333333336,28.333333333333336,0.0025399999999999997,28.333333333333336,0.000254,71.1097105
2007,7,30,27.5,27.5,12.191999999999998,27.5,1.2191999999999998,79.78544500000001
2007,7,31,28.333333333333336,28.333333333333336,0.0025399999999999997,28.333333333333336,0.000254,76.3802525
2007,8,1,28.88888888888889,28.88888888888889,0.0025399999999999997,28.88888888888889,0.000254,81.124502
2007,8,2,29.166666666666668,29.166666666666668,0.508,29.166666666666668,0.0508,73.5544525
2007,8,3,28.61111111111111,28.61111111111111,0.254,28.61111111111111,0.0254,70.0713365
2007,8,4,29.166666666666668,29.166666666666668,0.0025399999999999997,29.166666666666668,0.000254,69.2399185
2007,8,5,28.05555555555556,28.05555555555556,3.302,28.05555555555556,0.3302,71.8270335
2007,8,6,28.05555555555556,28.05555555555556,2.2859999999999996,28.05555555555556,0.22859999999999997,75.56806
2007,8,7,27.5,27.5,7.874,27.5,0.7874,81.9142825
2007,8,8,27.222222222222225,27.222222222222225,15.748,27.222222222222225,1.5748,79.704745
2007,8,9,28.61111111111111,28.61111111111111,0.0025399999999999997,28.61111111111111,0.000254,71.8270335
2007,8,10,28.61111111111111,28.61111111111111,1.27,28.61111111111111,0.127,83.07591
2007,8,11,28.88888888888889,28.88888888888889,0.0025399999999999997,28.88888888888889,0.000254,72.9416215
2007,8,12,28.88888888888889,28.88888888888889,0.0,28.88888888888889,0.0,72.9100215
2007,8,13,28.88888888888889,28.88888888888889,0.0,28.88888888888889,0.0,72.3959015
2007,8,14,28.333333333333336,28.333333333333336,15.239999999999998,28.333333333333336,1.5239999999999998,70.05234999999999
2007,8,15,29.444444444444446,29.444444444444446,2.7939999999999996,29.444444444444446,0.2794,71.634355
2007,8,16,28.61111111111111,28.61111111111111,4.826,28.61111111111111,0.4826,73.8803035
2007,8,17,29.166666666666668,29.166666666666668,0.0025399999999999997,29.166666666666668,0.000254,74.8447025
2007,8,18,27.222222222222225,27.222222222222225,11.684,27.222222222222225,1.1683999999999999,78.1378575
2007,8,19,28.05555555555556,28.05555555555556,0.254,28.05555555555556,0.0254,76.4008525
2007,8,20,28.333333333333336,28.333333333333336,0.508,28.333333333333336,0.0508,83.17676
2007,8,21,30.27777777777778,30.27777777777778,0.0025399999999999997,30.27777777777778,0.000254,68.2921875
2007,8,22,30.0,30.0,0.254,30.0,0.0254,65.2157
2007,8,23,28.333333333333336,28.333333333333336,3.0479999999999996,28.333333333333336,0.30479999999999996,76.4008525
2007,8,24,27.77777777777778,27.77777777777778,8.636000000000001,27.77777777777778,0.8636000000000001,80.147415
2007,8,25,27.222222222222225,27.222222222222225,3.556,27.222222222222225,0.3556,75.56806
2007,8,26,27.5,27.5,4.571999999999999,27.5,0.45719999999999994,74.92249000000001
2007,8,27,27.5,27.5,0.0025399999999999997,27.5,0.000254,74.590778
2007,8,28,28.05555555555556,28.05555555555556,0.0025399999999999997,28.05555555555556,0.000254,75.263495
2007,8,29,28.88888888888889,28.88888888888889,0.0,28.88888888888889,0.0,66.89216
2007,8,30,29.444444444444446,29.444444444444446,0.508,29.444444444444446,0.0508,66.01984
2007,8,31,27.5,27.5,0.254,27.5,0.0254,77.4103675
2007,9,1,27.77777777777778,27.77777777777778,24.637999999999998,27.77777777777778,2.4638,76.462393
2007,9,2,28.333333333333336,28.333333333333336,0.0025399999999999997,28.333333333333336,0.000254,77.7291
2007,9,3,28.05555555555556,28.05555555555556,0.508,28.05555555555556,0.0508,73.4644525
2007,9,4,27.77777777777778,27.77777777777778,9.906,27.77777777777778,0.9906,79.170155
2007,9,5,29.722222222222225,29.722222222222225,0.0,29.722222222222225,0.0,66.6808
2007,9,6,28.61111111111111,28.61111111111111,0.0025399999999999997,28.61111111111111,0.000254,71.76898349999999
2007,9,7,29.444444444444446,29.444444444444446,0.0025399999999999997,29.444444444444446,0.000254,69.24315
2007,9,8,28.333333333333336,28.333333333333336,0.508,28.333333333333336,0.0508,72.952938
2007,9,9,28.61111111111111,28.61111111111111,0.0,28.61111111111111,0.0,71.166018
2007,9,10,29.166666666666668,29.166666666666668,0.0025399999999999997,29.166666666666668,0.000254,69.1399835
2007,9,11,28.61111111111111,28.61111111111111,0.0025399999999999997,28.61111111111111,0.000254,70.32303350000001
2007,9,12,29.722222222222225,29.722222222222225,0.0,29.722222222222225,0.0,71.8270335
2007,9,13,28.61111111111111,28.61111111111111,1.016,28.61111111111111,0.1016,71.680138
2007,9,14,27.77777777777778,27.77777777777778,23.113999999999997,27.77777777777778,2.3114,85.04162199999999
2007,9,15,27.5,27.5,2.54,27.5,0.254,80.248265
2007,9,16,27.77777777777778,27.77777777777778,0.0025399999999999997,27.77777777777778,0.000254,79.177235
2007,9,17,28.05555555555556,28.05555555555556,0.254,28.05555555555556,0.0254,76.3802525
2007,9,18,28.61111111111111,28.61111111111111,0.0025399999999999997,28.61111111111111,0.000254,75.6077225
2007,9,19,28.88888888888889,28.88888888888889,5.842,28.88888888888889,0.5841999999999999,73.688923
2007,9,20,27.5,27.5,3.0479999999999996,27.5,0.30479999999999996,76.19529
2007,9,21,27.77777777777778,27.77777777777778,0.254,27.77777777777778,0.0254,78.3051075
2007,9,22,28.333333333333336,28.333333333333336,0.0025399999999999997,28.333333333333336,0.000254,74.1828215
2007,9,23,28.05555555555556,28.05555555555556,12.191999999999998,28.05555555555556,1.2191999999999998,81.2336025
2007,9,24,28.05555555555556,28.05555555555556,0.0025399999999999997,28.05555555555556,0.000254,76.73881
2007,9,25,28.88888888888889,28.88888888888889,0.0,28.88888888888889,0.0,71.8270335
2007,9,26,26.666666666666668,26.666666666666668,40.38600000000001,26.666666666666668,4.038600000000001,79.390888
2007,9,27,28.333333333333336,28.333333333333336,0.0025399999999999997,28.333333333333336,0.000254,73.387302
2007,9,28,27.222222222222225,27.222222222222225,16.509999999999998,27.222222222222225,1.6509999999999998,77.12152499999999
2007,9,29,28.333333333333336,28.333333333333336,0.0,28.333333333333336,0.0,76.462393
2007,9,30,27.77777777777778,27.77777777777778,29.717999999999996,27.77777777777778,2.9717999999999996,78.3051075
2007,10,1,28.61111111111111,28.61111111111111,0.0025399999999999997,28.61111111111111,0.000254,74.6528335
2007,10,2,29.444444444444446,29.444444444444446,0.0,29.444444444444446,0.0,68.40765
2007,10,3,28.05555555555556,28.05555555555556,0.0025399999999999997,28.05555555555556,0.000254,72.0504525
2007,10,4,27.77777777777778,27.77777777777778,0.0,27.77777777777778,0.0,76.3802525
2007,10,5,26.944444444444446,26.944444444444446,1.778,26.944444444444446,0.1778,79.090423
2007,10,6,27.5,27.5,0.0025399999999999997,27.5,0.000254,74.69306750000001
2007,10,7,28.61111111111111,28.61111111111111,12.7,28.61111111111111,1.27,74.930595
2007,10,8,28.61111111111111,28.61111111111111,0.0025399999999999997,28.61111111111111,0.000254,73.00574
2007,10,9,29.166666666666668,29.166666666666668,0.7619999999999999,29.166666666666668,0.07619999999999999,69.802624
2007,10,10,29.722222222222225,29.722222222222225,0.0,29.722222222222225,0.0,68.05181999999999
2007,10,11,29.722222222222225,29.722222222222225,0.0025399999999999997,29.722222222222225,0.000254,64.0933385
2007,10,12,29.444444444444446,29.444444444444446,2.7939999999999996,29.444444444444446,0.2794,68.398773
2007,10,13,28.61111111111111,28.61111111111111,6.604,28.61111111111111,0.6604,66.56556
2007,10,14,28.333333333333336,28.333333333333336,0.0,28.333333333333336,0.0,71.248288
2007,10,15,28.61111111111111,28.61111111111111,0.0,28.61111111111111,0.0,65.198665
2007,10,16,28.05555555555556,28.05555555555556,1.016,28.05555555555556,0.1016,73.7253455
2007,10,17,28.61111111111111,28.61111111111111,0.0,28.61111111111111,0.0,65.3591785
2007,10,18,28.05555555555556,28.05555555555556,0.0,28.05555555555556,0.0,71.1097105
2007,10,19,27.77777777777778,27.77777777777778,1.778,27.77777777777778,0.1778,73.685276
2007,10,20,28.05555555555556,28.05555555555556,0.0025399999999999997,28.05555555555556,0.000254,71.678968
2007,10,21,27.77777777777778,27.77777777777778,1.5239999999999998,27.77777777777778,0.15239999999999998,75.56806
2007,10,22,27.5,27.5,4.3180000000000005,27.5,0.4318000000000001,77.630605
2007,10,23,27.222222222222225,27.222222222222225,5.842,27.222222222222225,0.5841999999999999,74.8935575
2007,10,24,27.222222222222225,27.222222222222225,2.7939999999999996,27.222222222222225,0.2794,76.346266
2007,10,25,26.944444444444446,26.944444444444446,6.858,26.944444444444446,0.6858,78.2758
2007,10,26,26.944444444444446,26.944444444444446,8.382,26.944444444444446,0.8382,81.9354475
2007,10,27,24.444444444444446,24.444444444444446,26.416,24.444444444444446,2.6416,87.64954800000001
2007,10,28,24.166666666666668,24.166666666666668,38.608,24.166666666666668,3.8608,85.41861
2007,10,29,26.38888888888889,26.38888888888889,0.254,26.38888888888889,0.0254,80.00178
2007,10,30,27.5,27.5,3.556,27.5,0.3556,78.2837125
2007,10,31,27.5,27.5,0.0,27.5,0.0,73.685276
2007,11,1,28.05555555555556,28.05555555555556,0.0,28.05555555555556,0.0,69.906975
2007,11,2,28.333333333333336,28.333333333333336,0.0025399999999999997,28.333333333333336,0.000254,70.259758
2007,11,3,28.05555555555556,28.05555555555556,0.0,28.05555555555556,0.0,72.9088515
2007,11,4,26.944444444444446,26.944444444444446,0.0025399999999999997,26.944444444444446,0.000254,75.45895949999999
2007,11,5,25.833333333333336,25.833333333333336,0.508,25.833333333333336,0.0508,78.933183
2007,11,6,26.666666666666668,26.666666666666668,5.842,26.666666666666668,0.5841999999999999,75.928988
2007,11,7,26.944444444444446,26.944444444444446,22.86,26.944444444444446,2.286,74.694285
2007,11,8,26.944444444444446,26.944444444444446,8.636000000000001,26.944444444444446,0.8636000000000001,80.87490500000001
2007,11,9,26.944444444444446,26.944444444444446,14.732,26.944444444444446,1.4731999999999998,80.147415
2007,11,10,26.38888888888889,26.38888888888889,0.0,26.38888888888889,0.0,82.091732
2007,11,11,26.666666666666668,26.666666666666668,0.0,26.666666666666668,0.0,76.324392
2007,11,12,27.222222222222225,27.222222222222225,13.716,27.222222222222225,1.3716,82.204122
2007,11,13,26.11111111111111,26.11111111111111,7.619999999999999,26.11111111111111,0.7619999999999999,84.638795
2007,11,14,27.222222222222225,27.222222222222225,0.0025399999999999997,27.222222222222225,0.000254,68.71618000000001
2007,11,15,26.944444444444446,26.944444444444446,9.398,26.944444444444446,0.9398,74.71568
2007,11,16,28.05555555555556,28.05555555555556,0.0025399999999999997,28.05555555555556,0.000254,71.711738
2007,11,17,27.222222222222225,27.222222222222225,0.0025399999999999997,27.222222222222225,0.000254,76.9497575
2007,11,18,27.5,27.5,0.254,27.5,0.0254,79.68680499999999
2007,11,19,25.27777777777778,25.27777777777778,23.113999999999997,25.27777777777778,2.3114,84.12897699999999
2007,11,20,25.55555555555556,25.55555555555556,25.4,25.55555555555556,2.54,79.39348
2007,11,21,24.444444444444446,24.444444444444446,4.571999999999999,24.444444444444446,0.45719999999999994,79.714385
2007,11,22,25.55555555555556,25.55555555555556,0.0,25.55555555555556,0.0,70.7183285
2007,11,23,25.27777777777778,25.27777777777778,0.0025399999999999997,25.27777777777778,0.000254,68.0689485
2007,11,24,25.27777777777778,25.27777777777778,4.826,25.27777777777778,0.4826,71.5019225
2007,11,25,26.11111111111111,26.11111111111111,0.254,26.11111111111111,0.0254,70.70195
2007,11,26,26.11111111111111,26.11111111111111,1.27,26.11111111111111,0.127,74.6218525
2007,11,27,26.11111111111111,26.11111111111111,0.7619999999999999,26.11111111111111,0.07619999999999999,71.26881
2007,11,28,26.38888888888889,26.38888888888889,0.0025399999999999997,26.38888888888889,0.000254,71.6532
2007,11,29,25.833333333333336,25.833333333333336,4.3180000000000005,25.833333333333336,0.4318000000000001,74.20163
2007,11,30,25.833333333333336,25.833333333333336,4.3180000000000005,25.833333333333336,0.4318000000000001,75.7695525
2007,12,1,25.55555555555556,25.55555555555556,11.43,25.55555555555556,1.143,78.933183
2007,12,2,25.27777777777778,25.27777777777778,13.716,25.27777777777778,1.3716,75.163205
2007,12,3,26.11111111111111,26.11111111111111,0.0,26.11111111111111,0.0,66.31885249999999
2007,12,4,25.55555555555556,25.55555555555556,0.508,25.55555555555556,0.0508,78.78864250000001
2007,12,5,25.27777777777778,25.27777777777778,0.0025399999999999997,25.27777777777778,0.000254,77.166143
2007,12,6,25.833333333333336,25.833333333333336,0.7619999999999999,25.833333333333336,0.07619999999999999,82.219107
2007,12,7,26.38888888888889,26.38888888888889,1.016,26.38888888888889,0.1016,70.64683
2007,12,8,26.38888888888889,26.38888888888889,7.112,26.38888888888889,0.7112,71.328075
2007,12,9,25.833333333333336,25.833333333333336,1.016,25.833333333333336,0.1016,77.84265500000001
2007,12,10,25.27777777777778,25.27777777777778,19.812,25.27777777777778,1.9812,79.714385
2007,12,11,23.61111111111111,23.61111111111111,57.403999999999996,23.61111111111111,5.740399999999999,86.23925249999999
2007,12,12,25.27777777777778,25.27777777777778,5.334,25.27777777777778,0.5334,81.76726
2007,12,13,25.27777777777778,25.27777777777778,15.748,25.27777777777778,1.5748,84.107582
2007,12,14,25.0,25.0,12.7,25.0,1.27,81.90523999999999
2007,12,15,25.27777777777778,25.27777777777778,11.175999999999998,25.27777777777778,1.1176,79.156915
2007,12,16,25.27777777777778,25.27777777777778,5.08,25.27777777777778,0.508,75.086563
2007,12,17,25.833333333333336,25.833333333333336,0.7619999999999999,25.833333333333336,0.07619999999999999,76.090105
2007,12,18,25.27777777777778,25.27777777777778,0.0,25.27777777777778,0.0,73.2938975
2007,12,19,25.55555555555556,25.55555555555556,0.0025399999999999997,25.55555555555556,0.000254,76.7025525
2007,12,20,24.722222222222225,24.722222222222225,10.16,24.722222222222225,1.016,79.10903250000001
2007,12,21,25.27777777777778,25.27777777777778,6.604,25.27777777777778,0.6604,76.090105
2007,12,22,25.0,25.0,0.0,25.0,0.0,73.2938975
2007,12,23,24.722222222222225,24.722222222222225,0.0,24.722222222222225,0.0,74.049545
2007,12,24,25.27777777777778,25.27777777777778,0.0025399999999999997,25.27777777777778,0.000254,75.1576995
2007,12,25,25.27777777777778,25.27777777777778,8.382,25.27777777777778,0.8382,78.885573
2007,12,26,25.27777777777778,25.27777777777778,2.2859999999999996,25.27777777777778,0.22859999999999997,78.03339
2007,12,27,25.27777777777778,25.27777777777778,4.064,25.27777777777778,0.4064,79.878785
2007,12,28,26.11111111111111,26.11111111111111,0.0025399999999999997,26.11111111111111,0.000254,72.908515
2007,12,29,25.55555555555556,25.55555555555556,0.508,25.55555555555556,0.0508,71.030653
2007,12,30,25.0,25.0,6.35,25.0,0.635,75.086563
2007,12,31,25.0,25.0,0.0025399999999999997,25.0,0.000254,72.982997
2008,1,1,25.833333333333336,25.833333333333336,0.508,25.833333333333336,0.0508,70.70195
2008,1,2,24.444444444444446,24.444444444444446,0.0025399999999999997,24.444444444444446,0.000254,71.32276
2008,1,3,25.0,25.0,0.0025399999999999997,25.0,0.000254,67.429213
2008,1,4,26.11111111111111,26.11111111111111,0.0025399999999999997,26.11111111111111,0.000254,64.22227
2008,1,5,25.0,25.0,44.958,25.0,4.4958,79.714385
2008,1,6,23.61111111111111,23.61111111111111,16.509999999999998,23.61111111111111,1.6509999999999998,86.3606
2008,1,7,24.722222222222225,24.722222222222225,2.7939999999999996,24.722222222222225,0.2794,77.9300675
2008,1,8,24.444444444444446,24.444444444444446,0.0,24.444444444444446,0.0,76.87727000000001
2008,1,9,23.88888888888889,23.88888888888889,0.0025399999999999997,23.88888888888889,0.000254,74.06345
2008,1,10,23.88888888888889,23.88888888888889,2.54,23.88888888888889,0.254,78.773415
2008,1,11,24.166666666666668,24.166666666666668,0.0025399999999999997,24.166666666666668,0.000254,73.134338
2008,1,12,24.166666666666668,24.166666666666668,0.0025399999999999997,24.166666666666668,0.000254,74.35417699999999
2008,1,13,25.27777777777778,25.27777777777778,0.0025399999999999997,25.27777777777778,0.000254,71.208883
2008,1,14,25.0,25.0,0.0025399999999999997,25.0,0.000254,72.848588
2008,1,15,24.722222222222225,24.722222222222225,0.0,24.722222222222225,0.0,59.20392
2008,1,16,24.444444444444446,24.444444444444446,4.064,24.444444444444446,0.4064,79.622185
2008,1,17,25.0,25.0,0.508,25.0,0.0508,77.022335
2008,1,18,24.722222222222225,24.722222222222225,2.2859999999999996,24.722222222222225,0.22859999999999997,79.865322
2008,1,19,24.722222222222225,24.722222222222225,1.778,24.722222222222225,0.1778,78.885573
2008,1,20,25.0,25.0,8.382,25.0,0.8382,84.02436
2008,1,21,23.05555555555556,23.05555555555556,66.03999999999999,23.05555555555556,6.603999999999999,89.05000000000001
2008,1,22,24.722222222222225,24.722222222222225,0.0025399999999999997,24.722222222222225,0.000254,71.844477
2008,1,23,25.0,25.0,1.778,25.0,0.1778,76.5972725
2008,1,24,25.27777777777778,25.27777777777778,0.508,25.27777777777778,0.0508,73.2938975
2008,1,25,23.88888888888889,23.88888888888889,0.0025399999999999997,23.88888888888889,0.000254,76.3972675
2008,1,26,24.444444444444446,24.444444444444446,0.7619999999999999,24.444444444444446,0.07619999999999999,73.952343
2008,1,27,23.88888888888889,23.88888888888889,0.0,23.88888888888889,0.0,69.202805
2008,1,28,24.722222222222225,24.722222222222225,0.0,24.722222222222225,0.0,67.952351
2008,1,29,23.61111111111111,23.61111111111111,23.368,23.61111111111111,2.3367999999999998,69.0814025
2008,1,30,24.722222222222225,24.722222222222225,0.0025399999999999997,24.722222222222225,0.000254,53.136365
2008,1,31,23.88888888888889,23.88888888888889,0.0025399999999999997,23.88888888888889,0.000254,63.38309
2008,2,1,23.88888888888889,23.88888888888889,0.254,23.88888888888889,0.0254,71.2293025
2008,2,2,24.166666666666668,24.166666666666668,1.27,24.166666666666668,0.127,75.0460775
2008,2,3,24.444444444444446,24.444444444444446,8.889999999999999,24.444444444444446,0.8889999999999999,74.892695
2008,2,4,24.444444444444446,24.444444444444446,2.032,24.444444444444446,0.2032,75.00516999999999
2008,2,5,24.722222222222225,24.722222222222225,0.254,24.722222222222225,0.0254,72.185588
2008,2,6,24.722222222222225,24.722222222222225,4.3180000000000005,24.722222222222225,0.4318000000000001,74.3088525
2008,2,7,24.166666666666668,24.166666666666668,0.7619999999999999,24.166666666666668,0.07619999999999999,74.175925
2008,2,8,25.27777777777778,25.27777777777778,0.0025399999999999997,25.27777777777778,0.000254,69.3548175
2008,2,9,25.0,25.0,1.016,25.0,0.1016,70.677421
2008,2,10,24.722222222222225,24.722222222222225,0.0,24.722222222222225,0.0,71.091695
2008,2,11,25.0,25.0,0.0025399999999999997,25.0,0.000254,67.74872
2008,2,12,25.0,25.0,5.334,25.0,0.5334,73.2938975
2008,2,13,24.722222222222225,24.722222222222225,1.5239999999999998,24.722222222222225,0.15239999999999998,73.02099
2008,2,14,25.55555555555556,25.55555555555556,0.254,25.55555555555556,0.0254,76.5972725
2008,2,15,25.0,25.0,0.508,25.0,0.0508,70.583298
2008,2,16,25.0,25.0,0.7619999999999999,25.0,0.07619999999999999,72.305093
2008,2,17,24.166666666666668,24.166666666666668,4.571999999999999,24.166666666666668,0.45719999999999994,77.7994325
2008,2,18,24.722222222222225,24.722222222222225,0.254,24.722222222222225,0.0254,77.820655
2008,2,19,24.444444444444446,24.444444444444446,4.3180000000000005,24.444444444444446,0.4318000000000001,74.851355
2008,2,20,24.722222222222225,24.722222222222225,2.032,24.722222222222225,0.2032,73.566272
2008,2,21,24.722222222222225,24.722222222222225,4.826,24.722222222222225,0.4826,79.7969125
2008,2,22,25.0,25.0,0.254,25.0,0.0254,67.587238
2008,2,23,24.722222222222225,24.722222222222225,1.5239999999999998,24.722222222222225,0.15239999999999998,69.31999300000001
2008,2,24,25.0,25.0,0.0025399999999999997,25.0,0.000254,70.70195
2008,2,25,24.444444444444446,24.444444444444446,0.0025399999999999997,24.444444444444446,0.000254,83.85566
2008,2,26,24.444444444444446,24.444444444444446,0.0025399999999999997,24.444444444444446,0.000254,70.75014300000001
2008,2,27,25.833333333333336,25.833333333333336,0.7619999999999999,25.833333333333336,0.07619999999999999,70.587565
2008,2,28,25.27777777777778,25.27777777777778,3.556,25.27777777777778,0.3556,73.37781
2008,2,29,25.0,25.0,1.016,25.0,0.1016,73.311115
2008,3,1,25.55555555555556,25.55555555555556,0.0025399999999999997,25.55555555555556,0.000254,62.9893665
2008,3,2,25.55555555555556,25.55555555555556,0.0025399999999999997,25.55555555555556,0.000254,68.8221325
2008,3,3,24.444444444444446,24.444444444444446,7.619999999999999,24.444444444444446,0.7619999999999999,75.949843
2008,3,4,25.27777777777778,25.27777777777778,2.2859999999999996,25.27777777777778,0.22859999999999997,67.7750015
2008,3,5,25.55555555555556,25.55555555555556,1.778,25.55555555555556,0.1778,69.695945
2008,3,6,25.0,25.0,0.0025399999999999997,25.0,0.000254,72.35141
2008,3,7,25.833333333333336,25.833333333333336,0.0025399999999999997,25.833333333333336,0.000254,65.752947
2008,3,8,25.0,25.0,0.0025399999999999997,25.0,0.000254,63.13325
2008,3,9,25.833333333333336,25.833333333333336,0.0025399999999999997,25.833333333333336,0.000254,63.968075
2008,3,10,25.0,25.0,0.254,25.0,0.0254,65.6793
2008,3,11,25.0,25.0,0.0025399999999999997,25.0,0.000254,66.964865
2008,3,12,24.722222222222225,24.722222222222225,0.0,24.722222222222225,0.0,64.650155
2008,3,13,25.55555555555556,25.55555555555556,0.0,25.55555555555556,0.0,61.91647
2008,3,14,25.27777777777778,25.27777777777778,0.0,25.27777777777778,0.0,70.43795
2008,3,15,25.0,25.0,0.0025399999999999997,25.0,0.000254,70.58651
2008,3,16,25.833333333333336,25.833333333333336,0.508,25.833333333333336,0.0508,69.02272843032614
2008,3,17,25.0,25.0,0.0,25.0,0.0,71.36410000000001
2008,3,18,24.444444444444446,24.444444444444446,1.5239999999999998,24.444444444444446,0.15239999999999998,68.687712
2008,3,19,24.444444444444446,24.444444444444446,0.0025399999999999997,24.444444444444446,0.000254,59.688265
2008,3,20,25.0,25.0,0.0025399999999999997,25.0,0.000254,63.5505735
2008,3,21,25.0,25.0,0.254,25.0,0.0254,69.1653
2008,3,22,24.722222222222225,24.722222222222225,0.0,24.722222222222225,0.0,65.21067
2008,3,23,26.11111111111111,26.11111111111111,0.0025399999999999997,26.11111111111111,0.000254,64.43974
2008,3,24,25.55555555555556,25.55555555555556,0.0,25.55555555555556,0.0,70.70195
2008,3,25,26.11111111111111,26.11111111111111,0.508,26.11111111111111,0.0508,69.5681855
2008,3,26,26.666666666666668,26.666666666666668,0.0025399999999999997,26.666666666666668,0.000254,69.6281125
2008,3,27,26.38888888888889,26.38888888888889,0.0,26.38888888888889,0.0,64.8455685
2008,3,28,26.38888888888889,26.38888888888889,0.0025399999999999997,26.38888888888889,0.000254,67.1918925
2008,3,29,26.38888888888889,26.38888888888889,0.0,26.38888888888889,0.0,67.4668155
2008,3,30,26.11111111111111,26.11111111111111,0.0,26.11111111111111,0.0,63.511024
2008,3,31,25.833333333333336,25.833333333333336,0.0025399999999999997,25.833333333333336,0.000254,67.2680685
2008,4,1,25.55555555555556,25.55555555555556,0.7619999999999999,25.55555555555556,0.07619999999999999,68.4271675
2008,4,2,24.722222222222225,24.722222222222225,5.08,24.722222222222225,0.508,76.91817750000001
2008,4,3,23.88888888888889,23.88888888888889,18.034,23.88888888888889,1.8034,74.8202675
2008,4,4,25.27777777777778,25.27777777777778,0.0025399999999999997,25.27777777777778,0.000254,63.91915
2008,4,5,25.833333333333336,25.833333333333336,0.0025399999999999997,25.833333333333336,0.000254,60.86665000000001
2008,4,6,25.0,25.0,5.334,25.0,0.5334,74.3088525
2008,4,7,24.722222222222225,24.722222222222225,1.5239999999999998,24.722222222222225,0.15239999999999998,71.46102
2008,4,8,25.55555555555556,25.55555555555556,0.508,25.55555555555556,0.0508,70.7211525
2008,4,9,25.55555555555556,25.55555555555556,0.0025399999999999997,25.55555555555556,0.000254,70.8173535
2008,4,10,25.0,25.0,0.0,25.0,0.0,64.76995
2008,4,11,25.0,25.0,0.0,25.0,0.0,62.606339000000006
2008,4,12,25.27777777777778,25.27777777777778,0.0,25.27777777777778,0.0,66.2978975
2008,4,13,25.55555555555556,25.55555555555556,0.0,25.55555555555556,0.0,65.1510675
2008,4,14,25.55555555555556,25.55555555555556,10.668,25.55555555555556,1.0668,82.00544
2008,4,15,27.5,27.5,0.254,27.5,0.0254,70.119265
2008,4,16,27.5,27.5,0.0025399999999999997,27.5,0.000254,66.213768
2008,4,17,27.5,27.5,0.0025399999999999997,27.5,0.000254,66.08373499999999
2008,4,18,26.666666666666668,26.666666666666668,0.254,26.666666666666668,0.0254,69.184103
2008,4,19,26.666666666666668,26.666666666666668,0.0,26.666666666666668,0.0,71.229455
2008,4,20,26.944444444444446,26.944444444444446,0.0,26.944444444444446,0.0,65.8955055
2008,4,21,26.666666666666668,26.666666666666668,0.0025399999999999997,26.666666666666668,0.000254,68.47041
2008,4,22,26.666666666666668,26.666666666666668,0.0,26.666666666666668,0.0,67.0874725
2008,4,23,28.88888888888889,28.88888888888889,2.032,28.88888888888889,0.2032,62.1412985
2008,4,24,28.61111111111111,28.61111111111111,0.0025399999999999997,28.61111111111111,0.000254,72.78513799999999
2008,4,25,26.11111111111111,26.11111111111111,28.448,26.11111111111111,2.8448,80.4357
2008,4,26,25.0,25.0,10.921999999999999,25.0,1.0921999999999998,80.63886249999999
2008,4,27,24.722222222222225,24.722222222222225,33.782,24.722222222222225,3.3781999999999996,81.731465
2008,4,28,25.833333333333336,25.833333333333336,0.254,25.833333333333336,0.0254,81.846145
2008,4,29,27.222222222222225,27.222222222222225,5.587999999999999,27.222222222222225,0.5588,72.2107225
2008,4,30,26.38888888888889,26.38888888888889,0.0025399999999999997,26.38888888888889,0.000254,77.268633
2008,5,1,26.11111111111111,26.11111111111111,6.858,26.11111111111111,0.6858,79.414875
2008,5,2,26.38888888888889,26.38888888888889,2.032,26.38888888888889,0.2032,76.743038
2008,5,3,25.27777777777778,25.27777777777778,19.304,25.27777777777778,1.9304,75.971453
2008,5,4,25.833333333333336,25.833333333333336,0.508,25.833333333333336,0.0508,72.45412999999999
2008,5,5,25.55555555555556,25.55555555555556,0.0,25.55555555555556,0.0,68.429748
2008,5,6,26.11111111111111,26.11111111111111,3.0479999999999996,26.11111111111111,0.30479999999999996,73.861888
2008,5,7,28.05555555555556,28.05555555555556,0.0,28.05555555555556,0.0,64.7737315
2008,5,8,27.77777777777778,27.77777777777778,0.0,27.77777777777778,0.0,69.4479225
2008,5,9,28.333333333333336,28.333333333333336,0.0,28.333333333333336,0.0,63.388195
2008,5,10,28.333333333333336,28.333333333333336,0.0,28.333333333333336,0.0,61.2203175
2008,5,11,28.05555555555556,28.05555555555556,0.0,28.05555555555556,0.0,64.2868865
2008,5,12,28.88888888888889,28.88888888888889,0.0,28.88888888888889,0.0,64.343754
2008,5,13,28.88888888888889,28.88888888888889,0.0,28.88888888888889,0.0,59.7898335
2008,5,14,28.333333333333336,28.333333333333336,0.0,28.333333333333336,0.0,64.138182
2008,5,15,27.77777777777778,27.77777777777778,0.0025399999999999997,27.77777777777778,0.000254,65.190747
2008,5,16,27.5,27.5,0.0025399999999999997,27.5,0.000254,66.215271
2008,5,17,27.77777777777778,27.77777777777778,0.254,27.77777777777778,0.0254,71.791455
2008,5,18,28.333333333333336,28.333333333333336,0.0,28.333333333333336,0.0,66.326305
2008,5,19,27.77777777777778,27.77777777777778,0.0025399999999999997,27.77777777777778,0.000254,67.48683199999999
2008,5,20,27.5,27.5,26.162,27.5,2.6162,74.78630000000001
2008,5,21,28.05555555555556,28.05555555555556,0.0025399999999999997,28.05555555555556,0.000254,64.7330535
2008,5,22,26.666666666666668,26.666666666666668,54.864,26.666666666666668,5.4864,80.7865
2008,5,23,26.666666666666668,26.666666666666668,2.032,26.666666666666668,0.2032,78.68471
2008,5,24,27.222222222222225,27.222222222222225,1.016,27.222222222222225,0.1016,69.0612525
2008,5,25,28.88888888888889,28.88888888888889,0.0,28.88888888888889,0.0,60.887785
2008,5,26,28.61111111111111,28.61111111111111,0.0,28.61111111111111,0.0,62.004975
2008,5,27,28.88888888888889,28.88888888888889,1.016,28.88888888888889,0.1016,64.40006149999999
2008,5,28,28.333333333333336,28.333333333333336,0.0025399999999999997,28.333333333333336,0.000254,69.37915000000001
2008,5,29,28.333333333333336,28.333333333333336,0.0,28.333333333333336,0.0,71.166018
2008,5,30,28.05555555555556,28.05555555555556,0.0,28.05555555555556,0.0,69.267635
2008,5,31,27.5,27.5,9.906,27.5,0.9906,69.15307
2008,6,1,27.222222222222225,27.222222222222225,16.764,27.222222222222225,1.6764,74.3166
2008,6,2,27.5,27.5,0.0,27.5,0.0,73.27783500000001
2008,6,3,26.666666666666668,26.666666666666668,49.784,26.666666666666668,4.9784,75.929
2008,6,4,26.944444444444446,26.944444444444446,1.27,26.944444444444446,0.127,73.861888
2008,6,5,26.944444444444446,26.944444444444446,40.64,26.944444444444446,4.064,89.58859220358345
2008,6,6,27.77777777777778,27.77777777777778,0.0025399999999999997,27.77777777777778,0.000254,75.41889
2008,6,7,27.77777777777778,27.77777777777778,0.0,27.77777777777778,0.0,72.2107225
2008,6,8,27.77777777777778,27.77777777777778,0.0,27.77777777777778,0.0,75.5279905
2008,6,9,27.77777777777778,27.77777777777778,0.0,27.77777777777778,0.0,72.33422999999999
2008,6,10,27.222222222222225,27.222222222222225,0.0025399999999999997,27.222222222222225,0.000254,72.114395
2008,6,11,27.77777777777778,27.77777777777778,0.254,27.77777777777778,0.0254,70.505357
2008,6,12,28.61111111111111,28.61111111111111,0.0,28.61111111111111,0.0,70.139488
2008,6,13,28.333333333333336,28.333333333333336,0.0025399999999999997,28.333333333333336,0.000254,71.7942635
2008,6,14,29.722222222222225,29.722222222222225,0.254,29.722222222222225,0.0254,68.43925
2008,6,15,29.722222222222225,29.722222222222225,0.0,29.722222222222225,0.0,60.9054
2008,6,16,29.722222222222225,29.722222222222225,0.0,29.722222222222225,0.0,57.383755
2008,6,17,28.88888888888889,28.88888888888889,0.0025399999999999997,28.88888888888889,0.000254,69.59626800000001
2008,6,18,29.166666666666668,29.166666666666668,4.3180000000000005,29.166666666666668,0.4318000000000001,72.10322
2008,6,19,28.61111111111111,28.61111111111111,0.0025399999999999997,28.61111111111111,0.000254,68.9567485
2008,6,20,28.61111111111111,28.61111111111111,2.032,28.61111111111111,0.2032,73.5544525
2008,6,21,29.166666666666668,29.166666666666668,0.0025399999999999997,29.166666666666668,0.000254,68.12567395802884
2008,6,22,28.333333333333336,28.333333333333336,2.2859999999999996,28.333333333333336,0.22859999999999997,71.680138
2008,6,23,27.5,27.5,20.065999999999995,27.5,2.0065999999999997,77.45003
2008,6,24,27.77777777777778,27.77777777777778,0.7619999999999999,27.77777777777778,0.07619999999999999,75.6077225
2008,6,25,28.61111111111111,28.61111111111111,0.0025399999999999997,28.61111111111111,0.000254,70.758302
2008,6,26,28.61111111111111,28.61111111111111,0.0,28.61111111111111,0.0,53.285743
2008,6,27,28.333333333333336,28.333333333333336,0.254,28.333333333333336,0.0254,68.976458
2008,6,28,28.61111111111111,28.61111111111111,0.0025399999999999997,28.61111111111111,0.000254,73.413752
2008,6,29,28.61111111111111,28.61111111111111,1.778,28.61111111111111,0.1778,72.018295
2008,6,30,28.333333333333336,28.333333333333336,0.0025399999999999997,28.333333333333336,0.000254,75.6077225
2008,7,1,27.5,27.5,7.619999999999999,27.5,0.7619999999999999,72.7028
2008,7,2,27.222222222222225,27.222222222222225,2.54,27.222222222222225,0.254,77.30870250000001
2008,7,3,28.05555555555556,28.05555555555556,2.2859999999999996,28.05555555555556,0.22859999999999997,75.6077225
2008,7,4,28.05555555555556,28.05555555555556,0.0025399999999999997,28.05555555555556,0.000254,69.933425
2008,7,5,27.5,27.5,1.27,27.5,0.127,76.9497575
2008,7,6,27.77777777777778,27.77777777777778,8.382,27.77777777777778,0.8382,78.3051075
2008,7,7,27.77777777777778,27.77777777777778,0.0025399999999999997,27.77777777777778,0.000254,68.990338
2008,7,8,28.88888888888889,28.88888888888889,0.0025399999999999997,28.88888888888889,0.000254,67.573258
2008,7,9,28.61111111111111,28.61111111111111,0.0025399999999999997,28.61111111111111,0.000254,72.70971
2008,7,10,28.61111111111111,28.61111111111111,0.0025399999999999997,28.61111111111111,0.000254,73.0644875
2008,7,11,28.88888888888889,28.88888888888889,0.0,28.88888888888889,0.0,73.0087325
2008,7,12,28.61111111111111,28.61111111111111,0.0,28.61111111111111,0.0,70.8674025
2008,7,13,28.88888888888889,28.88888888888889,0.0,28.88888888888889,0.0,68.990338
2008,7,14,28.88888888888889,28.88888888888889,0.0025399999999999997,28.88888888888889,0.000254,71.221773
2008,7,15,28.333333333333336,28.333333333333336,2.7939999999999996,28.333333333333336,0.2794,77.00736
2008,7,16,28.333333333333336,28.333333333333336,0.508,28.333333333333336,0.0508,72.952938
2008,7,17,28.333333333333336,28.333333333333336,1.016,28.333333333333336,0.1016,69.090698
2008,7,18,28.333333333333336,28.333333333333336,2.032,28.333333333333336,0.2032,73.80057149999999
2008,7,19,28.88888888888889,28.88888888888889,0.254,28.88888888888889,0.0254,70.489395
2008,7,20,29.166666666666668,29.166666666666668,0.0,29.166666666666668,0.0,69.50422999999999
2008,7,21,29.166666666666668,29.166666666666668,0.508,29.166666666666668,0.0508,71.3370835
2008,7,22,29.444444444444446,29.444444444444446,0.0025399999999999997,29.444444444444446,0.000254,69.47506
2008,7,23,28.88888888888889,28.88888888888889,0.0025399999999999997,28.88888888888889,0.000254,68.32655
2008,7,24,28.61111111111111,28.61111111111111,0.0025399999999999997,28.61111111111111,0.000254,70.4115725
2008,7,25,28.05555555555556,28.05555555555556,5.08,28.05555555555556,0.508,72.75655
2008,7,26,28.88888888888889,28.88888888888889,0.0025399999999999997,28.88888888888889,0.000254,71.8270335
2008,7,27,29.166666666666668,29.166666666666668,0.0,29.166666666666668,0.0,68.72903
2008,7,28,29.722222222222225,29.722222222222225,0.0025399999999999997,29.722222222222225,0.000254,65.6552
2008,7,29,28.61111111111111,28.61111111111111,0.0025399999999999997,28.61111111111111,0.000254,67.19512
2008,7,30,30.0,30.0,0.0025399999999999997,30.0,0.000254,72.17716200000001
2008,7,31,28.05555555555556,28.05555555555556,10.16,28.05555555555556,1.016,76.462393
2008,8,1,28.333333333333336,28.333333333333336,15.748,28.333333333333336,1.5748,78.24316
2008,8,2,26.666666666666668,26.666666666666668,7.619999999999999,26.666666666666668,0.7619999999999999,81.51407
2008,8,3,28.333333333333336,28.333333333333336,0.254,28.333333333333336,0.0254,78.34401
2008,8,4,28.333333333333336,28.333333333333336,3.8099999999999996,28.333333333333336,0.38099999999999995,74.7956525
2008,8,5,28.88888888888889,28.88888888888889,0.0025399999999999997,28.88888888888889,0.000254,73.5228525
2008,8,6,30.0,30.0,0.0,30.0,0.0,69.519634
2008,8,7,29.444444444444446,29.444444444444446,0.0,29.444444444444446,0.0,73.0644875
2008,8,8,28.61111111111111,28.61111111111111,0.7619999999999999,28.61111111111111,0.07619999999999999,71.166018
2008,8,9,29.166666666666668,29.166666666666668,1.016,29.166666666666668,0.1016,65.5243375
2008,8,10,29.166666666666668,29.166666666666668,0.0025399999999999997,29.166666666666668,0.000254,71.7954335
2008,8,11,29.166666666666668,29.166666666666668,0.0025399999999999997,29.166666666666668,0.000254,73.8803035
2008,8,12,29.166666666666668,29.166666666666668,0.0,29.166666666666668,0.0,70.8674025
2008,8,13,29.444444444444446,29.444444444444446,0.0025399999999999997,29.444444444444446,0.000254,68.582233
2008,8,14,29.722222222222225,29.722222222222225,3.0479999999999996,29.722222222222225,0.30479999999999996,73.22797
2008,8,15,28.05555555555556,28.05555555555556,51.308,28.05555555555556,5.1308,77.630605
2008,8,16,28.88888888888889,28.88888888888889,0.0,28.88888888888889,0.0,74.9948915
2008,8,17,28.61111111111111,28.61111111111111,0.254,28.61111111111111,0.0254,73.0644875
2008,8,18,28.61111111111111,28.61111111111111,0.254,28.61111111111111,0.0254,72.78115
2008,8,19,28.61111111111111,28.61111111111111,0.0025399999999999997,28.61111111111111,0.000254,74.633502
2008,8,20,29.722222222222225,29.722222222222225,0.0,29.722222222222225,0.0,73.5806525
2008,8,21,29.166666666666668,29.166666666666668,1.016,29.166666666666668,0.1016,70.41640849999999
2008,8,22,28.61111111111111,28.61111111111111,0.0025399999999999997,28.61111111111111,0.000254,73.064515
2008,8,23,29.722222222222225,29.722222222222225,1.016,29.722222222222225,0.1016,71.3370685
2008,8,24,29.166666666666668,29.166666666666668,0.0025399999999999997,29.166666666666668,0.000254,71.3370685
2008,8,25,26.944444444444446,26.944444444444446,14.224,26.944444444444446,1.4224,83.2854
2008,8,26,29.722222222222225,29.722222222222225,0.0,29.722222222222225,0.0,72.94973300000001
2008,8,27,28.05555555555556,28.05555555555556,0.7619999999999999,28.05555555555556,0.07619999999999999,76.912035
2008,8,28,28.333333333333336,28.333333333333336,0.0025399999999999997,28.333333333333336,0.000254,77.55088
2008,8,29,29.722222222222225,29.722222222222225,0.0,29.722222222222225,0.0,68.582233
2008,8,30,30.833333333333336,30.833333333333336,0.254,30.833333333333336,0.0254,62.480473
2008,8,31,30.27777777777778,30.27777777777778,0.0,30.27777777777778,0.0,69.689975
2008,9,1,28.333333333333336,28.333333333333336,5.842,28.333333333333336,0.5841999999999999,74.80513
2008,9,2,27.77777777777778,27.77777777777778,0.0025399999999999997,27.77777777777778,0.000254,74.40836999999999
2008,9,3,26.11111111111111,26.11111111111111,28.955999999999996,26.11111111111111,2.8955999999999995,84.19319
2008,9,4,29.166666666666668,29.166666666666668,2.2859999999999996,29.166666666666668,0.22859999999999997,69.68045000000001
2008,9,5,30.0,30.0,0.254,30.0,0.0254,67.91525
2008,9,6,30.0,30.0,0.0,30.0,0.0,66.5877
2008,9,7,27.222222222222225,27.222222222222225,13.462,27.222222222222225,1.3462,78.3051075
2008,9,8,28.333333333333336,28.333333333333336,0.0025399999999999997,28.333333333333336,0.000254,71.37595
2008,9,9,28.88888888888889,28.88888888888889,0.254,28.88888888888889,0.0254,73.7253455
2008,9,10,27.77777777777778,27.77777777777778,0.0,27.77777777777778,0.0,74.90338
2008,9,11,28.333333333333336,28.333333333333336,0.508,28.333333333333336,0.0508,77.628985
2008,9,12,27.222222222222225,27.222222222222225,0.0,27.222222222222225,0.0,74.7722
2008,9,13,28.88888888888889,28.88888888888889,0.0025399999999999997,28.88888888888889,0.000254,71.76898349999999
2008,9,14,28.05555555555556,28.05555555555556,14.985999999999999,28.05555555555556,1.4986,85.22497
2008,9,15,28.333333333333336,28.333333333333336,2.2859999999999996,28.333333333333336,0.22859999999999997,77.45003
2008,9,16,28.61111111111111,28.61111111111111,0.0,28.61111111111111,0.0,71.711738
2008,9,17,28.333333333333336,28.333333333333336,0.0,28.333333333333336,0.0,75.010205
2008,9,18,29.166666666666668,29.166666666666668,1.778,29.166666666666668,0.1778,71.711738
2008,9,19,27.77777777777778,27.77777777777778,3.0479999999999996,27.77777777777778,0.30479999999999996,72.952938
2008,9,20,27.5,27.5,0.7619999999999999,27.5,0.07619999999999999,74.575238
2008,9,21,25.27777777777778,25.27777777777778,73.914,25.27777777777778,7.3914,87.53354
2008,9,22,25.0,25.0,66.80199999999999,25.0,6.680199999999999,87.71991299999999
2008,9,23,25.55555555555556,25.55555555555556,21.589999999999996,25.55555555555556,2.159,80.024355
2008,9,24,27.5,27.5,2.54,27.5,0.254,72.93263300000001
2008,9,25,29.722222222222225,29.722222222222225,1.5239999999999998,29.722222222222225,0.15239999999999998,70.50030000000001
2008,9,26,30.833333333333336,30.833333333333336,0.0,30.833333333333336,0.0,64.646335
2008,9,27,28.88888888888889,28.88888888888889,0.0025399999999999997,28.88888888888889,0.000254,75.6077225
2008,9,28,28.05555555555556,28.05555555555556,3.556,28.05555555555556,0.3556,73.8394
2008,9,29,28.05555555555556,28.05555555555556,7.874,28.05555555555556,0.7874,74.575238
2008,9,30,27.77777777777778,27.77777777777778,0.0,27.77777777777778,0.0,73.7253455
2008,10,1,28.333333333333336,28.333333333333336,0.254,28.333333333333336,0.0254,73.4964025
2008,10,2,28.333333333333336,28.333333333333336,0.0,28.333333333333336,0.0,70.167773
2008,10,3,28.333333333333336,28.333333333333336,2.7939999999999996,28.333333333333336,0.2794,66.51771
2008,10,4,28.333333333333336,28.333333333333336,1.27,28.333333333333336,0.127,71.711738
2008,10,5,27.77777777777778,27.77777777777778,3.8099999999999996,27.77777777777778,0.38099999999999995,76.291752
2008,10,6,28.05555555555556,28.05555555555556,0.254,28.05555555555556,0.0254,77.10335
2008,10,7,28.05555555555556,28.05555555555556,0.0,28.05555555555556,0.0,73.387302
2008,10,8,28.333333333333336,28.333333333333336,4.3180000000000005,28.333333333333336,0.4318000000000001,70.25977
2008,10,9,28.05555555555556,28.05555555555556,0.508,28.05555555555556,0.0508,72.952938
2008,10,10,27.77777777777778,27.77777777777778,1.778,27.77777777777778,0.1778,74.686552
2008,10,11,26.944444444444446,26.944444444444446,13.97,26.944444444444446,1.397,80.0954225
2008,10,12,26.666666666666668,26.666666666666668,16.764,26.666666666666668,1.6764,78.19600700000001
2008,10,13,24.722222222222225,24.722222222222225,35.559999999999995,24.722222222222225,3.5559999999999996,84.045755
2008,10,14,25.833333333333336,25.833333333333336,6.858,25.833333333333336,0.6858,84.12897699999999
2008,10,15,25.833333333333336,25.833333333333336,2.2859999999999996,25.833333333333336,0.22859999999999997,84.104105
2008,10,16,26.666666666666668,26.666666666666668,5.334,26.666666666666668,0.5334,77.30870250000001
2008,10,17,27.222222222222225,27.222222222222225,0.0,27.222222222222225,0.0,72.653138
2008,10,18,26.944444444444446,26.944444444444446,0.0,26.944444444444446,0.0,81.6346
2008,10,19,28.05555555555556,28.05555555555556,0.0025399999999999997,28.05555555555556,0.000254,75.36399
2008,10,20,28.61111111111111,28.61111111111111,2.032,28.61111111111111,0.2032,73.5544525
2008,10,21,27.77777777777778,27.77777777777778,0.0025399999999999997,27.77777777777778,0.000254,73.765008
2008,10,22,27.77777777777778,27.77777777777778,0.254,27.77777777777778,0.0254,67.121598
2008,10,23,28.333333333333336,28.333333333333336,0.0025399999999999997,28.333333333333336,0.000254,68.860331
2008,10,24,27.77777777777778,27.77777777777778,0.0025399999999999997,27.77777777777778,0.000254,68.113245
2008,10,25,26.944444444444446,26.944444444444446,0.0025399999999999997,26.944444444444446,0.000254,67.992715
2008,10,26,27.222222222222225,27.222222222222225,6.095999999999999,27.222222222222225,0.6095999999999999,76.367431
2008,10,27,27.5,27.5,0.0025399999999999997,27.5,0.000254,75.96905749999999
2008,10,28,27.5,27.5,0.0025399999999999997,27.5,0.000254,78.24316
2008,10,29,27.77777777777778,27.77777777777778,25.654,27.77777777777778,2.5654,76.4179525
2008,10,30,28.05555555555556,28.05555555555556,1.5239999999999998,28.05555555555556,0.15239999999999998,77.80049
2008,10,31,27.77777777777778,27.77777777777778,3.302,27.77777777777778,0.3302,76.9676975
2008,11,1,27.222222222222225,27.222222222222225,5.587999999999999,27.222222222222225,0.5588,80.04575
2008,11,2,27.5,27.5,0.0025399999999999997,27.5,0.000254,77.268633
2008,11,3,27.5,27.5,0.508,27.5,0.0508,77.68986000000001
2008,11,4,27.222222222222225,27.222222222222225,0.0,27.222222222222225,0.0,77.0117075
2008,11,5,26.944444444444446,26.944444444444446,0.0,26.944444444444446,0.0,71.4529
2008,11,6,27.77777777777778,27.77777777777778,0.0025399999999999997,27.77777777777778,0.000254,71.58705
2008,11,7,27.222222222222225,27.222222222222225,0.254,27.222222222222225,0.0254,75.07305
2008,11,8,27.5,27.5,5.842,27.5,0.5841999999999999,74.12115
2008,11,9,27.5,27.5,0.0025399999999999997,27.5,0.000254,72.85668799999999
2008,11,10,27.5,27.5,0.254,27.5,0.0254,74.85595
2008,11,11,26.944444444444446,26.944444444444446,2.2859999999999996,26.944444444444446,0.22859999999999997,75.30665
2008,11,12,26.944444444444446,26.944444444444446,13.97,26.944444444444446,1.397,75.8185
2008,11,13,26.944444444444446,26.944444444444446,12.7,26.944444444444446,1.27,79.96719999999999
2008,11,14,26.944444444444446,26.944444444444446,9.143999999999998,26.944444444444446,0.9143999999999999,80.2212
2008,11,15,26.666666666666668,26.666666666666668,11.43,26.666666666666668,1.143,80.29365
2008,11,16,26.666666666666668,26.666666666666668,0.7619999999999999,26.666666666666668,0.07619999999999999,75.68163799999999
2008,11,17,26.666666666666668,26.666666666666668,6.604,26.666666666666668,0.6604,76.74315
2008,11,18,26.38888888888889,26.38888888888889,2.2859999999999996,26.38888888888889,0.22859999999999997,74.69165000000001
2008,11,19,26.666666666666668,26.666666666666668,0.254,26.666666666666668,0.0254,74.120848
2008,11,20,26.11111111111111,26.11111111111111,24.383999999999997,26.11111111111111,2.4383999999999997,78.56575000000001
2008,11,21,26.38888888888889,26.38888888888889,2.2859999999999996,26.38888888888889,0.22859999999999997,75.54425
2008,11,22,26.666666666666668,26.666666666666668,0.508,26.666666666666668,0.0508,71.2405
2008,11,23,26.38888888888889,26.38888888888889,3.0479999999999996,26.38888888888889,0.30479999999999996,75.37345
2008,11,24,27.222222222222225,27.222222222222225,0.0,27.222222222222225,0.0,60.9965
2008,11,25,25.55555555555556,25.55555555555556,0.7619999999999999,25.55555555555556,0.07619999999999999,66.339
2008,11,26,25.27777777777778,25.27777777777778,0.0025399999999999997,25.27777777777778,0.000254,68.54645
2008,11,27,25.27777777777778,25.27777777777778,0.0,25.27777777777778,0.0,66.27015
2008,11,28,25.0,25.0,3.0479999999999996,25.0,0.30479999999999996,71.59845
2008,11,29,24.722222222222225,24.722222222222225,0.0,24.722222222222225,0.0,68.9086
2008,11,30,25.55555555555556,25.55555555555556,0.254,25.55555555555556,0.0254,69.392
2008,12,1,25.27777777777778,25.27777777777778,0.0025399999999999997,25.27777777777778,0.000254,73.28815
2008,12,2,26.11111111111111,26.11111111111111,0.508,26.11111111111111,0.0508,74.417588
2008,12,3,25.55555555555556,25.55555555555556,8.382,25.55555555555556,0.8382,73.1914
2008,12,4,25.833333333333336,25.833333333333336,1.5239999999999998,25.833333333333336,0.15239999999999998,73.3727
2008,12,5,25.0,25.0,0.254,25.0,0.0254,71.93285
2008,12,6,25.27777777777778,25.27777777777778,0.0025399999999999997,25.27777777777778,0.000254,69.667915
2008,12,7,25.55555555555556,25.55555555555556,0.508,25.55555555555556,0.0508,75.8633
2008,12,8,26.11111111111111,26.11111111111111,0.0025399999999999997,26.11111111111111,0.000254,66.86534999999999
2008,12,9,26.11111111111111,26.11111111111111,0.508,26.11111111111111,0.0508,69.80665
2008,12,10,26.38888888888889,26.38888888888889,4.3180000000000005,26.38888888888889,0.4318000000000001,74.436385
2008,12,11,25.27777777777778,25.27777777777778,6.858,25.27777777777778,0.6858,77.11275
2008,12,12,26.38888888888889,26.38888888888889,0.0,26.38888888888889,0.0,75.07305
2008,12,13,26.666666666666668,26.666666666666668,0.0025399999999999997,26.666666666666668,0.000254,75.1874
2008,12,14,26.666666666666668,26.666666666666668,0.0025399999999999997,26.666666666666668,0.000254,75.68163799999999
2008,12,15,26.666666666666668,26.666666666666668,26.162,26.666666666666668,2.6162,75.81003799999999
2008,12,16,25.0,25.0,5.08,25.0,0.508,71.3977
2008,12,17,25.0,25.0,0.508,25.0,0.0508,69.25525
2008,12,18,23.88888888888889,23.88888888888889,0.0,23.88888888888889,0.0,65.51665
2008,12,19,24.722222222222225,24.722222222222225,2.2859999999999996,24.722222222222225,0.22859999999999997,76.46684
2008,12,20,25.833333333333336,25.833333333333336,0.7619999999999999,25.833333333333336,0.07619999999999999,78.19575999999999
2008,12,21,25.833333333333336,25.833333333333336,2.032,25.833333333333336,0.2032,79.88985
2008,12,22,25.27777777777778,25.27777777777778,1.016,25.27777777777778,0.1016,72.667045
2008,12,23,26.38888888888889,26.38888888888889,0.254,26.38888888888889,0.0254,68.87824499999999
2008,12,24,26.11111111111111,26.11111111111111,2.7939999999999996,26.11111111111111,0.2794,77.8493
2008,12,25,25.55555555555556,25.55555555555556,10.413999999999998,25.55555555555556,1.0413999999999999,80.51326
2008,12,26,25.55555555555556,25.55555555555556,4.064,25.55555555555556,0.4064,77.610285
2008,12,27,24.722222222222225,24.722222222222225,32.257999999999996,24.722222222222225,3.2257999999999996,77.16695999999999
2008,12,28,25.27777777777778,25.27777777777778,0.254,25.27777777777778,0.0254,67.7181635
2008,12,29,24.444444444444446,24.444444444444446,5.334,24.444444444444446,0.5334,82.4674
2008,12,30,25.0,25.0,0.254,25.0,0.0254,76.11982499999999
2008,12,31,24.444444444444446,24.444444444444446,0.0,24.444444444444446,0.0,68.3794
2009,1,1,23.88888888888889,23.88888888888889,0.0025399999999999997,23.88888888888889,0.000254,70.93979300000001
2009,1,2,25.0,25.0,0.0025399999999999997,25.0,0.000254,69.848176
2009,1,3,25.388888888888893,25.388888888888893,3.302,25.388888888888893,0.3302,84.107582
2009,1,4,25.88888888888889,25.88888888888889,0.0,25.88888888888889,0.0,77.41806
2009,1,5,25.88888888888889,25.88888888888889,0.0025399999999999997,25.88888888888889,0.000254,76.8173525
2009,1,6,25.944444444444446,25.944444444444446,0.254,25.944444444444446,0.0254,79.921865
2009,1,7,26.11111111111111,26.11111111111111,0.0025399999999999997,26.11111111111111,0.000254,74.6896025
2009,1,8,25.833333333333336,25.833333333333336,1.5239999999999998,25.833333333333336,0.15239999999999998,77.41806
2009,1,9,26.11111111111111,26.11111111111111,0.0,26.11111111111111,0.0,77.2281475
2009,1,10,26.083333333333336,26.083333333333336,5.08,26.083333333333336,0.508,76.71554
2009,1,11,25.666666666666668,25.666666666666668,0.254,25.666666666666668,0.0254,77.20621249999999
2009,1,12,25.444444444444443,25.444444444444443,1.27,25.444444444444443,0.127,70.587565
2009,1,13,25.88888888888889,25.88888888888889,3.302,25.88888888888889,0.3302,71.73756
2009,1,14,25.0,25.0,0.7619999999999999,25.0,0.07619999999999999,78.8926975
2009,1,15,25.833333333333336,25.833333333333336,3.8099999999999996,25.833333333333336,0.38099999999999995,75.086563
2009,1,16,25.666666666666668,25.666666666666668,5.587999999999999,25.666666666666668,0.5588,80.79040499999999
2009,1,17,25.55555555555556,25.55555555555556,5.08,25.55555555555556,0.508,81.926635
2009,1,18,26.33333333333334,26.33333333333334,0.0,26.33333333333334,0.0,69.9881
2009,1,19,27.05555555555556,27.05555555555556,0.0,27.05555555555556,0.0,75.30895799999999
2009,1,20,26.666666666666668,26.666666666666668,0.0025399999999999997,26.666666666666668,0.000254,73.452187
2009,1,21,27.555555555555557,27.555555555555557,16.509999999999998,27.555555555555557,1.6509999999999998,77.630605
2009,1,22,26.11111111111111,26.11111111111111,2.7939999999999996,26.11111111111111,0.2794,83.127605
2009,1,23,26.11111111111111,26.11111111111111,0.254,26.11111111111111,0.0254,77.507205
2009,1,24,25.27777777777778,25.27777777777778,0.0025399999999999997,25.27777777777778,0.000254,76.795338
2009,1,25,25.55555555555556,25.55555555555556,0.0,25.55555555555556,0.0,72.9607
2009,1,26,25.666666666666668,25.666666666666668,3.0479999999999996,25.666666666666668,0.30479999999999996,74.8488
2009,1,27,24.61111111111111,24.61111111111111,1.27,24.61111111111111,0.127,75.495288
2009,1,28,25.55555555555556,25.55555555555556,4.826,25.55555555555556,0.4826,75.5208525
2009,1,29,25.0,25.0,1.27,25.0,0.127,72.58095
2009,1,30,25.27777777777778,25.27777777777778,3.0479999999999996,25.27777777777778,0.30479999999999996,83.21365
2009,1,31,25.444444444444443,25.444444444444443,0.0,25.444444444444443,0.0,75.81003799999999
2009,2,1,26.38888888888889,26.38888888888889,0.0025399999999999997,26.38888888888889,0.000254,72.029905
2009,2,2,26.38888888888889,26.38888888888889,1.27,26.38888888888889,0.127,70.8987465
2009,2,3,26.33333333333334,26.33333333333334,0.0025399999999999997,26.33333333333334,0.000254,63.1385095
2009,2,4,25.72222222222222,25.72222222222222,0.7619999999999999,25.72222222222222,0.07619999999999999,77.932277
2009,2,5,26.222222222222225,26.222222222222225,0.254,26.222222222222225,0.0254,68.0954025
2009,2,6,25.55555555555556,25.55555555555556,1.27,25.55555555555556,0.127,70.70195
2009,2,7,24.444444444444446,24.444444444444446,9.906,24.444444444444446,0.9906,75.086563
2009,2,8,25.0,25.0,15.748,25.0,1.5748,77.41806
2009,2,9,24.33333333333333,24.33333333333333,35.05199999999999,24.33333333333333,3.5051999999999994,84.107582
2009,2,10,24.444444444444446,24.444444444444446,13.208,24.444444444444446,1.3208,80.63886249999999
2009,2,11,25.527777777777786,25.527777777777786,0.254,25.527777777777786,0.0254,70.583298
2009,2,12,25.0,25.0,0.7619999999999999,25.0,0.07619999999999999,71.030653
2009,2,13,25.388888888888893,25.388888888888893,0.254,25.388888888888893,0.0254,69.860016
2009,2,14,24.722222222222225,24.722222222222225,0.0025399999999999997,24.722222222222225,0.000254,67.6143
2009,2,15,24.194444444444443,24.194444444444443,0.0025399999999999997,24.194444444444443,0.000254,70.11011500000001
2009,2,16,25.833333333333336,25.833333333333336,0.0025399999999999997,25.833333333333336,0.000254,73.1752455
2009,2,17,24.444444444444446,24.444444444444446,0.0,24.444444444444446,0.0,72.423745
2009,2,18,24.61111111111111,24.61111111111111,2.032,24.61111111111111,0.2032,66.72700499999999
2009,2,19,24.388888888888893,24.388888888888893,3.0479999999999996,24.388888888888893,0.30479999999999996,79.13746
2009,2,20,25.27777777777778,25.27777777777778,0.508,25.27777777777778,0.0508,77.820655
2009,2,21,25.72222222222222,25.72222222222222,0.0025399999999999997,25.72222222222222,0.000254,64.312488
2009,2,22,26.38888888888889,26.38888888888889,0.254,26.38888888888889,0.0254,65.82137900000001
2009,2,23,25.61111111111111,25.61111111111111,0.0025399999999999997,25.61111111111111,0.000254,69.04755
2009,2,24,25.833333333333336,25.833333333333336,0.0025399999999999997,25.833333333333336,0.000254,73.2938975
2009,2,25,25.55555555555556,25.55555555555556,0.0,25.55555555555556,0.0,71.914465
2009,2,26,25.61111111111111,25.61111111111111,0.0025399999999999997,25.61111111111111,0.000254,67.983835
2009,2,27,25.55555555555556,25.55555555555556,0.0025399999999999997,25.55555555555556,0.000254,74.4303875
2009,2,28,25.27777777777778,25.27777777777778,0.0025399999999999997,25.27777777777778,0.000254,71.208883
2009,3,1,26.11111111111111,26.11111111111111,1.016,26.11111111111111,0.1016,75.529585
2009,3,2,26.38888888888889,26.38888888888889,0.0,26.38888888888889,0.0,68.208881
2009,3,3,27.555555555555557,27.555555555555557,0.508,27.555555555555557,0.0508,69.810228
2009,3,4,26.166666666666664,26.166666666666664,0.0025399999999999997,26.166666666666664,0.000254,78.933183
2009,3,5,24.194444444444443,24.194444444444443,20.574000000000005,24.194444444444443,2.0574000000000003,81.41644299999999
2009,3,6,24.722222222222225,24.722222222222225,0.508,24.722222222222225,0.0508,59.023909
2009,3,7,25.0,25.0,0.0,25.0,0.0,53.439193
2009,3,8,25.111111111111114,25.111111111111114,0.0025399999999999997,25.111111111111114,0.000254,52.850532
2009,3,9,25.27777777777778,25.27777777777778,0.0,25.27777777777778,0.0,53.332478
2009,3,10,25.833333333333336,25.833333333333336,0.0025399999999999997,25.833333333333336,0.000254,57.902182
2009,3,11,25.55555555555556,25.55555555555556,0.0025399999999999997,25.55555555555556,0.000254,59.894781
2009,3,12,25.0,25.0,0.254,25.0,0.0254,61.98604
2009,3,13,24.722222222222225,24.722222222222225,3.302,24.722222222222225,0.3302,68.9414155
2009,3,14,24.111111111111114,24.111111111111114,6.604,24.111111111111114,0.6604,73.811388
2009,3,15,25.166666666666668,25.166666666666668,6.35,25.166666666666668,0.635,77.820655
2009,3,16,24.444444444444446,24.444444444444446,8.889999999999999,24.444444444444446,0.8889999999999999,77.820655
2009,3,17,25.0,25.0,4.571999999999999,25.0,0.45719999999999994,79.039995
2009,3,18,25.27777777777778,25.27777777777778,0.0,25.27777777777778,0.0,70.41045
2009,3,19,25.33333333333333,25.33333333333333,0.0,25.33333333333333,0.0,63.17032
2009,3,20,25.500000000000004,25.500000000000004,0.0,25.500000000000004,0.0,64.29209
2009,3,21,25.55555555555556,25.55555555555556,0.254,25.55555555555556,0.0254,70.1161955
2009,3,22,25.55555555555556,25.55555555555556,2.54,25.55555555555556,0.254,77.505005
2009,3,23,24.88888888888889,24.88888888888889,14.477999999999998,24.88888888888889,1.4477999999999998,75.841335
2009,3,24,25.250000000000004,25.250000000000004,0.0,25.250000000000004,0.0,60.24785
2009,3,25,25.0,25.0,2.7939999999999996,25.0,0.2794,76.327738
2009,3,26,25.111111111111114,25.111111111111114,0.0025399999999999997,25.111111111111114,0.000254,61.7204675
2009,3,27,24.166666666666668,24.166666666666668,0.0,24.166666666666668,0.0,58.582710000000006
2009,3,28,25.0,25.0,0.0025399999999999997,25.0,0.000254,62.138405000000006
2009,3,29,25.27777777777778,25.27777777777778,1.016,25.27777777777778,0.1016,65.308265
2009,3,30,25.55555555555556,25.55555555555556,0.0025399999999999997,25.55555555555556,0.000254,67.2680685
2009,3,31,25.666666666666668,25.666666666666668,7.874,25.666666666666668,0.7874,79.94326000000001
2009,4,1,25.72222222222222,25.72222222222222,0.0,25.72222222222222,0.0,69.7948525
2009,4,2,25.55555555555556,25.55555555555556,0.0025399999999999997,25.55555555555556,0.000254,65.8515985
2009,4,3,25.27777777777778,25.27777777777778,0.0,25.27777777777778,0.0,64.8890135
2009,4,4,25.444444444444443,25.444444444444443,0.7619999999999999,25.444444444444443,0.07619999999999999,71.5700055
2009,4,5,25.833333333333336,25.833333333333336,2.54,25.833333333333336,0.254,79.8185425
2009,4,6,26.38888888888889,26.38888888888889,1.778,26.38888888888889,0.1778,73.2938975
2009,4,7,26.38888888888889,26.38888888888889,0.0,26.38888888888889,0.0,70.02070499999999
2009,4,8,27.0,27.0,0.0,27.0,0.0,67.524248
2009,4,9,26.694444444444443,26.694444444444443,0.0025399999999999997,26.694444444444443,0.000254,72.0867725
2009,4,10,26.500000000000004,26.500000000000004,0.254,26.500000000000004,0.0254,74.7458025
2009,4,11,26.222222222222225,26.222222222222225,0.254,26.222222222222225,0.0254,68.9375725
2009,4,12,26.38888888888889,26.38888888888889,0.0,26.38888888888889,0.0,73.1752455
2009,4,13,26.500000000000004,26.500000000000004,0.0025399999999999997,26.500000000000004,0.000254,69.0612525
2009,4,14,26.38888888888889,26.38888888888889,1.016,26.38888888888889,0.1016,69.1266705
2009,4,15,26.38888888888889,26.38888888888889,3.8099999999999996,26.38888888888889,0.38099999999999995,74.662338
2009,4,16,27.242774043160185,27.242774043160185,0.0,27.242774043160185,0.0,67.74258617315218
2009,4,17,26.944444444444446,26.944444444444446,0.0,26.944444444444446,0.0,69.0612525
2009,4,18,27.36111111111111,27.36111111111111,6.095999999999999,27.36111111111111,0.6095999999999999,70.858261
2009,4,19,25.833333333333336,25.833333333333336,24.13,25.833333333333336,2.413,78.06468
2009,4,20,26.944444444444446,26.944444444444446,0.0025399999999999997,26.944444444444446,0.000254,72.153855
2009,4,21,15.5,15.5,7.366,15.5,0.7365999999999999,74.736845
2009,4,22,27.861111111111114,27.861111111111114,0.0025399999999999997,27.861111111111114,0.000254,67.232378
2009,4,23,27.0,27.0,0.0025399999999999997,27.0,0.000254,68.9375725
2009,4,24,26.0,26.0,2.032,26.0,0.2032,73.861888
2009,4,25,24.61111111111111,24.61111111111111,14.224,24.61111111111111,1.4224,77.06283250000001
2009,4,26,26.11111111111111,26.11111111111111,0.0025399999999999997,26.11111111111111,0.000254,73.24338499999999
2009,4,27,27.0,27.0,0.0025399999999999997,27.0,0.000254,68.7352475
2009,4,28,26.944444444444446,26.944444444444446,0.7619999999999999,26.944444444444446,0.07619999999999999,73.452187
2009,4,29,25.80555555555556,25.80555555555556,2.54,25.80555555555556,0.254,71.26881
2009,4,30,25.55555555555556,25.55555555555556,3.302,25.55555555555556,0.3302,78.56576
2009,5,1,26.38888888888889,26.38888888888889,0.508,26.38888888888889,0.0508,73.177605
2009,5,2,26.444444444444443,26.444444444444443,0.0025399999999999997,26.444444444444443,0.000254,70.70195
2009,5,3,25.944444444444446,25.944444444444446,0.0,25.944444444444446,0.0,69.9632725
2009,5,4,26.38888888888889,26.38888888888889,6.604,26.38888888888889,0.6604,79.178358
2009,5,5,27.0,27.0,2.54,27.0,0.254,74.590778
2009,5,6,25.55555555555556,25.55555555555556,8.382,25.55555555555556,0.8382,81.10585
2009,5,7,26.166666666666664,26.166666666666664,2.2859999999999996,26.166666666666664,0.22859999999999997,78.827113
2009,5,8,26.72222222222222,26.72222222222222,3.0479999999999996,26.72222222222222,0.30479999999999996,82.04845
2009,5,9,26.444444444444443,26.444444444444443,6.604,26.444444444444443,0.6604,83.12565000000001
2009,5,10,27.5,27.5,0.254,27.5,0.0254,77.76195
2009,5,11,26.166666666666664,26.166666666666664,0.254,26.166666666666664,0.0254,75.198185
2009,5,12,26.11111111111111,26.11111111111111,22.098,26.11111111111111,2.2098,85.95920000000001
2009,5,13,25.388888888888893,25.388888888888893,15.239999999999998,25.388888888888893,1.5239999999999998,89.31049
2009,5,14,26.11111111111111,26.11111111111111,1.016,26.11111111111111,0.1016,78.01328799999999
2009,5,15,26.666666666666668,26.666666666666668,1.27,26.666666666666668,0.127,77.268633
2009,5,16,27.0,27.0,0.0025399999999999997,27.0,0.000254,72.73339250000001
2009,5,17,26.666666666666668,26.666666666666668,0.7619999999999999,26.666666666666668,0.07619999999999999,76.93757
2009,5,18,26.11111111111111,26.11111111111111,3.8099999999999996,26.11111111111111,0.38099999999999995,82.04144249999999
2009,5,19,27.5,27.5,4.3180000000000005,27.5,0.4318000000000001,78.3051075
2009,5,20,27.750000000000004,27.750000000000004,0.0025399999999999997,27.750000000000004,0.000254,76.63795999999999
2009,5,21,26.72222222222222,26.72222222222222,11.937999999999999,26.72222222222222,1.1938,83.278972
2009,5,22,27.5,27.5,0.0025399999999999997,27.5,0.000254,77.76195
2009,5,23,28.08333333333333,28.08333333333333,0.0025399999999999997,28.08333333333333,0.000254,81.592175
2009,5,24,27.5,27.5,11.684,27.5,1.1683999999999999,78.17752
2009,5,25,28.05555555555556,28.05555555555556,18.796,28.05555555555556,1.8796,75.7674215
2009,5,26,27.27777777777777,27.27777777777777,3.556,27.27777777777777,0.3556,84.335305
2009,5,27,27.750000000000004,27.750000000000004,9.143999999999998,27.750000000000004,0.9143999999999999,79.17749
2009,5,28,29.444444444444446,29.444444444444446,0.0025399999999999997,29.444444444444446,0.000254,68.72731999999999
2009,5,29,28.63888888888889,28.63888888888889,0.0,28.63888888888889,0.0,77.12152499999999
2009,5,30,25.29779545678173,25.29779545678173,0.0,25.29779545678173,0.0,72.24606737466354
2009,5,31,27.5,27.5,0.0,27.5,0.0,67.58111550000001
2009,6,1,26.083333333333336,26.083333333333336,32.004,26.083333333333336,3.2003999999999997,79.572455
2009,6,2,27.555555555555557,27.555555555555557,5.842,27.555555555555557,0.5841999999999999,80.248265
2009,6,3,26.444444444444443,26.444444444444443,69.596,26.444444444444443,6.9596,84.30531500000001
2009,6,4,27.555555555555557,27.555555555555557,0.0,27.555555555555557,0.0,76.462393
2009,6,5,27.861111111111114,27.861111111111114,0.508,27.861111111111114,0.0508,73.685276
2009,6,6,27.861111111111114,27.861111111111114,1.778,27.861111111111114,0.1778,73.7253455
2009,6,7,27.805555555555557,27.805555555555557,1.016,27.805555555555557,0.1016,74.93615
2009,6,8,28.88888888888889,28.88888888888889,0.0025399999999999997,28.88888888888889,0.000254,74.575238
2009,6,9,28.11111111111111,28.11111111111111,2.2859999999999996,28.11111111111111,0.22859999999999997,72.339594
2009,6,10,28.88888888888889,28.88888888888889,0.0,28.88888888888889,0.0,68.16507
2009,6,11,27.30555555555556,27.30555555555556,28.955999999999996,27.30555555555556,2.8955999999999995,78.19600700000001
2009,6,12,28.333333333333336,28.333333333333336,13.208,28.333333333333336,1.3208,75.6469745
2009,6,13,27.5,27.5,34.29,27.5,3.429,82.175972
2009,6,14,27.805555555555557,27.805555555555557,1.27,27.805555555555557,0.127,78.217172
2009,6,15,28.05555555555556,28.05555555555556,0.0025399999999999997,28.05555555555556,0.000254,71.680138
2009,6,16,28.36111111111111,28.36111111111111,3.0479999999999996,28.36111111111111,0.30479999999999996,76.4008525
2009,6,17,28.333333333333336,28.333333333333336,0.0025399999999999997,28.333333333333336,0.000254,71.711738
2009,6,18,28.88888888888889,28.88888888888889,0.0025399999999999997,28.88888888888889,0.000254,70.054633
2009,6,19,29.388888888888893,29.388888888888893,1.5239999999999998,29.388888888888893,0.15239999999999998,72.358255
2009,6,20,28.05555555555556,28.05555555555556,5.842,28.05555555555556,0.5841999999999999,74.188425
2009,6,21,28.61111111111111,28.61111111111111,29.717999999999996,28.61111111111111,2.9717999999999996,75.881525
2009,6,22,28.861111111111114,28.861111111111114,0.0,28.861111111111114,0.0,69.5127145
2009,6,23,30.27777777777778,30.27777777777778,0.0,30.27777777777778,0.0,66.1499
2009,6,24,29.722222222222225,29.722222222222225,0.0,29.722222222222225,0.0,69.66685
2009,6,25,29.722222222222225,29.722222222222225,0.0,29.722222222222225,0.0,71.094205
2009,6,26,30.0,30.0,0.0025399999999999997,30.0,0.000254,69.59626800000001
2009,6,27,30.0,30.0,0.0,30.0,0.0,65.62441
2009,6,28,29.833333333333336,29.833333333333336,0.0,29.833333333333336,0.0,68.461025
2009,6,29,28.861111111111107,28.861111111111107,0.0,28.861111111111107,0.0,69.024688
2009,6,30,29.388888888888893,29.388888888888893,32.512,29.388888888888893,3.2512,70.054633
2009,7,1,29.722222222222225,29.722222222222225,0.0025399999999999997,29.722222222222225,0.000254,68.40765
2009,7,2,29.55555555555556,29.55555555555556,0.0,29.55555555555556,0.0,69.65737999999999
2009,7,3,29.33333333333333,29.33333333333333,0.0025399999999999997,29.33333333333333,0.000254,70.9673375
2009,7,4,29.444444444444446,29.444444444444446,0.0,29.444444444444446,0.0,73.172758
2009,7,5,28.88888888888889,28.88888888888889,6.604,28.88888888888889,0.6604,80.31109000000001
2009,7,6,27.5,27.5,10.921999999999999,27.5,1.0921999999999998,80.42967
2009,7,7,29.5,29.5,0.0,29.5,0.0,75.755245
2009,7,8,29.33333333333333,29.33333333333333,2.2859999999999996,29.33333333333333,0.22859999999999997,75.755245
2009,7,9,28.916666666666668,28.916666666666668,3.302,28.916666666666668,0.3302,75.6858275
2009,7,10,29.194444444444443,29.194444444444443,0.508,29.194444444444443,0.0508,75.6469745
2009,7,11,29.88888888888889,29.88888888888889,1.778,29.88888888888889,0.1778,78.476203
2009,7,12,29.194444444444443,29.194444444444443,0.508,29.194444444444443,0.0508,77.19963
2009,7,13,29.444444444444446,29.444444444444446,4.3180000000000005,29.444444444444446,0.4318000000000001,70.04995
2009,7,14,29.722222222222225,29.722222222222225,0.0025399999999999997,29.722222222222225,0.000254,71.99660349999999
2009,7,15,29.61111111111111,29.61111111111111,2.2859999999999996,29.61111111111111,0.22859999999999997,74.8365185
2009,7,16,30.0,30.0,0.0025399999999999997,30.0,0.000254,70.41640849999999
2009,7,17,29.722222222222225,29.722222222222225,0.508,29.722222222222225,0.0508,70.41640849999999
2009,7,18,28.61111111111111,28.61111111111111,11.684,28.61111111111111,1.1683999999999999,74.6905335
2009,7,19,28.38888888888889,28.38888888888889,13.208,28.38888888888889,1.3208,77.85728
2009,7,20,28.861111111111107,28.861111111111107,0.508,28.861111111111107,0.0508,77.12152499999999
2009,7,21,28.05555555555556,28.05555555555556,58.674,28.05555555555556,5.8674,81.34187299999999
2009,7,22,29.88888888888889,29.88888888888889,0.0025399999999999997,29.88888888888889,0.000254,75.19588999999999
2009,7,23,29.88888888888889,29.88888888888889,0.0025399999999999997,29.88888888888889,0.000254,72.217608
2009,7,24,29.61111111111111,29.61111111111111,0.0,29.61111111111111,0.0,72.1438275
2009,7,25,29.444444444444446,29.444444444444446,0.7619999999999999,29.444444444444446,0.07619999999999999,73.662723
2009,7,26,29.444444444444446,29.444444444444446,1.016,29.444444444444446,0.1016,73.1172835
2009,7,27,28.88888888888889,28.88888888888889,1.016,28.88888888888889,0.1016,73.95840849999999
2009,7,28,29.61111111111111,29.61111111111111,0.0025399999999999997,29.61111111111111,0.000254,77.59013200000001
2009,7,29,29.61111111111111,29.61111111111111,1.778,29.61111111111111,0.1778,71.8532335
2009,7,30,29.5,29.5,0.254,29.5,0.0254,75.79409799999999
2009,7,31,29.444444444444446,29.444444444444446,0.0025399999999999997,29.444444444444446,0.000254,73.5806525
2009,8,1,28.77777777777778,28.77777777777778,1.5239999999999998,28.77777777777778,0.15239999999999998,74.558138
2009,8,2,29.0,29.0,0.0,29.0,0.0,71.8270335
2009,8,3,17.888888888888893,17.888888888888893,5.842,17.888888888888893,0.5841999999999999,75.117785
2009,8,4,29.111111111111114,29.111111111111114,2.54,29.111111111111114,0.254,73.662723
2009,8,5,27.805555555555557,27.805555555555557,26.924,27.805555555555557,2.6924,84.191802
2009,8,6,29.166666666666668,29.166666666666668,1.27,29.166666666666668,0.127,70.570625
2009,8,7,29.444444444444446,29.444444444444446,0.0025399999999999997,29.444444444444446,0.000254,77.273942
2009,8,8,29.444444444444446,29.444444444444446,0.254,29.444444444444446,0.0254,73.688923
2009,8,9,28.61111111111111,28.61111111111111,4.3180000000000005,28.61111111111111,0.4318000000000001,71.737938
2009,8,10,28.05555555555556,28.05555555555556,0.7619999999999999,28.05555555555556,0.07619999999999999,76.4179525
2009,8,11,29.194444444444443,29.194444444444443,0.0,29.194444444444443,0.0,72.0504525
2009,8,12,28.63888888888889,28.63888888888889,29.464,28.63888888888889,2.9463999999999997,83.17676
2009,8,13,29.5,29.5,9.652,29.5,0.9652,81.34187299999999
2009,8,14,29.444444444444446,29.444444444444446,0.0025399999999999997,29.444444444444446,0.000254,70.8674025
2009,8,15,28.63888888888889,28.63888888888889,2.54,28.63888888888889,0.254,71.221788
2009,8,16,28.63888888888889,28.63888888888889,0.7619999999999999,28.63888888888889,0.07619999999999999,75.6858275
2009,8,17,28.08333333333333,28.08333333333333,44.196,28.08333333333333,4.4196,82.033993
2009,8,18,29.61111111111111,29.61111111111111,0.0025399999999999997,29.61111111111111,0.000254,73.77527599999999
2009,8,19,28.88888888888889,28.88888888888889,5.334,28.88888888888889,0.5334,75.610163
2009,8,20,28.88888888888889,28.88888888888889,1.5239999999999998,28.88888888888889,0.15239999999999998,77.52813499999999
2009,8,21,30.33333333333333,30.33333333333333,0.508,30.33333333333333,0.0508,67.267675
2009,8,22,29.88888888888889,29.88888888888889,2.54,29.88888888888889,0.254,78.4967
2009,8,23,29.194444444444443,29.194444444444443,0.0025399999999999997,29.194444444444443,0.000254,73.0644875
2009,8,24,29.444444444444446,29.444444444444446,1.5239999999999998,29.444444444444446,0.15239999999999998,75.79409799999999
2009,8,25,29.94444444444445,29.94444444444445,0.0,29.94444444444445,0.0,71.30275
2009,8,26,30.833333333333336,30.833333333333336,0.0,30.833333333333336,0.0,66.254703
2009,8,27,29.55555555555556,29.55555555555556,0.0025399999999999997,29.55555555555556,0.000254,68.071459
2009,8,28,29.833333333333336,29.833333333333336,0.254,29.833333333333336,0.0254,69.9163
2009,8,29,28.11111111111111,28.11111111111111,73.15199999999999,28.11111111111111,7.315199999999999,79.50618349999999
2009,8,30,28.77777777777778,28.77777777777778,1.778,28.77777777777778,0.1778,76.4008525
2009,8,31,29.444444444444446,29.444444444444446,1.016,29.444444444444446,0.1016,76.546573
2009,9,1,29.5,29.5,0.0,29.5,0.0,73.688923
2009,9,2,29.61111111111111,29.61111111111111,0.0025399999999999997,29.61111111111111,0.000254,73.77527599999999
2009,9,3,29.194444444444443,29.194444444444443,0.254,29.194444444444443,0.0254,77.59013200000001
2009,9,4,28.916666666666668,28.916666666666668,1.016,28.916666666666668,0.1016,74.595588
2009,9,5,25.638888888888893,25.638888888888893,19.812,25.638888888888893,1.9812,84.71715
2009,9,6,28.63888888888889,28.63888888888889,0.254,28.63888888888889,0.0254,75.52381
2009,9,7,29.33333333333333,29.33333333333333,0.0025399999999999997,29.33333333333333,0.000254,73.001988
2009,9,8,29.0,29.0,0.0025399999999999997,29.0,0.000254,74.952973
2009,9,9,30.222222222222225,30.222222222222225,5.587999999999999,30.222222222222225,0.5588,77.885775
2009,9,10,30.27777777777778,30.27777777777778,0.0,30.27777777777778,0.0,68.43925
2009,9,11,29.33333333333333,29.33333333333333,0.0025399999999999997,29.33333333333333,0.000254,73.688923
2009,9,12,28.916666666666668,28.916666666666668,0.0025399999999999997,28.916666666666668,0.000254,73.5544525
2009,9,13,28.05555555555556,28.05555555555556,97.78999999999999,28.05555555555556,9.779,76.4008525
2009,9,14,28.88888888888889,28.88888888888889,1.27,28.88888888888889,0.127,72.13950299999999
2009,9,15,28.88888888888889,28.88888888888889,2.2859999999999996,28.88888888888889,0.22859999999999997,71.7954335
2009,9,16,28.333333333333336,28.333333333333336,5.334,28.333333333333336,0.5334,76.5639375
2009,9,17,30.0,30.0,0.0,30.0,0.0,71.7954335
2009,9,18,28.63888888888889,28.63888888888889,12.191999999999998,28.63888888888889,1.2191999999999998,74.686552
2009,9,19,28.88888888888889,28.88888888888889,0.0025399999999999997,28.88888888888889,0.000254,76.6405135
2009,9,20,27.25,27.25,13.462,27.25,1.3462,84.35602
2009,9,21,28.333333333333336,28.333333333333336,2.54,28.333333333333336,0.254,80.31803500000001
2009,9,22,28.63888888888889,28.63888888888889,0.254,28.63888888888889,0.0254,77.952105
2009,9,23,29.194444444444443,29.194444444444443,0.508,29.194444444444443,0.0508,78.38146
2009,9,24,29.111111111111114,29.111111111111114,0.7619999999999999,29.111111111111114,0.07619999999999999,75.715993
2009,9,25,16.11111111111111,16.11111111111111,0.0025399999999999997,16.11111111111111,0.000254,81.34185
2009,9,26,29.194444444444443,29.194444444444443,0.0025399999999999997,29.194444444444443,0.000254,76.78786
2009,9,27,29.388888888888893,29.388888888888893,0.0,29.388888888888893,0.0,76.78786
2009,9,28,30.27777777777778,30.27777777777778,0.0,30.27777777777778,0.0,66.965975
2009,9,29,29.722222222222225,29.722222222222225,0.0,29.722222222222225,0.0,72.57455
2009,9,30,29.88888888888889,29.88888888888889,0.0025399999999999997,29.88888888888889,0.000254,74.57829000000001
2009,10,1,30.0,30.0,0.0025399999999999997,30.0,0.000254,71.451538
2009,10,2,29.055555555555557,29.055555555555557,7.366,29.055555555555557,0.7365999999999999,79.4927025
2009,10,3,29.722222222222225,29.722222222222225,0.0,29.722222222222225,0.0,68.79599999999999
2009,10,4,29.444444444444446,29.444444444444446,0.0025399999999999997,29.444444444444446,0.000254,72.15872300000001
2009,10,5,30.27777777777778,30.27777777777778,0.0025399999999999997,30.27777777777778,0.000254,72.68443500000001
2009,10,6,30.0,30.0,0.0,30.0,0.0,68.071474
2009,10,7,30.0,30.0,0.0025399999999999997,30.0,0.000254,71.3370685
2009,10,8,29.61111111111111,29.61111111111111,5.842,29.61111111111111,0.5841999999999999,75.755245
2009,10,9,29.47222222222222,29.47222222222222,1.5239999999999998,29.47222222222222,0.15239999999999998,77.628985
2009,10,10,29.61111111111111,29.61111111111111,4.064,29.61111111111111,0.4064,75.79409799999999
2009,10,11,29.444444444444446,29.444444444444446,7.366,29.444444444444446,0.7365999999999999,76.546573
2009,10,12,28.333333333333336,28.333333333333336,10.668,28.333333333333336,1.0668,81.930365
2009,10,13,28.861111111111107,28.861111111111107,0.508,28.861111111111107,0.0508,76.35850500000001
2009,10,14,28.63888888888889,28.63888888888889,4.064,28.63888888888889,0.4064,79.86102
2009,10,15,28.88888888888889,28.88888888888889,3.8099999999999996,28.88888888888889,0.38099999999999995,76.4383025
2009,10,16,29.66666666666667,29.66666666666667,0.0025399999999999997,29.66666666666667,0.000254,70.27638999999999
2009,10,17,29.722222222222225,29.722222222222225,0.0025399999999999997,29.722222222222225,0.000254,71.8532335
2009,10,18,28.333333333333336,28.333333333333336,10.16,28.333333333333336,1.016,74.6905335
2009,10,19,28.63888888888889,28.63888888888889,0.0025399999999999997,28.63888888888889,0.000254,74.9948915
2009,10,20,28.05555555555556,28.05555555555556,1.778,28.05555555555556,0.1778,71.206225
2009,10,21,28.77777777777778,28.77777777777778,0.0,28.77777777777778,0.0,74.89971299999999
2009,10,22,28.63888888888889,28.63888888888889,0.0,28.63888888888889,0.0,70.167773
2009,10,23,29.722222222222225,29.722222222222225,0.0,29.722222222222225,0.0,66.19313
2009,10,24,29.722222222222225,29.722222222222225,0.0,29.722222222222225,0.0,70.32303350000001
2009,10,25,29.388888888888893,29.388888888888893,0.0025399999999999997,29.388888888888893,0.000254,75.117785
2009,10,26,29.166666666666668,29.166666666666668,0.254,29.166666666666668,0.0254,71.3370685
2009,10,27,28.88888888888889,28.88888888888889,13.97,28.88888888888889,1.397,78.3679325
2009,10,28,28.88888888888889,28.88888888888889,12.7,28.88888888888889,1.27,73.8803035
2009,10,29,28.61111111111111,28.61111111111111,0.254,28.61111111111111,0.0254,73.445352
2009,10,30,28.000000000000004,28.000000000000004,7.366,28.000000000000004,0.7365999999999999,73.765008
2009,10,31,27.805555555555557,27.805555555555557,0.254,27.805555555555557,0.0254,68.1761825
2009,11,1,28.277777777777786,28.277777777777786,0.7619999999999999,28.277777777777786,0.07619999999999999,71.680138
2009,11,2,27.805555555555557,27.805555555555557,0.508,27.805555555555557,0.0508,69.160725
2009,11,3,28.08333333333333,28.08333333333333,0.0025399999999999997,28.08333333333333,0.000254,72.899632
2009,11,4,27.5,27.5,39.878,27.5,3.9878,80.31109000000001
2009,11,5,38.5,38.5,0.0,38.5,0.0,55.4202675
2009,11,6,27.805555555555557,27.805555555555557,0.508,27.805555555555557,0.0508,78.22256
2009,11,7,27.805555555555557,27.805555555555557,0.0025399999999999997,27.805555555555557,0.000254,78.22256
2009,11,8,27.805555555555557,27.805555555555557,2.032,27.805555555555557,0.2032,80.08399299999999
2009,11,9,25.0,25.0,78.74,25.0,7.874,85.95920000000001
2009,11,10,26.666666666666668,26.666666666666668,8.382,26.666666666666668,0.8382,79.23761999999999
2009,11,11,27.805555555555557,27.805555555555557,0.7619999999999999,27.805555555555557,0.07619999999999999,71.619703
2009,11,12,28.05555555555556,28.05555555555556,0.0025399999999999997,28.05555555555556,0.000254,75.764255
2009,11,13,29.000000000000004,29.000000000000004,0.0,29.000000000000004,0.0,71.223
2009,11,14,28.36111111111111,28.36111111111111,7.619999999999999,28.36111111111111,0.7619999999999999,75.8051215
2009,11,15,28.11111111111111,28.11111111111111,20.827999999999996,28.11111111111111,2.0827999999999998,79.390888
2009,11,16,26.11111111111111,26.11111111111111,59.69,26.11111111111111,5.968999999999999,89.450565
2009,11,17,26.944444444444446,26.944444444444446,0.0,26.944444444444446,0.0,79.94326000000001
2009,11,18,26.000000000000007,26.000000000000007,62.992,26.000000000000007,6.2992,86.97425
2009,11,19,26.222222222222225,26.222222222222225,0.254,26.222222222222225,0.0254,87.21264500000001
2009,11,20,26.72222222222222,26.72222222222222,5.08,26.72222222222222,0.508,84.32626
2009,11,21,28.69444444444445,28.69444444444445,0.0025399999999999997,28.69444444444445,0.000254,74.858053
2009,11,22,28.5,28.5,0.254,28.5,0.0254,74.6734335
2009,11,23,28.000000000000004,28.000000000000004,0.0,28.000000000000004,0.0,75.56806
2009,11,24,28.000000000000004,28.000000000000004,0.0025399999999999997,28.000000000000004,0.000254,73.7253455
2009,11,25,26.666666666666668,26.666666666666668,18.034,26.666666666666668,1.8034,83.12565000000001
2009,11,26,26.500000000000004,26.500000000000004,0.7619999999999999,26.500000000000004,0.07619999999999999,78.70610500000001
2009,11,27,26.638888888888893,26.638888888888893,0.0,26.638888888888893,0.0,80.87490500000001
2009,11,28,26.638888888888893,26.638888888888893,0.0025399999999999997,26.638888888888893,0.000254,80.79040499999999
2009,11,29,26.666666666666668,26.666666666666668,1.27,26.666666666666668,0.127,81.9142825
2009,11,30,27.25,27.25,0.0,27.25,0.0,76.346266
2009,12,1,26.944444444444446,26.944444444444446,0.0,26.944444444444446,0.0,77.81519
2009,12,2,27.0,27.0,3.556,27.0,0.3556,80.147415
2009,12,3,27.0,27.0,2.2859999999999996,27.0,0.22859999999999997,80.89607000000001
2009,12,4,27.0,27.0,1.5239999999999998,27.0,0.15239999999999998,74.86601999999999
2009,12,5,27.5,27.5,0.0025399999999999997,27.5,0.000254,74.537538
2009,12,6,27.194444444444446,27.194444444444446,0.0025399999999999997,27.194444444444446,0.000254,76.8979075
2009,12,7,26.638888888888893,26.638888888888893,4.571999999999999,26.638888888888893,0.45719999999999994,83.80340000000001
2009,12,8,26.944444444444446,26.944444444444446,1.778,26.944444444444446,0.1778,77.76334
2009,12,9,26.666666666666668,26.666666666666668,7.619999999999999,26.666666666666668,0.7619999999999999,82.974245
2009,12,10,27.5,27.5,10.413999999999998,27.5,1.0413999999999999,76.367431
2009,12,11,26.666666666666668,26.666666666666668,5.587999999999999,26.666666666666668,0.5588,79.68680499999999
2009,12,12,25.833333333333336,25.833333333333336,0.0025399999999999997,25.833333333333336,0.000254,76.8173525
2009,12,13,27.0,27.0,0.508,27.0,0.0508,75.321295
2009,12,14,26.222222222222225,26.222222222222225,2.54,26.222222222222225,0.254,78.587155
2009,12,15,26.72222222222222,26.72222222222222,1.27,26.72222222222222,0.127,75.3490275
2009,12,16,26.38888888888889,26.38888888888889,0.508,26.38888888888889,0.0508,76.958663
2009,12,17,26.11111111111111,26.11111111111111,0.0,26.11111111111111,0.0,64.08116749999999
2009,12,18,25.55555555555556,25.55555555555556,0.0025399999999999997,25.55555555555556,0.000254,76.795338
2009,12,19,27.194444444444446,27.194444444444446,0.0025399999999999997,27.194444444444446,0.000254,75.764255
2009,12,20,27.861111111111114,27.861111111111114,0.0,27.861111111111114,0.0,71.816536
2009,12,21,27.194444444444446,27.194444444444446,0.0025399999999999997,27.194444444444446,0.000254,69.2409705
2009,12,22,26.500000000000004,26.500000000000004,0.0,26.500000000000004,0.0,73.334383
2009,12,23,26.33333333333334,26.33333333333334,0.0,26.33333333333334,0.0,72.675175
2009,12,24,27.5,27.5,0.0025399999999999997,27.5,0.000254,73.685276
2009,12,25,26.666666666666668,26.666666666666668,3.8099999999999996,26.666666666666668,0.38099999999999995,81.86754
2009,12,26,26.361111111111114,26.361111111111114,0.0,26.361111111111114,0.0,74.786288
2009,12,27,26.944444444444446,26.944444444444446,0.254,26.944444444444446,0.0254,77.81519
2009,12,28,27.0,27.0,0.0,27.0,0.0,78.72727
2009,12,29,26.944444444444446,26.944444444444446,0.0,26.944444444444446,0.0,74.8263575
2009,12,30,26.11111111111111,26.11111111111111,0.254,26.11111111111111,0.0254,76.226325
2009,12,31,26.083333333333336,26.083333333333336,0.0025399999999999997,26.083333333333336,0.000254,75.10057
2010,1,1,25.527777777777786,25.527777777777786,0.0,25.527777777777786,0.0,74.4277775
2010,1,2,27.25,27.25,0.0,27.25,0.0,72.8162025
2010,1,3,26.500000000000004,26.500000000000004,0.0,26.500000000000004,0.0,74.662338
2010,1,4,26.555555555555557,26.555555555555557,0.0,26.555555555555557,0.0,71.45026
2010,1,5,26.97222222222222,26.97222222222222,0.0,26.97222222222222,0.0,68.716168
2010,1,6,27.194444444444446,27.194444444444446,0.254,27.194444444444446,0.0254,72.85668799999999
2010,1,7,24.055555555555557,24.055555555555557,37.592,24.055555555555557,3.7592,88.3685
2010,1,8,24.88888888888889,24.88888888888889,10.668,24.88888888888889,1.0668,84.591185
2010,1,9,25.55555555555556,25.55555555555556,0.0,25.55555555555556,0.0,75.5932475
2010,1,10,24.444444444444446,24.444444444444446,0.0,24.444444444444446,0.0,76.51502500000001
2010,1,11,26.0,26.0,0.0,26.0,0.0,72.784714
2010,1,12,25.944444444444446,25.944444444444446,0.254,25.944444444444446,0.0254,77.166143
2010,1,13,25.80555555555556,25.80555555555556,65.024,25.80555555555556,6.5024,82.974245
2010,1,14,23.08333333333333,23.08333333333333,88.89999999999999,23.08333333333333,8.889999999999999,92.45775
2010,1,15,23.5,23.5,26.162,23.5,2.6162,89.23945499999999
2010,1,16,25.27777777777778,25.27777777777778,13.462,25.27777777777778,1.3462,89.380855
2010,1,17,25.27777777777778,25.27777777777778,4.064,25.27777777777778,0.4064,89.380855
2010,1,18,26.11111111111111,26.11111111111111,9.652,26.11111111111111,0.9652,82.61529999999999
2010,1,19,25.944444444444446,25.944444444444446,0.0,25.944444444444446,0.0,78.56576
2010,1,20,25.27777777777778,25.27777777777778,5.842,25.27777777777778,0.5841999999999999,87.05747199999999
2010,1,21,26.083333333333336,26.083333333333336,0.0,26.083333333333336,0.0,84.107582
2010,1,22,26.38888888888889,26.38888888888889,6.858,26.38888888888889,0.6858,81.85692
2010,1,23,27.25,27.25,0.0,27.25,0.0,73.76219
2010,1,24,25.527777777777786,25.527777777777786,0.508,25.527777777777786,0.0508,76.065432
2010,1,25,24.88888888888889,24.88888888888889,7.112,24.88888888888889,0.7112,81.73693700000001
2010,1,26,25.166666666666668,25.166666666666668,0.0,25.166666666666668,0.0,78.54413
2010,1,27,25.55555555555556,25.55555555555556,0.0,25.55555555555556,0.0,71.208883
2010,1,28,25.02777777777778,25.02777777777778,0.7619999999999999,25.02777777777778,0.07619999999999999,68.81306000000001
2010,1,29,24.444444444444446,24.444444444444446,0.0,24.444444444444446,0.0,68.859105
2010,1,30,24.75,24.75,3.556,24.75,0.3556,74.68745
2010,1,31,25.111111111111114,25.111111111111114,0.508,25.111111111111114,0.0508,79.921865
2010,2,1,24.75,24.75,0.254,24.75,0.0254,79.39348
2010,2,2,26.0,26.0,0.0,26.0,0.0,72.763084
2010,2,3,26.944444444444446,26.944444444444446,0.0,26.944444444444446,0.0,67.1918925
2010,2,4,25.444444444444443,25.444444444444443,0.0,25.444444444444443,0.0,80.76901
2010,2,5,26.11111111111111,26.11111111111111,0.0,26.11111111111111,0.0,75.30895799999999
2010,2,6,26.13888888888889,26.13888888888889,0.0,26.13888888888889,0.0,69.321983
2010,2,7,26.11111111111111,26.11111111111111,0.0,26.11111111111111,0.0,64.757664
2010,2,8,27.05555555555556,27.05555555555556,0.0,27.05555555555556,0.0,66.0263025
2010,2,9,25.527777777777786,25.527777777777786,0.0,25.527777777777786,0.0,80.002725
2010,2,10,26.944444444444446,26.944444444444446,0.0,26.944444444444446,0.0,74.319434
2010,2,11,25.80555555555556,25.80555555555556,0.0,25.80555555555556,0.0,75.2684725
2010,2,12,25.80555555555556,25.80555555555556,1.778,25.80555555555556,0.1778,81.94194999999999
2010,2,13,26.38888888888889,26.38888888888889,0.0,26.38888888888889,0.0,74.290983
2010,2,14,27.05555555555556,27.05555555555556,0.0,27.05555555555556,0.0,70.1161955
2010,2,15,26.80555555555556,26.80555555555556,0.0,26.80555555555556,0.0,73.569149
2010,2,16,27.805555555555557,27.805555555555557,0.0,27.805555555555557,0.0,71.112288
2010,2,17,28.027777777777786,28.027777777777786,0.508,28.027777777777786,0.0508,64.115105
2010,2,18,27.750000000000004,27.750000000000004,0.254,27.750000000000004,0.0254,67.232378
2010,2,19,27.472222222222225,27.472222222222225,0.0,27.472222222222225,0.0,73.34033500000001
2010,2,20,26.11111111111111,26.11111111111111,0.508,26.11111111111111,0.0508,79.1895875
2010,2,21,25.638888888888893,25.638888888888893,0.0,25.638888888888893,0.0,72.45412999999999
2010,2,22,25.55555555555556,25.55555555555556,4.3180000000000005,25.55555555555556,0.4318000000000001,81.7103
2010,2,23,26.944444444444446,26.944444444444446,0.0,26.944444444444446,0.0,71.47189
2010,2,24,27.0,27.0,0.0,27.0,0.0,76.743038
2010,2,25,28.944444444444443,28.944444444444443,0.254,28.944444444444443,0.0254,66.1368225
2010,2,26,26.944444444444446,26.944444444444446,5.08,26.944444444444446,0.508,85.04162199999999
2010,2,27,26.638888888888893,26.638888888888893,13.716,26.638888888888893,1.3716,87.13995
2010,2,28,28.583333333333336,28.583333333333336,0.0,28.583333333333336,0.0,71.11202
2010,3,1,26.72222222222222,26.72222222222222,0.0,26.72222222222222,0.0,73.95545
2010,3,2,28.11111111111111,28.11111111111111,0.0,28.11111111111111,0.0,68.716168
2010,3,3,28.88888888888889,28.88888888888889,0.0,28.88888888888889,0.0,62.6566685
2010,3,4,28.638888888888896,28.638888888888896,0.0,28.638888888888896,0.0,66.0984765
2010,3,5,27.25,27.25,9.652,27.25,0.9652,79.274761
2010,3,6,23.5,23.5,6.604,23.5,0.6604,93.70365
2010,3,7,21.77777777777778,21.77777777777778,26.669999999999998,21.77777777777778,2.667,81.50097
2010,3,8,23.5,23.5,0.0,23.5,0.0,64.4476
2010,3,9,24.0,24.0,0.254,24.0,0.0254,75.086563
2010,3,10,24.88888888888889,24.88888888888889,3.8099999999999996,24.88888888888889,0.38099999999999995,79.39348
2010,3,11,24.444444444444446,24.444444444444446,26.416,24.444444444444446,2.6416,89.31049
2010,3,12,25.388888888888893,25.388888888888893,4.571999999999999,25.388888888888893,0.45719999999999994,79.94326000000001
2010,3,13,27.38888888888889,27.38888888888889,0.0,27.38888888888889,0.0,73.165385
2010,3,14,29.138888888888893,29.138888888888893,0.0,29.138888888888893,0.0,66.9691675
2010,3,15,28.583333333333336,28.583333333333336,0.0,28.583333333333336,0.0,67.3654865
2010,3,16,28.583333333333336,28.583333333333336,0.0,28.583333333333336,0.0,68.846201
2010,3,17,27.222222222222225,27.222222222222225,0.0,27.222222222222225,0.0,77.30870250000001
2010,3,18,28.500000000000007,28.500000000000007,0.0,28.500000000000007,0.0,71.7525925
2010,3,19,29.138888888888893,29.138888888888893,0.0,29.138888888888893,0.0,64.0921685
2010,3,20,28.83333333333334,28.83333333333334,0.0,28.83333333333334,0.0,64.0921685
2010,3,21,26.86111111111111,26.86111111111111,0.254,26.86111111111111,0.0254,73.88940500000001
2010,3,22,27.44444444444445,27.44444444444445,0.0,27.44444444444445,0.0,71.938563
2010,3,23,28.36111111111111,28.36111111111111,0.0,28.36111111111111,0.0,71.1523575
2010,3,24,27.555555555555557,27.555555555555557,0.0,27.555555555555557,0.0,73.685276
2010,3,25,27.5,27.5,0.0,27.5,0.0,68.716168
2010,3,26,28.05555555555556,28.05555555555556,0.0,28.05555555555556,0.0,71.678968
2010,3,27,26.80555555555556,26.80555555555556,0.0,26.80555555555556,0.0,75.3784045
2010,3,28,27.5,27.5,0.0,27.5,0.0,71.938575
2010,3,29,28.05555555555556,28.05555555555556,0.0,28.05555555555556,0.0,66.368845
2010,3,30,28.88888888888889,28.88888888888889,0.0,28.88888888888889,0.0,60.92048
2010,3,31,28.36111111111111,28.36111111111111,0.0,28.36111111111111,0.0,72.952938
2010,4,1,28.000000000000004,28.000000000000004,0.0,28.000000000000004,0.0,73.7253455
2010,4,2,25.55555555555556,25.55555555555556,0.0,25.55555555555556,0.0,68.9413525
2010,4,3,26.083333333333336,26.083333333333336,0.0,26.083333333333336,0.0,59.1971975
2010,4,4,25.88888888888889,25.88888888888889,0.0,25.88888888888889,0.0,56.87084
2010,4,5,24.194444444444443,24.194444444444443,0.0,24.194444444444443,0.0,69.648473
2010,4,6,24.66666666666667,24.66666666666667,11.937999999999999,24.66666666666667,1.1938,72.53305999999999
2010,4,7,26.33333333333334,26.33333333333334,0.0,26.33333333333334,0.0,63.303976000000006
2010,4,8,26.666666666666668,26.666666666666668,0.0,26.666666666666668,0.0,67.396559
2010,4,9,25.55555555555556,25.55555555555556,3.556,25.55555555555556,0.3556,76.324871
2010,4,10,26.666666666666668,26.666666666666668,0.7619999999999999,26.666666666666668,0.07619999999999999,77.81519
2010,4,11,26.38888888888889,26.38888888888889,1.27,26.38888888888889,0.127,77.48581
2010,4,12,27.0,27.0,0.0,27.0,0.0,78.10723999999999
2010,4,13,27.5,27.5,32.257999999999996,27.5,3.2257999999999996,82.56345
2010,4,14,27.25,27.25,5.587999999999999,27.25,0.5588,78.086055
2010,4,15,26.138888888888896,26.138888888888896,4.571999999999999,26.138888888888896,0.45719999999999994,81.83219
2010,4,16,26.638888888888893,26.638888888888893,0.254,26.638888888888893,0.0254,68.27945
2010,4,17,24.75,24.75,5.587999999999999,24.75,0.5588,79.714385
2010,4,18,25.88888888888889,25.88888888888889,0.0,25.88888888888889,0.0,74.47627750000001
2010,4,19,27.611111111111114,27.611111111111114,0.0,27.611111111111114,0.0,76.5562935
2010,4,20,28.88888888888889,28.88888888888889,10.668,28.88888888888889,1.0668,77.635938
2010,4,21,27.5,27.5,11.175999999999998,27.5,1.1176,80.331587
2010,4,22,27.805555555555557,27.805555555555557,0.0,27.805555555555557,0.0,79.415742
2010,4,23,28.63888888888889,28.63888888888889,0.0,28.63888888888889,0.0,77.388672
2010,4,24,27.44444444444445,27.44444444444445,0.0,27.44444444444445,0.0,79.22925000000001
2010,4,25,26.944444444444446,26.944444444444446,0.0,26.944444444444446,0.0,74.5905775
2010,4,26,27.194444444444446,27.194444444444446,0.254,27.194444444444446,0.0254,73.685276
2010,4,27,29.444444444444446,29.444444444444446,0.0,29.444444444444446,0.0,70.4528575
2010,4,28,30.250000000000004,30.250000000000004,0.0,30.250000000000004,0.0,67.1304525
2010,4,29,29.694444444444446,29.694444444444446,0.0,29.694444444444446,0.0,66.786603
2010,4,30,28.55555555555556,28.55555555555556,0.0,28.55555555555556,0.0,75.6077225
2010,5,1,28.333333333333336,28.333333333333336,0.0,28.333333333333336,0.0,73.5806525
2010,5,2,25.527777777777786,25.527777777777786,28.448,25.527777777777786,2.8448,87.13995
2010,5,3,27.77777777777778,27.77777777777778,3.302,27.77777777777778,0.3302,84.25356500000001
2010,5,4,27.5,27.5,3.8099999999999996,27.5,0.38099999999999995,79.9015
2010,5,5,26.694444444444454,26.694444444444454,0.0,26.694444444444454,0.0,70.70195
2010,5,6,26.33333333333334,26.33333333333334,0.0,26.33333333333334,0.0,69.04755
2010,5,7,26.638888888888893,26.638888888888893,49.529999999999994,26.638888888888893,4.952999999999999,84.76425
2010,5,8,26.944444444444446,26.944444444444446,12.191999999999998,26.944444444444446,1.2191999999999998,87.22169
2010,5,9,27.30555555555556,27.30555555555556,10.668,27.30555555555556,1.0668,81.992313
2010,5,10,27.25,27.25,7.112,27.25,0.7112,83.80340000000001
2010,5,11,27.194444444444446,27.194444444444446,5.334,27.194444444444446,0.5334,75.45895949999999
2010,5,12,28.08333333333333,28.08333333333333,0.0,28.08333333333333,0.0,74.40839
2010,5,13,28.05555555555556,28.05555555555556,2.7939999999999996,28.05555555555556,0.2794,79.273763
2010,5,14,28.5,28.5,2.032,28.5,0.2032,75.6077225
2010,5,15,27.77777777777778,27.77777777777778,0.0,27.77777777777778,0.0,78.158595
2010,5,16,28.277777777777786,28.277777777777786,0.0,28.277777777777786,0.0,78.36111
2010,5,17,27.25,27.25,74.16799999999999,27.25,7.416799999999999,88.6596
2010,5,18,27.25,27.25,33.528,27.25,3.3528,84.8427775
2010,5,19,28.05555555555556,28.05555555555556,3.0479999999999996,28.05555555555556,0.30479999999999996,76.483558
2010,5,20,28.277777777777786,28.277777777777786,1.27,28.277777777777786,0.127,80.189525
2010,5,21,28.88888888888889,28.88888888888889,0.0,28.88888888888889,0.0,72.8835715
2010,5,22,29.000000000000004,29.000000000000004,0.508,29.000000000000004,0.0508,73.04344
2010,5,23,27.750000000000004,27.750000000000004,19.558,27.750000000000004,1.9558,81.2336025
2010,5,24,28.61111111111111,28.61111111111111,3.556,28.61111111111111,0.3556,76.6405135
2010,5,25,29.388888888888893,29.388888888888893,6.35,29.388888888888893,0.635,76.6197985
2010,5,26,29.277777777777786,29.277777777777786,0.0,29.277777777777786,0.0,72.93263300000001
2010,5,27,27.5,27.5,0.254,27.5,0.0254,75.2457
2010,5,28,28.05555555555556,28.05555555555556,14.224,28.05555555555556,1.4224,81.43585999999999
2010,5,29,28.000000000000004,28.000000000000004,27.94,28.000000000000004,2.794,87.22169
2010,5,30,28.333333333333336,28.333333333333336,3.556,28.333333333333336,0.3556,80.31111
2010,5,31,28.55555555555556,28.55555555555556,3.8099999999999996,28.55555555555556,0.38099999999999995,83.17676
2010,6,1,28.63888888888889,28.63888888888889,2.032,28.63888888888889,0.2032,79.390888
2010,6,2,28.61111111111111,28.61111111111111,0.0,28.61111111111111,0.0,75.7638
2010,6,3,29.138888888888893,29.138888888888893,0.0,29.138888888888893,0.0,69.66685
2010,6,4,29.61111111111111,29.61111111111111,0.508,29.61111111111111,0.0508,73.0644875
2010,6,5,28.55555555555556,28.55555555555556,9.143999999999998,28.55555555555556,0.9143999999999999,78.3679525
2010,6,6,28.5,28.5,0.0,28.5,0.0,75.6077225
2010,6,7,29.722222222222225,29.722222222222225,6.095999999999999,29.722222222222225,0.6095999999999999,67.0019375
2010,6,8,29.055555555555557,29.055555555555557,11.175999999999998,29.055555555555557,1.1176,78.3884295
2010,6,9,29.111111111111114,29.111111111111114,0.0,29.111111111111114,0.0,75.928015
2010,6,10,29.055555555555557,29.055555555555557,0.0,29.055555555555557,0.0,73.688923
2010,6,11,28.55555555555556,28.55555555555556,0.508,28.55555555555556,0.0508,74.2318715
2010,6,12,28.333333333333336,28.333333333333336,13.716,28.333333333333336,1.3716,79.4786525
2010,6,13,28.36111111111111,28.36111111111111,2.032,28.36111111111111,0.2032,78.8658215
2010,6,14,29.0,29.0,0.0,29.0,0.0,75.52381
2010,6,15,28.805555555555557,28.805555555555557,9.143999999999998,28.805555555555557,0.9143999999999999,79.86102
2010,6,16,29.0,29.0,0.0,29.0,0.0,75.068255
2010,6,17,27.25,27.25,20.065999999999995,27.25,2.0065999999999997,89.380855
2010,6,18,28.55555555555556,28.55555555555556,1.27,28.55555555555556,0.127,82.13660999999999
2010,6,19,25.55555555555556,25.55555555555556,45.465999999999994,25.55555555555556,4.5466,89.380855
2010,6,20,25.388888888888893,25.388888888888893,6.604,25.388888888888893,0.6604,89.31049
2010,6,21,27.5,27.5,17.272000000000002,27.5,1.7272000000000003,85.133685
2010,6,22,26.638888888888893,26.638888888888893,1.5239999999999998,26.638888888888893,0.15239999999999998,87.21264500000001
2010,6,23,26.944444444444446,26.944444444444446,30.479999999999997,26.944444444444446,3.0479999999999996,83.17676
2010,6,24,26.38888888888889,26.38888888888889,7.366,26.38888888888889,0.7365999999999999,84.27428
2010,6,25,26.944444444444446,26.944444444444446,11.175999999999998,26.944444444444446,1.1176,84.25356500000001
2010,6,26,27.5,27.5,2.032,27.5,0.2032,80.31109000000001
2010,6,27,28.333333333333336,28.333333333333336,0.508,28.333333333333336,0.0508,80.29037500000001
2010,6,28,28.88888888888889,28.88888888888889,19.049999999999997,28.88888888888889,1.9049999999999998,79.821055
2010,6,29,28.666666666666664,28.666666666666664,10.921999999999999,28.666666666666664,1.0921999999999998,85.00228
2010,6,30,28.36111111111111,28.36111111111111,6.095999999999999,28.36111111111111,0.6095999999999999,81.2336025
2010,7,1,29.111111111111114,29.111111111111114,5.842,29.111111111111114,0.5841999999999999,78.4087125
2010,7,2,29.47222222222222,29.47222222222222,0.7619999999999999,29.47222222222222,0.07619999999999999,79.408715
2010,7,3,29.194444444444443,29.194444444444443,0.0,29.194444444444443,0.0,77.628985
2010,7,4,29.194444444444443,29.194444444444443,0.0,29.194444444444443,0.0,73.5544525
2010,7,5,27.555555555555557,27.555555555555557,22.351999999999997,27.555555555555557,2.2352,81.31326
2010,7,6,27.5,27.5,1.778,27.5,0.1778,83.17675
2010,7,7,30.0,30.0,0.0,30.0,0.0,69.70015000000001
2010,7,8,28.916666666666668,28.916666666666668,0.0,28.916666666666668,0.0,75.180808
2010,7,9,29.166666666666668,29.166666666666668,1.27,29.166666666666668,0.127,76.4383025
2010,7,10,30.33333333333333,30.33333333333333,0.0,30.33333333333333,0.0,63.6349735
2010,7,11,29.61111111111111,29.61111111111111,0.0,29.61111111111111,0.0,77.628985
2010,7,12,28.861111111111107,28.861111111111107,4.064,28.861111111111107,0.4064,81.43585999999999
2010,7,13,28.861111111111107,28.861111111111107,8.636000000000001,28.861111111111107,0.8636000000000001,82.13660999999999
2010,7,14,29.166666666666668,29.166666666666668,2.2859999999999996,29.166666666666668,0.22859999999999997,76.546573
2010,7,15,29.444444444444446,29.444444444444446,3.0479999999999996,29.444444444444446,0.30479999999999996,78.476203
2010,7,16,27.5,27.5,43.94199999999999,27.5,4.3942,79.840075
2010,7,17,26.944444444444446,26.944444444444446,13.97,26.944444444444446,1.397,78.88615
2010,7,18,27.5,27.5,15.494,27.5,1.5493999999999999,80.31109000000001
2010,7,19,25.111111111111114,25.111111111111114,17.779999999999998,25.111111111111114,1.7779999999999998,91.77513
2010,7,20,25.444444444444443,25.444444444444443,17.018,25.444444444444443,1.7018,90.945745
2010,7,21,27.805555555555557,27.805555555555557,14.477999999999998,27.805555555555557,1.4477999999999998,83.17676
2010,7,22,26.11111111111111,26.11111111111111,27.432,26.11111111111111,2.7432,86.56418
2010,7,23,26.38888888888889,26.38888888888889,8.636000000000001,26.38888888888889,0.8636000000000001,84.30531500000001
2010,7,24,28.08333333333333,28.08333333333333,0.0,28.08333333333333,0.0,82.69532
2010,7,25,28.36111111111111,28.36111111111111,0.0,28.36111111111111,0.0,77.59013200000001
2010,7,26,29.055555555555557,29.055555555555557,0.0,29.055555555555557,0.0,75.52381
2010,7,27,28.36111111111111,28.36111111111111,7.619999999999999,28.36111111111111,0.7619999999999999,77.952105
2010,7,28,28.805555555555557,28.805555555555557,0.0,28.805555555555557,0.0,74.7108835
2010,7,29,28.61111111111111,28.61111111111111,0.0,28.61111111111111,0.0,79.547057
2010,7,30,29.33333333333333,29.33333333333333,0.0,29.33333333333333,0.0,78.476203
2010,7,31,29.194444444444443,29.194444444444443,0.0,29.194444444444443,0.0,73.5806525
2010,8,1,29.194444444444443,29.194444444444443,0.0,29.194444444444443,0.0,73.5544525
2010,8,2,28.916666666666668,28.916666666666668,7.619999999999999,28.916666666666668,0.7619999999999999,79.454505
2010,8,3,28.36111111111111,28.36111111111111,6.095999999999999,28.36111111111111,0.6095999999999999,80.31109000000001
2010,8,4,28.88888888888889,28.88888888888889,0.0,28.88888888888889,0.0,76.78786
2010,8,5,30.72222222222222,30.72222222222222,0.0,30.72222222222222,0.0,66.390735
2010,8,6,30.166666666666668,30.166666666666668,0.0,30.166666666666668,0.0,71.561423
2010,8,7,29.47222222222222,29.47222222222222,0.0,29.47222222222222,0.0,71.3370685
2010,8,8,29.444444444444446,29.444444444444446,2.032,29.444444444444446,0.2032,74.952973
2010,8,9,28.88888888888889,28.88888888888889,3.302,28.88888888888889,0.3302,74.8447025
2010,8,10,28.36111111111111,28.36111111111111,8.382,28.36111111111111,0.8382,80.42965000000001
2010,8,11,28.05555555555556,28.05555555555556,12.953999999999999,28.05555555555556,1.2953999999999999,80.29037500000001
2010,8,12,28.55555555555556,28.55555555555556,12.191999999999998,28.55555555555556,1.2191999999999998,81.66487000000001
2010,8,13,28.63888888888889,28.63888888888889,33.528,28.63888888888889,3.3528,77.72605
2010,8,14,29.0,29.0,0.0,29.0,0.0,75.715993
2010,8,15,28.333333333333336,28.333333333333336,0.0,28.333333333333336,0.0,78.34401
2010,8,16,28.88888888888889,28.88888888888889,0.0,28.88888888888889,0.0,77.55088
2010,8,17,29.166666666666668,29.166666666666668,5.08,29.166666666666668,0.508,75.948365
2010,8,18,29.722222222222225,29.722222222222225,0.0,29.722222222222225,0.0,76.672208
2010,8,19,29.36111111111111,29.36111111111111,0.0,29.36111111111111,0.0,71.221773
2010,8,20,27.805555555555557,27.805555555555557,1.5239999999999998,27.805555555555557,0.15239999999999998,73.36162
2010,8,21,29.5,29.5,0.0,29.5,0.0,66.5847325
2010,8,22,29.444444444444446,29.444444444444446,7.112,29.444444444444446,0.7112,79.88173499999999
2010,8,23,29.33333333333333,29.33333333333333,0.0,29.33333333333333,0.0,80.31109000000001
2010,8,24,29.722222222222225,29.722222222222225,0.0,29.722222222222225,0.0,75.293973
2010,8,25,28.861111111111107,28.861111111111107,10.16,28.861111111111107,1.016,80.31109000000001
2010,8,26,28.861111111111107,28.861111111111107,2.032,28.861111111111107,0.2032,75.6469745
2010,8,27,29.33333333333333,29.33333333333333,0.0,29.33333333333333,0.0,75.49761000000001
2010,8,28,29.444444444444446,29.444444444444446,0.0,29.444444444444446,0.0,73.662723
2010,8,29,29.36111111111111,29.36111111111111,1.778,29.36111111111111,0.1778,78.3679325
2010,8,30,26.916666666666668,26.916666666666668,88.64599999999999,26.916666666666668,8.8646,81.95639249999999
2010,8,31,28.88888888888889,28.88888888888889,10.921999999999999,28.88888888888889,1.0921999999999998,76.63795999999999
2010,9,1,29.277777777777786,29.277777777777786,21.081999999999997,29.277777777777786,2.1081999999999996,76.734268
2010,9,2,30.194444444444443,30.194444444444443,0.0,30.194444444444443,0.0,70.81730999999999
2010,9,3,29.47222222222222,29.47222222222222,0.0,29.47222222222222,0.0,77.628985
2010,9,4,29.111111111111114,29.111111111111114,0.0,29.111111111111114,0.0,74.086985
2010,9,5,28.55555555555556,28.55555555555556,1.5239999999999998,28.55555555555556,0.15239999999999998,73.5806525
2010,9,6,28.55555555555556,28.55555555555556,0.0,28.55555555555556,0.0,73.5544525
2010,9,7,28.63888888888889,28.63888888888889,29.971999999999998,28.63888888888889,2.9972,87.38301
2010,9,8,28.88888888888889,28.88888888888889,1.778,28.88888888888889,0.1778,80.31109000000001
2010,9,9,28.08333333333333,28.08333333333333,1.27,28.08333333333333,0.127,76.63795999999999
2010,9,10,28.333333333333336,28.333333333333336,7.366,28.333333333333336,0.7365999999999999,77.7778525
2010,9,11,27.25,27.25,27.178,27.25,2.7178,87.3027
2010,9,12,28.916666666666668,28.916666666666668,9.398,28.916666666666668,0.9398,79.88173499999999
2010,9,13,28.5,28.5,0.0,28.5,0.0,78.36111
2010,9,14,28.05555555555556,28.05555555555556,1.27,28.05555555555556,0.127,77.59013200000001
2010,9,15,28.05555555555556,28.05555555555556,5.334,28.05555555555556,0.5334,78.3262725
2010,9,16,29.166666666666668,29.166666666666668,1.27,29.166666666666668,0.127,72.809645
2010,9,17,28.36111111111111,28.36111111111111,13.208,28.36111111111111,1.3208,77.628985
2010,9,18,28.916666666666668,28.916666666666668,16.256,28.916666666666668,1.6256,74.89971299999999
2010,9,19,29.138888888888893,29.138888888888893,21.081999999999997,29.138888888888893,2.1081999999999996,70.14834
2010,9,20,29.000000000000004,29.000000000000004,13.208,29.000000000000004,1.3208,73.14842
2010,9,21,27.805555555555557,27.805555555555557,18.796,27.805555555555557,1.8796,82.226355
2010,9,22,28.333333333333336,28.333333333333336,1.27,28.333333333333336,0.127,75.6077225
2010,9,23,28.333333333333336,28.333333333333336,4.826,28.333333333333336,0.4826,78.74478500000001
2010,9,24,27.44444444444445,27.44444444444445,12.953999999999999,27.44444444444445,1.2953999999999999,82.20519
2010,9,25,28.30555555555555,28.30555555555555,1.016,28.30555555555555,0.1016,78.36111
2010,9,26,27.805555555555557,27.805555555555557,0.0,27.805555555555557,0.0,80.0100275
2010,9,27,27.805555555555557,27.805555555555557,9.143999999999998,27.805555555555557,0.9143999999999999,80.066893
2010,9,28,28.88888888888889,28.88888888888889,0.0,28.88888888888889,0.0,74.558138
2010,9,29,28.36111111111111,28.36111111111111,5.842,28.36111111111111,0.5841999999999999,73.765008
2010,9,30,27.805555555555557,27.805555555555557,0.0,27.805555555555557,0.0,80.52519
2010,10,1,27.194444444444446,27.194444444444446,9.398,27.194444444444446,0.9398,83.6842
2010,10,2,28.05555555555556,28.05555555555556,0.0,28.05555555555556,0.0,78.38146
2010,10,3,28.000000000000004,28.000000000000004,2.7939999999999996,28.000000000000004,0.2794,86.56418
2010,10,4,28.5,28.5,3.8099999999999996,28.5,0.38099999999999995,84.43703
2010,10,5,28.30555555555555,28.30555555555555,24.13,28.30555555555555,2.413,78.3679325
2010,10,6,28.05555555555556,28.05555555555556,6.858,28.05555555555556,0.6858,76.5776885
2010,10,7,27.5,27.5,29.209999999999997,27.5,2.921,83.0801275
2010,10,8,26.694444444444454,26.694444444444454,19.049999999999997,26.694444444444454,1.9049999999999998,82.13429199999999
2010,10,9,28.88888888888889,28.88888888888889,2.2859999999999996,28.88888888888889,0.22859999999999997,77.7134415
2010,10,10,29.138888888888893,29.138888888888893,0.0,29.138888888888893,0.0,73.14842
2010,10,11,28.61111111111111,28.61111111111111,4.571999999999999,28.61111111111111,0.45719999999999994,73.9195555
2010,10,12,28.333333333333336,28.333333333333336,3.302,28.333333333333336,0.3302,75.935138
2010,10,13,27.5,27.5,12.953999999999999,27.5,1.2953999999999999,77.80049
2010,10,14,27.5,27.5,0.0,27.5,0.0,81.2336025
2010,10,15,28.05555555555556,28.05555555555556,8.128,28.05555555555556,0.8128,75.576727
2010,10,16,29.194444444444443,29.194444444444443,0.0,29.194444444444443,0.0,73.121275
2010,10,17,28.36111111111111,28.36111111111111,0.0,28.36111111111111,0.0,75.498622
2010,10,18,27.5,27.5,0.0,27.5,0.0,73.685276
2010,10,19,27.44444444444445,27.44444444444445,0.0,27.44444444444445,0.0,73.685276
2010,10,20,27.750000000000004,27.750000000000004,0.0,27.750000000000004,0.0,73.5544525
2010,10,21,29.63888888888889,29.63888888888889,0.0,29.63888888888889,0.0,67.4452185
2010,10,22,28.583333333333336,28.583333333333336,4.064,28.583333333333336,0.4064,72.10322
2010,10,23,28.08333333333333,28.08333333333333,0.254,28.08333333333333,0.0254,77.81759
2010,10,24,27.5,27.5,6.858,27.5,0.6858,75.19665
2010,10,25,27.194444444444446,27.194444444444446,0.7619999999999999,27.194444444444446,0.07619999999999999,74.8263575
2010,10,26,28.000000000000004,28.000000000000004,0.0,28.000000000000004,0.0,73.4964025
2010,10,27,28.05555555555556,28.05555555555556,1.778,28.05555555555556,0.1778,74.686552
2010,10,28,27.5,27.5,2.54,27.5,0.254,76.346266
2010,10,29,26.944444444444446,26.944444444444446,46.227999999999994,26.944444444444446,4.6228,84.8427775
2010,10,30,27.555555555555557,27.555555555555557,10.413999999999998,27.555555555555557,1.0413999999999999,80.248265
2010,10,31,28.333333333333336,28.333333333333336,0.7619999999999999,28.333333333333336,0.07619999999999999,72.0104875
2010,11,1,29.055555555555557,29.055555555555557,0.0,29.055555555555557,0.0,72.447215
2010,11,2,27.77777777777778,27.77777777777778,0.0,27.77777777777778,0.0,72.2491
2010,11,3,26.666666666666668,26.666666666666668,39.37,26.666666666666668,3.937,87.13995
2010,11,4,28.36111111111111,28.36111111111111,0.0,28.36111111111111,0.0,75.56806
2010,11,5,28.61111111111111,28.61111111111111,2.7939999999999996,28.61111111111111,0.2794,76.0504335
2010,11,6,27.805555555555557,27.805555555555557,9.652,27.805555555555557,0.9652,79.17749
2010,11,7,27.25,27.25,64.77,27.25,6.476999999999999,83.07591
2010,11,8,26.33333333333334,26.33333333333334,3.0479999999999996,26.33333333333334,0.30479999999999996,79.65612
2010,11,9,25.55555555555556,25.55555555555556,32.257999999999996,25.55555555555556,3.2257999999999996,84.85513
2010,11,10,27.0,27.0,4.571999999999999,27.0,0.45719999999999994,82.033993
2010,11,11,26.138888888888896,26.138888888888896,6.095999999999999,26.138888888888896,0.6095999999999999,86.45236
2010,11,12,26.38888888888889,26.38888888888889,5.587999999999999,26.38888888888889,0.5588,80.6717
2010,11,13,26.38888888888889,26.38888888888889,0.0,26.38888888888889,0.0,74.239885
2010,11,14,26.33333333333334,26.33333333333334,0.0,26.33333333333334,0.0,76.97995
2010,11,15,26.083333333333336,26.083333333333336,0.0,26.083333333333336,0.0,76.1115
2010,11,16,26.138888888888896,26.138888888888896,0.0,26.138888888888896,0.0,72.386088
2010,11,17,25.694444444444446,25.694444444444446,0.254,25.694444444444446,0.0254,66.015371
2010,11,18,26.138888888888896,26.138888888888896,0.254,26.138888888888896,0.0254,68.687712
2010,11,19,25.88888888888889,25.88888888888889,3.8099999999999996,25.88888888888889,0.38099999999999995,72.5991875
2010,11,20,27.222222222222225,27.222222222222225,0.0,27.222222222222225,0.0,65.774916
2010,11,21,26.638888888888893,26.638888888888893,1.27,26.638888888888893,0.127,69.0612525
2010,11,22,25.527777777777786,25.527777777777786,21.843999999999998,25.527777777777786,2.1843999999999997,79.94326000000001
2010,11,23,25.833333333333336,25.833333333333336,4.571999999999999,25.833333333333336,0.45719999999999994,79.49876
2010,11,24,26.166666666666664,26.166666666666664,0.0,26.166666666666664,0.0,61.941049500000005
2010,11,25,25.777777777777786,25.777777777777786,0.0,25.777777777777786,0.0,60.175476
2010,11,26,25.111111111111114,25.111111111111114,0.7619999999999999,25.111111111111114,0.07619999999999999,72.22832
2010,11,27,25.0,25.0,0.254,25.0,0.0254,70.765604
2010,11,28,25.638888888888893,25.638888888888893,0.254,25.638888888888893,0.0254,73.2938975
2010,11,29,26.083333333333336,26.083333333333336,0.0,26.083333333333336,0.0,60.5673
2010,11,30,26.083333333333336,26.083333333333336,0.254,26.083333333333336,0.0254,73.096226
2010,12,1,25.13888888888889,25.13888888888889,4.571999999999999,25.13888888888889,0.45719999999999994,75.709953
2010,12,2,25.13888888888889,25.13888888888889,0.0,25.13888888888889,0.0,64.567395
2010,12,3,24.444444444444446,24.444444444444446,0.0,24.444444444444446,0.0,60.18751
2010,12,4,23.88888888888889,23.88888888888889,0.0,23.88888888888889,0.0,61.593858
2010,12,5,24.138888888888893,24.138888888888893,0.0,24.138888888888893,0.0,66.443508
2010,12,6,24.444444444444446,24.444444444444446,0.0,24.444444444444446,0.0,71.091695
2010,12,7,25.388888888888893,25.388888888888893,5.334,25.388888888888893,0.5334,86.97425
2010,12,8,25.527777777777786,25.527777777777786,35.559999999999995,25.527777777777786,3.5559999999999996,84.94877249999999
2010,12,9,26.944444444444446,26.944444444444446,4.3180000000000005,26.944444444444446,0.4318000000000001,75.6223475
2010,12,10,26.500000000000004,26.500000000000004,0.0,26.500000000000004,0.0,73.569138
2010,12,11,25.638888888888893,25.638888888888893,0.0,25.638888888888893,0.0,78.9710525
2010,12,12,25.55555555555556,25.55555555555556,0.0,25.55555555555556,0.0,80.76901
2010,12,13,27.05555555555556,27.05555555555556,0.0,27.05555555555556,0.0,68.6756825
2010,12,14,27.25,27.25,5.334,27.25,0.5334,75.562255
2010,12,15,23.05555555555556,23.05555555555556,78.48599999999999,23.05555555555556,7.848599999999999,90.8933
2010,12,16,25.0,25.0,0.254,25.0,0.0254,75.841335
2010,12,17,26.000000000000007,26.000000000000007,0.0,26.000000000000007,0.0,67.456665
2010,12,18,25.500000000000004,25.500000000000004,1.27,25.500000000000004,0.127,73.2938975
2010,12,19,26.0,26.0,0.0,26.0,0.0,69.0662405
2010,12,20,24.722222222222225,24.722222222222225,33.019999999999996,24.722222222222225,3.3019999999999996,88.3685
2010,12,21,23.861111111111107,23.861111111111107,7.874,23.861111111111107,0.7874,79.692755
2010,12,22,24.0,24.0,8.382,24.0,0.8382,78.13576
2010,12,23,24.75,24.75,0.0,24.75,0.0,71.27794
2010,12,24,24.166666666666668,24.166666666666668,0.0,24.166666666666668,0.0,63.886295
2010,12,25,23.666666666666664,23.666666666666664,0.0,23.666666666666664,0.0,74.83316300000001
2010,12,26,25.527777777777786,25.527777777777786,1.27,25.527777777777786,0.127,81.9988825
2010,12,27,25.833333333333336,25.833333333333336,0.7619999999999999,25.833333333333336,0.07619999999999999,82.257362
2010,12,28,24.55555555555556,24.55555555555556,3.302,24.55555555555556,0.3302,78.660721
2010,12,29,23.61111111111111,23.61111111111111,0.0,23.61111111111111,0.0,67.8912
2010,12,30,23.916666666666668,23.916666666666668,0.0,23.916666666666668,0.0,67.399755
2010,12,31,25.13888888888889,25.13888888888889,0.0,25.13888888888889,0.0,62.6610625
2011,1,1,24.166666666666668,24.166666666666668,5.587999999999999,24.166666666666668,0.5588,73.952343
2011,1,2,23.88888888888889,23.88888888888889,9.652,23.88888888888889,0.9652,76.0067
2011,1,3,23.61111111111111,23.61111111111111,4.571999999999999,23.61111111111111,0.45719999999999994,71.71925
2011,1,4,23.61111111111111,23.61111111111111,2.032,23.61111111111111,0.2032,76.5881
2011,1,5,24.166666666666668,24.166666666666668,21.843999999999998,24.166666666666668,2.1843999999999997,85.69495
2011,1,6,24.75,24.75,0.0,24.75,0.0,77.82254499999999
2011,1,7,25.27777777777778,25.27777777777778,0.0,25.27777777777778,0.0,77.52038
2011,1,8,27.25,27.25,0.0,27.25,0.0,73.03929149999999
2011,1,9,25.833333333333336,25.833333333333336,0.0,25.833333333333336,0.0,80.534655
2011,1,10,24.833333333333336,24.833333333333336,0.0,24.833333333333336,0.0,84.107582
2011,1,11,25.0,25.0,1.016,25.0,0.1016,82.7182
2011,1,12,25.0,25.0,0.254,25.0,0.0254,79.989338
2011,1,13,24.722222222222225,24.722222222222225,11.175999999999998,24.722222222222225,1.1176,87.0326
2011,1,14,25.444444444444443,25.444444444444443,0.0,25.444444444444443,0.0,77.41806
2011,1,15,25.55555555555556,25.55555555555556,0.0,25.55555555555556,0.0,70.65545
2011,1,16,25.166666666666668,25.166666666666668,0.0,25.166666666666668,0.0,76.713945
2011,1,17,25.666666666666668,25.666666666666668,3.8099999999999996,25.666666666666668,0.38099999999999995,77.78625
2011,1,18,25.833333333333336,25.833333333333336,0.0,25.833333333333336,0.0,72.64045
2011,1,19,25.250000000000004,25.250000000000004,0.0,25.250000000000004,0.0,76.859668
2011,1,20,25.527777777777786,25.527777777777786,0.0,25.527777777777786,0.0,76.743038
2011,1,21,25.527777777777786,25.527777777777786,2.54,25.527777777777786,0.254,76.090105
2011,1,22,25.305555555555557,25.305555555555557,0.0,25.305555555555557,0.0,74.049545
2011,1,23,24.722222222222225,24.722222222222225,0.0,24.722222222222225,0.0,77.842285
2011,1,24,24.63888888888889,24.63888888888889,0.0,24.63888888888889,0.0,79.47713
2011,1,25,25.27777777777778,25.27777777777778,2.54,25.27777777777778,0.254,74.4364245
2011,1,26,24.833333333333336,24.833333333333336,0.0,24.833333333333336,0.0,72.961063
2011,1,27,25.500000000000004,25.500000000000004,1.778,25.500000000000004,0.1778,77.41806
2011,1,28,25.250000000000004,25.250000000000004,0.0,25.250000000000004,0.0,69.9885065
2011,1,29,25.194444444444443,25.194444444444443,0.0,25.194444444444443,0.0,73.092998
2011,1,30,24.30555555555556,24.30555555555556,1.778,24.30555555555556,0.1778,79.39348
2011,1,31,25.305555555555557,25.305555555555557,0.0,25.305555555555557,0.0,75.40886
2011,2,1,25.0,25.0,0.7619999999999999,25.0,0.07619999999999999,74.655947
2011,2,2,26.11111111111111,26.11111111111111,0.254,26.11111111111111,0.0254,74.16145
2011,2,3,25.944444444444446,25.944444444444446,0.254,25.944444444444446,0.0254,66.67843500000001
2011,2,4,25.0,25.0,0.254,25.0,0.0254,74.1975
2011,2,5,25.111111111111114,25.111111111111114,5.842,25.111111111111114,0.5841999999999999,80.0247
2011,2,6,26.11111111111111,26.11111111111111,0.254,26.11111111111111,0.0254,74.93185
2011,2,7,26.500000000000004,26.500000000000004,1.016,26.500000000000004,0.1016,70.11765
2011,2,8,25.833333333333336,25.833333333333336,1.27,25.833333333333336,0.127,74.69165000000001
2011,2,9,25.250000000000004,25.250000000000004,0.7619999999999999,25.250000000000004,0.07619999999999999,76.38615250000001
2011,2,10,25.666666666666668,25.666666666666668,2.7939999999999996,25.666666666666668,0.2794,77.1387
2011,2,11,26.166666666666664,26.166666666666664,0.508,26.166666666666664,0.0508,72.7636475
2011,2,12,26.083333333333336,26.083333333333336,0.0,26.083333333333336,0.0,72.54775000000001
2011,2,13,26.944444444444446,26.944444444444446,0.0,26.944444444444446,0.0,73.569149
2011,2,14,25.27777777777778,25.27777777777778,15.494,25.27777777777778,1.5493999999999999,78.7647
2011,2,15,25.833333333333336,25.833333333333336,0.0,25.833333333333336,0.0,77.9278
2011,2,16,25.833333333333336,25.833333333333336,6.604,25.833333333333336,0.6604,79.33420000000001
2011,2,17,25.0,25.0,3.8099999999999996,25.0,0.38099999999999995,84.66035
2011,2,18,25.0,25.0,2.032,25.0,0.2032,77.953907
2011,2,19,24.722222222222225,24.722222222222225,3.556,24.722222222222225,0.3556,82.3856
2011,2,20,25.111111111111114,25.111111111111114,1.016,25.111111111111114,0.1016,79.08816999999999
2011,2,21,24.722222222222225,24.722222222222225,8.128,24.722222222222225,0.8128,77.417843
2011,2,22,24.444444444444446,24.444444444444446,0.0,24.444444444444446,0.0,73.62665
2011,2,23,24.166666666666668,24.166666666666668,0.0,24.166666666666668,0.0,72.8154
2011,2,24,24.722222222222225,24.722222222222225,0.0,24.722222222222225,0.0,58.64577
2011,2,25,24.722222222222225,24.722222222222225,1.016,24.722222222222225,0.1016,74.36125
2011,2,26,25.0,25.0,0.0,25.0,0.0,58.0898
2011,2,27,25.0,25.0,0.0,25.0,0.0,56.85945
2011,2,28,25.13888888888889,25.13888888888889,0.0,25.13888888888889,0.0,63.37075
2011,3,1,25.0,25.0,0.0,25.0,0.0,69.492943
2011,3,2,24.444444444444446,24.444444444444446,1.27,24.444444444444446,0.127,70.8797
2011,3,3,23.88888888888889,23.88888888888889,0.0,23.88888888888889,0.0,71.74895000000001
2011,3,4,25.0,25.0,0.0,25.0,0.0,76.54665
2011,3,5,25.55555555555556,25.55555555555556,0.0,25.55555555555556,0.0,76.8433
2011,3,6,25.55555555555556,25.55555555555556,0.0,25.55555555555556,0.0,76.58565
2011,3,7,25.27777777777778,25.27777777777778,2.032,25.27777777777778,0.2032,73.283035
2011,3,8,24.61111111111111,24.61111111111111,0.0,24.61111111111111,0.0,62.5696
2011,3,9,25.388888888888893,25.388888888888893,0.0,25.388888888888893,0.0,58.79222
2011,3,10,24.722222222222225,24.722222222222225,0.7619999999999999,24.722222222222225,0.07619999999999999,73.64435
2011,3,11,24.833333333333336,24.833333333333336,0.508,24.833333333333336,0.0508,71.1981
2011,3,12,25.0,25.0,0.0,25.0,0.0,60.146105000000006
2011,3,13,25.0,25.0,0.0,25.0,0.0,64.901207
2011,3,14,25.0,25.0,0.7619999999999999,25.0,0.07619999999999999,68.265788
2011,3,15,25.0,25.0,2.7939999999999996,25.0,0.2794,69.1599
2011,3,16,25.55555555555556,25.55555555555556,0.508,25.55555555555556,0.0508,70.95445000000001
2011,3,17,25.0,25.0,0.0,25.0,0.0,69.32731749999999
2011,3,18,25.527777777777786,25.527777777777786,2.54,25.527777777777786,0.254,66.83564
2011,3,19,25.55555555555556,25.55555555555556,4.3180000000000005,25.55555555555556,0.4318000000000001,70.97925000000001
2011,3,20,24.166666666666668,24.166666666666668,0.0,24.166666666666668,0.0,67.27625
2011,3,21,24.722222222222225,24.722222222222225,1.5239999999999998,24.722222222222225,0.15239999999999998,66.51689999999999
2011,3,22,23.61111111111111,23.61111111111111,8.889999999999999,23.61111111111111,0.8889999999999999,75.2507
2011,3,23,24.444444444444446,24.444444444444446,0.7619999999999999,24.444444444444446,0.07619999999999999,70.49735
2011,3,24,25.27777777777778,25.27777777777778,0.508,25.27777777777778,0.0508,74.7827
2011,3,25,25.58333333333333,25.58333333333333,0.254,25.58333333333333,0.0254,76.3636
2011,3,26,26.500000000000004,26.500000000000004,1.27,26.500000000000004,0.127,75.7604025
2011,3,27,26.666666666666668,26.666666666666668,0.0,26.666666666666668,0.0,71.816538
2011,3,28,25.833333333333336,25.833333333333336,0.254,25.833333333333336,0.0254,71.01645
2011,3,29,25.27777777777778,25.27777777777778,2.54,25.27777777777778,0.254,77.4097
2011,3,30,27.16666666666667,27.16666666666667,0.0,27.16666666666667,0.0,74.20975
2011,3,31,28.583333333333336,28.583333333333336,0.0,28.583333333333336,0.0,62.6750225
2011,4,1,27.77777777777778,27.77777777777778,0.0,27.77777777777778,0.0,61.099787500000005
2011,4,2,26.666666666666668,26.666666666666668,0.0,26.666666666666668,0.0,70.39755
2011,4,3,26.38888888888889,26.38888888888889,0.0,26.38888888888889,0.0,66.79860000000001
2011,4,4,26.666666666666668,26.666666666666668,1.27,26.666666666666668,0.127,69.04890499999999
2011,4,5,25.88888888888889,25.88888888888889,5.842,25.88888888888889,0.5841999999999999,76.08457
2011,4,6,26.944444444444446,26.944444444444446,0.0,26.944444444444446,0.0,68.4463
2011,4,7,26.19444444444445,26.19444444444445,0.0,26.19444444444445,0.0,69.0612525
2011,4,8,25.02777777777778,25.02777777777778,1.016,25.02777777777778,0.1016,73.44905
2011,4,9,25.55555555555556,25.55555555555556,0.0,25.55555555555556,0.0,64.71981
2011,4,10,26.083333333333336,26.083333333333336,0.0,26.083333333333336,0.0,67.983835
2011,4,11,26.083333333333336,26.083333333333336,0.0,26.083333333333336,0.0,62.5724
2011,4,12,25.55555555555556,25.55555555555556,14.224,25.55555555555556,1.4224,76.28555
2011,4,13,25.55555555555556,25.55555555555556,0.0,25.55555555555556,0.0,79.9088
2011,4,14,25.55555555555556,25.55555555555556,0.0,25.55555555555556,0.0,81.00965
2011,4,15,25.944444444444446,25.944444444444446,0.0,25.944444444444446,0.0,80.76901
2011,4,16,25.388888888888893,25.388888888888893,8.636000000000001,25.388888888888893,0.8636000000000001,79.242855
2011,4,17,26.361111111111114,26.361111111111114,0.254,26.361111111111114,0.0254,70.1593
2011,4,18,25.527777777777786,25.527777777777786,0.0,25.527777777777786,0.0,68.401495
2011,4,19,26.11111111111111,26.11111111111111,0.254,26.11111111111111,0.0254,72.295
2011,4,20,26.083333333333336,26.083333333333336,0.0,26.083333333333336,0.0,71.11269999999999
2011,4,21,26.11111111111111,26.11111111111111,0.0,26.11111111111111,0.0,66.9432
2011,4,22,26.11111111111111,26.11111111111111,0.0,26.11111111111111,0.0,72.52335
2011,4,23,26.38888888888889,26.38888888888889,0.0,26.38888888888889,0.0,68.8346
2011,4,24,26.666666666666668,26.666666666666668,0.0,26.666666666666668,0.0,69.922298
2011,4,25,26.944444444444446,26.944444444444446,0.0,26.944444444444446,0.0,73.569149
2011,4,26,26.944444444444446,26.944444444444446,13.462,26.944444444444446,1.3462,76.79965
2011,4,27,25.0,25.0,24.892,25.0,2.4892,90.7486
2011,4,28,26.72222222222222,26.72222222222222,0.0,26.72222222222222,0.0,70.54258
2011,4,29,26.666666666666668,26.666666666666668,0.0,26.666666666666668,0.0,70.152705
2011,4,30,26.38888888888889,26.38888888888889,1.27,26.38888888888889,0.127,80.0573
2011,5,1,24.444444444444446,24.444444444444446,48.26,24.444444444444446,4.826,90.7486
2011,5,2,26.11111111111111,26.11111111111111,1.5239999999999998,26.11111111111111,0.15239999999999998,88.3498
2011,5,3,26.666666666666668,26.666666666666668,0.0,26.666666666666668,0.0,80.16489999999999
2011,5,4,26.11111111111111,26.11111111111111,0.0,26.11111111111111,0.0,77.166143
2011,5,5,26.11111111111111,26.11111111111111,0.0,26.11111111111111,0.0,69.80665
2011,5,6,25.27777777777778,25.27777777777778,0.0,25.27777777777778,0.0,69.887705
2011,5,7,25.55555555555556,25.55555555555556,0.0,25.55555555555556,0.0,67.71184
2011,5,8,25.833333333333336,25.833333333333336,0.0,25.833333333333336,0.0,73.5109525
2011,5,9,26.944444444444446,26.944444444444446,0.0,26.944444444444446,0.0,73.46195
2011,5,10,26.944444444444446,26.944444444444446,0.7619999999999999,26.944444444444446,0.07619999999999999,79.37370000000001
2011,5,11,26.944444444444446,26.944444444444446,0.0,26.944444444444446,0.0,75.86225
2011,5,12,26.38888888888889,26.38888888888889,13.208,26.38888888888889,1.3208,87.21355
2011,5,13,25.833333333333336,25.833333333333336,0.7619999999999999,25.833333333333336,0.07619999999999999,89.63380000000001
2011,5,14,24.722222222222225,24.722222222222225,23.622,24.722222222222225,2.3622,90.88435
2011,5,15,26.777777777777786,26.777777777777786,0.508,26.777777777777786,0.0508,78.578005
2011,5,16,28.333333333333336,28.333333333333336,1.5239999999999998,28.333333333333336,0.15239999999999998,76.72749999999999
2011,5,17,25.27777777777778,25.27777777777778,13.208,25.27777777777778,1.3208,88.26480000000001
2011,5,18,26.11111111111111,26.11111111111111,0.254,26.11111111111111,0.0254,88.6155
2011,5,19,25.833333333333336,25.833333333333336,11.43,25.833333333333336,1.143,92.32085
2011,5,20,23.333333333333336,23.333333333333336,51.815999999999995,23.333333333333336,5.1815999999999995,95.66135
2011,5,21,25.0,25.0,0.0,25.0,0.0,82.56345
2011,5,22,27.222222222222225,27.222222222222225,0.508,27.222222222222225,0.0508,89.7088
2011,5,23,26.38888888888889,26.38888888888889,6.604,26.38888888888889,0.6604,87.21355
2011,5,24,26.666666666666668,26.666666666666668,6.35,26.666666666666668,0.635,89.7088
2011,5,25,26.666666666666668,26.666666666666668,11.937999999999999,26.666666666666668,1.1938,87.16454999999999
2011,5,26,26.944444444444446,26.944444444444446,40.89399999999999,26.944444444444446,4.0893999999999995,88.6155
2011,5,27,28.277777777777786,28.277777777777786,0.254,28.277777777777786,0.0254,85.22497
2011,5,28,27.5,27.5,0.0,27.5,0.0,86.50215
2011,5,29,27.77777777777778,27.77777777777778,1.778,27.77777777777778,0.1778,86.73425
2011,5,30,27.77777777777778,27.77777777777778,0.0,27.77777777777778,0.0,89.77545
2011,5,31,26.694444444444443,26.694444444444443,40.89399999999999,26.694444444444443,4.0893999999999995,87.2542
2011,6,1,26.944444444444446,26.944444444444446,23.368,26.944444444444446,2.3367999999999998,89.74934999999999
2011,6,2,26.944444444444446,26.944444444444446,24.892,26.944444444444446,2.4892,86.15205
2011,6,3,26.944444444444446,26.944444444444446,2.54,26.944444444444446,0.254,89.74934999999999
2011,6,4,26.444444444444443,26.444444444444443,12.446,26.444444444444443,1.2446,91.1598
2011,6,5,26.444444444444443,26.444444444444443,1.016,26.444444444444443,0.1016,92.43515
2011,6,6,26.000000000000007,26.000000000000007,3.302,26.000000000000007,0.3302,86.0561
2011,6,7,27.194444444444446,27.194444444444446,2.7939999999999996,27.194444444444446,0.2794,88.34805
2011,6,8,27.77777777777778,27.77777777777778,2.032,27.77777777777778,0.2032,89.59944999999999
2011,6,9,26.666666666666668,26.666666666666668,22.098,26.666666666666668,2.2098,95.2047
2011,6,10,29.722222222222225,29.722222222222225,0.0,29.722222222222225,0.0,76.9986
2011,6,11,27.222222222222225,27.222222222222225,52.324,27.222222222222225,5.2324,79.58225
2011,6,12,26.666666666666668,26.666666666666668,74.93,26.666666666666668,7.493,87.21355
2011,6,13,28.333333333333336,28.333333333333336,46.482,28.333333333333336,4.6482,83.78975
2011,6,14,28.05555555555556,28.05555555555556,0.0025399999999999997,28.05555555555556,0.000254,87.39099999999999
2011,6,15,27.13888888888889,27.13888888888889,0.0,27.13888888888889,0.0,77.78954999999999
2011,6,16,26.555555555555557,26.555555555555557,50.038,26.555555555555557,5.0038,86.29849999999999
2011,6,17,28.05555555555556,28.05555555555556,0.254,28.05555555555556,0.0254,87.351
2011,6,18,28.61111111111111,28.61111111111111,0.0025399999999999997,28.61111111111111,0.000254,88.37395000000001
2011,6,19,28.333333333333336,28.333333333333336,2.032,28.333333333333336,0.2032,83.74085
2011,6,20,28.05555555555556,28.05555555555556,16.002,28.05555555555556,1.6001999999999998,83.74085
2011,6,21,26.666666666666668,26.666666666666668,0.254,26.666666666666668,0.0254,80.68430000000001
2011,6,22,28.88888888888889,28.88888888888889,0.0,28.88888888888889,0.0,81.43585999999999
2011,6,23,29.194444444444443,29.194444444444443,0.0,29.194444444444443,0.0,73.9456
2011,6,24,28.61111111111111,28.61111111111111,0.0,28.61111111111111,0.0,72.9100215
2011,6,25,28.05555555555556,28.05555555555556,0.254,28.05555555555556,0.0254,78.6903275
2011,6,26,28.55555555555556,28.55555555555556,0.0,28.55555555555556,0.0,76.28835000000001
2011,6,27,25.55555555555556,25.55555555555556,4.571999999999999,25.55555555555556,0.45719999999999994,81.17965
2011,6,28,27.5,27.5,0.0,27.5,0.0,77.5419
2011,6,29,29.444444444444446,29.444444444444446,0.0,29.444444444444446,0.0,73.46455
2011,6,30,29.36111111111111,29.36111111111111,0.0,29.36111111111111,0.0,69.2849
2011,7,1,27.5,27.5,1.27,27.5,0.127,74.88875
2011,7,2,25.833333333333336,25.833333333333336,10.921999999999999,25.833333333333336,1.0921999999999998,85.3346
2011,7,3,26.11111111111111,26.11111111111111,20.827999999999996,26.11111111111111,2.0827999999999998,88.05365
2011,7,4,28.22222222222222,28.22222222222222,0.0,28.22222222222222,0.0,73.3063335
2011,7,5,28.61111111111111,28.61111111111111,0.0,28.61111111111111,0.0,75.09445500000001
2011,7,6,28.05555555555556,28.05555555555556,0.254,28.05555555555556,0.0254,77.57634999999999
2011,7,7,25.27777777777778,25.27777777777778,19.304,25.27777777777778,1.9304,84.20832999999999
2011,7,8,27.5,27.5,0.254,27.5,0.0254,70.9249575
2011,7,9,28.88888888888889,28.88888888888889,0.0,28.88888888888889,0.0,78.38055
2011,7,10,28.36111111111111,28.36111111111111,0.0,28.36111111111111,0.0,76.8091
2011,7,11,28.05555555555556,28.05555555555556,1.778,28.05555555555556,0.1778,76.67375
2011,7,12,26.11111111111111,26.11111111111111,6.35,26.11111111111111,0.635,85.3363
2011,7,13,28.05555555555556,28.05555555555556,7.619999999999999,28.05555555555556,0.7619999999999999,76.63765000000001
2011,7,14,26.944444444444446,26.944444444444446,55.372,26.944444444444446,5.5372,83.17676
2011,7,15,28.05555555555556,28.05555555555556,0.0,28.05555555555556,0.0,77.511505
2011,7,16,28.05555555555556,28.05555555555556,12.7,28.05555555555556,1.27,76.38025
2011,7,17,28.05555555555556,28.05555555555556,0.508,28.05555555555556,0.0508,72.35455
2011,7,18,28.333333333333336,28.333333333333336,17.018,28.333333333333336,1.7018,79.4786525
2011,7,19,28.277777777777786,28.277777777777786,17.018,28.277777777777786,1.7018,83.17676
2011,7,20,29.111111111111114,29.111111111111114,1.27,29.111111111111114,0.127,74.6505
2011,7,21,28.61111111111111,28.61111111111111,4.064,28.61111111111111,0.4064,75.0811525
2011,7,22,28.05555555555556,28.05555555555556,5.842,28.05555555555556,0.5841999999999999,77.72605
2011,7,23,27.77777777777778,27.77777777777778,15.748,27.77777777777778,1.5748,82.5557
2011,7,24,28.61111111111111,28.61111111111111,4.3180000000000005,28.61111111111111,0.4318000000000001,76.19534999999999
2011,7,25,28.61111111111111,28.61111111111111,0.0,28.61111111111111,0.0,71.46795
2011,7,26,28.333333333333336,28.333333333333336,1.016,28.333333333333336,0.1016,72.5403
2011,7,27,27.5,27.5,39.878,27.5,3.9878,80.75335
2011,7,28,27.52777777777778,27.52777777777778,26.416,27.52777777777778,2.6416,83.03520499999999
2011,7,29,27.750000000000004,27.750000000000004,0.508,27.750000000000004,0.0508,79.97316000000001
2011,7,30,28.05555555555556,28.05555555555556,7.874,28.05555555555556,0.7874,77.70895
2011,7,31,28.05555555555556,28.05555555555556,0.0025399999999999997,28.05555555555556,0.000254,75.0337525
2011,8,1,26.11111111111111,26.11111111111111,4.571999999999999,26.11111111111111,0.45719999999999994,75.9056075
2011,8,2,27.5,27.5,22.098,27.5,2.2098,80.09025
2011,8,3,25.55555555555556,25.55555555555556,55.626,25.55555555555556,5.5626,87.16454999999999
2011,8,4,28.333333333333336,28.333333333333336,1.778,28.333333333333336,0.1778,79.62555
2011,8,5,29.61111111111111,29.61111111111111,0.0,29.61111111111111,0.0,75.51925
2011,8,6,29.055555555555557,29.055555555555557,0.254,29.055555555555557,0.0254,75.1281025
2011,8,7,28.61111111111111,28.61111111111111,4.064,28.61111111111111,0.4064,80.49222499999999
2011,8,8,28.55555555555556,28.55555555555556,0.0,28.55555555555556,0.0,77.55088
2011,8,9,28.333333333333336,28.333333333333336,2.7939999999999996,28.333333333333336,0.2794,73.9182
2011,8,10,28.88888888888889,28.88888888888889,4.3180000000000005,28.88888888888889,0.4318000000000001,76.546573
2011,8,11,29.722222222222225,29.722222222222225,0.0,29.722222222222225,0.0,72.32939999999999
2011,8,12,27.5,27.5,6.604,27.5,0.6604,77.1642
2011,8,13,27.222222222222225,27.222222222222225,6.604,27.222222222222225,0.6604,77.79965
2011,8,14,29.166666666666668,29.166666666666668,0.0,29.166666666666668,0.0,66.6156
2011,8,15,28.88888888888889,28.88888888888889,0.0,28.88888888888889,0.0,73.85355
2011,8,16,28.61111111111111,28.61111111111111,12.953999999999999,28.61111111111111,1.2953999999999999,77.85965
2011,8,17,28.333333333333336,28.333333333333336,0.7619999999999999,28.333333333333336,0.07619999999999999,74.2228
2011,8,18,28.55555555555556,28.55555555555556,3.302,28.55555555555556,0.3302,75.94527
2011,8,19,28.333333333333336,28.333333333333336,10.921999999999999,28.333333333333336,1.0921999999999998,78.3611
2011,8,20,28.333333333333336,28.333333333333336,0.0,28.333333333333336,0.0,77.3029
2011,8,21,27.222222222222225,27.222222222222225,31.241999999999997,27.222222222222225,3.1241999999999996,83.0046
2011,8,22,26.100000000000005,26.100000000000005,92.45599999999999,26.100000000000005,9.2456,90.945745
2011,8,23,25.0,25.0,105.41,25.0,10.541,89.63380000000001
2011,8,24,27.25,27.25,29.717999999999996,27.25,2.9717999999999996,83.0068
2011,8,25,28.050000000000008,28.050000000000008,0.0,28.050000000000008,0.0,77.25025000000001
2011,8,26,27.3,27.3,18.034,27.3,1.8034,76.5962
2011,8,27,28.90000000000001,28.90000000000001,0.0,28.90000000000001,0.0,66.45545
2011,8,28,27.5,27.5,1.5239999999999998,27.5,0.15239999999999998,73.98165
2011,8,29,28.35,28.35,0.254,28.35,0.0254,77.68424999999999
2011,8,30,28.35,28.35,1.016,28.35,0.1016,80.334
2011,8,31,28.05555555555556,28.05555555555556,0.0,28.05555555555556,0.0,71.8715
2011,9,1,27.5,27.5,31.75,27.5,3.175,77.6306
2011,9,2,29.200000000000003,29.200000000000003,0.0,29.200000000000003,0.0,66.64245
2011,9,3,28.600000000000005,28.600000000000005,0.0,28.600000000000005,0.0,73.0024
2011,9,4,28.1,28.1,0.0,28.1,0.0,77.13505
2011,9,5,28.5,28.5,0.0,28.5,0.0,73.5228525
2011,9,6,28.60555555555556,28.60555555555556,3.0479999999999996,28.60555555555556,0.30479999999999996,72.59909999999999
2011,9,7,28.600000000000005,28.600000000000005,0.0,28.600000000000005,0.0,75.48214999999999
2011,9,8,28.55555555555556,28.55555555555556,16.509999999999998,28.55555555555556,1.6509999999999998,76.39545000000001
2011,9,9,28.600000000000005,28.600000000000005,0.0,28.600000000000005,0.0,75.13715
2011,9,10,29.15,29.15,0.508,29.15,0.0508,70.9424025
2011,9,11,28.30555555555555,28.30555555555555,1.5239999999999998,28.30555555555555,0.15239999999999998,79.29712
2011,9,12,28.9,28.9,0.0,28.9,0.0,66.3491
2011,9,13,25.550000000000008,25.550000000000008,14.224,25.550000000000008,1.4224,80.68105
2011,9,14,28.90000000000001,28.90000000000001,1.5239999999999998,28.90000000000001,0.15239999999999998,73.7731
2011,9,15,29.16111111111112,29.16111111111112,0.0,29.16111111111112,0.0,76.9264
2011,9,16,27.3,27.3,0.508,27.3,0.0508,78.64265
2011,9,17,26.2,26.2,6.858,26.2,0.6858,78.40535
2011,9,18,24.444444444444446,24.444444444444446,1.27,24.444444444444446,0.127,93.56205
2011,9,19,26.39444444444444,26.39444444444444,4.571999999999999,26.39444444444444,0.45719999999999994,79.91704
2011,9,20,27.950000000000003,27.950000000000003,0.7619999999999999,27.950000000000003,0.07619999999999999,72.900025
2011,9,21,27.85,27.85,5.08,27.85,0.508,79.7893
2011,9,22,29.45,29.45,7.874,29.45,0.7874,77.9373
2011,9,23,28.000000000000004,28.000000000000004,0.0,28.000000000000004,0.0,72.76085
2011,9,24,27.5,27.5,0.508,27.5,0.0508,75.89385
2011,9,25,26.95,26.95,32.512,26.95,3.2512,87.0232
2011,9,26,27.350000000000005,27.350000000000005,0.0,27.350000000000005,0.0,83.56715
2011,9,27,27.7,27.7,0.0,27.7,0.0,82.439
2011,9,28,28.9,28.9,0.0,28.9,0.0,73.7143
2011,9,29,31.099999999999994,31.099999999999994,0.0,31.099999999999994,0.0,75.06700000000001
2011,9,30,28.7,28.7,39.116,28.7,3.9116,82.3905
2011,10,1,29.438888888888894,29.438888888888894,0.0,29.438888888888894,0.0,71.57665
2011,10,2,28.2,28.2,0.0,28.2,0.0,78.42115
2011,10,3,28.35,28.35,0.254,28.35,0.0254,74.5291
2011,10,4,28.35,28.35,6.604,28.35,0.6604,74.5291
2011,10,5,27.5,27.5,10.16,27.5,1.016,77.84450000000001
2011,10,6,28.05,28.05,0.254,28.05,0.0254,71.02575
2011,10,7,28.050000000000008,28.050000000000008,3.556,28.050000000000008,0.3556,72.84718000000001
2011,10,8,27.5,27.5,11.937999999999999,27.5,1.1938,79.273743
2011,10,9,28.000000000000004,28.000000000000004,0.0,28.000000000000004,0.0,75.45895949999999
2011,10,10,26.944444444444446,26.944444444444446,0.0,26.944444444444446,0.0,75.66765000000001
2011,10,11,27.25,27.25,0.0,27.25,0.0,77.65025
2011,10,12,28.050000000000008,28.050000000000008,0.0,28.050000000000008,0.0,77.68835
2011,10,13,28.35,28.35,0.0,28.35,0.0,70.57505
2011,10,14,28.599999999999994,28.599999999999994,0.0,28.599999999999994,0.0,70.878
2011,10,15,27.25,27.25,0.254,27.25,0.0254,77.22475
2011,10,16,27.750000000000004,27.750000000000004,9.143999999999998,27.750000000000004,0.9143999999999999,77.02539999999999
2011,10,17,27.5,27.5,1.016,27.5,0.1016,77.94235
2011,10,18,27.0,27.0,47.498,27.0,4.7498,78.05595
2011,10,19,27.5,27.5,0.0,27.5,0.0,73.32485
2011,10,20,28.000000000000004,28.000000000000004,0.7619999999999999,28.000000000000004,0.07619999999999999,76.7177825
2011,10,21,26.64444444444445,26.64444444444445,3.556,26.64444444444445,0.3556,77.76334
2011,10,22,26.95,26.95,5.842,26.95,0.5841999999999999,75.99955
2011,10,23,27.15,27.15,0.254,27.15,0.0254,74.81965
2011,10,24,27.8,27.8,0.0,27.8,0.0,77.482
2011,10,25,28.10555555555556,28.10555555555556,0.508,28.10555555555556,0.0508,77.0903
2011,10,26,28.1,28.1,1.778,28.1,0.1778,76.98425
2011,10,27,27.45,27.45,0.508,27.45,0.0508,78.0300025
2011,10,28,28.050000000000008,28.050000000000008,4.571999999999999,28.050000000000008,0.45719999999999994,74.97205199999999
2011,10,29,27.15,27.15,13.462,27.15,1.3462,79.7423025
2011,10,30,27.8,27.8,2.7939999999999996,27.8,0.2794,74.83095
2011,10,31,26.500000000000004,26.500000000000004,8.889999999999999,26.500000000000004,0.8889999999999999,81.124502
2011,11,1,26.65,26.65,0.0,26.65,0.0,79.72955
2011,11,2,26.350000000000005,26.350000000000005,0.0,26.350000000000005,0.0,77.22045
2011,11,3,25.28888888888889,25.28888888888889,0.0,25.28888888888889,0.0,81.731855
2011,11,4,27.51111111111111,27.51111111111111,0.0,27.51111111111111,0.0,71.6807
2011,11,5,27.5,27.5,0.0,27.5,0.0,74.35925
2011,11,6,28.1,28.1,0.0,28.1,0.0,73.7503
2011,11,7,27.7,27.7,15.239999999999998,27.7,1.5239999999999998,79.6553
2011,11,8,26.64444444444445,26.64444444444445,1.5239999999999998,26.64444444444445,0.15239999999999998,81.66364999999999
2011,11,9,26.65,26.65,7.874,26.65,0.7874,81.892055
2011,11,10,27.5,27.5,5.587999999999999,27.5,0.5588,78.3051075
2011,11,11,26.944444444444446,26.944444444444446,10.16,26.944444444444446,1.016,83.059155
2011,11,12,26.944444444444446,26.944444444444446,0.0,26.944444444444446,0.0,77.03524999999999
2011,11,13,27.194444444444446,27.194444444444446,3.302,27.194444444444446,0.3302,75.95975
2011,11,14,26.9,26.9,3.302,26.9,0.3302,79.22794999999999
2011,11,15,27.8,27.8,0.508,27.8,0.0508,74.9493
2011,11,16,27.200000000000006,27.200000000000006,4.3180000000000005,27.200000000000006,0.4318000000000001,75.43475000000001
2011,11,17,26.95,26.95,3.0479999999999996,26.95,0.30479999999999996,77.672
2011,11,18,26.350000000000005,26.350000000000005,6.095999999999999,26.350000000000005,0.6095999999999999,76.3636
2011,11,19,27.25,27.25,0.254,27.25,0.0254,70.00565
2011,11,20,27.5,27.5,3.302,27.5,0.3302,74.93615
2011,11,21,27.200000000000006,27.200000000000006,2.2859999999999996,27.200000000000006,0.22859999999999997,73.38897
2011,11,22,27.3,27.3,6.095999999999999,27.3,0.6095999999999999,75.263495
2011,11,23,26.89444444444444,26.89444444444444,0.254,26.89444444444444,0.0254,73.392185
2011,11,24,26.64444444444445,26.64444444444445,0.0,26.64444444444445,0.0,77.81519
2011,11,25,26.39444444444444,26.39444444444444,0.254,26.39444444444444,0.0254,78.77289
2011,11,26,25.65,25.65,0.7619999999999999,25.65,0.07619999999999999,81.99886
2011,11,27,25.23888888888889,25.23888888888889,39.878,25.23888888888889,3.9878,83.03070500000001
2011,11,28,25.25,25.25,2.7939999999999996,25.25,0.2794,82.84356
2011,11,29,26.65,26.65,1.27,26.65,0.127,77.51905
2011,11,30,26.39444444444444,26.39444444444444,0.0,26.39444444444444,0.0,73.621688
2011,12,1,26.444444444444443,26.444444444444443,7.112,26.444444444444443,0.7112,75.30895799999999
2011,12,2,26.39444444444444,26.39444444444444,0.0,26.39444444444444,0.0,77.3628025
2011,12,3,25.78888888888889,25.78888888888889,0.0,25.78888888888889,0.0,71.030653
2011,12,4,25.0,25.0,0.254,25.0,0.0254,68.9086
2011,12,5,25.300000000000004,25.300000000000004,81.78799999999998,25.300000000000004,8.178799999999999,81.62695500000001
2011,12,6,25.538888888888888,25.538888888888888,0.0,25.538888888888888,0.0,80.76901
2011,12,7,26.45,26.45,3.8099999999999996,26.45,0.38099999999999995,77.30870250000001
2011,12,8,26.45,26.45,3.8099999999999996,26.45,0.38099999999999995,80.35775000000001
2011,12,9,26.15,26.15,1.27,26.15,0.127,86.0561
2011,12,10,25.100000000000005,25.100000000000005,3.0479999999999996,25.100000000000005,0.30479999999999996,84.66035
2011,12,11,25.550000000000008,25.550000000000008,6.095999999999999,25.550000000000008,0.6095999999999999,81.81815
2011,12,12,25.538888888888888,25.538888888888888,0.254,25.538888888888888,0.0254,76.426638
2011,12,13,25.0,25.0,0.0,25.0,0.0,77.1668
2011,12,14,26.38888888888889,26.38888888888889,1.778,26.38888888888889,0.1778,76.06729999999999
2011,12,15,25.638888888888893,25.638888888888893,0.254,25.638888888888893,0.0254,76.23740000000001
2011,12,16,25.55,25.55,0.254,25.55,0.0254,65.86285000000001
2011,12,17,25.111111111111114,25.111111111111114,0.254,25.111111111111114,0.0254,65.0313
2011,12,18,25.294444444444448,25.294444444444448,0.0,25.294444444444448,0.0,65.521023
2011,12,19,26.350000000000005,26.350000000000005,0.0,26.350000000000005,0.0,55.72507
2011,12,20,24.438888888888894,24.438888888888894,0.254,24.438888888888894,0.0254,77.0399
2011,12,21,25.838888888888885,25.838888888888885,1.016,25.838888888888885,0.1016,69.401
2011,12,22,25.550000000000008,25.550000000000008,0.254,25.550000000000008,0.0254,72.741005
2011,12,23,24.9,24.9,1.016,24.9,0.1016,73.281245
2011,12,24,25.78888888888889,25.78888888888889,0.254,25.78888888888889,0.0254,71.9779
2011,12,25,25.85,25.85,0.0,25.85,0.0,72.928905
2011,12,26,25.0,25.0,0.254,25.0,0.0254,73.5458
2011,12,27,26.083333333333336,26.083333333333336,0.508,26.083333333333336,0.0508,69.964145
2011,12,28,25.01111111111112,25.01111111111112,3.0479999999999996,25.01111111111112,0.30479999999999996,83.4791
2011,12,29,26.099999999999994,26.099999999999994,0.0,26.099999999999994,0.0,73.78739999999999
2011,12,30,26.350000000000005,26.350000000000005,1.016,26.350000000000005,0.1016,73.8551
2011,12,31,25.9,25.9,0.508,25.9,0.0508,77.385595
2012,1,1,25.550000000000008,25.550000000000008,3.302,25.550000000000008,0.3302,77.41806
2012,1,2,24.750000000000007,24.750000000000007,9.398,24.750000000000007,0.9398,79.88985
2012,1,3,24.700000000000006,24.700000000000006,0.0,24.700000000000006,0.0,80.32804999999999
2012,1,4,25.300000000000004,25.300000000000004,0.0,25.300000000000004,0.0,75.46435
2012,1,5,25.300000000000004,25.300000000000004,1.016,25.300000000000004,0.1016,78.53315
2012,1,6,25.300000000000004,25.300000000000004,2.7939999999999996,25.300000000000004,0.2794,81.71045000000001
2012,1,7,25.300000000000004,25.300000000000004,0.254,25.300000000000004,0.0254,82.08305
2012,1,8,25.85,25.85,0.254,25.85,0.0254,72.3828
2012,1,9,25.25,25.25,0.254,25.25,0.0254,76.12559999999999
2012,1,10,25.25,25.25,0.0,25.25,0.0,74.0716
2012,1,11,25.0,25.0,0.508,25.0,0.0508,74.5324
2012,1,12,25.0,25.0,0.0,25.0,0.0,68.038
2012,1,13,25.85,25.85,0.508,25.85,0.0508,74.13935000000001
2012,1,14,25.550000000000008,25.550000000000008,1.5239999999999998,25.550000000000008,0.15239999999999998,73.00919999999999
2012,1,15,25.550000000000008,25.550000000000008,1.778,25.550000000000008,0.1778,73.87535
2012,1,16,25.550000000000008,25.550000000000008,2.7939999999999996,25.550000000000008,0.2794,74.1975
2012,1,17,24.200000000000003,24.200000000000003,0.254,24.200000000000003,0.0254,77.05595
2012,1,18,24.45,24.45,10.921999999999999,24.45,1.0921999999999998,76.61439999999999
2012,1,19,24.700000000000006,24.700000000000006,11.684,24.700000000000006,1.1683999999999999,72.5037
2012,1,20,25.0,25.0,0.254,25.0,0.0254,71.23955000000001
2012,1,21,24.750000000000007,24.750000000000007,0.0,24.750000000000007,0.0,74.336195
2012,1,22,25.0,25.0,0.0,25.0,0.0,70.30495
2012,1,23,25.55,25.55,0.254,25.55,0.0254,66.46405
2012,1,24,25.0,25.0,0.0,25.0,0.0,66.5019
2012,1,25,25.300000000000004,25.300000000000004,0.0,25.300000000000004,0.0,67.55160000000001
2012,1,26,24.45,24.45,2.032,24.45,0.2032,73.25675
2012,1,27,24.45,24.45,3.0479999999999996,24.45,0.30479999999999996,73.25675
2012,1,28,24.45,24.45,1.778,24.45,0.1778,74.72015
2012,1,29,25.0,25.0,5.08,25.0,0.508,75.9431
2012,1,30,24.45,24.45,0.254,24.45,0.0254,81.35759999999999
2012,1,31,25.300000000000004,25.300000000000004,3.0479999999999996,25.300000000000004,0.30479999999999996,74.9706
2012,2,1,24.750000000000007,24.750000000000007,2.54,24.750000000000007,0.254,78.2812
2012,2,2,24.750000000000007,24.750000000000007,6.095999999999999,24.750000000000007,0.6095999999999999,78.30760000000001
2012,2,3,25.300000000000004,25.300000000000004,1.27,25.300000000000004,0.127,72.90195
2012,2,4,24.45,24.45,1.27,24.45,0.127,79.99695
2012,2,5,25.0,25.0,2.032,25.0,0.2032,78.35875
2012,2,6,24.450000000000003,24.450000000000003,5.334,24.450000000000003,0.5334,75.01910000000001
2012,2,7,24.7,24.7,2.7939999999999996,24.7,0.2794,76.52855
2012,2,8,25.300000000000004,25.300000000000004,9.398,25.300000000000004,0.9398,77.813
2012,2,9,25.550000000000008,25.550000000000008,0.254,25.550000000000008,0.0254,77.8653
2012,2,10,25.300000000000004,25.300000000000004,0.0,25.300000000000004,0.0,73.82685000000001
2012,2,11,26.65555555555555,26.65555555555555,0.0,26.65555555555555,0.0,63.6471
2012,2,12,26.305555555555557,26.305555555555557,0.0,26.305555555555557,0.0,69.0662405
2012,2,13,24.75,24.75,0.0,24.75,0.0,73.88988499999999
2012,2,14,24.36111111111111,24.36111111111111,3.302,24.36111111111111,0.3302,79.69277500000001
2012,2,15,25.27777777777778,25.27777777777778,3.302,25.27777777777778,0.3302,77.0628205
2012,2,16,24.88888888888889,24.88888888888889,1.27,24.88888888888889,0.127,77.820655
2012,2,17,25.388888888888893,25.388888888888893,0.254,25.388888888888893,0.0254,72.3966975
2012,2,18,24.61111111111111,24.61111111111111,0.0,24.61111111111111,0.0,70.583298
2012,2,19,24.65,24.65,0.0,24.65,0.0,73.1752455
2012,2,20,24.438888888888894,24.438888888888894,0.0,24.438888888888894,0.0,65.918105
2012,2,21,24.98888888888889,24.98888888888889,0.254,24.98888888888889,0.0254,72.982997
2012,2,22,26.083333333333336,26.083333333333336,0.0,26.083333333333336,0.0,66.8297125
2012,2,23,26.944444444444446,26.944444444444446,1.5239999999999998,26.944444444444446,0.15239999999999998,73.452187
2012,2,24,26.088888888888896,26.088888888888896,1.27,26.088888888888896,0.127,73.4117015
2012,2,25,26.083333333333336,26.083333333333336,0.0,26.083333333333336,0.0,70.819754
2012,2,26,26.000000000000007,26.000000000000007,2.54,26.000000000000007,0.254,75.0460775
2012,2,27,26.694444444444454,26.694444444444454,0.254,26.694444444444454,0.0254,68.9375725
2012,2,28,25.88888888888889,25.88888888888889,0.254,25.88888888888889,0.0254,73.2938975
2012,2,29,25.500000000000004,25.500000000000004,0.254,25.500000000000004,0.0254,71.6532
2012,3,1,25.0,25.0,4.826,25.0,0.4826,78.36495
2012,3,2,25.3,25.3,0.254,25.3,0.0254,73.38974999999999
2012,3,3,26.350000000000005,26.350000000000005,2.7939999999999996,26.350000000000005,0.2794,74.93185
2012,3,4,26.95,26.95,0.7619999999999999,26.95,0.07619999999999999,67.00305
2012,3,5,26.65,26.65,0.254,26.65,0.0254,67.2329
2012,3,6,25.85,25.85,3.8099999999999996,25.85,0.38099999999999995,66.78155
2012,3,7,25.15,25.15,10.16,25.15,1.016,74.3413
2012,3,8,25.25,25.25,2.032,25.25,0.2032,71.79835
2012,3,9,25.85,25.85,0.0,25.85,0.0,68.693
2012,3,10,25.550000000000008,25.550000000000008,0.0,25.550000000000008,0.0,72.23525000000001
2012,3,11,25.85,25.85,0.0,25.85,0.0,74.0716
2012,3,12,25.550000000000008,25.550000000000008,0.0,25.550000000000008,0.0,71.33735
2012,3,13,25.550000000000008,25.550000000000008,0.0,25.550000000000008,0.0,66.63865
2012,3,14,25.8,25.8,0.254,25.8,0.0254,70.97925000000001
2012,3,15,25.54444444444444,25.54444444444444,0.254,25.54444444444444,0.0254,68.1316675
2012,3,16,26.700000000000003,26.700000000000003,0.0,26.700000000000003,0.0,62.35155
2012,3,17,26.100000000000005,26.100000000000005,0.0,26.100000000000005,0.0,64.15700000000001
2012,3,18,25.838888888888885,25.838888888888885,0.0,25.838888888888885,0.0,69.11055
2012,3,19,25.85,25.85,0.0,25.85,0.0,67.8844
2012,3,20,26.350000000000005,26.350000000000005,0.0,26.350000000000005,0.0,66.74844999999999
2012,3,21,25.85,25.85,4.826,25.85,0.4826,73.3245
2012,3,22,25.300000000000004,25.300000000000004,11.43,25.300000000000004,1.143,77.2153
2012,3,23,24.7,24.7,23.875999999999998,24.7,2.3876,77.71324999999999
2012,3,24,25.550000000000008,25.550000000000008,11.684,25.550000000000008,1.1683999999999999,75.48755
2012,3,25,25.300000000000004,25.300000000000004,78.48599999999999,25.300000000000004,7.848599999999999,81.76724999999999
2012,3,26,26.100000000000005,26.100000000000005,0.254,26.100000000000005,0.0254,72.2165
2012,3,27,26.65,26.65,0.0,26.65,0.0,71.32894999999999
2012,3,28,26.4,26.4,3.302,26.4,0.3302,76.79535000000001
2012,3,29,24.450000000000003,24.450000000000003,66.548,24.450000000000003,6.6548,83.94040000000001
2012,3,30,25.0,25.0,3.302,25.0,0.3302,81.05930000000001
2012,3,31,26.350000000000005,26.350000000000005,1.27,26.350000000000005,0.127,74.26595
2012,4,1,26.65,26.65,0.0,26.65,0.0,66.2436
2012,4,2,27.5,27.5,0.0,27.5,0.0,64.8611
2012,4,3,26.9,26.9,0.0,26.9,0.0,69.45175
2012,4,4,26.4,26.4,0.0,26.4,0.0,72.31139999999999
2012,4,5,27.200000000000006,27.200000000000006,0.0,27.200000000000006,0.0,69.48644999999999
2012,4,6,27.8,27.8,0.0,27.8,0.0,63.9374
2012,4,7,26.350000000000005,26.350000000000005,3.8099999999999996,26.350000000000005,0.38099999999999995,72.1911
2012,4,8,26.4,26.4,0.0,26.4,0.0,73.845
2012,4,9,25.25,25.25,8.636000000000001,25.25,0.8636000000000001,78.9948
2012,4,10,25.85,25.85,43.17999999999999,25.85,4.318,77.8493
2012,4,11,26.950000000000003,26.950000000000003,0.0,26.950000000000003,0.0,68.6217
2012,4,12,28.35,28.35,8.636000000000001,28.35,0.8636000000000001,65.9241
2012,4,13,26.95,26.95,13.97,26.95,1.397,71.3695
2012,4,14,25.3,25.3,17.272000000000002,25.3,1.7272000000000003,79.5581
2012,4,15,25.55,25.55,0.508,25.55,0.0508,62.0361
2012,4,16,25.85,25.85,0.0,25.85,0.0,55.78245
2012,4,17,25.8,25.8,0.0,25.8,0.0,60.18915
2012,4,18,24.711111111111105,24.711111111111105,0.0,24.711111111111105,0.0,62.81695500000001
2012,4,19,24.45,24.45,0.0,24.45,0.0,63.12785
2012,4,20,25.550000000000008,25.550000000000008,0.0,25.550000000000008,0.0,67.35275
2012,4,21,26.65,26.65,0.0,26.65,0.0,75.86225
2012,4,22,27.550000000000004,27.550000000000004,17.525999999999996,27.550000000000004,1.7525999999999997,75.76425
2012,4,23,28.9,28.9,0.0,28.9,0.0,68.2431
2012,4,24,29.450000000000003,29.450000000000003,0.0,29.450000000000003,0.0,64.71405
2012,4,25,28.050000000000008,28.050000000000008,8.889999999999999,28.050000000000008,0.8889999999999999,73.76555
2012,4,26,27.8,27.8,0.0,27.8,0.0,71.75555
2012,4,27,27.8,27.8,2.032,27.8,0.2032,75.26845
2012,4,28,27.200000000000006,27.200000000000006,0.254,27.200000000000006,0.0254,68.4463
2012,4,29,26.95,26.95,2.2859999999999996,26.95,0.22859999999999997,73.07945000000001
2012,4,30,26.4,26.4,7.112,26.4,0.7112,78.1024
2012,5,1,26.65,26.65,0.0,26.65,0.0,72.6075
2012,5,2,26.15,26.15,22.86,26.15,2.286,88.26480000000001
2012,5,3,26.65,26.65,6.35,26.65,0.635,84.82055
2012,5,4,25.950000000000006,25.950000000000006,18.287999999999997,25.950000000000006,1.8287999999999998,85.89099999999999
2012,5,5,26.099999999999994,26.099999999999994,23.622,26.099999999999994,2.3622,85.89099999999999
2012,5,6,26.65,26.65,0.254,26.65,0.0254,79.8844
2012,5,7,26.099999999999994,26.099999999999994,0.0,26.099999999999994,0.0,80.2479
2012,5,8,26.9,26.9,1.5239999999999998,26.9,0.15239999999999998,81.3648
2012,5,9,27.5,27.5,0.0,27.5,0.0,81.73325
2012,5,10,27.5,27.5,0.254,27.5,0.0254,75.72635
2012,5,11,28.1,28.1,16.002,28.1,1.6001999999999998,83.58070000000001
2012,5,12,28.35,28.35,0.0,28.35,0.0,73.36215
2012,5,13,28.1,28.1,0.0,28.1,0.0,78.88655
2012,5,14,27.5,27.5,0.0,27.5,0.0,77.82390000000001
2012,5,15,27.5,27.5,0.254,27.5,0.0254,75.70575
2012,5,16,27.200000000000006,27.200000000000006,2.032,27.200000000000006,0.2032,83.82730000000001
2012,5,17,26.95,26.95,6.604,26.95,0.6604,85.89099999999999
2012,5,18,26.65,26.65,9.143999999999998,26.65,0.9143999999999999,88.53399999999999
2012,5,19,28.050000000000008,28.050000000000008,0.0,28.050000000000008,0.0,73.36215
2012,5,20,27.8,27.8,1.5239999999999998,27.8,0.15239999999999998,76.7384
2012,5,21,27.8,27.8,7.366,27.8,0.7365999999999999,73.74665
2012,5,22,27.25,27.25,6.35,27.25,0.635,83.74085
2012,5,23,28.35,28.35,0.0,28.35,0.0,74.53935
2012,5,24,27.8,27.8,0.0,27.8,0.0,71.3223
2012,5,25,27.5,27.5,0.0,27.5,0.0,73.25545
2012,5,26,26.95,26.95,0.0,26.95,0.0,68.68719999999999
2012,5,27,26.9,26.9,0.0,26.9,0.0,78.99455
2012,5,28,27.200000000000006,27.200000000000006,0.0,27.200000000000006,0.0,76.4513
2012,5,29,27.750000000000004,27.750000000000004,0.0,27.750000000000004,0.0,75.3452
2012,5,30,28.65,28.65,0.0,28.65,0.0,72.03045
2012,5,31,28.90000000000001,28.90000000000001,3.556,28.90000000000001,0.3556,74.7666
2012,6,1,29.700000000000006,29.700000000000006,0.0,29.700000000000006,0.0,70.51740000000001
2012,6,2,29.45,29.45,0.0,29.45,0.0,63.56875
2012,6,3,28.9,28.9,0.0,28.9,0.0,65.6765
2012,6,4,28.9,28.9,0.0,28.9,0.0,66.56445000000001
2012,6,5,29.45,29.45,0.0,29.45,0.0,62.07254999999999
2012,6,6,29.450000000000003,29.450000000000003,0.0,29.450000000000003,0.0,72.04785
2012,6,7,30.25,30.25,0.0,30.25,0.0,70.98345
2012,6,8,30.0,30.0,0.0,30.0,0.0,70.4746
2012,6,9,29.15,29.15,0.0,29.15,0.0,67.4819
2012,6,10,29.15,29.15,0.0,29.15,0.0,70.9096
2012,6,11,29.45,29.45,0.0,29.45,0.0,66.538
2012,6,12,30.550000000000008,30.550000000000008,0.0,30.550000000000008,0.0,68.09955000000001
2012,6,13,30.3,30.3,0.0,30.3,0.0,61.40445
2012,6,14,29.750000000000007,29.750000000000007,0.0,29.750000000000007,0.0,69.30095
2012,6,15,30.3,30.3,0.0,30.3,0.0,60.658550000000005
2012,6,16,29.450000000000003,29.450000000000003,0.254,29.450000000000003,0.0254,73.22025
2012,6,17,29.750000000000007,29.750000000000007,0.254,29.750000000000007,0.0254,70.4746
2012,6,18,29.45,29.45,0.0,29.45,0.0,69.04835
2012,6,19,29.300000000000008,29.300000000000008,0.254,29.300000000000008,0.0254,68.67665
2012,6,20,30.100000000000005,30.100000000000005,0.0,30.100000000000005,0.0,67.4929
2012,6,21,30.85,30.85,0.0,30.85,0.0,64.64465
2012,6,22,30.550000000000008,30.550000000000008,0.0,30.550000000000008,0.0,60.34394999999999
2012,6,23,30.0,30.0,0.0,30.0,0.0,63.008
2012,6,24,30.0,30.0,0.0,30.0,0.0,61.5679
2012,6,25,29.700000000000006,29.700000000000006,2.7939999999999996,29.700000000000006,0.2794,62.80935
2012,6,26,29.200000000000003,29.200000000000003,0.254,29.200000000000003,0.0254,68.345
2012,6,27,30.3,30.3,0.0,30.3,0.0,68.57165
2012,6,28,29.450000000000003,29.450000000000003,0.0,29.450000000000003,0.0,66.20885
2012,6,29,29.15,29.15,0.254,29.15,0.0254,68.85965
2012,6,30,29.45,29.45,0.0,29.45,0.0,66.14255
2012,7,1,29.750000000000007,29.750000000000007,0.0,29.750000000000007,0.0,67.46119999999999
2012,7,2,28.65,28.65,10.413999999999998,28.65,1.0413999999999999,76.06295
2012,7,3,29.45,29.45,0.0,29.45,0.0,72.0291
2012,7,4,27.9,27.9,1.5239999999999998,27.9,0.15239999999999998,75.70235
2012,7,5,25.65,25.65,32.512,25.65,3.2512,89.48145
2012,7,6,28.599999999999994,28.599999999999994,0.0,28.599999999999994,0.0,72.38419999999999
2012,7,7,29.35,29.35,0.0,29.35,0.0,70.32305
2012,7,8,28.600000000000005,28.600000000000005,3.0479999999999996,28.600000000000005,0.30479999999999996,72.9708
2012,7,9,28.55,28.55,14.732,28.55,1.4731999999999998,71.58705
2012,7,10,29.15,29.15,0.0,29.15,0.0,68.8175
2012,7,11,29.15,29.15,0.0,29.15,0.0,70.35634999999999
2012,7,12,28.35,28.35,2.032,28.35,0.2032,70.55265
2012,7,13,28.35,28.35,4.3180000000000005,28.35,0.4318000000000001,72.37335
2012,7,14,28.9,28.9,0.254,28.9,0.0254,68.33565
2012,7,15,28.65,28.65,6.604,28.65,0.6604,77.5341
2012,7,16,29.45,29.45,0.0,29.45,0.0,72.9097
2012,7,17,28.65,28.65,0.254,28.65,0.0254,71.20495
2012,7,18,28.050000000000008,28.050000000000008,6.35,28.050000000000008,0.635,75.01599999999999
2012,7,19,28.661111111111115,28.661111111111115,7.874,28.661111111111115,0.7874,80.960625
2012,7,20,28.000000000000004,28.000000000000004,28.955999999999996,28.000000000000004,2.8955999999999995,79.31301500000001
2012,7,21,29.188888888888886,29.188888888888886,1.27,29.188888888888886,0.127,76.6197985
2012,7,22,29.211111111111112,29.211111111111112,2.032,29.211111111111112,0.2032,75.6858275
2012,7,23,28.90555555555556,28.90555555555556,0.508,28.90555555555556,0.0508,70.207738
2012,7,24,29.211111111111112,29.211111111111112,0.0,29.211111111111112,0.0,73.0644875
2012,7,25,29.55555555555556,29.55555555555556,0.0,29.55555555555556,0.0,68.3766
2012,7,26,28.55555555555556,28.55555555555556,0.0,28.55555555555556,0.0,69.9312615
2012,7,27,29.211111111111112,29.211111111111112,0.254,29.211111111111112,0.0254,67.02503
2012,7,28,28.05555555555556,28.05555555555556,4.064,28.05555555555556,0.4064,81.32096
2012,7,29,29.211111111111112,29.211111111111112,0.0,29.211111111111112,0.0,73.89276000000001
2012,7,30,29.166666666666668,29.166666666666668,3.302,29.166666666666668,0.3302,74.952973
2012,7,31,26.444444444444443,26.444444444444443,39.878,26.444444444444443,3.9878,83.7387
2012,8,1,29.15,29.15,1.27,29.15,0.127,72.6697
2012,8,2,28.600000000000005,28.600000000000005,0.0,28.600000000000005,0.0,70.61019999999999
2012,8,3,28.35,28.35,0.508,28.35,0.0508,75.1868
2012,8,4,28.050000000000008,28.050000000000008,8.382,28.050000000000008,0.8382,77.8273
2012,8,5,29.45,29.45,0.254,29.45,0.0254,72.1755
2012,8,6,28.65,28.65,0.0,28.65,0.0,71.1706
2012,8,7,28.1,28.1,13.97,28.1,1.397,77.58840000000001
2012,8,8,28.3,28.3,3.556,28.3,0.3556,78.11495
2012,8,9,30.0,30.0,0.0,30.0,0.0,68.6507
2012,8,10,29.15,29.15,0.0,29.15,0.0,73.18125
2012,8,11,29.200000000000003,29.200000000000003,0.254,29.200000000000003,0.0254,70.281
2012,8,12,27.75,27.75,11.684,27.75,1.1683999999999999,72.75104999999999
2012,8,13,27.05,27.05,10.16,27.05,1.016,80.83985
2012,8,14,28.90000000000001,28.90000000000001,0.508,28.90000000000001,0.0508,71.80834999999999
2012,8,15,28.35,28.35,16.002,28.35,1.6001999999999998,77.16422
2012,8,16,28.90000000000001,28.90000000000001,1.5239999999999998,28.90000000000001,0.15239999999999998,75.4187
2012,8,17,28.65,28.65,8.889999999999999,28.65,0.8889999999999999,79.1828
2012,8,18,30.0,30.0,0.0,30.0,0.0,69.436
2012,8,19,29.7,29.7,0.0,29.7,0.0,70.9358
2012,8,20,29.15,29.15,0.0,29.15,0.0,69.13325
2012,8,21,28.35,28.35,16.002,28.35,1.6001999999999998,75.99885
2012,8,22,28.850000000000005,28.850000000000005,22.605999999999998,28.850000000000005,2.2605999999999997,75.51925
2012,8,23,27.5,27.5,3.302,27.5,0.3302,77.3013
2012,8,24,26.45,26.45,17.779999999999998,26.45,1.7779999999999998,79.63495
2012,8,25,27.550000000000004,27.550000000000004,15.239999999999998,27.550000000000004,1.5239999999999998,73.057
2012,8,26,28.35,28.35,0.0,28.35,0.0,69.9456
2012,8,27,27.5,27.5,5.08,27.5,0.508,72.99845
2012,8,28,28.65,28.65,0.0,28.65,0.0,67.84585
2012,8,29,28.600000000000005,28.600000000000005,2.032,28.600000000000005,0.2032,71.46795
2012,8,30,28.35,28.35,0.0,28.35,0.0,70.61019999999999
2012,8,31,28.600000000000005,28.600000000000005,0.7619999999999999,28.600000000000005,0.07619999999999999,68.2922
2012,9,1,28.600000000000005,28.600000000000005,0.508,28.600000000000005,0.0508,70.61019999999999
2012,9,2,28.90000000000001,28.90000000000001,0.254,28.90000000000001,0.0254,72.388
2012,9,3,28.65,28.65,0.0,28.65,0.0,64.0219
2012,9,4,29.45,29.45,0.508,29.45,0.0508,61.43975
2012,9,5,29.45,29.45,0.508,29.45,0.0508,66.55335
2012,9,6,29.45,29.45,0.0,29.45,0.0,67.389
2012,9,7,29.15,29.15,0.254,29.15,0.0254,64.7921
2012,9,8,29.45,29.45,0.254,29.45,0.0254,69.4056
2012,9,9,29.450000000000003,29.450000000000003,0.508,29.450000000000003,0.0508,66.2855
2012,9,10,29.450000000000003,29.450000000000003,0.0,29.450000000000003,0.0,64.71405
2012,9,11,29.15,29.15,0.0,29.15,0.0,66.6287
2012,9,12,29.45,29.45,0.0,29.45,0.0,66.5877
2012,9,13,29.750000000000007,29.750000000000007,4.571999999999999,29.750000000000007,0.45719999999999994,74.06445
2012,9,14,29.15,29.15,1.016,29.15,0.1016,74.6505
2012,9,15,29.700000000000006,29.700000000000006,0.0,29.700000000000006,0.0,73.62809999999999
2012,9,16,29.450000000000003,29.450000000000003,0.0,29.450000000000003,0.0,70.71105
2012,9,17,30.0,30.0,0.0,30.0,0.0,70.2426
2012,9,18,29.45,29.45,0.508,29.45,0.0508,76.51304999999999
2012,9,19,29.450000000000003,29.450000000000003,1.27,29.450000000000003,0.127,73.90265
2012,9,20,29.7,29.7,0.0,29.7,0.0,71.1692
2012,9,21,29.45,29.45,0.0,29.45,0.0,73.31935
2012,9,22,29.700000000000006,29.700000000000006,1.27,29.700000000000006,0.127,72.5403
2012,9,23,29.700000000000006,29.700000000000006,2.2859999999999996,29.700000000000006,0.22859999999999997,71.7093
2012,9,24,29.750000000000007,29.750000000000007,0.0,29.750000000000007,0.0,70.18260000000001
2012,9,25,27.750000000000004,27.750000000000004,9.143999999999998,27.750000000000004,0.9143999999999999,77.94235
2012,9,26,28.35,28.35,10.16,28.35,1.016,76.792
2012,9,27,28.35,28.35,2.54,28.35,0.254,73.7731
2012,9,28,28.65,28.65,8.889999999999999,28.65,0.8889999999999999,72.8835
2012,9,29,29.700000000000006,29.700000000000006,0.0,29.700000000000006,0.0,71.6371
2012,9,30,28.90000000000001,28.90000000000001,11.937999999999999,28.90000000000001,1.1938,70.9358
2012,10,1,29.750000000000007,29.750000000000007,0.0,29.750000000000007,0.0,73.0626
2012,10,2,28.9,28.9,4.064,28.9,0.4064,72.9739
2012,10,3,28.90000000000001,28.90000000000001,3.8099999999999996,28.90000000000001,0.38099999999999995,72.4363
2012,10,4,28.600000000000005,28.600000000000005,1.016,28.600000000000005,0.1016,74.5291
2012,10,5,28.35,28.35,0.508,28.35,0.0508,72.72925000000001
2012,10,6,28.1,28.1,0.0,28.1,0.0,69.59025
2012,10,7,29.15,29.15,0.0,29.15,0.0,70.74745
2012,10,8,28.90000000000001,28.90000000000001,2.032,28.90000000000001,0.2032,76.4383
2012,10,9,28.050000000000008,28.050000000000008,0.0,28.050000000000008,0.0,79.60035
2012,10,10,28.600000000000005,28.600000000000005,0.254,28.600000000000005,0.0254,75.11449999999999
2012,10,11,27.85,27.85,15.748,27.85,1.5748,76.89355
2012,10,12,28.050000000000008,28.050000000000008,6.858,28.050000000000008,0.6858,77.95735
2012,10,13,28.65,28.65,2.2859999999999996,28.65,0.22859999999999997,81.19235
2012,10,14,28.35,28.35,6.35,28.35,0.635,81.4788
2012,10,15,30.0,30.0,0.254,30.0,0.0254,70.8931
2012,10,16,29.166666666666668,29.166666666666668,20.827999999999996,29.166666666666668,2.0827999999999998,68.8641
2012,10,17,29.722222222222225,29.722222222222225,12.953999999999999,29.722222222222225,1.2953999999999999,74.1899
2012,10,18,28.88888888888889,28.88888888888889,6.095999999999999,28.88888888888889,0.6095999999999999,77.82220000000001
2012,10,19,27.77777777777778,27.77777777777778,9.398,27.77777777777778,0.9398,78.3814
2012,10,20,28.333333333333336,28.333333333333336,0.0025399999999999997,28.333333333333336,0.000254,70.61019999999999
2012,10,21,28.05555555555556,28.05555555555556,0.0,28.05555555555556,0.0,74.83095
2012,10,22,28.333333333333336,28.333333333333336,0.508,28.333333333333336,0.0508,73.45125
2012,10,23,28.61111111111111,28.61111111111111,0.0,28.61111111111111,0.0,69.48615
2012,10,24,28.88888888888889,28.88888888888889,0.0,28.88888888888889,0.0,65.93145
2012,10,25,28.88888888888889,28.88888888888889,8.382,28.88888888888889,0.8382,72.1586
2012,10,26,28.333333333333336,28.333333333333336,10.921999999999999,28.333333333333336,1.0921999999999998,79.4904
2012,10,27,30.55555555555556,30.55555555555556,0.0,30.55555555555556,0.0,66.8425
2012,10,28,30.55555555555556,30.55555555555556,0.0,30.55555555555556,0.0,69.0877
2012,10,29,29.722222222222225,29.722222222222225,0.0025399999999999997,29.722222222222225,0.000254,71.447
2012,10,30,29.722222222222225,29.722222222222225,0.0,29.722222222222225,0.0,70.71105
2012,10,31,28.88888888888889,28.88888888888889,0.0,28.88888888888889,0.0,73.9456
2012,11,1,28.61111111111111,28.61111111111111,0.0025399999999999997,28.61111111111111,0.000254,76.38925
2012,11,2,28.333333333333336,28.333333333333336,0.0025399999999999997,28.333333333333336,0.000254,75.1332
2012,11,3,28.61111111111111,28.61111111111111,0.508,28.61111111111111,0.0508,73.9456
2012,11,4,28.05555555555556,28.05555555555556,0.0025399999999999997,28.05555555555556,0.000254,69.04875
2012,11,5,28.333333333333336,28.333333333333336,1.016,28.333333333333336,0.1016,75.35405
2012,11,6,28.61111111111111,28.61111111111111,0.254,28.61111111111111,0.0254,72.25835000000001
2012,11,7,28.61111111111111,28.61111111111111,0.0,28.61111111111111,0.0,69.8559
2012,11,8,28.88888888888889,28.88888888888889,0.0,28.88888888888889,0.0,73.1443
2012,11,9,28.333333333333336,28.333333333333336,0.0,28.333333333333336,0.0,74.80449999999999
2012,11,10,28.333333333333336,28.333333333333336,0.0025399999999999997,28.333333333333336,0.000254,73.892
2012,11,11,28.05555555555556,28.05555555555556,1.778,28.05555555555556,0.1778,73.63595000000001
2012,11,12,28.61111111111111,28.61111111111111,1.016,28.61111111111111,0.1016,75.62435
2012,11,13,27.5,27.5,2.7939999999999996,27.5,0.2794,77.13505
2012,11,14,28.05555555555556,28.05555555555556,3.8099999999999996,28.05555555555556,0.38099999999999995,78.86619999999999
2012,11,15,28.05555555555556,28.05555555555556,0.508,28.05555555555556,0.0508,74.69195
2012,11,16,27.77777777777778,27.77777777777778,2.7939999999999996,27.77777777777778,0.2794,80.10735
2012,11,17,28.05555555555556,28.05555555555556,3.8099999999999996,28.05555555555556,0.38099999999999995,75.3713
2012,11,18,28.05555555555556,28.05555555555556,0.0,28.05555555555556,0.0,78.8875
2012,11,19,28.05555555555556,28.05555555555556,0.508,28.05555555555556,0.0508,77.2439
2012,11,20,28.05555555555556,28.05555555555556,0.0025399999999999997,28.05555555555556,0.000254,77.482
2012,11,21,27.77777777777778,27.77777777777778,4.3180000000000005,27.77777777777778,0.4318000000000001,80.07195
2012,11,22,27.5,27.5,9.652,27.5,0.9652,80.41415
2012,11,23,27.44444444444445,27.44444444444445,31.75,27.44444444444445,3.175,78.217152
2012,11,24,26.666666666666668,26.666666666666668,0.7619999999999999,26.666666666666668,0.07619999999999999,76.78790000000001
2012,11,25,27.5,27.5,0.0025399999999999997,27.5,0.000254,74.21405
2012,11,26,28.35,28.35,0.0,28.35,0.0,67.90700000000001
2012,11,27,28.050000000000008,28.050000000000008,0.0,28.050000000000008,0.0,73.70519999999999
2012,11,28,27.8,27.8,4.826,27.8,0.4826,76.7178
2012,11,29,27.5,27.5,5.587999999999999,27.5,0.5588,76.2517
2012,11,30,26.95,26.95,1.5239999999999998,26.95,0.15239999999999998,73.22935000000001
2012,12,1,26.65,26.65,2.2859999999999996,26.65,0.22859999999999997,79.22794999999999
2012,12,2,26.4,26.4,2.2859999999999996,26.4,0.22859999999999997,77.64760000000001
2012,12,3,25.950000000000006,25.950000000000006,40.38600000000001,25.950000000000006,4.038600000000001,80.6231
2012,12,4,27.750000000000004,27.750000000000004,0.508,27.750000000000004,0.0508,64.97425
2012,12,5,26.9,26.9,2.032,26.9,0.2032,73.10135
2012,12,6,26.099999999999994,26.099999999999994,5.587999999999999,26.099999999999994,0.5588,75.80005
2012,12,7,25.8,25.8,0.254,25.8,0.0254,66.64325
2012,12,8,27.8,27.8,0.0,27.8,0.0,66.5788
2012,12,9,27.200000000000006,27.200000000000006,0.254,27.200000000000006,0.0254,71.71809999999999
2012,12,10,26.9,26.9,0.0,26.9,0.0,69.21549999999999
2012,12,11,26.65,26.65,3.302,26.65,0.3302,74.142
2012,12,12,28.3,28.3,0.508,28.3,0.0508,71.23044999999999
2012,12,13,25.55,25.55,8.889999999999999,25.55,0.8889999999999999,78.69205
2012,12,14,26.099999999999994,26.099999999999994,0.508,26.099999999999994,0.0508,75.73230000000001
2012,12,15,25.8,25.8,2.54,25.8,0.254,75.73230000000001
2012,12,16,25.25,25.25,2.7939999999999996,25.25,0.2794,76.5946
2012,12,17,25.85,25.85,7.874,25.85,0.7874,73.61885000000001
2012,12,18,25.85,25.85,0.0,25.85,0.0,72.48
2012,12,19,25.0,25.0,29.464,25.0,2.9463999999999997,79.3193
2012,12,20,26.4,26.4,0.254,26.4,0.0254,73.99504999999999
2012,12,21,25.0,25.0,8.636000000000001,25.0,0.8636000000000001,80.68105
2012,12,22,25.550000000000008,25.550000000000008,9.398,25.550000000000008,0.9398,76.6301
2012,12,23,26.099999999999994,26.099999999999994,0.0,26.099999999999994,0.0,69.34785
2012,12,24,25.550000000000008,25.550000000000008,0.0,25.550000000000008,0.0,67.6846
2012,12,25,25.8,25.8,0.254,25.8,0.0254,76.11904999999999
2012,12,26,25.85,25.85,0.0,25.85,0.0,77.57095000000001
2012,12,27,26.65,26.65,0.254,26.65,0.0254,79.97579999999999
2012,12,28,26.350000000000005,26.350000000000005,1.778,26.350000000000005,0.1778,74.18785
2012,12,29,25.8,25.8,0.254,25.8,0.0254,74.0937
2012,12,30,25.55,25.55,0.254,25.55,0.0254,67.16405
2012,12,31,25.78888888888889,25.78888888888889,2.2859999999999996,25.78888888888889,0.22859999999999997,72.653138
2013,1,1,25.65,25.65,1.5239999999999998,25.65,0.15239999999999998,76.795338
2013,1,2,26.083333333333336,26.083333333333336,0.254,26.083333333333336,0.0254,69.554483
2013,1,3,24.722222222222225,24.722222222222225,3.302,24.722222222222225,0.3302,81.66269
2013,1,4,26.000000000000007,26.000000000000007,0.0,26.000000000000007,0.0,74.6896025
2013,1,5,27.3,27.3,0.254,27.3,0.0254,66.141331
2013,1,6,26.694444444444454,26.694444444444454,0.254,26.694444444444454,0.0254,71.844477
2013,1,7,25.88888888888889,25.88888888888889,3.0479999999999996,25.88888888888889,0.30479999999999996,76.090105
2013,1,8,26.444444444444443,26.444444444444443,0.7619999999999999,26.444444444444443,0.07619999999999999,72.65603
2013,1,9,25.944444444444446,25.944444444444446,0.254,25.944444444444446,0.0254,67.0874725
2013,1,10,25.944444444444446,25.944444444444446,0.508,25.944444444444446,0.0508,76.090095
2013,1,11,25.777777777777786,25.777777777777786,0.7619999999999999,25.777777777777786,0.07619999999999999,70.583298
2013,1,12,25.0,25.0,14.477999999999998,25.0,1.4477999999999998,77.953907
2013,1,13,25.27777777777778,25.27777777777778,0.0,25.27777777777778,0.0,62.0454735
2013,1,14,24.55555555555556,24.55555555555556,0.254,24.55555555555556,0.0254,69.57095
2013,1,15,24.88888888888889,24.88888888888889,3.0479999999999996,24.88888888888889,0.30479999999999996,74.8202675
2013,1,16,24.47222222222222,24.47222222222222,0.254,24.47222222222222,0.0254,76.97015
2013,1,17,25.15,25.15,0.7619999999999999,25.15,0.07619999999999999,74.3040975
2013,1,18,25.388888888888893,25.388888888888893,1.016,25.388888888888893,0.1016,75.95381
2013,1,19,25.250000000000004,25.250000000000004,0.0,25.250000000000004,0.0,73.02099
2013,1,20,25.833333333333336,25.833333333333336,0.254,25.833333333333336,0.0254,71.52952
2013,1,21,25.0,25.0,1.016,25.0,0.1016,79.37185
2013,1,22,26.38888888888889,26.38888888888889,0.0,26.38888888888889,0.0,69.6281125
2013,1,23,26.38888888888889,26.38888888888889,0.254,26.38888888888889,0.0254,73.452187
2013,1,24,26.000000000000007,26.000000000000007,0.0,26.000000000000007,0.0,74.6218525
2013,1,25,25.55555555555556,25.55555555555556,0.508,25.55555555555556,0.0508,74.6218525
2013,1,26,25.944444444444446,25.944444444444446,5.334,25.944444444444446,0.5334,79.94326000000001
2013,1,27,25.833333333333336,25.833333333333336,0.0,25.833333333333336,0.0,77.662585
2013,1,28,26.638888888888893,26.638888888888893,0.0,26.638888888888893,0.0,72.664515
2013,1,29,25.15,25.15,0.7619999999999999,25.15,0.07619999999999999,74.6218525
2013,1,30,25.527777777777786,25.527777777777786,1.778,25.527777777777786,0.1778,77.842285
2013,1,31,25.833333333333336,25.833333333333336,3.302,25.833333333333336,0.3302,79.921865
2013,2,1,25.27777777777778,25.27777777777778,19.304,25.27777777777778,1.9304,75.971453
2013,2,2,25.0,25.0,0.0,25.0,0.0,67.029465
2013,2,3,25.7,25.7,0.0,25.7,0.0,64.707915
2013,2,4,24.444444444444446,24.444444444444446,0.0,24.444444444444446,0.0,67.15262849999999
2013,2,5,24.63888888888889,24.63888888888889,2.032,24.63888888888889,0.2032,70.638453
2013,2,6,25.0,25.0,2.032,25.0,0.2032,72.4372525
2013,2,7,26.0,26.0,0.0,26.0,0.0,70.8987465
2013,2,8,25.444444444444443,25.444444444444443,25.654,25.444444444444443,2.5654,76.090105
2013,2,9,25.500000000000004,25.500000000000004,0.0,25.500000000000004,0.0,73.370794
2013,2,10,24.98888888888889,24.98888888888889,0.0,24.98888888888889,0.0,74.070995
2013,2,11,25.388888888888893,25.388888888888893,4.3180000000000005,25.388888888888893,0.4318000000000001,74.7060645
2013,2,12,25.388888888888893,25.388888888888893,0.0,25.388888888888893,0.0,62.196873
2013,2,13,24.70555555555556,24.70555555555556,0.0,24.70555555555556,0.0,65.98365
2013,2,14,25.261111111111116,25.261111111111116,0.254,25.261111111111116,0.0254,75.7695525
2013,2,15,26.0,26.0,0.0,26.0,0.0,71.208883
2013,2,16,26.666666666666668,26.666666666666668,0.0,26.666666666666668,0.0,63.1385095
2013,2,17,26.083333333333336,26.083333333333336,0.0,26.083333333333336,0.0,67.903492
2013,2,18,25.294444444444448,25.294444444444448,0.0,25.294444444444448,0.0,74.8994
2013,2,19,25.527777777777786,25.527777777777786,2.54,25.527777777777786,0.254,71.26881
2013,2,20,26.083333333333336,26.083333333333336,0.7619999999999999,26.083333333333336,0.07619999999999999,71.6532
2013,2,21,26.0,26.0,0.0,26.0,0.0,71.4886125
2013,2,22,25.444444444444443,25.444444444444443,0.0,25.444444444444443,0.0,71.914465
2013,2,23,25.944444444444446,25.944444444444446,0.0,25.944444444444446,0.0,67.7459225
2013,2,24,25.500000000000004,25.500000000000004,0.0,25.500000000000004,0.0,72.029905
2013,2,25,25.694444444444446,25.694444444444446,0.508,25.694444444444446,0.0508,74.6218525
2013,2,26,26.2,26.2,0.508,26.2,0.0508,72.6126525
2013,2,27,27.5,27.5,0.0,27.5,0.0,65.6518365
2013,2,28,26.305555555555557,26.305555555555557,0.0,26.305555555555557,0.0,68.010941
2013,3,1,26.300000000000004,26.300000000000004,0.508,26.300000000000004,0.0508,62.88525
2013,3,2,25.8,25.8,1.27,25.8,0.127,65.2524
2013,3,3,26.950000000000003,26.950000000000003,1.016,26.950000000000003,0.1016,65.46754999999999
2013,3,4,26.350000000000005,26.350000000000005,4.064,26.350000000000005,0.4064,75.89255
2013,3,5,25.0,25.0,0.7619999999999999,25.0,0.07619999999999999,73.6458
2013,3,6,25.300000000000004,25.300000000000004,0.7619999999999999,25.300000000000004,0.07619999999999999,66.65485
2013,3,7,26.100000000000005,26.100000000000005,11.175999999999998,26.100000000000005,1.1176,73.34155
2013,3,8,25.300000000000004,25.300000000000004,5.08,25.300000000000004,0.508,67.56985
2013,3,9,24.750000000000007,24.750000000000007,0.508,24.750000000000007,0.0508,73.70060000000001
2013,3,10,25.0,25.0,0.254,25.0,0.0254,67.38745
2013,3,11,25.25,25.25,0.0,25.25,0.0,56.42615
2013,3,12,25.8,25.8,0.0,25.8,0.0,51.79715
2013,3,13,25.8,25.8,0.0,25.8,0.0,54.76315
2013,3,14,25.25,25.25,0.0,25.25,0.0,54.596
2013,3,15,25.55,25.55,0.0,25.55,0.0,56.1302
2013,3,16,25.300000000000004,25.300000000000004,1.016,25.300000000000004,0.1016,65.71885
2013,3,17,25.85,25.85,2.7939999999999996,25.85,0.2794,70.65465
2013,3,18,25.550000000000008,25.550000000000008,0.7619999999999999,25.550000000000008,0.07619999999999999,70.7589
2013,3,19,26.100000000000005,26.100000000000005,2.032,26.100000000000005,0.2032,74.6375
2013,3,20,26.95,26.95,0.0,26.95,0.0,66.9251
2013,3,21,28.050000000000008,28.050000000000008,0.0,28.050000000000008,0.0,65.00805
2013,3,22,28.850000000000005,28.850000000000005,0.0,28.850000000000005,0.0,62.905
2013,3,23,27.200000000000006,27.200000000000006,1.5239999999999998,27.200000000000006,0.15239999999999998,76.90715
2013,3,24,27.25,27.25,0.0,27.25,0.0,70.63
2013,3,25,26.950000000000003,26.950000000000003,0.0,26.950000000000003,0.0,68.8366
2013,3,26,28.050000000000008,28.050000000000008,0.0,28.050000000000008,0.0,65.05590000000001
2013,3,27,27.5,27.5,0.0,27.5,0.0,65.72125
2013,3,28,27.25,27.25,0.0,27.25,0.0,66.92715
2013,3,29,25.55,25.55,3.302,25.55,0.3302,76.13775
2013,3,30,25.25,25.25,2.7939999999999996,25.25,0.2794,74.57055
2013,3,31,24.750000000000007,24.750000000000007,11.175999999999998,24.750000000000007,1.1176,82.64555
2013,4,1,27.200000000000006,27.200000000000006,0.254,27.200000000000006,0.0254,73.8914
2013,4,2,27.8,27.8,0.254,27.8,0.0254,63.41395
2013,4,3,28.050000000000008,28.050000000000008,0.0,28.050000000000008,0.0,65.85695
2013,4,4,27.25,27.25,0.254,27.25,0.0254,70.418
2013,4,5,26.95,26.95,3.8099999999999996,26.95,0.38099999999999995,72.24289999999999
2013,4,6,28.05,28.05,0.7619999999999999,28.05,0.07619999999999999,67.07325
2013,4,7,28.05,28.05,2.54,28.05,0.254,67.2337
2013,4,8,28.35,28.35,1.27,28.35,0.127,68.10405
2013,4,9,27.5,27.5,9.652,27.5,0.9652,75.83635
2013,4,10,27.77777777777778,27.77777777777778,1.5239999999999998,27.77777777777778,0.15239999999999998,73.12745000000001
2013,4,11,27.5,27.5,0.0,27.5,0.0,64.5147
2013,4,12,27.750000000000004,27.750000000000004,1.5239999999999998,27.750000000000004,0.15239999999999998,68.55645
2013,4,13,26.95,26.95,5.587999999999999,26.95,0.5588,72.26480000000001
2013,4,14,27.750000000000004,27.750000000000004,0.0,27.750000000000004,0.0,71.3956
2013,4,15,28.050000000000008,28.050000000000008,0.508,28.050000000000008,0.0508,70.1141
2013,4,16,26.300000000000004,26.300000000000004,0.254,26.300000000000004,0.0254,76.4838
2013,4,17,25.8,25.8,2.2859999999999996,25.8,0.22859999999999997,74.89515
2013,4,18,26.2,26.2,5.334,26.2,0.5334,72.74465000000001
2013,4,19,27.200000000000006,27.200000000000006,2.2859999999999996,27.200000000000006,0.22859999999999997,70.71225
2013,4,20,26.100000000000005,26.100000000000005,0.0,26.100000000000005,0.0,73.7247
2013,4,21,26.65,26.65,0.0,26.65,0.0,66.51775
2013,4,22,25.85,25.85,0.254,25.85,0.0254,68.14410000000001
2013,4,23,25.8,25.8,1.27,25.8,0.127,72.1944
2013,4,24,25.8,25.8,5.842,25.8,0.5841999999999999,74.12010000000001
2013,4,25,26.100000000000005,26.100000000000005,0.0,26.100000000000005,0.0,74.0716
2013,4,26,26.9,26.9,0.0,26.9,0.0,69.01075
2013,4,27,26.350000000000005,26.350000000000005,5.842,26.350000000000005,0.5841999999999999,73.34155
2013,4,28,25.950000000000006,25.950000000000006,7.874,25.950000000000006,0.7874,78.43735000000001
2013,4,29,26.65,26.65,0.0,26.65,0.0,72.6637
2013,4,30,26.64444444444445,26.64444444444445,4.826,26.64444444444445,0.4826,78.7148
2013,5,1,26.80555555555556,26.80555555555556,0.0,26.80555555555556,0.0,75.61241
2013,5,2,27.0,27.0,0.0,27.0,0.0,74.92249000000001
2013,5,3,28.05555555555556,28.05555555555556,0.0,28.05555555555556,0.0,68.112957
2013,5,4,29.000000000000004,29.000000000000004,0.0,29.000000000000004,0.0,66.832635
2013,5,5,29.111111111111114,29.111111111111114,5.842,29.111111111111114,0.5841999999999999,73.06687
2013,5,6,28.05555555555556,28.05555555555556,0.0,28.05555555555556,0.0,80.0954225
2013,5,7,27.30555555555556,27.30555555555556,4.571999999999999,27.30555555555556,0.45719999999999994,82.0202725
2013,5,8,27.25,27.25,20.32,27.25,2.032,83.24374
2013,5,9,26.638888888888893,26.638888888888893,8.382,26.638888888888893,0.8382,81.01456999999999
2013,5,10,26.611111111111114,26.611111111111114,39.878,26.611111111111114,3.9878,80.22686
2013,5,11,26.38888888888889,26.38888888888889,1.016,26.38888888888889,0.1016,73.861888
2013,5,12,27.0,27.0,0.0,27.0,0.0,76.9497575
2013,5,13,27.750000000000004,27.750000000000004,0.254,27.750000000000004,0.0254,77.5112075
2013,5,14,27.750000000000004,27.750000000000004,0.508,27.750000000000004,0.0508,69.906975
2013,5,15,27.5,27.5,6.858,27.5,0.6858,81.4744075
2013,5,16,27.805555555555557,27.805555555555557,0.0,27.805555555555557,0.0,74.8935575
2013,5,17,27.805555555555557,27.805555555555557,0.0,27.805555555555557,0.0,73.412582
2013,5,18,27.25,27.25,0.0,27.25,0.0,72.221055
2013,5,19,27.555555555555557,27.555555555555557,0.0,27.555555555555557,0.0,71.166018
2013,5,20,27.30555555555556,27.30555555555556,2.54,27.30555555555556,0.254,75.41889
2013,5,21,26.38888888888889,26.38888888888889,5.08,26.38888888888889,0.508,79.09870749999999
2013,5,22,25.638888888888893,25.638888888888893,64.26199999999999,25.638888888888893,6.426199999999999,85.44247
2013,5,23,26.694444444444454,26.694444444444454,8.636000000000001,26.694444444444454,0.8636000000000001,77.268633
2013,5,24,27.555555555555557,27.555555555555557,0.508,27.555555555555557,0.0508,76.462393
2013,5,25,28.000000000000004,28.000000000000004,13.97,28.000000000000004,1.397,72.973775
2013,5,26,27.805555555555557,27.805555555555557,0.0,27.805555555555557,0.0,77.4103675
2013,5,27,26.305555555555557,26.305555555555557,44.196,26.305555555555557,4.4196,81.971148
2013,5,28,27.30555555555556,27.30555555555556,0.254,27.30555555555556,0.0254,84.8427775
2013,5,29,28.10555555555556,28.10555555555556,4.571999999999999,28.10555555555556,0.45719999999999994,77.00736
2013,5,30,27.5,27.5,36.068,27.5,3.6068,80.0271275
2013,5,31,26.944444444444446,26.944444444444446,22.605999999999998,26.944444444444446,2.2605999999999997,85.687005
2013,6,1,27.3,27.3,1.778,27.3,0.1778,77.94235
2013,6,2,27.5,27.5,0.0,27.5,0.0,72.4449
2013,6,3,28.35,28.35,0.254,28.35,0.0254,76.82945000000001
2013,6,4,28.35,28.35,9.906,28.35,0.9906,72.8407
2013,6,5,28.600000000000005,28.600000000000005,0.254,28.600000000000005,0.0254,71.5039
2013,6,6,28.1,28.1,1.27,28.1,0.127,74.28755
2013,6,7,26.95,26.95,8.889999999999999,26.95,0.8889999999999999,76.61505
2013,6,8,27.5,27.5,5.587999999999999,27.5,0.5588,76.41544999999999
2013,6,9,28.35,28.35,0.0,28.35,0.0,70.982
2013,6,10,27.5,27.5,1.5239999999999998,27.5,0.15239999999999998,80.03450000000001
2013,6,11,27.25,27.25,19.304,27.25,1.9304,82.41825
2013,6,12,26.099999999999994,26.099999999999994,80.518,26.099999999999994,8.0518,90.88435
2013,6,13,27.8,27.8,1.778,27.8,0.1778,81.1549
2013,6,14,28.35,28.35,2.2859999999999996,28.35,0.22859999999999997,74.8558
2013,6,15,29.450000000000003,29.450000000000003,6.858,29.450000000000003,0.6858,73.06645
2013,6,16,28.1,28.1,0.0,28.1,0.0,76.38925
2013,6,17,28.35,28.35,0.0,28.35,0.0,77.1414
2013,6,18,28.35,28.35,0.0,28.35,0.0,77.0903
2013,6,19,26.099999999999994,26.099999999999994,29.464,26.099999999999994,2.9463999999999997,83.1276
2013,6,20,27.200000000000006,27.200000000000006,0.0,27.200000000000006,0.0,75.9711
2013,6,21,27.8,27.8,0.0,27.8,0.0,71.335985
2013,6,22,26.9,26.9,8.636000000000001,26.9,0.8636000000000001,78.97364999999999
2013,6,23,27.5,27.5,6.858,27.5,0.6858,78.97395
2013,6,24,26.099999999999994,26.099999999999994,60.198,26.099999999999994,6.0198,87.95585
2013,6,25,27.8,27.8,7.619999999999999,27.8,0.7619999999999999,81.1549
2013,6,26,27.25,27.25,22.098,27.25,2.2098,81.8621
2013,6,27,26.15,26.15,5.08,26.15,0.508,85.07544999999999
2013,6,28,27.5,27.5,0.254,27.5,0.0254,76.367
2013,6,29,28.35,28.35,0.0,28.35,0.0,73.88755
2013,6,30,28.10555555555556,28.10555555555556,5.08,28.10555555555556,0.508,79.03200000000001
2013,7,1,28.05555555555556,28.05555555555556,4.3180000000000005,28.05555555555556,0.4318000000000001,77.5112175
2013,7,2,27.0,27.0,11.175999999999998,27.0,1.1176,78.0978
2013,7,3,26.638888888888893,26.638888888888893,4.826,26.638888888888893,0.4826,76.90968799999999
2013,7,4,28.661111111111115,28.661111111111115,1.016,28.661111111111115,0.1016,77.12152499999999
2013,7,5,28.55555555555556,28.55555555555556,0.0,28.55555555555556,0.0,69.024688
2013,7,6,28.05555555555556,28.05555555555556,7.112,28.05555555555556,0.7112,74.537538
2013,7,7,28.36111111111111,28.36111111111111,8.382,28.36111111111111,0.8382,77.952105
2013,7,8,28.861111111111107,28.861111111111107,0.254,28.861111111111107,0.0254,77.93175500000001
2013,7,9,28.05555555555556,28.05555555555556,2.54,28.05555555555556,0.254,77.52813499999999
2013,7,10,28.05555555555556,28.05555555555556,5.08,28.05555555555556,0.508,76.4383025
2013,7,11,28.666666666666664,28.666666666666664,0.254,28.666666666666664,0.0254,73.5544525
2013,7,12,28.55555555555556,28.55555555555556,0.0,28.55555555555556,0.0,72.33422999999999
2013,7,13,27.750000000000004,27.750000000000004,4.571999999999999,27.750000000000004,0.45719999999999994,71.166018
2013,7,14,27.555555555555557,27.555555555555557,5.334,27.555555555555557,0.5334,74.8263575
2013,7,15,27.555555555555557,27.555555555555557,10.668,27.555555555555557,1.0668,76.8979075
2013,7,16,28.88888888888889,28.88888888888889,0.7619999999999999,28.88888888888889,0.07619999999999999,73.95840849999999
2013,7,17,28.861111111111107,28.861111111111107,5.587999999999999,28.861111111111107,0.5588,77.160777
2013,7,18,25.500000000000004,25.500000000000004,234.442,25.500000000000004,23.444200000000002,91.830885
2013,7,19,28.05555555555556,28.05555555555556,0.0,28.05555555555556,0.0,76.4008525
2013,7,20,29.0,29.0,0.0,29.0,0.0,73.117003
2013,7,21,27.805555555555557,27.805555555555557,6.604,27.805555555555557,0.6604,75.5279905
2013,7,22,26.72222222222222,26.72222222222222,27.178,26.72222222222222,2.7178,86.45236
2013,7,23,29.0,29.0,0.0025399999999999997,29.0,0.000254,76.546573
2013,7,24,28.861111111111107,28.861111111111107,0.0,28.861111111111107,0.0,75.036655
2013,7,25,29.444444444444446,29.444444444444446,0.0,29.444444444444446,0.0,71.8270335
2013,7,26,28.333333333333336,28.333333333333336,7.619999999999999,28.333333333333336,0.7619999999999999,73.5544525
2013,7,27,28.333333333333336,28.333333333333336,0.508,28.333333333333336,0.0508,72.952938
2013,7,28,27.30555555555556,27.30555555555556,1.778,27.30555555555556,0.1778,78.09778800000001
2013,7,29,29.722222222222225,29.722222222222225,0.0,29.722222222222225,0.0,63.6268
2013,7,30,29.722222222222225,29.722222222222225,0.508,29.722222222222225,0.0508,68.380955
2013,7,31,28.916666666666668,28.916666666666668,0.254,28.916666666666668,0.0254,70.207738
2013,8,1,27.222222222222225,27.222222222222225,37.337999999999994,27.222222222222225,3.7337999999999996,79.45304999999999
2013,8,2,28.88888888888889,28.88888888888889,0.254,28.88888888888889,0.0254,74.4102
2013,8,3,29.722222222222225,29.722222222222225,0.0025399999999999997,29.722222222222225,0.000254,74.83510000000001
2013,8,4,30.0,30.0,0.0025399999999999997,30.0,0.000254,71.6873
2013,8,5,28.61111111111111,28.61111111111111,3.302,28.61111111111111,0.3302,70.9096
2013,8,6,28.88888888888889,28.88888888888889,1.27,28.88888888888889,0.127,70.15100000000001
2013,8,7,28.05555555555556,28.05555555555556,19.812,28.05555555555556,1.9812,76.9718
2013,8,8,28.61111111111111,28.61111111111111,1.5239999999999998,28.61111111111111,0.15239999999999998,75.4187
2013,8,9,28.333333333333336,28.333333333333336,21.843999999999998,28.333333333333336,2.1843999999999997,78.9081
2013,8,10,28.61111111111111,28.61111111111111,4.826,28.61111111111111,0.4826,73.00534999999999
2013,8,11,28.333333333333336,28.333333333333336,8.636000000000001,28.333333333333336,0.8636000000000001,72.9708
2013,8,12,27.77777777777778,27.77777777777778,1.5239999999999998,27.77777777777778,0.15239999999999998,70.66175
2013,8,13,28.88888888888889,28.88888888888889,0.0,28.88888888888889,0.0,71.5039
2013,8,14,30.0,30.0,0.0,30.0,0.0,66.9401
2013,8,15,29.444444444444446,29.444444444444446,0.254,29.444444444444446,0.0254,71.65690000000001
2013,8,16,28.333333333333336,28.333333333333336,6.604,28.333333333333336,0.6604,76.0617
2013,8,17,29.166666666666668,29.166666666666668,1.016,29.166666666666668,0.1016,72.94095
2013,8,18,28.88888888888889,28.88888888888889,11.684,28.88888888888889,1.1683999999999999,73.30285
2013,8,19,28.61111111111111,28.61111111111111,3.0479999999999996,28.61111111111111,0.30479999999999996,76.54945000000001
2013,8,20,29.444444444444446,29.444444444444446,6.095999999999999,29.444444444444446,0.6095999999999999,71.57665
2013,8,21,27.5,27.5,4.3180000000000005,27.5,0.4318000000000001,74.5291
2013,8,22,26.38888888888889,26.38888888888889,39.878,26.38888888888889,3.9878,76.0617
2013,8,23,28.61111111111111,28.61111111111111,0.254,28.61111111111111,0.0254,76.4513
2013,8,24,28.61111111111111,28.61111111111111,1.016,28.61111111111111,0.1016,75.5364
2013,8,25,29.722222222222225,29.722222222222225,0.254,29.722222222222225,0.0254,72.719
2013,8,26,29.166666666666668,29.166666666666668,3.8099999999999996,29.166666666666668,0.38099999999999995,76.5025
2013,8,27,29.444444444444446,29.444444444444446,7.874,29.444444444444446,0.7874,72.13825
2013,8,28,29.166666666666668,29.166666666666668,0.508,29.166666666666668,0.0508,71.8309
2013,8,29,29.166666666666668,29.166666666666668,1.27,29.166666666666668,0.127,72.5057
2013,8,30,30.27777777777778,30.27777777777778,0.0,30.27777777777778,0.0,70.71105
2013,8,31,29.444444444444446,29.444444444444446,0.254,29.444444444444446,0.0254,72.44875
2013,9,1,29.166666666666668,29.166666666666668,0.254,29.166666666666668,0.0254,74.06715
2013,9,2,28.88888888888889,28.88888888888889,0.7619999999999999,28.88888888888889,0.07619999999999999,71.65690000000001
2013,9,3,28.05555555555556,28.05555555555556,6.604,28.05555555555556,0.6604,75.18225
2013,9,4,28.05555555555556,28.05555555555556,17.525999999999996,28.05555555555556,1.7525999999999997,82.3489
2013,9,5,25.55555555555556,25.55555555555556,21.336,25.55555555555556,2.1336,89.0592
2013,9,6,26.666666666666668,26.666666666666668,2.032,26.666666666666668,0.2032,82.05035000000001
2013,9,7,27.77777777777778,27.77777777777778,0.254,27.77777777777778,0.0254,77.66820000000001
2013,9,8,28.61111111111111,28.61111111111111,10.16,28.61111111111111,1.016,70.863
2013,9,9,30.27777777777778,30.27777777777778,0.0,30.27777777777778,0.0,65.9315
2013,9,10,29.166666666666668,29.166666666666668,0.7619999999999999,29.166666666666668,0.07619999999999999,69.25055
2013,9,11,28.333333333333336,28.333333333333336,2.2859999999999996,28.333333333333336,0.22859999999999997,71.46795
2013,9,12,27.5,27.5,15.748,27.5,1.5748,80.4302
2013,9,13,28.61111111111111,28.61111111111111,0.0025399999999999997,28.61111111111111,0.000254,73.892
2013,9,14,27.222222222222225,27.222222222222225,73.15199999999999,27.222222222222225,7.315199999999999,80.26509999999999
2013,9,15,28.88888888888889,28.88888888888889,0.0,28.88888888888889,0.0,76.9093
2013,9,16,29.722222222222225,29.722222222222225,0.254,29.722222222222225,0.0254,73.1238
2013,9,17,29.444444444444446,29.444444444444446,0.0025399999999999997,29.444444444444446,0.000254,74.0359
2013,9,18,29.444444444444446,29.444444444444446,21.336,29.444444444444446,2.1336,72.7831
2013,9,19,30.55555555555556,30.55555555555556,2.2859999999999996,30.55555555555556,0.22859999999999997,66.90690000000001
2013,9,20,30.0,30.0,16.256,30.0,1.6256,68.5404
2013,9,21,28.88888888888889,28.88888888888889,0.0025399999999999997,28.88888888888889,0.000254,75.11095
2013,9,22,30.27777777777778,30.27777777777778,0.0,30.27777777777778,0.0,64.58565
2013,9,23,30.0,30.0,0.0,30.0,0.0,71.8768
2013,9,24,30.0,30.0,2.2859999999999996,30.0,0.22859999999999997,64.77195
2013,9,25,29.722222222222225,29.722222222222225,0.0,29.722222222222225,0.0,67.42335
2013,9,26,30.27777777777778,30.27777777777778,0.0,30.27777777777778,0.0,64.42750000000001
2013,9,27,30.27777777777778,30.27777777777778,0.0,30.27777777777778,0.0,66.0717
2013,9,28,30.55555555555556,30.55555555555556,0.0,30.55555555555556,0.0,61.8986
2013,9,29,31.111111111111114,31.111111111111114,0.0,31.111111111111114,0.0,63.3879
2013,9,30,30.27777777777778,30.27777777777778,0.0,30.27777777777778,0.0,70.8109
2013,10,1,27.222222222222225,27.222222222222225,0.0,27.222222222222225,0.0,70.5934
2013,10,2,29.200000000000003,29.200000000000003,2.032,29.200000000000003,0.2032,71.6371
2013,10,3,29.45,29.45,4.571999999999999,29.45,0.45719999999999994,72.8835
2013,10,4,29.15,29.15,13.97,29.15,1.397,72.26415
2013,10,5,27.25,27.25,0.254,27.25,0.0254,74.85595
2013,10,6,28.050000000000008,28.050000000000008,1.5239999999999998,28.050000000000008,0.15239999999999998,74.57605000000001
2013,10,7,28.599999999999994,28.599999999999994,1.3026374430486563,28.599999999999994,0.13026374430486562,74.7495
2013,10,8,29.450000000000003,29.450000000000003,1.27,29.450000000000003,0.127,72.6697
2013,10,9,29.75,29.75,1.016,29.75,0.1016,63.9228
2013,10,10,28.9,28.9,1.27,28.9,0.127,72.95295
2013,10,11,28.044444444444448,28.044444444444448,3.0479999999999996,28.044444444444448,0.30479999999999996,76.9718
2013,10,12,28.35,28.35,2.54,28.35,0.254,75.13715
2013,10,13,28.35,28.35,7.366,28.35,0.7365999999999999,73.7354
2013,10,14,29.15,29.15,0.00255398417101306,29.15,0.000255398417101306,68.15335
2013,10,15,30.0,30.0,0.508,30.0,0.0508,63.8434
2013,10,16,29.45,29.45,0.0,29.45,0.0,66.14255
2013,10,17,28.599999999999994,28.599999999999994,2.1215564340315742,28.599999999999994,0.21215564340315743,69.4192
2013,10,18,27.8,27.8,0.0,27.8,0.0,72.2491
2013,10,19,28.1,28.1,0.0,28.1,0.0,77.3029
2013,10,20,28.65,28.65,0.254,28.65,0.0254,74.80449999999999
2013,10,21,28.35,28.35,1.778,28.35,0.1778,73.8604
2013,10,22,29.45,29.45,0.0,29.45,0.0,63.3948
2013,10,23,29.45,29.45,0.0,29.45,0.0,64.21495
2013,10,24,29.700000000000006,29.700000000000006,0.0,29.700000000000006,0.0,62.20735
2013,10,25,29.45,29.45,0.5137682174180277,29.45,0.05137682174180277,65.551
2013,10,26,29.300000000000008,29.300000000000008,1.036418788695902,29.300000000000008,0.1036418788695902,65.61375
2013,10,27,29.45,29.45,0.0,29.45,0.0,63.27715
2013,10,28,28.65,28.65,2.032,28.65,0.2032,71.29115
2013,10,29,27.0,27.0,26.162,27.0,2.6162,81.03765
2013,10,30,27.5,27.5,1.5239999999999998,27.5,0.15239999999999998,78.01595
2013,10,31,27.5,27.5,11.175999999999998,27.5,1.1176,77.70895
2013,11,1,26.350000000000005,26.350000000000005,5.842,26.350000000000005,0.5841999999999999,77.9641
2013,11,2,26.40000000000001,26.40000000000001,0.254,26.40000000000001,0.0254,79.38605
2013,11,3,27.5,27.5,3.175209223068957,27.5,0.31752092230689566,74.84334999999999
2013,11,4,28.35,28.35,0.508,28.35,0.0508,71.4565
2013,11,5,28.050000000000008,28.050000000000008,5.08,28.050000000000008,0.508,72.72925000000001
2013,11,6,27.200000000000006,27.200000000000006,3.0479999999999996,27.200000000000006,0.30479999999999996,76.90715
2013,11,7,26.95,26.95,0.254,26.95,0.0254,78.27725
2013,11,8,26.95,26.95,0.508,26.95,0.0508,78.68155
2013,11,9,27.750000000000004,27.750000000000004,0.0,27.750000000000004,0.0,75.30665
2013,11,10,28.050000000000008,28.050000000000008,1.778,28.050000000000008,0.1778,72.7028
2013,11,11,28.050000000000008,28.050000000000008,7.366,28.050000000000008,0.7365999999999999,74.5291
2013,11,12,28.65,28.65,1.27,28.65,0.127,70.28954999999999
2013,11,13,28.599999999999994,28.599999999999994,0.002534632741531046,28.599999999999994,0.0002534632741531046,68.95835
2013,11,14,28.050000000000008,28.050000000000008,1.016,28.050000000000008,0.1016,70.4857
2013,11,15,26.95,26.95,34.29,26.95,3.429,79.6868
2013,11,16,26.4,26.4,2.54,26.4,0.254,81.4706
2013,11,17,27.200000000000006,27.200000000000006,0.0,27.200000000000006,0.0,70.26740000000001
2013,11,18,26.350000000000005,26.350000000000005,1.016,26.350000000000005,0.1016,70.193
2013,11,19,26.099999999999994,26.099999999999994,1.297080817202481,26.099999999999994,0.12970808172024811,70.53055
2013,11,20,26.65,26.65,0.254,26.65,0.0254,69.6794
2013,11,21,25.25,25.25,30.733999999999998,25.25,3.0734,84.77445
2013,11,22,25.300000000000004,25.300000000000004,7.619999999999999,25.300000000000004,0.7619999999999999,80.65725
2013,11,23,26.099999999999994,26.099999999999994,0.2647404643681596,26.099999999999994,0.026474046436815963,73.00919999999999
2013,11,24,25.8,25.8,0.0024163712022961976,25.8,0.00024163712022961978,75.33825
2013,11,25,26.65,26.65,1.016,26.65,0.1016,76.6242
2013,11,26,26.65,26.65,1.016,26.65,0.1016,73.34155
2013,11,27,25.85,25.85,26.924,25.85,2.6924,74.43705
2013,11,28,26.099999999999994,26.099999999999994,0.7619999999999999,26.099999999999994,0.07619999999999999,78.8275
2013,11,29,25.55,25.55,4.571999999999999,25.55,0.45719999999999994,75.22540000000001
2013,11,30,24.450000000000003,24.450000000000003,85.344,24.450000000000003,8.5344,83.24045000000001
2013,12,1,24.200000000000003,24.200000000000003,3.556,24.200000000000003,0.3556,87.0326
2013,12,2,25.550000000000008,25.550000000000008,0.254,25.550000000000008,0.0254,78.49074999999999
2013,12,3,26.95,26.95,17.272000000000002,26.95,1.7272000000000003,79.70795
2013,12,4,24.750000000000007,24.750000000000007,30.226,24.750000000000007,3.0225999999999997,89.59944999999999
2013,12,5,25.3,25.3,58.674,25.3,5.8674,87.074
2013,12,6,26.350000000000005,26.350000000000005,1.7627075665288343,26.350000000000005,0.17627075665288344,74.20975
2013,12,7,24.95,24.95,2.2859999999999996,24.95,0.22859999999999997,73.29915
2013,12,8,26.700000000000003,26.700000000000003,1.5239999999999998,26.700000000000003,0.15239999999999998,68.0388
2013,12,9,28.1,28.1,2.032,28.1,0.2032,68.5501
2013,12,10,27.5,27.5,8.636000000000001,27.5,0.8636000000000001,74.13855
2013,12,11,25.7,25.7,2.2859999999999996,25.7,0.22859999999999997,74.10995
2013,12,12,27.8,27.8,0.24746836480220685,27.8,0.024746836480220684,69.4192
2013,12,13,27.5,27.5,0.0025317211935129424,27.5,0.0002531721193512942,66.19885
2013,12,14,27.200000000000006,27.200000000000006,0.508,27.200000000000006,0.0508,73.09325
2013,12,15,27.200000000000006,27.200000000000006,2.032,27.200000000000006,0.2032,72.85419999999999
2013,12,16,27.200000000000006,27.200000000000006,1.778,27.200000000000006,0.1778,79.79715
2013,12,17,27.25,27.25,0.254,27.25,0.0254,69.13875
2013,12,18,27.5,27.5,7.366,27.5,0.7365999999999999,71.2226
2013,12,19,26.9,26.9,5.587999999999999,26.9,0.5588,78.71965
2013,12,20,26.9,26.9,9.652,26.9,0.9652,75.58235
2013,12,21,26.9,26.9,2.7939999999999996,26.9,0.2794,76.3636
2013,12,22,26.65,26.65,4.826,26.65,0.4826,75.1394
2013,12,23,26.700000000000003,26.700000000000003,5.842,26.700000000000003,0.5841999999999999,75.68165
2013,12,24,25.300000000000004,25.300000000000004,18.287999999999997,25.300000000000004,1.8287999999999998,89.5233
2013,12,25,26.40000000000001,26.40000000000001,0.00255354483422854,26.40000000000001,0.000255354483422854,67.29915
2013,12,26,26.700000000000003,26.700000000000003,1.261431750397171,26.700000000000003,0.12614317503971711,76.46285
2013,12,27,27.5,27.5,1.3204803627007642,27.5,0.1320480362700764,78.82849999999999
2013,12,28,27.5,27.5,0.508,27.5,0.0508,78.97395
2013,12,29,27.505555555555556,27.505555555555556,3.556,27.505555555555556,0.3556,77.03524999999999
2013,12,30,26.65,26.65,0.254,26.65,0.0254,75.60045
2013,12,31,27.5,27.5,7.22759813712086,27.5,0.722759813712086,75.19665
2014,1,1,26.099999999999994,26.099999999999994,11.175999999999998,26.099999999999994,1.1176,79.57245
2014,1,2,26.9,26.9,4.064,26.9,0.4064,77.42054999999999
2014,1,3,26.95,26.95,3.302,26.95,0.3302,77.58455000000001
2014,1,4,27.200000000000006,27.200000000000006,4.064,27.200000000000006,0.4064,78.31675
2014,1,5,27.5,27.5,0.254,27.5,0.0254,66.8951
2014,1,6,26.65,26.65,0.7619999999999999,26.65,0.07619999999999999,81.29165
2014,1,7,27.5,27.5,0.7619999999999999,27.5,0.07619999999999999,76.26555
2014,1,8,27.200000000000006,27.200000000000006,2.54,27.200000000000006,0.254,75.65915000000001
2014,1,9,26.9,26.9,0.254,26.9,0.0254,73.36765
2014,1,10,26.65,26.65,0.254,26.65,0.0254,72.4152
2014,1,11,26.40000000000001,26.40000000000001,2.2859999999999996,26.40000000000001,0.22859999999999997,75.2615
2014,1,12,26.95,26.95,4.064,26.95,0.4064,71.53805
2014,1,13,26.350000000000005,26.350000000000005,7.874,26.350000000000005,0.7874,77.4606
2014,1,14,25.25,25.25,0.508,25.25,0.0508,76.60155
2014,1,15,26.33888888888889,26.33888888888889,0.0,26.33888888888889,0.0,59.74415
2014,1,16,26.100000000000005,26.100000000000005,0.254,26.100000000000005,0.0254,68.8674
2014,1,17,26.4,26.4,0.7619999999999999,26.4,0.07619999999999999,69.36995
2014,1,18,27.5,27.5,0.0026622550523169395,27.5,0.00026622550523169397,66.1867
2014,1,19,27.8,27.8,0.9034475927193719,27.8,0.09034475927193719,72.6307
2014,1,20,27.25,27.25,4.755940044505573,27.25,0.47559400445055733,74.24015
2014,1,21,26.65,26.65,0.0,26.65,0.0,69.9397
2014,1,22,27.800000000000004,27.800000000000004,2.3267670993334972,27.800000000000004,0.2326767099333497,66.2131
2014,1,23,27.5,27.5,0.2542352249937477,27.5,0.025423522499374768,74.26595
2014,1,24,26.65,26.65,6.35,26.65,0.635,75.562255
2014,1,25,26.088888888888896,26.088888888888896,0.7401854902851925,26.088888888888896,0.07401854902851926,74.6896025
2014,1,26,26.40000000000001,26.40000000000001,0.0,26.40000000000001,0.0,61.82185
2014,1,27,26.700000000000003,26.700000000000003,0.2534243349213248,26.700000000000003,0.02534243349213248,68.9854
2014,1,28,26.700000000000003,26.700000000000003,0.254,26.700000000000003,0.0254,69.9397
2014,1,29,26.95,26.95,2.2859999999999996,26.95,0.22859999999999997,68.50545
2014,1,30,26.65,26.65,9.652,26.65,0.9652,75.1394
2014,1,31,26.099999999999994,26.099999999999994,2.032,26.099999999999994,0.2032,77.8653
2014,2,1,26.088888888888896,26.088888888888896,3.302,26.088888888888896,0.3302,79.572455
2014,2,2,25.25,25.25,7.366,25.25,0.7365999999999999,84.30215
2014,2,3,25.85,25.85,1.27,25.85,0.127,83.06415
2014,2,4,26.4,26.4,1.016,26.4,0.1016,74.7024
2014,2,5,25.85,25.85,12.446,25.85,1.2446,80.7904
2014,2,6,26.350000000000005,26.350000000000005,10.921999999999999,26.350000000000005,1.0921999999999998,81.56065
2014,2,7,25.550000000000008,25.550000000000008,9.143999999999998,25.550000000000008,0.9143999999999999,83.1215
2014,2,8,25.300000000000004,25.300000000000004,5.08,25.300000000000004,0.508,85.69495
2014,2,9,24.750000000000007,24.750000000000007,10.690201949241745,24.750000000000007,1.0690201949241744,87.074
2014,2,10,25.55,25.55,9.294503900588943,25.55,0.9294503900588943,83.3523
2014,2,11,25.85,25.85,0.00257073987323184,25.85,0.000257073987323184,78.643
2014,2,12,26.350000000000005,26.350000000000005,1.7637477326637736,26.350000000000005,0.17637477326637735,74.18785
2014,2,13,27.5,27.5,0.27494425826446545,27.5,0.027494425826446546,67.0156
2014,2,14,28.05,28.05,0.0,28.05,0.0,65.12689999999999
2014,2,15,27.750000000000004,27.750000000000004,0.5091418253985518,27.750000000000004,0.05091418253985518,64.83175
2014,2,16,26.65,26.65,3.0479999999999996,26.65,0.30479999999999996,67.2889
2014,2,17,26.100000000000005,26.100000000000005,8.128,26.100000000000005,0.8128,70.9246
2014,2,18,26.4,26.4,3.302,26.4,0.3302,80.5153
2014,2,19,27.25,27.25,6.604,27.25,0.6604,69.95779999999999
2014,2,20,26.9,26.9,0.254,26.9,0.0254,67.8125
2014,2,21,26.4,26.4,7.619999999999999,26.4,0.7619999999999999,75.5146
2014,2,22,26.350000000000005,26.350000000000005,3.302,26.350000000000005,0.3302,72.02855
2014,2,23,25.85,25.85,0.25753068292495224,25.85,0.025753068292495223,71.0906
2014,2,24,25.85,25.85,1.27,25.85,0.127,73.00919999999999
2014,2,25,26.100000000000005,26.100000000000005,1.27,26.100000000000005,0.127,71.7412
2014,2,26,25.550000000000008,25.550000000000008,0.0,25.550000000000008,0.0,69.84469999999999
2014,2,27,26.95,26.95,0.7877880487226386,26.95,0.07877880487226387,65.3424
2014,2,28,26.65,26.65,0.254,26.65,0.0254,69.3502
2014,3,1,26.350000000000005,26.350000000000005,0.0,26.350000000000005,0.0,67.6335
2014,3,2,25.55,25.55,1.219001614537709,25.55,0.12190016145377089,77.8286
2014,3,3,25.8,25.8,0.0,25.8,0.0,74.56265
2014,3,4,25.55,25.55,6.858,25.55,0.6858,74.52285
2014,3,5,26.350000000000005,26.350000000000005,2.8202573527740613,26.350000000000005,0.28202573527740615,74.93185
2014,3,6,26.95,26.95,0.0,26.95,0.0,63.21705
2014,3,7,25.8,25.8,0.0024552571057309975,25.8,0.00024552571057309973,68.8346
2014,3,8,26.38888888888889,26.38888888888889,0.26820996074988446,26.38888888888889,0.026820996074988446,71.44685
2014,3,9,25.55,25.55,8.71712873147818,25.55,0.871712873147818,73.2577
2014,3,10,26.099999999999994,26.099999999999994,1.027978738198079,26.099999999999994,0.1027978738198079,75.48755
2014,3,11,26.4,26.4,0.508,26.4,0.0508,68.6077
2014,3,12,26.65,26.65,0.0,26.65,0.0,67.15344999999999
2014,3,13,27.5,27.5,0.0026515203056457597,27.5,0.000265152030564576,67.7896
2014,3,14,26.100000000000005,26.100000000000005,0.4142176021850285,26.100000000000005,0.04142176021850285,73.96865
2014,3,15,26.65,26.65,0.0,26.65,0.0,70.1026
2014,3,16,26.350000000000005,26.350000000000005,3.483873290233891,26.350000000000005,0.3483873290233891,72.02855
2014,3,17,27.200000000000006,27.200000000000006,0.0,27.200000000000006,0.0,66.90075
2014,3,18,26.95,26.95,0.0024644709446150193,26.95,0.00024644709446150194,64.86875
2014,3,19,26.700000000000003,26.700000000000003,0.0,26.700000000000003,0.0,69.286
2014,3,20,26.950000000000003,26.950000000000003,0.0024913439273440887,26.950000000000003,0.0002491343927344089,64.5608
2014,3,21,27.5,27.5,0.5098478283379376,27.5,0.05098478283379376,62.7538
2014,3,22,27.75,27.75,0.0,27.75,0.0,61.4872
2014,3,23,27.800000000000004,27.800000000000004,0.25347460123003507,27.800000000000004,0.025347460123003505,58.6574
2014,3,24,26.95,26.95,0.0,26.95,0.0,64.0547
2014,3,25,28.050000000000008,28.050000000000008,0.002377429722945768,28.050000000000008,0.0002377429722945768,62.1223
2014,3,26,26.95,26.95,0.0,26.95,0.0,67.616
2014,3,27,27.25,27.25,3.8099999999999996,27.25,0.38099999999999995,65.18270000000001
2014,3,28,27.200000000000006,27.200000000000006,0.0,27.200000000000006,0.0,66.4059
2014,3,29,25.7,25.7,0.0,25.7,0.0,75.41605
2014,3,30,27.8,27.8,1.5239999999999998,27.8,0.15239999999999998,69.09555
2014,3,31,27.8,27.8,0.24986769319538957,27.8,0.024986769319538957,63.25790000000001
2014,4,1,28.050000000000008,28.050000000000008,0.0,28.050000000000008,0.0,63.06955000000001
2014,4,2,27.8,27.8,1.826702167703362,27.8,0.18267021677033618,66.7616
2014,4,3,27.750000000000004,27.750000000000004,14.732,27.750000000000004,1.4731999999999998,71.91305
2014,4,4,26.65,26.65,7.366,26.65,0.7365999999999999,71.80685
2014,4,5,27.200000000000006,27.200000000000006,4.826,27.200000000000006,0.4826,71.2226
2014,4,6,28.3,28.3,0.0,28.3,0.0,63.13425
2014,4,7,27.5,27.5,0.0,27.5,0.0,66.3456
2014,4,8,28.050000000000008,28.050000000000008,0.0,28.050000000000008,0.0,66.07339999999999
2014,4,9,27.5,27.5,2.54,27.5,0.254,71.4529
2014,4,10,27.5,27.5,0.0,27.5,0.0,70.0532
2014,4,11,27.750000000000004,27.750000000000004,0.0,27.750000000000004,0.0,62.73155
2014,4,12,27.25,27.25,0.0,27.25,0.0,60.53965
2014,4,13,27.200000000000006,27.200000000000006,0.508,27.200000000000006,0.0508,67.93795
2014,4,14,27.25,27.25,0.254,27.25,0.0254,67.87305
2014,4,15,27.750000000000004,27.750000000000004,2.0626744720819716,27.750000000000004,0.20626744720819717,66.1138
2014,4,16,27.8,27.8,0.254,27.8,0.0254,69.4192
2014,4,17,27.25,27.25,26.162,27.25,2.6162,75.56225
2014,4,18,27.5,27.5,3.556,27.5,0.3556,77.08305
2014,4,19,27.25,27.25,10.668,27.25,1.0668,76.52680000000001
2014,4,20,27.750000000000004,27.750000000000004,1.27,27.750000000000004,0.127,68.5196
2014,4,21,28.3,28.3,0.254,28.3,0.0254,64.08555
2014,4,22,30.0,30.0,0.0,30.0,0.0,61.5625
2014,4,23,29.700000000000006,29.700000000000006,0.0,29.700000000000006,0.0,60.78855
2014,4,24,28.9,28.9,0.0,28.9,0.0,68.1882
2014,4,25,28.35,28.35,0.0026209978258348596,28.35,0.000262099782583486,71.81309999999999
2014,4,26,28.599999999999994,28.599999999999994,0.0,28.599999999999994,0.0,67.828205
2014,4,27,28.599999999999994,28.599999999999994,0.7619999999999999,28.599999999999994,0.07619999999999999,67.15344999999999
2014,4,28,29.15,29.15,0.254,29.15,0.0254,61.75085
2014,4,29,29.45,29.45,0.254,29.45,0.0254,63.2103
2014,4,30,28.65,28.65,2.2859999999999996,28.65,0.22859999999999997,72.30575
2014,5,1,28.65,28.65,0.254,28.65,0.0254,63.8505
2014,5,2,29.75,29.75,0.508,29.75,0.0508,63.201
2014,5,3,28.65,28.65,1.5239999999999998,28.65,0.15239999999999998,66.41735
2014,5,4,28.9,28.9,0.254,28.9,0.0254,67.98185
2014,5,5,28.35,28.35,10.668,28.35,1.0668,75.19265
2014,5,6,28.35,28.35,1.778,28.35,0.1778,69.73780000000001
2014,5,7,28.3,28.3,3.8099999999999996,28.3,0.38099999999999995,68.21115
2014,5,8,25.3,25.3,53.08599999999999,25.3,5.308599999999999,83.71889999999999
2014,5,9,26.100000000000005,26.100000000000005,4.571999999999999,26.100000000000005,0.45719999999999994,79.53532
2014,5,10,23.35,23.35,67.30999999999999,23.35,6.730999999999999,89.48145
2014,5,11,25.450000000000003,25.450000000000003,2.032,25.450000000000003,0.2032,78.41573
2014,5,12,26.099999999999994,26.099999999999994,1.27,26.099999999999994,0.127,81.5745
2014,5,13,27.15,27.15,0.254,27.15,0.0254,72.9961
2014,5,14,26.95,26.95,3.0479999999999996,26.95,0.30479999999999996,79.6246
2014,5,15,26.099999999999994,26.099999999999994,1.27,26.099999999999994,0.127,80.061
2014,5,16,26.65,26.65,3.302,26.65,0.3302,78.97364999999999
2014,5,17,26.4,26.4,1.016,26.4,0.1016,76.78790000000001
2014,5,18,26.95555555555556,26.95555555555556,0.0,26.95555555555556,0.0,73.6671
2014,5,19,27.200000000000006,27.200000000000006,15.494,27.200000000000006,1.5493999999999999,81.5997
2014,5,20,27.200000000000006,27.200000000000006,1.016,27.200000000000006,0.1016,76.22605
2014,5,21,28.850000000000005,28.850000000000005,0.508,28.850000000000005,0.0508,68.86699999999999
2014,5,22,28.050000000000008,28.050000000000008,0.508,28.050000000000008,0.0508,70.95555
2014,5,23,28.050000000000008,28.050000000000008,0.254,28.050000000000008,0.0254,68.48315
2014,5,24,28.050000000000008,28.050000000000008,0.508,28.050000000000008,0.0508,68.34405000000001
2014,5,25,27.5,27.5,2.032,27.5,0.2032,80.86035
2014,5,26,27.5,27.5,1.778,27.5,0.1778,77.37315000000001
2014,5,27,27.5,27.5,4.826,27.5,0.4826,77.857
2014,5,28,27.5,27.5,0.7619999999999999,27.5,0.07619999999999999,75.30665
2014,5,29,27.5,27.5,0.5272281132794268,27.5,0.052722811327942674,77.62745000000001
2014,5,30,27.8,27.8,1.5239999999999998,27.8,0.15239999999999998,73.3374
2014,5,31,27.8,27.8,1.27,27.8,0.127,73.73734999999999
2014,6,1,29.15,29.15,0.508,29.15,0.0508,65.72915
2014,6,2,29.15,29.15,0.7619999999999999,29.15,0.07619999999999999,67.59585
2014,6,3,29.45,29.45,0.508,29.45,0.0508,66.64245
2014,6,4,28.90000000000001,28.90000000000001,1.27,28.90000000000001,0.127,65.3142
2014,6,5,28.65,28.65,2.2859999999999996,28.65,0.22859999999999997,75.18225
2014,6,6,28.90000000000001,28.90000000000001,0.254,28.90000000000001,0.0254,71.46795
2014,6,7,28.600000000000005,28.600000000000005,1.27,28.600000000000005,0.127,71.9031
2014,6,8,29.45,29.45,0.7619999999999999,29.45,0.07619999999999999,68.8951
2014,6,9,29.45,29.45,0.0,29.45,0.0,67.5135
2014,6,10,29.450000000000003,29.450000000000003,0.508,29.450000000000003,0.0508,71.37950000000001
2014,6,11,29.450000000000003,29.450000000000003,0.7619999999999999,29.450000000000003,0.07619999999999999,69.91640000000001
2014,6,12,28.65,28.65,0.254,28.65,0.0254,70.3997
2014,6,13,28.9,28.9,2.2859999999999996,28.9,0.22859999999999997,68.61345
2014,6,14,28.9,28.9,0.508,28.9,0.0508,69.88470000000001
2014,6,15,29.750000000000007,29.750000000000007,0.508,29.750000000000007,0.0508,73.15
2014,6,16,29.15,29.15,0.2607147007121287,29.15,0.026071470071212872,68.88380000000001
2014,6,17,29.45,29.45,0.2526958599440689,29.45,0.02526958599440689,70.1621
2014,6,18,28.35,28.35,0.254,28.35,0.0254,70.281
2014,6,19,29.450000000000003,29.450000000000003,1.778,29.450000000000003,0.1778,68.956
2014,6,20,30.3,30.3,0.508,30.3,0.0508,69.752635
2014,6,21,31.100000000000005,31.100000000000005,0.0,31.100000000000005,0.0,72.15485000000001
2014,6,22,30.55,30.55,0.508,30.55,0.0508,68.4967
2014,6,23,30.0,30.0,2.032,30.0,0.2032,67.9058
2014,6,24,30.3,30.3,1.778,30.3,0.1778,67.68035
2014,6,25,29.450000000000003,29.450000000000003,0.508,29.450000000000003,0.0508,68.88380000000001
2014,6,26,30.838888888888885,30.838888888888885,0.00260594969781078,30.838888888888885,0.000260594969781078,71.151703
2014,6,27,30.550000000000008,30.550000000000008,0.7619999999999999,30.550000000000008,0.07619999999999999,72.15485000000001
2014,6,28,30.0,30.0,0.254,30.0,0.0254,66.72275
2014,6,29,30.0,30.0,0.254,30.0,0.0254,68.46764999999999
2014,6,30,30.0,30.0,7.366,30.0,0.7365999999999999,70.5926
2014,7,1,30.3,30.3,0.00244023263421568,30.3,0.000244023263421568,66.72275
2014,7,2,30.25,30.25,0.254,30.25,0.0254,67.53655
2014,7,3,29.450000000000003,29.450000000000003,4.064,29.450000000000003,0.4064,67.07455
2014,7,4,30.0,30.0,3.6545796501979426,30.0,0.3654579650197943,66.24125000000001
2014,7,5,29.7,29.7,4.571999999999999,29.7,0.45719999999999994,71.7579
2014,7,6,29.65,29.65,9.398,29.65,0.9398,72.23585
2014,7,7,30.0,30.0,0.0,30.0,0.0,66.5723
2014,7,8,29.61111111111111,29.61111111111111,0.254,29.61111111111111,0.0254,69.1809835
2014,7,9,29.450000000000003,29.450000000000003,3.302,29.450000000000003,0.3302,74.83545000000001
2014,7,10,30.0,30.0,1.016,30.0,0.1016,67.43545
2014,7,11,28.599999999999994,28.599999999999994,1.27,28.599999999999994,0.127,75.5364
2014,7,12,29.45,29.45,0.7619999999999999,29.45,0.07619999999999999,72.8835
2014,7,13,29.45,29.45,0.0,29.45,0.0,70.3991
2014,7,14,29.15,29.15,30.226,29.15,3.0225999999999997,72.02940000000001
2014,7,15,29.45,29.45,0.508,29.45,0.0508,69.3782
2014,7,16,30.3,30.3,0.508,30.3,0.0508,66.20885
2014,7,17,29.15,29.15,7.112,29.15,0.7112,72.719
2014,7,18,29.15,29.15,0.5076486436503265,29.15,0.05076486436503265,72.9708
2014,7,19,28.9,28.9,2.54,28.9,0.254,73.49865
2014,7,20,29.9,29.9,4.3180000000000005,29.9,0.4318000000000001,75.17445
2014,7,21,29.200000000000003,29.200000000000003,0.508,29.200000000000003,0.0508,72.39085
2014,7,22,28.600000000000005,28.600000000000005,8.382,28.600000000000005,0.8382,78.92386
2014,7,23,29.45,29.45,0.508,29.45,0.0508,73.7492
2014,7,24,29.45,29.45,0.254,29.45,0.0254,75.1684
2014,7,25,29.15,29.15,1.778,29.15,0.1778,75.25354999999999
2014,7,26,29.45,29.45,0.0,29.45,0.0,72.02940000000001
2014,7,27,29.15,29.15,0.23716729349056287,29.15,0.023716729349056286,74.00305
2014,7,28,29.200000000000003,29.200000000000003,0.508,29.200000000000003,0.0508,73.2622
2014,7,29,28.90000000000001,28.90000000000001,6.095999999999999,28.90000000000001,0.6095999999999999,79.58225
2014,7,30,28.9,28.9,0.0026997520357429404,28.9,0.000269975203574294,71.94035
2014,7,31,29.450000000000003,29.450000000000003,4.3180000000000005,29.450000000000003,0.4318000000000001,78.44495
2014,8,1,29.200000000000003,29.200000000000003,0.508,29.200000000000003,0.0508,73.0461
2014,8,2,25.85,25.85,33.528,25.85,3.3528,73.467
2014,8,3,28.65,28.65,0.254,28.65,0.0254,61.2637
2014,8,4,28.1,28.1,3.0479999999999996,28.1,0.30479999999999996,80.1277
2014,8,5,28.600000000000005,28.600000000000005,3.0479999999999996,28.600000000000005,0.30479999999999996,86.29849999999999
2014,8,6,29.15,29.15,1.778,29.15,0.1778,78.4602
2014,8,7,29.15,29.15,0.0,29.15,0.0,77.72605
2014,8,8,27.8,27.8,11.43,27.8,1.143,85.98765
2014,8,9,28.35,28.35,1.5239999999999998,28.35,0.15239999999999998,73.79345
2014,8,10,27.8,27.8,1.016,27.8,0.1016,81.57115
2014,8,11,28.050000000000008,28.050000000000008,8.382,28.050000000000008,0.8382,84.2327
2014,8,12,27.200000000000006,27.200000000000006,2.54,27.200000000000006,0.254,89.74934999999999
2014,8,13,26.95,26.95,0.508,26.95,0.0508,86.15205
2014,8,14,28.65,28.65,0.5380938930052737,28.65,0.053809389300527366,77.82220000000001
2014,8,15,28.600000000000005,28.600000000000005,9.703721525913712,28.600000000000005,0.9703721525913712,75.23585
2014,8,16,27.5,27.5,11.175999999999998,27.5,1.1176,90.88435
2014,8,17,29.200000000000003,29.200000000000003,0.508,29.200000000000003,0.0508,81.88485
2014,8,18,28.90000000000001,28.90000000000001,0.254,28.90000000000001,0.0254,77.9948
2014,8,19,29.200000000000003,29.200000000000003,2.7939999999999996,29.200000000000003,0.2794,81.78965
2014,8,20,27.550000000000004,27.550000000000004,10.16,27.550000000000004,1.016,83.1115
2014,8,21,28.55,28.55,2.7939999999999996,28.55,0.2794,84.24674999999999
2014,8,22,25.550000000000008,25.550000000000008,40.38600000000001,25.550000000000008,4.038600000000001,92.28925
2014,8,23,27.5,27.5,92.45599999999999,27.5,9.2456,88.34805
2014,8,24,28.65,28.65,3.8099999999999996,28.65,0.38099999999999995,79.77655
2014,8,25,29.15,29.15,1.27,29.15,0.127,70.12455
2014,8,26,30.55,30.55,0.508,30.55,0.0508,65.2649
2014,8,27,29.7,29.7,0.7619999999999999,29.7,0.07619999999999999,77.7096
2014,8,28,29.7,29.7,0.254,29.7,0.0254,73.21965
2014,8,29,27.8,27.8,0.7619999999999999,27.8,0.07619999999999999,77.63535
2014,8,30,28.9,28.9,1.016,28.9,0.1016,77.9948
2014,8,31,28.65,28.65,0.508,28.65,0.0508,75.4187
2014,9,1,28.9,28.9,4.3180000000000005,28.9,0.4318000000000001,76.54945000000001
2014,9,2,28.9,28.9,12.625224651856183,28.9,1.2625224651856182,81.51365000000001
2014,9,3,28.90000000000001,28.90000000000001,0.255784927049265,28.90000000000001,0.025578492704926497,77.69575
2014,9,4,28.050000000000008,28.050000000000008,1.778,28.050000000000008,0.1778,83.30855
2014,9,5,28.35,28.35,10.668,28.35,1.0668,81.2447
2014,9,6,28.65,28.65,1.016,28.65,0.1016,79.2809
2014,9,7,26.95,26.95,11.175999999999998,26.95,1.1176,85.89099999999999
2014,9,8,28.65,28.65,9.652,28.65,0.9652,79.37715
2014,9,9,28.35,28.35,1.1876692632295778,28.35,0.11876692632295778,79.33435
2014,9,10,28.90000000000001,28.90000000000001,6.386183636054338,28.90000000000001,0.6386183636054338,76.5025
2014,9,11,28.35,28.35,1.5239999999999998,28.35,0.15239999999999998,75.86590000000001
2014,9,12,29.45,29.45,0.254,29.45,0.0254,76.17269999999999
2014,9,13,28.90000000000001,28.90000000000001,2.54,28.90000000000001,0.254,77.1165
2014,9,14,28.050000000000008,28.050000000000008,4.826,28.050000000000008,0.4826,83.13395
2014,9,15,28.35,28.35,2.2859999999999996,28.35,0.22859999999999997,84.28505
2014,9,16,28.65,28.65,1.016,28.65,0.1016,77.95735
2014,9,17,28.65,28.65,0.254,28.65,0.0254,74.92
2014,9,18,28.65,28.65,1.016,28.65,0.1016,84.5576
2014,9,19,28.3,28.3,33.528,28.3,3.3528,79.70824999999999
2014,9,20,28.05,28.05,9.398,28.05,0.9398,79.6511
2014,9,21,28.90000000000001,28.90000000000001,0.254,28.90000000000001,0.0254,77.69575
2014,9,22,28.35,28.35,2.54,28.35,0.254,82.84275
2014,9,23,28.9,28.9,13.208,28.9,1.3208,81.56875
2014,9,24,28.35,28.35,5.334,28.35,0.5334,84.31295
2014,9,25,27.25,27.25,18.796,27.25,1.8796,86.03999999999999
2014,9,26,26.95,26.95,0.7619999999999999,26.95,0.07619999999999999,84.08965
2014,9,27,27.750000000000004,27.750000000000004,0.7619999999999999,27.750000000000004,0.07619999999999999,84.56075
2014,9,28,28.850000000000005,28.850000000000005,0.002477088522938827,28.850000000000005,0.0002477088522938827,76.95564999999999
2014,9,29,30.0,30.0,0.7619999999999999,30.0,0.07619999999999999,65.8284
2014,9,30,29.4,29.4,4.044362315804557,29.4,0.4044362315804557,70.84615
2014,10,1,29.200000000000003,29.200000000000003,0.0,29.200000000000003,0.0,76.94675000000001
2014,10,2,29.750000000000007,29.750000000000007,23.90213590858362,29.750000000000007,2.390213590858362,76.26605
2014,10,3,29.45,29.45,0.0025198818446549214,29.45,0.0002519881844654921,74.45715
2014,10,4,28.9,28.9,0.254,28.9,0.0254,76.9093
2014,10,5,28.65,28.65,0.4567037504910354,28.65,0.04567037504910354,76.792
2014,10,6,28.9,28.9,0.00262312691345882,28.9,0.00026231269134588197,72.6527
2014,10,7,29.15,29.15,0.254,29.15,0.0254,72.4555
2014,10,8,29.200000000000003,29.200000000000003,0.25257779079205933,29.200000000000003,0.025257779079205935,72.719
2014,10,9,28.600000000000005,28.600000000000005,4.330703597925608,28.600000000000005,0.4330703597925608,77.0903
2014,10,10,28.65,28.65,4.571999999999999,28.65,0.45719999999999994,77.3981
2014,10,11,30.3,30.3,4.064,30.3,0.4064,71.3606
2014,10,12,28.9,28.9,0.254,28.9,0.0254,80.334
2014,10,13,28.3,28.3,5.587999999999999,28.3,0.5588,79.10175
2014,10,14,27.750000000000004,27.750000000000004,11.175999999999998,27.750000000000004,1.1176,81.06245
2014,10,15,29.700000000000006,29.700000000000006,0.0,29.700000000000006,0.0,72.92865
2014,10,16,29.450000000000003,29.450000000000003,1.016,29.450000000000003,0.1016,75.6087
2014,10,17,28.65,28.65,0.2648644299907359,28.65,0.02648644299907359,74.78695
2014,10,18,28.90000000000001,28.90000000000001,2.7437175012533115,28.90000000000001,0.27437175012533116,73.49865
2014,10,19,28.90000000000001,28.90000000000001,5.925446812521842,28.90000000000001,0.5925446812521842,76.5025
2014,10,20,28.600000000000005,28.600000000000005,3.0479999999999996,28.600000000000005,0.30479999999999996,77.66069999999999
2014,10,21,28.65,28.65,0.254,28.65,0.0254,73.52285
2014,10,22,28.65,28.65,0.0025562916577747596,28.65,0.00025562916577747595,73.88755
2014,10,23,28.599999999999994,28.599999999999994,1.462370065995319,28.599999999999994,0.1462370065995319,75.42490000000001
2014,10,24,30.3,30.3,0.0,30.3,0.0,70.70005
2014,10,25,30.0,30.0,0.7619999999999999,30.0,0.07619999999999999,70.4746
2014,10,26,29.75,29.75,0.254,29.75,0.0254,69.96594999999999
2014,10,27,28.65,28.65,0.508,28.65,0.0508,77.58840000000001
2014,10,28,29.75,29.75,0.254,29.75,0.0254,75.6823
2014,10,29,29.45,29.45,1.778,29.45,0.1778,77.0683
2014,10,30,28.55,28.55,26.162,28.55,2.6162,86.03999999999999
2014,10,31,28.90000000000001,28.90000000000001,1.27,28.90000000000001,0.127,78.94555
2014,11,1,29.75,29.75,0.0,29.75,0.0,73.1061
2014,11,2,28.65,28.65,4.571999999999999,28.65,0.45719999999999994,83.3245
2014,11,3,26.40000000000001,26.40000000000001,40.64,26.40000000000001,4.064,84.923
2014,11,4,26.099999999999994,26.099999999999994,21.589999999999996,26.099999999999994,2.159,87.71775
2014,11,5,25.0,25.0,1.5239999999999998,25.0,0.15239999999999998,82.85015
2014,11,6,27.800000000000004,27.800000000000004,0.514000644832984,27.800000000000004,0.051400064483298404,77.8597
2014,11,7,24.200000000000003,24.200000000000003,85.344,24.200000000000003,8.5344,91.77515
2014,11,8,27.8,27.8,0.254,27.8,0.0254,79.32645
2014,11,9,29.15,29.15,2.7939999999999996,29.15,0.2794,77.423
2014,11,10,28.65,28.65,6.32366539802563,28.65,0.6323665398025631,79.4904
2014,11,11,28.050000000000008,28.050000000000008,12.404878298136007,28.050000000000008,1.2404878298136006,76.0027
2014,11,12,28.050000000000008,28.050000000000008,0.0028453639456920195,28.050000000000008,0.00028453639456920197,77.93675
2014,11,13,26.95,26.95,0.0,26.95,0.0,80.63755
2014,11,14,27.8,27.8,0.254,27.8,0.0254,79.96719999999999
2014,11,15,27.8,27.8,2.2859999999999996,27.8,0.22859999999999997,78.5243
2014,11,16,27.750000000000004,27.750000000000004,11.937999999999999,27.750000000000004,1.1938,84.2327
2014,11,17,27.750000000000004,27.750000000000004,1.5239999999999998,27.750000000000004,0.15239999999999998,80.2851
2014,11,18,27.8,27.8,0.508,27.8,0.0508,77.3029
2014,11,19,27.5,27.5,7.112,27.5,0.7112,82.01565
2014,11,20,27.5,27.5,1.778,27.5,0.1778,77.25025000000001
2014,11,21,27.5,27.5,7.112,27.5,0.7112,80.4921
2014,11,22,25.950000000000006,25.950000000000006,36.321999999999996,25.950000000000006,3.6321999999999997,91.09425
2014,11,23,27.25,27.25,1.016,27.25,0.1016,80.76474999999999
2014,11,24,26.9,26.9,8.889999999999999,26.9,0.8889999999999999,81.67750000000001
2014,11,25,27.200000000000006,27.200000000000006,8.636000000000001,27.200000000000006,0.8636000000000001,83.0016
2014,11,26,26.65,26.65,5.08,26.65,0.508,84.11404999999999
2014,11,27,26.350000000000005,26.350000000000005,0.0,26.350000000000005,0.0,77.28829999999999
2014,11,28,26.100000000000005,26.100000000000005,0.508,26.100000000000005,0.0508,77.9278
2014,11,29,26.4,26.4,17.018,26.4,1.7018,86.0561
2014,11,30,26.65,26.65,0.254,26.65,0.0254,85.73429999999999
2014,12,1,26.65,26.65,2.2859999999999996,26.65,0.22859999999999997,84.01650000000001
2014,12,2,26.9,26.9,3.8099999999999996,26.9,0.38099999999999995,81.61695
2014,12,3,26.65,26.65,0.7619999999999999,26.65,0.07619999999999999,82.6874
2014,12,4,26.65,26.65,0.254,26.65,0.0254,82.85249999999999
2014,12,5,27.200000000000006,27.200000000000006,0.254,27.200000000000006,0.0254,76.063
2014,12,6,26.9,26.9,2.032,26.9,0.2032,75.9324
2014,12,7,25.85,25.85,1.6789028010468032,25.85,0.16789028010468032,74.3656
2014,12,8,25.550000000000008,25.550000000000008,0.0023734705048340876,25.550000000000008,0.00023734705048340877,71.0906
2014,12,9,25.3,25.3,5.05330668359349,25.3,0.505330668359349,75.0909
2014,12,10,26.100000000000005,26.100000000000005,0.254,26.100000000000005,0.0254,81.57955
2014,12,11,26.65,26.65,0.2356933952061657,26.65,0.02356933952061657,78.01595
2014,12,12,26.65,26.65,0.508,26.65,0.0508,77.72385
2014,12,13,27.5,27.5,1.0275623138252397,27.5,0.10275623138252396,72.8865
2014,12,14,28.05,28.05,1.5239999999999998,28.05,0.15239999999999998,72.803
2014,12,15,25.28888888888889,25.28888888888889,10.413999999999998,25.28888888888889,1.0413999999999999,88.26480000000001
2014,12,16,24.450000000000003,24.450000000000003,96.52,24.450000000000003,9.652,91.02795
2014,12,17,26.099999999999994,26.099999999999994,0.254,26.099999999999994,0.0254,78.917
2014,12,18,26.350000000000005,26.350000000000005,3.0479999999999996,26.350000000000005,0.30479999999999996,73.7247
2014,12,19,26.100000000000005,26.100000000000005,0.508,26.100000000000005,0.0508,69.7871
2014,12,20,26.100000000000005,26.100000000000005,0.254,26.100000000000005,0.0254,75.33825
2014,12,21,26.099999999999994,26.099999999999994,1.3389642109289757,26.099999999999994,0.13389642109289757,71.72745
2014,12,22,26.100000000000005,26.100000000000005,0.7619999999999999,26.100000000000005,0.07619999999999999,80.16489999999999
2014,12,23,26.100000000000005,26.100000000000005,1.1686284444075423,26.100000000000005,0.11686284444075423,81.47614999999999
2014,12,24,26.350000000000005,26.350000000000005,1.27,26.350000000000005,0.127,71.29175000000001
2014,12,25,26.4,26.4,3.556,26.4,0.3556,84.71715
2014,12,26,25.85,25.85,6.066739975633188,25.85,0.6066739975633187,84.76425
2014,12,27,25.550000000000008,25.550000000000008,0.7619999999999999,25.550000000000008,0.07619999999999999,75.041
2014,12,28,26.099999999999994,26.099999999999994,4.826,26.099999999999994,0.4826,75.73230000000001
2014,12,29,26.700000000000003,26.700000000000003,0.7619999999999999,26.700000000000003,0.07619999999999999,74.24495
2014,12,30,26.65,26.65,0.7619999999999999,26.65,0.07619999999999999,78.18365
2014,12,31,26.95,26.95,0.508,26.95,0.0508,75.66765000000001
2015,1,1,26.350000000000005,26.350000000000005,2.032,26.350000000000005,0.2032,77.73070000000001
2015,1,2,26.4,26.4,0.254,26.4,0.0254,80.99955
2015,1,3,26.4,26.4,1.27,26.4,0.127,75.3632
2015,1,4,26.4,26.4,0.254,26.4,0.0254,72.22794999999999
2015,1,5,26.099999999999994,26.099999999999994,0.254,26.099999999999994,0.0254,76.948
2015,1,6,26.099999999999994,26.099999999999994,2.7939999999999996,26.099999999999994,0.2794,78.587155
2015,1,7,25.55,25.55,1.5239999999999998,25.55,0.15239999999999998,79.27170000000001
2015,1,8,25.25,25.25,5.587999999999999,25.25,0.5588,80.70955000000001
2015,1,9,24.7,24.7,1.778,24.7,0.1778,83.80335
2015,1,10,25.8,25.8,9.652,25.8,0.9652,83.0436
2015,1,11,26.099999999999994,26.099999999999994,3.0479999999999996,26.099999999999994,0.30479999999999996,81.94194999999999
2015,1,12,26.099999999999994,26.099999999999994,4.826,26.099999999999994,0.4826,85.95920000000001
2015,1,13,25.85,25.85,0.508,25.85,0.0508,84.71715
2015,1,14,26.65,26.65,4.660957167346388,26.65,0.4660957167346388,78.71495
2015,1,15,26.40000000000001,26.40000000000001,0.00258144625726988,26.40000000000001,0.000258144625726988,78.27725
2015,1,16,26.65,26.65,0.254,26.65,0.0254,76.9547
2015,1,17,26.100000000000005,26.100000000000005,3.8099999999999996,26.100000000000005,0.38099999999999995,84.82055
2015,1,18,25.300000000000004,25.300000000000004,13.462,25.300000000000004,1.3462,85.95920000000001
2015,1,19,25.550000000000008,25.550000000000008,1.016,25.550000000000008,0.1016,81.535
2015,1,20,25.25,25.25,0.2583999564581517,25.25,0.025839995645815173,76.1523
2015,1,21,25.85,25.85,3.996434464196285,25.85,0.39964344641962846,78.43736
2015,1,22,25.8,25.8,4.3180000000000005,25.8,0.4318000000000001,82.50095
2015,1,23,25.550000000000008,25.550000000000008,9.398,25.550000000000008,0.9398,87.074
2015,1,24,26.350000000000005,26.350000000000005,17.525999999999996,26.350000000000005,1.7525999999999997,78.172
2015,1,25,26.099999999999994,26.099999999999994,1.016,26.099999999999994,0.1016,75.2615
2015,1,26,26.4,26.4,0.00253474297172937,26.4,0.00025347429717293703,71.87975
2015,1,27,27.200000000000006,27.200000000000006,10.430003166033813,27.200000000000006,1.0430003166033814,72.4929
2015,1,28,27.250000000000007,27.250000000000007,0.0026172018039679395,27.250000000000007,0.000261720180396794,72.38855
2015,1,29,26.350000000000005,26.350000000000005,0.0,26.350000000000005,0.0,72.26480000000001
2015,1,30,25.25,25.25,13.462,25.25,1.3462,84.71715
2015,1,31,25.85,25.85,0.5346367856159489,25.85,0.05346367856159488,80.0815
2015,2,1,26.100000000000005,26.100000000000005,1.6017817688936289,26.100000000000005,0.1601781768893629,73.89725
2015,2,2,25.8,25.8,0.0023032414702117074,25.8,0.00023032414702117075,74.9587
2015,2,3,26.100000000000005,26.100000000000005,0.8116079799387235,26.100000000000005,0.08116079799387235,80.1849
2015,2,4,26.099999999999994,26.099999999999994,0.7619999999999999,26.099999999999994,0.07619999999999999,85.67325
2015,2,5,26.100000000000005,26.100000000000005,0.2622871606280078,26.100000000000005,0.026228716062800778,78.93735000000001
2015,2,6,25.85,25.85,5.587999999999999,25.85,0.5588,78.26044999999999
2015,2,7,25.0,25.0,1.629541384459468,25.0,0.1629541384459468,77.11275
2015,2,8,25.550000000000008,25.550000000000008,0.254,25.550000000000008,0.0254,82.23965
2015,2,9,26.700000000000003,26.700000000000003,7.486845134088602,26.700000000000003,0.7486845134088602,74.93185
2015,2,10,28.35,28.35,4.231325954225024,28.35,0.4231325954225024,65.4724
2015,2,11,28.90000000000001,28.90000000000001,0.0024954134226880505,28.90000000000001,0.00024954134226880503,68.7547
2015,2,12,25.0,25.0,16.256,25.0,1.6256,84.6128
2015,2,13,26.099999999999994,26.099999999999994,17.018,26.099999999999994,1.7018,85.36085
2015,2,14,26.4,26.4,7.366,26.4,0.7365999999999999,87.16454999999999
2015,2,15,25.85,25.85,1.016,25.85,0.1016,84.97704999999999
2015,2,16,25.0,25.0,1.778,25.0,0.1778,84.55545000000001
2015,2,17,26.700000000000003,26.700000000000003,5.842,26.700000000000003,0.5841999999999999,77.59545
2015,2,18,26.95,26.95,3.0479999999999996,26.95,0.30479999999999996,78.95645
2015,2,19,27.5,27.5,0.0,27.5,0.0,73.6143
2015,2,20,26.40000000000001,26.40000000000001,3.190487970812312,26.40000000000001,0.3190487970812312,76.45725
2015,2,21,25.8,25.8,13.97,25.8,1.397,86.0561
2015,2,22,25.8,25.8,1.5239999999999998,25.8,0.15239999999999998,82.58985
2015,2,23,25.25,25.25,10.816683454944387,25.25,1.0816683454944387,79.20765
2015,2,24,26.100000000000005,26.100000000000005,0.254,26.100000000000005,0.0254,78.14625000000001
2015,2,25,26.4,26.4,1.340566150347323,26.4,0.1340566150347323,74.78295
2015,2,26,26.700000000000003,26.700000000000003,5.903619836154915,26.700000000000003,0.5903619836154915,73.2744
2015,2,27,26.40000000000001,26.40000000000001,0.508,26.40000000000001,0.0508,72.8129
2015,2,28,25.55,25.55,2.032,25.55,0.2032,81.07215
2015,3,1,26.099999999999994,26.099999999999994,0.2553647642960539,26.099999999999994,0.025536476429605392,72.8257
2015,3,2,25.0,25.0,9.652,25.0,0.9652,79.1983
2015,3,3,25.25,25.25,3.0479999999999996,25.25,0.30479999999999996,77.9457
2015,3,4,25.0,25.0,4.3180000000000005,25.0,0.4318000000000001,74.32705
2015,3,5,26.350000000000005,26.350000000000005,0.254,26.350000000000005,0.0254,72.00665000000001
2015,3,6,26.100000000000005,26.100000000000005,1.3158568522761094,26.100000000000005,0.13158568522761094,71.11269999999999
2015,3,7,26.65,26.65,0.7619999999999999,26.65,0.07619999999999999,68.6052
2015,3,8,25.0,25.0,0.7619999999999999,25.0,0.07619999999999999,77.0019
2015,3,9,25.85,25.85,1.016,25.85,0.1016,80.48965
2015,3,10,26.099999999999994,26.099999999999994,0.508,26.099999999999994,0.0508,80.34375
2015,3,11,25.300000000000004,25.300000000000004,4.064,25.300000000000004,0.4064,83.46315
2015,3,12,25.8,25.8,0.508,25.8,0.0508,81.2009
2015,3,13,25.0,25.0,0.7619999999999999,25.0,0.07619999999999999,80.12305
2015,3,14,25.550000000000008,25.550000000000008,0.0025787678625962002,25.550000000000008,0.00025787678625962,80.2339
2015,3,15,25.3,25.3,2.336024973411407,25.3,0.23360249734114072,73.6277
2015,3,16,25.25,25.25,1.016,25.25,0.1016,80.2339
2015,3,17,25.0,25.0,1.9878586574414645,25.0,0.19878586574414644,77.99985000000001
2015,3,18,25.85,25.85,0.5218206389360709,25.85,0.05218206389360709,75.041
2015,3,19,26.350000000000005,26.350000000000005,2.01456692093686,26.350000000000005,0.201456692093686,76.7516
2015,3,20,25.85,25.85,0.00254758438784872,25.85,0.000254758438784872,73.9734
2015,3,21,26.4,26.4,1.2755187777603165,26.4,0.12755187777603166,74.84334999999999
2015,3,22,26.088888888888896,26.088888888888896,0.00260804257287064,26.088888888888896,0.000260804257287064,75.113
2015,3,23,26.40000000000001,26.40000000000001,8.382,26.40000000000001,0.8382,74.32705
2015,3,24,26.100000000000005,26.100000000000005,1.27,26.100000000000005,0.127,81.47614999999999
2015,3,25,26.100000000000005,26.100000000000005,0.5484819676818793,26.100000000000005,0.05484819676818793,79.20765
2015,3,26,26.65,26.65,6.888638166635799,26.65,0.6888638166635799,71.7393
2015,3,27,27.5,27.5,0.2619437571963807,27.5,0.02619437571963807,67.21105
2015,3,28,27.5,27.5,0.0025627751707945,27.5,0.00025627751707944996,70.68615
2015,3,29,27.200000000000006,27.200000000000006,0.002360055613401285,27.200000000000006,0.00023600556134012847,67.79625
2015,3,30,26.700000000000003,26.700000000000003,0.0,26.700000000000003,0.0,73.15895
2015,3,31,25.3,25.3,0.27556835795633217,25.3,0.027556835795633217,73.38974999999999
2015,4,1,26.099999999999994,26.099999999999994,0.254,26.099999999999994,0.0254,74.26595
2015,4,2,26.95,26.95,2.740685110950979,26.95,0.2740685110950979,76.4958
2015,4,3,27.200000000000006,27.200000000000006,0.002546142716543599,27.200000000000006,0.00025461427165435993,63.3176
2015,4,4,26.099999999999994,26.099999999999994,0.503396103118094,26.099999999999994,0.050339610311809405,70.28829999999999
2015,4,5,26.100000000000005,26.100000000000005,0.26428736151620863,26.100000000000005,0.026428736151620863,77.44465
2015,4,6,26.40000000000001,26.40000000000001,7.366,26.40000000000001,0.7365999999999999,79.40005
2015,4,7,26.95,26.95,0.0021999899738551587,26.95,0.00021999899738551587,74.23585
2015,4,8,26.40000000000001,26.40000000000001,1.778,26.40000000000001,0.1778,76.33825
2015,4,9,26.65,26.65,4.3180000000000005,26.65,0.4318000000000001,75.89255
2015,4,10,26.350000000000005,26.350000000000005,11.43,26.350000000000005,1.143,82.0817
2015,4,11,26.40000000000001,26.40000000000001,0.254,26.40000000000001,0.0254,77.20645
2015,4,12,26.95,26.95,0.508,26.95,0.0508,77.34385
2015,4,13,26.65,26.65,2.2859999999999996,26.65,0.22859999999999997,76.275
2015,4,14,26.099999999999994,26.099999999999994,1.27,26.099999999999994,0.127,77.9278
2015,4,15,26.099999999999994,26.099999999999994,2.2859999999999996,26.099999999999994,0.22859999999999997,79.24504999999999
2015,4,16,26.350000000000005,26.350000000000005,0.002470312918329942,26.350000000000005,0.0002470312918329942,68.73134999999999
2015,4,17,26.350000000000005,26.350000000000005,0.7619999999999999,26.350000000000005,0.07619999999999999,82.92779999999999
2015,4,18,27.5,27.5,0.0,27.5,0.0,71.7324
2015,4,19,27.750000000000004,27.750000000000004,1.2669559898570646,27.750000000000004,0.12669559898570645,75.84065
2015,4,20,28.050000000000008,28.050000000000008,0.0,28.050000000000008,0.0,74.4817
2015,4,21,27.750000000000004,27.750000000000004,0.24901803999163868,27.750000000000004,0.02490180399916387,70.4857
2015,4,22,27.200000000000006,27.200000000000006,0.23684857601224601,27.200000000000006,0.0236848576012246,68.48875000000001
2015,4,23,27.200000000000006,27.200000000000006,0.6911903665859687,27.200000000000006,0.06911903665859687,71.2743
2015,4,24,28.600000000000005,28.600000000000005,0.0026592357088788803,28.600000000000005,0.000265923570887888,67.26650000000001
2015,4,25,29.75,29.75,0.7145560971840357,29.75,0.07145560971840356,64.8707
2015,4,26,29.700000000000006,29.700000000000006,0.0023577294135834572,29.700000000000006,0.00023577294135834572,64.29195
2015,4,27,30.0,30.0,0.7059896697938156,30.0,0.07059896697938156,65.8999
2015,4,28,30.550000000000008,30.550000000000008,0.0,30.550000000000008,0.0,64.58565
2015,4,29,30.0,30.0,0.0,30.0,0.0,63.08905
2015,4,30,30.250000000000004,30.250000000000004,0.0,30.250000000000004,0.0,60.1595
2015,5,1,29.15,29.15,0.0,29.15,0.0,63.615750000000006
2015,5,2,29.15,29.15,0.0,29.15,0.0,63.5689
2015,5,3,29.15,29.15,0.0,29.15,0.0,66.13544999999999
2015,5,4,29.200000000000003,29.200000000000003,7.3665282316837715,29.200000000000003,0.7366528231683771,70.1104
2015,5,5,28.050000000000008,28.050000000000008,0.727030856801741,28.050000000000008,0.0727030856801741,71.9139
2015,5,6,28.90000000000001,28.90000000000001,0.00256285962707466,28.90000000000001,0.00025628596270746597,65.53829999999999
2015,5,7,29.15,29.15,0.0,29.15,0.0,62.9417
2015,5,8,29.15,29.15,0.0,29.15,0.0,64.17654999999999
2015,5,9,28.600000000000005,28.600000000000005,1.778,28.600000000000005,0.1778,66.3085
2015,5,10,28.9,28.9,0.254,28.9,0.0254,71.5039
2015,5,11,28.65,28.65,0.0024742788358311845,28.65,0.00024742788358311844,67.29015
2015,5,12,28.050000000000008,28.050000000000008,0.508,28.050000000000008,0.0508,75.46565
2015,5,13,28.90000000000001,28.90000000000001,0.0,28.90000000000001,0.0,66.50605
2015,5,14,27.750000000000004,27.750000000000004,0.002491468979171007,27.750000000000004,0.0002491468979171007,75.28055
2015,5,15,27.750000000000004,27.750000000000004,0.508,27.750000000000004,0.0508,77.2364
2015,5,16,27.750000000000004,27.750000000000004,2.7939999999999996,27.750000000000004,0.2794,75.95975
2015,5,17,27.5,27.5,1.016,27.5,0.1016,80.2261
2015,5,18,27.550000000000004,27.550000000000004,0.0,27.550000000000004,0.0,76.526805
2015,5,19,27.750000000000004,27.750000000000004,1.4291993841049737,27.750000000000004,0.14291993841049738,73.25545
2015,5,20,27.750000000000004,27.750000000000004,12.953999999999999,27.750000000000004,1.2953999999999999,83.30855
2015,5,21,28.600000000000005,28.600000000000005,0.23731103343874918,28.600000000000005,0.023731103343874918,78.67735
2015,5,22,29.450000000000003,29.450000000000003,3.359425768738131,29.450000000000003,0.33594257687381307,74.83545000000001
2015,5,23,28.65,28.65,0.5595222581613278,28.65,0.05595222581613278,76.792
2015,5,24,28.35,28.35,0.0,28.35,0.0,72.2548
2015,5,25,28.050000000000008,28.050000000000008,0.508,28.050000000000008,0.0508,73.79575
2015,5,26,27.5,27.5,2.0790548137073928,27.5,0.20790548137073928,76.65315
2015,5,27,27.5,27.5,0.254,27.5,0.0254,74.35925
2015,5,28,28.35,28.35,0.0024634078735456064,28.35,0.0002463407873545606,69.04875
2015,5,29,27.8,27.8,12.953999999999999,27.8,1.2953999999999999,83.82730000000001
2015,5,30,27.5,27.5,2.2340501293428905,27.5,0.22340501293428905,81.7276
2015,5,31,28.9,28.9,10.668,28.9,1.0668,78.1902
2015,6,1,28.65,28.65,3.892782100255727,28.65,0.38927821002557267,79.8698
2015,6,2,28.1,28.1,2.2859999999999996,28.1,0.22859999999999997,85.51329999999999
2015,6,3,28.050000000000008,28.050000000000008,1.778,28.050000000000008,0.1778,84.225
2015,6,4,28.599999999999994,28.599999999999994,0.0,28.599999999999994,0.0,75.133
2015,6,5,30.0,30.0,0.0,30.0,0.0,65.62315
2015,6,6,29.45,29.45,0.0,29.45,0.0,70.71105
2015,6,7,30.0,30.0,0.0,30.0,0.0,69.4098
2015,6,8,29.15,29.15,0.0,29.15,0.0,67.49555000000001
2015,6,9,28.90000000000001,28.90000000000001,0.00243888608364248,28.90000000000001,0.000243888608364248,73.4298
2015,6,10,28.35,28.35,1.016,28.35,0.1016,76.7555
2015,6,11,27.750000000000004,27.750000000000004,3.556,27.750000000000004,0.3556,79.60035
2015,6,12,28.599999999999994,28.599999999999994,16.256,28.599999999999994,1.6256,78.94065
2015,6,13,29.700000000000006,29.700000000000006,0.508,29.700000000000006,0.0508,73.71255
2015,6,14,29.45,29.45,0.7270216411246834,29.45,0.07270216411246834,73.9894
2015,6,15,28.65,28.65,0.2438983306806739,28.65,0.02438983306806739,74.88875
2015,6,16,28.35,28.35,11.193029717024338,28.35,1.1193029717024339,74.4102
2015,6,17,28.050000000000008,28.050000000000008,1.27,28.050000000000008,0.127,88.36224999999999
2015,6,18,28.90000000000001,28.90000000000001,10.297003337823378,28.90000000000001,1.0297003337823378,83.33855
2015,6,19,29.450000000000003,29.450000000000003,4.441897838191875,29.450000000000003,0.4441897838191875,74.8926
2015,6,20,28.90000000000001,28.90000000000001,0.0023781342398100504,28.90000000000001,0.00023781342398100503,73.02860000000001
2015,6,21,28.9,28.9,1.5239999999999998,28.9,0.15239999999999998,71.8532335
2015,6,22,27.85,27.85,5.334,27.85,0.5334,82.31049999999999
2015,6,23,29.15,29.15,0.00256766687191024,29.15,0.000256766687191024,76.38925
2015,6,24,29.200000000000003,29.200000000000003,1.016,29.200000000000003,0.1016,74.625
2015,6,25,29.15,29.15,0.9654886434898289,29.15,0.09654886434898288,71.5039
2015,6,26,28.90000000000001,28.90000000000001,5.08,28.90000000000001,0.508,79.0403
2015,6,27,29.200000000000003,29.200000000000003,2.2859999999999996,29.200000000000003,0.22859999999999997,74.59485
2015,6,28,29.450000000000003,29.450000000000003,0.508,29.450000000000003,0.0508,72.0682
2015,6,29,29.45,29.45,0.2522811539219383,29.45,0.02522811539219383,70.1366
2015,6,30,27.200000000000006,27.200000000000006,10.413999999999998,27.200000000000006,1.0413999999999999,85.45859999999999
2015,7,1,28.05555555555556,28.05555555555556,3.8099999999999996,28.05555555555556,0.38099999999999995,79.369552
2015,7,2,29.200000000000003,29.200000000000003,0.0,29.200000000000003,0.0,71.94035
2015,7,3,29.850000000000005,29.850000000000005,0.002497863702928463,29.850000000000005,0.0002497863702928463,65.52435
2015,7,4,28.90000000000001,28.90000000000001,42.92200684132606,28.90000000000001,4.292200684132606,77.57634999999999
2015,7,5,29.200000000000003,29.200000000000003,1.9923156088978764,29.200000000000003,0.19923156088978763,71.5998
2015,7,6,28.65,28.65,5.796062388192038,28.65,0.5796062388192038,76.63765000000001
2015,7,7,28.65,28.65,8.44611920473097,28.65,0.844611920473097,72.8519
2015,7,8,29.200000000000003,29.200000000000003,2.5980426626442443,29.200000000000003,0.25980426626442443,76.4012
2015,7,9,28.65,28.65,0.508,28.65,0.0508,76.1265
2015,7,10,28.35,28.35,0.508,28.35,0.0508,78.84909999999999
2015,7,11,29.200000000000003,29.200000000000003,0.5243273822094832,29.200000000000003,0.052432738220948315,72.43325
2015,7,12,26.4,26.4,14.985999999999999,26.4,1.4986,87.16454999999999
2015,7,13,28.9,28.9,1.8570888839013087,28.9,0.18570888839013086,73.27175
2015,7,14,28.35,28.35,13.462,28.35,1.3462,85.5618
2015,7,15,28.599999999999994,28.599999999999994,0.002471673084563528,28.599999999999994,0.00024716730845635276,77.27545
2015,7,16,28.35,28.35,1.5239999999999998,28.35,0.15239999999999998,81.4788
2015,7,17,28.35,28.35,5.81706903898769,28.35,0.581706903898769,77.49180000000001
2015,7,18,28.35,28.35,0.00270717589962518,28.35,0.000270717589962518,71.84555
2015,7,19,27.750000000000004,27.750000000000004,2.2859999999999996,27.750000000000004,0.22859999999999997,76.3925
2015,7,20,27.5,27.5,2.7939999999999996,27.5,0.2794,82.1121
2015,7,21,28.35,28.35,0.508,28.35,0.0508,82.65495
2015,7,22,29.75,29.75,0.0025148334475589033,29.75,0.00025148334475589033,73.306965
2015,7,23,29.15,29.15,0.5094325921034892,29.15,0.05094325921034892,79.03255
2015,7,24,28.9,28.9,0.0026753717459031597,28.9,0.000267537174590316,78.2331
2015,7,25,28.9,28.9,0.002498710715473775,28.9,0.00024987107154737754,74.3338
2015,7,26,29.450000000000003,29.450000000000003,6.156418624042553,29.450000000000003,0.6156418624042553,71.57665
2015,7,27,29.15,29.15,0.0025973133424800196,29.15,0.00025973133424800197,73.914
2015,7,28,29.45,29.45,0.0026294527660395,29.45,0.00026294527660395003,74.45715
2015,7,29,29.45,29.45,0.0024277643554680367,29.45,0.00024277643554680367,73.02860000000001
2015,7,30,29.750000000000007,29.750000000000007,0.9641448495758397,29.750000000000007,0.09641448495758397,75.35315
2015,7,31,29.450000000000003,29.450000000000003,0.508,29.450000000000003,0.0508,76.94675000000001
2015,8,1,28.9,28.9,0.508,28.9,0.0508,73.0922
2015,8,2,27.750000000000004,27.750000000000004,9.143999999999998,27.750000000000004,0.9143999999999999,81.5797
2015,8,3,29.700000000000006,29.700000000000006,1.016,29.700000000000006,0.1016,75.40259999999999
2015,8,4,29.15,29.15,0.265086120151439,29.15,0.0265086120151439,78.9252
2015,8,5,28.599999999999994,28.599999999999994,3.0479999999999996,28.599999999999994,0.30479999999999996,78.8
2015,8,6,29.15,29.15,1.016,29.15,0.1016,74.8558
2015,8,7,28.3,28.3,1.27,28.3,0.127,81.68885
2015,8,8,30.0,30.0,11.175999999999998,30.0,1.1176,75.01485
2015,8,9,28.9,28.9,0.0,28.9,0.0,73.37225
2015,8,10,29.45,29.45,1.7698486967929923,29.45,0.17698486967929922,72.56585
2015,8,11,28.9,28.9,0.254,28.9,0.0254,76.14104999999999
2015,8,12,29.750000000000007,29.750000000000007,0.4783229816113259,29.750000000000007,0.04783229816113259,73.18125
2015,8,13,28.9,28.9,0.47325423398830035,28.9,0.04732542339883004,75.9873
2015,8,14,29.450000000000003,29.450000000000003,1.8061381306732045,29.450000000000003,0.18061381306732044,72.56585
2015,8,15,29.200000000000003,29.200000000000003,0.254,29.200000000000003,0.0254,78.91900000000001
2015,8,16,28.35,28.35,46.227999999999994,28.35,4.6228,80.56265
2015,8,17,26.95,26.95,14.477999999999998,26.95,1.4477999999999998,81.5065
2015,8,18,26.95,26.95,2.032,26.95,0.2032,85.98765
2015,8,19,27.5,27.5,9.795301724215593,27.5,0.9795301724215593,83.388
2015,8,20,28.050000000000008,28.050000000000008,20.69850241324389,28.050000000000008,2.069850241324389,86.03999999999999
2015,8,21,27.750000000000004,27.750000000000004,26.416,27.750000000000004,2.6416,87.351
2015,8,22,27.8,27.8,16.468673956936097,27.8,1.6468673956936097,82.61529999999999
2015,8,23,27.8,27.8,0.508,27.8,0.0508,81.4788
2015,8,24,28.35,28.35,0.7619999999999999,28.35,0.07619999999999999,83.30855
2015,8,25,25.85,25.85,12.191999999999998,25.85,1.2191999999999998,95.2417
2015,8,26,27.200000000000006,27.200000000000006,61.91196141947748,27.200000000000006,6.1911961419477475,91.22465
2015,8,27,28.050000000000008,28.050000000000008,6.35,28.050000000000008,0.635,83.78975
2015,8,28,28.050000000000008,28.050000000000008,5.587999999999999,28.050000000000008,0.5588,73.7971
2015,8,29,29.200000000000003,29.200000000000003,3.172293938433307,29.200000000000003,0.3172293938433307,74.92
2015,8,30,28.65,28.65,7.366,28.65,0.7365999999999999,81.172
2015,8,31,28.90000000000001,28.90000000000001,2.534615401891209,28.90000000000001,0.25346154018912087,77.58840000000001
2015,9,1,28.599999999999994,28.599999999999994,41.91,28.599999999999994,4.191,78.2331
2015,9,2,29.200000000000003,29.200000000000003,4.826,29.200000000000003,0.4826,75.60725000000001
2015,9,3,29.15,29.15,5.86243942755795,29.15,0.5862439427557951,75.5364
2015,9,4,28.90000000000001,28.90000000000001,0.00272662556457642,28.90000000000001,0.00027266255645764197,74.9442
2015,9,5,28.90000000000001,28.90000000000001,3.302,28.90000000000001,0.3302,73.0024
2015,9,6,29.700000000000006,29.700000000000006,0.0026062316560962395,29.700000000000006,0.00026062316560962397,67.15
2015,9,7,29.450000000000003,29.450000000000003,3.0479999999999996,29.450000000000003,0.30479999999999996,73.15
2015,9,8,28.90000000000001,28.90000000000001,0.254,28.90000000000001,0.0254,73.9456
2015,9,9,29.45,29.45,0.0,29.45,0.0,68.23805
2015,9,10,29.15,29.15,5.08,29.15,0.508,77.83930000000001
2015,9,11,29.45,29.45,3.8099999999999996,29.45,0.38099999999999995,77.68424999999999
2015,9,12,27.200000000000006,27.200000000000006,0.0027746347931653396,27.200000000000006,0.000277463479316534,71.3094
2015,9,13,29.45,29.45,6.35,29.45,0.635,74.6014
2015,9,14,28.90000000000001,28.90000000000001,3.714098138055774,28.90000000000001,0.37140981380557736,72.9708
2015,9,15,27.85,27.85,0.7619999999999999,27.85,0.07619999999999999,78.9252
2015,9,16,28.9,28.9,1.27,28.9,0.127,70.2016
2015,9,17,28.90000000000001,28.90000000000001,0.0,28.90000000000001,0.0,73.8848
2015,9,18,28.600000000000005,28.600000000000005,3.045574306133773,28.600000000000005,0.30455743061337726,72.59909999999999
2015,9,19,28.90000000000001,28.90000000000001,0.0025431424549622198,28.90000000000001,0.000254314245496222,74.83095
2015,9,20,28.90000000000001,28.90000000000001,10.668,28.90000000000001,1.0668,73.914
2015,9,21,28.35,28.35,0.0,28.35,0.0,72.95295
2015,9,22,28.35,28.35,26.924,28.35,2.6924,73.8771
2015,9,23,28.050000000000008,28.050000000000008,0.508,28.050000000000008,0.0508,76.11915
2015,9,24,28.9,28.9,1.219044361547122,28.9,0.1219044361547122,74.69195
2015,9,25,30.3,30.3,0.0,30.3,0.0,66.8163
2015,9,26,30.0,30.0,0.0024934298667497142,30.0,0.00024934298667497143,69.16495
2015,9,27,30.250000000000004,30.250000000000004,0.0,30.250000000000004,0.0,63.6323
2015,9,28,29.200000000000003,29.200000000000003,4.478297704015096,29.200000000000003,0.4478297704015096,73.82735
2015,9,29,30.0,30.0,0.0,30.0,0.0,68.60640000000001
2015,9,30,29.700000000000006,29.700000000000006,0.0,29.700000000000006,0.0,65.17005
2015,10,1,30.550000000000008,30.550000000000008,0.0,30.550000000000008,0.0,63.08905
2015,10,2,30.85,30.85,0.4930345195622348,30.85,0.04930345195622348,65.7932
2015,10,3,30.0,30.0,0.002463269606581043,30.0,0.0002463269606581043,65.0824
2015,10,4,31.65,31.65,0.2655388775403471,31.65,0.02655388775403471,61.2033
2015,10,5,31.40000000000001,31.40000000000001,0.0024702478675832857,31.40000000000001,0.00024702478675832856,64.34559999999999
2015,10,6,30.550000000000008,30.550000000000008,0.00259992240489714,30.550000000000008,0.000259992240489714,65.65525
2015,10,7,30.15,30.15,0.7619999999999999,30.15,0.07619999999999999,73.15
2015,10,8,30.0,30.0,0.7688551081093982,30.0,0.07688551081093982,75.58335
2015,10,9,29.15,29.15,1.016,29.15,0.1016,71.57665
2015,10,10,30.0,30.0,2.3963915609472113,30.0,0.23963915609472114,71.47285
2015,10,11,30.0,30.0,0.2510875540002961,30.0,0.02510875540002961,70.9358
2015,10,12,30.0,30.0,1.27,30.0,0.127,73.31935
2015,10,13,29.450000000000003,29.450000000000003,7.112,29.450000000000003,0.7112,66.3085
2015,10,14,29.750000000000007,29.750000000000007,0.508,29.750000000000007,0.0508,69.81255
2015,10,15,28.65,28.65,8.274965589485895,28.65,0.8274965589485894,72.8519
2015,10,16,28.9,28.9,0.508,28.9,0.0508,74.57605000000001
2015,10,17,28.9,28.9,8.889999999999999,28.9,0.8889999999999999,76.38925
2015,10,18,28.65,28.65,0.254,28.65,0.0254,76.06295
2015,10,19,28.65,28.65,0.0,28.65,0.0,74.00205
2015,10,20,29.45,29.45,0.0,29.45,0.0,62.5648
2015,10,21,29.15,29.15,29.87940722035861,29.15,2.987940722035861,71.94035
2015,10,22,30.0,30.0,3.4530911291241253,30.0,0.3453091129124125,65.99855
2015,10,23,28.90000000000001,28.90000000000001,0.254,28.90000000000001,0.0254,70.0034
2015,10,24,27.5,27.5,1.016,27.5,0.1016,74.73440000000001
2015,10,25,26.800000000000008,26.800000000000008,6.095999999999999,26.800000000000008,0.6095999999999999,74.78630000000001
2015,10,26,26.099999999999994,26.099999999999994,1.2247599043269433,26.099999999999994,0.12247599043269433,79.73325
2015,10,27,27.5,27.5,1.27,27.5,0.127,78.86555
2015,10,28,28.050000000000008,28.050000000000008,12.7,28.050000000000008,1.27,81.6185
2015,10,29,28.050000000000008,28.050000000000008,0.254,28.050000000000008,0.0254,79.20230000000001
2015,10,30,28.35,28.35,0.5117448978029377,28.35,0.05117448978029378,73.45125
2015,10,31,28.35,28.35,2.2859999999999996,28.35,0.22859999999999997,73.54560000000001
2015,11,1,26.800000000000008,26.800000000000008,40.89399999999999,26.800000000000008,4.0893999999999995,84.86725
2015,11,2,27.200000000000006,27.200000000000006,6.35,27.200000000000006,0.635,81.18594999999999
2015,11,3,27.25,27.25,21.843999999999998,27.25,2.1843999999999997,84.32714999999999
2015,11,4,27.5,27.5,1.5239999999999998,27.5,0.15239999999999998,77.68835
2015,11,5,28.050000000000008,28.050000000000008,4.571999999999999,28.050000000000008,0.45719999999999994,77.70895
2015,11,6,27.5,27.5,0.508,27.5,0.0508,79.0825
2015,11,7,26.65,26.65,12.7,26.65,1.27,84.195
2015,11,8,27.750000000000004,27.750000000000004,0.7619999999999999,27.750000000000004,0.07619999999999999,79.35195
2015,11,9,28.050000000000008,28.050000000000008,0.0,28.050000000000008,0.0,75.60725000000001
2015,11,10,27.550000000000004,27.550000000000004,36.57599999999999,27.550000000000004,3.6575999999999995,78.435
2015,11,11,27.5,27.5,2.2791441449497865,27.5,0.22791441449497865,81.71940000000001
2015,11,12,27.8,27.8,1.5134731532537684,27.8,0.15134731532537685,73.25545
2015,11,13,28.050000000000008,28.050000000000008,0.254,28.050000000000008,0.0254,74.00205
2015,11,14,27.8,27.8,0.508,27.8,0.0508,76.0027
2015,11,15,27.750000000000004,27.750000000000004,0.254,27.750000000000004,0.0254,74.21405
2015,11,16,27.8,27.8,24.637999999999998,27.8,2.4638,73.62545
2015,11,17,27.5,27.5,5.587999999999999,27.5,0.5588,75.89255
2015,11,18,28.050000000000008,28.050000000000008,0.7619999999999999,28.050000000000008,0.07619999999999999,75.58665
2015,11,19,26.95,26.95,3.556,26.95,0.3556,75.95975
2015,11,20,26.9,26.9,0.7619999999999999,26.9,0.07619999999999999,67.5358
2015,11,21,25.550000000000008,25.550000000000008,1.5239999999999998,25.550000000000008,0.15239999999999998,71.87355
2015,11,22,26.100000000000005,26.100000000000005,0.7619999999999999,26.100000000000005,0.07619999999999999,71.98025
2015,11,23,27.8,27.8,1.9253152071149984,27.8,0.19253152071149984,75.28055
2015,11,24,28.3,28.3,0.0,28.3,0.0,67.09515
2015,11,25,27.25,27.25,0.254,27.25,0.0254,72.31445
2015,11,26,26.65,26.65,7.366,26.65,0.7365999999999999,77.72385
2015,11,27,28.3,28.3,0.0024226036510158304,28.3,0.00024226036510158303,68.77355
2015,11,28,26.444444444444443,26.444444444444443,23.368,26.444444444444443,2.3367999999999998,84.19319
2015,11,29,25.450000000000003,25.450000000000003,7.874,25.450000000000003,0.7874,86.054145
2015,11,30,27.194444444444446,27.194444444444446,0.254,27.194444444444446,0.0254,76.48079
2015,12,1,27.200000000000006,27.200000000000006,11.43,27.200000000000006,1.143,81.67750000000001
2015,12,2,27.750000000000004,27.750000000000004,0.254,27.750000000000004,0.0254,78.3814
2015,12,3,28.000000000000004,28.000000000000004,0.254,28.000000000000004,0.0254,71.0842
2015,12,4,27.200000000000006,27.200000000000006,0.508,27.200000000000006,0.0508,78.01595
2015,12,5,27.5,27.5,0.508,27.5,0.0508,77.62745000000001
2015,12,6,26.4,26.4,4.064,26.4,0.4064,77.15270000000001
2015,12,7,26.099999999999994,26.099999999999994,35.81399999999999,26.099999999999994,3.5813999999999995,81.95625
2015,12,8,26.65,26.65,0.254,26.65,0.0254,76.61505
2015,12,9,27.5,27.5,0.0,27.5,0.0,67.66755
2015,12,10,27.200000000000006,27.200000000000006,0.2570785469302573,27.200000000000006,0.02570785469302573,68.5834
2015,12,11,26.95,26.95,6.919405715625561,26.95,0.6919405715625561,72.33635000000001
2015,12,12,26.95,26.95,0.23413432471579881,26.95,0.02341343247157988,70.3798
2015,12,13,26.65,26.65,0.0,26.65,0.0,70.49164999999999
2015,12,14,27.200000000000006,27.200000000000006,0.25112160030163694,27.200000000000006,0.025112160030163692,71.71809999999999
2015,12,15,26.65,26.65,0.0026286835870774792,26.65,0.00026286835870774794,69.62035
2015,12,16,27.25,27.25,0.2511371612367482,27.25,0.025113716123674818,66.0872
2015,12,17,26.65,26.65,1.27,26.65,0.127,74.23585
2015,12,18,26.65,26.65,0.7667928102933874,26.65,0.07667928102933874,72.24289999999999
2015,12,19,26.350000000000005,26.350000000000005,1.27,26.350000000000005,0.127,76.3636
2015,12,20,25.8,25.8,3.302,25.8,0.3302,80.2339
2015,12,21,26.95,26.95,1.778,26.95,0.1778,72.9228
2015,12,22,26.4,26.4,1.778,26.4,0.1778,76.275
2015,12,23,26.9,26.9,0.508,26.9,0.0508,71.78505
2015,12,24,26.9,26.9,2.7939999999999996,26.9,0.2794,75.89255
2015,12,25,26.65,26.65,4.571999999999999,26.65,0.45719999999999994,76.78790000000001
2015,12,26,26.099999999999994,26.099999999999994,3.0479999999999996,26.099999999999994,0.30479999999999996,80.2479
2015,12,27,25.85,25.85,1.778,25.85,0.1778,75.73230000000001
2015,12,28,25.550000000000008,25.550000000000008,4.064,25.550000000000008,0.4064,81.10585
2015,12,29,26.099999999999994,26.099999999999994,0.254,26.099999999999994,0.0254,77.8653
2015,12,30,25.8,25.8,5.842,25.8,0.5841999999999999,79.80675
2015,12,31,25.55,25.55,1.5239999999999998,25.55,0.15239999999999998,76.9163
2016,1,1,25.550000000000008,25.550000000000008,0.508,25.550000000000008,0.0508,76.33695
2016,1,2,25.0,25.0,0.231939614892291,25.0,0.0231939614892291,74.2293
2016,1,3,25.550000000000008,25.550000000000008,0.001985144893127643,25.550000000000008,0.0001985144893127643,74.65495
2016,1,4,26.4,26.4,1.016,26.4,0.1016,69.35135
2016,1,5,25.55,25.55,0.7555560596085873,25.55,0.07555560596085872,76.5946
2016,1,6,26.099999999999994,26.099999999999994,7.619999999999999,26.099999999999994,0.7619999999999999,78.4429
2016,1,7,26.4,26.4,0.0,26.4,0.0,69.90125
2016,1,8,26.33888888888889,26.33888888888889,0.0,26.33888888888889,0.0,74.730088
2016,1,9,25.550000000000008,25.550000000000008,1.4968926673460792,25.550000000000008,0.14968926673460792,79.5192
2016,1,10,26.4,26.4,4.625704588205302,26.4,0.4625704588205302,78.4693
2016,1,11,26.099999999999994,26.099999999999994,2.7939999999999996,26.099999999999994,0.2794,80.13705
2016,1,12,25.25,25.25,2.4843549760322694,25.25,0.24843549760322695,75.2193
2016,1,13,25.550000000000008,25.550000000000008,0.0,25.550000000000008,0.0,68.34945
2016,1,14,25.550000000000008,25.550000000000008,0.0024925179033261392,25.550000000000008,0.00024925179033261395,68.693
2016,1,15,25.550000000000008,25.550000000000008,1.0306728984769307,25.550000000000008,0.10306728984769306,66.7218
2016,1,16,25.8,25.8,0.00270920835338348,25.8,0.000270920835338348,74.9927
2016,1,17,26.100000000000005,26.100000000000005,0.5369508445992693,26.100000000000005,0.053695084459926934,69.7871
2016,1,18,26.350000000000005,26.350000000000005,0.0,26.350000000000005,0.0,73.05305
2016,1,19,26.099999999999994,26.099999999999994,4.826,26.099999999999994,0.4826,77.5572
2016,1,20,25.85,25.85,0.0,25.85,0.0,75.80005
2016,1,21,25.8,25.8,0.254,25.8,0.0254,74.16884999999999
2016,1,22,25.8,25.8,0.7619999999999999,25.8,0.07619999999999999,71.9701
2016,1,23,26.40000000000001,26.40000000000001,0.0,26.40000000000001,0.0,67.132
2016,1,24,26.95,26.95,0.0,26.95,0.0,68.91555
2016,1,25,25.550000000000008,25.550000000000008,4.571999999999999,25.550000000000008,0.45719999999999994,79.7689
2016,1,26,25.25,25.25,6.604,25.25,0.6604,77.2372
2016,1,27,26.100000000000005,26.100000000000005,1.2651573832868377,26.100000000000005,0.12651573832868376,70.3579
2016,1,28,26.40000000000001,26.40000000000001,1.27,26.40000000000001,0.127,68.15899999999999
2016,1,29,26.65,26.65,1.0238333754297506,26.65,0.10238333754297506,64.5608
2016,1,30,25.550000000000008,25.550000000000008,8.636000000000001,25.550000000000008,0.8636000000000001,75.8633
2016,1,31,25.85,25.85,1.016,25.85,0.1016,74.69165000000001
2016,2,1,26.40000000000001,26.40000000000001,0.0027690118321456,26.40000000000001,0.00027690118321456,67.7365
2016,2,2,24.55,24.55,0.5122463002484392,24.55,0.05122463002484392,75.97555
2016,2,3,24.55,24.55,3.8099999999999996,24.55,0.38099999999999995,80.63589999999999
2016,2,4,25.8,25.8,0.508,25.8,0.0508,66.09525
2016,2,5,25.25,25.25,15.494,25.25,1.5493999999999999,75.48755
2016,2,6,25.85,25.85,0.254,25.85,0.0254,71.0656
2016,2,7,25.250000000000004,25.250000000000004,10.413999999999998,25.250000000000004,1.0413999999999999,77.38695
2016,2,8,26.700000000000003,26.700000000000003,1.9051008968818732,26.700000000000003,0.19051008968818733,72.38855
2016,2,9,26.65,26.65,0.0025534269115306796,26.65,0.000255342691153068,72.02525
2016,2,10,26.95,26.95,0.7692649113099197,26.95,0.07692649113099197,69.9799
2016,2,11,26.100000000000005,26.100000000000005,0.254,26.100000000000005,0.0254,71.95815
2016,2,12,25.3,25.3,3.556,25.3,0.3556,74.12010000000001
2016,2,13,26.100000000000005,26.100000000000005,0.24178495698400582,26.100000000000005,0.02417849569840058,66.0133
2016,2,14,25.25,25.25,17.272000000000002,25.25,1.7272000000000003,80.89429999999999
2016,2,15,25.3,25.3,23.368,25.3,2.3367999999999998,78.35875
2016,2,16,26.65,26.65,0.7619999999999999,26.65,0.07619999999999999,72.2165
2016,2,17,26.350000000000005,26.350000000000005,2.2859999999999996,26.350000000000005,0.22859999999999997,78.5644
2016,2,18,27.25,27.25,0.0027877225905812604,27.25,0.000278772259058126,73.20745
2016,2,19,26.099999999999994,26.099999999999994,3.556,26.099999999999994,0.3556,74.60095
2016,2,20,25.450000000000003,25.450000000000003,1.778,25.450000000000003,0.1778,71.84715
2016,2,21,26.85,26.85,3.302,26.85,0.3302,69.8471
2016,2,22,27.25,27.25,3.7164035867212957,27.25,0.3716403586721296,69.6693
2016,2,23,26.95,26.95,0.0,26.95,0.0,68.91555
2016,2,24,26.95,26.95,0.5255218477576644,26.95,0.05255218477576644,71.68615
2016,2,25,26.40000000000001,26.40000000000001,0.9838365171592202,26.40000000000001,0.09838365171592202,72.9828
2016,2,26,26.95,26.95,0.00258613885384606,26.95,0.000258613885384606,68.28025
2016,2,27,25.550000000000008,25.550000000000008,5.413669119434116,25.550000000000008,0.5413669119434117,74.3583
2016,2,28,25.300000000000004,25.300000000000004,7.619999999999999,25.300000000000004,0.7619999999999999,74.84334999999999
2016,2,29,25.85,25.85,1.708919730446048,25.85,0.1708919730446048,75.73230000000001
2016,3,1,26.350000000000005,26.350000000000005,0.5619128196279526,26.350000000000005,0.056191281962795256,69.71294999999999
2016,3,2,26.4,26.4,0.0,26.4,0.0,71.4991
2016,3,3,26.4,26.4,0.5351301601527385,26.4,0.05351301601527385,73.9734
2016,3,4,26.40000000000001,26.40000000000001,28.805809631587636,26.40000000000001,2.8805809631587636,75.89255
2016,3,5,27.200000000000006,27.200000000000006,0.0024057623059256395,27.200000000000006,0.00024057623059256395,73.34155
2016,3,6,26.4,26.4,1.016,26.4,0.1016,75.28970000000001
2016,3,7,25.550000000000008,25.550000000000008,4.3180000000000005,25.550000000000008,0.4318000000000001,82.64615
2016,3,8,24.45,24.45,0.7619999999999999,24.45,0.07619999999999999,74.2296
2016,3,9,26.099999999999994,26.099999999999994,0.0,26.099999999999994,0.0,52.7164
2016,3,10,25.550000000000008,25.550000000000008,2.032,25.550000000000008,0.2032,64.2993
2016,3,11,25.8,25.8,2.7939999999999996,25.8,0.2794,70.52154999999999
2016,3,12,25.550000000000008,25.550000000000008,3.8099999999999996,25.550000000000008,0.38099999999999995,78.251
2016,3,13,24.45,24.45,18.541999999999998,24.45,1.8541999999999998,89.55799999999999
2016,3,14,24.45,24.45,1.27,24.45,0.127,89.59944999999999
2016,3,15,26.099999999999994,26.099999999999994,1.4016086986177507,26.099999999999994,0.14016086986177506,79.7387
2016,3,16,26.350000000000005,26.350000000000005,0.00256840552782942,26.350000000000005,0.000256840552782942,78.9444
2016,3,17,25.8,25.8,0.7918659014451794,25.8,0.07918659014451794,75.48755
2016,3,18,25.55,25.55,0.002479824040676643,25.55,0.0002479824040676643,72.934
2016,3,19,26.4,26.4,0.0,26.4,0.0,66.38714999999999
2016,3,20,26.95,26.95,0.0025970959109032,26.95,0.00025970959109032,67.72985
2016,3,21,27.75,27.75,0.2487733063785796,27.75,0.02487733063785796,64.05414999999999
2016,3,22,27.5,27.5,0.254,27.5,0.0254,70.26755
2016,3,23,26.000000000000007,26.000000000000007,6.249887964076478,26.000000000000007,0.6249887964076478,82.02025
2016,3,24,26.500000000000004,26.500000000000004,4.571999999999999,26.500000000000004,0.45719999999999994,74.4708
2016,3,25,26.099999999999994,26.099999999999994,0.254,26.099999999999994,0.0254,76.20009999999999
2016,3,26,26.45,26.45,1.4981203384787736,26.45,0.14981203384787736,77.7993
2016,3,27,25.9,25.9,2.032,25.9,0.2032,77.3664
2016,3,28,26.40000000000001,26.40000000000001,1.5239999999999998,26.40000000000001,0.15239999999999998,72.67715
2016,3,29,25.85,25.85,0.508,25.85,0.0508,72.08449999999999
2016,3,30,25.300000000000004,25.300000000000004,2.032,25.300000000000004,0.2032,80.14869999999999
2016,3,31,26.4,26.4,3.149765986672768,26.4,0.3149765986672768,74.12010000000001
2016,4,1,25.55,25.55,2.54,25.55,0.254,79.32730000000001
2016,4,2,26.95,26.95,16.791970656514067,26.95,1.6791970656514068,79.72955
2016,4,3,27.24444444444444,27.24444444444444,0.5335411108861495,27.24444444444444,0.05335411108861495,75.95975
2016,4,4,27.25,27.25,1.5446931577704954,27.25,0.15446931577704953,71.62395000000001
2016,4,5,27.200000000000006,27.200000000000006,3.072062711030062,27.200000000000006,0.3072062711030062,72.9598
2016,4,6,26.65,26.65,1.3245309803536602,26.65,0.13245309803536603,74.2193
2016,4,7,27.5,27.5,12.446,27.5,1.2446,73.175
2016,4,8,27.200000000000006,27.200000000000006,1.02474719806008,27.200000000000006,0.102474719806008,76.22605
2016,4,9,26.95,26.95,0.7375822917006196,26.95,0.07375822917006196,75.25865
2016,4,10,26.95,26.95,7.023046696194742,26.95,0.7023046696194741,74.71415
2016,4,11,26.65,26.65,3.556,26.65,0.3556,81.66364999999999
2016,4,12,26.65,26.65,7.874,26.65,0.7874,79.668155
2016,4,13,25.85,25.85,1.224248912450763,25.85,0.1224248912450763,83.71889999999999
2016,4,14,26.65,26.65,1.2900253181255166,26.65,0.12900253181255167,71.18430000000001
2016,4,15,26.9,26.9,0.0024983345716885876,26.9,0.00024983345716885874,70.21805
2016,4,16,26.65,26.65,0.0,26.65,0.0,66.64325
2016,4,17,27.5,27.5,0.0,27.5,0.0,71.98245
2016,4,18,26.350000000000005,26.350000000000005,14.985999999999999,26.350000000000005,1.4986,81.83574999999999
2016,4,19,25.550000000000008,25.550000000000008,2.032,25.550000000000008,0.2032,80.3629
2016,4,20,25.9,25.9,0.23679318197429666,25.9,0.023679318197429668,66.63635000000001
2016,4,21,26.700000000000003,26.700000000000003,0.24660268527467682,26.700000000000003,0.024660268527467683,67.19065
2016,4,22,26.100000000000005,26.100000000000005,20.827999999999996,26.100000000000005,2.0827999999999998,83.60955
2016,4,23,26.4,26.4,148.33599999999998,26.4,14.833599999999999,87.21355
2016,4,24,28.850000000000005,28.850000000000005,0.002331286367048885,28.850000000000005,0.0002331286367048885,75.1146
2016,4,25,26.65,26.65,12.446,26.65,1.2446,85.89099999999999
2016,4,26,26.350000000000005,26.350000000000005,9.398,26.350000000000005,0.9398,86.78555
2016,4,27,27.505555555555556,27.505555555555556,3.0479999999999996,27.505555555555556,0.30479999999999996,79.8085
2016,4,28,28.90000000000001,28.90000000000001,58.09017771305694,28.90000000000001,5.809017771305694,78.58875
2016,4,29,26.65,26.65,2.7939999999999996,26.65,0.2794,82.2392
2016,4,30,26.2,26.2,27.351698354689837,26.2,2.7351698354689837,80.41980000000001
2016,5,1,25.550000000000008,25.550000000000008,1.016,25.550000000000008,0.1016,85.00565
2016,5,2,25.6,25.6,24.13,25.6,2.413,83.71889999999999
2016,5,3,26.40000000000001,26.40000000000001,3.556,26.40000000000001,0.3556,82.2276
2016,5,4,27.5,27.5,4.826,27.5,0.4826,74.92535
2016,5,5,28.000000000000004,28.000000000000004,0.0,28.000000000000004,0.0,72.8407
2016,5,6,29.15,29.15,0.002477766609974231,29.15,0.0002477766609974231,74.5998
2016,5,7,29.000000000000004,29.000000000000004,0.24332686472839096,29.000000000000004,0.024332686472839097,68.29755
2016,5,8,25.49999833333334,25.49999833333334,0.254,25.49999833333334,0.0254,80.0294
2016,5,9,28.65,28.65,0.254,28.65,0.0254,79.37715
2016,5,10,27.0,27.0,1.016,27.0,0.1016,81.08420000000001
2016,5,11,26.95,26.95,2.032,26.95,0.2032,79.42555
2016,5,12,28.000000000000004,28.000000000000004,1.0633415513076934,28.000000000000004,0.10633415513076934,72.12434999999999
2016,5,13,27.0,27.0,21.081999999999997,27.0,2.1081999999999996,85.89099999999999
2016,5,14,28.000000000000004,28.000000000000004,0.560525574098248,28.000000000000004,0.0560525574098248,76.1771
2016,5,15,28.050000000000008,28.050000000000008,1.5239999999999998,28.050000000000008,0.15239999999999998,75.06295
2016,5,16,27.5,27.5,6.604,27.5,0.6604,83.1123
2016,5,17,28.000000000000004,28.000000000000004,2.54,28.000000000000004,0.254,83.0068
2016,5,18,28.050000000000008,28.050000000000008,1.016,28.050000000000008,0.1016,78.71742
2016,5,19,27.5,27.5,4.571999999999999,27.5,0.45719999999999994,79.90365
2016,5,20,28.800000000000004,28.800000000000004,0.254,28.800000000000004,0.0254,71.29115
2016,5,21,28.35,28.35,7.619999999999999,28.35,0.7619999999999999,80.5173
2016,5,22,29.15,29.15,0.254,29.15,0.0254,70.26125
2016,5,23,29.45,29.45,0.0026316262949791997,29.45,0.00026316262949792,69.9033
2016,5,24,29.45,29.45,0.254,29.45,0.0254,71.9322
2016,5,25,28.050000000000008,28.050000000000008,0.508,28.050000000000008,0.0508,74.63965
2016,5,26,27.5,27.5,0.508,27.5,0.0508,73.7081
2016,5,27,28.050000000000008,28.050000000000008,0.508,28.050000000000008,0.0508,75.00245
2016,5,28,28.000000000000004,28.000000000000004,4.3180000000000005,28.000000000000004,0.4318000000000001,82.82310000000001
2016,5,29,26.65,26.65,23.622,26.65,2.3622,88.26480000000001
2016,5,30,26.45,26.45,48.26,26.45,4.826,89.74934999999999
2016,5,31,27.550000000000004,27.550000000000004,23.875999999999998,27.550000000000004,2.3876,83.78975
2016,6,1,28.000000000000004,28.000000000000004,3.8099999999999996,28.000000000000004,0.38099999999999995,89.48374999999999
2016,6,2,28.3,28.3,7.366,28.3,0.7365999999999999,87.351
2016,6,3,28.5,28.5,2.9546708277375924,28.5,0.2954670827737592,82.65495
2016,6,4,28.000000000000004,28.000000000000004,19.812,28.000000000000004,1.9812,86.15205
2016,6,5,29.300000000000008,29.300000000000008,0.0024135993962433977,29.300000000000008,0.00024135993962433978,72.99425
2016,6,6,28.850000000000005,28.850000000000005,0.0028109596813409195,28.850000000000005,0.00028109596813409197,81.0492
2016,6,7,28.9,28.9,0.9995251878468986,28.9,0.09995251878468986,77.89615
2016,6,8,28.500000000000007,28.500000000000007,3.8099999999999996,28.500000000000007,0.38099999999999995,76.3825
2016,6,9,29.65,29.65,2.311332777576876,29.65,0.2311332777576876,74.69720000000001
2016,6,10,29.1,29.1,2.549269355339599,29.1,0.2549269355339599,77.3981
2016,6,11,28.35,28.35,3.9154233397310394,28.35,0.39154233397310395,77.70895
2016,6,12,29.45,29.45,0.002176088565637511,29.45,0.00021760885656375107,68.82435000000001
2016,6,13,29.8,29.8,0.2757537560232239,29.8,0.02757537560232239,73.6332
2016,6,14,30.0,30.0,0.0024535203520600155,30.0,0.00024535203520600153,67.9998
2016,6,15,29.700000000000006,29.700000000000006,2.6521212214435193,29.700000000000006,0.2652121221443519,69.0091
2016,6,16,29.0,29.0,3.7622827042400475,29.0,0.37622827042400475,76.77585
2016,6,17,29.111111111111114,29.111111111111114,0.7619999999999999,29.111111111111114,0.07619999999999999,74.7666
2016,6,18,29.1,29.1,1.016,29.1,0.1016,73.33855
2016,6,19,29.4,29.4,5.08,29.4,0.508,76.32865
2016,6,20,27.200000000000006,27.200000000000006,5.334,27.200000000000006,0.5334,89.74934999999999
2016,6,21,28.000000000000004,28.000000000000004,8.889999999999999,28.000000000000004,0.8889999999999999,78.4602
2016,6,22,27.599998333333332,27.599998333333332,6.095999999999999,27.599998333333332,0.6095999999999999,76.72749999999999
2016,6,23,27.550000000000004,27.550000000000004,2.54,27.550000000000004,0.254,83.2902
2016,6,24,29.1,29.1,0.254,29.1,0.0254,73.62809999999999
2016,6,25,28.55,28.55,11.623353214376625,28.55,1.1623353214376624,80.1277
2016,6,26,28.55,28.55,1.5239999999999998,28.55,0.15239999999999998,79.9538
2016,6,27,28.35,28.35,0.5298037884674819,28.35,0.05298037884674819,72.72925000000001
2016,6,28,29.1,29.1,6.50532014071519,29.1,0.650532014071519,72.72925000000001
2016,6,29,28.9,28.9,0.254,28.9,0.0254,72.9338
2016,6,30,29.1,29.1,0.0,29.1,0.0,69.04835
2016,7,1,28.5,28.5,5.587999999999999,28.5,0.5588,88.4517
2016,7,2,26.000000000000007,26.000000000000007,17.272000000000002,26.000000000000007,1.7272000000000003,90.88435
2016,7,3,28.050000000000008,28.050000000000008,10.0898692206856,28.050000000000008,1.0089869220685599,80.5173
2016,7,4,28.3,28.3,6.35,28.3,0.635,86.03999999999999
2016,7,5,28.9,28.9,3.556,28.9,0.3556,83.84819999999999
2016,7,6,29.35,29.35,10.954232961850767,29.35,1.0954232961850767,85.07945000000001
2016,7,7,29.35,29.35,0.0026864323648867795,29.35,0.000268643236488678,81.0492
2016,7,8,28.35,28.35,0.9732553732500824,28.35,0.09732553732500823,72.5403
2016,7,9,27.8,27.8,13.97,27.8,1.397,87.351
2016,7,10,28.35,28.35,0.508,28.35,0.0508,85.9301
2016,7,11,28.90000000000001,28.90000000000001,2.2512940885573234,28.90000000000001,0.22512940885573235,85.6501
2016,7,12,28.90000000000001,28.90000000000001,3.577190253219536,28.90000000000001,0.3577190253219536,75.6817
2016,7,13,28.10555555555556,28.10555555555556,2.54,28.10555555555556,0.254,80.30093500000001
2016,7,14,28.050000000000008,28.050000000000008,1.778,28.050000000000008,0.1778,80.0456
2016,7,15,28.050000000000008,28.050000000000008,1.27,28.050000000000008,0.127,82.87545
2016,7,16,28.90000000000001,28.90000000000001,0.508,28.90000000000001,0.0508,82.1073
2016,7,17,27.750000000000004,27.750000000000004,3.302,27.750000000000004,0.3302,83.2836
2016,7,18,28.050000000000008,28.050000000000008,3.0479999999999996,28.050000000000008,0.30479999999999996,83.74085
2016,7,19,29.200000000000003,29.200000000000003,0.508,29.200000000000003,0.0508,76.5437
2016,7,20,29.4,29.4,7.619999999999999,29.4,0.7619999999999999,79.70824999999999
2016,7,21,28.90000000000001,28.90000000000001,0.254,28.90000000000001,0.0254,83.78975
2016,7,22,28.600000000000005,28.600000000000005,6.568797460202248,28.600000000000005,0.6568797460202248,78.99445
2016,7,23,28.90000000000001,28.90000000000001,0.0,28.90000000000001,0.0,76.82945000000001
2016,7,24,28.65,28.65,2.2859999999999996,28.65,0.22859999999999997,76.98425
2016,7,25,28.599999999999994,28.599999999999994,0.0,28.599999999999994,0.0,79.50399999999999
2016,7,26,28.35,28.35,14.477999999999998,28.35,1.4477999999999998,85.0245
2016,7,27,29.45,29.45,0.45216954122057446,29.45,0.045216954122057444,81.93979999999999
2016,7,28,28.65,28.65,0.254,28.65,0.0254,79.2809
2016,7,29,29.200000000000003,29.200000000000003,3.8099999999999996,29.200000000000003,0.38099999999999995,75.133
2016,7,30,28.90000000000001,28.90000000000001,2.2859999999999996,28.90000000000001,0.22859999999999997,78.5492
2016,7,31,27.5,27.5,36.321999999999996,27.5,3.6321999999999997,88.18065
2016,8,1,28.050000000000008,28.050000000000008,3.0479999999999996,28.050000000000008,0.30479999999999996,87.351
2016,8,2,28.600000000000005,28.600000000000005,0.254,28.600000000000005,0.0254,78.86619999999999
2016,8,3,28.9,28.9,4.153396183333198,28.9,0.41533961833331984,76.54655
2016,8,4,28.90000000000001,28.90000000000001,3.441544727617302,28.90000000000001,0.34415447276173017,79.2809
2016,8,5,26.85,26.85,31.75,26.85,3.175,90.7486
2016,8,6,27.8,27.8,28.448,27.8,2.8448,89.23205
2016,8,7,29.45,29.45,1.1251072813888463,29.45,0.11251072813888463,75.596205
2016,8,8,29.45,29.45,0.49763371307720006,29.45,0.04976337130772,81.9285
2016,8,9,29.45,29.45,5.9865638168238515,29.45,0.5986563816823851,79.232
2016,8,10,28.050000000000008,28.050000000000008,5.334,28.050000000000008,0.5334,81.73325
2016,8,11,28.35,28.35,0.254,28.35,0.0254,80.2851
2016,8,12,28.35,28.35,4.064,28.35,0.4064,77.72605
2016,8,13,27.8,27.8,4.826,27.8,0.4826,87.1987
2016,8,14,27.750000000000004,27.750000000000004,3.8099999999999996,27.750000000000004,0.38099999999999995,82.85025
2016,8,15,28.65,28.65,3.009540972922333,28.65,0.30095409729223327,80.334
2016,8,16,28.050000000000008,28.050000000000008,0.254,28.050000000000008,0.0254,77.6373
2016,8,17,28.60555555555556,28.60555555555556,0.254,28.60555555555556,0.0254,78.66791
2016,8,18,30.0,30.0,0.508,30.0,0.0508,78.03565
2016,8,19,29.45,29.45,0.5482559496552802,29.45,0.054825594965528024,76.4362
2016,8,20,28.90000000000001,28.90000000000001,6.521919060960108,28.90000000000001,0.6521919060960107,79.59875
2016,8,21,29.45,29.45,0.2559073401724418,29.45,0.025590734017244182,76.16805
2016,8,22,28.600000000000005,28.600000000000005,1.778,28.600000000000005,0.1778,80.5899
2016,8,23,28.35,28.35,7.874,28.35,0.7874,77.53059999999999
2016,8,24,27.200000000000006,27.200000000000006,39.37,27.200000000000006,3.937,87.13995
2016,8,25,29.450000000000003,29.450000000000003,2.8971730293748417,29.450000000000003,0.28971730293748416,78.476203
2016,8,26,28.55555555555556,28.55555555555556,0.508,28.55555555555556,0.0508,80.31109000000001
2016,8,27,28.850000000000005,28.850000000000005,0.5234026716595176,28.850000000000005,0.05234026716595176,76.4179525
2016,8,28,28.35,28.35,1.8178112480259678,28.35,0.18178112480259678,79.9538
2016,8,29,30.250000000000004,30.250000000000004,0.0,30.250000000000004,0.0,69.6798
2016,8,30,29.750000000000007,29.750000000000007,30.776689375025967,29.750000000000007,3.0776689375025965,79.30345
2016,8,31,29.45,29.45,6.129191728675081,29.45,0.6129191728675081,77.85965
2016,9,1,28.65,28.65,6.35,28.65,0.635,79.50399999999999
2016,9,2,28.9,28.9,4.826,28.9,0.4826,83.61855
2016,9,3,29.45,29.45,7.677490170937662,29.45,0.7677490170937662,79.9345
2016,9,4,30.0,30.0,2.2859999999999996,30.0,0.22859999999999997,76.5016
2016,9,5,27.5,27.5,10.16,27.5,1.016,84.76945
2016,9,6,28.9,28.9,1.27,28.9,0.127,80.334
2016,9,7,28.050000000000008,28.050000000000008,1.016,28.050000000000008,0.1016,80.5511
2016,9,8,28.65,28.65,0.254,28.65,0.0254,76.19534999999999
2016,9,9,28.35,28.35,4.826,28.35,0.4826,76.5748
2016,9,10,29.15,29.15,4.064,29.15,0.4064,77.0623
2016,9,11,27.750000000000004,27.750000000000004,23.875999999999998,27.750000000000004,2.3876,83.74085
2016,9,12,27.25,27.25,9.652,27.25,0.9652,85.98765
2016,9,13,28.35,28.35,0.254,28.35,0.0254,80.20885000000001
2016,9,14,28.65,28.65,3.302,28.65,0.3302,78.05075
2016,9,15,28.90000000000001,28.90000000000001,0.24995792586550802,28.90000000000001,0.024995792586550804,72.8835
2016,9,16,28.35,28.35,3.0479999999999996,28.35,0.30479999999999996,77.72605
2016,9,17,28.65,28.65,0.002509426243702537,28.65,0.00025094262437025367,75.05565
2016,9,18,28.90000000000001,28.90000000000001,1.778,28.90000000000001,0.1778,73.27175
2016,9,19,28.600000000000005,28.600000000000005,0.254,28.600000000000005,0.0254,80.20885000000001
2016,9,20,28.65,28.65,5.08,28.65,0.508,78.9252
2016,9,21,28.050000000000008,28.050000000000008,2.7939999999999996,28.050000000000008,0.2794,83.0068
2016,9,22,28.050000000000008,28.050000000000008,16.256,28.050000000000008,1.6256,87.3027
2016,9,23,29.700000000000006,29.700000000000006,15.574036227869053,29.700000000000006,1.5574036227869053,74.4384
2016,9,24,28.9,28.9,11.937999999999999,28.9,1.1938,81.6049
2016,9,25,28.90000000000001,28.90000000000001,0.25384013890243046,28.90000000000001,0.025384013890243046,76.8732
2016,9,26,28.65,28.65,0.508,28.65,0.0508,80.6252
2016,9,27,29.15,29.15,1.0382869893225464,29.15,0.10382869893225463,80.2662
2016,9,28,29.200000000000003,29.200000000000003,3.8099999999999996,29.200000000000003,0.38099999999999995,82.0627
2016,9,29,28.35,28.35,1.778,28.35,0.1778,81.88485
2016,9,30,28.050000000000008,28.050000000000008,2.7939999999999996,28.050000000000008,0.2794,84.2327
2016,10,1,28.050000000000008,28.050000000000008,7.619999999999999,28.050000000000008,0.7619999999999999,83.17675
2016,10,2,27.750000000000004,27.750000000000004,0.7619999999999999,27.750000000000004,0.07619999999999999,79.8621
2016,10,3,28.35,28.35,1.27,28.35,0.127,79.37715
2016,10,4,28.35,28.35,1.652050401537351,28.35,0.1652050401537351,81.87355
2016,10,5,29.7,29.7,0.254,29.7,0.0254,77.21485
2016,10,6,30.55,30.55,1.0175805777317084,30.55,0.10175805777317085,73.3529
2016,10,7,28.90000000000001,28.90000000000001,4.064,28.90000000000001,0.4064,81.88485
2016,10,8,28.600000000000005,28.600000000000005,17.327160207903106,28.600000000000005,1.7327160207903105,82.83670000000001
2016,10,9,29.45,29.45,4.571999999999999,29.45,0.45719999999999994,75.55375000000001
2016,10,10,29.700000000000006,29.700000000000006,16.002,29.700000000000006,1.6001999999999998,74.4384
2016,10,11,28.599999999999994,28.599999999999994,1.4976027040210702,28.599999999999994,0.14976027040210702,78.2863
2016,10,12,30.0,30.0,2.2859999999999996,30.0,0.22859999999999997,74.73245
2016,10,13,28.90000000000001,28.90000000000001,0.25588949741075634,28.90000000000001,0.025588949741075635,78.88655
2016,10,14,28.850000000000005,28.850000000000005,1.2912562715335136,28.850000000000005,0.12912562715335135,84.5046
2016,10,15,28.35,28.35,2.718150084927924,28.35,0.2718150084927924,77.0243
2016,10,16,28.050000000000008,28.050000000000008,0.508,28.050000000000008,0.0508,78.9252
2016,10,17,29.15,29.15,30.846920822772127,29.15,3.0846920822772126,72.03075
2016,10,18,27.8,27.8,1.27,27.8,0.127,83.84694999999999
2016,10,19,26.95,26.95,1.778,26.95,0.1778,79.8257
2016,10,20,30.85,30.85,0.2497067888785806,30.85,0.02497067888785806,71.8416
2016,10,21,30.8,30.8,0.0024223538722828656,30.8,0.00024223538722828656,69.90915
2016,10,22,29.200000000000003,29.200000000000003,7.356617570806002,29.200000000000003,0.7356617570806002,78.69055
2016,10,23,28.90000000000001,28.90000000000001,3.0479999999999996,28.90000000000001,0.30479999999999996,81.88485
2016,10,24,27.750000000000004,27.750000000000004,3.8099999999999996,27.750000000000004,0.38099999999999995,85.4824
2016,10,25,27.200000000000006,27.200000000000006,19.049999999999997,27.200000000000006,1.9049999999999998,87.9944
2016,10,26,27.8,27.8,12.446,27.8,1.2446,84.225
2016,10,27,28.90000000000001,28.90000000000001,0.2672619482799061,28.90000000000001,0.026726194827990612,80.0122
2016,10,28,28.9,28.9,60.452,28.9,6.0451999999999995,78.5981
2016,10,29,28.90000000000001,28.90000000000001,1.778,28.90000000000001,0.1778,84.15174999999999
2016,10,30,29.200000000000003,29.200000000000003,8.382,29.200000000000003,0.8382,81.74205
2016,10,31,28.65,28.65,0.254,28.65,0.0254,78.169
2016,11,1,27.8,27.8,4.571999999999999,27.8,0.45719999999999994,81.41149999999999
2016,11,2,28.35555555555555,28.35555555555555,3.0479999999999996,28.35555555555555,0.30479999999999996,80.24109999999999
2016,11,3,26.083333333333336,26.083333333333336,20.32,26.083333333333336,2.032,89.69980000000001
2016,11,4,28.583333333333336,28.583333333333336,0.254,28.583333333333336,0.0254,78.7157
2016,11,5,28.88888888888889,28.88888888888889,0.2592083837497395,28.88888888888889,0.02592083837497395,66.63345000000001
2016,11,6,28.916666666666668,28.916666666666668,1.27,28.916666666666668,0.127,75.85095
2016,11,7,26.888888888888893,26.888888888888893,17.779999999999998,26.888888888888893,1.7779999999999998,81.2371
2016,11,8,26.33333333333334,26.33333333333334,86.868,26.33333333333334,8.6868,84.8428
2016,11,9,27.25,27.25,9.543923381942946,27.25,0.9543923381942946,85.9637
2016,11,10,28.36111111111111,28.36111111111111,27.94,28.36111111111111,2.794,83.1181
2016,11,11,27.5,27.5,20.065999999999995,27.5,2.0065999999999997,81.38220000000001
2016,11,12,28.61111111111111,28.61111111111111,38.59246530883738,28.61111111111111,3.8592465308837385,82.4764
2016,11,13,28.36111111111111,28.36111111111111,0.508,28.36111111111111,0.0508,78.94895
2016,11,14,28.666666666666664,28.666666666666664,16.97723236981331,28.666666666666664,1.697723236981331,81.7043
2016,11,15,28.05555555555556,28.05555555555556,29.464,28.05555555555556,2.9463999999999997,81.7043
2016,11,16,27.750000000000004,27.750000000000004,2.153036330036419,27.750000000000004,0.2153036330036419,81.50315
2016,11,17,28.36111111111111,28.36111111111111,15.748,28.36111111111111,1.5748,83.1181
2016,11,18,27.5,27.5,30.591290776822945,27.5,3.0591290776822944,82.6336
2016,11,19,26.638888888888893,26.638888888888893,6.35,26.638888888888893,0.635,81.59575
2016,11,20,26.694444444444454,26.694444444444454,90.678,26.694444444444454,9.0678,87.2533
2016,11,21,25.55555555555556,25.55555555555556,36.83,25.55555555555556,3.683,92.2637
2016,11,22,26.38888888888889,26.38888888888889,35.81399999999999,26.38888888888889,3.5813999999999995,83.9916
2016,11,23,28.05555555555556,28.05555555555556,1.27,28.05555555555556,0.127,81.62174999999999
2016,11,24,27.805555555555557,27.805555555555557,4.064,27.805555555555557,0.4064,76.42269999999999
2016,11,25,28.11111111111111,28.11111111111111,0.508,28.11111111111111,0.0508,74.9834
2016,11,26,27.5,27.5,19.558,27.5,1.9558,79.95009999999999
2016,11,27,27.25,27.25,0.8387113041867544,27.25,0.08387113041867544,72.44445
2016,11,28,24.694444444444446,24.694444444444446,21.336,24.694444444444446,2.1336,84.6388
2016,11,29,26.638888888888893,26.638888888888893,0.0,26.638888888888893,0.0,72.705
2016,11,30,26.638888888888893,26.638888888888893,4.3180000000000005,26.638888888888893,0.4318000000000001,82.3372
2016,12,1,27.805555555555557,27.805555555555557,1.016,27.805555555555557,0.1016,78.2615
2016,12,2,27.5,27.5,10.668,27.5,1.0668,78.9107
2016,12,3,27.805555555555557,27.805555555555557,14.477999999999998,27.805555555555557,1.4477999999999998,78.63225
2016,12,4,27.5,27.5,6.475089666096324,27.5,0.6475089666096324,76.91890000000001
2016,12,5,27.194444444444446,27.194444444444446,0.254,27.194444444444446,0.0254,77.76655
2016,12,6,27.5,27.5,6.604,27.5,0.6604,76.91890000000001
2016,12,7,27.805555555555557,27.805555555555557,3.302,27.805555555555557,0.3302,78.9107
2016,12,8,28.36111111111111,28.36111111111111,0.9911707910201022,28.36111111111111,0.09911707910201022,69.101105
2016,12,9,27.5,27.5,3.302,27.5,0.3302,76.231802
2016,12,10,27.805555555555557,27.805555555555557,0.254,27.805555555555557,0.0254,78.7612
2016,12,11,27.805555555555557,27.805555555555557,2.032,27.805555555555557,0.2032,72.37135
2016,12,12,27.805555555555557,27.805555555555557,2.2859999999999996,27.805555555555557,0.22859999999999997,72.95025000000001
2016,12,13,26.638888888888893,26.638888888888893,3.302,26.638888888888893,0.3302,82.53245000000001
2016,12,14,27.5,27.5,0.00261979781624098,27.5,0.000261979781624098,70.74765
2016,12,15,27.25,27.25,0.7619999999999999,27.25,0.07619999999999999,72.44445
2016,12,16,27.194444444444446,27.194444444444446,1.016,27.194444444444446,0.1016,76.42269
2016,12,17,27.194444444444446,27.194444444444446,23.113999999999997,27.194444444444446,2.3114,78.32815
2016,12,18,26.888888888888893,26.888888888888893,1.778,26.888888888888893,0.1778,77.99844999999999
2016,12,19,26.638888888888893,26.638888888888893,5.587999999999999,26.638888888888893,0.5588,78.59505
2016,12,20,26.638888888888893,26.638888888888893,2.54,26.638888888888893,0.254,78.6586
2016,12,21,26.638888888888893,26.638888888888893,0.254,26.638888888888893,0.0254,77.38125
2016,12,22,26.083333333333336,26.083333333333336,0.7619999999999999,26.083333333333336,0.07619999999999999,76.37565000000001
2016,12,23,26.888888888888893,26.888888888888893,2.7939999999999996,26.888888888888893,0.2794,83.80340000000001
2016,12,24,26.638888888888893,26.638888888888893,16.002,26.638888888888893,1.6001999999999998,84.57480000000001
2016,12,25,27.5,27.5,1.27,27.5,0.127,75.7075
2016,12,26,26.888888888888893,26.888888888888893,3.302,26.888888888888893,0.3302,80.84195
2016,12,27,26.944444444444446,26.944444444444446,0.508,26.944444444444446,0.0508,73.582
2016,12,28,26.083333333333336,26.083333333333336,7.0995958594599635,26.083333333333336,0.7099595859459964,78.05245
2016,12,29,26.33333333333334,26.33333333333334,0.2389087298953184,26.33333333333334,0.02389087298953184,76.46969999999999
2016,12,30,26.638888888888893,26.638888888888893,0.48879791885162793,26.638888888888893,0.048879791885162796,73.0093
2016,12,31,25.55555555555556,25.55555555555556,1.016,25.55555555555556,0.1016,76.91605
2017,1,1,27.194444444444446,27.194444444444446,3.8643896393585675,27.194444444444446,0.38643896393585675,75.17
2017,1,2,26.638888888888893,26.638888888888893,4.064,26.638888888888893,0.4064,78.18185
2017,1,3,25.833333333333336,25.833333333333336,7.619999999999999,25.833333333333336,0.7619999999999999,78.81524999999999
2017,1,4,25.80555555555556,25.80555555555556,0.508,25.80555555555556,0.0508,76.46445
2017,1,5,26.944444444444446,26.944444444444446,0.0024997937685776964,26.944444444444446,0.00024997937685776965,68.07005
2017,1,6,26.944444444444446,26.944444444444446,0.254,26.944444444444446,0.0254,70.41454999999999
2017,1,7,26.638888888888893,26.638888888888893,0.254,26.638888888888893,0.0254,75.29145
2017,1,8,26.944444444444446,26.944444444444446,9.514451376810204,26.944444444444446,0.9514451376810203,76.89785
2017,1,9,25.777777777777786,25.777777777777786,0.254,25.777777777777786,0.0254,78.05245
2017,1,10,25.833333333333336,25.833333333333336,11.937999999999999,25.833333333333336,1.1938,78.326
2017,1,11,25.527777777777786,25.527777777777786,4.3180000000000005,25.527777777777786,0.4318000000000001,81.0153
2017,1,12,25.527777777777786,25.527777777777786,0.24860739361891987,25.527777777777786,0.02486073936189199,61.3669
2017,1,13,26.083333333333336,26.083333333333336,2.54,26.083333333333336,0.254,69.32445
2017,1,14,26.083333333333336,26.083333333333336,0.254,26.083333333333336,0.0254,71.16605
2017,1,15,25.527777777777786,25.527777777777786,3.8099999999999996,25.527777777777786,0.38099999999999995,73.5374
2017,1,16,25.833333333333336,25.833333333333336,1.778,25.833333333333336,0.1778,78.1187
2017,1,17,25.250000000000004,25.250000000000004,2.7939999999999996,25.250000000000004,0.2794,74.02345
2017,1,18,25.0,25.0,5.08,25.0,0.508,75.703
2017,1,19,23.61111111111111,23.61111111111111,23.974131948720185,23.61111111111111,2.3974131948720183,69.0476
2017,1,20,24.194444444444443,24.194444444444443,0.0,24.194444444444443,0.0,70.92085
2017,1,21,24.47222222222222,24.47222222222222,0.0,24.47222222222222,0.0,73.4457
2017,1,22,24.722222222222225,24.722222222222225,0.0027922095179700995,24.722222222222225,0.00027922095179700997,71.7673
2017,1,23,26.694444444444443,26.694444444444443,0.0,26.694444444444443,0.0,64.01185
2017,1,24,27.5,27.5,0.0,27.5,0.0,63.1281
2017,1,25,26.083333333333336,26.083333333333336,0.0,26.083333333333336,0.0,74.55425
2017,1,26,26.083333333333336,26.083333333333336,0.0,26.083333333333336,0.0,56.920950000000005
2017,1,27,25.250000000000004,25.250000000000004,0.7392967011053474,25.250000000000004,0.07392967011053474,76.37565000000001
2017,1,28,26.11111111111111,26.11111111111111,1.3761080798350163,26.11111111111111,0.13761080798350162,77.67475
2017,1,29,27.25,27.25,0.2493948743484739,27.25,0.02493948743484739,69.42475
2017,1,30,26.38888888888889,26.38888888888889,0.48862837291203876,26.38888888888889,0.04886283729120387,78.89920000000001
2017,1,31,26.33333333333334,26.33333333333334,3.0479999999999996,26.33333333333334,0.30479999999999996,73.46934999999999
2017,2,1,26.944444444444446,26.944444444444446,0.254,26.944444444444446,0.0254,76.5075
2017,2,2,26.638888888888893,26.638888888888893,6.095999999999999,26.638888888888893,0.6095999999999999,74.7941
2017,2,3,26.638888888888893,26.638888888888893,2.764745970818505,26.638888888888893,0.2764745970818505,76.54305
2017,2,4,26.944444444444446,26.944444444444446,0.7619999999999999,26.944444444444446,0.07619999999999999,76.46969999999999
2017,2,5,26.888888888888893,26.888888888888893,0.002441775117422288,26.888888888888893,0.00024417751174222877,74.2698
2017,2,6,26.33333333333334,26.33333333333334,9.398,26.33333333333334,0.9398,80.7056
2017,2,7,26.944444444444446,26.944444444444446,1.27,26.944444444444446,0.127,74.06905
2017,2,8,27.805555555555557,27.805555555555557,0.24628238022208526,27.805555555555557,0.024628238022208527,67.72945
2017,2,9,27.5,27.5,8.929042928923218,27.5,0.8929042928923219,69.11744999999999
2017,2,10,26.638888888888893,26.638888888888893,0.0,26.638888888888893,0.0,74.3733
2017,2,11,26.33333333333334,26.33333333333334,0.002270707030485435,26.33333333333334,0.00022707070304854351,71.575
2017,2,12,26.083333333333336,26.083333333333336,0.5046755619952774,26.083333333333336,0.05046755619952774,71.38714999999999
2017,2,13,26.083333333333336,26.083333333333336,1.568207900948235,26.083333333333336,0.1568207900948235,77.4032
2017,2,14,25.833333333333336,25.833333333333336,1.3035697737442447,25.833333333333336,0.13035697737442448,73.00855
2017,2,15,25.80555555555556,25.80555555555556,0.002314786947024661,25.80555555555556,0.0002314786947024661,65.88380000000001
2017,2,16,27.222222222222225,27.222222222222225,0.0,27.222222222222225,0.0,65.6707
2017,2,17,26.694444444444443,26.694444444444443,0.0,26.694444444444443,0.0,66.1223
2017,2,18,25.80555555555556,25.80555555555556,0.0,25.80555555555556,0.0,72.964
2017,2,19,25.250000000000004,25.250000000000004,10.413999999999998,25.250000000000004,1.0413999999999999,82.41335000000001
2017,2,20,26.666666666666668,26.666666666666668,0.9960736431897655,26.666666666666668,0.09960736431897656,71.69535
2017,2,21,25.527777777777786,25.527777777777786,3.8099999999999996,25.527777777777786,0.38099999999999995,72.666
2017,2,22,25.250000000000004,25.250000000000004,0.254,25.250000000000004,0.0254,70.02835
2017,2,23,25.527777777777786,25.527777777777786,8.636000000000001,25.527777777777786,0.8636000000000001,81.3757
2017,2,24,27.5,27.5,0.0,27.5,0.0,68.64410000000001
2017,2,25,25.55555555555556,25.55555555555556,4.451725310246484,25.55555555555556,0.44517253102464843,74.31605
2017,2,26,26.33333333333334,26.33333333333334,0.0,26.33333333333334,0.0,75.96334999999999
2017,2,27,15.0,15.0,5.842,15.0,0.5841999999999999,78.7912
2017,2,28,25.527777777777786,25.527777777777786,0.508,25.527777777777786,0.0508,79.07589999999999
2017,3,1,26.083333333333336,26.083333333333336,2.2859999999999996,26.083333333333336,0.22859999999999997,77.06524999999999
2017,3,2,25.833333333333336,25.833333333333336,10.029315436916079,25.833333333333336,1.002931543691608,74.31715
2017,3,3,25.80555555555556,25.80555555555556,3.556,25.80555555555556,0.3556,75.15025
2017,3,4,25.250000000000004,25.250000000000004,3.302,25.250000000000004,0.3302,81.06205
2017,3,5,25.55555555555556,25.55555555555556,9.398,25.55555555555556,0.9398,74.58565
2017,3,6,23.916666666666668,23.916666666666668,14.732,23.916666666666668,1.4731999999999998,85.4803
2017,3,7,23.916666666666668,23.916666666666668,2.7939999999999996,23.916666666666668,0.2794,85.41415
2017,3,8,24.722222222222225,24.722222222222225,0.0,24.722222222222225,0.0,64.043
2017,3,9,25.27777777777778,25.27777777777778,2.2859999999999996,25.27777777777778,0.22859999999999997,77.54325
2017,3,10,25.0,25.0,1.778,25.0,0.1778,77.02725000000001
2017,3,11,25.305555555555557,25.305555555555557,17.004206178681148,25.305555555555557,1.7004206178681147,79.59025
2017,3,12,25.55555555555556,25.55555555555556,3.645767415640095,25.55555555555556,0.3645767415640095,78.31465
2017,3,13,26.083333333333336,26.083333333333336,0.25185797534096416,26.083333333333336,0.025185797534096416,72.2383
2017,3,14,26.083333333333336,26.083333333333336,0.508,26.083333333333336,0.0508,75.8944
2017,3,15,25.55555555555556,25.55555555555556,0.2539342382286003,25.55555555555556,0.02539342382286003,77.81045
2017,3,16,26.694444444444443,26.694444444444443,0.0,26.694444444444443,0.0,71.3631
2017,3,17,26.33333333333334,26.33333333333334,1.3362414846753308,26.33333333333334,0.13362414846753307,71.20005
2017,3,18,25.527777777777786,25.527777777777786,0.508,25.527777777777786,0.0508,79.4624
2017,3,19,25.250000000000004,25.250000000000004,2.2859999999999996,25.250000000000004,0.22859999999999997,83.08795
2017,3,20,25.527777777777786,25.527777777777786,0.0,25.527777777777786,0.0,79.4102
2017,3,21,25.0,25.0,18.034,25.0,1.8034,90.7087
2017,3,22,26.97222222222222,26.97222222222222,2.7939999999999996,26.97222222222222,0.2794,73.92285
2017,3,23,25.0,25.0,44.196,25.0,4.4196,91.0132
2017,3,24,24.47222222222222,24.47222222222222,8.128,24.47222222222222,0.8128,90.7087
2017,3,25,25.27777777777778,25.27777777777778,0.254,25.27777777777778,0.0254,84.80955
2017,3,26,27.5,27.5,4.826,27.5,0.4826,76.66475
2017,3,27,27.25,27.25,10.413999999999998,27.25,1.0413999999999999,82.98655
2017,3,28,26.694444444444443,26.694444444444443,25.145999999999997,26.694444444444443,2.5145999999999997,82.6805
2017,3,29,25.833333333333336,25.833333333333336,4.063961969776239,25.833333333333336,0.40639619697762386,84.85645
2017,3,30,26.33333333333334,26.33333333333334,0.0,26.33333333333334,0.0,76.9269
2017,3,31,25.527777777777786,25.527777777777786,1.5003835658818705,25.527777777777786,0.15003835658818704,73.0673
2017,4,1,26.638888888888893,26.638888888888893,0.2528746058779327,26.638888888888893,0.02528746058779327,77.9804
2017,4,2,26.33333333333334,26.33333333333334,7.230510158196902,26.33333333333334,0.7230510158196901,84.24465000000001
2017,4,3,27.194444444444446,27.194444444444446,0.254,27.194444444444446,0.0254,78.74745
2017,4,4,26.38888888888889,26.38888888888889,15.546801010539845,26.38888888888889,1.5546801010539846,75.26984999999999
2017,4,5,25.80555555555556,25.80555555555556,0.0,25.80555555555556,0.0,73.16065
2017,4,6,26.083333333333336,26.083333333333336,4.429592553280951,26.083333333333336,0.4429592553280951,76.49495
2017,4,7,26.33333333333334,26.33333333333334,8.077198553771257,26.33333333333334,0.8077198553771258,77.3733
2017,4,8,26.11111111111111,26.11111111111111,12.822813475176563,26.11111111111111,1.2822813475176562,78.50905
2017,4,9,25.55555555555556,25.55555555555556,3.556,25.55555555555556,0.3556,86.05414999999999
2017,4,10,23.666666666666664,23.666666666666664,1.27,23.666666666666664,0.127,93.47485
2017,4,11,25.0,25.0,1.4979709492032323,25.0,0.14979709492032323,79.3462
2017,4,12,28.05555555555556,28.05555555555556,41.65599999999999,28.05555555555556,4.1655999999999995,74.8451
2017,4,13,27.194444444444446,27.194444444444446,0.254,27.194444444444446,0.0254,80.4191
2017,4,14,26.638888888888893,26.638888888888893,0.7619999999999999,26.638888888888893,0.07619999999999999,77.82865
2017,4,15,26.944444444444446,26.944444444444446,0.7195397351698206,26.944444444444446,0.07195397351698206,76.46969999999999
2017,4,16,27.5,27.5,0.28015765797446257,27.5,0.028015765797446256,75.24965
2017,4,17,26.638888888888893,26.638888888888893,64.51599999999999,26.638888888888893,6.451599999999999,87.16275
2017,4,18,27.25,27.25,0.0,27.25,0.0,70.96074999999999
2017,4,19,26.944444444444446,26.944444444444446,0.0024624145140554805,26.944444444444446,0.00024624145140554805,70.21334999999999
2017,4,20,26.944444444444446,26.944444444444446,0.254,26.944444444444446,0.0254,71.96327
2017,4,21,27.194444444444446,27.194444444444446,0.7126146558971113,27.194444444444446,0.07126146558971112,70.4548
2017,4,22,27.194444444444446,27.194444444444446,0.260611248530814,27.194444444444446,0.026061124853081402,68.2462
2017,4,23,28.05555555555556,28.05555555555556,0.7619999999999999,28.05555555555556,0.07619999999999999,74.62095
2017,4,24,28.61111111111111,28.61111111111111,1.27,28.61111111111111,0.127,79.63105
2017,4,25,29.444444444444446,29.444444444444446,0.00271508059720412,29.444444444444446,0.000271508059720412,73.86125
2017,4,26,28.11111111111111,28.11111111111111,15.494,28.11111111111111,1.5493999999999999,81.7043
2017,4,27,27.5,27.5,0.4872603096492909,27.5,0.04872603096492909,82.6805
2017,4,28,27.5,27.5,6.35,27.5,0.635,88.26310000000001
2017,4,29,26.33333333333334,26.33333333333334,10.413999999999998,26.33333333333334,1.0413999999999999,85.86595
2017,4,30,25.27777777777778,25.27777777777778,12.446,25.27777777777778,1.2446,88.26310000000001
2017,5,1,25.111111111111114,25.111111111111114,30.988,25.111111111111114,3.0987999999999998,89.450565
2017,5,2,26.638888888888893,26.638888888888893,3.0479999999999996,26.638888888888893,0.30479999999999996,84.8428
2017,5,3,26.38888888888889,26.38888888888889,0.254,26.38888888888889,0.0254,85.7333
2017,5,4,27.805555555555557,27.805555555555557,18.047091677373633,27.805555555555557,1.8047091677373632,81.93635
2017,5,5,27.750000000000004,27.750000000000004,3.322159631429468,27.750000000000004,0.33221596314294677,83.24485000000001
2017,5,6,28.05555555555556,28.05555555555556,20.612056439070237,28.05555555555556,2.061205643907024,73.67745
2017,5,7,27.5,27.5,9.68172605657866,27.5,0.9681726056578659,75.83155
2017,5,8,27.5,27.5,12.191999999999998,27.5,1.2191999999999998,80.28595000000001
2017,5,9,26.638888888888893,26.638888888888893,1.778,26.638888888888893,0.1778,88.55815
2017,5,10,26.638888888888893,26.638888888888893,1.5653571316368895,26.638888888888893,0.15653571316368894,87.2533
2017,5,11,26.38888888888889,26.38888888888889,28.608946068043434,26.38888888888889,2.8608946068043433,86.8679
2017,5,12,26.638888888888893,26.638888888888893,19.796226706933723,26.638888888888893,1.9796226706933724,84.3866
2017,5,13,27.194444444444446,27.194444444444446,7.02969443820431,27.194444444444446,0.702969443820431,81.25825
2017,5,14,28.666666666666664,28.666666666666664,25.75422244006173,28.666666666666664,2.575422244006173,78.7612
2017,5,15,30.0,30.0,2.723873411520765,30.0,0.27238734115207647,74.61085
2017,5,16,30.0,30.0,0.0,30.0,0.0,75.1613
2017,5,17,29.166666666666668,29.166666666666668,0.00265545286130108,29.166666666666668,0.000265545286130108,78.1703
2017,5,18,28.36111111111111,28.36111111111111,20.115020102026094,28.36111111111111,2.0115020102026095,82.3083
2017,5,19,28.61111111111111,28.61111111111111,0.002368131573793487,28.61111111111111,0.0002368131573793487,74.5824
2017,5,20,28.36111111111111,28.36111111111111,0.0023529160075151027,28.36111111111111,0.00023529160075151027,72.63985
2017,5,21,28.61111111111111,28.61111111111111,0.00263566471551296,28.61111111111111,0.00026356647155129597,74.64985
2017,5,22,29.22222222222222,29.22222222222222,0.254,29.22222222222222,0.0254,76.2724
2017,5,23,28.916666666666668,28.916666666666668,0.5002329048487756,28.916666666666668,0.05002329048487756,71.77855
2017,5,24,30.0,30.0,0.5016402485430819,30.0,0.05016402485430819,63.55265
2017,5,25,28.916666666666668,28.916666666666668,0.49534243479785306,28.916666666666668,0.04953424347978531,71.77855
2017,5,26,27.5,27.5,4.826,27.5,0.4826,77.37775
2017,5,27,28.916666666666668,28.916666666666668,0.508,28.916666666666668,0.0508,69.99695
2017,5,28,28.36111111111111,28.36111111111111,0.508,28.36111111111111,0.0508,74.74915
2017,5,29,27.25,27.25,38.862,27.25,3.8862,81.1416
2017,5,30,27.750000000000004,27.750000000000004,12.953999999999999,27.750000000000004,1.2953999999999999,78.03825
2017,5,31,27.805555555555557,27.805555555555557,6.604,27.805555555555557,0.6604,79.96735
2017,6,1,27.5,27.5,0.0,27.5,0.0,73.2165
2017,6,2,26.944444444444446,26.944444444444446,7.619999999999999,26.944444444444446,0.7619999999999999,79.4122
2017,6,3,28.916666666666668,28.916666666666668,0.0024903980661061427,28.916666666666668,0.0002490398066106143,72.06445
2017,6,4,29.47222222222222,29.47222222222222,19.304,29.47222222222222,1.9304,76.3146
2017,6,5,29.444444444444446,29.444444444444446,2.2859999999999996,29.444444444444446,0.22859999999999997,72.6991
2017,6,6,28.666666666666664,28.666666666666664,0.48721661782890224,28.666666666666664,0.048721661782890224,71.63395
2017,6,7,28.916666666666668,28.916666666666668,0.0024782704380370848,28.916666666666668,0.0002478270438037085,70.4918
2017,6,8,28.11111111111111,28.11111111111111,0.254,28.11111111111111,0.0254,78.38145
2017,6,9,28.36111111111111,28.36111111111111,17.272000000000002,28.36111111111111,1.7272000000000003,77.4261
2017,6,10,28.666666666666664,28.666666666666664,1.016,28.666666666666664,0.1016,71.13255000000001
2017,6,11,28.36111111111111,28.36111111111111,0.0,28.36111111111111,0.0,71.23875
2017,6,12,28.05555555555556,28.05555555555556,0.0027220217349651996,28.05555555555556,0.00027220217349652,69.075
2017,6,13,28.36111111111111,28.36111111111111,0.00258819528908548,28.36111111111111,0.000258819528908548,74.74105
2017,6,14,28.36111111111111,28.36111111111111,3.8099999999999996,28.36111111111111,0.38099999999999995,76.17925
2017,6,15,29.166666666666668,29.166666666666668,0.0,29.166666666666668,0.0,69.42725
2017,6,16,29.47222222222222,29.47222222222222,0.0,29.47222222222222,0.0,67.4207
2017,6,17,28.916666666666668,28.916666666666668,0.0,28.916666666666668,0.0,69.18915
2017,6,18,28.05555555555556,28.05555555555556,6.604,28.05555555555556,0.6604,72.6991
2017,6,19,27.5,27.5,18.796,27.5,1.8796,79.06655
2017,6,20,28.36111111111111,28.36111111111111,4.3180000000000005,28.36111111111111,0.4318000000000001,81.52885
2017,6,21,28.11111111111111,28.11111111111111,0.7619999999999999,28.11111111111111,0.07619999999999999,74.9834
2017,6,22,28.11111111111111,28.11111111111111,0.508,28.11111111111111,0.0508,73.7133
2017,6,23,28.05555555555556,28.05555555555556,1.5239999999999998,28.05555555555556,0.15239999999999998,72.63985
2017,6,24,28.666666666666664,28.666666666666664,3.0479999999999996,28.666666666666664,0.30479999999999996,76.13024999999999
2017,6,25,27.805555555555557,27.805555555555557,9.652,27.805555555555557,0.9652,76.8276
2017,6,26,27.805555555555557,27.805555555555557,2.032,27.805555555555557,0.2032,79.84875
2017,6,27,29.22222222222222,29.22222222222222,0.002443455777528962,29.22222222222222,0.0002443455777528962,75.9341
2017,6,28,28.916666666666668,28.916666666666668,2.7939999999999996,28.916666666666668,0.2794,74.7146
2017,6,29,29.166666666666668,29.166666666666668,0.254,29.166666666666668,0.0254,71.67495
2017,6,30,29.166666666666668,29.166666666666668,0.0024122473315126122,29.166666666666668,0.00024122473315126122,71.01085
2017,7,1,28.916666666666668,28.916666666666668,0.4498842660734529,28.916666666666668,0.04498842660734529,71.654588
2017,7,2,28.861111111111107,28.861111111111107,0.0,28.861111111111107,0.0,73.0087325
2017,7,3,28.916666666666668,28.916666666666668,3.0479999999999996,28.916666666666668,0.30479999999999996,74.7586155
2017,7,4,28.55555555555556,28.55555555555556,12.953999999999999,28.55555555555556,1.2953999999999999,80.31109000000001
2017,7,5,29.194444444444443,29.194444444444443,3.302,29.194444444444443,0.3302,74.878998
2017,7,6,29.22222222222222,29.22222222222222,0.0,29.22222222222222,0.0,71.9423025
2017,7,7,28.30555555555555,28.30555555555555,11.684,28.30555555555555,1.1683999999999999,78.30131750000001
2017,7,8,28.05555555555556,28.05555555555556,1.27,28.05555555555556,0.127,78.28406000000001
2017,7,9,28.05555555555556,28.05555555555556,27.178,28.05555555555556,2.7178,81.3253425
2017,7,10,30.0,30.0,0.0024791623576506123,30.0,0.0002479162357650612,70.002633
2017,7,11,29.47222222222222,29.47222222222222,3.1961077785599077,29.47222222222222,0.3196107778559908,73.172758
2017,7,12,28.36111111111111,28.36111111111111,1.778,28.36111111111111,0.1778,78.28406000000001
2017,7,13,28.916666666666668,28.916666666666668,1.27,28.916666666666668,0.127,74.6134835
2017,7,14,28.861111111111107,28.861111111111107,10.895264137347535,28.861111111111107,1.0895264137347536,77.628985
2017,7,15,28.61111111111111,28.61111111111111,11.43,28.61111111111111,1.143,80.1268375
2017,7,16,29.36111111111111,29.36111111111111,0.0024353099986343363,29.36111111111111,0.00024353099986343363,73.6670055
2017,7,17,29.194444444444443,29.194444444444443,12.446,29.194444444444443,1.2446,75.715993
2017,7,18,29.0,29.0,6.609426857815569,29.0,0.6609426857815569,79.351868
2017,7,19,29.36111111111111,29.36111111111111,0.00265666957904036,29.36111111111111,0.000265666957904036,73.0644875
2017,7,20,28.916666666666668,28.916666666666668,1.778,28.916666666666668,0.1778,73.0644875
2017,7,21,29.47222222222222,29.47222222222222,6.497671379777541,29.47222222222222,0.6497671379777541,74.633497
2017,7,22,29.22222222222222,29.22222222222222,0.254,29.22222222222222,0.0254,81.445
2017,7,23,29.75,29.75,2.032,29.75,0.2032,76.6405135
2017,7,24,29.722222222222225,29.722222222222225,0.26246263632010114,29.722222222222225,0.026246263632010113,75.11753
2017,7,25,29.111111111111114,29.111111111111114,9.906,29.111111111111114,0.9906,76.487423
2017,7,26,27.5,27.5,40.38600000000001,27.5,4.038600000000001,85.753915
2017,7,27,28.805555555555557,28.805555555555557,8.537925691315579,28.805555555555557,0.8537925691315579,79.659325
2017,7,28,29.388888888888893,29.388888888888893,0.0,29.388888888888893,0.0,76.4664305
2017,7,29,29.111111111111114,29.111111111111114,23.622,29.111111111111114,2.3622,76.35816
2017,7,30,29.30555555555556,29.30555555555556,2.032,29.30555555555556,0.2032,66.9447875
2017,7,31,28.88888888888889,28.88888888888889,7.112,28.88888888888889,0.7112,76.59885349999999
2017,8,1,29.722222222222225,29.722222222222225,3.0479999999999996,29.722222222222225,0.30479999999999996,76.2389
2017,8,2,29.47222222222222,29.47222222222222,5.08,29.47222222222222,0.508,80.05455
2017,8,3,29.722222222222225,29.722222222222225,0.254,29.722222222222225,0.0254,79.26735
2017,8,4,28.666666666666664,28.666666666666664,7.366,28.666666666666664,0.7365999999999999,83.8063
2017,8,5,29.22222222222222,29.22222222222222,0.2790764592379769,29.22222222222222,0.027907645923797693,77.5831
2017,8,6,28.916666666666668,28.916666666666668,7.366,28.916666666666668,0.7365999999999999,76.07005000000001
2017,8,7,28.61111111111111,28.61111111111111,1.016,28.61111111111111,0.1016,77.83345
2017,8,8,29.444444444444446,29.444444444444446,0.0,29.444444444444446,0.0,69.96025
2017,8,9,29.722222222222225,29.722222222222225,0.254,29.722222222222225,0.0254,80.46414999999999
2017,8,10,29.22222222222222,29.22222222222222,1.5239999999999998,29.22222222222222,0.15239999999999998,77.16165000000001
2017,8,11,29.47222222222222,29.47222222222222,0.0025399999999999997,29.47222222222222,0.000254,78.0951
2017,8,12,30.305555555555557,30.305555555555557,0.5374871363377328,30.305555555555557,0.05374871363377328,70.45865
2017,8,13,29.47222222222222,29.47222222222222,0.2512423918770637,29.47222222222222,0.02512423918770637,76.11699999999999
2017,8,14,29.47222222222222,29.47222222222222,4.826,29.47222222222222,0.4826,78.20925
2017,8,15,29.47222222222222,29.47222222222222,3.0479999999999996,29.47222222222222,0.30479999999999996,80.63550000000001
2017,8,16,29.22222222222222,29.22222222222222,8.128,29.22222222222222,0.8128,78.7302
2017,8,17,27.25,27.25,56.13399999999999,27.25,5.6133999999999995,88.29565
2017,8,18,28.36111111111111,28.36111111111111,1.27,28.36111111111111,0.127,80.9606
2017,8,19,28.61111111111111,28.61111111111111,14.732,28.61111111111111,1.4731999999999998,80.52685
2017,8,20,28.61111111111111,28.61111111111111,31.241999999999997,28.61111111111111,3.1241999999999996,84.12135
2017,8,21,28.666666666666664,28.666666666666664,0.0025399999999999997,28.666666666666664,0.000254,80.5505
2017,8,22,29.22222222222222,29.22222222222222,0.0025399999999999997,29.22222222222222,0.000254,81.10925
2017,8,23,29.36111111111111,29.36111111111111,0.0,29.36111111111111,0.0,74.8557
2017,8,24,29.166666666666668,29.166666666666668,0.002411321561339876,29.166666666666668,0.00024113215613398762,76.18725
2017,8,25,29.722222222222225,29.722222222222225,0.0025399999999999997,29.722222222222225,0.000254,75.56049999999999
2017,8,26,29.47222222222222,29.47222222222222,1.778,29.47222222222222,0.1778,77.6229
2017,8,27,28.88888888888889,28.88888888888889,20.32,28.88888888888889,2.032,74.66375000000001
2017,8,28,28.916666666666668,28.916666666666668,2.7939999999999996,28.916666666666668,0.2794,79.20769999999999
2017,8,29,29.444444444444446,29.444444444444446,30.733999999999998,29.444444444444446,3.0734,72.93775
2017,8,30,30.0,30.0,0.2544271052696612,30.0,0.025442710526966124,72.55295
2017,8,31,29.75,29.75,0.002314530443767604,29.75,0.00023145304437676039,71.6962
2017,9,1,29.22222222222222,29.22222222222222,0.0025399999999999997,29.22222222222222,0.000254,74.82925
2017,9,2,29.166666666666668,29.166666666666668,0.508,29.166666666666668,0.0508,75.8892
2017,9,3,28.36111111111111,28.36111111111111,11.684,28.36111111111111,1.1683999999999999,82.82169999999999
2017,9,4,28.916666666666668,28.916666666666668,1.778,28.916666666666668,0.1778,80.61015
2017,9,5,28.61111111111111,28.61111111111111,19.812,28.61111111111111,1.9812,82.84705
2017,9,6,26.944444444444446,26.944444444444446,28.955999999999996,26.944444444444446,2.8955999999999995,85.4816
2017,9,7,27.750000000000004,27.750000000000004,2.032,27.750000000000004,0.2032,83.52295000000001
2017,9,8,28.61111111111111,28.61111111111111,0.0,28.61111111111111,0.0,77.787
2017,9,9,29.22222222222222,29.22222222222222,0.0025399999999999997,29.22222222222222,0.000254,77.70285
2017,9,10,30.250000000000004,30.250000000000004,0.0025399999999999997,30.250000000000004,0.000254,67.0733025
2017,9,11,30.111111111111114,30.111111111111114,13.716,30.111111111111114,1.3716,74.5809
2017,9,12,30.250000000000004,30.250000000000004,0.0,30.250000000000004,0.0,68.55005
2017,9,13,30.250000000000004,30.250000000000004,0.7619999999999999,30.250000000000004,0.07619999999999999,71.78155000000001
2017,9,14,30.55555555555556,30.55555555555556,0.0025399999999999997,30.55555555555556,0.000254,72.01885
2017,9,15,29.75,29.75,0.0,29.75,0.0,67.59285
2017,9,16,29.444444444444446,29.444444444444446,0.0,29.444444444444446,0.0,73.44275
2017,9,17,29.47222222222222,29.47222222222222,18.034,29.47222222222222,1.8034,77.43570299999999
2017,9,18,29.22222222222222,29.22222222222222,0.7619999999999999,29.22222222222222,0.07619999999999999,83.1181
2017,9,19,29.22222222222222,29.22222222222222,4.826,29.22222222222222,0.4826,83.09803
2017,9,20,26.694444444444443,26.694444444444443,41.14800000000001,26.694444444444443,4.114800000000001,94.006
2017,9,21,29.5,29.5,21.1765726371313,29.5,2.11765726371313,93.35532569521033
2017,9,22,29.5,29.5,0.7534302109493887,29.5,0.07534302109493887,87.38300000000001
2017,9,23,28.88888888888889,28.88888888888889,37.45336958264002,28.88888888888889,3.7453369582640024,89.0956
2017,9,24,30.694444444444446,30.694444444444446,0.0,30.694444444444446,0.0,76.236538
2017,9,25,30.0,30.0,1.5528059334209159,30.0,0.1552805933420916,77.88575
2017,9,26,29.5,29.5,10.111420431869904,29.5,1.0111420431869904,85.22495
2017,9,27,29.0,29.0,7.099812625980575,29.0,0.7099812625980575,84.85515000000001
2017,9,28,28.5,28.5,0.0026399839925208197,28.5,0.00026399839925208196,87.38300000000001
2017,9,29,28.5,28.5,13.904929903616212,28.5,1.3904929903616212,85.0416
2017,9,30,26.444444444444443,26.444444444444443,1.5239999999999998,26.444444444444443,0.15239999999999998,88.55815
2017,10,1,27.750000000000004,27.750000000000004,3.0479999999999996,27.750000000000004,0.30479999999999996,88.14519999999999
2017,10,2,28.05555555555556,28.05555555555556,0.0025399999999999997,28.05555555555556,0.000254,86.29945000000001
2017,10,3,28.666666666666664,28.666666666666664,0.0025399999999999997,28.666666666666664,0.000254,84.3481
2017,10,4,29.47222222222222,29.47222222222222,9.36954763996658,29.47222222222222,0.936954763996658,81.72045
2017,10,5,29.694444444444446,29.694444444444446,0.0025399999999999997,29.694444444444446,0.000254,76.45830000000001
2017,10,6,28.666666666666664,28.666666666666664,2.032,28.666666666666664,0.2032,79.55205000000001
2017,10,7,27.750000000000004,27.750000000000004,1.016,27.750000000000004,0.1016,85.7519
2017,10,8,27.750000000000004,27.750000000000004,6.604,27.750000000000004,0.6604,85.22497
2017,10,9,27.5,27.5,1.778,27.5,0.1778,87.3027
2017,10,10,27.750000000000004,27.750000000000004,29.464,27.750000000000004,2.9463999999999997,84.89965000000001
2017,10,11,28.88888888888889,28.88888888888889,7.112,28.88888888888889,0.7112,80.74365
2017,10,12,28.666666666666664,28.666666666666664,0.7619999999999999,28.666666666666664,0.07619999999999999,87.35185
2017,10,13,28.61111111111111,28.61111111111111,0.0025399999999999997,28.61111111111111,0.000254,88.47595
2017,10,14,28.916666666666668,28.916666666666668,4.826,28.916666666666668,0.4826,88.47595
2017,10,15,28.583333333333336,28.583333333333336,50.291999999999994,28.583333333333336,5.0291999999999994,81.6277
2017,10,16,26.138888888888896,26.138888888888896,49.022,26.138888888888896,4.9022,95.12455
2017,10,17,28.36111111111111,28.36111111111111,0.0025399999999999997,28.36111111111111,0.000254,86.1134
2017,10,18,28.36111111111111,28.36111111111111,0.0025399999999999997,28.36111111111111,0.000254,88.47595
2017,10,19,29.47222222222222,29.47222222222222,0.0,29.47222222222222,0.0,75.03565
2017,10,20,28.666666666666664,28.666666666666664,7.112,28.666666666666664,0.7112,81.28665000000001
2017,10,21,28.05555555555556,28.05555555555556,0.508,28.05555555555556,0.0508,72.2034
2017,10,22,27.694444444444443,27.694444444444443,2.032,27.694444444444443,0.2032,79.4388025
2017,10,23,27.5,27.5,2.7939999999999996,27.5,0.2794,82.9374
2017,10,24,28.05555555555556,28.05555555555556,0.0025399999999999997,28.05555555555556,0.000254,71.65965
2017,10,25,28.88888888888889,28.88888888888889,0.0025399999999999997,28.88888888888889,0.000254,76.96035
2017,10,26,28.916666666666668,28.916666666666668,0.0025399999999999997,28.916666666666668,0.000254,80.8052
2017,10,27,27.5,27.5,0.508,27.5,0.0508,88.6403
2017,10,28,28.916666666666668,28.916666666666668,0.0025399999999999997,28.916666666666668,0.000254,83.69685
2017,10,29,29.111111111111114,29.111111111111114,0.0025399999999999997,29.111111111111114,0.000254,81.5623
2017,10,30,28.861111111111107,28.861111111111107,0.0,28.861111111111107,0.0,73.765008
2017,10,31,28.61111111111111,28.61111111111111,0.0025399999999999997,28.61111111111111,0.000254,82.82169999999999
2017,11,1,27.77777777777778,27.77777777777778,0.0025399999999999997,27.77777777777778,0.000254,75.6834
2017,11,2,28.333333333333336,28.333333333333336,0.0025399999999999997,28.333333333333336,0.000254,70.6643
2017,11,3,27.5,27.5,0.0025399999999999997,27.5,0.000254,75.33865
2017,11,4,28.05555555555556,28.05555555555556,7.874,28.05555555555556,0.7874,80.62075
2017,11,5,26.11111111111111,26.11111111111111,31.241999999999997,26.11111111111111,3.1241999999999996,89.775
2017,11,6,28.05555555555556,28.05555555555556,0.0025399999999999997,28.05555555555556,0.000254,78.74715
2017,11,7,26.11111111111111,26.11111111111111,69.342,26.11111111111111,6.9342,93.525
2017,11,8,25.833333333333336,25.833333333333336,17.272000000000002,25.833333333333336,1.7272000000000003,94.006
2017,11,9,26.666666666666668,26.666666666666668,1.778,26.666666666666668,0.1778,85.9637
2017,11,10,27.77777777777778,27.77777777777778,11.684,27.77777777777778,1.1683999999999999,82.76455
2017,11,11,27.5,27.5,10.16,27.5,1.016,87.35185
2017,11,12,28.05555555555556,28.05555555555556,0.7619999999999999,28.05555555555556,0.07619999999999999,82.47735
2017,11,13,27.77777777777778,27.77777777777778,1.5239999999999998,27.77777777777778,0.15239999999999998,80.0292
2017,11,14,27.5,27.5,0.0025399999999999997,27.5,0.000254,80.998
2017,11,15,30.0,30.0,0.0025399999999999997,30.0,0.000254,75.53434999999999
2017,11,16,28.333333333333336,28.333333333333336,3.0479999999999996,28.333333333333336,0.30479999999999996,83.17676
2017,11,17,29.722222222222225,29.722222222222225,0.0,29.722222222222225,0.0,78.44635
2017,11,18,27.222222222222225,27.222222222222225,45.974,27.222222222222225,4.5973999999999995,88.6403
2017,11,19,27.222222222222225,27.222222222222225,52.06999999999999,27.222222222222225,5.206999999999999,86.15105
2017,11,20,26.944444444444446,26.944444444444446,2.032,26.944444444444446,0.2032,89.775
2017,11,21,27.222222222222225,27.222222222222225,0.0,27.222222222222225,0.0,82.63324
2017,11,22,27.77777777777778,27.77777777777778,0.0,27.77777777777778,0.0,71.94295
2017,11,23,27.222222222222225,27.222222222222225,0.7619999999999999,27.222222222222225,0.07619999999999999,87.16095000000001
2017,11,24,28.333333333333336,28.333333333333336,2.2859999999999996,28.333333333333336,0.22859999999999997,85.90289999999999
2017,11,25,28.333333333333336,28.333333333333336,0.0025399999999999997,28.333333333333336,0.000254,78.3272
2017,11,26,27.77777777777778,27.77777777777778,0.0025399999999999997,27.77777777777778,0.000254,73.70645
2017,11,27,27.5,27.5,0.0,27.5,0.0,76.210552
2017,11,28,27.77777777777778,27.77777777777778,0.0,27.77777777777778,0.0,69.42725
2017,11,29,27.77777777777778,27.77777777777778,0.0025399999999999997,27.77777777777778,0.000254,83.11285000000001
2017,11,30,26.944444444444446,26.944444444444446,0.0,26.944444444444446,0.0,79.1731
2017,12,1,26.944444444444446,26.944444444444446,0.0,26.944444444444446,0.0,83.36345
2017,12,2,26.38888888888889,26.38888888888889,0.0,26.38888888888889,0.0,81.56075
2017,12,3,26.944444444444446,26.944444444444446,0.0025399999999999997,26.944444444444446,0.000254,83.00028
2017,12,4,26.944444444444446,26.944444444444446,0.0025399999999999997,26.944444444444446,0.000254,85.86595
2017,12,5,26.666666666666668,26.666666666666668,30.733999999999998,26.666666666666668,3.0734,88.34725
2017,12,6,26.666666666666668,26.666666666666668,8.889999999999999,26.666666666666668,0.8889999999999999,90.9102
2017,12,7,27.222222222222225,27.222222222222225,0.0025399999999999997,27.222222222222225,0.000254,79.9206075
2017,12,8,26.38888888888889,26.38888888888889,0.508,26.38888888888889,0.0508,73.18715
2017,12,9,27.222222222222225,27.222222222222225,1.27,27.222222222222225,0.127,73.5951
2017,12,10,26.666666666666668,26.666666666666668,0.0025399999999999997,26.666666666666668,0.000254,75.67609999999999
2017,12,11,26.666666666666668,26.666666666666668,8.128,26.666666666666668,0.8128,78.08655
2017,12,12,27.5,27.5,0.0,27.5,0.0,71.31205
2017,12,13,27.77777777777778,27.77777777777778,0.0,27.77777777777778,0.0,77.22655
2017,12,14,27.5,27.5,0.0,27.5,0.0,77.06765
2017,12,15,26.666666666666668,26.666666666666668,0.0025399999999999997,26.666666666666668,0.000254,81.549
2017,12,16,26.944444444444446,26.944444444444446,2.2859999999999996,26.944444444444446,0.22859999999999997,84.3866
2017,12,17,26.666666666666668,26.666666666666668,1.778,26.666666666666668,0.1778,85.3269
2017,12,18,26.666666666666668,26.666666666666668,1.5239999999999998,26.666666666666668,0.15239999999999998,88.26310000000001
2017,12,19,26.944444444444446,26.944444444444446,1.778,26.944444444444446,0.1778,80.97325000000001
2017,12,20,26.666666666666668,26.666666666666668,0.0025399999999999997,26.666666666666668,0.000254,83.37710000000001
2017,12,21,26.38888888888889,26.38888888888889,0.0025399999999999997,26.38888888888889,0.000254,82.6189
2017,12,22,26.944444444444446,26.944444444444446,0.508,26.944444444444446,0.0508,82.1608
2017,12,23,26.666666666666668,26.666666666666668,4.571999999999999,26.666666666666668,0.45719999999999994,81.08595
2017,12,24,26.944444444444446,26.944444444444446,0.7619999999999999,26.944444444444446,0.07619999999999999,76.51495
2017,12,25,26.666666666666668,26.666666666666668,1.016,26.666666666666668,0.1016,80.16575
2017,12,26,26.666666666666668,26.666666666666668,2.2859999999999996,26.666666666666668,0.22859999999999997,80.55945
2017,12,27,25.833333333333336,25.833333333333336,2.032,25.833333333333336,0.2032,85.63015
2017,12,28,25.833333333333336,25.833333333333336,6.35,25.833333333333336,0.635,87.03444999999999
2017,12,29,25.55555555555556,25.55555555555556,9.398,25.55555555555556,0.9398,83.5295
2017,12,30,25.0,25.0,0.508,25.0,0.0508,83.3302
2017,12,31,25.833333333333336,25.833333333333336,0.0025399999999999997,25.833333333333336,0.000254,80.4762
2018,1,1,26.666666666666668,26.666666666666668,0.0025399999999999997,26.666666666666668,0.000254,81.562535
2018,1,2,25.27777777777778,25.27777777777778,0.0,25.27777777777778,0.0,73.00856
2018,1,3,26.666666666666668,26.666666666666668,0.0,26.666666666666668,0.0,74.235548
2018,1,4,26.666666666666668,26.666666666666668,0.0,26.666666666666668,0.0,74.34978699999999
2018,1,5,26.666666666666668,26.666666666666668,1.778,26.666666666666668,0.1778,80.568105
2018,1,6,27.222222222222225,27.222222222222225,0.0025399999999999997,27.222222222222225,0.000254,71.943287
2018,1,7,27.222222222222225,27.222222222222225,0.0025399999999999997,27.222222222222225,0.000254,76.240115
2018,1,8,26.11111111111111,26.11111111111111,0.508,26.11111111111111,0.0508,86.31565499999999
2018,1,9,26.38888888888889,26.38888888888889,0.0025399999999999997,26.38888888888889,0.000254,75.95564250000001
2018,1,10,26.33333333333334,26.33333333333334,0.7619999999999999,26.33333333333334,0.07619999999999999,82.98655500000001
2018,1,11,26.944444444444446,26.944444444444446,8.889999999999999,26.944444444444446,0.8889999999999999,78.737547
2018,1,12,26.888888888888893,26.888888888888893,0.0025399999999999997,26.888888888888893,0.000254,79.34424
2018,1,13,26.38888888888889,26.38888888888889,2.032,26.38888888888889,0.2032,87.21264500000001
2018,1,14,26.083333333333336,26.083333333333336,10.668,26.083333333333336,1.0668,84.796035
2018,1,15,25.527777777777786,25.527777777777786,9.398,25.527777777777786,0.9398,85.58433550000001
2018,1,16,25.833333333333336,25.833333333333336,41.14800000000001,25.833333333333336,4.114800000000001,85.86593500000001
2018,1,17,25.833333333333336,25.833333333333336,4.064,25.833333333333336,0.4064,84.856465
2018,1,18,26.083333333333336,26.083333333333336,0.0025399999999999997,26.083333333333336,0.000254,80.40485699999999
2018,1,19,26.38888888888889,26.38888888888889,1.27,26.38888888888889,0.127,84.079062
2018,1,20,26.38888888888889,26.38888888888889,0.0025399999999999997,26.38888888888889,0.000254,80.294225
2018,1,21,26.33333333333334,26.33333333333334,0.0025399999999999997,26.33333333333334,0.000254,78.9846555
2018,1,22,25.833333333333336,25.833333333333336,0.7619999999999999,25.833333333333336,0.07619999999999999,83.3649375
2018,1,23,28.583333333333336,28.583333333333336,4.064,28.583333333333336,0.4064,75.453888
2018,1,24,26.083333333333336,26.083333333333336,3.8099999999999996,26.083333333333336,0.38099999999999995,84.856465
2018,1,25,25.0,25.0,7.112,25.0,0.7112,82.068
2018,1,26,25.527777777777786,25.527777777777786,1.016,25.527777777777786,0.1016,82.26921300000001
2018,1,27,25.27777777777778,25.27777777777778,15.239999999999998,25.27777777777778,1.5239999999999998,88.310745
2018,1,28,25.27777777777778,25.27777777777778,9.652,25.27777777777778,0.9652,85.96119
2018,1,29,25.0,25.0,5.08,25.0,0.508,81.14412250000001
2018,1,30,25.250000000000004,25.250000000000004,0.0025399999999999997,25.250000000000004,0.000254,77.830503
2018,1,31,24.444444444444446,24.444444444444446,4.826,24.444444444444446,0.4826,73.75709499999999
2018,2,1,25.527777777777786,25.527777777777786,0.0025399999999999997,25.527777777777786,0.000254,67.965723
2018,2,2,25.0,25.0,7.619999999999999,25.0,0.7619999999999999,79.804372
2018,2,3,24.75,24.75,2.032,24.75,0.2032,73.205545
2018,2,4,24.75,24.75,5.587999999999999,24.75,0.5588,80.6623775
2018,2,5,25.0,25.0,1.016,25.0,0.1016,80.0748685
2018,2,6,25.833333333333336,25.833333333333336,1.27,25.833333333333336,0.127,83.5887525
2018,2,7,25.250000000000004,25.250000000000004,1.27,25.250000000000004,0.127,78.63827
2018,2,8,25.27777777777778,25.27777777777778,0.508,25.27777777777778,0.0508,80.42659499999999
2018,2,9,24.75,24.75,3.556,24.75,0.3556,84.45796
2018,2,10,25.777777777777786,25.777777777777786,0.7619999999999999,25.777777777777786,0.07619999999999999,76.37566749999999
2018,2,11,25.250000000000004,25.250000000000004,5.08,25.250000000000004,0.508,73.85605
2018,2,12,24.75,24.75,2.54,24.75,0.254,76.8549
2018,2,13,26.083333333333336,26.083333333333336,2.032,26.083333333333336,0.2032,74.82441
2018,2,14,25.527777777777786,25.527777777777786,1.016,25.527777777777786,0.1016,73.624937
2018,2,15,25.0,25.0,2.2859999999999996,25.0,0.22859999999999997,84.638795
2018,2,16,24.47222222222222,24.47222222222222,4.826,24.47222222222222,0.4826,82.09722500000001
2018,2,17,25.27777777777778,25.27777777777778,0.002467003902973329,25.27777777777778,0.0002467003902973329,77.229635
2018,2,18,24.75,24.75,0.0025399999999999997,24.75,0.000254,79.300047
2018,2,19,25.777777777777786,25.777777777777786,0.0025399999999999997,25.777777777777786,0.000254,74.415845
2018,2,20,25.527777777777786,25.527777777777786,3.556,25.527777777777786,0.3556,77.555013
2018,2,21,24.47222222222222,24.47222222222222,6.604,24.47222222222222,0.6604,83.68185
2018,2,22,25.0,25.0,1.016,25.0,0.1016,76.30032399999999
2018,2,23,25.0,25.0,1.016,25.0,0.1016,71.093487
2018,2,24,23.666666666666664,23.666666666666664,8.128,23.666666666666664,0.8128,78.754625
2018,2,25,24.22222222222222,24.22222222222222,34.798,24.22222222222222,3.4798,85.862415
2018,2,26,24.22222222222222,24.22222222222222,9.652,24.22222222222222,0.9652,84.532725
2018,2,27,24.47222222222222,24.47222222222222,0.0025399999999999997,24.47222222222222,0.000254,78.965075
2018,2,28,24.36111111111111,24.36111111111111,26.924,24.36111111111111,2.6924,85.57198
2018,3,1,24.47222222222222,24.47222222222222,6.240925752808049,24.47222222222222,0.6240925752808049,79.5443805
2018,3,2,24.75,24.75,0.0,24.75,0.0,81.34019
2018,3,3,24.75,24.75,2.510562720009166,24.75,0.25105627200091657,78.27846
2018,3,4,24.47222222222222,24.47222222222222,3.8099999999999996,24.47222222222222,0.38099999999999995,81.015312
2018,3,5,23.916666666666668,23.916666666666668,3.0479999999999996,23.916666666666668,0.30479999999999996,79.891922
2018,3,6,24.22222222222222,24.22222222222222,0.0,24.22222222222222,0.0,67.28792
2018,3,7,24.166666666666668,24.166666666666668,1.0579090340415864,24.166666666666668,0.10579090340415864,68.221389
2018,3,8,27.25,27.25,3.539651777109927,27.25,0.35396517771099273,71.5202425
2018,3,9,27.5,27.5,0.0,27.5,0.0,70.23268
2018,3,10,26.638888888888893,26.638888888888893,18.501115979833845,26.638888888888893,1.8501115979833844,81.56074000000001
2018,3,11,27.750000000000004,27.750000000000004,1.5062687798598646,27.750000000000004,0.15062687798598645,68.564112
2018,3,12,26.944444444444446,26.944444444444446,0.002519261865662573,26.944444444444446,0.0002519261865662573,70.205946
2018,3,13,27.5,27.5,0.0026045156716262598,27.5,0.000260451567162626,66.2423365
2018,3,14,27.5,27.5,0.0,27.5,0.0,70.06288
2018,3,15,26.944444444444446,26.944444444444446,0.0025399999999999997,26.944444444444446,0.000254,73.4530465
2018,3,16,26.97222222222222,26.97222222222222,0.0,26.97222222222222,0.0,63.147745
2018,3,17,26.38888888888889,26.38888888888889,3.1987546056962177,26.38888888888889,0.3198754605696218,75.36363800000001
2018,3,18,27.25,27.25,0.0025399999999999997,27.25,0.000254,73.187176
2018,3,19,26.33333333333334,26.33333333333334,0.0025399999999999997,26.33333333333334,0.000254,74.82961800000001
2018,3,20,26.638888888888893,26.638888888888893,4.308013921817403,26.638888888888893,0.4308013921817403,75.894396
2018,3,21,26.38888888888889,26.38888888888889,0.0025399999999999997,26.38888888888889,0.000254,77.322125
2018,3,22,27.750000000000004,27.750000000000004,0.0,27.750000000000004,0.0,76.798609
2018,3,23,26.083333333333336,26.083333333333336,44.958,26.083333333333336,4.4958,77.229153
2018,3,24,25.527777777777786,25.527777777777786,7.619999999999999,25.527777777777786,0.7619999999999999,79.01665299999999
2018,3,25,24.722222222222225,24.722222222222225,7.874,24.722222222222225,0.7874,85.67256499999999
2018,3,26,25.833333333333336,25.833333333333336,0.0025399999999999997,25.833333333333336,0.000254,82.31699
2018,3,27,25.527777777777786,25.527777777777786,1.778,25.527777777777786,0.1778,82.615385
2018,3,28,25.527777777777786,25.527777777777786,0.0025399999999999997,25.527777777777786,0.000254,79.240445
2018,3,29,25.250000000000004,25.250000000000004,0.0025399999999999997,25.250000000000004,0.000254,66.5035435
2018,3,30,24.47222222222222,24.47222222222222,0.0025399999999999997,24.47222222222222,0.000254,68.074445
2018,3,31,24.722222222222225,24.722222222222225,0.0025399999999999997,24.722222222222225,0.000254,71.736929
2018,4,1,25.250000000000004,25.250000000000004,0.0025399999999999997,25.250000000000004,0.000254,77.852089
2018,4,2,26.083333333333336,26.083333333333336,0.767811721283763,26.083333333333336,0.07678117212837629,72.893511
2018,4,3,25.527777777777786,25.527777777777786,3.281218586693936,25.527777777777786,0.3281218586693936,76.135975
2018,4,4,26.33333333333334,26.33333333333334,0.0025399999999999997,26.33333333333334,0.000254,77.502712
2018,4,5,26.944444444444446,26.944444444444446,0.0,26.944444444444446,0.0,77.82866250000001
2018,4,6,26.944444444444446,26.944444444444446,0.0025399999999999997,26.944444444444446,0.000254,75.560522
2018,4,7,26.33333333333334,26.33333333333334,1.5239999999999998,26.33333333333334,0.15239999999999998,81.549005
2018,4,8,28.05555555555556,28.05555555555556,0.0026977955275858598,28.05555555555556,0.00026977955275858597,71.5202425
2018,4,9,27.25,27.25,1.778,27.25,0.1778,78.652377
2018,4,10,26.888888888888893,26.888888888888893,3.556,26.888888888888893,0.3556,75.845873
2018,4,11,26.638888888888893,26.638888888888893,1.778,26.638888888888893,0.1778,77.0903645
2018,4,12,27.5,27.5,0.0025399999999999997,27.5,0.000254,72.422865
2018,4,13,26.694444444444443,26.694444444444443,1.5239999999999998,26.694444444444443,0.15239999999999998,75.272842
2018,4,14,26.638888888888893,26.638888888888893,4.826,26.638888888888893,0.4826,80.0987435
2018,4,15,26.638888888888893,26.638888888888893,0.0025399999999999997,26.638888888888893,0.000254,73.7402895
2018,4,16,26.944444444444446,26.944444444444446,1.27,26.944444444444446,0.127,78.32816
2018,4,17,26.638888888888893,26.638888888888893,18.034,26.638888888888893,1.8034,80.00848500000001
2018,4,18,26.638888888888893,26.638888888888893,6.858,26.638888888888893,0.6858,83.3045075
2018,4,19,27.5,27.5,0.0025399999999999997,27.5,0.000254,74.36152200000001
2018,4,20,26.638888888888893,26.638888888888893,1.5239999999999998,26.638888888888893,0.15239999999999998,80.16572500000001
2018,4,21,26.083333333333336,26.083333333333336,23.622,26.083333333333336,2.3622,83.5887525
2018,4,22,26.083333333333336,26.083333333333336,0.0025399999999999997,26.083333333333336,0.000254,75.109125
2018,4,23,26.38888888888889,26.38888888888889,1.27,26.38888888888889,0.127,86.0115375
2018,4,24,26.33333333333334,26.33333333333334,0.0025399999999999997,26.33333333333334,0.000254,78.181889
2018,4,25,27.805555555555557,27.805555555555557,0.0025399999999999997,27.805555555555557,0.000254,67.070905
2018,4,26,27.750000000000004,27.750000000000004,0.0025399999999999997,27.750000000000004,0.000254,78.726204
2018,4,27,27.750000000000004,27.750000000000004,0.0025399999999999997,27.750000000000004,0.000254,72.96650700000001
2018,4,28,27.25,27.25,4.3180000000000005,27.25,0.4318000000000001,73.851447
2018,4,29,26.944444444444446,26.944444444444446,0.0,26.944444444444446,0.0,70.7394045
2018,4,30,26.944444444444446,26.944444444444446,0.4914271414489355,26.944444444444446,0.04914271414489355,71.8185415
2018,5,1,26.33333333333334,26.33333333333334,6.858,26.33333333333334,0.6858,77.6203925
2018,5,2,26.33333333333334,26.33333333333334,1.3379771684396151,26.33333333333334,0.13379771684396152,74.28267
2018,5,3,26.083333333333336,26.083333333333336,18.034,26.083333333333336,1.8034,84.57479000000001
2018,5,4,26.638888888888893,26.638888888888893,5.08,26.638888888888893,0.508,79.57756499999999
2018,5,5,26.944444444444446,26.944444444444446,0.0025399999999999997,26.944444444444446,0.000254,79.445195
2018,5,6,26.944444444444446,26.944444444444446,0.7619999999999999,26.944444444444446,0.07619999999999999,77.297042
2018,5,7,27.5,27.5,0.0025399999999999997,27.5,0.000254,70.797115
2018,5,8,26.638888888888893,26.638888888888893,0.7619999999999999,26.638888888888893,0.07619999999999999,73.289848
2018,5,9,26.944444444444446,26.944444444444446,2.54,26.944444444444446,0.254,76.798609
2018,5,10,26.944444444444446,26.944444444444446,0.0025399999999999997,26.944444444444446,0.000254,74.00406000000001
2018,5,11,26.38888888888889,26.38888888888889,1.778,26.38888888888889,0.1778,75.4406585
2018,5,12,26.083333333333336,26.083333333333336,6.604,26.083333333333336,0.6604,82.0379925
2018,5,13,27.194444444444446,27.194444444444446,0.0025399999999999997,27.194444444444446,0.000254,73.326567
2018,5,14,27.750000000000004,27.750000000000004,1.016,27.750000000000004,0.1016,74.8451
2018,5,15,26.888888888888893,26.888888888888893,0.0025399999999999997,26.888888888888893,0.000254,74.302007
2018,5,16,26.638888888888893,26.638888888888893,1.27,26.638888888888893,0.127,78.193624
2018,5,17,26.944444444444446,26.944444444444446,0.7619999999999999,26.944444444444446,0.07619999999999999,76.01947
2018,5,18,26.638888888888893,26.638888888888893,5.842,26.638888888888893,0.5841999999999999,78.193624
2018,5,19,26.083333333333336,26.083333333333336,9.906,26.083333333333336,0.9906,83.854823
2018,5,20,26.33333333333334,26.33333333333334,16.002,26.33333333333334,1.6001999999999998,80.283168
2018,5,21,25.0,25.0,11.175999999999998,25.0,1.1176,84.215503
2018,5,22,26.33333333333334,26.33333333333334,18.796,26.33333333333334,1.8796,85.6833725
2018,5,23,26.638888888888893,26.638888888888893,17.779999999999998,26.638888888888893,1.7779999999999998,81.574995
2018,5,24,27.194444444444446,27.194444444444446,7.3649004401433915,27.194444444444446,0.7364900440143392,81.6217375
2018,5,25,27.194444444444446,27.194444444444446,1.27,27.194444444444446,0.127,85.042052
2018,5,26,27.194444444444446,27.194444444444446,0.508,27.194444444444446,0.0508,75.61838900000001
2018,5,27,26.944444444444446,26.944444444444446,0.0,26.944444444444446,0.0,82.715145
2018,5,28,28.36111111111111,28.36111111111111,0.508,28.36111111111111,0.0508,76.926782
2018,5,29,27.5,27.5,1.5239999999999998,27.5,0.15239999999999998,81.84986
2018,5,30,27.25,27.25,0.0025399999999999997,27.25,0.000254,77.6019095
2018,5,31,27.805555555555557,27.805555555555557,0.0025399999999999997,27.805555555555557,0.000254,79.90332000000001
2018,6,1,28.05555555555556,28.05555555555556,0.24128581347185796,28.05555555555556,0.024128581347185797,75.297985
2018,6,2,29.444444444444446,29.444444444444446,0.0,29.444444444444446,0.0,71.2311785
2018,6,3,28.88888888888889,28.88888888888889,0.0,28.88888888888889,0.0,66.44944
2018,6,4,28.05555555555556,28.05555555555556,6.869572113648976,28.05555555555556,0.6869572113648976,76.594587
2018,6,5,28.36111111111111,28.36111111111111,1.273835910801747,28.36111111111111,0.1273835910801747,70.879465
2018,6,6,28.05555555555556,28.05555555555556,2.40168930263542,28.05555555555556,0.240168930263542,78.209265
2018,6,7,28.61111111111111,28.61111111111111,0.0025399999999999997,28.61111111111111,0.000254,74.698351
2018,6,8,28.05555555555556,28.05555555555556,5.334,28.05555555555556,0.5334,78.04485700000001
2018,6,9,27.25,27.25,13.97,27.25,1.397,80.997997
2018,6,10,27.750000000000004,27.750000000000004,0.0025399999999999997,27.750000000000004,0.000254,82.217472
2018,6,11,28.916666666666668,28.916666666666668,5.842,28.916666666666668,0.5841999999999999,73.194582
2018,6,12,28.916666666666668,28.916666666666668,0.0025399999999999997,28.916666666666668,0.000254,76.11363
2018,6,13,28.36111111111111,28.36111111111111,17.266421163748944,28.36111111111111,1.7266421163748944,78.76119750000001
2018,6,14,28.36111111111111,28.36111111111111,0.00259802681970178,28.36111111111111,0.000259802681970178,74.5999675
2018,6,15,28.11111111111111,28.11111111111111,0.0025399999999999997,28.11111111111111,0.000254,75.02407249999999
2018,6,16,28.666666666666664,28.666666666666664,0.0,28.666666666666664,0.0,72.725537
2018,6,17,30.0,30.0,0.0,30.0,0.0,68.254622
2018,6,18,28.916666666666668,28.916666666666668,0.0021175559962396764,28.916666666666668,0.00021175559962396763,73.56682649999999
2018,6,19,28.36111111111111,28.36111111111111,6.095999999999999,28.36111111111111,0.6095999999999999,78.959917
2018,6,20,29.444444444444446,29.444444444444446,0.2526236286390246,29.444444444444446,0.02526236286390246,69.75482
2018,6,21,28.36111111111111,28.36111111111111,0.0,28.36111111111111,0.0,70.6087175
2018,6,22,28.11111111111111,28.11111111111111,3.556,28.11111111111111,0.3556,78.9279575
2018,6,23,24.055555555555557,24.055555555555557,44.196,24.055555555555557,4.4196,88.395443
2018,6,24,28.05555555555556,28.05555555555556,0.0025399999999999997,28.05555555555556,0.000254,76.382545
2018,6,25,28.36111111111111,28.36111111111111,0.0025399999999999997,28.36111111111111,0.000254,76.42269
2018,6,26,28.36111111111111,28.36111111111111,1.729854194499962,28.36111111111111,0.17298541944999618,77.22184
2018,6,27,28.30555555555555,28.30555555555555,0.0025399999999999997,28.30555555555555,0.000254,75.90032
2018,6,28,28.36111111111111,28.36111111111111,0.0025399999999999997,28.36111111111111,0.000254,78.8213845
2018,6,29,28.36111111111111,28.36111111111111,0.0025399999999999997,28.36111111111111,0.000254,79.8314975
2018,6,30,28.36111111111111,28.36111111111111,2.5389931912040713,28.36111111111111,0.25389931912040714,75.074213
2018,7,1,28.11111111111111,28.11111111111111,0.0025399999999999997,28.11111111111111,0.000254,77.47389
2018,7,2,28.11111111111111,28.11111111111111,1.016,28.11111111111111,0.1016,81.5542375
2018,7,3,28.916666666666668,28.916666666666668,1.5355393658587888,28.916666666666668,0.15355393658587888,75.396025
2018,7,4,28.916666666666668,28.916666666666668,1.3795806092297886,28.916666666666668,0.13795806092297885,73.772215
2018,7,5,28.916666666666668,28.916666666666668,2.7822012850872206,28.916666666666668,0.2782201285087221,74.714584
2018,7,6,28.61111111111111,28.61111111111111,0.0025399999999999997,28.61111111111111,0.000254,72.699089
2018,7,7,28.916666666666668,28.916666666666668,0.0025399999999999997,28.916666666666668,0.000254,74.251307
2018,7,8,28.61111111111111,28.61111111111111,2.7939999999999996,28.61111111111111,0.2794,82.782343
2018,7,9,26.083333333333336,26.083333333333336,49.529999999999994,26.083333333333336,4.952999999999999,92.26368
2018,7,10,28.666666666666664,28.666666666666664,0.0025399999999999997,28.666666666666664,0.000254,76.3784335
2018,7,11,28.36111111111111,28.36111111111111,0.0025399999999999997,28.36111111111111,0.000254,83.26343750000001
2018,7,12,27.805555555555557,27.805555555555557,2.920935216544475,27.805555555555557,0.29209352165444746,74.83797
2018,7,13,28.36111111111111,28.36111111111111,0.0025399999999999997,28.36111111111111,0.000254,74.689637
2018,7,14,28.36111111111111,28.36111111111111,1.5239999999999998,28.36111111111111,0.15239999999999998,82.782343
2018,7,15,28.36111111111111,28.36111111111111,0.508,28.36111111111111,0.0508,82.782343
2018,7,16,28.61111111111111,28.61111111111111,5.842,28.61111111111111,0.5841999999999999,85.79251
2018,7,17,28.05555555555556,28.05555555555556,20.662010193168364,28.05555555555556,2.0662010193168365,82.9374325
2018,7,18,28.61111111111111,28.61111111111111,0.0025399999999999997,28.61111111111111,0.000254,78.89139
2018,7,19,27.805555555555557,27.805555555555557,18.541999999999998,27.805555555555557,1.8541999999999998,83.696827
2018,7,20,29.166666666666668,29.166666666666668,0.0024356499356133873,29.166666666666668,0.00024356499356133874,78.45774
2018,7,21,28.916666666666668,28.916666666666668,0.0025399999999999997,28.916666666666668,0.000254,75.568277
2018,7,22,28.61111111111111,28.61111111111111,0.0,28.61111111111111,0.0,72.8580035
2018,7,23,28.36111111111111,28.36111111111111,1.27,28.36111111111111,0.127,71.047161
2018,7,24,28.36111111111111,28.36111111111111,0.0025399999999999997,28.36111111111111,0.000254,80.95261500000001
2018,7,25,28.666666666666664,28.666666666666664,3.556,28.666666666666664,0.3556,80.960625
2018,7,26,27.194444444444446,27.194444444444446,18.034,27.194444444444446,1.8034,79.001082
2018,7,27,28.916666666666668,28.916666666666668,0.0025399999999999997,28.916666666666668,0.000254,76.0563585
2018,7,28,28.05555555555556,28.05555555555556,1.778,28.05555555555556,0.1778,80.89371
2018,7,29,27.805555555555557,27.805555555555557,3.8099999999999996,27.805555555555557,0.38099999999999995,76.61582
2018,7,30,28.666666666666664,28.666666666666664,2.2859999999999996,28.666666666666664,0.22859999999999997,85.6813775
2018,7,31,28.36111111111111,28.36111111111111,0.7619999999999999,28.36111111111111,0.07619999999999999,78.842372
2018,8,1,28.11111111111111,28.11111111111111,4.571999999999999,28.11111111111111,0.45719999999999994,78.76119750000001
2018,8,2,27.805555555555557,27.805555555555557,2.008406609110089,27.805555555555557,0.20084066091100888,75.1728345
2018,8,3,28.36111111111111,28.36111111111111,0.0025399999999999997,28.36111111111111,0.000254,72.89526
2018,8,4,28.61111111111111,28.61111111111111,1.27,28.61111111111111,0.127,80.088425
2018,8,5,27.750000000000004,27.750000000000004,34.29,27.750000000000004,3.429,87.253285
2018,8,6,28.36111111111111,28.36111111111111,3.0479999999999996,28.36111111111111,0.30479999999999996,84.7242125
2018,8,7,29.47222222222222,29.47222222222222,1.113990309252393,29.47222222222222,0.11139903092523931,75.62866700000001
2018,8,8,28.916666666666668,28.916666666666668,1.639843874440063,28.916666666666668,0.16398438744400629,77.534077
2018,8,9,28.916666666666668,28.916666666666668,0.002397153765994586,28.916666666666668,0.00023971537659945859,76.009525
2018,8,10,28.61111111111111,28.61111111111111,0.0025399999999999997,28.61111111111111,0.000254,70.5603775
2018,8,11,28.916666666666668,28.916666666666668,0.0025399999999999997,28.916666666666668,0.000254,78.327173
2018,8,12,28.666666666666664,28.666666666666664,0.7619999999999999,28.666666666666664,0.07619999999999999,77.4254115
2018,8,13,28.916666666666668,28.916666666666668,0.0025399999999999997,28.916666666666668,0.000254,75.535212
2018,8,14,28.666666666666664,28.666666666666664,0.0025399999999999997,28.666666666666664,0.000254,77.287762
2018,8,15,28.916666666666668,28.916666666666668,0.0025399999999999997,28.916666666666668,0.000254,72.640935
2018,8,16,27.805555555555557,27.805555555555557,39.37,27.805555555555557,3.937,79.832925
2018,8,17,28.05555555555556,28.05555555555556,10.413999999999998,28.05555555555556,1.0413999999999999,81.5031725
2018,8,18,27.805555555555557,27.805555555555557,7.366,27.805555555555557,0.7365999999999999,80.682562
2018,8,19,28.61111111111111,28.61111111111111,0.7619999999999999,28.61111111111111,0.07619999999999999,69.9457625
2018,8,20,28.36111111111111,28.36111111111111,0.0025399999999999997,28.36111111111111,0.000254,75.368825
2018,8,21,28.36111111111111,28.36111111111111,0.0025399999999999997,28.36111111111111,0.000254,74.741032
2018,8,22,28.916666666666668,28.916666666666668,1.778,28.916666666666668,0.1778,71.146965
2018,8,23,28.36111111111111,28.36111111111111,0.508,28.36111111111111,0.0508,74.952135
2018,8,24,27.5,27.5,3.556,27.5,0.3556,77.59285
2018,8,25,28.666666666666664,28.666666666666664,0.508,28.666666666666664,0.0508,71.5665165
2018,8,26,28.05555555555556,28.05555555555556,12.7,28.05555555555556,1.27,73.799614
2018,8,27,27.805555555555557,27.805555555555557,1.016,27.805555555555557,0.1016,78.76119750000001
2018,8,28,28.05555555555556,28.05555555555556,11.937999999999999,28.05555555555556,1.1938,82.79603499999999
2018,8,29,28.61111111111111,28.61111111111111,2.54,28.61111111111111,0.254,81.10925
2018,8,30,26.083333333333336,26.083333333333336,24.892,26.083333333333336,2.4892,85.295985
2018,8,31,28.05555555555556,28.05555555555556,17.87338831274769,28.05555555555556,1.787338831274769,73.677437
2018,9,1,28.36111111111111,28.36111111111111,0.0025399999999999997,28.36111111111111,0.000254,74.251307
2018,9,2,28.61111111111111,28.61111111111111,0.0025399999999999997,28.61111111111111,0.000254,72.45428
2018,9,3,28.666666666666664,28.666666666666664,12.953999999999999,28.666666666666664,1.2953999999999999,80.48312200000001
2018,9,4,28.36111111111111,28.36111111111111,1.27,28.36111111111111,0.127,79.8102645
2018,9,5,27.5,27.5,1.016,27.5,0.1016,77.42609
2018,9,6,27.805555555555557,27.805555555555557,0.0,27.805555555555557,0.0,77.486277
2018,9,7,28.36111111111111,28.36111111111111,0.0025399999999999997,28.36111111111111,0.000254,75.03716449999999
2018,9,8,28.916666666666668,28.916666666666668,0.0025399999999999997,28.916666666666668,0.000254,73.387577
2018,9,9,28.11111111111111,28.11111111111111,0.0025399999999999997,28.11111111111111,0.000254,75.297985
2018,9,10,28.36111111111111,28.36111111111111,1.3963605818102611,28.36111111111111,0.13963605818102612,75.901557
2018,9,11,28.916666666666668,28.916666666666668,0.0025399999999999997,28.916666666666668,0.000254,75.93405899999999
2018,9,12,28.05555555555556,28.05555555555556,2.7939999999999996,28.05555555555556,0.2794,76.75339
2018,9,13,28.666666666666664,28.666666666666664,6.858,28.666666666666664,0.6858,77.089575
2018,9,14,27.194444444444446,27.194444444444446,7.366,27.194444444444446,0.7365999999999999,81.6217375
2018,9,15,29.138888888888893,29.138888888888893,0.0025399999999999997,29.138888888888893,0.000254,74.571165
2018,9,16,28.61111111111111,28.61111111111111,0.0025399999999999997,28.61111111111111,0.000254,76.9878925
2018,9,17,29.444444444444446,29.444444444444446,2.678263436971829,29.444444444444446,0.2678263436971829,72.9836475
2018,9,18,28.916666666666668,28.916666666666668,1.5070750212911477,28.916666666666668,0.15070750212911477,77.535295
2018,9,19,29.75,29.75,0.0025399999999999997,29.75,0.000254,75.88920999999999
2018,9,20,30.0,30.0,0.0025399999999999997,30.0,0.000254,65.107605
2018,9,21,28.916666666666668,28.916666666666668,0.0025399999999999997,28.916666666666668,0.000254,74.8557
2018,9,22,28.36111111111111,28.36111111111111,2.032,28.36111111111111,0.2032,76.536855
2018,9,23,28.916666666666668,28.916666666666668,3.556,28.916666666666668,0.3556,76.6868495
2018,9,24,28.666666666666664,28.666666666666664,1.27,28.666666666666664,0.127,75.351742
2018,9,25,28.36111111111111,28.36111111111111,7.874,28.36111111111111,0.7874,81.5031725
2018,9,26,28.05555555555556,28.05555555555556,1.778,28.05555555555556,0.1778,77.75779750000001
2018,9,27,27.750000000000004,27.750000000000004,6.858,27.750000000000004,0.6858,79.8314975
2018,9,28,27.750000000000004,27.750000000000004,16.256,27.750000000000004,1.6256,79.76750200000001
2018,9,29,27.194444444444446,27.194444444444446,6.858,27.194444444444446,0.6858,81.704283
2018,9,30,28.11111111111111,28.11111111111111,2.6064150388008733,28.11111111111111,0.26064150388008733,78.74392499999999
2018,10,1,27.805555555555557,27.805555555555557,0.5199763525622635,27.805555555555557,0.051997635256226346,77.2782725
2018,10,2,27.5,27.5,0.25396406288148576,27.5,0.025396406288148578,74.34179499999999
2018,10,3,28.05555555555556,28.05555555555556,19.049999999999997,28.05555555555556,1.9049999999999998,73.68653
2018,10,4,28.05555555555556,28.05555555555556,2.54,28.05555555555556,0.254,82.35819000000001
2018,10,5,27.750000000000004,27.750000000000004,19.049999999999997,27.750000000000004,1.9049999999999998,77.75779750000001
2018,10,6,27.25,27.25,10.16,27.25,1.016,77.28530699999999
2018,10,7,26.944444444444446,26.944444444444446,3.302,26.944444444444446,0.3302,82.339337
2018,10,8,29.194444444444443,29.194444444444443,4.571999999999999,29.194444444444443,0.45719999999999994,73.89269999999999
2018,10,9,27.750000000000004,27.750000000000004,16.256,27.750000000000004,1.6256,79.8314975
2018,10,10,27.5,27.5,3.556,27.5,0.3556,76.26680200000001
2018,10,11,28.11111111111111,28.11111111111111,0.0025399999999999997,28.11111111111111,0.000254,75.84137
2018,10,12,27.805555555555557,27.805555555555557,0.0025399999999999997,27.805555555555557,0.000254,74.81123500000001
2018,10,13,27.194444444444446,27.194444444444446,0.0025399999999999997,27.194444444444446,0.000254,75.224335
2018,10,14,27.750000000000004,27.750000000000004,5.028750999877677,27.750000000000004,0.5028750999877677,74.3618815
2018,10,15,26.638888888888893,26.638888888888893,2.54,26.638888888888893,0.254,86.078375
2018,10,16,27.194444444444446,27.194444444444446,13.462,27.194444444444446,1.3462,82.3082725
2018,10,17,27.5,27.5,8.636000000000001,27.5,0.8636000000000001,80.024193
2018,10,18,28.11111111111111,28.11111111111111,0.0025399999999999997,28.11111111111111,0.000254,75.33865
2018,10,19,28.05555555555556,28.05555555555556,0.0025399999999999997,28.05555555555556,0.000254,73.68653
2018,10,20,28.11111111111111,28.11111111111111,3.8099999999999996,28.11111111111111,0.38099999999999995,78.585485
2018,10,21,27.5,27.5,2.2859999999999996,27.5,0.22859999999999997,80.40134499999999
2018,10,22,28.11111111111111,28.11111111111111,2.54,28.11111111111111,0.254,78.736893
2018,10,23,27.0,27.0,25.907999999999998,27.0,2.5907999999999998,83.3634225
2018,10,24,27.805555555555557,27.805555555555557,0.0025399999999999997,27.805555555555557,0.000254,78.910685
2018,10,25,28.36111111111111,28.36111111111111,0.0025399999999999997,28.36111111111111,0.000254,74.095644
2018,10,26,27.805555555555557,27.805555555555557,0.0025399999999999997,27.805555555555557,0.000254,75.33865
2018,10,27,27.805555555555557,27.805555555555557,0.0025399999999999997,27.805555555555557,0.000254,72.45428
2018,10,28,28.36111111111111,28.36111111111111,0.7619999999999999,28.36111111111111,0.07619999999999999,71.712642
2018,10,29,27.805555555555557,27.805555555555557,4.397976809102795,27.805555555555557,0.43979768091027954,74.74327500000001
2018,10,30,27.805555555555557,27.805555555555557,0.25299048018293746,27.805555555555557,0.025299048018293746,71.834112
2018,10,31,28.05555555555556,28.05555555555556,6.604,28.05555555555556,0.6604,72.56242
2018,11,1,28.36111111111111,28.36111111111111,2.032,28.36111111111111,0.2032,76.26680200000001
2018,11,2,27.194444444444446,27.194444444444446,18.034,27.194444444444446,1.8034,79.677992
2018,11,3,27.25,27.25,5.587999999999999,27.25,0.5588,77.83314
2018,11,4,24.75,24.75,16.256,24.75,1.6256,86.3914
2018,11,5,26.694444444444454,26.694444444444454,50.038,26.694444444444454,5.0038,81.9354475
2018,11,6,26.638888888888893,26.638888888888893,1.778,26.638888888888893,0.1778,82.44555299999999
2018,11,7,26.638888888888893,26.638888888888893,0.0025399999999999997,26.638888888888893,0.000254,82.53241750000001
2018,11,8,27.805555555555557,27.805555555555557,22.605999999999998,27.805555555555557,2.2605999999999997,77.8050475
2018,11,9,27.805555555555557,27.805555555555557,0.0025399999999999997,27.805555555555557,0.000254,81.07099
2018,11,10,27.805555555555557,27.805555555555557,0.508,27.805555555555557,0.0508,81.296615
2018,11,11,26.888888888888893,26.888888888888893,7.112,26.888888888888893,0.7112,81.3253425
2018,11,12,27.194444444444446,27.194444444444446,7.874,27.194444444444446,0.7874,81.258355
2018,11,13,26.888888888888893,26.888888888888893,7.366,26.888888888888893,0.7365999999999999,81.296615
2018,11,14,26.33333333333334,26.33333333333334,1.778,26.33333333333334,0.1778,83.349144
2018,11,15,27.750000000000004,27.750000000000004,13.247349115585587,27.750000000000004,1.3247349115585587,78.05018
2018,11,16,26.944444444444446,26.944444444444446,2.032,26.944444444444446,0.2032,79.9883225
2018,11,17,27.5,27.5,0.0025399999999999997,27.5,0.000254,76.25437
2018,11,18,26.638888888888893,26.638888888888893,0.0025399999999999997,26.638888888888893,0.000254,75.5124
2018,11,19,27.5,27.5,1.016,27.5,0.1016,72.891838
2018,11,20,27.194444444444446,27.194444444444446,0.7619999999999999,27.194444444444446,0.07619999999999999,79.115805
2018,11,21,27.25,27.25,0.508,27.25,0.0508,73.689177
2018,11,22,27.25,27.25,0.0025399999999999997,27.25,0.000254,72.422865
2018,11,23,26.638888888888893,26.638888888888893,0.0025399999999999997,26.638888888888893,0.000254,73.447753
2018,11,24,27.5,27.5,2.476212623653941,27.5,0.24762126236539408,71.4721205
2018,11,25,26.944444444444446,26.944444444444446,0.0025399999999999997,26.944444444444446,0.000254,75.560522
2018,11,26,27.5,27.5,18.33168378876939,27.5,1.8331683788769388,79.9288295
2018,11,27,26.888888888888893,26.888888888888893,0.0025399999999999997,26.888888888888893,0.000254,77.502712
2018,11,28,27.750000000000004,27.750000000000004,0.002520843732203729,27.750000000000004,0.0002520843732203729,70.31157
2018,11,29,26.944444444444446,26.944444444444446,0.0025635964641989003,26.944444444444446,0.00025635964641989,64.84626850000001
2018,11,30,26.33333333333334,26.33333333333334,0.0025399999999999997,26.33333333333334,0.000254,75.5124
2018,12,1,26.38888888888889,26.38888888888889,3.302,26.38888888888889,0.3302,75.36363800000001
2018,12,2,26.638888888888893,26.638888888888893,0.0025399999999999997,26.638888888888893,0.000254,71.575018
2018,12,3,26.638888888888893,26.638888888888893,2.032,26.638888888888893,0.2032,79.00984199999999
2018,12,4,26.638888888888893,26.638888888888893,0.508,26.638888888888893,0.0508,77.502712
2018,12,5,26.944444444444446,26.944444444444446,0.0025399999999999997,26.944444444444446,0.000254,74.37331
2018,12,6,26.33333333333334,26.33333333333334,0.0025399999999999997,26.33333333333334,0.000254,75.269892
2018,12,7,27.194444444444446,27.194444444444446,2.54,27.194444444444446,0.254,78.05018
2018,12,8,26.638888888888893,26.638888888888893,1.5239999999999998,26.638888888888893,0.15239999999999998,78.40626
2018,12,9,25.80555555555556,25.80555555555556,0.0,25.80555555555556,0.0,68.091425
2018,12,10,26.944444444444446,26.944444444444446,0.0025399999999999997,26.944444444444446,0.000254,68.16965300000001
2018,12,11,27.750000000000004,27.750000000000004,0.0,27.750000000000004,0.0,69.4762465
2018,12,12,26.083333333333336,26.083333333333336,0.7619999999999999,26.083333333333336,0.07619999999999999,72.627748
2018,12,13,26.083333333333336,26.083333333333336,0.0025399999999999997,26.083333333333336,0.000254,74.80667
2018,12,14,26.638888888888893,26.638888888888893,5.08,26.638888888888893,0.508,79.3817425
2018,12,15,27.25,27.25,0.0025399999999999997,27.25,0.000254,69.825632
2018,12,16,26.638888888888893,26.638888888888893,0.0025399999999999997,26.638888888888893,0.000254,77.185095
2018,12,17,26.666666666666668,26.666666666666668,0.0,26.666666666666668,0.0,67.6594835
2018,12,18,26.11111111111111,26.11111111111111,2.4184703723898098,26.11111111111111,0.241847037238981,70.7394045
2018,12,19,25.55555555555556,25.55555555555556,0.508,25.55555555555556,0.0508,75.85248
2018,12,20,26.11111111111111,26.11111111111111,2.032,26.11111111111111,0.2032,74.904113
2018,12,21,26.38888888888889,26.38888888888889,0.0025399999999999997,26.38888888888889,0.000254,68.98328950000001
2018,12,22,24.722222222222225,24.722222222222225,1.27,24.722222222222225,0.127,82.451525
2018,12,23,26.083333333333336,26.083333333333336,0.0025399999999999997,26.083333333333336,0.000254,76.231963
2018,12,24,26.083333333333336,26.083333333333336,4.826,26.083333333333336,0.4826,74.023495
2018,12,25,25.0,25.0,2.032,25.0,0.2032,78.691155
2018,12,26,26.083333333333336,26.083333333333336,0.0025399999999999997,26.083333333333336,0.000254,74.221701
2018,12,27,26.38888888888889,26.38888888888889,8.382,26.38888888888889,0.8382,80.179255
2018,12,28,25.527777777777786,25.527777777777786,17.018,25.527777777777786,1.7018,82.75949
2018,12,29,25.777777777777786,25.777777777777786,2.032,25.777777777777786,0.2032,78.72941
2018,12,30,26.33333333333334,26.33333333333334,0.0025399999999999997,26.33333333333334,0.000254,66.460225
2018,12,31,25.833333333333336,25.833333333333336,4.826,25.833333333333336,0.4826,72.47169149999999
2019,1,1,26.33333333333334,26.33333333333334,0.0025399999999999997,26.33333333333334,0.000254,71.5928
2019,1,2,26.083333333333336,26.083333333333336,0.7619999999999999,26.083333333333336,0.07619999999999999,74.70308800000001
2019,1,3,26.083333333333336,26.083333333333336,0.508,26.083333333333336,0.0508,71.355953
2019,1,4,26.38888888888889,26.38888888888889,0.0025399999999999997,26.38888888888889,0.000254,73.70892500000001
2019,1,5,26.38888888888889,26.38888888888889,0.0025399999999999997,26.38888888888889,0.000254,75.272842
2019,1,6,26.38888888888889,26.38888888888889,0.0025399999999999997,26.38888888888889,0.000254,73.187176
2019,1,7,26.638888888888893,26.638888888888893,0.0025399999999999997,26.638888888888893,0.000254,76.35788500000001
2019,1,8,26.083333333333336,26.083333333333336,0.0025399999999999997,26.083333333333336,0.000254,70.1856615
2019,1,9,25.27777777777778,25.27777777777778,0.508,25.27777777777778,0.0508,77.505005
2019,1,10,25.80555555555556,25.80555555555556,0.5201549332826095,25.80555555555556,0.052015493328260956,76.43602200000001
2019,1,11,26.33333333333334,26.33333333333334,0.7244379899105153,26.33333333333334,0.07244379899105154,72.15062499999999
2019,1,12,26.083333333333336,26.083333333333336,0.7619999999999999,26.083333333333336,0.07619999999999999,77.8104405
2019,1,13,26.083333333333336,26.083333333333336,1.016,26.083333333333336,0.1016,75.4190715
2019,1,14,26.33333333333334,26.33333333333334,0.0025399999999999997,26.33333333333334,0.000254,72.57615100000001
2019,1,15,26.083333333333336,26.083333333333336,0.0025399999999999997,26.083333333333336,0.000254,70.9278765
2019,1,16,25.527777777777786,25.527777777777786,0.0025399999999999997,25.527777777777786,0.000254,74.0643465
2019,1,17,23.805555555555557,23.805555555555557,5.587999999999999,23.805555555555557,0.5588,83.82457
2019,1,18,25.527777777777786,25.527777777777786,0.0025399999999999997,25.527777777777786,0.000254,76.277427
2019,1,19,26.083333333333336,26.083333333333336,1.0507595134010017,26.083333333333336,0.10507595134010017,71.2401065
2019,1,20,26.38888888888889,26.38888888888889,0.0025399999999999997,26.38888888888889,0.000254,68.7051115
2019,1,21,25.55555555555556,25.55555555555556,2.032,25.55555555555556,0.2032,76.82080500000001
2019,1,22,26.33333333333334,26.33333333333334,4.571999999999999,26.33333333333334,0.45719999999999994,77.0652315
2019,1,23,25.777777777777786,25.777777777777786,4.571999999999999,25.777777777777786,0.45719999999999994,80.125928
2019,1,24,26.083333333333336,26.083333333333336,8.636000000000001,26.083333333333336,0.8636000000000001,76.231963
2019,1,25,24.75,24.75,19.812,24.75,1.9812,83.911038
2019,1,26,25.777777777777786,25.777777777777786,0.0025399999999999997,25.777777777777786,0.000254,70.257031
2019,1,27,26.083333333333336,26.083333333333336,0.0025399999999999997,26.083333333333336,0.000254,70.9531075
2019,1,28,26.38888888888889,26.38888888888889,0.7619999999999999,26.38888888888889,0.07619999999999999,70.4220445
2019,1,29,27.5,27.5,0.0,27.5,0.0,63.770485
2019,1,30,26.638888888888893,26.638888888888893,0.0025399999999999997,26.638888888888893,0.000254,72.4083
2019,1,31,25.527777777777786,25.527777777777786,4.064,25.527777777777786,0.4064,77.2679
2019,2,1,25.833333333333336,25.833333333333336,0.0025399999999999997,25.833333333333336,0.000254,73.9341
2019,2,2,25.833333333333336,25.833333333333336,0.264571125215975,25.833333333333336,0.0264571125215975,73.0664
2019,2,3,25.833333333333336,25.833333333333336,0.0,25.833333333333336,0.0,73.5364
2019,2,4,25.527777777777786,25.527777777777786,0.0025399999999999997,25.527777777777786,0.000254,73.7593
2019,2,5,26.638888888888893,26.638888888888893,0.0023055980323176814,26.638888888888893,0.00023055980323176813,77.20655
2019,2,6,25.0,25.0,17.779999999999998,25.0,1.7779999999999998,79.29565
2019,2,7,26.638888888888893,26.638888888888893,1.5239999999999998,26.638888888888893,0.15239999999999998,77.02725000000001
2019,2,8,26.33333333333334,26.33333333333334,2.2859999999999996,26.33333333333334,0.22859999999999997,77.18265
2019,2,9,26.083333333333336,26.083333333333336,5.842,26.083333333333336,0.5841999999999999,78.68260000000001
2019,2,10,26.083333333333336,26.083333333333336,7.112,26.083333333333336,0.7112,78.00025
2019,2,11,26.083333333333336,26.083333333333336,0.7619999999999999,26.083333333333336,0.07619999999999999,72.8935
2019,2,12,26.083333333333336,26.083333333333336,0.508,26.083333333333336,0.0508,71.9113
2019,2,13,26.944444444444446,26.944444444444446,0.508,26.944444444444446,0.0508,71.7022
2019,2,14,27.194444444444446,27.194444444444446,2.2859999999999996,27.194444444444446,0.22859999999999997,73.5505
2019,2,15,27.5,27.5,0.508,27.5,0.0508,71.0034
2019,2,16,28.61111111111111,28.61111111111111,3.3678819850852175,28.61111111111111,0.33678819850852176,72.1166
2019,2,17,27.25,27.25,0.255402012238073,27.25,0.0255402012238073,72.3005
2019,2,18,26.083333333333336,26.083333333333336,0.0025399999999999997,26.083333333333336,0.000254,74.2482
2019,2,19,26.083333333333336,26.083333333333336,0.0025399999999999997,26.083333333333336,0.000254,75.36155
2019,2,20,24.444444444444446,24.444444444444446,5.334,24.444444444444446,0.5334,80.30215
2019,2,21,26.083333333333336,26.083333333333336,0.508,26.083333333333336,0.0508,69.7963
2019,2,22,26.638888888888893,26.638888888888893,0.0025399999999999997,26.638888888888893,0.000254,74.5089
2019,2,23,26.38888888888889,26.38888888888889,0.0025399999999999997,26.38888888888889,0.000254,71.22655
2019,2,24,26.33333333333334,26.33333333333334,0.7619999999999999,26.33333333333334,0.07619999999999999,72.16835
2019,2,25,25.55555555555556,25.55555555555556,0.0025399999999999997,25.55555555555556,0.000254,74.5089
2019,2,26,25.55555555555556,25.55555555555556,3.556,25.55555555555556,0.3556,77.293
2019,2,27,25.27777777777778,25.27777777777778,6.35,25.27777777777778,0.635,78.47030000000001
2019,2,28,25.55555555555556,25.55555555555556,0.7619999999999999,25.55555555555556,0.07619999999999999,76.91605
2019,3,1,26.11111111111111,26.11111111111111,0.254,26.11111111111111,0.0254,73.42123000000001
2019,3,2,25.55555555555556,25.55555555555556,0.0025399999999999997,25.55555555555556,0.000254,71.99357
2019,3,3,26.11111111111111,26.11111111111111,0.0025399999999999997,26.11111111111111,0.000254,68.6659415
2019,3,4,25.27777777777778,25.27777777777778,2.032,25.27777777777778,0.2032,74.7618465
2019,3,5,26.11111111111111,26.11111111111111,1.016,26.11111111111111,0.1016,73.7403
2019,3,6,25.833333333333336,25.833333333333336,0.0025399999999999997,25.833333333333336,0.000254,74.199855
2019,3,7,26.11111111111111,26.11111111111111,0.0,26.11111111111111,0.0,72.0676
2019,3,8,26.11111111111111,26.11111111111111,0.254,26.11111111111111,0.0254,66.1392
2019,3,9,25.833333333333336,25.833333333333336,7.112,25.833333333333336,0.7112,76.59055000000001
2019,3,10,25.833333333333336,25.833333333333336,0.254,25.833333333333336,0.0254,72.5574985
2019,3,11,25.55555555555556,25.55555555555556,2.7939999999999996,25.55555555555556,0.2794,70.875839
2019,3,12,25.27777777777778,25.27777777777778,1.27,25.27777777777778,0.127,73.934105
2019,3,13,25.0,25.0,1.778,25.0,0.1778,80.125945
2019,3,14,25.833333333333336,25.833333333333336,3.0479999999999996,25.833333333333336,0.30479999999999996,75.8944
2019,3,15,25.833333333333336,25.833333333333336,0.0025399999999999997,25.833333333333336,0.000254,70.481965
2019,3,16,26.11111111111111,26.11111111111111,0.254,26.11111111111111,0.0254,68.7861
2019,3,17,26.11111111111111,26.11111111111111,0.254,26.11111111111111,0.0254,67.20079150000001
2019,3,18,26.38888888888889,26.38888888888889,0.0025399999999999997,26.38888888888889,0.000254,66.516142
2019,3,19,25.833333333333336,25.833333333333336,0.0,25.833333333333336,0.0,64.58965
2019,3,20,26.666666666666668,26.666666666666668,0.0025399999999999997,26.666666666666668,0.000254,74.0643485
2019,3,21,26.944444444444446,26.944444444444446,0.0,26.944444444444446,0.0,63.862215
2019,3,22,27.222222222222225,27.222222222222225,0.254,27.222222222222225,0.0254,69.488435
2019,3,23,26.38888888888889,26.38888888888889,0.0,26.38888888888889,0.0,72.09303
2019,3,24,26.666666666666668,26.666666666666668,3.8099999999999996,26.666666666666668,0.38099999999999995,73.9466915
2019,3,25,27.77777777777778,27.77777777777778,0.0,27.77777777777778,0.0,64.17725
2019,3,26,27.5,27.5,0.0,27.5,0.0,63.5872
2019,3,27,28.333333333333336,28.333333333333336,0.0025399999999999997,28.333333333333336,0.000254,64.1738
2019,3,28,27.77777777777778,27.77777777777778,0.0,27.77777777777778,0.0,63.5872
2019,3,29,27.222222222222225,27.222222222222225,0.508,27.222222222222225,0.0508,69.561292
2019,3,30,26.944444444444446,26.944444444444446,1.27,26.944444444444446,0.127,73.34218
2019,3,31,26.944444444444446,26.944444444444446,0.0,26.944444444444446,0.0,74.44165799999999
2019,4,1,26.944444444444446,26.944444444444446,0.0025399999999999997,26.944444444444446,0.000254,74.857565
2019,4,2,27.222222222222225,27.222222222222225,10.16,27.222222222222225,1.016,72.4809
2019,4,3,26.944444444444446,26.944444444444446,0.254,26.944444444444446,0.0254,69.488435
2019,4,4,26.944444444444446,26.944444444444446,1.27,26.944444444444446,0.127,71.575015
2019,4,5,27.222222222222225,27.222222222222225,0.0025399999999999997,27.222222222222225,0.000254,69.561292
2019,4,6,27.222222222222225,27.222222222222225,0.254,27.222222222222225,0.0254,68.559773
2019,4,7,26.944444444444446,26.944444444444446,1.27,26.944444444444446,0.127,69.117447
2019,4,8,26.944444444444446,26.944444444444446,0.0025399999999999997,26.944444444444446,0.000254,64.9923495
2019,4,9,26.944444444444446,26.944444444444446,0.7619999999999999,26.944444444444446,0.07619999999999999,65.32095
2019,4,10,27.222222222222225,27.222222222222225,2.2859999999999996,27.222222222222225,0.22859999999999997,67.76976499999999
2019,4,11,27.77777777777778,27.77777777777778,2.54,27.77777777777778,0.254,67.487402
2019,4,12,28.333333333333336,28.333333333333336,0.0025399999999999997,28.333333333333336,0.000254,68.6607875
2019,4,13,26.944444444444446,26.944444444444446,6.858,26.944444444444446,0.6858,70.14065
2019,4,14,26.666666666666668,26.666666666666668,0.254,26.666666666666668,0.0254,68.9832915
2019,4,15,26.38888888888889,26.38888888888889,0.0025399999999999997,26.38888888888889,0.000254,66.894
2019,4,16,27.5,27.5,0.0025399999999999997,27.5,0.000254,69.929445
2019,4,17,26.944444444444446,26.944444444444446,0.0,26.944444444444446,0.0,72.445605
2019,4,18,27.222222222222225,27.222222222222225,0.7619999999999999,27.222222222222225,0.07619999999999999,70.4548
2019,4,19,27.77777777777778,27.77777777777778,2.2859999999999996,27.77777777777778,0.22859999999999997,66.3607
2019,4,20,26.944444444444446,26.944444444444446,1.27,26.944444444444446,0.127,68.613505
2019,4,21,26.38888888888889,26.38888888888889,6.858,26.38888888888889,0.6858,77.42943700000001
2019,4,22,26.666666666666668,26.666666666666668,0.0025399999999999997,26.666666666666668,0.000254,70.797
2019,4,23,26.38888888888889,26.38888888888889,0.508,26.38888888888889,0.0508,65.487773
2019,4,24,26.666666666666668,26.666666666666668,0.0025399999999999997,26.666666666666668,0.000254,67.30797
2019,4,25,26.38888888888889,26.38888888888889,0.0,26.38888888888889,0.0,66.430873
2019,4,26,27.222222222222225,27.222222222222225,0.0,27.222222222222225,0.0,70.083287
2019,4,27,27.77777777777778,27.77777777777778,0.254,27.77777777777778,0.0254,70.04741999999999
2019,4,28,26.944444444444446,26.944444444444446,42.672,26.944444444444446,4.2672,80.2124775
2019,4,29,27.222222222222225,27.222222222222225,0.0025399999999999997,27.222222222222225,0.000254,75.92824999999999
2019,4,30,26.666666666666668,26.666666666666668,0.508,26.666666666666668,0.0508,69.34393
2019,5,1,27.222222222222225,27.222222222222225,0.0025399999999999997,27.222222222222225,0.000254,72.37465
2019,5,2,27.5,27.5,3.302,27.5,0.3302,77.38126
2019,5,3,26.944444444444446,26.944444444444446,0.7619999999999999,26.944444444444446,0.07619999999999999,71.24889999999999
2019,5,4,26.944444444444446,26.944444444444446,0.508,26.944444444444446,0.0508,71.835595
2019,5,5,26.944444444444446,26.944444444444446,0.0025399999999999997,26.944444444444446,0.000254,72.15063
2019,5,6,26.944444444444446,26.944444444444446,9.652,26.944444444444446,0.9652,76.49131
2019,5,7,27.222222222222225,27.222222222222225,0.0,27.222222222222225,0.0,74.27629999999999
2019,5,8,26.11111111111111,26.11111111111111,1.016,26.11111111111111,0.1016,75.490555
2019,5,9,25.833333333333336,25.833333333333336,0.254,25.833333333333336,0.0254,78.374792
2019,5,10,26.666666666666668,26.666666666666668,0.508,26.666666666666668,0.0508,75.10913
2019,5,11,27.77777777777778,27.77777777777778,0.508,27.77777777777778,0.0508,77.0475275
2019,5,12,28.61111111111111,28.61111111111111,3.302,28.61111111111111,0.3302,67.17913
2019,5,13,29.444444444444446,29.444444444444446,0.508,29.444444444444446,0.0508,65.92828349999999
2019,5,14,29.166666666666668,29.166666666666668,0.0,29.166666666666668,0.0,65.85561
2019,5,15,28.333333333333336,28.333333333333336,2.2859999999999996,28.333333333333336,0.22859999999999997,73.85040000000001
2019,5,16,28.61111111111111,28.61111111111111,0.0,28.61111111111111,0.0,73.86495000000001
2019,5,17,28.88888888888889,28.88888888888889,0.7619999999999999,28.88888888888889,0.07619999999999999,69.6593
2019,5,18,28.61111111111111,28.61111111111111,0.0,28.61111111111111,0.0,70.491782
2019,5,19,28.333333333333336,28.333333333333336,7.112,28.333333333333336,0.7112,70.491782
2019,5,20,28.333333333333336,28.333333333333336,1.27,28.333333333333336,0.127,69.6593
2019,5,21,28.333333333333336,28.333333333333336,0.0,28.333333333333336,0.0,69.83568249999999
2019,5,22,28.05555555555556,28.05555555555556,0.0025399999999999997,28.05555555555556,0.000254,72.74995
2019,5,23,27.5,27.5,0.0025399999999999997,27.5,0.000254,72.6437
2019,5,24,28.333333333333336,28.333333333333336,0.508,28.333333333333336,0.0508,72.9502725
2019,5,25,27.5,27.5,0.254,27.5,0.0254,72.74995
2019,5,26,28.05555555555556,28.05555555555556,0.0,28.05555555555556,0.0,77.161653
2019,5,27,28.05555555555556,28.05555555555556,0.0,28.05555555555556,0.0,77.2782725
2019,5,28,27.5,27.5,8.889999999999999,27.5,0.8889999999999999,77.4296
2019,5,29,26.944444444444446,26.944444444444446,3.302,26.944444444444446,0.3302,74.8451
2019,5,30,25.833333333333336,25.833333333333336,5.334,25.833333333333336,0.5334,81.258242
2019,5,31,28.333333333333336,28.333333333333336,0.0025399999999999997,28.333333333333336,0.000254,74.632084
2019,6,1,27.222222222222225,27.222222222222225,0.508,27.222222222222225,0.0508,76.7491
2019,6,2,26.944444444444446,26.944444444444446,15.239999999999998,26.944444444444446,1.5239999999999998,79.4334
2019,6,3,28.61111111111111,28.61111111111111,0.0,28.61111111111111,0.0,73.677437
2019,6,4,28.61111111111111,28.61111111111111,0.508,28.61111111111111,0.0508,75.351742
2019,6,5,28.61111111111111,28.61111111111111,0.0025399999999999997,28.61111111111111,0.000254,77.42609
2019,6,6,29.444444444444446,29.444444444444446,0.7619999999999999,29.444444444444446,0.07619999999999999,71.58165
2019,6,7,29.166666666666668,29.166666666666668,0.0025399999999999997,29.166666666666668,0.000254,74.7146
2019,6,8,28.333333333333336,28.333333333333336,25.907999999999998,28.333333333333336,2.5907999999999998,74.0115015
2019,6,9,28.88888888888889,28.88888888888889,0.0025399999999999997,28.88888888888889,0.000254,74.27255
2019,6,10,29.166666666666668,29.166666666666668,0.254,29.166666666666668,0.0254,73.128598
2019,6,11,28.333333333333336,28.333333333333336,0.0,28.333333333333336,0.0,71.78158499999999
2019,6,12,28.05555555555556,28.05555555555556,8.128,28.05555555555556,0.8128,77.58465000000001
2019,6,13,28.61111111111111,28.61111111111111,0.254,28.61111111111111,0.0254,73.0784575
2019,6,14,28.333333333333336,28.333333333333336,0.7619999999999999,28.333333333333336,0.07619999999999999,74.7146
2019,6,15,28.05555555555556,28.05555555555556,4.826,28.05555555555556,0.4826,78.76119750000001
2019,6,16,28.333333333333336,28.333333333333336,10.413999999999998,28.333333333333336,1.0413999999999999,80.45528999999999
2019,6,17,28.333333333333336,28.333333333333336,0.0025399999999999997,28.333333333333336,0.000254,81.91004699999999
2019,6,18,28.61111111111111,28.61111111111111,0.0025399999999999997,28.61111111111111,0.000254,78.51365000000001
2019,6,19,28.61111111111111,28.61111111111111,0.0025399999999999997,28.61111111111111,0.000254,77.270858
2019,6,20,29.166666666666668,29.166666666666668,1.016,29.166666666666668,0.1016,76.7522575
2019,6,21,29.722222222222225,29.722222222222225,0.0,29.722222222222225,0.0,70.855085
2019,6,22,28.61111111111111,28.61111111111111,0.0,28.61111111111111,0.0,75.351742
2019,6,23,28.05555555555556,28.05555555555556,0.0,28.05555555555556,0.0,75.49026
2019,6,24,28.61111111111111,28.61111111111111,0.0,28.61111111111111,0.0,78.804127
2019,6,25,29.166666666666668,29.166666666666668,1.016,29.166666666666668,0.1016,83.59755000000001
2019,6,26,28.88888888888889,28.88888888888889,2.2859999999999996,28.88888888888889,0.22859999999999997,74.5331
2019,6,27,28.88888888888889,28.88888888888889,5.842,28.88888888888889,0.5841999999999999,75.829702
2019,6,28,28.61111111111111,28.61111111111111,1.27,28.61111111111111,0.127,73.344695
2019,6,29,29.166666666666668,29.166666666666668,0.0025399999999999997,29.166666666666668,0.000254,74.7146
2019,6,30,29.722222222222225,29.722222222222225,0.0025399999999999997,29.722222222222225,0.000254,73.054153
2019,7,1,28.88888888888889,28.88888888888889,0.0025399999999999997,28.88888888888889,0.000254,71.393325
2019,7,2,29.166666666666668,29.166666666666668,0.0025399999999999997,29.166666666666668,0.000254,71.296042
2019,7,3,29.166666666666668,29.166666666666668,0.0,29.166666666666668,0.0,69.53713499999999
2019,7,4,29.722222222222225,29.722222222222225,0.0025399999999999997,29.722222222222225,0.000254,65.459675
2019,7,5,28.88888888888889,28.88888888888889,27.432,28.88888888888889,2.7432,77.61744999999999
2019,7,6,28.333333333333336,28.333333333333336,0.0,28.333333333333336,0.0,74.65535
2019,7,7,28.61111111111111,28.61111111111111,0.254,28.61111111111111,0.0254,72.56242
2019,7,8,28.88888888888889,28.88888888888889,0.0025399999999999997,28.88888888888889,0.000254,74.958955
2019,7,9,30.0,30.0,0.254,30.0,0.0254,71.7563
2019,7,10,29.722222222222225,29.722222222222225,0.0,29.722222222222225,0.0,74.061103
2019,7,11,29.166666666666668,29.166666666666668,0.254,29.166666666666668,0.0254,71.208345
2019,7,12,28.88888888888889,28.88888888888889,0.0025399999999999997,28.88888888888889,0.000254,73.4231
2019,7,13,28.61111111111111,28.61111111111111,4.064,28.61111111111111,0.4064,76.6330925
2019,7,14,28.61111111111111,28.61111111111111,3.8099999999999996,28.61111111111111,0.38099999999999995,76.598
2019,7,15,29.166666666666668,29.166666666666668,0.7619999999999999,29.166666666666668,0.07619999999999999,78.7302
2019,7,16,29.166666666666668,29.166666666666668,0.0,29.166666666666668,0.0,73.76061999999999
2019,7,17,28.05555555555556,28.05555555555556,12.953999999999999,28.05555555555556,1.2953999999999999,75.99045000000001
2019,7,18,29.166666666666668,29.166666666666668,0.0025399999999999997,29.166666666666668,0.000254,74.27255
2019,7,19,28.333333333333336,28.333333333333336,11.43,28.333333333333336,1.143,76.61875
2019,7,20,28.88888888888889,28.88888888888889,2.54,28.88888888888889,0.254,77.26650000000001
2019,7,21,29.166666666666668,29.166666666666668,2.54,29.166666666666668,0.254,71.1918
2019,7,22,29.166666666666668,29.166666666666668,0.0025399999999999997,29.166666666666668,0.000254,70.57679999999999
2019,7,23,30.0,30.0,0.0025399999999999997,30.0,0.000254,65.518063
2019,7,24,29.166666666666668,29.166666666666668,0.0025399999999999997,29.166666666666668,0.000254,73.8914
2019,7,25,28.88888888888889,28.88888888888889,3.556,28.88888888888889,0.3556,79.29599999999999
2019,7,26,28.88888888888889,28.88888888888889,0.254,28.88888888888889,0.0254,80.045193
2019,7,27,29.444444444444446,29.444444444444446,0.254,29.444444444444446,0.0254,78.7302
2019,7,28,29.444444444444446,29.444444444444446,0.0025399999999999997,29.444444444444446,0.000254,74.48910000000001
2019,7,29,28.05555555555556,28.05555555555556,21.589999999999996,28.05555555555556,2.159,81.902037
2019,7,30,25.833333333333336,25.833333333333336,59.69,25.833333333333336,5.968999999999999,90.708685
2019,7,31,27.5,27.5,23.622,27.5,2.3622,83.52293
2019,8,1,27.77777777777778,27.77777777777778,0.0025399999999999997,27.77777777777778,0.000254,80.461532
2019,8,2,29.166666666666668,29.166666666666668,0.254,29.166666666666668,0.0254,78.757517
2019,8,3,30.0,30.0,0.254,30.0,0.0254,72.5844
2019,8,4,29.166666666666668,29.166666666666668,0.0025399999999999997,29.166666666666668,0.000254,75.7663
2019,8,5,28.61111111111111,28.61111111111111,0.0025399999999999997,28.61111111111111,0.000254,75.983095
2019,8,6,29.722222222222225,29.722222222222225,0.254,29.722222222222225,0.0254,73.0988065
2019,8,7,29.166666666666668,29.166666666666668,0.0025399999999999997,29.166666666666668,0.000254,76.002363
2019,8,8,28.61111111111111,28.61111111111111,3.8099999999999996,28.61111111111111,0.38099999999999995,78.804127
2019,8,9,30.27777777777778,30.27777777777778,0.0,30.27777777777778,0.0,70.352453
2019,8,10,29.444444444444446,29.444444444444446,0.254,29.444444444444446,0.0254,71.31721300000001
2019,8,11,28.61111111111111,28.61111111111111,3.556,28.61111111111111,0.3556,72.116398
2019,8,12,29.166666666666668,29.166666666666668,2.032,29.166666666666668,0.2032,74.27255
2019,8,13,30.27777777777778,30.27777777777778,0.0,30.27777777777778,0.0,71.31721300000001
2019,8,14,28.88888888888889,28.88888888888889,0.254,28.88888888888889,0.0254,75.8892
2019,8,15,30.27777777777778,30.27777777777778,0.0025399999999999997,30.27777777777778,0.000254,73.63114999999999
2019,8,16,29.722222222222225,29.722222222222225,3.0479999999999996,29.722222222222225,0.30479999999999996,76.545957
2019,8,17,27.77777777777778,27.77777777777778,43.17999999999999,27.77777777777778,4.318,81.26805
2019,8,18,28.61111111111111,28.61111111111111,7.874,28.61111111111111,0.7874,76.77325
2019,8,19,28.05555555555556,28.05555555555556,22.605999999999998,28.05555555555556,2.2605999999999997,81.78124
2019,8,20,28.61111111111111,28.61111111111111,0.0025399999999999997,28.61111111111111,0.000254,80.4588
2019,8,21,28.61111111111111,28.61111111111111,4.826,28.61111111111111,0.4826,75.7453075
2019,8,22,29.166666666666668,29.166666666666668,4.064,29.166666666666668,0.4064,72.058201
2019,8,23,29.722222222222225,29.722222222222225,0.7619999999999999,29.722222222222225,0.07619999999999999,72.2107885
2019,8,24,29.444444444444446,29.444444444444446,0.508,29.444444444444446,0.0508,78.583313
2019,8,25,30.0,30.0,0.0,30.0,0.0,73.4683
2019,8,26,29.722222222222225,29.722222222222225,0.254,29.722222222222225,0.0254,72.84081
2019,8,27,29.722222222222225,29.722222222222225,0.0025399999999999997,29.722222222222225,0.000254,72.64092
2019,8,28,27.5,27.5,3.0479999999999996,27.5,0.30479999999999996,80.0242005
2019,8,29,28.88888888888889,28.88888888888889,2.2859999999999996,28.88888888888889,0.22859999999999997,72.94839999999999
2019,8,30,29.722222222222225,29.722222222222225,0.0025399999999999997,29.722222222222225,0.000254,69.65132750000001
2019,8,31,29.722222222222225,29.722222222222225,10.413999999999998,29.722222222222225,1.0413999999999999,73.941938
2019,9,1,27.77777777777778,27.77777777777778,34.798,27.77777777777778,3.4798,78.689093
2019,9,2,30.27777777777778,30.27777777777778,0.0025399999999999997,30.27777777777778,0.000254,66.70240000000001
2019,9,3,30.0,30.0,0.0025399999999999997,30.0,0.000254,71.63397
2019,9,4,29.444444444444446,29.444444444444446,1.016,29.444444444444446,0.1016,75.025403
2019,9,5,29.166666666666668,29.166666666666668,2.54,29.166666666666668,0.254,77.89295
2019,9,6,27.5,27.5,72.64399999999999,27.5,7.264399999999999,84.057935
2019,9,7,28.333333333333336,28.333333333333336,0.254,28.333333333333336,0.0254,81.12434999999999
2019,9,8,28.333333333333336,28.333333333333336,6.604,28.333333333333336,0.6604,79.8487575
2019,9,9,28.61111111111111,28.61111111111111,6.858,28.61111111111111,0.6858,77.772595
2019,9,10,29.166666666666668,29.166666666666668,10.668,29.166666666666668,1.0668,76.77325
2019,9,11,28.916666666666668,28.916666666666668,11.937999999999999,28.916666666666668,1.1938,78.95104
2019,9,12,29.166666666666668,29.166666666666668,3.8099999999999996,29.166666666666668,0.38099999999999995,78.56145000000001
2019,9,13,30.27777777777778,30.27777777777778,0.0025399999999999997,30.27777777777778,0.000254,72.3462355
2019,9,14,30.833333333333336,30.833333333333336,0.7619999999999999,30.833333333333336,0.07619999999999999,73.442767
2019,9,15,29.444444444444446,29.444444444444446,27.432,29.444444444444446,2.7432,79.02903
2019,9,16,30.0,30.0,1.27,30.0,0.127,79.207705
2019,9,17,30.0,30.0,0.254,30.0,0.0254,72.0791935
2019,9,18,30.27777777777778,30.27777777777778,0.0025399999999999997,30.27777777777778,0.000254,70.855085
2019,9,19,30.0,30.0,2.032,30.0,0.2032,70.97939650000001
2019,9,20,29.722222222222225,29.722222222222225,0.0025399999999999997,29.722222222222225,0.000254,74.32034999999999
2019,9,21,31.111111111111114,31.111111111111114,0.0025399999999999997,31.111111111111114,0.000254,64.084406
2019,9,22,28.05555555555556,28.05555555555556,13.716,28.05555555555556,1.3716,80.082942
2019,9,23,30.55555555555556,30.55555555555556,0.7619999999999999,30.55555555555556,0.07619999999999999,69.20521
2019,9,24,27.5,27.5,19.304,27.5,1.9304,87.72885
2019,9,25,29.166666666666668,29.166666666666668,2.54,29.166666666666668,0.254,76.41001
2019,9,26,30.27777777777778,30.27777777777778,0.0025399999999999997,30.27777777777778,0.000254,68.192188
2019,9,27,30.27777777777778,30.27777777777778,0.0025399999999999997,30.27777777777778,0.000254,72.05760000000001
2019,9,28,29.166666666666668,29.166666666666668,0.0025399999999999997,29.166666666666668,0.000254,76.179248
2019,9,29,27.77777777777778,27.77777777777778,18.541999999999998,27.77777777777778,1.8541999999999998,83.696827
2019,9,30,29.722222222222225,29.722222222222225,6.095999999999999,29.722222222222225,0.6095999999999999,73.568796
2019,10,1,30.0,30.0,0.254,30.0,0.0254,71.319838
2019,10,2,29.444444444444446,29.444444444444446,0.0025399999999999997,29.444444444444446,0.000254,70.855085
2019,10,3,29.166666666666668,29.166666666666668,0.0025399999999999997,29.166666666666668,0.000254,64.8904
2019,10,4,28.88888888888889,28.88888888888889,4.3180000000000005,28.88888888888889,0.4318000000000001,80.30545000000001
2019,10,5,28.88888888888889,28.88888888888889,0.0025399999999999997,28.88888888888889,0.000254,78.891395
2019,10,6,29.444444444444446,29.444444444444446,0.0025399999999999997,29.444444444444446,0.000254,75.066643
2019,10,7,29.444444444444446,29.444444444444446,0.254,29.444444444444446,0.0254,75.087305
2019,10,8,29.166666666666668,29.166666666666668,0.254,29.166666666666668,0.0254,72.72035
2019,10,9,29.166666666666668,29.166666666666668,0.0025399999999999997,29.166666666666668,0.000254,74.75906499999999
2019,10,10,28.61111111111111,28.61111111111111,0.254,28.61111111111111,0.0254,75.35175000000001
2019,10,11,28.61111111111111,28.61111111111111,0.0025399999999999997,28.61111111111111,0.000254,73.42309700000001
2019,10,12,29.166666666666668,29.166666666666668,0.0025399999999999997,29.166666666666668,0.000254,68.17009999999999
2019,10,13,28.61111111111111,28.61111111111111,9.143999999999998,28.61111111111111,0.9143999999999999,72.116398
2019,10,14,28.333333333333336,28.333333333333336,0.254,28.333333333333336,0.0254,77.486277
2019,10,15,28.88888888888889,28.88888888888889,0.508,28.88888888888889,0.0508,76.536855
2019,10,16,28.61111111111111,28.61111111111111,0.0025399999999999997,28.61111111111111,0.000254,76.735
2019,10,17,28.88888888888889,28.88888888888889,0.0025399999999999997,28.88888888888889,0.000254,75.351742
2019,10,18,28.88888888888889,28.88888888888889,12.446,28.88888888888889,1.2446,80.101517
2019,10,19,28.61111111111111,28.61111111111111,3.0479999999999996,28.61111111111111,0.30479999999999996,75.950575
2019,10,20,28.61111111111111,28.61111111111111,0.0025399999999999997,28.61111111111111,0.000254,76.735
2019,10,21,28.61111111111111,28.61111111111111,3.8099999999999996,28.61111111111111,0.38099999999999995,78.209265
2019,10,22,28.05555555555556,28.05555555555556,0.7619999999999999,28.05555555555556,0.07619999999999999,81.5428505
2019,10,23,28.05555555555556,28.05555555555556,10.413999999999998,28.05555555555556,1.0413999999999999,78.667067
2019,10,24,28.05555555555556,28.05555555555556,3.0479999999999996,28.05555555555556,0.30479999999999996,77.8719625
2019,10,25,27.77777777777778,27.77777777777778,11.175999999999998,27.77777777777778,1.1176,84.168915
2019,10,26,28.05555555555556,28.05555555555556,0.7619999999999999,28.05555555555556,0.07619999999999999,77.584637
2019,10,27,28.05555555555556,28.05555555555556,9.398,28.05555555555556,0.9398,78.04485700000001
2019,10,28,28.333333333333336,28.333333333333336,2.54,28.333333333333336,0.254,80.179392
2019,10,29,28.05555555555556,28.05555555555556,0.0025399999999999997,28.05555555555556,0.000254,77.08324999999999
2019,10,30,28.333333333333336,28.333333333333336,0.254,28.333333333333336,0.0254,73.9367295
2019,10,31,28.05555555555556,28.05555555555556,2.7939999999999996,28.05555555555556,0.2794,76.61582
2019,11,1,28.05555555555556,28.05555555555556,0.254,28.05555555555556,0.0254,71.724027
2019,11,2,27.222222222222225,27.222222222222225,24.383999999999997,27.222222222222225,2.4383999999999997,76.74909
2019,11,3,27.5,27.5,0.0025399999999999997,27.5,0.000254,78.05018
2019,11,4,26.666666666666668,26.666666666666668,25.4,26.666666666666668,2.54,84.259355
2019,11,5,28.05555555555556,28.05555555555556,4.571999999999999,28.05555555555556,0.45719999999999994,79.76750200000001
2019,11,6,28.333333333333336,28.333333333333336,6.604,28.333333333333336,0.6604,77.75779750000001
2019,11,7,28.333333333333336,28.333333333333336,3.0479999999999996,28.333333333333336,0.30479999999999996,74.5107565
2019,11,8,28.05555555555556,28.05555555555556,1.5239999999999998,28.05555555555556,0.15239999999999998,76.63525200000001
2019,11,9,28.05555555555556,28.05555555555556,1.5239999999999998,28.05555555555556,0.15239999999999998,77.563404
2019,11,10,28.88888888888889,28.88888888888889,0.0025399999999999997,28.88888888888889,0.000254,74.341655
2019,11,11,28.61111111111111,28.61111111111111,0.7619999999999999,28.61111111111111,0.07619999999999999,72.699089
2019,11,12,28.333333333333336,28.333333333333336,0.0,28.333333333333336,0.0,66.0448735
2019,11,13,27.555555555555557,27.555555555555557,0.0,27.555555555555557,0.0,75.29147900000001
2019,11,14,27.5,27.5,0.254,27.5,0.0254,77.4992
2019,11,15,27.222222222222225,27.222222222222225,9.906,27.222222222222225,0.9906,80.419112
2019,11,16,27.5,27.5,0.508,27.5,0.0508,76.594587
2019,11,17,27.77777777777778,27.77777777777778,0.0025399999999999997,27.77777777777778,0.000254,77.42609
2019,11,18,28.333333333333336,28.333333333333336,0.508,28.333333333333336,0.0508,78.31764999999999
2019,11,19,28.333333333333336,28.333333333333336,0.0025399999999999997,28.333333333333336,0.000254,77.42609
2019,11,20,28.61111111111111,28.61111111111111,0.0025399999999999997,28.61111111111111,0.000254,76.669577
2019,11,21,28.05555555555556,28.05555555555556,12.953999999999999,28.05555555555556,1.2953999999999999,75.7068235
2019,11,22,27.5,27.5,3.8099999999999996,27.5,0.38099999999999995,71.0995065
2019,11,23,28.333333333333336,28.333333333333336,0.0,28.333333333333336,0.0,63.194713
2019,11,24,26.944444444444446,26.944444444444446,0.254,26.944444444444446,0.0254,70.06599299999999
2019,11,25,28.05555555555556,28.05555555555556,0.0025399999999999997,28.05555555555556,0.000254,73.14453
2019,11,26,28.61111111111111,28.61111111111111,0.0025399999999999997,28.61111111111111,0.000254,77.811475
2019,11,27,28.61111111111111,28.61111111111111,0.508,28.61111111111111,0.0508,80.50146699999999
2019,11,28,27.222222222222225,27.222222222222225,5.334,27.222222222222225,0.5334,80.568105
2019,11,29,26.666666666666668,26.666666666666668,8.382,26.666666666666668,0.8382,78.1152525
2019,11,30,26.666666666666668,26.666666666666668,2.2859999999999996,26.666666666666668,0.22859999999999997,78.193624
2019,12,1,25.55555555555556,25.55555555555556,10.413999999999998,25.55555555555556,1.0413999999999999,85.6301575
2019,12,2,28.333333333333336,28.333333333333336,0.254,28.333333333333336,0.0254,72.326335
2019,12,3,30.0,30.0,0.7619999999999999,30.0,0.07619999999999999,69.323463
2019,12,4,28.88888888888889,28.88888888888889,2.54,28.88888888888889,0.254,73.393035
2019,12,5,28.88888888888889,28.88888888888889,0.0025399999999999997,28.88888888888889,0.000254,71.248451
2019,12,6,28.61111111111111,28.61111111111111,0.0,28.61111111111111,0.0,70.6087175
2019,12,7,28.05555555555556,28.05555555555556,0.254,28.05555555555556,0.0254,78.76119750000001
2019,12,8,27.5,27.5,0.0,27.5,0.0,74.63145
2019,12,9,27.222222222222225,27.222222222222225,26.162,27.222222222222225,2.6162,79.45945
2019,12,10,27.222222222222225,27.222222222222225,10.413999999999998,27.222222222222225,1.0413999999999999,78.05018
2019,12,11,27.222222222222225,27.222222222222225,3.8099999999999996,27.222222222222225,0.38099999999999995,75.170029
2019,12,12,26.944444444444446,26.944444444444446,16.002,26.944444444444446,1.6001999999999998,78.30216999999999
2019,12,13,26.944444444444446,26.944444444444446,8.889999999999999,26.944444444444446,0.8889999999999999,76.91889
2019,12,14,27.5,27.5,1.778,27.5,0.1778,79.39794499999999
2019,12,15,28.05555555555556,28.05555555555556,2.2859999999999996,28.05555555555556,0.22859999999999997,77.3854765
2019,12,16,26.666666666666668,26.666666666666668,17.525999999999996,26.666666666666668,1.7525999999999997,79.00984199999999
2019,12,17,27.5,27.5,4.571999999999999,27.5,0.45719999999999994,75.02407249999999
2019,12,18,27.5,27.5,3.0479999999999996,27.5,0.30479999999999996,73.408592
2019,12,19,27.77777777777778,27.77777777777778,0.0025399999999999997,27.77777777777778,0.000254,72.9088515
2019,12,20,27.5,27.5,0.0025399999999999997,27.5,0.000254,72.019255
2019,12,21,27.222222222222225,27.222222222222225,2.032,27.222222222222225,0.2032,75.61838900000001
2019,12,22,26.944444444444446,26.944444444444446,9.906,26.944444444444446,0.9906,80.16572500000001
2019,12,23,26.944444444444446,26.944444444444446,0.0025399999999999997,26.944444444444446,0.000254,72.891838
2019,12,24,27.77777777777778,27.77777777777778,0.0,27.77777777777778,0.0,71.5202425
2019,12,25,28.61111111111111,28.61111111111111,0.0,28.61111111111111,0.0,69.30007
2019,12,26,26.666666666666668,26.666666666666668,6.095999999999999,26.666666666666668,0.6095999999999999,78.20787899999999
2019,12,27,27.222222222222225,27.222222222222225,0.0025399999999999997,27.222222222222225,0.000254,77.651332
2019,12,28,26.666666666666668,26.666666666666668,0.0025399999999999997,26.666666666666668,0.000254,77.6710775
2019,12,29,26.944444444444446,26.944444444444446,0.7619999999999999,26.944444444444446,0.07619999999999999,81.065825
2019,12,30,26.38888888888889,26.38888888888889,16.256,26.38888888888889,1.6256,81.085925
2019,12,31,26.944444444444446,26.944444444444446,3.556,26.944444444444446,0.3556,85.36793750000001
2020,1,1,27.222222222222225,27.222222222222225,1.27,27.222222222222225,0.127,82.93002999999999
2020,1,2,27.77777777777778,27.77777777777778,1.5239999999999998,27.77777777777778,0.15239999999999998,81.27860000000001
2020,1,3,26.11111111111111,26.11111111111111,22.351999999999997,26.11111111111111,2.2352,82.05016499999999
2020,1,4,26.666666666666668,26.666666666666668,0.508,26.666666666666668,0.0508,71.890048
2020,1,5,26.11111111111111,26.11111111111111,1.27,26.11111111111111,0.127,82.81885
2020,1,6,25.833333333333336,25.833333333333336,9.143999999999998,25.833333333333336,0.9143999999999999,85.312205
2020,1,7,26.944444444444446,26.944444444444446,0.7619999999999999,26.944444444444446,0.07619999999999999,75.29147900000001
2020,1,8,26.666666666666668,26.666666666666668,3.0479999999999996,26.666666666666668,0.30479999999999996,76.54305
2020,1,9,27.222222222222225,27.222222222222225,8.636000000000001,27.222222222222225,0.8636000000000001,74.88522
2020,1,10,26.38888888888889,26.38888888888889,2.54,26.38888888888889,0.254,75.29147900000001
2020,1,11,26.944444444444446,26.944444444444446,3.0479999999999996,26.944444444444446,0.30479999999999996,71.05288
2020,1,12,26.38888888888889,26.38888888888889,5.587999999999999,26.38888888888889,0.5588,80.056355
2020,1,13,25.833333333333336,25.833333333333336,9.906,25.833333333333336,0.9906,74.1219435
2020,1,14,25.55555555555556,25.55555555555556,4.3180000000000005,25.55555555555556,0.4318000000000001,76.507492
2020,1,15,25.55555555555556,25.55555555555556,18.796,25.55555555555556,1.8796,80.343598
2020,1,16,25.833333333333336,25.833333333333336,5.334,25.833333333333336,0.5334,74.585645
2020,1,17,25.55555555555556,25.55555555555556,0.254,25.55555555555556,0.0254,82.0379925
2020,1,18,26.38888888888889,26.38888888888889,1.27,26.38888888888889,0.127,70.604582
2020,1,19,25.27777777777778,25.27777777777778,12.446,25.27777777777778,1.2446,80.4745125
2020,1,20,25.833333333333336,25.833333333333336,10.413999999999998,25.833333333333336,1.0413999999999999,86.054145
2020,1,21,27.222222222222225,27.222222222222225,1.016,27.222222222222225,0.1016,70.78371250000001
2020,1,22,26.11111111111111,26.11111111111111,1.5239999999999998,26.11111111111111,0.15239999999999998,77.229153
2020,1,23,27.5,27.5,34.036,27.5,3.4036,80.461857
2020,1,24,25.27777777777778,25.27777777777778,33.019999999999996,25.27777777777778,3.3019999999999996,84.481835
2020,1,25,25.27777777777778,25.27777777777778,12.446,25.27777777777778,1.2446,82.51310749999999
2020,1,26,25.55555555555556,25.55555555555556,19.558,25.55555555555556,1.9558,83.0996575
2020,1,27,26.38888888888889,26.38888888888889,6.858,26.38888888888889,0.6858,79.462355
2020,1,28,26.666666666666668,26.666666666666668,0.0025399999999999997,26.666666666666668,0.000254,78.595037
2020,1,29,26.11111111111111,26.11111111111111,0.254,26.11111111111111,0.0254,77.82866250000001
2020,1,30,27.77777777777778,27.77777777777778,0.0,27.77777777777778,0.0,67.035395
2020,1,31,26.666666666666668,26.666666666666668,0.0025399999999999997,26.666666666666668,0.000254,71.15820500000001
2020,2,1,26.944444444444446,26.944444444444446,0.0025399999999999997,26.944444444444446,0.000254,71.504035
2020,2,2,27.5,27.5,0.0025399999999999997,27.5,0.000254,64.076553
2020,2,3,26.944444444444446,26.944444444444446,0.0025399999999999997,26.944444444444446,0.000254,66.553867
2020,2,4,27.5,27.5,0.508,27.5,0.0508,62.635875
2020,2,5,26.944444444444446,26.944444444444446,0.254,26.944444444444446,0.0254,65.511805
2020,2,6,27.5,27.5,0.7619999999999999,27.5,0.07619999999999999,65.671708
2020,2,7,28.05555555555556,28.05555555555556,0.254,28.05555555555556,0.0254,58.523693
2020,2,8,27.222222222222225,27.222222222222225,0.0025399999999999997,27.222222222222225,0.000254,64.168668
2020,2,9,26.944444444444446,26.944444444444446,3.0479999999999996,26.944444444444446,0.30479999999999996,68.4023
2020,2,10,27.5,27.5,1.016,27.5,0.1016,66.621882
2020,2,11,26.666666666666668,26.666666666666668,1.778,26.666666666666668,0.1778,69.2698615
2020,2,12,26.38888888888889,26.38888888888889,3.556,26.38888888888889,0.3556,75.051528
2020,2,13,27.222222222222225,27.222222222222225,1.016,27.222222222222225,0.1016,66.621882
2020,2,14,26.38888888888889,26.38888888888889,15.239999999999998,26.38888888888889,1.5239999999999998,75.269892
2020,2,15,25.833333333333336,25.833333333333336,10.413999999999998,25.833333333333336,1.0413999999999999,76.37566749999999
2020,2,16,26.38888888888889,26.38888888888889,1.5239999999999998,26.38888888888889,0.15239999999999998,79.1782075
2020,2,17,26.38888888888889,26.38888888888889,1.778,26.38888888888889,0.1778,75.29147900000001
2020,2,18,27.222222222222225,27.222222222222225,2.032,27.222222222222225,0.2032,71.05288
2020,2,19,26.11111111111111,26.11111111111111,6.35,26.11111111111111,0.635,74.82961800000001
2020,2,20,26.38888888888889,26.38888888888889,0.7619999999999999,26.38888888888889,0.07619999999999999,69.61440999999999
2020,2,21,26.11111111111111,26.11111111111111,0.0,26.11111111111111,0.0,67.8962075
2020,2,22,27.5,27.5,0.0,27.5,0.0,62.558278
2020,2,23,27.222222222222225,27.222222222222225,13.208,27.222222222222225,1.3208,67.96336
2020,2,24,23.88888888888889,23.88888888888889,110.48999999999998,23.88888888888889,11.048999999999998,85.36085499999999
2020,2,25,24.166666666666668,24.166666666666668,27.94,24.166666666666668,2.794,88.0940425
2020,2,26,25.55555555555556,25.55555555555556,6.35,25.55555555555556,0.635,81.562535
2020,2,27,24.722222222222225,24.722222222222225,0.0025399999999999997,24.722222222222225,0.000254,73.0664
2020,2,28,25.55555555555556,25.55555555555556,0.254,25.55555555555556,0.0254,76.42784
2020,2,29,25.55555555555556,25.55555555555556,0.508,25.55555555555556,0.0508,77.177578
2020,3,1,25.55555555555556,25.55555555555556,0.0025399999999999997,25.55555555555556,0.000254,78.691155
2020,3,2,25.0,25.0,3.0479999999999996,25.0,0.30479999999999996,82.748175
2020,3,3,25.27777777777778,25.27777777777778,0.254,25.27777777777778,0.0254,79.27868000000001
2020,3,4,25.55555555555556,25.55555555555556,0.508,25.55555555555556,0.0508,77.6747425
2020,3,5,26.11111111111111,26.11111111111111,0.508,26.11111111111111,0.0508,74.829008
2020,3,6,26.11111111111111,26.11111111111111,1.5239999999999998,26.11111111111111,0.15239999999999998,73.915167
2020,3,7,25.833333333333336,25.833333333333336,0.254,25.833333333333336,0.0254,73.0673015
2020,3,8,24.722222222222225,24.722222222222225,1.5239999999999998,24.722222222222225,0.15239999999999998,80.22935799999999
2020,3,9,24.166666666666668,24.166666666666668,39.37,24.166666666666668,3.937,88.18236999999999
2020,3,10,24.722222222222225,24.722222222222225,0.254,24.722222222222225,0.0254,80.6744655
2020,3,11,24.444444444444446,24.444444444444446,25.4,24.444444444444446,2.54,82.40200300000001
2020,3,12,26.11111111111111,26.11111111111111,0.0025399999999999997,26.11111111111111,0.000254,72.318577
2020,3,13,25.55555555555556,25.55555555555556,0.0,25.55555555555556,0.0,74.268788
2020,3,14,24.444444444444446,24.444444444444446,8.889999999999999,24.444444444444446,0.8889999999999999,83.087955
2020,3,15,25.27777777777778,25.27777777777778,1.016,25.27777777777778,0.1016,63.912461
2020,3,16,25.27777777777778,25.27777777777778,1.778,25.27777777777778,0.1778,74.225892
2020,3,17,25.55555555555556,25.55555555555556,4.064,25.55555555555556,0.4064,78.45323300000001
2020,3,18,26.11111111111111,26.11111111111111,0.254,26.11111111111111,0.0254,79.513538
2020,3,19,25.55555555555556,25.55555555555556,2.7939999999999996,25.55555555555556,0.2794,78.052413
2020,3,20,24.722222222222225,24.722222222222225,2.54,24.722222222222225,0.254,74.820085
2020,3,21,25.55555555555556,25.55555555555556,1.778,25.55555555555556,0.1778,71.702203
2020,3,22,25.27777777777778,25.27777777777778,7.874,25.27777777777778,0.7874,78.75038749999999
2020,3,23,24.722222222222225,24.722222222222225,12.953999999999999,24.722222222222225,1.2953999999999999,80.56477
2020,3,24,25.55555555555556,25.55555555555556,0.254,25.55555555555556,0.0254,72.97896499999999
2020,3,25,25.833333333333336,25.833333333333336,0.7619999999999999,25.833333333333336,0.07619999999999999,71.44477
2020,3,26,25.0,25.0,0.0025399999999999997,25.0,0.000254,70.411226
2020,3,27,25.0,25.0,3.556,25.0,0.3556,77.830503
2020,3,28,25.833333333333336,25.833333333333336,1.5239999999999998,25.833333333333336,0.15239999999999998,78.052413
2020,3,29,26.38888888888889,26.38888888888889,3.302,26.38888888888889,0.3302,76.42784
2020,3,30,26.38888888888889,26.38888888888889,0.0025399999999999997,26.38888888888889,0.000254,67.973578
2020,3,31,25.833333333333336,25.833333333333336,0.0025399999999999997,25.833333333333336,0.000254,72.57615100000001
2020,4,1,27.222222222222225,27.222222222222225,0.0025399999999999997,27.222222222222225,0.000254,63.067932
2020,4,2,28.05555555555556,28.05555555555556,0.0025399999999999997,28.05555555555556,0.000254,62.230236000000005
2020,4,3,27.77777777777778,27.77777777777778,0.0,27.77777777777778,0.0,65.56201200000001
2020,4,4,27.77777777777778,27.77777777777778,2.54,27.77777777777778,0.254,68.861677
2020,4,5,26.944444444444446,26.944444444444446,27.94,26.944444444444446,2.794,76.656485
2020,4,6,27.222222222222225,27.222222222222225,0.254,27.222222222222225,0.0254,82.24877950000001
2020,4,7,26.666666666666668,26.666666666666668,2.2859999999999996,26.666666666666668,0.22859999999999997,81.25823199999999
2020,4,8,25.833333333333336,25.833333333333336,47.244,25.833333333333336,4.7244,91.77513
2020,4,9,26.944444444444446,26.944444444444446,0.254,26.944444444444446,0.0254,83.37711
2020,4,10,28.333333333333336,28.333333333333336,0.0025399999999999997,28.333333333333336,0.000254,71.911907
2020,4,11,27.77777777777778,27.77777777777778,0.0025399999999999997,27.77777777777778,0.000254,80.2124675
2020,4,12,28.05555555555556,28.05555555555556,0.0025399999999999997,28.05555555555556,0.000254,74.324417
2020,4,13,28.05555555555556,28.05555555555556,1.016,28.05555555555556,0.1016,79.607045
2020,4,14,27.77777777777778,27.77777777777778,0.0025399999999999997,27.77777777777778,0.000254,74.9168525
2020,4,15,26.666666666666668,26.666666666666668,5.587999999999999,26.666666666666668,0.5588,80.393122
2020,4,16,26.666666666666668,26.666666666666668,8.382,26.666666666666668,0.8382,74.241807
2020,4,17,26.666666666666668,26.666666666666668,0.0025399999999999997,26.666666666666668,0.000254,78.052413
2020,4,18,26.666666666666668,26.666666666666668,8.128,26.666666666666668,0.8128,81.99392
2020,4,19,26.944444444444446,26.944444444444446,0.254,26.944444444444446,0.0254,79.31825
2020,4,20,27.222222222222225,27.222222222222225,0.508,27.222222222222225,0.0508,73.3941165
2020,4,21,28.05555555555556,28.05555555555556,0.0025399999999999997,28.05555555555556,0.000254,64.18746300000001
2020,4,22,28.05555555555556,28.05555555555556,0.0025399999999999997,28.05555555555556,0.000254,70.918292
2020,4,23,27.77777777777778,27.77777777777778,1.016,27.77777777777778,0.1016,72.643707
2020,4,24,28.333333333333336,28.333333333333336,0.0025399999999999997,28.333333333333336,0.000254,66.12454199999999
2020,4,25,27.77777777777778,27.77777777777778,0.508,27.77777777777778,0.0508,70.06599299999999
2020,4,26,28.333333333333336,28.333333333333336,0.0025399999999999997,28.333333333333336,0.000254,63.3097715
2020,4,27,27.5,27.5,0.0025399999999999997,27.5,0.000254,67.856777
2020,4,28,27.77777777777778,27.77777777777778,0.0,27.77777777777778,0.0,69.4389315
2020,4,29,28.05555555555556,28.05555555555556,0.0025399999999999997,28.05555555555556,0.000254,69.2364265
2020,4,30,27.222222222222225,27.222222222222225,2.7939999999999996,27.222222222222225,0.2794,74.394897
2020,5,1,28.333333333333336,28.333333333333336,0.7619999999999999,28.333333333333336,0.07619999999999999,68.44611499999999
2020,5,2,28.333333333333336,28.333333333333336,0.0025399999999999997,28.333333333333336,0.000254,70.74762150000001
2020,5,3,27.77777777777778,27.77777777777778,0.254,27.77777777777778,0.0254,71.257407
2020,5,4,28.05555555555556,28.05555555555556,1.5239999999999998,28.05555555555556,0.15239999999999998,73.796615
2020,5,5,28.05555555555556,28.05555555555556,0.0025399999999999997,28.05555555555556,0.000254,74.765432
2020,5,6,28.88888888888889,28.88888888888889,0.254,28.88888888888889,0.0254,67.19840599999999
2020,5,7,29.722222222222225,29.722222222222225,0.0,29.722222222222225,0.0,64.6692785
2020,5,8,29.722222222222225,29.722222222222225,0.0,29.722222222222225,0.0,62.783497
2020,5,9,29.722222222222225,29.722222222222225,0.0,29.722222222222225,0.0,67.794916
2020,5,10,28.88888888888889,28.88888888888889,0.0025399999999999997,28.88888888888889,0.000254,64.729202
2020,5,11,28.333333333333336,28.333333333333336,0.254,28.333333333333336,0.0254,68.19035
2020,5,12,28.88888888888889,28.88888888888889,1.27,28.88888888888889,0.127,68.865427
2020,5,13,28.333333333333336,28.333333333333336,23.875999999999998,28.333333333333336,2.3876,67.90239
2020,5,14,28.333333333333336,28.333333333333336,0.508,28.333333333333336,0.0508,66.15495849999999
2020,5,15,28.333333333333336,28.333333333333336,0.0,28.333333333333336,0.0,67.22996
2020,5,16,28.61111111111111,28.61111111111111,0.508,28.61111111111111,0.0508,64.87641500000001
2020,5,17,29.166666666666668,29.166666666666668,0.0025399999999999997,29.166666666666668,0.000254,68.206282
2020,5,18,28.88888888888889,28.88888888888889,0.0,28.88888888888889,0.0,69.16137499999999
2020,5,19,28.88888888888889,28.88888888888889,0.7619999999999999,28.88888888888889,0.07619999999999999,68.6775415
2020,5,20,28.61111111111111,28.61111111111111,2.2859999999999996,28.61111111111111,0.22859999999999997,68.299132
2020,5,21,29.166666666666668,29.166666666666668,0.0,29.166666666666668,0.0,70.6744975
2020,5,22,30.0,30.0,0.0025399999999999997,30.0,0.000254,67.969865
2020,5,23,30.0,30.0,0.254,30.0,0.0254,69.60460499999999
2020,5,24,30.0,30.0,0.0,30.0,0.0,62.84565500000001
2020,5,25,30.27777777777778,30.27777777777778,0.0,30.27777777777778,0.0,63.63349
2020,5,26,29.722222222222225,29.722222222222225,2.54,29.722222222222225,0.254,68.975697
2020,5,27,29.444444444444446,29.444444444444446,1.016,29.444444444444446,0.1016,75.297985
2020,5,28,28.05555555555556,28.05555555555556,7.874,28.05555555555556,0.7874,73.98687
2020,5,29,29.166666666666668,29.166666666666668,0.0025399999999999997,29.166666666666668,0.000254,66.98207500000001
2020,5,30,29.444444444444446,29.444444444444446,0.0025399999999999997,29.444444444444446,0.000254,73.048666
2020,5,31,28.61111111111111,28.61111111111111,0.0,28.61111111111111,0.0,73.1059375
2020,6,1,28.61111111111111,28.61111111111111,2.2859999999999996,28.61111111111111,0.22859999999999997,74.714584
2020,6,2,28.88888888888889,28.88888888888889,0.254,28.88888888888889,0.0254,70.76938
2020,6,3,30.0,30.0,0.254,30.0,0.0254,66.605174
2020,6,4,29.722222222222225,29.722222222222225,0.254,29.722222222222225,0.0254,64.508957
2020,6,5,28.88888888888889,28.88888888888889,0.254,28.88888888888889,0.0254,71.7785235
2020,6,6,27.77777777777778,27.77777777777778,13.208,27.77777777777778,1.3208,76.669577
2020,6,7,28.333333333333336,28.333333333333336,0.7619999999999999,28.333333333333336,0.07619999999999999,74.272572
2020,6,8,28.05555555555556,28.05555555555556,1.27,28.05555555555556,0.127,75.683012
2020,6,9,28.61111111111111,28.61111111111111,0.0025399999999999997,28.61111111111111,0.000254,73.9579945
2020,6,10,29.166666666666668,29.166666666666668,0.0,29.166666666666668,0.0,71.7785235
2020,6,11,28.61111111111111,28.61111111111111,8.636000000000001,28.61111111111111,0.8636000000000001,76.002365
2020,6,12,28.88888888888889,28.88888888888889,2.54,28.88888888888889,0.254,77.678072
2020,6,13,29.722222222222225,29.722222222222225,0.508,29.722222222222225,0.0508,67.5129835
2020,6,14,30.0,30.0,2.032,30.0,0.2032,67.415489
2020,6,15,29.722222222222225,29.722222222222225,0.0025399999999999997,29.722222222222225,0.000254,68.8690785
2020,6,16,29.722222222222225,29.722222222222225,0.0025399999999999997,29.722222222222225,0.000254,69.7289165
2020,6,17,28.88888888888889,28.88888888888889,4.826,28.88888888888889,0.4826,71.8374735
2020,6,18,29.444444444444446,29.444444444444446,0.508,29.444444444444446,0.0508,74.272572
2020,6,19,30.27777777777778,30.27777777777778,0.254,30.27777777777778,0.0254,70.029437
2020,6,20,28.88888888888889,28.88888888888889,42.41799999999999,28.88888888888889,4.2418,77.57369
2020,6,21,30.0,30.0,0.254,30.0,0.0254,76.66922
2020,6,22,29.722222222222225,29.722222222222225,0.0025399999999999997,29.722222222222225,0.000254,77.534077
2020,6,23,29.444444444444446,29.444444444444446,0.0025399999999999997,29.444444444444446,0.000254,75.46496499999999
2020,6,24,28.333333333333336,28.333333333333336,1.016,28.333333333333336,0.1016,78.85313
2020,6,25,29.722222222222225,29.722222222222225,2.032,29.722222222222225,0.2032,70.644285
2020,6,26,29.166666666666668,29.166666666666668,5.587999999999999,29.166666666666668,0.5588,81.876961
2020,6,27,29.722222222222225,29.722222222222225,0.0025399999999999997,29.722222222222225,0.000254,76.486312
2020,6,28,29.444444444444446,29.444444444444446,0.0025399999999999997,29.444444444444446,0.000254,77.534077
2020,6,29,28.88888888888889,28.88888888888889,0.0025399999999999997,28.88888888888889,0.000254,72.725537
2020,6,30,29.166666666666668,29.166666666666668,10.921999999999999,29.166666666666668,1.0921999999999998,71.8374735
2020,7,1,29.166666666666668,29.166666666666668,7.112,29.166666666666668,0.7112,78.05387999999999
2020,7,2,29.722222222222225,29.722222222222225,0.0025399999999999997,29.722222222222225,0.000254,78.32243
2020,7,3,30.27777777777778,30.27777777777778,0.254,30.27777777777778,0.0254,71.487622
2020,7,4,30.0,30.0,0.0,30.0,0.0,73.46831499999999
2020,7,5,29.166666666666668,29.166666666666668,0.508,29.166666666666668,0.0508,73.15607800000001
2020,7,6,29.444444444444446,29.444444444444446,0.508,29.444444444444446,0.0508,74.81871
2020,7,7,28.61111111111111,28.61111111111111,19.812,28.61111111111111,1.9812,82.821715
2020,7,8,29.722222222222225,29.722222222222225,0.7619999999999999,29.722222222222225,0.07619999999999999,75.2781795
2020,7,9,29.444444444444446,29.444444444444446,0.508,29.444444444444446,0.0508,70.7869035
2020,7,10,29.444444444444446,29.444444444444446,4.3180000000000005,29.444444444444446,0.4318000000000001,74.268678
2020,7,11,29.444444444444446,29.444444444444446,0.7619999999999999,29.444444444444446,0.07619999999999999,74.00813500000001
2020,7,12,28.333333333333336,28.333333333333336,31.75,28.333333333333336,3.175,84.50467499999999
2020,7,13,29.444444444444446,29.444444444444446,2.2859999999999996,29.444444444444446,0.22859999999999997,78.446353
2020,7,14,29.722222222222225,29.722222222222225,0.0025399999999999997,29.722222222222225,0.000254,77.089575
2020,7,15,28.88888888888889,28.88888888888889,1.27,28.88888888888889,0.127,74.698351
2020,7,16,28.05555555555556,28.05555555555556,12.191999999999998,28.05555555555556,1.2191999999999998,77.1115125
2020,7,17,29.166666666666668,29.166666666666668,0.254,29.166666666666668,0.0254,72.640935
2020,7,18,28.61111111111111,28.61111111111111,2.032,28.61111111111111,0.2032,74.196713
2020,7,19,28.88888888888889,28.88888888888889,0.0,28.88888888888889,0.0,73.42309700000001
2020,7,20,28.88888888888889,28.88888888888889,0.508,28.88888888888889,0.0508,73.387577
2020,7,21,29.166666666666668,29.166666666666668,5.587999999999999,29.166666666666668,0.5588,75.51826299999999
2020,7,22,28.88888888888889,28.88888888888889,0.0025399999999999997,28.88888888888889,0.000254,77.73756499999999
2020,7,23,28.333333333333336,28.333333333333336,9.652,28.333333333333336,0.9652,77.85469
2020,7,24,28.61111111111111,28.61111111111111,2.2859999999999996,28.61111111111111,0.22859999999999997,80.203868
2020,7,25,30.0,30.0,0.7619999999999999,30.0,0.07619999999999999,76.866555
2020,7,26,29.444444444444446,29.444444444444446,0.7619999999999999,29.444444444444446,0.07619999999999999,76.75339
2020,7,27,28.88888888888889,28.88888888888889,7.366,28.88888888888889,0.7365999999999999,78.07774
2020,7,28,29.166666666666668,29.166666666666668,2.54,29.166666666666668,0.254,80.520183
2020,7,29,28.333333333333336,28.333333333333336,40.89399999999999,28.333333333333336,4.0893999999999995,83.26343750000001
2020,7,30,26.944444444444446,26.944444444444446,114.55399999999999,26.944444444444446,11.4554,87.097355
2020,7,31,29.444444444444446,29.444444444444446,0.508,29.444444444444446,0.0508,70.6251025
2020,8,1,28.88888888888889,28.88888888888889,0.254,28.88888888888889,0.0254,79.84877
2020,8,2,29.166666666666668,29.166666666666668,0.0025399999999999997,29.166666666666668,0.000254,76.47049
2020,8,3,30.55555555555556,30.55555555555556,0.254,30.55555555555556,0.0254,68.0690405
2020,8,4,30.27777777777778,30.27777777777778,0.254,30.27777777777778,0.0254,73.4427835
2020,8,5,29.444444444444446,29.444444444444446,0.254,29.444444444444446,0.0254,69.726782
2020,8,6,29.166666666666668,29.166666666666668,0.0025399999999999997,29.166666666666668,0.000254,68.74501649999999
2020,8,7,29.444444444444446,29.444444444444446,0.7619999999999999,29.444444444444446,0.07619999999999999,77.748772
2020,8,8,30.0,30.0,0.254,30.0,0.0254,75.6337
2020,8,9,29.444444444444446,29.444444444444446,0.0025399999999999997,29.444444444444446,0.000254,73.79952399999999
2020,8,10,29.166666666666668,29.166666666666668,2.032,29.166666666666668,0.2032,76.48741799999999
2020,8,11,29.444444444444446,29.444444444444446,0.0,29.444444444444446,0.0,71.393347
2020,8,12,28.05555555555556,28.05555555555556,15.239999999999998,28.05555555555556,1.5239999999999998,85.397422
2020,8,13,28.88888888888889,28.88888888888889,0.254,28.88888888888889,0.0254,77.089575
2020,8,14,29.166666666666668,29.166666666666668,10.921999999999999,29.166666666666668,1.0921999999999998,77.089575
2020,8,15,28.88888888888889,28.88888888888889,0.508,28.88888888888889,0.0508,78.842372
2020,8,16,29.722222222222225,29.722222222222225,0.508,29.722222222222225,0.0508,81.443725
2020,8,17,30.0,30.0,0.0,30.0,0.0,76.584655
2020,8,18,30.27777777777778,30.27777777777778,0.508,30.27777777777778,0.0508,70.4360515
2020,8,19,30.27777777777778,30.27777777777778,0.0025399999999999997,30.27777777777778,0.000254,66.412392
2020,8,20,29.444444444444446,29.444444444444446,2.54,29.444444444444446,0.254,77.47934950000001
2020,8,21,29.444444444444446,29.444444444444446,10.921999999999999,29.444444444444446,1.0921999999999998,83.285958
2020,8,22,26.666666666666668,26.666666666666668,20.065999999999995,26.666666666666668,2.0065999999999997,87.7566075
2020,8,23,29.722222222222225,29.722222222222225,0.254,29.722222222222225,0.0254,72.584405
2020,8,24,26.666666666666668,26.666666666666668,10.668,26.666666666666668,1.0668,82.83310499999999
2020,8,25,28.333333333333336,28.333333333333336,3.556,28.333333333333336,0.3556,81.07099
2020,8,26,28.88888888888889,28.88888888888889,0.254,28.88888888888889,0.0254,78.89139
2020,8,27,28.61111111111111,28.61111111111111,1.778,28.61111111111111,0.1778,84.40811199999999
2020,8,28,29.444444444444446,29.444444444444446,0.0025399999999999997,29.444444444444446,0.000254,79.008265
2020,8,29,29.444444444444446,29.444444444444446,0.0,29.444444444444446,0.0,77.435683
2020,8,30,29.722222222222225,29.722222222222225,0.508,29.722222222222225,0.0508,73.960515
2020,8,31,28.88888888888889,28.88888888888889,6.858,28.88888888888889,0.6858,84.664415
2020,9,1,29.444444444444446,29.444444444444446,2.2859999999999996,29.444444444444446,0.22859999999999997,80.635515
2020,9,2,29.166666666666668,29.166666666666668,2.2859999999999996,29.166666666666668,0.22859999999999997,81.83230499999999
2020,9,3,28.333333333333336,28.333333333333336,13.208,28.333333333333336,1.3208,82.69318200000001
2020,9,4,28.333333333333336,28.333333333333336,4.064,28.333333333333336,0.4064,79.39666
2020,9,5,29.444444444444446,29.444444444444446,0.254,29.444444444444446,0.0254,77.583095
2020,9,6,28.88888888888889,28.88888888888889,1.016,28.88888888888889,0.1016,76.707837
2020,9,7,28.05555555555556,28.05555555555556,22.605999999999998,28.05555555555556,2.2605999999999997,82.95571
2020,9,8,28.05555555555556,28.05555555555556,20.827999999999996,28.05555555555556,2.0827999999999998,82.715145
2020,9,9,28.88888888888889,28.88888888888889,0.0025399999999999997,28.88888888888889,0.000254,78.446353
2020,9,10,28.61111111111111,28.61111111111111,0.0025399999999999997,28.61111111111111,0.000254,76.6330925
2020,9,11,28.333333333333336,28.333333333333336,2.032,28.333333333333336,0.2032,77.6019095
2020,9,12,28.05555555555556,28.05555555555556,2.2859999999999996,28.05555555555556,0.22859999999999997,78.199085
2020,9,13,28.88888888888889,28.88888888888889,3.302,28.88888888888889,0.3302,73.7159425
2020,9,14,30.27777777777778,30.27777777777778,0.254,30.27777777777778,0.0254,71.384103
2020,9,15,29.444444444444446,29.444444444444446,0.254,29.444444444444446,0.0254,76.009525
2020,9,16,29.722222222222225,29.722222222222225,0.254,29.722222222222225,0.0254,74.8557
2020,9,17,30.27777777777778,30.27777777777778,0.0025399999999999997,30.27777777777778,0.000254,73.690462
2020,9,18,29.444444444444446,29.444444444444446,0.7619999999999999,29.444444444444446,0.07619999999999999,74.18997999999999
2020,9,19,28.88888888888889,28.88888888888889,0.254,28.88888888888889,0.0254,74.32037199999999
2020,9,20,28.88888888888889,28.88888888888889,0.7619999999999999,28.88888888888889,0.07619999999999999,68.73795
2020,9,21,28.88888888888889,28.88888888888889,0.0025399999999999997,28.88888888888889,0.000254,70.616805
2020,9,22,30.833333333333336,30.833333333333336,0.7619999999999999,30.833333333333336,0.07619999999999999,69.761551
2020,9,23,30.0,30.0,6.35,30.0,0.635,69.7697435
2020,9,24,28.333333333333336,28.333333333333336,0.0025399999999999997,28.333333333333336,0.000254,80.179392
2020,9,25,28.61111111111111,28.61111111111111,13.208,28.61111111111111,1.3208,80.109565
2020,9,26,28.88888888888889,28.88888888888889,9.652,28.88888888888889,0.9652,79.57742999999999
2020,9,27,29.166666666666668,29.166666666666668,1.27,29.166666666666668,0.127,77.7165775
2020,9,28,27.77777777777778,27.77777777777778,16.509999999999998,27.77777777777778,1.6509999999999998,77.75779750000001
2020,9,29,28.88888888888889,28.88888888888889,7.366,28.88888888888889,0.7365999999999999,77.22623
2020,9,30,29.722222222222225,29.722222222222225,0.254,29.722222222222225,0.0254,79.158687
2020,10,1,27.77777777777778,27.77777777777778,23.368,27.77777777777778,2.3367999999999998,76.762182
2020,10,2,28.333333333333336,28.333333333333336,0.254,28.333333333333336,0.0254,78.804112
2020,10,3,27.5,27.5,4.571999999999999,27.5,0.45719999999999994,78.32816
2020,10,4,27.5,27.5,1.016,27.5,0.1016,82.3082725
2020,10,5,27.5,27.5,17.779999999999998,27.5,1.7779999999999998,83.2448575
2020,10,6,28.333333333333336,28.333333333333336,0.7619999999999999,28.333333333333336,0.07619999999999999,72.20065149999999
2020,10,7,28.333333333333336,28.333333333333336,1.27,28.333333333333336,0.127,70.879465
2020,10,8,28.88888888888889,28.88888888888889,0.0025399999999999997,28.88888888888889,0.000254,76.536855
2020,10,9,28.333333333333336,28.333333333333336,0.0025399999999999997,28.333333333333336,0.000254,77.535295
2020,10,10,29.444444444444446,29.444444444444446,19.049999999999997,29.444444444444446,1.9049999999999998,76.53133600000001
2020,10,11,28.88888888888889,28.88888888888889,0.7619999999999999,28.88888888888889,0.07619999999999999,81.131245
2020,10,12,29.166666666666668,29.166666666666668,0.0025399999999999997,29.166666666666668,0.000254,76.38147000000001
2020,10,13,28.61111111111111,28.61111111111111,16.509999999999998,28.61111111111111,1.6509999999999998,81.678603
2020,10,14,28.05555555555556,28.05555555555556,0.0025399999999999997,28.05555555555556,0.000254,79.8314975
2020,10,15,28.333333333333336,28.333333333333336,6.35,28.333333333333336,0.635,81.478935
2020,10,16,27.77777777777778,27.77777777777778,2.032,27.77777777777778,0.2032,83.38764950000001
2020,10,17,28.05555555555556,28.05555555555556,0.254,28.05555555555556,0.0254,79.713745
2020,10,18,28.05555555555556,28.05555555555556,0.0025399999999999997,28.05555555555556,0.000254,78.722692
2020,10,19,28.05555555555556,28.05555555555556,0.0025399999999999997,28.05555555555556,0.000254,76.4216
2020,10,20,28.61111111111111,28.61111111111111,0.0,28.61111111111111,0.0,72.8255015
2020,10,21,28.333333333333336,28.333333333333336,0.0025399999999999997,28.333333333333336,0.000254,69.000097
2020,10,22,30.0,30.0,0.0,30.0,0.0,66.41005150000001
2020,10,23,29.444444444444446,29.444444444444446,0.0,29.444444444444446,0.0,72.8767575
2020,10,24,30.0,30.0,0.0,30.0,0.0,71.248451
2020,10,25,29.166666666666668,29.166666666666668,11.175999999999998,29.166666666666668,1.1176,78.236735
2020,10,26,28.333333333333336,28.333333333333336,0.7619999999999999,28.333333333333336,0.07619999999999999,80.179392
2020,10,27,28.05555555555556,28.05555555555556,20.827999999999996,28.05555555555556,2.0827999999999998,82.477352
2020,10,28,28.05555555555556,28.05555555555556,10.668,28.05555555555556,1.0668,80.524805
2020,10,29,27.222222222222225,27.222222222222225,26.416,27.222222222222225,2.6416,88.04961750000001
2020,10,30,28.61111111111111,28.61111111111111,0.254,28.61111111111111,0.0254,75.745329
2020,10,31,28.61111111111111,28.61111111111111,1.27,28.61111111111111,0.127,75.33865
2020,11,1,28.333333333333336,28.333333333333336,1.5239999999999998,28.333333333333336,0.15239999999999998,72.454672
2020,11,2,27.77777777777778,27.77777777777778,1.27,27.77777777777778,0.127,78.28749499999999
2020,11,3,28.05555555555556,28.05555555555556,0.0,28.05555555555556,0.0,72.639852
2020,11,4,27.77777777777778,27.77777777777778,0.0025399999999999997,27.77777777777778,0.000254,72.019255
2020,11,5,27.5,27.5,0.508,27.5,0.0508,76.299002
2020,11,6,26.944444444444446,26.944444444444446,0.0025399999999999997,26.944444444444446,0.000254,77.36538999999999
2020,11,7,27.77777777777778,27.77777777777778,15.239999999999998,27.77777777777778,1.5239999999999998,76.42269
2020,11,8,27.5,27.5,35.05199999999999,27.5,3.5051999999999994,80.48312200000001
2020,11,9,26.944444444444446,26.944444444444446,0.508,26.944444444444446,0.0508,85.86593500000001
2020,11,10,25.27777777777778,25.27777777777778,61.976,25.27777777777778,6.1975999999999996,92.237232
2020,11,11,26.38888888888889,26.38888888888889,27.178,26.38888888888889,2.7178,84.796035
2020,11,12,26.944444444444446,26.944444444444446,10.921999999999999,26.944444444444446,1.0921999999999998,81.83067199999999
2020,11,13,26.944444444444446,26.944444444444446,0.508,26.944444444444446,0.0508,77.99846249999999
2020,11,14,26.944444444444446,26.944444444444446,0.254,26.944444444444446,0.0254,79.17309
2020,11,15,26.944444444444446,26.944444444444446,0.508,26.944444444444446,0.0508,75.97037499999999
2020,11,16,26.666666666666668,26.666666666666668,5.587999999999999,26.666666666666668,0.5588,79.43346
2020,11,17,27.222222222222225,27.222222222222225,0.0025399999999999997,27.222222222222225,0.000254,80.40134499999999
2020,11,18,27.222222222222225,27.222222222222225,2.032,27.222222222222225,0.2032,82.64489499999999
2020,11,19,27.5,27.5,0.254,27.5,0.0254,80.4156
2020,11,20,28.333333333333336,28.333333333333336,1.778,28.333333333333336,0.1778,75.370345
2020,11,21,26.944444444444446,26.944444444444446,6.095999999999999,26.944444444444446,0.6095999999999999,81.62117
2020,11,22,26.944444444444446,26.944444444444446,2.7939999999999996,26.944444444444446,0.2794,75.97037499999999
2020,11,23,27.5,27.5,3.8099999999999996,27.5,0.38099999999999995,77.794105
2020,11,24,27.5,27.5,7.619999999999999,27.5,0.7619999999999999,77.24081699999999
2020,11,25,26.666666666666668,26.666666666666668,4.064,26.666666666666668,0.4064,81.77927249999999
2020,11,26,26.666666666666668,26.666666666666668,0.508,26.666666666666668,0.0508,82.98655500000001
2020,11,27,26.38888888888889,26.38888888888889,0.0025399999999999997,26.38888888888889,0.000254,78.32599400000001
2020,11,28,25.55555555555556,25.55555555555556,3.302,25.55555555555556,0.3302,84.244665
2020,11,29,26.38888888888889,26.38888888888889,0.0025399999999999997,26.38888888888889,0.000254,79.1782075
2020,11,30,25.833333333333336,25.833333333333336,0.0025399999999999997,25.833333333333336,0.000254,73.955938
2020,12,1,25.833333333333336,25.833333333333336,0.0025399999999999997,25.833333333333336,0.000254,73.138808
2020,12,2,25.833333333333336,25.833333333333336,0.0025399999999999997,25.833333333333336,0.000254,74.99935550000001
2020,12,3,26.11111111111111,26.11111111111111,0.254,26.11111111111111,0.0254,73.030393
2020,12,4,26.38888888888889,26.38888888888889,1.5239999999999998,26.38888888888889,0.15239999999999998,74.50891
2020,12,5,24.722222222222225,24.722222222222225,4.064,24.722222222222225,0.4064,83.04119750000001
2020,12,6,24.722222222222225,24.722222222222225,0.254,24.722222222222225,0.0254,82.662585
2020,12,7,26.666666666666668,26.666666666666668,0.0025399999999999997,26.666666666666668,0.000254,75.676073
2020,12,8,26.666666666666668,26.666666666666668,0.0025399999999999997,26.666666666666668,0.000254,72.06073
2020,12,9,26.11111111111111,26.11111111111111,0.0,26.11111111111111,0.0,70.797115
2020,12,10,26.666666666666668,26.666666666666668,0.0025399999999999997,26.666666666666668,0.000254,76.628809
2020,12,11,26.11111111111111,26.11111111111111,0.254,26.11111111111111,0.0254,79.462355
2020,12,12,26.38888888888889,26.38888888888889,4.3180000000000005,26.38888888888889,0.4318000000000001,78.450932
2020,12,13,26.11111111111111,26.11111111111111,3.0479999999999996,26.11111111111111,0.30479999999999996,81.56074000000001
2020,12,14,26.38888888888889,26.38888888888889,17.018,26.38888888888889,1.7018,81.62117
2020,12,15,26.38888888888889,26.38888888888889,0.0,26.38888888888889,0.0,74.269823
2020,12,16,26.38888888888889,26.38888888888889,1.016,26.38888888888889,0.1016,79.00984199999999
2020,12,17,26.38888888888889,26.38888888888889,0.0025399999999999997,26.38888888888889,0.000254,79.29053300000001
2020,12,18,26.666666666666668,26.666666666666668,4.571999999999999,26.666666666666668,0.45719999999999994,81.065825
2020,12,19,26.666666666666668,26.666666666666668,12.446,26.666666666666668,1.2446,81.56074000000001
2020,12,20,26.666666666666668,26.666666666666668,8.382,26.666666666666668,0.8382,80.711657
2020,12,21,26.666666666666668,26.666666666666668,0.254,26.666666666666668,0.0254,80.55637
2020,12,22,26.666666666666668,26.666666666666668,0.7619999999999999,26.666666666666668,0.07619999999999999,77.067652
2020,12,23,26.38888888888889,26.38888888888889,4.064,26.38888888888889,0.4064,75.493315
2020,12,24,25.833333333333336,25.833333333333336,46.227999999999994,25.833333333333336,4.6228,81.5780985
2020,12,25,26.38888888888889,26.38888888888889,3.8099999999999996,26.38888888888889,0.38099999999999995,80.7558
2020,12,26,25.55555555555556,25.55555555555556,0.254,25.55555555555556,0.0254,79.01665299999999
2020,12,27,25.55555555555556,25.55555555555556,0.0025399999999999997,25.55555555555556,0.000254,79.9712
2020,12,28,25.55555555555556,25.55555555555556,0.0025399999999999997,25.55555555555556,0.000254,79.751102
2020,12,29,25.833333333333336,25.833333333333336,1.5239999999999998,25.833333333333336,0.15239999999999998,80.143577
2020,12,30,25.27777777777778,25.27777777777778,1.5239999999999998,25.27777777777778,0.15239999999999998,72.190205
2020,12,31,25.55555555555556,25.55555555555556,3.302,25.55555555555556,0.3302,70.696583
2021,1,1,26.11111111111111,26.11111111111111,0.0025399999999999997,26.11111111111111,0.000254,62.442173
2021,1,2,25.0,25.0,0.254,25.0,0.0254,69.7308965
2021,1,3,25.55555555555556,25.55555555555556,0.0,25.55555555555556,0.0,69.06738
2021,1,4,25.0,25.0,2.2859999999999996,25.0,0.22859999999999997,73.02187
2021,1,5,23.333333333333336,23.333333333333336,6.858,23.333333333333336,0.6858,90.97939
2021,1,6,23.88888888888889,23.88888888888889,0.0,23.88888888888889,0.0,82.34337
2021,1,7,25.0,25.0,0.0025399999999999997,25.0,0.000254,76.842895
2021,1,8,25.55555555555556,25.55555555555556,0.0,25.55555555555556,0.0,74.5720295
2021,1,9,25.27777777777778,25.27777777777778,0.0,25.27777777777778,0.0,77.4263375
2021,1,10,25.55555555555556,25.55555555555556,0.0025399999999999997,25.55555555555556,0.000254,82.939905
2021,1,11,26.38888888888889,26.38888888888889,0.254,26.38888888888889,0.0254,75.845873
2021,1,12,25.833333333333336,25.833333333333336,0.0025399999999999997,25.833333333333336,0.000254,70.965271
2021,1,13,26.38888888888889,26.38888888888889,1.016,26.38888888888889,0.1016,78.181889
2021,1,14,26.666666666666668,26.666666666666668,0.0025399999999999997,26.666666666666668,0.000254,79.47541
2021,1,15,25.833333333333336,25.833333333333336,0.0025399999999999997,25.833333333333336,0.000254,73.806368
2021,1,16,26.38888888888889,26.38888888888889,0.0025399999999999997,26.38888888888889,0.000254,73.996168
2021,1,17,25.0,25.0,1.5239999999999998,25.0,0.15239999999999998,80.28249
2021,1,18,26.38888888888889,26.38888888888889,1.5239999999999998,26.38888888888889,0.15239999999999998,77.783169
2021,1,19,26.666666666666668,26.666666666666668,3.0479999999999996,26.666666666666668,0.30479999999999996,79.57756499999999
2021,1,20,26.11111111111111,26.11111111111111,3.302,26.11111111111111,0.3302,79.3817425
2021,1,21,25.27777777777778,25.27777777777778,0.254,25.27777777777778,0.0254,77.8104405
2021,1,22,25.55555555555556,25.55555555555556,0.0025399999999999997,25.55555555555556,0.000254,77.86261300000001
2021,1,23,26.11111111111111,26.11111111111111,0.0025399999999999997,26.11111111111111,0.000254,78.314679
2021,1,24,26.11111111111111,26.11111111111111,0.0025399999999999997,26.11111111111111,0.000254,79.01665299999999
2021,1,25,26.666666666666668,26.666666666666668,1.27,26.666666666666668,0.127,71.166054
2021,1,26,25.833333333333336,25.833333333333336,0.7619999999999999,25.833333333333336,0.07619999999999999,73.597807
2021,1,27,25.55555555555556,25.55555555555556,0.0,25.55555555555556,0.0,66.985155
2021,1,28,26.11111111111111,26.11111111111111,0.0025399999999999997,26.11111111111111,0.000254,69.0906065
2021,1,29,25.55555555555556,25.55555555555556,0.508,25.55555555555556,0.0508,73.955938
2021,1,30,25.0,25.0,16.764,25.0,1.6764,83.5887525
2021,1,31,24.722222222222225,24.722222222222225,12.7,24.722222222222225,1.27,85.3987505
2021,2,1,26.11111111111111,26.11111111111111,0.0,26.11111111111111,0.0,72.2972225
2021,2,2,26.38888888888889,26.38888888888889,0.0025399999999999997,26.38888888888889,0.000254,68.5908325
2021,2,3,26.38888888888889,26.38888888888889,0.0,26.38888888888889,0.0,68.35605699999999
2021,2,4,25.27777777777778,25.27777777777778,19.049999999999997,25.27777777777778,1.9049999999999998,83.88639
2021,2,5,26.38888888888889,26.38888888888889,0.0025399999999999997,26.38888888888889,0.000254,75.467652
2021,2,6,26.944444444444446,26.944444444444446,3.8099999999999996,26.944444444444446,0.38099999999999995,73.3573285
2021,2,7,26.944444444444446,26.944444444444446,0.254,26.944444444444446,0.0254,69.3027
2021,2,8,25.833333333333336,25.833333333333336,0.254,25.833333333333336,0.0254,76.3057125
2021,2,9,26.11111111111111,26.11111111111111,0.0025399999999999997,26.11111111111111,0.000254,71.8185415
2021,2,10,25.0,25.0,3.302,25.0,0.3302,79.01665299999999
2021,2,11,25.55555555555556,25.55555555555556,3.0479999999999996,25.55555555555556,0.30479999999999996,76.7397335
2021,2,12,25.0,25.0,3.302,25.0,0.3302,74.70308800000001
2021,2,13,26.38888888888889,26.38888888888889,0.254,26.38888888888889,0.0254,68.3706785
2021,2,14,25.27777777777778,25.27777777777778,5.842,25.27777777777778,0.5841999999999999,74.00406000000001
2021,2,15,25.27777777777778,25.27777777777778,0.508,25.27777777777778,0.0508,77.293023
2021,2,16,25.55555555555556,25.55555555555556,0.0025399999999999997,25.55555555555556,0.000254,71.26790150000001
2021,2,17,25.833333333333336,25.833333333333336,6.095999999999999,25.833333333333336,0.6095999999999999,79.767977
2021,2,18,26.11111111111111,26.11111111111111,0.254,26.11111111111111,0.0254,73.79385
2021,2,19,26.11111111111111,26.11111111111111,0.0025399999999999997,26.11111111111111,0.000254,74.7618295
2021,2,20,25.55555555555556,25.55555555555556,0.508,25.55555555555556,0.0508,70.2221785
2021,2,21,25.55555555555556,25.55555555555556,2.032,25.55555555555556,0.2032,75.3925365
2021,2,22,26.38888888888889,26.38888888888889,0.0025399999999999997,26.38888888888889,0.000254,73.851447
2021,2,23,26.666666666666668,26.666666666666668,0.254,26.666666666666668,0.0254,68.626776
2021,2,24,25.833333333333336,25.833333333333336,0.0,25.833333333333336,0.0,62.5606435
2021,2,25,26.11111111111111,26.11111111111111,0.0,26.11111111111111,0.0,63.729618
2021,2,26,26.11111111111111,26.11111111111111,1.27,26.11111111111111,0.127,70.4220445
2021,2,27,25.27777777777778,25.27777777777778,17.525999999999996,25.27777777777778,1.7525999999999997,78.4751735
2021,2,28,25.55555555555556,25.55555555555556,10.668,25.55555555555556,1.0668,71.761759
2021,3,1,24.722222222222225,24.722222222222225,9.906,24.722222222222225,0.9906,77.0606475
2021,3,2,25.0,25.0,0.7619999999999999,25.0,0.07619999999999999,65.73888500000001
2021,3,3,26.11111111111111,26.11111111111111,0.0025399999999999997,26.11111111111111,0.000254,70.14968
2021,3,4,25.833333333333336,25.833333333333336,0.0,25.833333333333336,0.0,68.97826
2021,3,5,26.666666666666668,26.666666666666668,0.0025399999999999997,26.666666666666668,0.000254,65.61411100000001
2021,3,6,27.222222222222225,27.222222222222225,0.254,27.222222222222225,0.0254,66.987027
2021,3,7,27.5,27.5,0.0,27.5,0.0,66.38761
2021,3,8,26.944444444444446,26.944444444444446,0.0025399999999999997,26.944444444444446,0.000254,76.521463
2021,3,9,26.38888888888889,26.38888888888889,0.508,26.38888888888889,0.0508,73.972764
2021,3,10,26.11111111111111,26.11111111111111,1.778,26.11111111111111,0.1778,76.91605200000001
2021,3,11,26.11111111111111,26.11111111111111,0.0025399999999999997,26.11111111111111,0.000254,69.02965499999999
2021,3,12,26.11111111111111,26.11111111111111,1.27,26.11111111111111,0.127,73.42121800000001
2021,3,13,25.27777777777778,25.27777777777778,1.5239999999999998,25.27777777777778,0.15239999999999998,76.794735
2021,3,14,26.11111111111111,26.11111111111111,0.508,26.11111111111111,0.0508,73.29205999999999
2021,3,15,25.833333333333336,25.833333333333336,0.0025399999999999997,25.833333333333336,0.000254,75.681678
2021,3,16,26.666666666666668,26.666666666666668,0.0025399999999999997,26.666666666666668,0.000254,61.003583000000006
2021,3,17,25.833333333333336,25.833333333333336,2.54,25.833333333333336,0.254,72.889928
2021,3,18,25.55555555555556,25.55555555555556,0.0025399999999999997,25.55555555555556,0.000254,62.3795425
2021,3,19,26.666666666666668,26.666666666666668,0.254,26.666666666666668,0.0254,66.48964
2021,3,20,26.11111111111111,26.11111111111111,6.604,26.11111111111111,0.6604,77.304338
2021,3,21,26.11111111111111,26.11111111111111,0.508,26.11111111111111,0.0508,70.278864
2021,3,22,25.833333333333336,25.833333333333336,0.0,25.833333333333336,0.0,66.777748
2021,3,23,26.944444444444446,26.944444444444446,0.0025399999999999997,26.944444444444446,0.000254,70.171513
2021,3,24,26.666666666666668,26.666666666666668,0.0,26.666666666666668,0.0,75.29147900000001
2021,3,25,26.11111111111111,26.11111111111111,4.826,26.11111111111111,0.4826,76.91605200000001
2021,3,26,26.38888888888889,26.38888888888889,4.064,26.38888888888889,0.4064,75.269892
2021,3,27,26.38888888888889,26.38888888888889,0.0025399999999999997,26.38888888888889,0.000254,73.657734
2021,3,28,26.11111111111111,26.11111111111111,3.0479999999999996,26.11111111111111,0.30479999999999996,74.317156
2021,3,29,26.11111111111111,26.11111111111111,11.684,26.11111111111111,1.1683999999999999,79.5145325
2021,3,30,26.666666666666668,26.666666666666668,1.27,26.666666666666668,0.127,76.4913325
2021,3,31,26.38888888888889,26.38888888888889,1.5239999999999998,26.38888888888889,0.15239999999999998,76.37566749999999
2021,4,1,26.666666666666668,26.666666666666668,0.0025399999999999997,26.666666666666668,0.000254,67.37378
2021,4,2,25.55555555555556,25.55555555555556,4.826,25.55555555555556,0.4826,82.641512
2021,4,3,26.666666666666668,26.666666666666668,0.254,26.666666666666668,0.0254,75.86120600000001
2021,4,4,27.5,27.5,0.0025399999999999997,27.5,0.000254,65.548698
2021,4,5,26.666666666666668,26.666666666666668,1.016,26.666666666666668,0.1016,72.70499799999999
2021,4,6,26.11111111111111,26.11111111111111,1.27,26.11111111111111,0.127,79.01665299999999
2021,4,7,24.722222222222225,24.722222222222225,20.574000000000005,24.722222222222225,2.0574000000000003,84.591185
2021,4,8,25.833333333333336,25.833333333333336,0.0025399999999999997,25.833333333333336,0.000254,72.1900235
2021,4,9,25.55555555555556,25.55555555555556,0.0,25.55555555555556,0.0,64.86257
2021,4,10,25.0,25.0,0.0,25.0,0.0,62.14036
2021,4,11,25.27777777777778,25.27777777777778,0.0,25.27777777777778,0.0,66.66165649999999
2021,4,12,25.833333333333336,25.833333333333336,0.0,25.833333333333336,0.0,67.293712
2021,4,13,26.944444444444446,26.944444444444446,0.0,26.944444444444446,0.0,73.972764
2021,4,14,26.666666666666668,26.666666666666668,0.0,26.666666666666668,0.0,75.269892
2021,4,15,26.11111111111111,26.11111111111111,0.0,26.11111111111111,0.0,63.9749385
2021,4,16,26.11111111111111,26.11111111111111,0.254,26.11111111111111,0.0254,76.843525
2021,4,17,28.88888888888889,28.88888888888889,0.0,28.88888888888889,0.0,67.7066535
2021,4,18,29.166666666666668,29.166666666666668,0.0,29.166666666666668,0.0,62.297122
2021,4,19,28.61111111111111,28.61111111111111,0.0,28.61111111111111,0.0,70.322917
2021,4,20,28.05555555555556,28.05555555555556,0.0,28.05555555555556,0.0,67.11649799999999
2021,4,21,28.05555555555556,28.05555555555556,0.0,28.05555555555556,0.0,68.861677
2021,4,22,28.05555555555556,28.05555555555556,3.8099999999999996,28.05555555555556,0.38099999999999995,70.14066199999999
2021,4,23,27.77777777777778,27.77777777777778,0.0025399999999999997,27.77777777777778,0.000254,70.2015275
2021,4,24,27.77777777777778,27.77777777777778,2.032,27.77777777777778,0.2032,70.5603775
2021,4,25,27.5,27.5,0.0025399999999999997,27.5,0.000254,67.8126375
2021,4,26,27.77777777777778,27.77777777777778,0.0,27.77777777777778,0.0,62.1384985
2021,4,27,27.77777777777778,27.77777777777778,0.0025399999999999997,27.77777777777778,0.000254,68.613522
2021,4,28,25.55555555555556,25.55555555555556,10.413999999999998,25.55555555555556,1.0413999999999999,81.70664
2021,4,29,26.38888888888889,26.38888888888889,1.27,26.38888888888889,0.127,73.1372565
2021,4,30,26.666666666666668,26.666666666666668,9.906,26.666666666666668,0.9906,78.1159055
2021,5,1,26.666666666666668,26.666666666666668,0.0,26.666666666666668,0.0,74.276295
2021,5,2,26.944444444444446,26.944444444444446,1.5239999999999998,26.944444444444446,0.15239999999999998,73.972764
2021,5,3,26.666666666666668,26.666666666666668,2.7939999999999996,26.666666666666668,0.2794,78.16762299999999
2021,5,4,27.222222222222225,27.222222222222225,2.54,27.222222222222225,0.254,75.831547
2021,5,5,27.5,27.5,0.0025399999999999997,27.5,0.000254,72.52524
2021,5,6,27.222222222222225,27.222222222222225,0.0,27.222222222222225,0.0,68.57620700000001
2021,5,7,27.222222222222225,27.222222222222225,0.254,27.222222222222225,0.0254,69.750963
2021,5,8,27.222222222222225,27.222222222222225,0.254,27.222222222222225,0.0254,71.238742
2021,5,9,27.77777777777778,27.77777777777778,1.27,27.77777777777778,0.127,77.266497
2021,5,10,27.77777777777778,27.77777777777778,4.826,27.77777777777778,0.4826,74.375777
2021,5,11,27.77777777777778,27.77777777777778,0.508,27.77777777777778,0.0508,78.74392499999999
2021,5,12,27.5,27.5,0.0025399999999999997,27.5,0.000254,73.9367295
2021,5,13,27.77777777777778,27.77777777777778,1.27,27.77777777777778,0.127,74.632084
2021,5,14,27.5,27.5,1.5239999999999998,27.5,0.15239999999999998,75.661747
2021,5,15,28.333333333333336,28.333333333333336,4.064,28.333333333333336,0.4064,65.788557
2021,5,16,28.88888888888889,28.88888888888889,0.0025399999999999997,28.88888888888889,0.000254,64.9086815
2021,5,17,28.333333333333336,28.333333333333336,0.0025399999999999997,28.333333333333336,0.000254,67.22996
2021,5,18,29.444444444444446,29.444444444444446,0.0,29.444444444444446,0.0,60.1026715
2021,5,19,30.0,30.0,0.0025399999999999997,30.0,0.000254,67.382584
2021,5,20,29.166666666666668,29.166666666666668,0.0,29.166666666666668,0.0,69.53713
2021,5,21,28.333333333333336,28.333333333333336,0.508,28.333333333333336,0.0508,73.466145
2021,5,22,28.61111111111111,28.61111111111111,1.5239999999999998,28.61111111111111,0.15239999999999998,73.372175
2021,5,23,26.11111111111111,26.11111111111111,34.29,26.11111111111111,3.429,82.31699
2021,5,24,27.5,27.5,0.0025399999999999997,27.5,0.000254,80.0939025
2021,5,25,28.61111111111111,28.61111111111111,0.0025399999999999997,28.61111111111111,0.000254,73.71326499999999
2021,5,26,28.05555555555556,28.05555555555556,0.0025399999999999997,28.05555555555556,0.000254,74.83797
2021,5,27,28.333333333333336,28.333333333333336,0.0025399999999999997,28.333333333333336,0.000254,74.41352499999999
2021,5,28,27.77777777777778,27.77777777777778,1.016,27.77777777777778,0.1016,74.81123500000001
2021,5,29,28.05555555555556,28.05555555555556,7.112,28.05555555555556,0.7112,72.089877
2021,5,30,27.77777777777778,27.77777777777778,12.953999999999999,27.77777777777778,1.2953999999999999,74.915722
2021,5,31,27.222222222222225,27.222222222222225,26.162,27.222222222222225,2.6162,77.847042
2021,6,1,27.5,27.5,7.112,27.5,0.7112,79.4122
2021,6,2,27.222222222222225,27.222222222222225,5.334,27.222222222222225,0.5334,77.719292
2021,6,3,27.77777777777778,27.77777777777778,1.778,27.77777777777778,0.1778,71.653405
2021,6,4,27.5,27.5,10.413999999999998,27.5,1.0413999999999999,78.74392499999999
2021,6,5,27.5,27.5,15.494,27.5,1.5493999999999999,80.72931
2021,6,6,27.222222222222225,27.222222222222225,1.5239999999999998,27.222222222222225,0.15239999999999998,81.56074000000001
2021,6,7,26.944444444444446,26.944444444444446,4.571999999999999,26.944444444444446,0.45719999999999994,82.2700125
2021,6,8,26.38888888888889,26.38888888888889,18.796,26.38888888888889,1.8796,83.92743250000001
2021,6,9,26.944444444444446,26.944444444444446,8.889999999999999,26.944444444444446,0.8889999999999999,82.93002999999999
2021,6,10,25.833333333333336,25.833333333333336,88.89999999999999,25.833333333333336,8.889999999999999,87.075863
2021,6,11,27.5,27.5,0.508,27.5,0.0508,81.425565
2021,6,12,27.222222222222225,27.222222222222225,0.0,27.222222222222225,0.0,81.6074825
2021,6,13,28.05555555555556,28.05555555555556,0.0025399999999999997,28.05555555555556,0.000254,77.17169949999999
2021,6,14,28.88888888888889,28.88888888888889,0.0025399999999999997,28.88888888888889,0.000254,71.629455
2021,6,15,28.88888888888889,28.88888888888889,0.254,28.88888888888889,0.0254,77.8719625
2021,6,16,28.61111111111111,28.61111111111111,0.508,28.61111111111111,0.0508,80.22841
2021,6,17,28.61111111111111,28.61111111111111,12.191999999999998,28.61111111111111,1.2191999999999998,80.515465
2021,6,18,28.61111111111111,28.61111111111111,0.7619999999999999,28.61111111111111,0.07619999999999999,73.85444
2021,6,19,28.05555555555556,28.05555555555556,10.16,28.05555555555556,1.016,80.45527799999999
2021,6,20,28.333333333333336,28.333333333333336,5.334,28.333333333333336,0.5334,84.5563
2021,6,21,28.333333333333336,28.333333333333336,2.54,28.333333333333336,0.254,79.86975749999999
2021,6,22,27.222222222222225,27.222222222222225,7.112,27.222222222222225,0.7112,82.2700125
2021,6,23,27.77777777777778,27.77777777777778,1.27,27.77777777777778,0.127,75.84137
2021,6,24,27.77777777777778,27.77777777777778,6.35,27.77777777777778,0.635,79.4122
2021,6,25,28.05555555555556,28.05555555555556,1.778,28.05555555555556,0.1778,75.249645
2021,6,26,28.05555555555556,28.05555555555556,0.0025399999999999997,28.05555555555556,0.000254,77.584637
2021,6,27,27.222222222222225,27.222222222222225,9.652,27.222222222222225,0.9652,77.596817
2021,6,28,28.333333333333336,28.333333333333336,9.652,28.333333333333336,0.9652,78.89139
2021,6,29,28.61111111111111,28.61111111111111,0.0,28.61111111111111,0.0,74.6810785
2021,6,30,28.05555555555556,28.05555555555556,35.306,28.05555555555556,3.5305999999999997,79.721755
2021,7,1,28.88888888888889,28.88888888888889,0.254,28.88888888888889,0.0254,80.045188
2021,7,2,29.444444444444446,29.444444444444446,0.254,29.444444444444446,0.0254,78.07774
2021,7,3,30.27777777777778,30.27777777777778,0.254,30.27777777777778,0.0254,70.816338
2021,7,4,28.88888888888889,28.88888888888889,0.0025399999999999997,28.88888888888889,0.000254,75.7663165
2021,7,5,28.61111111111111,28.61111111111111,0.0025399999999999997,28.61111111111111,0.000254,72.28542
2021,7,6,28.61111111111111,28.61111111111111,2.2859999999999996,28.61111111111111,0.22859999999999997,76.669577
2021,7,7,28.88888888888889,28.88888888888889,0.254,28.88888888888889,0.0254,78.5614625
2021,7,8,29.166666666666668,29.166666666666668,1.016,29.166666666666668,0.1016,77.922355
2021,7,9,28.61111111111111,28.61111111111111,0.508,28.61111111111111,0.0508,79.281992
2021,7,10,27.77777777777778,27.77777777777778,14.985999999999999,27.77777777777778,1.4986,75.492522
2021,7,11,28.05555555555556,28.05555555555556,11.43,28.05555555555556,1.143,84.176925
2021,7,12,29.166666666666668,29.166666666666668,0.7619999999999999,29.166666666666668,0.07619999999999999,77.73756499999999
2021,7,13,28.333333333333336,28.333333333333336,4.826,28.333333333333336,0.4826,80.55048500000001
2021,7,14,27.5,27.5,3.0479999999999996,27.5,0.30479999999999996,81.6217375
2021,7,15,27.77777777777778,27.77777777777778,2.032,27.77777777777778,0.2032,75.9904615
2021,7,16,28.333333333333336,28.333333333333336,0.508,28.333333333333336,0.0508,75.590407
2021,7,17,28.333333333333336,28.333333333333336,0.7619999999999999,28.333333333333336,0.07619999999999999,77.161653
2021,7,18,28.61111111111111,28.61111111111111,19.558,28.61111111111111,1.9558,84.5563
2021,7,19,29.166666666666668,29.166666666666668,0.0025399999999999997,29.166666666666668,0.000254,73.071045
2021,7,20,29.166666666666668,29.166666666666668,0.0,29.166666666666668,0.0,76.002365
2021,7,21,29.166666666666668,29.166666666666668,0.0025399999999999997,29.166666666666668,0.000254,75.087305
2021,7,22,28.61111111111111,28.61111111111111,2.032,28.61111111111111,0.2032,76.669577
2021,7,23,28.61111111111111,28.61111111111111,9.906,28.61111111111111,0.9906,83.11810299999999
2021,7,24,26.944444444444446,26.944444444444446,19.049999999999997,26.944444444444446,1.9049999999999998,89.7882675
2021,7,25,28.333333333333336,28.333333333333336,21.081999999999997,28.333333333333336,2.1081999999999996,82.28507
2021,7,26,28.61111111111111,28.61111111111111,0.0025399999999999997,28.61111111111111,0.000254,81.478935
2021,7,27,28.333333333333336,28.333333333333336,1.778,28.333333333333336,0.1778,77.42609
2021,7,28,28.05555555555556,28.05555555555556,6.35,28.05555555555556,0.635,76.656485
2021,7,29,28.05555555555556,28.05555555555556,2.032,28.05555555555556,0.2032,76.31460200000001
2021,7,30,28.333333333333336,28.333333333333336,9.652,28.333333333333336,0.9652,81.91004699999999
2021,7,31,28.88888888888889,28.88888888888889,0.0025399999999999997,28.88888888888889,0.000254,80.564483
2021,8,1,28.333333333333336,28.333333333333336,0.0,28.333333333333336,0.0,77.486277
2021,8,2,28.333333333333336,28.333333333333336,1.27,28.333333333333336,0.127,75.074213
2021,8,3,28.05555555555556,28.05555555555556,12.953999999999999,28.05555555555556,1.2953999999999999,77.1115125
2021,8,4,28.05555555555556,28.05555555555556,1.27,28.05555555555556,0.127,80.24097
2021,8,5,28.88888888888889,28.88888888888889,0.0025399999999999997,28.88888888888889,0.000254,78.76119750000001
2021,8,6,28.88888888888889,28.88888888888889,1.016,28.88888888888889,0.1016,80.564483
2021,8,7,28.61111111111111,28.61111111111111,0.254,28.61111111111111,0.0254,76.26680200000001
2021,8,8,28.333333333333336,28.333333333333336,4.571999999999999,28.333333333333336,0.45719999999999994,78.313175
2021,8,9,28.61111111111111,28.61111111111111,0.0025399999999999997,28.61111111111111,0.000254,77.8719625
2021,8,10,27.77777777777778,27.77777777777778,16.764,27.77777777777778,1.6764,82.01325800000001
2021,8,11,28.88888888888889,28.88888888888889,8.382,28.88888888888889,0.8382,75.5343345
2021,8,12,29.166666666666668,29.166666666666668,0.0025399999999999997,29.166666666666668,0.000254,75.94498200000001
2021,8,13,28.61111111111111,28.61111111111111,0.0025399999999999997,28.61111111111111,0.000254,72.76231
2021,8,14,29.722222222222225,29.722222222222225,2.032,29.722222222222225,0.2032,76.77326
2021,8,15,27.222222222222225,27.222222222222225,15.239999999999998,27.222222222222225,1.5239999999999998,80.0242005
2021,8,16,28.61111111111111,28.61111111111111,0.0025399999999999997,28.61111111111111,0.000254,76.3408875
2021,8,17,29.166666666666668,29.166666666666668,0.254,29.166666666666668,0.0254,72.53660500000001
2021,8,18,29.166666666666668,29.166666666666668,2.2859999999999996,29.166666666666668,0.22859999999999997,75.568277
2021,8,19,29.166666666666668,29.166666666666668,0.0,29.166666666666668,0.0,70.8708455
2021,8,20,29.722222222222225,29.722222222222225,1.27,29.722222222222225,0.127,72.89412300000001
2021,8,21,29.444444444444446,29.444444444444446,0.0025399999999999997,29.444444444444446,0.000254,74.65607
2021,8,22,30.0,30.0,0.0025399999999999997,30.0,0.000254,74.061118
2021,8,23,30.0,30.0,0.0025399999999999997,30.0,0.000254,69.041252
2021,8,24,29.444444444444446,29.444444444444446,0.508,29.444444444444446,0.0508,73.941938
2021,8,25,29.722222222222225,29.722222222222225,0.0025399999999999997,29.722222222222225,0.000254,67.0696385
2021,8,26,29.444444444444446,29.444444444444446,0.0025399999999999997,29.444444444444446,0.000254,68.413372
2021,8,27,29.722222222222225,29.722222222222225,0.0,29.722222222222225,0.0,69.92880650000001
2021,8,28,29.444444444444446,29.444444444444446,0.0,29.444444444444446,0.0,75.02542299999999
2021,8,29,29.722222222222225,29.722222222222225,0.0,29.722222222222225,0.0,70.182932
2021,8,30,29.166666666666668,29.166666666666668,0.0025399999999999997,29.166666666666668,0.000254,69.858335
2021,8,31,28.88888888888889,28.88888888888889,0.0025399999999999997,28.88888888888889,0.000254,70.491777
2021,9,1,29.166666666666668,29.166666666666668,6.35,29.166666666666668,0.635,70.501467
2021,9,2,28.88888888888889,28.88888888888889,0.0025399999999999997,28.88888888888889,0.000254,75.03716449999999
2021,9,3,30.0,30.0,0.0025399999999999997,30.0,0.000254,73.094475
2021,9,4,31.111111111111114,31.111111111111114,0.0,31.111111111111114,0.0,66.55385
2021,9,5,29.722222222222225,29.722222222222225,0.0025399999999999997,29.722222222222225,0.000254,69.32289750000001
2021,9,6,30.55555555555556,30.55555555555556,0.254,30.55555555555556,0.0254,69.5689075
2021,9,7,30.27777777777778,30.27777777777778,0.254,30.27777777777778,0.0254,68.41550649999999
2021,9,8,29.722222222222225,29.722222222222225,0.0025399999999999997,29.722222222222225,0.000254,71.894745
2021,9,9,30.55555555555556,30.55555555555556,4.571999999999999,30.55555555555556,0.45719999999999994,69.349911
2021,9,10,30.27777777777778,30.27777777777778,0.0025399999999999997,30.27777777777778,0.000254,68.932293
2021,9,11,28.61111111111111,28.61111111111111,28.701999999999998,28.61111111111111,2.8701999999999996,73.15607800000001
2021,9,12,28.61111111111111,28.61111111111111,9.652,28.61111111111111,0.9652,75.218369
2021,9,13,28.88888888888889,28.88888888888889,4.064,28.88888888888889,0.4064,79.542088
2021,9,14,29.444444444444446,29.444444444444446,0.0025399999999999997,29.444444444444446,0.000254,74.4917665
2021,9,15,28.333333333333336,28.333333333333336,1.5239999999999998,28.333333333333336,0.15239999999999998,79.98831999999999
2021,9,16,29.444444444444446,29.444444444444446,1.778,29.444444444444446,0.1778,72.53660500000001
2021,9,17,28.88888888888889,28.88888888888889,6.604,28.88888888888889,0.6604,74.272572
2021,9,18,28.333333333333336,28.333333333333336,2.7939999999999996,28.333333333333336,0.2794,72.454672
2021,9,19,28.333333333333336,28.333333333333336,11.43,28.333333333333336,1.143,74.4102215
2021,9,20,28.333333333333336,28.333333333333336,17.525999999999996,28.333333333333336,1.7525999999999997,76.851472
2021,9,21,28.333333333333336,28.333333333333336,15.494,28.333333333333336,1.5493999999999999,82.8471
2021,9,22,30.833333333333336,30.833333333333336,0.508,30.833333333333336,0.0508,65.818853
2021,9,23,30.55555555555556,30.55555555555556,0.0025399999999999997,30.55555555555556,0.000254,66.0134925
2021,9,24,30.0,30.0,0.0025399999999999997,30.0,0.000254,66.6673785
2021,9,25,29.166666666666668,29.166666666666668,0.0025399999999999997,29.166666666666668,0.000254,70.984387
2021,9,26,29.444444444444446,29.444444444444446,0.0,29.444444444444446,0.0,73.60524
2021,9,27,29.166666666666668,29.166666666666668,0.0025399999999999997,29.166666666666668,0.000254,72.270977
2021,9,28,29.166666666666668,29.166666666666668,0.7619999999999999,29.166666666666668,0.07619999999999999,72.640935
2021,9,29,29.444444444444446,29.444444444444446,0.0025399999999999997,29.444444444444446,0.000254,73.864947
2021,9,30,28.88888888888889,28.88888888888889,1.778,28.88888888888889,0.1778,72.68785199999999
2021,10,1,28.88888888888889,28.88888888888889,0.0025399999999999997,28.88888888888889,0.000254,69.774812
2021,10,2,28.61111111111111,28.61111111111111,7.112,28.61111111111111,0.7112,68.4167525
2021,10,3,29.722222222222225,29.722222222222225,0.0,29.722222222222225,0.0,69.1383735
2021,10,4,30.0,30.0,3.302,30.0,0.3302,66.075595
2021,10,5,29.444444444444446,29.444444444444446,2.032,29.444444444444446,0.2032,68.04195
2021,10,6,28.61111111111111,28.61111111111111,3.302,28.61111111111111,0.3302,70.697755
2021,10,7,28.88888888888889,28.88888888888889,3.0479999999999996,28.88888888888889,0.30479999999999996,75.46496499999999
2021,10,8,29.166666666666668,29.166666666666668,0.254,29.166666666666668,0.0254,72.746802
2021,10,9,29.166666666666668,29.166666666666668,0.254,29.166666666666668,0.0254,67.377775
2021,10,10,28.333333333333336,28.333333333333336,12.7,28.333333333333336,1.27,78.9279575
2021,10,11,26.666666666666668,26.666666666666668,31.75,26.666666666666668,3.175,87.495785
2021,10,12,29.166666666666668,29.166666666666668,11.175999999999998,29.166666666666668,1.1176,79.074585
2021,10,13,29.166666666666668,29.166666666666668,9.906,29.166666666666668,0.9906,74.112935
2021,10,14,29.722222222222225,29.722222222222225,2.54,29.722222222222225,0.254,74.996127
2021,10,15,29.444444444444446,29.444444444444446,2.7939999999999996,29.444444444444446,0.2794,73.007345
2021,10,16,28.61111111111111,28.61111111111111,0.0025399999999999997,28.61111111111111,0.000254,72.8255015
2021,10,17,29.166666666666668,29.166666666666668,0.0,29.166666666666668,0.0,76.536855
2021,10,18,28.88888888888889,28.88888888888889,0.0,28.88888888888889,0.0,76.46994000000001
2021,10,19,29.166666666666668,29.166666666666668,0.7619999999999999,29.166666666666668,0.07619999999999999,74.71933849999999
2021,10,20,28.88888888888889,28.88888888888889,39.878,28.88888888888889,3.9878,77.73756499999999
2021,10,21,28.88888888888889,28.88888888888889,5.334,28.88888888888889,0.5334,74.5107565
2021,10,22,28.88888888888889,28.88888888888889,0.0025399999999999997,28.88888888888889,0.000254,68.002872
2021,10,23,29.166666666666668,29.166666666666668,1.016,29.166666666666668,0.1016,64.729202
2021,10,24,28.05555555555556,28.05555555555556,5.587999999999999,28.05555555555556,0.5588,76.26680200000001
2021,10,25,29.166666666666668,29.166666666666668,7.874,29.166666666666668,0.7874,70.049165
2021,10,26,28.88888888888889,28.88888888888889,0.254,28.88888888888889,0.0254,64.103992
2021,10,27,28.88888888888889,28.88888888888889,0.254,28.88888888888889,0.0254,61.5338065
2021,10,28,29.444444444444446,29.444444444444446,0.0,29.444444444444446,0.0,62.2061715
2021,10,29,29.444444444444446,29.444444444444446,0.0025399999999999997,29.444444444444446,0.000254,59.252393000000005
2021,10,30,29.444444444444446,29.444444444444446,0.0025399999999999997,29.444444444444446,0.000254,59.294933
2021,10,31,28.61111111111111,28.61111111111111,0.254,28.61111111111111,0.0254,70.254717
2021,11,1,28.05555555555556,28.05555555555556,1.5239999999999998,28.05555555555556,0.15239999999999998,69.9457625
2021,11,2,28.05555555555556,28.05555555555556,1.5239999999999998,28.05555555555556,0.15239999999999998,72.699089
2021,11,3,28.05555555555556,28.05555555555556,6.858,28.05555555555556,0.6858,77.32841300000001
2021,11,4,28.61111111111111,28.61111111111111,0.7619999999999999,28.61111111111111,0.07619999999999999,70.891557
2021,11,5,28.61111111111111,28.61111111111111,0.0025399999999999997,28.61111111111111,0.000254,69.244725
2021,11,6,28.61111111111111,28.61111111111111,5.334,28.61111111111111,0.5334,73.677437
2021,11,7,27.5,27.5,0.0025399999999999997,27.5,0.000254,69.4762465
2021,11,8,27.5,27.5,0.7619999999999999,27.5,0.07619999999999999,70.562737
2021,11,9,27.77777777777778,27.77777777777778,1.016,27.77777777777778,0.1016,69.2364265
2021,11,10,28.61111111111111,28.61111111111111,2.2859999999999996,28.61111111111111,0.22859999999999997,69.659307
2021,11,11,28.05555555555556,28.05555555555556,1.5239999999999998,28.05555555555556,0.15239999999999998,73.745767
2021,11,12,28.61111111111111,28.61111111111111,1.5239999999999998,28.61111111111111,0.15239999999999998,70.6642715
2021,11,13,28.05555555555556,28.05555555555556,7.366,28.05555555555556,0.7365999999999999,74.9834075
2021,11,14,28.05555555555556,28.05555555555556,0.7619999999999999,28.05555555555556,0.07619999999999999,71.001642
2021,11,15,28.333333333333336,28.333333333333336,0.7619999999999999,28.333333333333336,0.07619999999999999,71.3294565
2021,11,16,27.77777777777778,27.77777777777778,0.7619999999999999,27.77777777777778,0.07619999999999999,67.95573350000001
2021,11,17,28.333333333333336,28.333333333333336,4.826,28.333333333333336,0.4826,71.087245
2021,11,18,27.77777777777778,27.77777777777778,3.302,27.77777777777778,0.3302,74.83797
2021,11,19,27.222222222222225,27.222222222222225,1.778,27.222222222222225,0.1778,73.875957
2021,11,20,27.5,27.5,0.254,27.5,0.0254,72.52859000000001
2021,11,21,27.5,27.5,2.032,27.5,0.2032,74.202967
2021,11,22,27.77777777777778,27.77777777777778,0.0025399999999999997,27.77777777777778,0.000254,69.117442
2021,11,23,28.333333333333336,28.333333333333336,0.254,28.333333333333336,0.0254,69.255862
2021,11,24,27.77777777777778,27.77777777777778,0.0025399999999999997,27.77777777777778,0.000254,69.561282
2021,11,25,26.38888888888889,26.38888888888889,22.351999999999997,26.38888888888889,2.2352,79.960875
2021,11,26,27.222222222222225,27.222222222222225,0.0025399999999999997,27.222222222222225,0.000254,61.41431
2021,11,27,26.38888888888889,26.38888888888889,0.0025399999999999997,26.38888888888889,0.000254,70.780762
2021,11,28,27.222222222222225,27.222222222222225,3.556,27.222222222222225,0.3556,72.565905
2021,11,29,28.61111111111111,28.61111111111111,0.0025399999999999997,28.61111111111111,0.000254,67.72210199999999
2021,11,30,27.77777777777778,27.77777777777778,0.0025399999999999997,27.77777777777778,0.000254,68.6743875
2021,12,1,27.5,27.5,13.716,27.5,1.3716,77.42609
2021,12,2,28.333333333333336,28.333333333333336,5.842,28.333333333333336,0.5841999999999999,68.3378625
2021,12,3,26.944444444444446,26.944444444444446,3.0479999999999996,26.944444444444446,0.30479999999999996,76.4958
2021,12,4,27.222222222222225,27.222222222222225,2.2859999999999996,27.222222222222225,0.22859999999999997,76.4216
2021,12,5,26.944444444444446,26.944444444444446,20.065999999999995,26.944444444444446,2.0065999999999997,78.00292999999999
2021,12,6,27.222222222222225,27.222222222222225,1.5239999999999998,27.222222222222225,0.15239999999999998,71.549042
2021,12,7,26.666666666666668,26.666666666666668,2.032,26.666666666666668,0.2032,72.371595
2021,12,8,27.222222222222225,27.222222222222225,3.8099999999999996,27.222222222222225,0.38099999999999995,71.492888
2021,12,9,26.666666666666668,26.666666666666668,8.636000000000001,26.666666666666668,0.8636000000000001,77.82866250000001
2021,12,10,26.944444444444446,26.944444444444446,4.3180000000000005,26.944444444444446,0.4318000000000001,73.972764
2021,12,11,26.666666666666668,26.666666666666668,3.302,26.666666666666668,0.3302,71.386653
2021,12,12,26.38888888888889,26.38888888888889,7.112,26.38888888888889,0.7112,77.38126199999999
2021,12,13,26.944444444444446,26.944444444444446,5.587999999999999,26.944444444444446,0.5588,78.658595
2021,12,14,26.666666666666668,26.666666666666668,6.858,26.666666666666668,0.6858,74.9168525
2021,12,15,26.38888888888889,26.38888888888889,3.302,26.38888888888889,0.3302,74.1219435
2021,12,16,26.38888888888889,26.38888888888889,2.54,26.38888888888889,0.254,70.2540865
2021,12,17,26.38888888888889,26.38888888888889,3.556,26.38888888888889,0.3556,70.623485
2021,12,18,25.833333333333336,25.833333333333336,10.16,25.833333333333336,1.016,74.296815
2021,12,19,26.11111111111111,26.11111111111111,2.7939999999999996,26.11111111111111,0.2794,78.00024049999999
2021,12,20,25.27777777777778,25.27777777777778,20.32,25.27777777777778,2.032,82.641512
2021,12,21,25.27777777777778,25.27777777777778,0.0025399999999999997,25.27777777777778,0.000254,75.96331599999999
2021,12,22,26.38888888888889,26.38888888888889,0.0,26.38888888888889,0.0,71.30973
2021,12,23,26.38888888888889,26.38888888888889,0.0025399999999999997,26.38888888888889,0.000254,74.221701
2021,12,24,26.666666666666668,26.666666666666668,0.0025399999999999997,26.666666666666668,0.000254,74.794095
2021,12,25,26.11111111111111,26.11111111111111,12.446,26.11111111111111,1.2446,78.479029
2021,12,26,26.38888888888889,26.38888888888889,0.254,26.38888888888889,0.0254,71.386653
2021,12,27,25.833333333333336,25.833333333333336,0.0025399999999999997,25.833333333333336,0.000254,75.3707035
2021,12,28,25.833333333333336,25.833333333333336,0.254,25.833333333333336,0.0254,73.79385
2021,12,29,26.666666666666668,26.666666666666668,0.0,26.666666666666668,0.0,66.87758500000001
2021,12,30,26.38888888888889,26.38888888888889,0.254,26.38888888888889,0.0254,65.845045
2021,12,31,26.38888888888889,26.38888888888889,0.0,26.38888888888889,0.0,67.17772500000001
2022,1,1,25.55555555555556,25.55555555555556,0.254,25.55555555555556,0.0254,61.361213
2022,1,2,25.55555555555556,25.55555555555556,0.254,25.55555555555556,0.0254,60.326361000000006
2022,1,3,26.11111111111111,26.11111111111111,6.858,26.11111111111111,0.6858,73.187176
2022,1,4,25.833333333333336,25.833333333333336,3.8099999999999996,25.833333333333336,0.38099999999999995,73.79385
2022,1,5,25.833333333333336,25.833333333333336,6.095999999999999,25.833333333333336,0.6095999999999999,75.30326649999999
2022,1,6,25.0,25.0,7.112,25.0,0.7112,75.929355
2022,1,7,26.11111111111111,26.11111111111111,5.587999999999999,26.11111111111111,0.5588,75.0061265
2022,1,8,25.27777777777778,25.27777777777778,2.032,25.27777777777778,0.2032,74.82961800000001
2022,1,9,25.833333333333336,25.833333333333336,0.0025399999999999997,25.833333333333336,0.000254,67.5267
2022,1,10,24.722222222222225,24.722222222222225,0.7619999999999999,24.722222222222225,0.07619999999999999,72.66877
2022,1,11,24.722222222222225,24.722222222222225,10.921999999999999,24.722222222222225,1.0921999999999998,78.9270075
2022,1,12,24.444444444444446,24.444444444444446,0.0025399999999999997,24.444444444444446,0.000254,74.346288
2022,1,13,25.833333333333336,25.833333333333336,0.0025399999999999997,25.833333333333336,0.000254,64.845175
2022,1,14,26.944444444444446,26.944444444444446,0.0025399999999999997,26.944444444444446,0.000254,64.3945685
2022,1,15,25.55555555555556,25.55555555555556,3.8099999999999996,25.55555555555556,0.38099999999999995,76.37566749999999
2022,1,16,25.0,25.0,0.0,25.0,0.0,77.72691499999999
2022,1,17,26.11111111111111,26.11111111111111,0.0,26.11111111111111,0.0,65.613718
2022,1,18,25.0,25.0,0.254,25.0,0.0254,75.145611
2022,1,19,25.55555555555556,25.55555555555556,0.508,25.55555555555556,0.0508,72.42958
2022,1,20,25.833333333333336,25.833333333333336,3.8099999999999996,25.833333333333336,0.38099999999999995,74.19986800000001
2022,1,21,25.27777777777778,25.27777777777778,0.508,25.27777777777778,0.0508,73.982473
2022,1,22,24.722222222222225,24.722222222222225,2.032,24.722222222222225,0.2032,74.99935550000001
2022,1,23,25.0,25.0,0.0025399999999999997,25.0,0.000254,66.64324
2022,1,24,24.444444444444446,24.444444444444446,0.254,24.444444444444446,0.0254,69.981046
2022,1,25,25.833333333333336,25.833333333333336,0.508,25.833333333333336,0.0508,68.430158
2022,1,26,25.27777777777778,25.27777777777778,0.0025399999999999997,25.27777777777778,0.000254,68.0137915
2022,1,27,25.55555555555556,25.55555555555556,1.016,25.55555555555556,0.1016,73.99696
2022,1,28,25.0,25.0,0.7619999999999999,25.0,0.07619999999999999,74.18578
2022,1,29,25.55555555555556,25.55555555555556,0.0025399999999999997,25.55555555555556,0.000254,66.8268635
2022,1,30,24.722222222222225,24.722222222222225,0.254,24.722222222222225,0.0254,72.9137155
2022,1,31,25.0,25.0,11.684,25.0,1.1683999999999999,79.635459
2022,2,1,25.0,25.0,0.254,25.0,0.0254,76.842895
2022,2,2,25.55555555555556,25.55555555555556,11.175999999999998,25.55555555555556,1.1176,78.193362
2022,2,3,25.27777777777778,25.27777777777778,11.937999999999999,25.27777777777778,1.1938,79.01665299999999
2022,2,4,24.166666666666668,24.166666666666668,20.827999999999996,24.166666666666668,2.0827999999999998,81.15974800000001
2022,2,5,22.5,22.5,97.02799999999999,22.5,9.7028,92.10212
2022,2,6,24.166666666666668,24.166666666666668,69.342,24.166666666666668,6.9342,86.892213
2022,2,7,24.444444444444446,24.444444444444446,31.241999999999997,24.444444444444446,3.1241999999999996,81.40786
2022,2,8,24.722222222222225,24.722222222222225,5.08,24.722222222222225,0.508,76.617298
2022,2,9,24.722222222222225,24.722222222222225,0.254,24.722222222222225,0.0254,70.56910400000001
2022,2,10,25.55555555555556,25.55555555555556,0.7619999999999999,25.55555555555556,0.07619999999999999,69.3445
2022,2,11,25.55555555555556,25.55555555555556,0.254,25.55555555555556,0.0254,75.56889799999999
2022,2,12,24.722222222222225,24.722222222222225,2.54,24.722222222222225,0.254,75.844708
2022,2,13,25.0,25.0,2.032,25.0,0.2032,79.01665299999999
2022,2,14,25.0,25.0,0.0025399999999999997,25.0,0.000254,72.627748
2022,2,15,25.55555555555556,25.55555555555556,2.032,25.55555555555556,0.2032,78.00024049999999
2022,2,16,25.55555555555556,25.55555555555556,6.095999999999999,25.55555555555556,0.6095999999999999,79.2956505
2022,2,17,25.27777777777778,25.27777777777778,1.016,25.27777777777778,0.1016,71.73651000000001
2022,2,18,25.0,25.0,7.874,25.0,0.7874,78.605968
2022,2,19,25.0,25.0,2.032,25.0,0.2032,76.604935
2022,2,20,25.0,25.0,1.778,25.0,0.1778,75.438833
2022,2,21,25.55555555555556,25.55555555555556,0.254,25.55555555555556,0.0254,75.100207
2022,2,22,25.27777777777778,25.27777777777778,2.2859999999999996,25.27777777777778,0.22859999999999997,73.624937
2022,2,23,24.722222222222225,24.722222222222225,7.619999999999999,24.722222222222225,0.7619999999999999,74.14711
2022,2,24,25.0,25.0,1.016,25.0,0.1016,66.5035435
2022,2,25,24.166666666666668,24.166666666666668,3.8099999999999996,24.166666666666668,0.38099999999999995,76.03101000000001
2022,2,26,25.0,25.0,0.508,25.0,0.0508,72.134705
2022,2,27,25.0,25.0,8.382,25.0,0.8382,82.701045
2022,2,28,26.11111111111111,26.11111111111111,0.0025399999999999997,26.11111111111111,0.000254,82.95122
2022,3,1,25.833333333333336,25.833333333333336,0.0025399999999999997,25.833333333333336,0.000254,80.42659499999999
2022,3,2,26.11111111111111,26.11111111111111,0.0025399999999999997,26.11111111111111,0.000254,79.462355
2022,3,3,25.55555555555556,25.55555555555556,0.0,25.55555555555556,0.0,82.95122
2022,3,4,26.38888888888889,26.38888888888889,9.906,26.38888888888889,0.9906,80.47618299999999
2022,3,5,25.55555555555556,25.55555555555556,10.16,25.55555555555556,1.016,83.52951999999999
2022,3,6,25.0,25.0,9.398,25.0,0.9398,83.5887525
2022,3,7,25.27777777777778,25.27777777777778,2.7939999999999996,25.27777777777778,0.2794,81.02158
2022,3,8,25.27777777777778,25.27777777777778,3.556,25.27777777777778,0.3556,81.868578
2022,3,9,25.27777777777778,25.27777777777778,7.366,25.27777777777778,0.7365999999999999,82.0855225
2022,3,10,25.55555555555556,25.55555555555556,4.571999999999999,25.55555555555556,0.45719999999999994,84.5626175
2022,3,11,25.27777777777778,25.27777777777778,0.254,25.27777777777778,0.0254,77.26789
2022,3,12,25.833333333333336,25.833333333333336,5.334,25.833333333333336,0.5334,80.407263
2022,3,13,25.27777777777778,25.27777777777778,0.0025399999999999997,25.27777777777778,0.000254,76.398744
2022,3,14,25.833333333333336,25.833333333333336,0.7619999999999999,25.833333333333336,0.07619999999999999,75.3925365
2022,3,15,25.833333333333336,25.833333333333336,2.7939999999999996,25.833333333333336,0.2794,72.316261
2022,3,16,25.55555555555556,25.55555555555556,5.08,25.55555555555556,0.508,77.361943
2022,3,17,26.11111111111111,26.11111111111111,2.2859999999999996,26.11111111111111,0.22859999999999997,70.766812
2022,3,18,25.833333333333336,25.833333333333336,2.54,25.833333333333336,0.254,72.2296355
2022,3,19,25.27777777777778,25.27777777777778,0.7619999999999999,25.27777777777778,0.07619999999999999,78.9701525
2022,3,20,25.833333333333336,25.833333333333336,1.778,25.833333333333336,0.1778,77.304338
2022,3,21,24.722222222222225,24.722222222222225,0.254,24.722222222222225,0.0254,75.68582
2022,3,22,25.0,25.0,1.5239999999999998,25.0,0.15239999999999998,79.364585
2022,3,23,25.55555555555556,25.55555555555556,0.0025399999999999997,25.55555555555556,0.000254,76.1309275
2022,3,24,24.444444444444446,24.444444444444446,7.619999999999999,24.444444444444446,0.7619999999999999,82.469055
2022,3,25,25.27777777777778,25.27777777777778,2.032,25.27777777777778,0.2032,74.24823599999999
2022,3,26,25.55555555555556,25.55555555555556,0.508,25.55555555555556,0.0508,74.5720295
2022,3,27,25.27777777777778,25.27777777777778,0.254,25.27777777777778,0.0254,76.604935
2022,3,28,25.27777777777778,25.27777777777778,0.0025399999999999997,25.27777777777778,0.000254,78.4314
2022,3,29,25.833333333333336,25.833333333333336,0.508,25.833333333333336,0.0508,76.91605200000001
2022,3,30,25.833333333333336,25.833333333333336,1.27,25.833333333333336,0.127,74.28267
2022,3,31,25.27777777777778,25.27777777777778,4.3180000000000005,25.27777777777778,0.4318000000000001,77.12066300000001
2022,4,1,25.833333333333336,25.833333333333336,0.0025399999999999997,25.833333333333336,0.000254,72.685345
2022,4,2,26.11111111111111,26.11111111111111,3.302,26.11111111111111,0.3302,80.4858275
2022,4,3,26.944444444444446,26.944444444444446,0.254,26.944444444444446,0.0254,69.381923
2022,4,4,27.222222222222225,27.222222222222225,0.254,27.222222222222225,0.0254,69.3982605
2022,4,5,27.222222222222225,27.222222222222225,0.0025399999999999997,27.222222222222225,0.000254,69.117442
2022,4,6,25.833333333333336,25.833333333333336,8.636000000000001,25.833333333333336,0.8636000000000001,74.696133
2022,4,7,26.11111111111111,26.11111111111111,0.7619999999999999,26.11111111111111,0.07619999999999999,77.86261300000001
2022,4,8,26.666666666666668,26.666666666666668,1.016,26.666666666666668,0.1016,72.6659815
2022,4,9,26.944444444444446,26.944444444444446,0.0025399999999999997,26.944444444444446,0.000254,68.0700705
2022,4,10,27.222222222222225,27.222222222222225,0.0025399999999999997,27.222222222222225,0.000254,70.7454575
2022,4,11,26.11111111111111,26.11111111111111,0.254,26.11111111111111,0.0254,74.290621
2022,4,12,26.944444444444446,26.944444444444446,1.27,26.944444444444446,0.127,78.450932
2022,4,13,26.11111111111111,26.11111111111111,0.7619999999999999,26.11111111111111,0.07619999999999999,75.015765
2022,4,14,25.55555555555556,25.55555555555556,3.8099999999999996,25.55555555555556,0.38099999999999995,77.505005
2022,4,15,25.833333333333336,25.833333333333336,14.224,25.833333333333336,1.4224,79.41018249999999
2022,4,16,25.55555555555556,25.55555555555556,4.571999999999999,25.55555555555556,0.45719999999999994,78.826853
2022,4,17,26.944444444444446,26.944444444444446,0.254,26.944444444444446,0.0254,72.019255
2022,4,18,27.222222222222225,27.222222222222225,0.0025399999999999997,27.222222222222225,0.000254,69.0408865
2022,4,19,26.666666666666668,26.666666666666668,0.508,26.666666666666668,0.0508,72.15062499999999
2022,4,20,26.944444444444446,26.944444444444446,0.254,26.944444444444446,0.0254,70.3380145
2022,4,21,26.11111111111111,26.11111111111111,4.3180000000000005,26.11111111111111,0.4318000000000001,74.833336
2022,4,22,25.0,25.0,11.43,25.0,1.143,78.63827
2022,4,23,25.55555555555556,25.55555555555556,0.0025399999999999997,25.55555555555556,0.000254,71.994265
2022,4,24,25.833333333333336,25.833333333333336,0.7619999999999999,25.833333333333336,0.07619999999999999,69.06738
2022,4,25,25.55555555555556,25.55555555555556,0.0025399999999999997,25.55555555555556,0.000254,69.324457
2022,4,26,25.833333333333336,25.833333333333336,0.254,25.833333333333336,0.0254,64.567155
2022,4,27,25.55555555555556,25.55555555555556,0.508,25.55555555555556,0.0508,66.2741085
2022,4,28,24.722222222222225,24.722222222222225,0.508,24.722222222222225,0.0508,60.699495
2022,4,29,25.55555555555556,25.55555555555556,0.7619999999999999,25.55555555555556,0.07619999999999999,71.15102949999999
2022,4,30,24.166666666666668,24.166666666666668,16.002,24.166666666666668,1.6001999999999998,89.53735
2022,5,1,25.27777777777778,25.27777777777778,0.508,25.27777777777778,0.0508,83.863085
2022,5,2,26.944444444444446,26.944444444444446,1.5239999999999998,26.944444444444446,0.15239999999999998,83.80340000000001
2022,5,3,26.38888888888889,26.38888888888889,8.382,26.38888888888889,0.8382,81.697962
2022,5,4,25.55555555555556,25.55555555555556,0.0025399999999999997,25.55555555555556,0.000254,84.01876
2022,5,5,25.27777777777778,25.27777777777778,0.0025399999999999997,25.27777777777778,0.000254,80.6942775
2022,5,6,26.11111111111111,26.11111111111111,0.0025399999999999997,26.11111111111111,0.000254,75.693972
2022,5,7,26.38888888888889,26.38888888888889,0.0025399999999999997,26.38888888888889,0.000254,78.16762299999999
2022,5,8,26.944444444444446,26.944444444444446,0.0025399999999999997,26.944444444444446,0.000254,78.43495999999999
2022,5,9,28.333333333333336,28.333333333333336,0.0,28.333333333333336,0.0,69.565987
2022,5,10,27.5,27.5,0.0025399999999999997,27.5,0.000254,73.408592
2022,5,11,28.05555555555556,28.05555555555556,3.556,28.05555555555556,0.3556,74.4965015
2022,5,12,27.5,27.5,0.0025399999999999997,27.5,0.000254,77.73605749999999
2022,5,13,27.222222222222225,27.222222222222225,1.5239999999999998,27.222222222222225,0.15239999999999998,73.799614
2022,5,14,27.222222222222225,27.222222222222225,1.016,27.222222222222225,0.1016,72.06073
2022,5,15,27.5,27.5,0.254,27.5,0.0254,74.324417
2022,5,16,28.333333333333336,28.333333333333336,1.016,28.333333333333336,0.1016,68.475415
2022,5,17,28.333333333333336,28.333333333333336,0.254,28.333333333333336,0.0254,77.678072
2022,5,18,30.0,30.0,0.0,30.0,0.0,70.2878
2022,5,19,28.333333333333336,28.333333333333336,0.0,28.333333333333336,0.0,75.7280565
2022,5,20,28.88888888888889,28.88888888888889,0.0025399999999999997,28.88888888888889,0.000254,73.677437
2022,5,21,28.05555555555556,28.05555555555556,0.0025399999999999997,28.05555555555556,0.000254,73.0209045
2022,5,22,27.77777777777778,27.77777777777778,0.0,27.77777777777778,0.0,72.749937
2022,5,23,27.77777777777778,27.77777777777778,0.254,27.77777777777778,0.0254,74.632084
2022,5,24,27.77777777777778,27.77777777777778,0.7619999999999999,27.77777777777778,0.07619999999999999,72.20065149999999
2022,5,25,27.77777777777778,27.77777777777778,0.0025399999999999997,27.77777777777778,0.000254,71.37756999999999
2022,5,26,27.5,27.5,0.508,27.5,0.0508,76.2542175
2022,5,27,27.77777777777778,27.77777777777778,0.7619999999999999,27.77777777777778,0.07619999999999999,72.3221015
2022,5,28,28.333333333333336,28.333333333333336,0.508,28.333333333333336,0.0508,72.749937
2022,5,29,28.05555555555556,28.05555555555556,0.508,28.05555555555556,0.0508,73.68653
2022,5,30,28.05555555555556,28.05555555555556,4.064,28.05555555555556,0.4064,77.379645
2022,5,31,28.05555555555556,28.05555555555556,1.5239999999999998,28.05555555555556,0.15239999999999998,75.5864145
2022,6,1,27.77777777777778,27.77777777777778,0.0025399999999999997,27.77777777777778,0.000254,70.3596015
2022,6,2,28.05555555555556,28.05555555555556,0.0,28.05555555555556,0.0,67.8359725
2022,6,3,28.333333333333336,28.333333333333336,0.0025399999999999997,28.333333333333336,0.000254,75.683012
2022,6,4,29.166666666666668,29.166666666666668,0.0025399999999999997,29.166666666666668,0.000254,68.327732
2022,6,5,29.444444444444446,29.444444444444446,0.0,29.444444444444446,0.0,65.08115699999999
2022,6,6,29.444444444444446,29.444444444444446,0.0025399999999999997,29.444444444444446,0.000254,69.18862200000001
2022,6,7,28.88888888888889,28.88888888888889,0.0025399999999999997,28.88888888888889,0.000254,71.934414
2022,6,8,28.61111111111111,28.61111111111111,0.0025399999999999997,28.61111111111111,0.000254,72.8255015
2022,6,9,28.61111111111111,28.61111111111111,0.0,28.61111111111111,0.0,73.68653
2022,6,10,28.88888888888889,28.88888888888889,0.7619999999999999,28.88888888888889,0.07619999999999999,74.272572
2022,6,11,28.88888888888889,28.88888888888889,0.0025399999999999997,28.88888888888889,0.000254,71.170542
2022,6,12,28.61111111111111,28.61111111111111,0.0,28.61111111111111,0.0,74.272572
2022,6,13,28.88888888888889,28.88888888888889,1.778,28.88888888888889,0.1778,70.51953850000001
2022,6,14,28.05555555555556,28.05555555555556,4.064,28.05555555555556,0.4064,76.61582
2022,6,15,26.944444444444446,26.944444444444446,21.336,26.944444444444446,2.1336,83.26343750000001
2022,6,16,28.05555555555556,28.05555555555556,0.254,28.05555555555556,0.0254,81.84986
2022,6,17,28.333333333333336,28.333333333333336,0.0,28.333333333333336,0.0,75.297985
2022,6,18,28.61111111111111,28.61111111111111,0.0,28.61111111111111,0.0,72.661117
2022,6,19,28.05555555555556,28.05555555555556,0.0,28.05555555555556,0.0,75.439072
2022,6,20,28.05555555555556,28.05555555555556,4.3180000000000005,28.05555555555556,0.4318000000000001,76.6737575
2022,6,21,27.77777777777778,27.77777777777778,0.254,27.77777777777778,0.0254,80.4156
2022,6,22,28.61111111111111,28.61111111111111,0.0025399999999999997,28.61111111111111,0.000254,69.884897
2022,6,23,28.61111111111111,28.61111111111111,0.0025399999999999997,28.61111111111111,0.000254,74.9834075
2022,6,24,28.61111111111111,28.61111111111111,0.0025399999999999997,28.61111111111111,0.000254,72.661117
2022,6,25,28.333333333333336,28.333333333333336,6.35,28.333333333333336,0.635,75.370345
2022,6,26,28.333333333333336,28.333333333333336,0.0025399999999999997,28.333333333333336,0.000254,71.132555
2022,6,27,28.05555555555556,28.05555555555556,0.0025399999999999997,28.05555555555556,0.000254,72.749937
2022,6,28,28.333333333333336,28.333333333333336,2.032,28.333333333333336,0.2032,76.707837
2022,6,29,29.166666666666668,29.166666666666668,0.0025399999999999997,29.166666666666668,0.000254,74.741032
2022,6,30,28.88888888888889,28.88888888888889,0.7619999999999999,28.88888888888889,0.07619999999999999,77.583095
2022,7,1,28.61111111111111,28.61111111111111,1.016,28.61111111111111,0.1016,74.1457845
2022,7,2,26.11111111111111,26.11111111111111,43.434,26.11111111111111,4.3434,89.52897250000001
2022,7,3,26.666666666666668,26.666666666666668,8.128,26.666666666666668,0.8128,88.68515
2022,7,4,27.5,27.5,0.508,27.5,0.0508,82.74266499999999
2022,7,5,27.77777777777778,27.77777777777778,0.508,27.77777777777778,0.0508,79.4122
2022,7,6,27.5,27.5,29.464,27.5,2.9463999999999997,85.77393000000001
2022,7,7,26.38888888888889,26.38888888888889,6.35,26.38888888888889,0.635,85.963705
2022,7,8,27.222222222222225,27.222222222222225,7.619999999999999,27.222222222222225,0.7619999999999999,84.796035
2022,7,9,27.5,27.5,10.668,27.5,1.0668,90.910225
2022,7,10,28.333333333333336,28.333333333333336,1.5239999999999998,28.333333333333336,0.15239999999999998,89.733735
2022,7,11,28.05555555555556,28.05555555555556,0.0,28.05555555555556,0.0,83.745845
2022,7,12,29.166666666666668,29.166666666666668,0.0,29.166666666666668,0.0,70.5870135
2022,7,13,28.88888888888889,28.88888888888889,4.064,28.88888888888889,0.4064,75.087305
2022,7,14,28.333333333333336,28.333333333333336,9.143999999999998,28.333333333333336,0.9143999999999999,78.675907
2022,7,15,28.88888888888889,28.88888888888889,6.858,28.88888888888889,0.6858,81.6614155
2022,7,16,28.88888888888889,28.88888888888889,5.587999999999999,28.88888888888889,0.5588,79.422045
2022,7,17,28.88888888888889,28.88888888888889,0.0025399999999999997,28.88888888888889,0.000254,77.583095
2022,7,18,28.61111111111111,28.61111111111111,4.3180000000000005,28.61111111111111,0.4318000000000001,71.5212465
2022,7,19,28.333333333333336,28.333333333333336,6.095999999999999,28.333333333333336,0.6095999999999999,76.669577
2022,7,20,28.88888888888889,28.88888888888889,1.778,28.88888888888889,0.1778,78.527293
2022,7,21,26.944444444444446,26.944444444444446,19.812,26.944444444444446,1.9812,91.029645
2022,7,22,28.61111111111111,28.61111111111111,0.254,28.61111111111111,0.0254,77.486277
2022,7,23,28.333333333333336,28.333333333333336,6.095999999999999,28.333333333333336,0.6095999999999999,76.26680200000001
2022,7,24,28.61111111111111,28.61111111111111,1.016,28.61111111111111,0.1016,73.8381195
2022,7,25,28.88888888888889,28.88888888888889,1.778,28.88888888888889,0.1778,79.86975749999999
2022,7,26,28.88888888888889,28.88888888888889,0.254,28.88888888888889,0.0254,74.910755
2022,7,27,27.77777777777778,27.77777777777778,4.571999999999999,27.77777777777778,0.45719999999999994,75.72524250000001
2022,7,28,28.333333333333336,28.333333333333336,1.5239999999999998,28.333333333333336,0.15239999999999998,76.61582
2022,7,29,27.5,27.5,4.826,27.5,0.4826,78.722692
2022,7,30,28.05555555555556,28.05555555555556,18.796,28.05555555555556,1.8796,84.5563
2022,7,31,29.722222222222225,29.722222222222225,0.508,29.722222222222225,0.0508,81.88834800000001
2022,8,1,29.722222222222225,29.722222222222225,0.0,29.722222222222225,0.0,78.450478
2022,8,2,29.166666666666668,29.166666666666668,0.0025399999999999997,29.166666666666668,0.000254,77.583095
2022,8,3,28.88888888888889,28.88888888888889,0.254,28.88888888888889,0.0254,76.584655
2022,8,4,28.88888888888889,28.88888888888889,4.064,28.88888888888889,0.4064,76.009525
2022,8,5,28.88888888888889,28.88888888888889,0.7619999999999999,28.88888888888889,0.07619999999999999,73.79952399999999
2022,8,6,28.88888888888889,28.88888888888889,0.508,28.88888888888889,0.0508,77.75183000000001
2022,8,7,28.88888888888889,28.88888888888889,1.27,28.88888888888889,0.127,84.387615
2022,8,8,30.0,30.0,0.0025399999999999997,30.0,0.000254,73.223589
2022,8,9,29.722222222222225,29.722222222222225,0.0025399999999999997,29.722222222222225,0.000254,76.179248
2022,8,10,29.444444444444446,29.444444444444446,0.0025399999999999997,29.444444444444446,0.000254,73.891395
2022,8,11,28.333333333333336,28.333333333333336,6.858,28.333333333333336,0.6858,79.281992
2022,8,12,29.166666666666668,29.166666666666668,0.0025399999999999997,29.166666666666668,0.000254,72.720354
2022,8,13,29.166666666666668,29.166666666666668,0.0,29.166666666666668,0.0,72.68785199999999
2022,8,14,29.444444444444446,29.444444444444446,0.0025399999999999997,29.444444444444446,0.000254,77.26596
2022,8,15,29.722222222222225,29.722222222222225,22.86,29.722222222222225,2.286,83.10961750000001
2022,8,16,29.166666666666668,29.166666666666668,5.08,29.166666666666668,0.508,78.32243
2022,8,17,28.88888888888889,28.88888888888889,0.0,28.88888888888889,0.0,78.9300475
2022,8,18,28.61111111111111,28.61111111111111,22.605999999999998,28.61111111111111,2.2605999999999997,79.022347
2022,8,19,28.05555555555556,28.05555555555556,0.254,28.05555555555556,0.0254,83.541505
2022,8,20,27.5,27.5,13.97,27.5,1.397,86.017075
2022,8,21,27.5,27.5,18.796,27.5,1.8796,85.963705
2022,8,22,26.11111111111111,26.11111111111111,85.85199999999999,26.11111111111111,8.585199999999999,88.64031
2022,8,23,28.05555555555556,28.05555555555556,3.556,28.05555555555556,0.3556,77.792205
2022,8,24,29.722222222222225,29.722222222222225,0.254,29.722222222222225,0.0254,70.0237085
2022,8,25,28.61111111111111,28.61111111111111,15.748,28.61111111111111,1.5748,78.89139
2022,8,26,29.166666666666668,29.166666666666668,16.002,29.166666666666668,1.6001999999999998,79.22997000000001
2022,8,27,29.166666666666668,29.166666666666668,13.97,29.166666666666668,1.397,77.089575
2022,8,28,28.333333333333336,28.333333333333336,7.874,28.333333333333336,0.7874,74.74913
2022,8,29,29.444444444444446,29.444444444444446,5.334,29.444444444444446,0.5334,77.313147
2022,8,30,30.0,30.0,0.254,30.0,0.0254,77.3072925
2022,8,31,30.0,30.0,1.016,30.0,0.1016,74.32037199999999
2022,9,1,28.61111111111111,28.61111111111111,9.652,28.61111111111111,0.9652,75.51826299999999
2022,9,2,28.61111111111111,28.61111111111111,4.064,28.61111111111111,0.4064,75.923717
2022,9,3,29.166666666666668,29.166666666666668,8.382,29.166666666666668,0.8382,83.597548
2022,9,4,28.88888888888889,28.88888888888889,4.064,28.88888888888889,0.4064,84.2105255
2022,9,5,28.88888888888889,28.88888888888889,17.272000000000002,28.88888888888889,1.7272000000000003,81.8378275
2022,9,6,28.88888888888889,28.88888888888889,7.619999999999999,28.88888888888889,0.7619999999999999,78.05387999999999
2022,9,7,29.166666666666668,29.166666666666668,0.508,29.166666666666668,0.0508,75.6076795
2022,9,8,29.722222222222225,29.722222222222225,1.5239999999999998,29.722222222222225,0.15239999999999998,75.8478615
2022,9,9,28.88888888888889,28.88888888888889,27.432,28.88888888888889,2.7432,80.57587000000001
2022,9,10,28.61111111111111,28.61111111111111,39.37,28.61111111111111,3.937,83.24772
2022,9,11,28.61111111111111,28.61111111111111,0.0025399999999999997,28.61111111111111,0.000254,81.820918
2022,9,12,28.88888888888889,28.88888888888889,0.0025399999999999997,28.88888888888889,0.000254,78.381478
2022,9,13,28.88888888888889,28.88888888888889,0.0,28.88888888888889,0.0,74.73835
2022,9,14,28.88888888888889,28.88888888888889,1.5239999999999998,28.88888888888889,0.15239999999999998,77.6019095
2022,9,15,29.444444444444446,29.444444444444446,1.778,29.444444444444446,0.1778,77.4646795
2022,9,16,28.88888888888889,28.88888888888889,12.446,28.88888888888889,1.2446,84.132735
2022,9,17,27.222222222222225,27.222222222222225,35.81399999999999,27.222222222222225,3.5813999999999995,84.50292999999999
2022,9,18,26.11111111111111,26.11111111111111,104.13999999999999,26.11111111111111,10.413999999999998,89.43087
2022,9,19,25.833333333333336,25.833333333333336,41.401999999999994,25.833333333333336,4.140199999999999,90.69864
2022,9,20,29.166666666666668,29.166666666666668,0.7619999999999999,29.166666666666668,0.07619999999999999,80.80524
2022,9,21,30.0,30.0,0.0,30.0,0.0,73.840254
2022,9,22,30.55555555555556,30.55555555555556,5.587999999999999,30.55555555555556,0.5588,72.440948
2022,9,23,29.722222222222225,29.722222222222225,0.0,29.722222222222225,0.0,73.840254
2022,9,24,29.444444444444446,29.444444444444446,0.0,29.444444444444446,0.0,74.8557
2022,9,25,28.88888888888889,28.88888888888889,0.0025399999999999997,28.88888888888889,0.000254,77.8719625
2022,9,26,28.88888888888889,28.88888888888889,1.016,28.88888888888889,0.1016,77.89295
2022,9,27,28.333333333333336,28.333333333333336,0.508,28.333333333333336,0.0508,80.0242005
2022,9,28,28.05555555555556,28.05555555555556,0.7619999999999999,28.05555555555556,0.07619999999999999,77.584637
2022,9,29,27.5,27.5,18.287999999999997,27.5,1.8287999999999998,80.0242005
2022,9,30,27.77777777777778,27.77777777777778,0.0,27.77777777777778,0.0,75.852812
2022,10,1,28.88888888888889,28.88888888888889,4.571999999999999,28.88888888888889,0.45719999999999994,77.7165775
2022,10,2,30.27777777777778,30.27777777777778,0.0,30.27777777777778,0.0,69.29113799999999
2022,10,3,29.444444444444446,29.444444444444446,0.0025399999999999997,29.444444444444446,0.000254,77.22184
2022,10,4,28.88888888888889,28.88888888888889,0.0025399999999999997,28.88888888888889,0.000254,78.847773
2022,10,5,29.722222222222225,29.722222222222225,0.254,29.722222222222225,0.0254,74.1457845
2022,10,6,28.88888888888889,28.88888888888889,0.7619999999999999,28.88888888888889,0.07619999999999999,77.939212
2022,10,7,28.88888888888889,28.88888888888889,3.8099999999999996,28.88888888888889,0.38099999999999995,80.46414
2022,10,8,28.61111111111111,28.61111111111111,4.571999999999999,28.61111111111111,0.45719999999999994,79.55204499999999
2022,10,9,27.77777777777778,27.77777777777778,26.416,27.77777777777778,2.6416,82.217472
2022,10,10,27.77777777777778,27.77777777777778,0.508,27.77777777777778,0.0508,80.49881500000001
2022,10,11,29.166666666666668,29.166666666666668,3.556,29.166666666666668,0.3556,79.207705
2022,10,12,28.333333333333336,28.333333333333336,4.064,28.333333333333336,0.4064,78.74392499999999
2022,10,13,28.05555555555556,28.05555555555556,0.508,28.05555555555556,0.0508,77.73605749999999
2022,10,14,28.61111111111111,28.61111111111111,0.254,28.61111111111111,0.0254,76.38147000000001
2022,10,15,28.61111111111111,28.61111111111111,0.508,28.61111111111111,0.0508,75.01108500000001
2022,10,16,28.333333333333336,28.333333333333336,0.7619999999999999,28.333333333333336,0.07619999999999999,79.84877
2022,10,17,28.333333333333336,28.333333333333336,0.0025399999999999997,28.333333333333336,0.000254,78.8213845
2022,10,18,29.444444444444446,29.444444444444446,0.0025399999999999997,29.444444444444446,0.000254,72.058201
2022,10,19,29.166666666666668,29.166666666666668,0.0,29.166666666666668,0.0,72.68785199999999
2022,10,20,28.61111111111111,28.61111111111111,5.842,28.61111111111111,0.5841999999999999,80.55048500000001
2022,10,21,28.61111111111111,28.61111111111111,0.508,28.61111111111111,0.0508,76.38147000000001
2022,10,22,28.333333333333336,28.333333333333336,8.889999999999999,28.333333333333336,0.8889999999999999,79.281992
2022,10,23,27.77777777777778,27.77777777777778,5.08,27.77777777777778,0.508,79.55204499999999
2022,10,24,28.61111111111111,28.61111111111111,1.016,28.61111111111111,0.1016,77.59494000000001
2022,10,25,29.722222222222225,29.722222222222225,1.016,29.722222222222225,0.1016,75.399542
2022,10,26,25.833333333333336,25.833333333333336,53.593999999999994,25.833333333333336,5.359399999999999,90.450452
2022,10,27,25.833333333333336,25.833333333333336,33.274,25.833333333333336,3.3274,90.725375
2022,10,28,27.5,27.5,0.254,27.5,0.0254,83.420288
2022,10,29,29.166666666666668,29.166666666666668,2.2859999999999996,29.166666666666668,0.22859999999999997,77.287762
2022,10,30,27.77777777777778,27.77777777777778,4.826,27.77777777777778,0.4826,80.60804
2022,10,31,28.05555555555556,28.05555555555556,0.7619999999999999,28.05555555555556,0.07619999999999999,81.6217375
2022,11,1,28.61111111111111,28.61111111111111,6.604,28.61111111111111,0.6604,82.9374325
2022,11,2,28.61111111111111,28.61111111111111,2.7939999999999996,28.61111111111111,0.2794,79.281992
2022,11,3,28.05555555555556,28.05555555555556,1.27,28.05555555555556,0.127,79.55204499999999
2022,11,4,26.944444444444446,26.944444444444446,2.7939999999999996,26.944444444444446,0.2794,76.46994000000001
2022,11,5,24.444444444444446,24.444444444444446,81.02599999999998,24.444444444444446,8.102599999999999,91.016705
2022,11,6,28.61111111111111,28.61111111111111,0.0025399999999999997,28.61111111111111,0.000254,71.4935835
2022,11,7,29.166666666666668,29.166666666666668,0.7619999999999999,29.166666666666668,0.07619999999999999,73.46831499999999
2022,11,8,28.61111111111111,28.61111111111111,0.508,28.61111111111111,0.0508,75.590407
2022,11,9,29.722222222222225,29.722222222222225,0.0025399999999999997,29.722222222222225,0.000254,73.36324350000001
2022,11,10,28.61111111111111,28.61111111111111,0.0025399999999999997,28.61111111111111,0.000254,75.351742
2022,11,11,27.5,27.5,3.302,27.5,0.3302,77.778785
2022,11,12,27.77777777777778,27.77777777777778,3.302,27.77777777777778,0.3302,81.6217375
2022,11,13,27.77777777777778,27.77777777777778,2.2859999999999996,27.77777777777778,0.22859999999999997,81.5031725
2022,11,14,28.333333333333336,28.333333333333336,0.254,28.333333333333336,0.0254,78.87040250000001
2022,11,15,27.5,27.5,18.287999999999997,27.5,1.8287999999999998,81.153885
2022,11,16,27.77777777777778,27.77777777777778,1.5239999999999998,27.77777777777778,0.15239999999999998,75.569142
2022,11,17,27.77777777777778,27.77777777777778,5.08,27.77777777777778,0.508,80.4156
2022,11,18,27.222222222222225,27.222222222222225,2.54,27.222222222222225,0.254,77.787775
2022,11,19,27.5,27.5,2.54,27.5,0.254,78.00292999999999
2022,11,20,27.77777777777778,27.77777777777778,6.095999999999999,27.77777777777778,0.6095999999999999,77.584637
2022,11,21,27.5,27.5,2.032,27.5,0.2032,79.00632999999999
2022,11,22,27.77777777777778,27.77777777777778,1.778,27.77777777777778,0.1778,76.594587
2022,11,23,27.5,27.5,7.619999999999999,27.5,0.7619999999999999,80.50146699999999
2022,11,24,27.5,27.5,2.032,27.5,0.2032,80.40134499999999
2022,11,25,27.5,27.5,1.27,27.5,0.127,81.902037
2022,11,26,27.5,27.5,3.0479999999999996,27.5,0.30479999999999996,80.40134499999999
2022,11,27,26.944444444444446,26.944444444444446,0.254,26.944444444444446,0.0254,75.41176
2022,11,28,27.77777777777778,27.77777777777778,0.0025399999999999997,27.77777777777778,0.000254,75.29031
2022,11,29,27.222222222222225,27.222222222222225,2.7939999999999996,27.222222222222225,0.2794,76.00813
2022,11,30,27.222222222222225,27.222222222222225,1.5239999999999998,27.222222222222225,0.15239999999999998,75.902027
2022,12,1,26.944444444444446,26.944444444444446,1.27,26.944444444444446,0.127,77.229153
2022,12,2,27.222222222222225,27.222222222222225,0.7619999999999999,27.222222222222225,0.07619999999999999,71.283532
2022,12,3,26.38888888888889,26.38888888888889,2.032,26.38888888888889,0.2032,72.0941295
2022,12,4,26.38888888888889,26.38888888888889,4.571999999999999,26.38888888888889,0.45719999999999994,70.4819715
2022,12,5,26.11111111111111,26.11111111111111,7.874,26.11111111111111,0.7874,75.29147900000001
2022,12,6,27.5,27.5,0.254,27.5,0.0254,64.91137
2022,12,7,26.11111111111111,26.11111111111111,0.7619999999999999,26.11111111111111,0.07619999999999999,71.15102949999999
2022,12,8,27.222222222222225,27.222222222222225,0.0025399999999999997,27.222222222222225,0.000254,62.19296799999999
2022,12,9,25.833333333333336,25.833333333333336,1.016,25.833333333333336,0.1016,69.381923
2022,12,10,25.55555555555556,25.55555555555556,1.016,25.55555555555556,0.1016,72.310388
2022,12,11,26.11111111111111,26.11111111111111,0.508,26.11111111111111,0.0508,73.975127
2022,12,12,25.55555555555556,25.55555555555556,0.0025399999999999997,25.55555555555556,0.000254,71.040625
2022,12,13,24.722222222222225,24.722222222222225,0.508,24.722222222222225,0.0508,71.04216
2022,12,14,25.55555555555556,25.55555555555556,0.0025399999999999997,25.55555555555556,0.000254,72.168372
2022,12,15,26.11111111111111,26.11111111111111,0.0025399999999999997,26.11111111111111,0.000254,74.8011875
2022,12,16,26.38888888888889,26.38888888888889,10.668,26.38888888888889,1.0668,81.56074000000001
2022,12,17,25.55555555555556,25.55555555555556,23.113999999999997,25.55555555555556,2.3114,86.6908425
2022,12,18,26.666666666666668,26.666666666666668,0.0025399999999999997,26.666666666666668,0.000254,77.37325799999999
2022,12,19,26.11111111111111,26.11111111111111,0.0025399999999999997,26.11111111111111,0.000254,78.32599400000001
2022,12,20,26.11111111111111,26.11111111111111,12.446,26.11111111111111,1.2446,81.75354
2022,12,21,26.666666666666668,26.666666666666668,10.921999999999999,26.666666666666668,1.0921999999999998,78.1152525
2022,12,22,26.38888888888889,26.38888888888889,0.0025399999999999997,26.38888888888889,0.000254,74.34677500000001
2022,12,23,26.944444444444446,26.944444444444446,0.7619999999999999,26.944444444444446,0.07619999999999999,69.991015
2022,12,24,26.944444444444446,26.944444444444446,0.508,26.944444444444446,0.0508,75.033165
2022,12,25,26.11111111111111,26.11111111111111,0.7619999999999999,26.11111111111111,0.07619999999999999,75.96331599999999
2022,12,26,26.38888888888889,26.38888888888889,4.3180000000000005,26.38888888888889,0.4318000000000001,79.12233
2022,12,27,26.944444444444446,26.944444444444446,0.0,26.944444444444446,0.0,74.962543
2022,12,28,26.944444444444446,26.944444444444446,1.5239999999999998,26.944444444444446,0.15239999999999998,77.28530699999999
2022,12,29,26.666666666666668,26.666666666666668,4.3180000000000005,26.666666666666668,0.4318000000000001,80.40485699999999
2022,12,30,26.11111111111111,26.11111111111111,2.2859999999999996,26.11111111111111,0.22859999999999997,81.254035
2022,12,31,26.11111111111111,26.11111111111111,2.2859999999999996,26.11111111111111,0.22859999999999997,75.845873
2023,1,1,26.11111111111111,26.11111111111111,10.668,26.11111111111111,1.0668,81.019548
2023,1,2,25.833333333333336,25.833333333333336,0.254,25.833333333333336,0.0254,79.462355
2023,1,3,25.833333333333336,25.833333333333336,10.921999999999999,25.833333333333336,1.0921999999999998,76.91605200000001
2023,1,4,24.166666666666668,24.166666666666668,24.383999999999997,24.166666666666668,2.4383999999999997,86.62245
2023,1,5,25.833333333333336,25.833333333333336,4.826,25.833333333333336,0.4826,80.29669799999999
2023,1,6,26.11111111111111,26.11111111111111,7.874,26.11111111111111,0.7874,76.243278
2023,1,7,25.27777777777778,25.27777777777778,9.906,25.27777777777778,0.9906,85.160167
2023,1,8,26.11111111111111,26.11111111111111,3.556,26.11111111111111,0.3556,83.13509300000001
2023,1,9,25.55555555555556,25.55555555555556,0.254,25.55555555555556,0.0254,78.4751735
2023,1,10,26.11111111111111,26.11111111111111,0.0025399999999999997,26.11111111111111,0.000254,78.1159055
2023,1,11,25.833333333333336,25.833333333333336,7.619999999999999,25.833333333333336,0.7619999999999999,81.57427
2023,1,12,25.833333333333336,25.833333333333336,0.0025399999999999997,25.833333333333336,0.000254,81.69311
2023,1,13,26.11111111111111,26.11111111111111,1.5239999999999998,26.11111111111111,0.15239999999999998,72.934303
2023,1,14,26.666666666666668,26.666666666666668,0.508,26.666666666666668,0.0508,68.425196
2023,1,15,25.833333333333336,25.833333333333336,21.081999999999997,25.833333333333336,2.1081999999999996,75.93146999999999
2023,1,16,23.333333333333336,23.333333333333336,10.16,23.333333333333336,1.016,75.987428
2023,1,17,26.11111111111111,26.11111111111111,0.0,26.11111111111111,0.0,58.5208485
2023,1,18,25.0,25.0,0.254,25.0,0.0254,66.5076015
2023,1,19,25.833333333333336,25.833333333333336,0.508,25.833333333333336,0.0508,80.6942775
2023,1,20,25.833333333333336,25.833333333333336,0.0025399999999999997,25.833333333333336,0.000254,74.290621
2023,1,21,25.55555555555556,25.55555555555556,2.54,25.55555555555556,0.254,73.0158065
2023,1,22,26.11111111111111,26.11111111111111,0.0025399999999999997,26.11111111111111,0.000254,72.339884
2023,1,23,26.11111111111111,26.11111111111111,0.0,26.11111111111111,0.0,66.55349
2023,1,24,26.11111111111111,26.11111111111111,1.016,26.11111111111111,0.1016,76.7779885
2023,1,25,25.27777777777778,25.27777777777778,1.016,25.27777777777778,0.1016,76.4913325
2023,1,26,26.11111111111111,26.11111111111111,0.7619999999999999,26.11111111111111,0.07619999999999999,74.4745865
2023,1,27,25.55555555555556,25.55555555555556,10.668,25.55555555555556,1.0668,79.422358
2023,1,28,25.27777777777778,25.27777777777778,3.0479999999999996,25.27777777777778,0.30479999999999996,71.039028
2023,1,29,25.27777777777778,25.27777777777778,7.366,25.27777777777778,0.7365999999999999,78.4638585
2023,1,30,26.11111111111111,26.11111111111111,1.27,26.11111111111111,0.127,71.12089
2023,1,31,26.11111111111111,26.11111111111111,1.016,26.11111111111111,0.1016,64.25174150000001
2023,2,1,25.55555555555556,25.55555555555556,9.906,25.55555555555556,0.9906,75.62863300000001
2023,2,2,26.11111111111111,26.11111111111111,4.3180000000000005,26.11111111111111,0.4318000000000001,76.3540805
2023,2,3,25.833333333333336,25.833333333333336,1.5239999999999998,25.833333333333336,0.15239999999999998,75.96331599999999
2023,2,4,25.27777777777778,25.27777777777778,3.8099999999999996,25.27777777777778,0.38099999999999995,77.93496999999999
2023,2,5,25.833333333333336,25.833333333333336,1.27,25.833333333333336,0.127,79.838685
2023,2,6,25.833333333333336,25.833333333333336,0.0,25.833333333333336,0.0,74.14856499999999
2023,2,7,26.11111111111111,26.11111111111111,4.064,26.11111111111111,0.4064,76.4913325
2023,2,8,26.11111111111111,26.11111111111111,4.064,26.11111111111111,0.4064,79.41018249999999
2023,2,9,26.11111111111111,26.11111111111111,5.842,26.11111111111111,0.5841999999999999,76.628809
2023,2,10,26.38888888888889,26.38888888888889,4.064,26.38888888888889,0.4064,74.1219435
2023,2,11,25.27777777777778,25.27777777777778,1.27,25.27777777777778,0.127,72.011337
2023,2,12,25.833333333333336,25.833333333333336,0.7619999999999999,25.833333333333336,0.07619999999999999,70.2463615
2023,2,13,25.833333333333336,25.833333333333336,0.508,25.833333333333336,0.0508,75.894396
2023,2,14,26.11111111111111,26.11111111111111,0.508,26.11111111111111,0.0508,79.2956505
2023,2,15,25.833333333333336,25.833333333333336,2.2859999999999996,25.833333333333336,0.22859999999999997,76.3540805
2023,2,16,25.833333333333336,25.833333333333336,11.937999999999999,25.833333333333336,1.1938,82.641512
2023,2,17,26.11111111111111,26.11111111111111,0.0025399999999999997,26.11111111111111,0.000254,67.3597
2023,2,18,25.833333333333336,25.833333333333336,1.5239999999999998,25.833333333333336,0.15239999999999998,70.544655
2023,2,19,25.55555555555556,25.55555555555556,2.032,25.55555555555556,0.2032,69.3445
2023,2,20,25.27777777777778,25.27777777777778,0.7619999999999999,25.27777777777778,0.07619999999999999,68.82242500000001
2023,2,21,24.722222222222225,24.722222222222225,0.7619999999999999,24.722222222222225,0.07619999999999999,69.4382675
2023,2,22,26.11111111111111,26.11111111111111,0.254,26.11111111111111,0.0254,71.318228
2023,2,23,26.38888888888889,26.38888888888889,1.5239999999999998,26.38888888888889,0.15239999999999998,77.39207999999999
2023,2,24,26.38888888888889,26.38888888888889,0.508,26.38888888888889,0.0508,69.69244499999999
2023,2,25,26.11111111111111,26.11111111111111,1.27,26.11111111111111,0.127,73.851447
2023,2,26,25.0,25.0,0.7619999999999999,25.0,0.07619999999999999,68.82242500000001
2023,2,27,25.0,25.0,0.0,25.0,0.0,71.04216
2023,2,28,25.0,25.0,0.0,25.0,0.0,69.24130149999999
2023,3,1,25.27777777777778,25.27777777777778,1.016,25.27777777777778,0.1016,67.534155
2023,3,2,26.11111111111111,26.11111111111111,0.0025399999999999997,26.11111111111111,0.000254,70.1856615
2023,3,3,26.38888888888889,26.38888888888889,0.0025399999999999997,26.38888888888889,0.000254,73.972764
2023,3,4,26.38888888888889,26.38888888888889,0.0025399999999999997,26.38888888888889,0.000254,71.05288
2023,3,5,26.11111111111111,26.11111111111111,0.7619999999999999,26.11111111111111,0.07619999999999999,74.718235
2023,3,6,25.833333333333336,25.833333333333336,0.254,25.833333333333336,0.0254,73.597807
2023,3,7,26.666666666666668,26.666666666666668,1.016,26.666666666666668,0.1016,64.5661285
2023,3,8,25.55555555555556,25.55555555555556,0.0,25.55555555555556,0.0,70.368972
2023,3,9,26.11111111111111,26.11111111111111,0.254,26.11111111111111,0.0254,72.30164
2023,3,10,25.833333333333336,25.833333333333336,0.0025399999999999997,25.833333333333336,0.000254,60.93155850000001
2023,3,11,24.444444444444446,24.444444444444446,0.0025399999999999997,24.444444444444446,0.000254,70.548783
2023,3,12,24.722222222222225,24.722222222222225,0.0025399999999999997,24.722222222222225,0.000254,68.27387999999999
2023,3,13,25.55555555555556,25.55555555555556,0.0,25.55555555555556,0.0,67.534155
2023,3,14,25.55555555555556,25.55555555555556,0.0,25.55555555555556,0.0,76.667787
2023,3,15,25.0,25.0,40.13199999999999,25.0,4.013199999999999,86.983532
2023,3,16,26.38888888888889,26.38888888888889,0.254,26.38888888888889,0.0254,76.231963
2023,3,17,25.0,25.0,0.508,25.0,0.0508,75.216585
2023,3,18,24.722222222222225,24.722222222222225,0.0025399999999999997,24.722222222222225,0.000254,59.620781
2023,3,19,25.833333333333336,25.833333333333336,0.0025399999999999997,25.833333333333336,0.000254,74.94586000000001
2023,3,20,26.11111111111111,26.11111111111111,0.0025399999999999997,26.11111111111111,0.000254,75.243357
2023,3,21,26.38888888888889,26.38888888888889,0.7619999999999999,26.38888888888889,0.07619999999999999,77.76517000000001
2023,3,22,25.833333333333336,25.833333333333336,3.8099999999999996,25.833333333333336,0.38099999999999995,78.204677
2023,3,23,25.833333333333336,25.833333333333336,0.0025399999999999997,25.833333333333336,0.000254,63.5892035
2023,3,24,25.55555555555556,25.55555555555556,2.032,25.55555555555556,0.2032,67.549105
2023,3,25,25.55555555555556,25.55555555555556,0.508,25.55555555555556,0.0508,73.00856
2023,3,26,26.11111111111111,26.11111111111111,0.0025399999999999997,26.11111111111111,0.000254,66.66165649999999
2023,3,27,25.0,25.0,1.016,25.0,0.1016,72.218567
2023,3,28,25.833333333333336,25.833333333333336,0.0025399999999999997,25.833333333333336,0.000254,72.218567
2023,3,29,26.11111111111111,26.11111111111111,1.27,26.11111111111111,0.127,71.028083
2023,3,30,26.38888888888889,26.38888888888889,3.556,26.38888888888889,0.3556,73.4901185
2023,3,31,25.833333333333336,25.833333333333336,0.0025399999999999997,25.833333333333336,0.000254,69.286732
2023,4,1,25.833333333333336,25.833333333333336,0.254,25.833333333333336,0.0254,68.19671
2023,4,2,26.38888888888889,26.38888888888889,0.508,26.38888888888889,0.0508,74.317156
2023,4,3,26.38888888888889,26.38888888888889,0.0025399999999999997,26.38888888888889,0.000254,68.843323
2023,4,4,26.666666666666668,26.666666666666668,1.016,26.666666666666668,0.1016,71.634283
2023,4,5,24.722222222222225,24.722222222222225,2.032,24.722222222222225,0.2032,82.428818
2023,4,6,25.0,25.0,0.0025399999999999997,25.0,0.000254,73.01669
2023,4,7,23.88888888888889,23.88888888888889,10.16,23.88888888888889,1.016,81.931242
2023,4,8,23.05555555555556,23.05555555555556,52.324,23.05555555555556,5.2324,88.0965425
2023,4,9,25.0,25.0,0.0025399999999999997,25.0,0.000254,79.791902
2023,4,10,25.55555555555556,25.55555555555556,0.0025399999999999997,25.55555555555556,0.000254,80.230915
2023,4,11,26.666666666666668,26.666666666666668,0.0025399999999999997,26.666666666666668,0.000254,71.261608
2023,4,12,26.666666666666668,26.666666666666668,0.0025399999999999997,26.666666666666668,0.000254,72.0675945
2023,4,13,26.38888888888889,26.38888888888889,0.0025399999999999997,26.38888888888889,0.000254,75.5124
2023,4,14,26.11111111111111,26.11111111111111,0.0025399999999999997,26.11111111111111,0.000254,73.0891345
2023,4,15,26.11111111111111,26.11111111111111,1.778,26.11111111111111,0.1778,80.537227
2023,4,16,25.833333333333336,25.833333333333336,3.8099999999999996,25.833333333333336,0.38099999999999995,80.29669799999999
2023,4,17,25.55555555555556,25.55555555555556,0.508,25.55555555555556,0.0508,77.322125
2023,4,18,25.55555555555556,25.55555555555556,0.7619999999999999,25.55555555555556,0.07619999999999999,75.3925365
2023,4,19,26.666666666666668,26.666666666666668,0.0025399999999999997,26.666666666666668,0.000254,71.23977500000001
2023,4,20,26.666666666666668,26.666666666666668,0.0025399999999999997,26.666666666666668,0.000254,70.257168
2023,4,21,26.38888888888889,26.38888888888889,1.27,26.38888888888889,0.127,69.7963045
2023,4,22,26.11111111111111,26.11111111111111,9.398,26.11111111111111,0.9398,76.1604565
2023,4,23,26.38888888888889,26.38888888888889,30.479999999999997,26.38888888888889,3.0479999999999996,80.2064345
2023,4,24,25.55555555555556,25.55555555555556,0.0,25.55555555555556,0.0,79.3988675
2023,4,25,26.11111111111111,26.11111111111111,0.0025399999999999997,26.11111111111111,0.000254,71.76094450000001
2023,4,26,26.666666666666668,26.666666666666668,4.3180000000000005,26.666666666666668,0.4318000000000001,73.08165249999999
2023,4,27,27.222222222222225,27.222222222222225,0.0025399999999999997,27.222222222222225,0.000254,76.42784
2023,4,28,26.38888888888889,26.38888888888889,19.812,26.38888888888889,1.9812,84.8427775
2023,4,29,26.944444444444446,26.944444444444446,1.016,26.944444444444446,0.1016,80.55637
2023,4,30,28.61111111111111,28.61111111111111,0.0025399999999999997,28.61111111111111,0.000254,69.70648
2023,5,1,29.166666666666668,29.166666666666668,0.0025399999999999997,29.166666666666668,0.000254,68.638115
2023,5,2,29.166666666666668,29.166666666666668,0.0025399999999999997,29.166666666666668,0.000254,70.4315175
2023,5,3,28.333333333333336,28.333333333333336,0.0025399999999999997,28.333333333333336,0.000254,71.724027
2023,5,4,28.61111111111111,28.61111111111111,0.0025399999999999997,28.61111111111111,0.000254,66.944289
2023,5,5,29.166666666666668,29.166666666666668,0.0,29.166666666666668,0.0,69.53713
2023,5,6,28.88888888888889,28.88888888888889,0.0025399999999999997,28.88888888888889,0.000254,65.637765
2023,5,7,27.5,27.5,0.0,27.5,0.0,71.735232
2023,5,8,27.77777777777778,27.77777777777778,0.0025399999999999997,27.77777777777778,0.000254,72.494945
2023,5,9,29.722222222222225,29.722222222222225,0.0025399999999999997,29.722222222222225,0.000254,67.356252
2023,5,10,29.444444444444446,29.444444444444446,0.0,29.444444444444446,0.0,62.938812
2023,5,11,28.333333333333336,28.333333333333336,0.0025399999999999997,28.333333333333336,0.000254,70.623485
2023,5,12,27.222222222222225,27.222222222222225,5.08,27.222222222222225,0.508,74.34978699999999
2023,5,13,27.222222222222225,27.222222222222225,11.43,27.222222222222225,1.143,80.2124675
2023,5,14,27.5,27.5,0.0025399999999999997,27.5,0.000254,73.82923149999999
2023,5,15,28.61111111111111,28.61111111111111,0.0025399999999999997,28.61111111111111,0.000254,65.563605
2023,5,16,27.222222222222225,27.222222222222225,0.0025399999999999997,27.222222222222225,0.000254,71.28814299999999
2023,5,17,29.722222222222225,29.722222222222225,0.254,29.722222222222225,0.0254,66.8858175
2023,5,18,28.333333333333336,28.333333333333336,0.508,28.333333333333336,0.0508,72.837917
2023,5,19,26.944444444444446,26.944444444444446,69.342,26.944444444444446,6.9342,82.93744000000001
2023,5,20,27.222222222222225,27.222222222222225,6.858,27.222222222222225,0.6858,78.28749499999999
2023,5,21,28.05555555555556,28.05555555555556,0.254,28.05555555555556,0.0254,74.083252
2023,5,22,28.333333333333336,28.333333333333336,1.5239999999999998,28.333333333333336,0.15239999999999998,73.833207
2023,5,23,29.166666666666668,29.166666666666668,0.0025399999999999997,29.166666666666668,0.000254,68.638115
2023,5,24,28.333333333333336,28.333333333333336,0.0025399999999999997,28.333333333333336,0.000254,77.719292
2023,5,25,28.88888888888889,28.88888888888889,0.0025399999999999997,28.88888888888889,0.000254,69.598766
2023,5,26,29.166666666666668,29.166666666666668,3.0479999999999996,29.166666666666668,0.30479999999999996,71.64854
2023,5,27,29.166666666666668,29.166666666666668,0.0025399999999999997,29.166666666666668,0.000254,75.351742
2023,5,28,28.88888888888889,28.88888888888889,0.0025399999999999997,28.88888888888889,0.000254,72.238575
2023,5,29,27.77777777777778,27.77777777777778,1.5239999999999998,27.77777777777778,0.15239999999999998,71.61739
2023,5,30,27.222222222222225,27.222222222222225,1.778,27.222222222222225,0.1778,81.16143
2023,5,31,29.166666666666668,29.166666666666668,0.0025399999999999997,29.166666666666668,0.000254,72.332495
2023,6,1,29.722222222222225,29.722222222222225,0.0025399999999999997,29.722222222222225,0.000254,71.708523
2023,6,2,30.27777777777778,30.27777777777778,0.0,30.27777777777778,0.0,71.23107
2023,6,3,30.833333333333336,30.833333333333336,0.0,30.833333333333336,0.0,67.889313
2023,6,4,31.111111111111114,31.111111111111114,0.0,31.111111111111114,0.0,67.387398
2023,6,5,31.111111111111114,31.111111111111114,0.0025399999999999997,31.111111111111114,0.000254,67.387398
2023,6,6,30.27777777777778,30.27777777777778,0.0,30.27777777777778,0.0,66.8720175
2023,6,7,30.0,30.0,0.0,30.0,0.0,69.699301
2023,6,8,30.55555555555556,30.55555555555556,0.0,30.55555555555556,0.0,64.4600235
2023,6,9,30.833333333333336,30.833333333333336,0.254,30.833333333333336,0.0254,69.116647
2023,6,10,30.833333333333336,30.833333333333336,0.254,30.833333333333336,0.0254,71.698398
2023,6,11,30.0,30.0,0.0025399999999999997,30.0,0.000254,70.0237085
2023,6,12,29.444444444444446,29.444444444444446,4.826,29.444444444444446,0.4826,74.896494
2023,6,13,29.444444444444446,29.444444444444446,1.27,29.444444444444446,0.127,75.551795
2023,6,14,30.833333333333336,30.833333333333336,0.0025399999999999997,30.833333333333336,0.000254,64.27515600000001
2023,6,15,30.833333333333336,30.833333333333336,0.0,30.833333333333336,0.0,68.97890100000001
2023,6,16,30.0,30.0,0.0025399999999999997,30.0,0.000254,71.708523
2023,6,17,28.88888888888889,28.88888888888889,0.254,28.88888888888889,0.0254,71.808315
2023,6,18,29.444444444444446,29.444444444444446,10.16,29.444444444444446,1.016,70.644285
2023,6,19,29.166666666666668,29.166666666666668,0.0025399999999999997,29.166666666666668,0.000254,73.69866999999999
2023,6,20,29.444444444444446,29.444444444444446,0.0025399999999999997,29.444444444444446,0.000254,69.90979150000001
2023,6,21,30.27777777777778,30.27777777777778,6.604,30.27777777777778,0.6604,77.8366465
2023,6,22,29.722222222222225,29.722222222222225,0.0025399999999999997,29.722222222222225,0.000254,75.686998
2023,6,23,28.61111111111111,28.61111111111111,10.16,28.61111111111111,1.016,76.788298
2023,6,24,28.333333333333336,28.333333333333336,4.3180000000000005,28.333333333333336,0.4318000000000001,76.7522725
2023,6,25,28.88888888888889,28.88888888888889,2.7939999999999996,28.88888888888889,0.2794,77.6019095
2023,6,26,28.88888888888889,28.88888888888889,1.016,28.88888888888889,0.1016,74.251307
2023,6,27,29.166666666666668,29.166666666666668,0.254,29.166666666666668,0.0254,75.02542299999999
2023,6,28,29.166666666666668,29.166666666666668,15.239999999999998,29.166666666666668,1.5239999999999998,81.62979999999999
2023,6,29,27.222222222222225,27.222222222222225,1.016,27.222222222222225,0.1016,81.600675
2023,6,30,30.0,30.0,0.0025399999999999997,30.0,0.000254,73.890871
2023,7,1,30.0,30.0,0.0025399999999999997,30.0,0.000254,70.096322
2023,7,2,30.27777777777778,30.27777777777778,0.0025399999999999997,30.27777777777778,0.000254,71.384103
2023,7,3,29.444444444444446,29.444444444444446,0.7619999999999999,29.444444444444446,0.07619999999999999,77.313147
2023,7,4,28.05555555555556,28.05555555555556,5.587999999999999,28.05555555555556,0.5588,85.470335
2023,7,5,29.444444444444446,29.444444444444446,0.0,29.444444444444446,0.0,76.070043
2023,7,6,29.444444444444446,29.444444444444446,0.0025399999999999997,29.444444444444446,0.000254,71.6339915
2023,7,7,29.166666666666668,29.166666666666668,0.0025399999999999997,29.166666666666668,0.000254,75.98307700000001
2023,7,8,27.77777777777778,27.77777777777778,40.13199999999999,27.77777777777778,4.013199999999999,87.21264500000001
2023,7,9,28.05555555555556,28.05555555555556,4.064,28.05555555555556,0.4064,84.1818925
2023,7,10,28.61111111111111,28.61111111111111,0.0,28.61111111111111,0.0,83.229915
2023,7,11,29.722222222222225,29.722222222222225,0.254,29.722222222222225,0.0254,77.811475
2023,7,12,28.61111111111111,28.61111111111111,16.764,28.61111111111111,1.6764,83.12727799999999
2023,7,13,29.444444444444446,29.444444444444446,2.7939999999999996,29.444444444444446,0.2794,77.958367
2023,7,14,29.444444444444446,29.444444444444446,0.0025399999999999997,29.444444444444446,0.000254,74.073115
2023,7,15,29.166666666666668,29.166666666666668,1.5239999999999998,29.166666666666668,0.15239999999999998,79.17044
2023,7,16,29.444444444444446,29.444444444444446,0.0025399999999999997,29.444444444444446,0.000254,80.31430499999999
2023,7,17,28.88888888888889,28.88888888888889,1.016,28.88888888888889,0.1016,77.05803499999999
2023,7,18,29.722222222222225,29.722222222222225,3.302,29.722222222222225,0.3302,80.742385
2023,7,19,30.27777777777778,30.27777777777778,2.032,30.27777777777778,0.2032,76.074
2023,7,20,29.166666666666668,29.166666666666668,0.0025399999999999997,29.166666666666668,0.000254,76.64135999999999
2023,7,21,29.166666666666668,29.166666666666668,0.0025399999999999997,29.166666666666668,0.000254,75.505705
2023,7,22,30.27777777777778,30.27777777777778,0.0025399999999999997,30.27777777777778,0.000254,65.193055
2023,7,23,29.722222222222225,29.722222222222225,0.0025399999999999997,29.722222222222225,0.000254,73.05810149999999
2023,7,24,29.444444444444446,29.444444444444446,0.0025399999999999997,29.444444444444446,0.000254,75.209395
2023,7,25,27.77777777777778,27.77777777777778,19.304,27.77777777777778,1.9304,83.354895
2023,7,26,29.166666666666668,29.166666666666668,1.5239999999999998,29.166666666666668,0.15239999999999998,77.4997165
2023,7,27,28.61111111111111,28.61111111111111,2.032,28.61111111111111,0.2032,78.78833
2023,7,28,29.166666666666668,29.166666666666668,0.0025399999999999997,29.166666666666668,0.000254,76.320405
2023,7,29,29.444444444444446,29.444444444444446,0.0025399999999999997,29.444444444444446,0.000254,77.256335
2023,7,30,29.444444444444446,29.444444444444446,0.0025399999999999997,29.444444444444446,0.000254,77.773305
2023,7,31,28.88888888888889,28.88888888888889,0.7619999999999999,28.88888888888889,0.07619999999999999,79.152017
2023,8,1,28.61111111111111,28.61111111111111,11.937999999999999,28.61111111111111,1.1938,80.97203
2023,8,2,28.88888888888889,28.88888888888889,0.0025399999999999997,28.88888888888889,0.000254,80.34684
2023,8,3,28.88888888888889,28.88888888888889,0.254,28.88888888888889,0.0254,78.7645
2023,8,4,29.722222222222225,29.722222222222225,0.0025399999999999997,29.722222222222225,0.000254,73.567982
2023,8,5,29.722222222222225,29.722222222222225,0.0025399999999999997,29.722222222222225,0.000254,78.172595
2023,8,6,30.27777777777778,30.27777777777778,12.953999999999999,30.27777777777778,1.2953999999999999,77.69556850000001
2023,8,7,29.722222222222225,29.722222222222225,26.162,29.722222222222225,2.6162,82.187568
2023,8,8,29.722222222222225,29.722222222222225,2.2859999999999996,29.722222222222225,0.22859999999999997,84.2344875
2023,8,9,30.0,30.0,0.0025399999999999997,30.0,0.000254,79.2964
2023,8,10,30.833333333333336,30.833333333333336,0.254,30.833333333333336,0.0254,72.38186
2023,8,11,30.27777777777778,30.27777777777778,0.0025399999999999997,30.27777777777778,0.000254,74.21812
2023,8,12,28.61111111111111,28.61111111111111,14.732,28.61111111111111,1.4731999999999998,80.174721
2023,8,13,28.88888888888889,28.88888888888889,8.382,28.88888888888889,0.8382,77.59657
2023,8,14,29.166666666666668,29.166666666666668,0.0025399999999999997,29.166666666666668,0.000254,81.395693
2023,8,15,30.27777777777778,30.27777777777778,0.0025399999999999997,30.27777777777778,0.000254,73.982895
2023,8,16,30.0,30.0,0.0,30.0,0.0,74.99234
2023,8,17,29.166666666666668,29.166666666666668,4.064,29.166666666666668,0.4064,80.34684
2023,8,18,28.05555555555556,28.05555555555556,10.921999999999999,28.05555555555556,1.0921999999999998,81.883263
2023,8,19,29.722222222222225,29.722222222222225,2.032,29.722222222222225,0.2032,80.383573
2023,8,20,28.88888888888889,28.88888888888889,6.095999999999999,28.88888888888889,0.6095999999999999,83.04493
2023,8,21,27.222222222222225,27.222222222222225,4.571999999999999,27.222222222222225,0.45719999999999994,85.32114250000001
2023,8,22,26.666666666666668,26.666666666666668,1.016,26.666666666666668,0.1016,85.18363500000001
2023,8,23,29.444444444444446,29.444444444444446,0.0,29.444444444444446,0.0,73.8065015
2023,8,24,31.666666666666668,31.666666666666668,0.0025399999999999997,31.666666666666668,0.000254,68.6768455
2023,8,25,29.166666666666668,29.166666666666668,0.0025399999999999997,29.166666666666668,0.000254,76.03106
2023,8,26,30.0,30.0,5.334,30.0,0.5334,74.730365
2023,8,27,30.27777777777778,30.27777777777778,0.0025399999999999997,30.27777777777778,0.000254,73.74788
2023,8,28,31.38888888888889,31.38888888888889,0.0,31.38888888888889,0.0,66.994287
2023,8,29,30.27777777777778,30.27777777777778,0.0,30.27777777777778,0.0,73.20565500000001
2023,8,30,30.27777777777778,30.27777777777778,0.0025399999999999997,30.27777777777778,0.000254,73.694113
2023,8,31,30.0,30.0,0.0025399999999999997,30.0,0.000254,74.161103
2023,9,1,29.722222222222225,29.722222222222225,0.0,29.722222222222225,0.0,74.2486815
2023,9,2,31.111111111111114,31.111111111111114,0.0,31.111111111111114,0.0,70.011538
2023,9,3,30.27777777777778,30.27777777777778,0.254,30.27777777777778,0.0254,68.905778
2023,9,4,30.833333333333336,30.833333333333336,0.0025399999999999997,30.833333333333336,0.000254,68.972413
2023,9,5,30.55555555555556,30.55555555555556,0.0025399999999999997,30.55555555555556,0.000254,65.11567
2023,9,6,29.166666666666668,29.166666666666668,0.0,29.166666666666668,0.0,75.09409500000001
2023,9,7,29.722222222222225,29.722222222222225,24.383999999999997,29.722222222222225,2.4383999999999997,76.2402
2023,9,8,28.333333333333336,28.333333333333336,0.254,28.333333333333336,0.0254,77.67770999999999
2023,9,9,29.166666666666668,29.166666666666668,5.08,29.166666666666668,0.508,84.2219125
2023,9,10,29.166666666666668,29.166666666666668,1.5239999999999998,29.166666666666668,0.15239999999999998,81.781105
2023,9,11,29.166666666666668,29.166666666666668,2.54,29.166666666666668,0.254,77.70181
2023,9,12,30.27777777777778,30.27777777777778,0.0025399999999999997,30.27777777777778,0.000254,70.883255
2023,9,13,31.666666666666668,31.666666666666668,0.0,31.666666666666668,0.0,64.86003
2023,9,14,31.666666666666668,31.666666666666668,0.0,31.666666666666668,0.0,66.3847875
2023,9,15,30.833333333333336,30.833333333333336,0.0025399999999999997,30.833333333333336,0.000254,67.551255
2023,9,16,29.722222222222225,29.722222222222225,0.0025399999999999997,29.722222222222225,0.000254,69.240932
2023,9,17,29.722222222222225,29.722222222222225,0.254,29.722222222222225,0.0254,75.6239415
2023,9,18,30.0,30.0,0.0,30.0,0.0,72.19858500000001
2023,9,19,30.0,30.0,0.508,30.0,0.0508,73.90725800000001
2023,9,20,29.444444444444446,29.444444444444446,0.0025399999999999997,29.444444444444446,0.000254,80.34684
2023,9,21,29.166666666666668,29.166666666666668,13.716,29.166666666666668,1.3716,79.415652
2023,9,22,29.444444444444446,29.444444444444446,1.778,29.444444444444446,0.1778,70.678597
2023,9,23,29.166666666666668,29.166666666666668,3.302,29.166666666666668,0.3302,80.383573
2023,9,24,29.722222222222225,29.722222222222225,7.874,29.722222222222225,0.7874,79.187438
2023,9,25,30.0,30.0,0.0025399999999999997,30.0,0.000254,75.6826825
2023,9,26,29.722222222222225,29.722222222222225,1.778,29.722222222222225,0.1778,79.224385
2023,9,27,28.88888888888889,28.88888888888889,4.064,28.88888888888889,0.4064,81.857878
2023,9,28,29.722222222222225,29.722222222222225,1.27,29.722222222222225,0.127,80.79608999999999
2023,9,29,30.27777777777778,30.27777777777778,1.27,30.27777777777778,0.127,77.87401
2023,9,30,30.27777777777778,30.27777777777778,7.619999999999999,30.27777777777778,0.7619999999999999,81.895838
2023,10,1,28.88888888888889,28.88888888888889,39.116,28.88888888888889,3.9116,88.63931500000001
2023,10,2,30.0,30.0,6.35,30.0,0.635,79.31461
2023,10,3,29.722222222222225,29.722222222222225,4.571999999999999,29.722222222222225,0.45719999999999994,83.022425
2023,10,4,28.88888888888889,28.88888888888889,5.08,28.88888888888889,0.508,79.242695
2023,10,5,30.833333333333336,30.833333333333336,0.0025399999999999997,30.833333333333336,0.000254,70.054875
2023,10,6,31.111111111111114,31.111111111111114,0.0025399999999999997,31.111111111111114,0.000254,70.998507
2023,10,7,31.38888888888889,31.38888888888889,0.0025399999999999997,31.38888888888889,0.000254,65.3531455
2023,10,8,30.27777777777778,30.27777777777778,0.0025399999999999997,30.27777777777778,0.000254,67.792115
2023,10,9,31.38888888888889,31.38888888888889,0.0,31.38888888888889,0.0,67.878828
2023,10,10,30.27777777777778,30.27777777777778,0.0025399999999999997,30.27777777777778,0.000254,72.10068799999999
2023,10,11,29.444444444444446,29.444444444444446,0.0,29.444444444444446,0.0,70.907015
2023,10,12,30.0,30.0,0.0025399999999999997,30.0,0.000254,75.079155
2023,10,13,30.0,30.0,0.0,30.0,0.0,75.20877
2023,10,14,30.27777777777778,30.27777777777778,0.0025399999999999997,30.27777777777778,0.000254,72.135392
2023,10,15,31.38888888888889,31.38888888888889,14.732,31.38888888888889,1.4731999999999998,68.774347
2023,10,16,31.666666666666668,31.666666666666668,0.0,31.666666666666668,0.0,67.0370195
2023,10,17,29.722222222222225,29.722222222222225,0.254,29.722222222222225,0.0254,73.60734500000001
2023,10,18,29.722222222222225,29.722222222222225,0.0025399999999999997,29.722222222222225,0.000254,77.62209999999999
2023,10,19,29.722222222222225,29.722222222222225,0.0025399999999999997,29.722222222222225,0.000254,77.38448299999999
2023,10,20,29.444444444444446,29.444444444444446,2.2859999999999996,29.444444444444446,0.22859999999999997,75.889275
2023,10,21,29.166666666666668,29.166666666666668,0.0025399999999999997,29.166666666666668,0.000254,78.116135
2023,10,22,28.05555555555556,28.05555555555556,10.16,28.05555555555556,1.016,84.50450749999999
2023,10,23,29.444444444444446,29.444444444444446,4.571999999999999,29.444444444444446,0.45719999999999994,79.634135
2023,10,24,29.444444444444446,29.444444444444446,2.032,29.444444444444446,0.2032,78.116135
2023,10,25,28.05555555555556,28.05555555555556,8.382,28.05555555555556,0.8382,81.691483
2023,10,26,28.05555555555556,28.05555555555556,14.224,28.05555555555556,1.4224,82.12242499999999
2023,10,27,27.5,27.5,132.07999999999998,27.5,13.207999999999998,86.93029250000001
2023,10,28,29.166666666666668,29.166666666666668,1.27,29.166666666666668,0.127,78.53234
2023,10,29,28.88888888888889,28.88888888888889,2.032,28.88888888888889,0.2032,77.0987165
2023,10,30,27.77777777777778,27.77777777777778,0.0025399999999999997,27.77777777777778,0.000254,77.501097
2023,10,31,29.722222222222225,29.722222222222225,0.0,29.722222222222225,0.0,71.216945
2023,11,1,29.444444444444446,29.444444444444446,0.0025399999999999997,29.444444444444446,0.000254,76.560825
2023,11,2,28.61111111111111,28.61111111111111,0.254,28.61111111111111,0.0254,75.06487
2023,11,3,28.88888888888889,28.88888888888889,2.2859999999999996,28.88888888888889,0.22859999999999997,72.688935
2023,11,4,28.88888888888889,28.88888888888889,1.5239999999999998,28.88888888888889,0.15239999999999998,73.05810149999999
2023,11,5,28.61111111111111,28.61111111111111,0.0025399999999999997,28.61111111111111,0.000254,75.066205
2023,11,6,28.333333333333336,28.333333333333336,3.302,28.333333333333336,0.3302,83.217998
2023,11,7,29.166666666666668,29.166666666666668,10.668,29.166666666666668,1.0668,84.744167
2023,11,8,27.5,27.5,9.906,27.5,0.9906,83.361613
2023,11,9,28.05555555555556,28.05555555555556,29.209999999999997,28.05555555555556,2.921,81.1134175
2023,11,10,27.222222222222225,27.222222222222225,4.064,27.222222222222225,0.4064,82.460882
2023,11,11,28.61111111111111,28.61111111111111,8.889999999999999,28.61111111111111,0.8889999999999999,79.60875
2023,11,12,28.333333333333336,28.333333333333336,3.0479999999999996,28.333333333333336,0.30479999999999996,79.48229
2023,11,13,28.05555555555556,28.05555555555556,5.842,28.05555555555556,0.5841999999999999,78.022483
2023,11,14,28.333333333333336,28.333333333333336,0.0025399999999999997,28.333333333333336,0.000254,77.53923
2023,11,15,28.61111111111111,28.61111111111111,2.7939999999999996,28.61111111111111,0.2794,69.6363565
2023,11,16,28.333333333333336,28.333333333333336,0.0025399999999999997,28.333333333333336,0.000254,70.86770849999999
2023,11,17,28.88888888888889,28.88888888888889,1.27,28.88888888888889,0.127,75.56495
2023,11,18,29.444444444444446,29.444444444444446,0.0,29.444444444444446,0.0,74.4957665
2023,11,19,30.27777777777778,30.27777777777778,0.0025399999999999997,30.27777777777778,0.000254,65.8047
2023,11,20,27.77777777777778,27.77777777777778,0.7619999999999999,27.77777777777778,0.07619999999999999,78.633285
2023,11,21,26.944444444444446,26.944444444444446,12.7,26.944444444444446,1.27,83.1620475
2023,11,22,27.222222222222225,27.222222222222225,20.574000000000005,27.222222222222225,2.0574000000000003,84.205185
2023,11,23,27.222222222222225,27.222222222222225,0.7619999999999999,27.222222222222225,0.07619999999999999,80.52874
2023,11,24,27.5,27.5,3.8099999999999996,27.5,0.38099999999999995,82.82707500000001
2023,11,25,27.5,27.5,0.508,27.5,0.0508,81.691483
2023,11,26,27.5,27.5,2.032,27.5,0.2032,82.10911300000001
2023,11,27,27.222222222222225,27.222222222222225,0.0025399999999999997,27.222222222222225,0.000254,74.89177000000001
2023,11,28,27.5,27.5,1.5239999999999998,27.5,0.15239999999999998,77.46044
2023,11,29,27.222222222222225,27.222222222222225,0.508,27.222222222222225,0.0508,75.71570600000001
2023,11,30,27.222222222222225,27.222222222222225,2.2859999999999996,27.222222222222225,0.22859999999999997,76.805645
2023,12,1,28.05555555555556,28.05555555555556,0.7619999999999999,28.05555555555556,0.07619999999999999,75.31455
2023,12,2,27.222222222222225,27.222222222222225,0.508,27.222222222222225,0.0508,74.80614
2023,12,3,27.5,27.5,0.508,27.5,0.0508,66.7008265
2023,12,4,27.77777777777778,27.77777777777778,0.508,27.77777777777778,0.0508,70.940302
2023,12,5,27.5,27.5,1.27,27.5,0.127,76.26725
2023,12,6,28.05555555555556,28.05555555555556,0.7619999999999999,28.05555555555556,0.07619999999999999,71.91538
2023,12,7,27.5,27.5,0.508,27.5,0.0508,75.31455
2023,12,8,27.77777777777778,27.77777777777778,17.018,27.77777777777778,1.7018,78.32816
2023,12,9,28.61111111111111,28.61111111111111,0.508,28.61111111111111,0.0508,70.12070299999999
2023,12,10,26.11111111111111,26.11111111111111,57.403999999999996,26.11111111111111,5.740399999999999,84.29701299999999
2023,12,11,26.666666666666668,26.666666666666668,1.778,26.666666666666668,0.1778,80.461095
2023,12,12,26.944444444444446,26.944444444444446,1.27,26.944444444444446,0.127,74.9876635
2023,12,13,27.5,27.5,1.016,27.5,0.1016,67.54637500000001
2023,12,14,26.38888888888889,26.38888888888889,0.508,26.38888888888889,0.0508,71.634283
2023,12,15,25.55555555555556,25.55555555555556,31.241999999999997,25.55555555555556,3.1241999999999996,85.739705
2023,12,16,26.11111111111111,26.11111111111111,11.43,26.11111111111111,1.143,82.73954499999999
2023,12,17,26.11111111111111,26.11111111111111,13.462,26.11111111111111,1.3462,84.971497
2023,12,18,26.11111111111111,26.11111111111111,0.254,26.11111111111111,0.0254,77.22772
2023,12,19,26.11111111111111,26.11111111111111,0.508,26.11111111111111,0.0508,71.146215
2023,12,20,25.833333333333336,25.833333333333336,0.0,25.833333333333336,0.0,76.044615
2023,12,21,25.833333333333336,25.833333333333336,17.779999999999998,25.833333333333336,1.7779999999999998,83.030513
2023,12,22,25.833333333333336,25.833333333333336,18.796,25.833333333333336,1.8796,80.54533
2023,12,23,25.55555555555556,25.55555555555556,8.382,25.55555555555556,0.8382,83.030513
2023,12,24,25.833333333333336,25.833333333333336,0.508,25.833333333333336,0.0508,80.1015275
2023,12,25,25.833333333333336,25.833333333333336,5.587999999999999,25.833333333333336,0.5588,80.86391499999999
2023,12,26,25.55555555555556,25.55555555555556,1.27,25.55555555555556,0.127,80.226795
2023,12,27,25.55555555555556,25.55555555555556,0.508,25.55555555555556,0.0508,78.691155
2023,12,28,25.55555555555556,25.55555555555556,0.254,25.55555555555556,0.0254,74.999817
2023,12,29,25.27777777777778,25.27777777777778,0.254,25.27777777777778,0.0254,74.512258
2023,12,30,25.55555555555556,25.55555555555556,0.0025399999999999997,25.55555555555556,0.000254,76.53002599999999
2023,12,31,26.11111111111111,26.11111111111111,1.5239999999999998,26.11111111111111,0.15239999999999998,77.659975
2024,1,1,25.833333333333336,25.833333333333336,2.7939999999999996,25.833333333333336,0.2794,77.404045
2024,1,2,26.38888888888889,26.38888888888889,0.508,26.38888888888889,0.0508,78.134396
2024,1,3,26.38888888888889,26.38888888888889,0.0025399999999999997,26.38888888888889,0.000254,79.510195
2024,1,4,26.944444444444446,26.944444444444446,0.7619999999999999,26.944444444444446,0.07619999999999999,78.58906999999999
2024,1,5,26.38888888888889,26.38888888888889,0.0025399999999999997,26.38888888888889,0.000254,76.549211
2024,1,6,27.222222222222225,27.222222222222225,1.27,27.222222222222225,0.127,78.53714500000001
2024,1,7,26.944444444444446,26.944444444444446,0.0025399999999999997,26.944444444444446,0.000254,77.4362
2024,1,8,26.11111111111111,26.11111111111111,0.254,26.11111111111111,0.0254,77.429602
2024,1,9,27.222222222222225,27.222222222222225,1.5239999999999998,27.222222222222225,0.15239999999999998,77.35688400000001
2024,1,10,27.5,27.5,1.778,27.5,0.1778,74.758478
2024,1,11,26.666666666666668,26.666666666666668,1.778,26.666666666666668,0.1778,80.085665
2024,1,12,26.944444444444446,26.944444444444446,6.095999999999999,26.944444444444446,0.6095999999999999,82.054423
2024,1,13,26.666666666666668,26.666666666666668,0.0025399999999999997,26.666666666666668,0.000254,77.405502
2024,1,14,26.666666666666668,26.666666666666668,0.254,26.666666666666668,0.0254,74.1130125
2024,1,15,26.944444444444446,26.944444444444446,2.7939999999999996,26.944444444444446,0.2794,83.99160499999999
2024,1,16,26.666666666666668,26.666666666666668,0.0025399999999999997,26.666666666666668,0.000254,75.6343975
2024,1,17,26.38888888888889,26.38888888888889,0.254,26.38888888888889,0.0254,76.225435
2024,1,18,27.222222222222225,27.222222222222225,6.095999999999999,27.222222222222225,0.6095999999999999,75.6909525
2024,1,19,27.222222222222225,27.222222222222225,1.016,27.222222222222225,0.1016,76.726895
2024,1,20,28.05555555555556,28.05555555555556,0.0,28.05555555555556,0.0,70.291994
2024,1,21,27.222222222222225,27.222222222222225,0.254,27.222222222222225,0.0254,74.73951500000001
2024,1,22,27.222222222222225,27.222222222222225,0.508,27.222222222222225,0.0508,73.77727
2024,1,23,27.77777777777778,27.77777777777778,0.254,27.77777777777778,0.0254,63.94857
2024,1,24,26.11111111111111,26.11111111111111,4.3180000000000005,26.11111111111111,0.4318000000000001,82.19346999999999
2024,1,25,27.222222222222225,27.222222222222225,0.254,27.222222222222225,0.0254,70.06216649999999
2024,1,26,25.833333333333336,25.833333333333336,0.254,25.833333333333336,0.0254,68.160084
2024,1,27,25.55555555555556,25.55555555555556,2.2859999999999996,25.55555555555556,0.22859999999999997,76.507492
2024,1,28,26.38888888888889,26.38888888888889,0.0025399999999999997,26.38888888888889,0.000254,74.0146625
2024,1,29,27.222222222222225,27.222222222222225,0.0,27.222222222222225,0.0,65.343975
2024,1,30,26.38888888888889,26.38888888888889,23.875999999999998,26.38888888888889,2.3876,74.52550500000001
2024,1,31,24.722222222222225,24.722222222222225,31.496,24.722222222222225,3.1496,86.313095
2024,2,1,26.38888888888889,26.38888888888889,0.0025399999999999997,26.38888888888889,0.000254,78.71034
2024,2,2,25.55555555555556,25.55555555555556,4.826,25.55555555555556,0.4826,77.80168499999999
2024,2,3,25.0,25.0,1.778,25.0,0.1778,76.02107000000001
2024,2,4,25.833333333333336,25.833333333333336,0.254,25.833333333333336,0.0254,76.1243365
2024,2,5,28.61111111111111,28.61111111111111,0.254,28.61111111111111,0.0254,69.6363565
2024,2,6,28.05555555555556,28.05555555555556,49.784,28.05555555555556,4.9784,79.43788
2024,2,7,25.55555555555556,25.55555555555556,10.413999999999998,25.55555555555556,1.0413999999999999,79.8765
2024,2,8,23.88888888888889,23.88888888888889,7.874,23.88888888888889,0.7874,78.560215
2024,2,9,25.0,25.0,3.8099999999999996,25.0,0.38099999999999995,61.210865
2024,2,10,25.0,25.0,0.254,25.0,0.0254,59.823165
2024,2,11,25.833333333333336,25.833333333333336,0.7619999999999999,25.833333333333336,0.07619999999999999,72.8426535
2024,2,12,26.11111111111111,26.11111111111111,7.112,26.11111111111111,0.7112,73.5509165
2024,2,13,26.666666666666668,26.666666666666668,0.0025399999999999997,26.666666666666668,0.000254,71.3252425
2024,2,14,26.944444444444446,26.944444444444446,0.0,26.944444444444446,0.0,74.73951500000001
2024,2,15,26.666666666666668,26.666666666666668,0.0025399999999999997,26.666666666666668,0.000254,78.408187
2024,2,16,26.666666666666668,26.666666666666668,0.254,26.666666666666668,0.0254,76.92026999999999
2024,2,17,27.77777777777778,27.77777777777778,0.254,27.77777777777778,0.0254,67.816262
2024,2,18,26.944444444444446,26.944444444444446,0.0025399999999999997,26.944444444444446,0.000254,67.76709
2024,2,19,27.77777777777778,27.77777777777778,0.0,27.77777777777778,0.0,69.6363565
2024,2,20,26.944444444444446,26.944444444444446,0.0025399999999999997,26.944444444444446,0.000254,72.755383
2024,2,21,26.666666666666668,26.666666666666668,1.016,26.666666666666668,0.1016,73.683985
2024,2,22,25.27777777777778,25.27777777777778,8.636000000000001,25.27777777777778,0.8636000000000001,73.035145
2024,2,23,24.722222222222225,24.722222222222225,0.0025399999999999997,24.722222222222225,0.000254,61.5761945
2024,2,24,26.11111111111111,26.11111111111111,0.254,26.11111111111111,0.0254,73.625067
2024,2,25,26.38888888888889,26.38888888888889,0.254,26.38888888888889,0.0254,75.097052
2024,2,26,25.27777777777778,25.27777777777778,21.081999999999997,25.27777777777778,2.1081999999999996,81.39176499999999
2024,2,27,25.27777777777778,25.27777777777778,18.541999999999998,25.27777777777778,1.8541999999999998,86.67396
2024,2,28,25.833333333333336,25.833333333333336,9.143999999999998,25.833333333333336,0.9143999999999999,81.444425
2024,2,29,27.222222222222225,27.222222222222225,0.508,27.222222222222225,0.0508,73.13204999999999
2024,3,1,25.833333333333336,25.833333333333336,12.191999999999998,25.833333333333336,1.2191999999999998,78.121361
2024,3,2,26.666666666666668,26.666666666666668,1.016,26.666666666666668,0.1016,68.160084
2024,3,3,25.833333333333336,25.833333333333336,11.937999999999999,25.833333333333336,1.1938,76.4464435
2024,3,4,26.11111111111111,26.11111111111111,2.032,26.11111111111111,0.2032,76.4273735
2024,3,5,25.833333333333336,25.833333333333336,0.7619999999999999,25.833333333333336,0.07619999999999999,70.5499615
2024,3,6,26.666666666666668,26.666666666666668,0.0025399999999999997,26.666666666666668,0.000254,72.6930375
2024,3,7,27.77777777777778,27.77777777777778,0.0025399999999999997,27.77777777777778,0.000254,70.71291
2024,3,8,27.5,27.5,0.254,27.5,0.0254,72.872608
2024,3,9,27.222222222222225,27.222222222222225,0.508,27.222222222222225,0.0508,77.46044
2024,3,10,27.222222222222225,27.222222222222225,0.254,27.222222222222225,0.0254,76.167205
2024,3,11,27.5,27.5,0.254,27.5,0.0254,74.275672
2024,3,12,26.944444444444446,26.944444444444446,0.508,26.944444444444446,0.0508,77.301692
2024,3,13,27.222222222222225,27.222222222222225,0.254,27.222222222222225,0.0254,69.260836
2024,3,14,27.222222222222225,27.222222222222225,1.27,27.222222222222225,0.127,76.36523
2024,3,15,26.944444444444446,26.944444444444446,3.8099999999999996,26.944444444444446,0.38099999999999995,80.44806
2024,3,16,26.666666666666668,26.666666666666668,6.095999999999999,26.666666666666668,0.6095999999999999,79.341785
2024,3,17,26.666666666666668,26.666666666666668,2.54,26.666666666666668,0.254,77.889685
2024,3,18,28.88888888888889,28.88888888888889,0.0025399999999999997,28.88888888888889,0.000254,66.3902815
2024,3,19,29.444444444444446,29.444444444444446,0.508,29.444444444444446,0.0508,68.422355
2024,3,20,28.333333333333336,28.333333333333336,0.0,28.333333333333336,0.0,74.30005
2024,3,21,28.05555555555556,28.05555555555556,1.016,28.05555555555556,0.1016,75.03714
2024,3,22,28.05555555555556,28.05555555555556,3.8099999999999996,28.05555555555556,0.38099999999999995,76.42269
2024,3,23,28.05555555555556,28.05555555555556,0.7619999999999999,28.05555555555556,0.07619999999999999,70.49285
2024,3,24,28.88888888888889,28.88888888888889,0.254,28.88888888888889,0.0254,65.2286815
2024,3,25,27.5,27.5,8.382,27.5,0.8382,72.6219215
2024,3,26,26.38888888888889,26.38888888888889,3.8099999999999996,26.38888888888889,0.38099999999999995,77.48451
2024,3,27,26.944444444444446,26.944444444444446,0.0,26.944444444444446,0.0,65.93552
2024,3,28,26.38888888888889,26.38888888888889,0.0,26.38888888888889,0.0,60.219615000000005
2024,3,29,26.38888888888889,26.38888888888889,0.0,26.38888888888889,0.0,64.181685
2024,3,30,26.11111111111111,26.11111111111111,0.508,26.11111111111111,0.0508,66.54927
2024,3,31,26.944444444444446,26.944444444444446,10.668,26.944444444444446,1.0668,76.666624
2024,4,1,26.944444444444446,26.944444444444446,1.778,26.944444444444446,0.1778,74.92247
2024,4,2,26.666666666666668,26.666666666666668,1.27,26.666666666666668,0.127,74.0641175
2024,4,3,27.5,27.5,0.254,27.5,0.0254,73.83727999999999
2024,4,4,28.05555555555556,28.05555555555556,0.0025399999999999997,28.05555555555556,0.000254,68.07173
2024,4,5,28.88888888888889,28.88888888888889,0.7619999999999999,28.88888888888889,0.07619999999999999,70.904215
2024,4,6,29.722222222222225,29.722222222222225,0.254,29.722222222222225,0.0254,71.62443999999999
2024,4,7,28.88888888888889,28.88888888888889,28.448,28.88888888888889,2.8448,76.522572
2024,4,8,27.77777777777778,27.77777777777778,11.937999999999999,27.77777777777778,1.1938,81.665648
2024,4,9,26.38888888888889,26.38888888888889,1.016,26.38888888888889,0.1016,73.003445
2024,4,10,27.222222222222225,27.222222222222225,1.27,27.222222222222225,0.127,73.111553
2024,4,11,27.77777777777778,27.77777777777778,3.0479999999999996,27.77777777777778,0.30479999999999996,76.82427799999999
2024,4,12,27.222222222222225,27.222222222222225,16.509999999999998,27.222222222222225,1.6509999999999998,84.04963000000001
2024,4,13,27.77777777777778,27.77777777777778,4.3180000000000005,27.77777777777778,0.4318000000000001,74.731855
2024,4,14,27.77777777777778,27.77777777777778,4.3180000000000005,27.77777777777778,0.4318000000000001,80.55442
2024,4,15,28.333333333333336,28.333333333333336,6.095999999999999,28.333333333333336,0.6095999999999999,76.82427799999999
2024,4,16,26.944444444444446,26.944444444444446,35.559999999999995,26.944444444444446,3.5559999999999996,83.079245
2024,4,17,27.222222222222225,27.222222222222225,0.7619999999999999,27.222222222222225,0.07619999999999999,80.085665
2024,4,18,27.222222222222225,27.222222222222225,0.0025399999999999997,27.222222222222225,0.000254,76.34112999999999
2024,4,19,27.222222222222225,27.222222222222225,4.826,27.222222222222225,0.4826,77.832225
2024,4,20,27.5,27.5,0.254,27.5,0.0254,72.34064699999999
2024,4,21,26.944444444444446,26.944444444444446,5.842,26.944444444444446,0.5841999999999999,80.36392000000001
2024,4,22,27.222222222222225,27.222222222222225,47.751999999999995,27.222222222222225,4.7752,88.0658225
2024,4,23,28.05555555555556,28.05555555555556,13.208,28.05555555555556,1.3208,80.19324499999999
2024,4,24,27.77777777777778,27.77777777777778,5.334,27.77777777777778,0.5334,75.36261999999999
2024,4,25,27.5,27.5,10.413999999999998,27.5,1.0413999999999999,80.12303800000001
2024,4,26,28.05555555555556,28.05555555555556,0.0025399999999999997,28.05555555555556,0.000254,75.8584765
2024,4,27,26.944444444444446,26.944444444444446,6.35,26.944444444444446,0.635,79.024858
2024,4,28,26.944444444444446,26.944444444444446,6.35,26.944444444444446,0.635,80.33793
2024,4,29,26.944444444444446,26.944444444444446,10.413999999999998,26.944444444444446,1.0413999999999999,83.94623999999999
2024,4,30,26.944444444444446,26.944444444444446,3.8099999999999996,26.944444444444446,0.38099999999999995,80.419112
2024,5,1,27.5,27.5,23.368,27.5,2.3367999999999998,85.266985
2024,5,2,28.333333333333336,28.333333333333336,5.587999999999999,28.333333333333336,0.5588,78.51954
2024,5,3,27.222222222222225,27.222222222222225,41.401999999999994,27.222222222222225,4.140199999999999,81.691483
2024,5,4,28.05555555555556,28.05555555555556,0.254,28.05555555555556,0.0254,75.29031
2024,5,5,28.61111111111111,28.61111111111111,0.0025399999999999997,28.61111111111111,0.000254,79.133493
2024,5,6,28.333333333333336,28.333333333333336,3.0479999999999996,28.333333333333336,0.30479999999999996,80.663055
2024,5,7,27.77777777777778,27.77777777777778,65.532,27.77777777777778,6.5531999999999995,83.197283
2024,5,8,27.77777777777778,27.77777777777778,0.508,27.77777777777778,0.0508,81.74292
2024,5,9,27.77777777777778,27.77777777777778,45.974,27.77777777777778,4.5973999999999995,81.358746
2024,5,10,28.333333333333336,28.333333333333336,3.8099999999999996,28.333333333333336,0.38099999999999995,79.133493
2024,5,11,30.27777777777778,30.27777777777778,0.254,30.27777777777778,0.0254,68.274167
2024,5,12,30.833333333333336,30.833333333333336,2.2859999999999996,30.833333333333336,0.22859999999999997,68.538293
2024,5,13,29.166666666666668,29.166666666666668,0.7619999999999999,29.166666666666668,0.07619999999999999,75.398405
2024,5,14,29.166666666666668,29.166666666666668,1.5239999999999998,29.166666666666668,0.15239999999999998,74.4957665
2024,5,15,28.61111111111111,28.61111111111111,0.7619999999999999,28.61111111111111,0.07619999999999999,76.536855
2024,5,16,28.88888888888889,28.88888888888889,0.0025399999999999997,28.88888888888889,0.000254,74.015145
2024,5,17,29.444444444444446,29.444444444444446,1.016,29.444444444444446,0.1016,76.65535
2024,5,18,29.444444444444446,29.444444444444446,0.508,29.444444444444446,0.0508,78.91418300000001
2024,5,19,30.55555555555556,30.55555555555556,0.0025399999999999997,30.55555555555556,0.000254,71.375188
2024,5,20,30.27777777777778,30.27777777777778,0.254,30.27777777777778,0.0254,69.82550499999999
2024,5,21,30.833333333333336,30.833333333333336,0.0025399999999999997,30.833333333333336,0.000254,64.61540600000001
2024,5,22,27.5,27.5,24.637999999999998,27.5,2.4638,84.25601499999999
2024,5,23,29.722222222222225,29.722222222222225,24.383999999999997,29.722222222222225,2.4383999999999997,75.4358475
2024,5,24,30.0,30.0,0.0025399999999999997,30.0,0.000254,72.19858500000001
2024,5,25,30.27777777777778,30.27777777777778,0.0025399999999999997,30.27777777777778,0.000254,76.584655
2024,5,26,30.0,30.0,0.0025399999999999997,30.0,0.000254,76.456485
2024,5,27,29.722222222222225,29.722222222222225,28.701999999999998,29.722222222222225,2.8701999999999996,79.2964
2024,5,28,29.722222222222225,29.722222222222225,3.0479999999999996,29.722222222222225,0.30479999999999996,83.00985
2024,5,29,29.166666666666668,29.166666666666668,10.413999999999998,29.166666666666668,1.0413999999999999,81.870608
2024,5,30,29.722222222222225,29.722222222222225,5.08,29.722222222222225,0.508,79.18875
2024,5,31,30.833333333333336,30.833333333333336,0.0,30.833333333333336,0.0,66.994287
2024,6,1,30.27777777777778,30.27777777777778,0.0,30.27777777777778,0.0,69.4352645
2024,6,2,28.05555555555556,28.05555555555556,29.209999999999997,28.05555555555556,2.921,82.7404325
2024,6,3,29.444444444444446,29.444444444444446,7.874,29.444444444444446,0.7874,78.6040615
2024,6,4,31.111111111111114,31.111111111111114,0.0025399999999999997,31.111111111111114,0.000254,71.85305600000001
2024,6,5,30.55555555555556,30.55555555555556,0.254,30.55555555555556,0.0254,75.187198
2024,6,6,29.166666666666668,29.166666666666668,0.254,29.166666666666668,0.0254,75.56495
2024,6,7,30.55555555555556,30.55555555555556,0.508,30.55555555555556,0.0508,68.083055
2024,6,8,31.111111111111114,31.111111111111114,0.7619999999999999,31.111111111111114,0.07619999999999999,66.9657
2024,6,9,30.55555555555556,30.55555555555556,0.0025399999999999997,30.55555555555556,0.000254,73.717808
2024,6,10,30.27777777777778,30.27777777777778,0.508,30.27777777777778,0.0508,73.017011
2024,6,11,30.833333333333336,30.833333333333336,0.254,30.833333333333336,0.0254,74.2788355
2024,6,12,30.0,30.0,0.7619999999999999,30.0,0.07619999999999999,75.6239415
2024,6,13,30.0,30.0,0.508,30.0,0.0508,75.6476365
2024,6,14,30.0,30.0,0.254,30.0,0.0254,72.5790925
2024,6,15,31.111111111111114,31.111111111111114,0.254,31.111111111111114,0.0254,69.474495
2024,6,16,29.722222222222225,29.722222222222225,0.254,29.722222222222225,0.0254,72.8586525
2024,6,17,28.88888888888889,28.88888888888889,14.477999999999998,28.88888888888889,1.4477999999999998,76.69782000000001
2024,6,18,30.55555555555556,30.55555555555556,0.0025399999999999997,30.55555555555556,0.000254,69.987708
2024,6,19,30.55555555555556,30.55555555555556,2.7939999999999996,30.55555555555556,0.2794,68.149815
2024,6,20,30.0,30.0,0.508,30.0,0.0508,75.6476365
2024,6,21,29.444444444444446,29.444444444444446,1.778,29.444444444444446,0.1778,76.69782000000001
2024,6,22,29.722222222222225,29.722222222222225,2.2859999999999996,29.722222222222225,0.22859999999999997,75.26523
2024,6,23,29.444444444444446,29.444444444444446,2.54,29.444444444444446,0.254,77.610725
2024,6,24,29.444444444444446,29.444444444444446,2.032,29.444444444444446,0.2032,79.66521
2024,6,25,30.27777777777778,30.27777777777778,0.0,30.27777777777778,0.0,72.67323
2024,6,26,30.833333333333336,30.833333333333336,0.508,30.833333333333336,0.0508,76.82472
2024,6,27,30.55555555555556,30.55555555555556,0.254,30.55555555555556,0.0254,74.7500585
2024,6,28,30.0,30.0,3.0479999999999996,30.0,0.30479999999999996,74.557085
2024,6,29,30.0,30.0,10.16,30.0,1.016,77.85058000000001
2024,6,30,29.722222222222225,29.722222222222225,6.095999999999999,29.722222222222225,0.6095999999999999,78.30306999999999
2024,7,1,30.0,30.0,1.27,30.0,0.127,78.134445
2024,7,2,29.166666666666668,29.166666666666668,9.398,29.166666666666668,0.9398,78.6628025
2024,7,3,30.27777777777778,30.27777777777778,0.508,30.27777777777778,0.0508,79.2964
2024,7,4,30.55555555555556,30.55555555555556,0.254,30.55555555555556,0.0254,75.35099
2024,7,5,30.55555555555556,30.55555555555556,1.016,30.55555555555556,0.1016,73.3885815
2024,7,6,30.833333333333336,30.833333333333336,0.0025399999999999997,30.833333333333336,0.000254,67.7667975
2024,7,7,30.0,30.0,0.254,30.0,0.0254,76.72151500000001
2024,7,8,29.722222222222225,29.722222222222225,4.826,29.722222222222225,0.4826,72.2821885
2024,7,9,30.0,30.0,0.508,30.0,0.0508,78.26532
2024,7,10,29.166666666666668,29.166666666666668,4.3180000000000005,29.166666666666668,0.4318000000000001,80.211668
2024,7,11,29.444444444444446,29.444444444444446,12.7,29.444444444444446,1.27,78.24710999999999
2024,7,12,30.0,30.0,0.254,30.0,0.0254,79.27808999999999
2024,7,13,28.88888888888889,28.88888888888889,23.875999999999998,28.88888888888889,2.3876,83.05758499999999
2024,7,14,30.0,30.0,0.7619999999999999,30.0,0.07619999999999999,79.50546299999999
2024,7,15,29.444444444444446,29.444444444444446,0.0025399999999999997,29.444444444444446,0.000254,74.4957665
2024,7,16,30.0,30.0,0.254,30.0,0.0254,72.72204500000001
2024,7,17,31.111111111111114,31.111111111111114,2.2859999999999996,31.111111111111114,0.22859999999999997,75.205408
2024,7,18,30.27777777777778,30.27777777777778,1.778,30.27777777777778,0.1778,77.1939775
2024,7,19,28.05555555555556,28.05555555555556,7.874,28.05555555555556,0.7874,81.26801499999999
2024,7,20,30.27777777777778,30.27777777777778,0.508,30.27777777777778,0.0508,77.1170265
2024,7,21,30.0,30.0,0.508,30.0,0.0508,74.2486815
2024,7,22,28.61111111111111,28.61111111111111,12.953999999999999,28.61111111111111,1.2953999999999999,81.80691999999999
2024,7,23,29.444444444444446,29.444444444444446,1.27,29.444444444444446,0.127,77.0802935
2024,7,24,30.0,30.0,0.508,30.0,0.0508,76.098332
2024,7,25,30.0,30.0,1.778,30.0,0.1778,80.383573
2024,7,26,30.833333333333336,30.833333333333336,2.032,30.833333333333336,0.2032,78.209115
2024,7,27,30.27777777777778,30.27777777777778,0.254,30.27777777777778,0.0254,76.37434999999999
2024,7,28,28.88888888888889,28.88888888888889,13.208,28.88888888888889,1.3208,77.69566499999999
2024,7,29,29.444444444444446,29.444444444444446,5.587999999999999,29.444444444444446,0.5588,77.82701
2024,7,30,29.722222222222225,29.722222222222225,0.0025399999999999997,29.722222222222225,0.000254,76.69782000000001
2024,7,31,29.444444444444446,29.444444444444446,10.413999999999998,29.444444444444446,1.0413999999999999,84.39212
2024,8,1,29.166666666666668,29.166666666666668,9.906,29.166666666666668,0.9906,78.6372725
2024,8,2,29.722222222222225,29.722222222222225,17.272000000000002,29.722222222222225,1.7272000000000003,78.6040615
2024,8,3,30.27777777777778,30.27777777777778,0.508,30.27777777777778,0.0508,74.2486815
2024,8,4,30.0,30.0,1.016,30.0,0.1016,78.863225
2024,8,5,30.55555555555556,30.55555555555556,1.016,30.55555555555556,0.1016,78.937753
2024,8,6,30.27777777777778,30.27777777777778,0.0025399999999999997,30.27777777777778,0.000254,77.74293
2024,8,7,30.27777777777778,30.27777777777778,0.508,30.27777777777778,0.0508,71.823645
2024,8,8,29.722222222222225,29.722222222222225,0.254,29.722222222222225,0.0254,74.2771115
2024,8,9,30.0,30.0,10.16,30.0,1.016,78.69852
2024,8,10,30.0,30.0,2.54,30.0,0.254,76.745085
2024,8,11,30.0,30.0,12.7,30.0,1.27,78.937753
2024,8,12,30.0,30.0,0.0025399999999999997,30.0,0.000254,80.365263
2024,8,13,29.722222222222225,29.722222222222225,12.953999999999999,29.722222222222225,1.2953999999999999,81.06718699999999
2024,8,14,27.222222222222225,27.222222222222225,65.024,27.222222222222225,6.5024,88.21431
2024,8,15,31.666666666666668,31.666666666666668,0.0025399999999999997,31.666666666666668,0.000254,68.182925
2024,8,16,30.833333333333336,30.833333333333336,0.0025399999999999997,30.833333333333336,0.000254,77.665165
2024,8,17,28.88888888888889,28.88888888888889,44.449999999999996,28.88888888888889,4.444999999999999,83.29344
2024,8,18,30.833333333333336,30.833333333333336,0.0025399999999999997,30.833333333333336,0.000254,69.91564149999999
2024,8,19,30.0,30.0,0.254,30.0,0.0254,77.82701
2024,8,20,30.27777777777778,30.27777777777778,0.508,30.27777777777778,0.0508,75.058385
2024,8,21,29.722222222222225,29.722222222222225,9.143999999999998,29.722222222222225,0.9143999999999999,80.383573
2024,8,22,30.27777777777778,30.27777777777778,0.0025399999999999997,30.27777777777778,0.000254,79.01190700000001
2024,8,23,30.0,30.0,1.5239999999999998,30.0,0.15239999999999998,77.87401
2024,8,24,29.166666666666668,29.166666666666668,3.556,29.166666666666668,0.3556,76.61753
2024,8,25,30.0,30.0,0.0025399999999999997,30.0,0.000254,70.616805
2024,8,26,29.722222222222225,29.722222222222225,0.508,29.722222222222225,0.0508,73.81733
2024,8,27,29.722222222222225,29.722222222222225,0.254,29.722222222222225,0.0254,76.31702
2024,8,28,29.722222222222225,29.722222222222225,2.032,29.722222222222225,0.2032,75.042757
2024,8,29,29.722222222222225,29.722222222222225,11.43,29.722222222222225,1.143,79.2964
2024,8,30,29.166666666666668,29.166666666666668,14.224,29.166666666666668,1.4224,80.365263
2024,8,31,29.444444444444446,29.444444444444446,10.921999999999999,29.444444444444446,1.0921999999999998,77.15745749999999
2024,9,1,29.166666666666668,29.166666666666668,1.016,29.166666666666668,0.1016,80.295882
2024,9,2,29.444444444444446,29.444444444444446,8.382,29.444444444444446,0.8382,83.00985
2024,9,3,30.833333333333336,30.833333333333336,0.0,30.833333333333336,0.0,76.19587849999999
2024,9,4,30.27777777777778,30.27777777777778,0.0,30.27777777777778,0.0,76.72151500000001
2024,9,5,30.27777777777778,30.27777777777778,0.7619999999999999,30.27777777777778,0.07619999999999999,76.345763
2024,9,6,30.27777777777778,30.27777777777778,5.08,30.27777777777778,0.508,78.190905
2024,9,7,29.722222222222225,29.722222222222225,5.334,29.722222222222225,0.5334,81.946562
2024,9,8,29.722222222222225,29.722222222222225,6.858,29.722222222222225,0.6858,83.03493
2024,9,9,29.166666666666668,29.166666666666668,6.858,29.166666666666668,0.6858,84.5262175
2024,9,10,28.88888888888889,28.88888888888889,10.921999999999999,28.88888888888889,1.0921999999999998,83.314155
2024,9,11,29.166666666666668,29.166666666666668,0.0025399999999999997,29.166666666666668,0.000254,75.98137
2024,9,12,30.0,30.0,7.112,30.0,0.7112,81.49185
2024,9,13,30.0,30.0,1.5239999999999998,30.0,0.15239999999999998,83.502757
2024,9,14,31.111111111111114,31.111111111111114,2.032,31.111111111111114,0.2032,76.4570415
2024,9,15,31.666666666666668,31.666666666666668,0.508,31.666666666666668,0.0508,69.667034
2024,9,16,30.27777777777778,30.27777777777778,0.0,30.27777777777778,0.0,76.64135999999999
2024,9,17,29.722222222222225,29.722222222222225,5.842,29.722222222222225,0.5841999999999999,80.25066749999999
2024,9,18,30.0,30.0,0.508,30.0,0.0508,80.742385
2024,9,19,30.0,30.0,0.7619999999999999,30.0,0.07619999999999999,76.428055
2024,9,20,28.88888888888889,28.88888888888889,13.716,28.88888888888889,1.3716,79.715675
2024,9,21,30.27777777777778,30.27777777777778,0.0,30.27777777777778,0.0,75.588645
2024,9,22,30.0,30.0,3.8099999999999996,30.0,0.38099999999999995,74.689245
2024,9,23,30.27777777777778,30.27777777777778,0.0,30.27777777777778,0.0,72.80273
2024,9,24,30.55555555555556,30.55555555555556,0.508,30.55555555555556,0.0508,71.58292750000001
2024,9,25,30.55555555555556,30.55555555555556,0.0,30.55555555555556,0.0,72.8063135
2024,9,26,30.0,30.0,0.508,30.0,0.0508,77.71936
2024,9,27,30.0,30.0,0.508,30.0,0.0508,76.754025
2024,9,28,30.833333333333336,30.833333333333336,0.7619999999999999,30.833333333333336,0.07619999999999999,79.2964
2024,9,29,29.722222222222225,29.722222222222225,0.7619999999999999,29.722222222222225,0.07619999999999999,78.172595
2024,9,30,30.0,30.0,3.556,30.0,0.3556,72.227328
2024,10,1,29.444444444444446,29.444444444444446,0.0025399999999999997,29.444444444444446,0.000254,78.05942999999999
2024,10,2,29.444444444444446,29.444444444444446,0.7619999999999999,29.444444444444446,0.07619999999999999,77.671835
2024,10,3,30.27777777777778,30.27777777777778,0.0025399999999999997,30.27777777777778,0.000254,76.64135999999999
2024,10,4,29.444444444444446,29.444444444444446,7.619999999999999,29.444444444444446,0.7619999999999999,79.2964
2024,10,5,29.722222222222225,29.722222222222225,0.0,29.722222222222225,0.0,78.172595
2024,10,6,30.0,30.0,0.0,30.0,0.0,75.237513
2024,10,7,29.722222222222225,29.722222222222225,24.13,29.722222222222225,2.413,78.9210215
2024,10,8,31.111111111111114,31.111111111111114,0.0,31.111111111111114,0.0,71.9191915
2024,10,9,31.666666666666668,31.666666666666668,0.0,31.666666666666668,0.0,70.5202365
2024,10,10,31.666666666666668,31.666666666666668,0.0,31.666666666666668,0.0,64.827095
2024,10,11,30.833333333333336,30.833333333333336,0.0,30.833333333333336,0.0,69.4065215
2024,10,12,29.722222222222225,29.722222222222225,0.0,29.722222222222225,0.0,67.8793885
2024,10,13,30.0,30.0,3.302,30.0,0.3302,70.32108
2024,10,14,30.0,30.0,0.0,30.0,0.0,69.94214
2024,10,15,30.0,30.0,0.0,30.0,0.0,69.3383035
2024,10,16,29.722222222222225,29.722222222222225,0.0,29.722222222222225,0.0,69.53142
2024,10,17,29.722222222222225,29.722222222222225,0.254,29.722222222222225,0.0254,75.152065
2024,10,18,29.166666666666668,29.166666666666668,0.7619999999999999,29.166666666666668,0.07619999999999999,80.365263
2024,10,19,30.0,30.0,7.366,30.0,0.7365999999999999,77.82701
2024,10,20,30.833333333333336,30.833333333333336,0.0,30.833333333333336,0.0,75.249885
2024,10,21,29.722222222222225,29.722222222222225,8.128,29.722222222222225,0.8128,74.60461000000001
2024,10,22,30.0,30.0,2.54,30.0,0.254,71.46789
2024,10,23,31.111111111111114,31.111111111111114,0.0,31.111111111111114,0.0,68.4645615
2024,10,24,31.38888888888889,31.38888888888889,0.0,31.38888888888889,0.0,67.57495
2024,10,25,30.0,30.0,1.5239999999999998,30.0,0.15239999999999998,76.83368
2024,10,26,29.444444444444446,29.444444444444446,5.842,29.444444444444446,0.5841999999999999,79.27808999999999
2024,10,27,29.166666666666668,29.166666666666668,0.508,29.166666666666668,0.0508,79.04338200000001
2024,10,28,29.722222222222225,29.722222222222225,0.0,29.722222222222225,0.0,75.6588525
2024,10,29,27.77777777777778,27.77777777777778,12.7,27.77777777777778,1.27,83.7456
2024,10,30,27.222222222222225,27.222222222222225,33.274,27.222222222222225,3.3274,79.38621
2024,10,31,25.0,25.0,124.714,25.0,12.4714,90.9795725
2024,11,1,26.11111111111111,26.11111111111111,1.5239999999999998,26.11111111111111,0.15239999999999998,82.641512
2024,11,2,28.61111111111111,28.61111111111111,1.27,28.61111111111111,0.127,73.077943
2024,11,3,30.0,30.0,0.0,30.0,0.0,70.7470635
2024,11,4,29.444444444444446,29.444444444444446,0.0,29.444444444444446,0.0,74.21812
2024,11,5,27.77777777777778,27.77777777777778,87.37599999999999,27.77777777777778,8.737599999999999,84.416325
2024,11,6,26.944444444444446,26.944444444444446,44.958,26.944444444444446,4.4958,85.54665
2024,11,7,26.944444444444446,26.944444444444446,24.13,26.944444444444446,2.413,83.10674
2024,11,8,28.61111111111111,28.61111111111111,0.0,28.61111111111111,0.0,80.59606
2024,11,9,28.333333333333336,28.333333333333336,19.304,28.333333333333336,1.9304,85.34652750000001
2024,11,10,27.222222222222225,27.222222222222225,43.687999999999995,27.222222222222225,4.368799999999999,88.635525
2024,11,11,26.944444444444446,26.944444444444446,20.32,26.944444444444446,2.032,85.57865749999999
2024,11,12,28.05555555555556,28.05555555555556,0.0025399999999999997,28.05555555555556,0.000254,81.93832499999999
2024,11,13,28.61111111111111,28.61111111111111,0.0,28.61111111111111,0.0,64.75676250000001
2024,11,14,27.5,27.5,1.27,27.5,0.127,78.932795
2024,11,15,26.666666666666668,26.666666666666668,3.556,26.666666666666668,0.3556,83.854823
2024,11,16,28.333333333333336,28.333333333333336,0.0025399999999999997,28.333333333333336,0.000254,76.84666
2024,11,17,27.5,27.5,27.94,27.5,2.794,81.430635
2024,11,18,27.222222222222225,27.222222222222225,0.0,27.222222222222225,0.0,65.4965935
2024,11,19,26.944444444444446,26.944444444444446,1.778,26.944444444444446,0.1778,69.3272425
2024,11,20,27.5,27.5,0.0,27.5,0.0,73.192142
2024,11,21,27.5,27.5,0.0,27.5,0.0,72.784933
2024,11,22,28.61111111111111,28.61111111111111,0.0,28.61111111111111,0.0,72.488265
2024,11,23,28.88888888888889,28.88888888888889,1.778,28.88888888888889,0.1778,79.133493
2024,11,24,27.77777777777778,27.77777777777778,13.716,27.77777777777778,1.3716,84.06243
2024,11,25,28.61111111111111,28.61111111111111,16.764,28.61111111111111,1.6764,77.36358
2024,11,26,28.88888888888889,28.88888888888889,0.0025399999999999997,28.88888888888889,0.000254,75.45790500000001
2024,11,27,28.88888888888889,28.88888888888889,0.0,28.88888888888889,0.0,72.471222
2024,11,28,28.88888888888889,28.88888888888889,0.0025399999999999997,28.88888888888889,0.000254,75.505705
2024,11,29,28.88888888888889,28.88888888888889,0.0025399999999999997,28.88888888888889,0.000254,72.981515
2024,11,30,29.444444444444446,29.444444444444446,0.0,29.444444444444446,0.0,67.309157
2024,12,1,28.05555555555556,28.05555555555556,0.0,28.05555555555556,0.0,75.409565
2024,12,2,28.88888888888889,28.88888888888889,1.27,28.88888888888889,0.127,75.422375
2024,12,3,28.333333333333336,28.333333333333336,0.0025399999999999997,28.333333333333336,0.000254,76.4799
2024,12,4,27.5,27.5,5.334,27.5,0.5334,78.96863300000001
2024,12,5,28.05555555555556,28.05555555555556,3.0479999999999996,28.05555555555556,0.30479999999999996,74.32428999999999
2024,12,6,27.77777777777778,27.77777777777778,1.778,27.77777777777778,0.1778,75.6909525
2024,12,7,27.5,27.5,2.7939999999999996,27.5,0.2794,75.33865
2024,12,8,27.5,27.5,4.064,27.5,0.4064,80.515785
2024,12,9,28.05555555555556,28.05555555555556,7.366,28.05555555555556,0.7365999999999999,76.84666
2024,12,10,26.944444444444446,26.944444444444446,18.541999999999998,26.944444444444446,1.8541999999999998,79.913873
2024,12,11,27.222222222222225,27.222222222222225,0.254,27.222222222222225,0.0254,72.36672
2024,12,12,27.77777777777778,27.77777777777778,1.27,27.77777777777778,0.127,66.7259385
2024,12,13,27.222222222222225,27.222222222222225,2.2859999999999996,27.222222222222225,0.22859999999999997,77.813485
2024,12,14,26.944444444444446,26.944444444444446,0.0025399999999999997,26.944444444444446,0.000254,75.6722125
2024,12,15,26.666666666666668,26.666666666666668,6.604,26.666666666666668,0.6604,78.877857
2024,12,16,26.944444444444446,26.944444444444446,1.27,26.944444444444446,0.127,81.30252100000001
2024,12,17,27.77777777777778,27.77777777777778,4.064,27.77777777777778,0.4064,80.54162
2024,12,18,26.944444444444446,26.944444444444446,41.401999999999994,26.944444444444446,4.140199999999999,82.765535
2024,12,19,27.222222222222225,27.222222222222225,15.494,27.222222222222225,1.5493999999999999,81.63980000000001
2024,12,20,27.5,27.5,0.0025399999999999997,27.5,0.000254,75.71570600000001
2024,12,21,28.61111111111111,28.61111111111111,1.5239999999999998,28.61111111111111,0.15239999999999998,76.4799
2024,12,22,28.61111111111111,28.61111111111111,3.8099999999999996,28.61111111111111,0.38099999999999995,75.44620499999999
2024,12,23,27.77777777777778,27.77777777777778,2.54,27.77777777777778,0.254,80.000315
2024,12,24,27.5,27.5,3.302,27.5,0.3302,82.514235
2024,12,25,27.222222222222225,27.222222222222225,8.889999999999999,27.222222222222225,0.8889999999999999,84.1985055
2024,12,26,26.944444444444446,26.944444444444446,1.778,26.944444444444446,0.1778,77.870945
2024,12,27,27.77777777777778,27.77777777777778,1.5239999999999998,27.77777777777778,0.15239999999999998,75.796645
2024,12,28,26.38888888888889,26.38888888888889,16.002,26.38888888888889,1.6001999999999998,79.41444
2024,12,29,25.55555555555556,25.55555555555556,0.0,25.55555555555556,0.0,58.630705
2024,12,30,24.722222222222225,24.722222222222225,2.7939999999999996,24.722222222222225,0.2794,74.849535
2024,12,31,25.55555555555556,25.55555555555556,2.2859999999999996,25.55555555555556,0.22859999999999997,70.6198725
2025,1,1,25.27777777777778,25.27777777777778,1.27,25.27777777777778,0.127,79.08323
2025,1,2,26.11111111111111,26.11111111111111,0.0025399999999999997,26.11111111111111,0.000254,76.60973899999999
2025,1,3,26.11111111111111,26.11111111111111,0.0025399999999999997,26.11111111111111,0.000254,69.4858245
2025,1,4,25.55555555555556,25.55555555555556,7.874,25.55555555555556,0.7874,82.97785300000001
2025,1,5,25.0,25.0,14.732,25.0,1.4731999999999998,86.6311775
2025,1,6,26.11111111111111,26.11111111111111,6.858,26.11111111111111,0.6858,81.930815
2025,1,7,26.11111111111111,26.11111111111111,0.254,26.11111111111111,0.0254,81.53589500000001
2025,1,8,26.944444444444446,26.944444444444446,0.0025399999999999997,26.944444444444446,0.000254,80.515785
2025,1,9,26.38888888888889,26.38888888888889,0.7619999999999999,26.38888888888889,0.07619999999999999,78.84140500000001
2025,1,10,27.222222222222225,27.222222222222225,0.0025399999999999997,27.222222222222225,0.000254,68.93177299999999
2025,1,11,25.55555555555556,25.55555555555556,0.0,25.55555555555556,0.0,69.676325
2025,1,12,25.0,25.0,0.0,25.0,0.0,75.305452
2025,1,13,25.55555555555556,25.55555555555556,0.0,25.55555555555556,0.0,71.480145
2025,1,14,26.944444444444446,26.944444444444446,0.0025399999999999997,26.944444444444446,0.000254,73.685856
2025,1,15,26.38888888888889,26.38888888888889,0.0025399999999999997,26.38888888888889,0.000254,69.469076
2025,1,16,27.222222222222225,27.222222222222225,0.0,27.222222222222225,0.0,66.264742
2025,1,17,26.38888888888889,26.38888888888889,0.7619999999999999,26.38888888888889,0.07619999999999999,76.28341
2025,1,18,26.38888888888889,26.38888888888889,10.668,26.38888888888889,1.0668,82.75258
2025,1,19,26.944444444444446,26.944444444444446,1.5239999999999998,26.944444444444446,0.15239999999999998,77.32607
2025,1,20,26.38888888888889,26.38888888888889,5.334,26.38888888888889,0.5334,83.10674
2025,1,21,26.666666666666668,26.666666666666668,3.302,26.666666666666668,0.3302,77.60905
2025,1,22,26.666666666666668,26.666666666666668,7.112,26.666666666666668,0.7112,81.60093
2025,1,23,27.222222222222225,27.222222222222225,5.334,27.222222222222225,0.5334,83.2139725
2025,1,24,26.944444444444446,26.944444444444446,1.27,26.944444444444446,0.127,78.84140500000001
2025,1,25,26.944444444444446,26.944444444444446,0.7619999999999999,26.944444444444446,0.07619999999999999,81.678603
2025,1,26,26.944444444444446,26.944444444444446,1.27,26.944444444444446,0.127,77.678938
2025,1,27,27.222222222222225,27.222222222222225,5.08,27.222222222222225,0.508,74.220005
2025,1,28,26.944444444444446,26.944444444444446,0.0025399999999999997,26.944444444444446,0.000254,78.96863300000001
2025,1,29,27.222222222222225,27.222222222222225,0.0,27.222222222222225,0.0,81.60093
2025,1,30,26.944444444444446,26.944444444444446,8.889999999999999,26.944444444444446,0.8889999999999999,80.05248
2025,1,31,27.222222222222225,27.222222222222225,5.334,27.222222222222225,0.5334,78.896597
2025,2,1,27.222222222222225,27.222222222222225,0.7619999999999999,27.222222222222225,0.07619999999999999,73.77727
2025,2,2,26.944444444444446,26.944444444444446,3.0479999999999996,26.944444444444446,0.30479999999999996,77.45357200000001
2025,2,3,25.27777777777778,25.27777777777778,2.54,25.27777777777778,0.254,81.107395
2025,2,4,26.666666666666668,26.666666666666668,1.27,26.666666666666668,0.127,76.628809
2025,2,5,25.833333333333336,25.833333333333336,4.571999999999999,25.833333333333336,0.45719999999999994,78.20259
2025,2,6,26.38888888888889,26.38888888888889,6.858,26.38888888888889,0.6858,78.047462
2025,2,7,26.666666666666668,26.666666666666668,5.334,26.666666666666668,0.5334,81.45746
2025,2,8,26.11111111111111,26.11111111111111,4.571999999999999,26.11111111111111,0.45719999999999994,82.294716
2025,2,9,26.944444444444446,26.944444444444446,1.27,26.944444444444446,0.127,78.53714500000001
2025,2,10,26.944444444444446,26.944444444444446,0.254,26.944444444444446,0.0254,78.748373
2025,2,11,26.38888888888889,26.38888888888889,6.35,26.38888888888889,0.635,76.1507965
2025,2,12,26.38888888888889,26.38888888888889,1.016,26.38888888888889,0.1016,75.5717925
2025,2,13,26.38888888888889,26.38888888888889,10.413999999999998,26.38888888888889,1.0413999999999999,75.5907555
2025,2,14,25.833333333333336,25.833333333333336,10.668,25.833333333333336,1.0668,75.52789100000001
2025,2,15,25.55555555555556,25.55555555555556,4.064,25.55555555555556,0.4064,74.50783799999999
2025,2,16,26.944444444444446,26.944444444444446,1.778,26.944444444444446,0.1778,69.37562
2025,2,17,26.38888888888889,26.38888888888889,0.254,26.38888888888889,0.0254,71.5496065
2025,2,18,26.11111111111111,26.11111111111111,0.0,26.11111111111111,0.0,68.1928725
2025,2,19,26.944444444444446,26.944444444444446,0.0,26.944444444444446,0.0,66.595133
2025,2,20,26.944444444444446,26.944444444444446,5.08,26.944444444444446,0.508,75.71570600000001
2025,2,21,26.666666666666668,26.666666666666668,0.0,26.666666666666668,0.0,73.5985085
2025,2,22,26.666666666666668,26.666666666666668,0.254,26.666666666666668,0.0254,77.246252
2025,2,23,26.666666666666668,26.666666666666668,0.254,26.666666666666668,0.0254,74.65623
2025,2,24,26.944444444444446,26.944444444444446,1.5239999999999998,26.944444444444446,0.15239999999999998,69.397025
2025,2,25,26.666666666666668,26.666666666666668,5.08,26.666666666666668,0.508,76.708043
2025,2,26,26.944444444444446,26.944444444444446,0.0025399999999999997,26.944444444444446,0.000254,76.587244
2025,2,27,27.222222222222225,27.222222222222225,0.0,27.222222222222225,0.0,75.696743
2025,2,28,27.222222222222225,27.222222222222225,6.095999999999999,27.222222222222225,0.6095999999999999,77.736913
2025,3,1,26.944444444444446,26.944444444444446,0.0025399999999999997,26.944444444444446,0.000254,72.78993200000001
2025,3,2,27.222222222222225,27.222222222222225,0.0025399999999999997,27.222222222222225,0.000254,67.016664
2025,3,3,27.5,27.5,0.0,27.5,0.0,72.200827
2025,3,4,26.38888888888889,26.38888888888889,6.35,26.38888888888889,0.635,81.107395
2025,3,5,26.944444444444446,26.944444444444446,0.254,26.944444444444446,0.0254,76.708043
2025,3,6,28.333333333333336,28.333333333333336,0.0,28.333333333333336,0.0,69.61197849999999
2025,3,7,27.77777777777778,27.77777777777778,0.0,27.77777777777778,0.0,72.23770999999999
2025,3,8,28.05555555555556,28.05555555555556,0.508,28.05555555555556,0.0508,71.85709
2025,3,9,27.77777777777778,27.77777777777778,1.5239999999999998,27.77777777777778,0.15239999999999998,74.23796300000001
2025,3,10,28.05555555555556,28.05555555555556,1.778,28.05555555555556,0.1778,72.2913535
2025,3,11,28.05555555555556,28.05555555555556,0.0,28.05555555555556,0.0,60.4348125
2025,3,12,27.77777777777778,27.77777777777778,0.0,27.77777777777778,0.0,61.3812295
2025,3,13,28.05555555555556,28.05555555555556,4.571999999999999,28.05555555555556,0.45719999999999994,72.90563
2025,3,14,25.0,25.0,19.049999999999997,25.0,1.9049999999999998,82.155878
2025,3,15,25.833333333333336,25.833333333333336,0.0,25.833333333333336,0.0,72.444845
2025,3,16,26.944444444444446,26.944444444444446,0.0,26.944444444444446,0.0,67.2922995
2025,3,17,26.944444444444446,26.944444444444446,0.0,26.944444444444446,0.0,63.4271025
2025,3,18,27.222222222222225,27.222222222222225,3.8099999999999996,27.222222222222225,0.38099999999999995,69.652935
2025,3,19,26.666666666666668,26.666666666666668,0.0,26.666666666666668,0.0,47.7167115
2025,3,20,25.833333333333336,25.833333333333336,0.0,25.833333333333336,0.0,44.2626355
2025,3,21,26.666666666666668,26.666666666666668,0.0025399999999999997,26.666666666666668,0.000254,73.806655
2025,3,22,25.55555555555556,25.55555555555556,27.686,25.55555555555556,2.7686,87.78303
2025,3,23,26.666666666666668,26.666666666666668,10.921999999999999,26.666666666666668,1.0921999999999998,75.1706585
2025,3,24,27.222222222222225,27.222222222222225,1.5239999999999998,27.222222222222225,0.15239999999999998,75.5907555
2025,3,25,26.666666666666668,26.666666666666668,7.112,26.666666666666668,0.7112,76.507492
2025,3,26,27.222222222222225,27.222222222222225,1.016,27.222222222222225,0.1016,71.788717
2025,3,27,27.5,27.5,0.0025399999999999997,27.5,0.000254,69.2074085
2025,3,28,26.944444444444446,26.944444444444446,1.016,26.944444444444446,0.1016,73.687449
2025,3,29,26.38888888888889,26.38888888888889,6.604,26.38888888888889,0.6604,77.71795
2025,3,30,26.11111111111111,26.11111111111111,1.778,26.11111111111111,0.1778,77.0985775
2025,3,31,26.11111111111111,26.11111111111111,6.858,26.11111111111111,0.6858,73.5698795
2025,4,1,26.666666666666668,26.666666666666668,3.0479999999999996,26.666666666666668,0.30479999999999996,73.64573
2025,4,2,26.11111111111111,26.11111111111111,9.143999999999998,26.11111111111111,0.9143999999999999,78.108251
2025,4,3,26.11111111111111,26.11111111111111,3.556,26.11111111111111,0.3556,71.97632
2025,4,4,25.55555555555556,25.55555555555556,8.636000000000001,25.55555555555556,0.8636000000000001,73.98788
2025,4,5,25.27777777777778,25.27777777777778,8.636000000000001,25.27777777777778,0.8636000000000001,79.430335
2025,4,6,25.27777777777778,25.27777777777778,0.0025399999999999997,25.27777777777778,0.000254,74.527023
2025,4,7,25.55555555555556,25.55555555555556,1.778,25.55555555555556,0.1778,75.470673
2025,4,8,25.833333333333336,25.833333333333336,2.54,25.833333333333336,0.254,79.18675999999999
2025,4,9,26.944444444444446,26.944444444444446,1.016,26.944444444444446,0.1016,76.628809
2025,4,10,27.222222222222225,27.222222222222225,0.0025399999999999997,27.222222222222225,0.000254,77.35688400000001
