station,day,max_temp_f,min_temp_f,precip_in,min_rh,avg_rh,max_rh
NGBP4,7/18/2004,,,0,,,
NGBP4,7/19/2004,,,0.25,,,
NGBP4,7/20/2004,,,0.07,,,
NGBP4,7/21/2004,,,0.15,,,
NGBP4,7/22/2004,,,0.31,,,
NGBP4,7/23/2004,,,0.03,,,
NGBP4,7/24/2004,,,0,,,
NGBP4,7/25/2004,,,0,,,
NGBP4,7/26/2004,,,0.52,,,
NGBP4,7/27/2004,,,0.47,,,
NGBP4,7/28/2004,,,0,,,
NGBP4,7/29/2004,,,0,,,
NGBP4,7/30/2004,,,0.2,,,
NGBP4,7/31/2004,,,0.17,,,
NGBP4,8/1/2004,,,0.14,,,
NGBP4,8/2/2004,,,0,,,
NGBP4,8/3/2004,,,0,,,
NGBP4,8/4/2004,,,0,,,
NGBP4,8/5/2004,,,0.24,,,
NGBP4,8/6/2004,,,0.32,,,
NGBP4,8/7/2004,,,0,,,
NGBP4,8/8/2004,,,0,,,
NGBP4,8/9/2004,,,0.3,,,
NGBP4,8/10/2004,,,0.15,,,
NGBP4,8/11/2004,,,0,,,
NGBP4,8/12/2004,,,1.3,,,
NGBP4,8/13/2004,,,0.27,,,
NGBP4,8/14/2004,,,0.15,,,
NGBP4,8/15/2004,,,0.39,,,
NGBP4,8/16/2004,,,0,,,
NGBP4,8/17/2004,,,0,,,
NGBP4,8/18/2004,,,0,,,
NGBP4,8/19/2004,,,0.12,,,
NGBP4,8/20/2004,,,0.09,,,
NGBP4,8/21/2004,,,0,,,
NGBP4,8/22/2004,,,0,,,
NGBP4,8/23/2004,,,0,,,
NGBP4,8/24/2004,,,0.16,,,
NGBP4,8/25/2004,,,0,,,
NGBP4,8/26/2004,,,0.07,,,
NGBP4,8/27/2004,,,0.14,,,
NGBP4,8/28/2004,,,0,,,
NGBP4,8/29/2004,,,0,,,
NGBP4,8/30/2004,,,0,,,
NGBP4,8/31/2004,,,0,,,
NGBP4,9/1/2004,,,0.42,,,
NGBP4,9/2/2004,,,0.09,,,
NGBP4,9/3/2004,,,0.22,,,
NGBP4,9/4/2004,,,0.13,,,
NGBP4,9/5/2004,,,0,,,
NGBP4,9/6/2004,,,0,,,
NGBP4,9/7/2004,,,0,,,
NGBP4,9/8/2004,,,0,,,
NGBP4,9/9/2004,,,0.17,,,
NGBP4,9/10/2004,,,0,,,
NGBP4,9/11/2004,,,0,,,
NGBP4,9/12/2004,,,0,,,
NGBP4,9/13/2004,,,0,,,
NGBP4,9/14/2004,,,0.22,,,
NGBP4,9/15/2004,,,9,,,
NGBP4,9/16/2004,,,3,,,
NGBP4,9/17/2004,,,1.72,,,
NGBP4,9/18/2004,,,0.4,,,
NGBP4,9/19/2004,,,0,,,
NGBP4,9/20/2004,,,0,,,
NGBP4,9/21/2004,,,0,,,
NGBP4,9/22/2004,,,1,,,
NGBP4,9/23/2004,,,0.49,,,
NGBP4,9/24/2004,,,0,,,
NGBP4,9/25/2004,,,0,,,
NGBP4,9/26/2004,,,0.12,,,
NGBP4,9/27/2004,,,0,,,
NGBP4,9/28/2004,,,0.37,,,
NGBP4,9/29/2004,,,0.15,,,
NGBP4,9/30/2004,,,0.09,,,
NGBP4,10/1/2004,,,0.19,,,
NGBP4,10/2/2004,,,0.23,,,
NGBP4,10/3/2004,,,0.41,,,
NGBP4,10/4/2004,,,0.52,,,
NGBP4,10/5/2004,,,0.18,,,
NGBP4,10/6/2004,,,0.07,,,
NGBP4,10/7/2004,,,0.49,,,
NGBP4,10/8/2004,,,0,,,
NGBP4,10/9/2004,,,0,,,
NGBP4,10/10/2004,,,0.17,,,
NGBP4,10/11/2004,,,0,,,
NGBP4,10/12/2004,,,0.28,,,
NGBP4,10/13/2004,,,2,,,
NGBP4,10/14/2004,,,0,,,
NGBP4,10/15/2004,,,0,,,
NGBP4,10/16/2004,,,0,,,
NGBP4,10/17/2004,,,0,,,
NGBP4,10/18/2004,,,0.2,,,
NGBP4,10/19/2004,,,0,,,
NGBP4,10/20/2004,,,0.21,,,
NGBP4,10/21/2004,,,2.35,,,
NGBP4,10/22/2004,,,,,,
NGBP4,10/23/2004,,,,,,
NGBP4,10/24/2004,,,,,,
NGBP4,10/25/2004,,,,,,
NGBP4,10/26/2004,,,,,,
NGBP4,10/27/2004,,,,,,
NGBP4,10/28/2004,,,,,,
NGBP4,10/29/2004,,,,,,
NGBP4,10/30/2004,,,,,,
NGBP4,10/31/2004,,,,,,
NGBP4,12/1/2004,,,0,,,
NGBP4,12/2/2004,,,0,,,
NGBP4,12/3/2004,,,0.1,,,
NGBP4,12/4/2004,,,0.04,,,
NGBP4,12/5/2004,,,0.07,,,
NGBP4,12/6/2004,,,0.13,,,
NGBP4,12/7/2004,,,0.42,,,
NGBP4,12/8/2004,,,0,,,
NGBP4,12/9/2004,,,0,,,
NGBP4,12/10/2004,,,0.29,,,
NGBP4,12/11/2004,,,0.35,,,
NGBP4,12/12/2004,,,0.14,,,
NGBP4,12/13/2004,,,0.72,,,
NGBP4,12/14/2004,,,0.25,,,
NGBP4,12/15/2004,,,0.27,,,
NGBP4,12/16/2004,,,0.42,,,
NGBP4,12/17/2004,,,0.1,,,
NGBP4,12/18/2004,,,1,,,
NGBP4,12/19/2004,,,0.4,,,
NGBP4,12/20/2004,,,0.32,,,
NGBP4,12/21/2004,,,0.25,,,
NGBP4,12/22/2004,,,0.19,,,
NGBP4,12/23/2004,,,0.12,,,
NGBP4,12/24/2004,,,0.35,,,
NGBP4,12/25/2004,,,0.23,,,
NGBP4,12/26/2004,,,0,,,
NGBP4,12/27/2004,,,0,,,
NGBP4,12/28/2004,,,0.1,,,
NGBP4,12/29/2004,,,0,,,
NGBP4,12/30/2004,,,0,,,
NGBP4,12/31/2004,,,0.07,,,
NGBP4,1/1/2005,,,1,,,
NGBP4,1/2/2005,,,0.87,,,
NGBP4,1/3/2005,,,0.08,,,
NGBP4,1/4/2005,,,0.12,,,
NGBP4,1/5/2005,,,0.42,,,
NGBP4,1/6/2005,,,1.37,,,
NGBP4,1/7/2005,,,0.16,,,
NGBP4,1/8/2005,,,0.28,,,
NGBP4,1/9/2005,,,0.67,,,
NGBP4,1/10/2005,,,0.31,,,
NGBP4,1/11/2005,,,0.19,,,
NGBP4,1/12/2005,,,0.32,,,
NGBP4,1/13/2005,,,0.47,,,
NGBP4,1/14/2005,,,0.65,,,
NGBP4,1/15/2005,,,0.3,,,
NGBP4,1/16/2005,,,0.07,,,
NGBP4,1/17/2005,,,0,,,
NGBP4,1/18/2005,,,0,,,
NGBP4,1/19/2005,,,1.15,,,
NGBP4,1/20/2005,,,2.7,,,
NGBP4,1/21/2005,,,0.17,,,
NGBP4,1/22/2005,,,0,,,
NGBP4,1/23/2005,,,0,,,
NGBP4,1/24/2005,,,0,,,
NGBP4,1/25/2005,,,0.06,,,
NGBP4,1/26/2005,,,0,,,
NGBP4,1/27/2005,,,0,,,
NGBP4,1/28/2005,,,0.06,,,
NGBP4,1/29/2005,,,0,,,
NGBP4,1/30/2005,,,0.09,,,
NGBP4,1/31/2005,,,0.47,,,
NGBP4,2/1/2005,,,0,,,
NGBP4,2/2/2005,,,0.04,,,
NGBP4,2/3/2005,,,0,,,
NGBP4,2/4/2005,,,0,,,
NGBP4,2/5/2005,,,0,,,
NGBP4,2/6/2005,,,0,,,
NGBP4,2/7/2005,,,0,,,
NGBP4,2/8/2005,,,0,,,
NGBP4,2/9/2005,,,0,,,
NGBP4,2/10/2005,,,0,,,
NGBP4,2/11/2005,,,0,,,
NGBP4,2/12/2005,,,0,,,
NGBP4,2/13/2005,,,0,,,
NGBP4,2/14/2005,,,0.07,,,
NGBP4,2/15/2005,,,0.24,,,
NGBP4,2/16/2005,,,1,,,
NGBP4,2/17/2005,,,0,,,
NGBP4,2/18/2005,,,0,,,
NGBP4,2/19/2005,,,0,,,
NGBP4,2/20/2005,,,0.24,,,
NGBP4,2/21/2005,,,0.32,,,
NGBP4,2/22/2005,,,0.14,,,
NGBP4,2/23/2005,,,0,,,
NGBP4,2/24/2005,,,0,,,
NGBP4,2/25/2005,,,0.32,,,
NGBP4,2/26/2005,,,0.09,,,
NGBP4,2/27/2005,,,0,,,
NGBP4,2/28/2005,,,0.07,,,
NGBP4,3/1/2005,,,0,,,
NGBP4,3/2/2005,,,0.06,,,
NGBP4,3/3/2005,,,0,,,
NGBP4,3/4/2005,,,0,,,
NGBP4,3/5/2005,,,0,,,
NGBP4,3/6/2005,,,0,,,
NGBP4,3/7/2005,,,0.11,,,
NGBP4,3/8/2005,,,0.05,,,
NGBP4,3/9/2005,,,0,,,
NGBP4,3/10/2005,,,0,,,
NGBP4,3/11/2005,,,0,,,
NGBP4,3/12/2005,,,0,,,
NGBP4,3/13/2005,,,0,,,
NGBP4,3/14/2005,,,0,,,
NGBP4,3/15/2005,,,0,,,
NGBP4,3/16/2005,,,0,,,
NGBP4,3/17/2005,,,0,,,
NGBP4,3/18/2005,,,0,,,
NGBP4,3/19/2005,,,0,,,
NGBP4,3/20/2005,,,0,,,
NGBP4,3/21/2005,,,0,,,
NGBP4,3/22/2005,,,1,,,
NGBP4,3/23/2005,,,0,,,
NGBP4,3/24/2005,,,0,,,
NGBP4,3/25/2005,,,0,,,
NGBP4,3/26/2005,,,0,,,
NGBP4,3/27/2005,,,0,,,
NGBP4,3/28/2005,,,0,,,
NGBP4,3/29/2005,,,0.04,,,
NGBP4,3/30/2005,,,0,,,
NGBP4,3/31/2005,,,0,,,
NGBP4,4/1/2005,,,0.8,,,
NGBP4,4/2/2005,,,1.25,,,
NGBP4,4/3/2005,,,0,,,
NGBP4,4/4/2005,,,0.16,,,
NGBP4,4/5/2005,,,0,,,
NGBP4,4/6/2005,,,0,,,
NGBP4,4/7/2005,,,0.08,,,
NGBP4,4/8/2005,,,0.24,,,
NGBP4,4/9/2005,,,0,,,
NGBP4,4/10/2005,,,0,,,
NGBP4,4/11/2005,,,0.07,,,
NGBP4,4/12/2005,,,0.23,,,
NGBP4,4/13/2005,,,1.95,,,
NGBP4,4/14/2005,,,0.11,,,
NGBP4,4/15/2005,,,0,,,
NGBP4,4/16/2005,,,0,,,
NGBP4,4/17/2005,,,0,,,
NGBP4,4/18/2005,,,0.06,,,
NGBP4,4/19/2005,,,0.9,,,
NGBP4,4/20/2005,,,3,,,
NGBP4,4/21/2005,,,0.3,,,
NGBP4,4/22/2005,,,1.58,,,
NGBP4,4/23/2005,,,0,,,
NGBP4,4/24/2005,,,1.07,,,
NGBP4,4/25/2005,,,0.37,,,
NGBP4,4/26/2005,,,0.61,,,
NGBP4,4/27/2005,,,0.32,,,
NGBP4,4/28/2005,,,0.84,,,
NGBP4,4/29/2005,,,1,,,
NGBP4,4/30/2005,,,0.7,,,
NGBP4,5/1/2005,,,0,,,
NGBP4,5/2/2005,,,0.13,,,
NGBP4,5/3/2005,,,0,,,
NGBP4,5/4/2005,,,0,,,
NGBP4,5/5/2005,,,0,,,
NGBP4,5/6/2005,,,0,,,
NGBP4,5/7/2005,,,2,,,
NGBP4,5/8/2005,,,1.08,,,
NGBP4,5/9/2005,,,0,,,
NGBP4,5/10/2005,,,0,,,
NGBP4,5/11/2005,,,0,,,
NGBP4,5/12/2005,,,0.13,,,
NGBP4,5/13/2005,,,2,,,
NGBP4,5/14/2005,,,0.7,,,
NGBP4,5/15/2005,,,3.5,,,
NGBP4,5/16/2005,,,0.25,,,
NGBP4,5/17/2005,,,4,,,
NGBP4,5/18/2005,,,0.35,,,
NGBP4,5/19/2005,,,1.31,,,
NGBP4,5/20/2005,,,0.07,,,
NGBP4,5/21/2005,,,0.2,,,
NGBP4,5/22/2005,,,0.12,,,
NGBP4,5/23/2005,,,3.45,,,
NGBP4,5/24/2005,,,0,,,
NGBP4,5/25/2005,,,0,,,
NGBP4,5/26/2005,,,0.08,,,
NGBP4,5/27/2005,,,0.42,,,
NGBP4,5/28/2005,,,0,,,
NGBP4,5/29/2005,,,0,,,
NGBP4,5/30/2005,,,0.1,,,
NGBP4,5/31/2005,,,0.12,,,
NGBP4,6/1/2005,,,0.12,,,
NGBP4,6/2/2005,,,0.33,,,
NGBP4,6/3/2005,,,0,,,
NGBP4,6/4/2005,,,0,,,
NGBP4,6/5/2005,,,0.13,,,
NGBP4,6/6/2005,,,0.32,,,
NGBP4,6/7/2005,,,1,,,
NGBP4,6/8/2005,,,0.6,,,
NGBP4,6/9/2005,,,0.07,,,
NGBP4,6/10/2005,,,1.03,,,
NGBP4,6/11/2005,,,0.6,,,
NGBP4,6/12/2005,,,6,,,
NGBP4,6/13/2005,,,0.72,,,
NGBP4,6/14/2005,,,0.04,,,
NGBP4,6/15/2005,,,0,,,
NGBP4,6/16/2005,,,0,,,
NGBP4,6/17/2005,,,0,,,
NGBP4,6/18/2005,,,0,,,
NGBP4,6/19/2005,,,0,,,
NGBP4,6/20/2005,,,0,,,
NGBP4,6/21/2005,,,0.15,,,
NGBP4,6/22/2005,,,0.07,,,
NGBP4,6/23/2005,,,0.06,,,
NGBP4,6/24/2005,,,0,,,
NGBP4,6/25/2005,,,0,,,
NGBP4,6/26/2005,,,0.14,,,
NGBP4,6/27/2005,,,0.24,,,
NGBP4,6/28/2005,,,0.1,,,
NGBP4,6/29/2005,,,0.21,,,
NGBP4,6/30/2005,,,0,,,
NGBP4,7/1/2005,,,0,,,
NGBP4,7/2/2005,,,0,,,
NGBP4,7/3/2005,,,0,,,
NGBP4,7/4/2005,,,1.3,,,
NGBP4,7/5/2005,,,1.17,,,
NGBP4,7/6/2005,,,0.18,,,
NGBP4,7/7/2005,,,0.2,,,
NGBP4,7/8/2005,,,0.04,,,
NGBP4,7/9/2005,,,0,,,
NGBP4,7/10/2005,,,0.2,,,
NGBP4,7/11/2005,,,0.39,,,
NGBP4,7/12/2005,,,1,,,
NGBP4,7/13/2005,,,0.63,,,
NGBP4,7/14/2005,,,0.59,,,
NGBP4,7/15/2005,,,0,,,
NGBP4,7/16/2005,,,0,,,
NGBP4,7/17/2005,,,0.13,,,
NGBP4,7/18/2005,,,0.59,,,
NGBP4,7/19/2005,,,0.45,,,
NGBP4,7/20/2005,,,1.4,,,
NGBP4,7/21/2005,,,0.32,,,
NGBP4,7/22/2005,,,0.14,,,
NGBP4,7/23/2005,,,0.23,,,
NGBP4,7/24/2005,,,0,,,
NGBP4,7/25/2005,,,0,,,
NGBP4,7/26/2005,,,0,,,
NGBP4,7/27/2005,,,0,,,
NGBP4,7/28/2005,,,0.39,,,
NGBP4,7/29/2005,,,0.16,,,
NGBP4,7/30/2005,,,0.41,,,
NGBP4,7/31/2005,,,0.27,,,
NGBP4,8/1/2005,,,0,,,
NGBP4,8/2/2005,,,0,,,
NGBP4,8/3/2005,,,0,,,
NGBP4,8/4/2005,,,0.07,,,
NGBP4,8/5/2005,,,0.27,,,
NGBP4,8/6/2005,,,0.32,,,
NGBP4,8/7/2005,,,0.42,,,
NGBP4,8/8/2005,,,0.13,,,
NGBP4,8/9/2005,,,0.27,,,
NGBP4,8/10/2005,,,0,,,
NGBP4,8/11/2005,,,0,,,
NGBP4,8/12/2005,,,0,,,
NGBP4,8/13/2005,,,0.42,,,
NGBP4,8/14/2005,,,0.17,,,
NGBP4,8/15/2005,,,0,,,
NGBP4,8/16/2005,,,0,,,
NGBP4,8/17/2005,,,0.32,,,
NGBP4,8/18/2005,,,0.69,,,
NGBP4,8/19/2005,,,1.61,,,
NGBP4,8/20/2005,,,3.89,,,
NGBP4,8/21/2005,,,0.13,,,
NGBP4,8/22/2005,,,0,,,
NGBP4,8/23/2005,,,0,,,
NGBP4,8/24/2005,,,0,,,
NGBP4,8/25/2005,,,0,,,
NGBP4,8/26/2005,,,0.31,,,
NGBP4,8/27/2005,,,0.42,,,
NGBP4,8/28/2005,,,0.13,,,
NGBP4,8/29/2005,,,0.5,,,
NGBP4,8/30/2005,,,0.68,,,
NGBP4,8/31/2005,,,0.25,,,
NGBP4,9/1/2005,,,0,,,
NGBP4,9/2/2005,,,0,,,
NGBP4,9/3/2005,,,0,,,
NGBP4,9/4/2005,,,0,,,
NGBP4,9/5/2005,,,0,,,
NGBP4,9/6/2005,,,0,,,
NGBP4,9/7/2005,,,0,,,
NGBP4,9/8/2005,,,0.6,,,
NGBP4,9/9/2005,,,0.32,,,
NGBP4,9/10/2005,,,0.26,,,
NGBP4,9/11/2005,,,0,,,
NGBP4,9/12/2005,,,0.26,,,
NGBP4,9/13/2005,,,0.49,,,
NGBP4,9/14/2005,,,0.42,,,
NGBP4,9/15/2005,,,0.06,,,
NGBP4,9/16/2005,,,0.13,,,
NGBP4,9/17/2005,,,0,,,
NGBP4,9/18/2005,,,0,,,
NGBP4,9/19/2005,,,0,,,
NGBP4,9/20/2005,,,0.83,,,
NGBP4,9/21/2005,,,1.11,,,
NGBP4,9/22/2005,,,0.12,,,
NGBP4,9/23/2005,,,0,,,
NGBP4,9/24/2005,,,0.35,,,
NGBP4,9/25/2005,,,1.15,,,
NGBP4,9/26/2005,,,0.13,,,
NGBP4,9/27/2005,,,2.05,,,
NGBP4,9/28/2005,,,0.21,,,
NGBP4,9/29/2005,,,0.1,,,
NGBP4,9/30/2005,,,0.07,,,
NGBP4,10/1/2005,,,0.08,,,
NGBP4,10/2/2005,,,0.12,,,
NGBP4,10/3/2005,,,3.1,,,
NGBP4,10/4/2005,,,1.81,,,
NGBP4,10/5/2005,,,0.15,,,
NGBP4,10/6/2005,,,1.9,,,
NGBP4,10/7/2005,,,0.4,,,
NGBP4,10/8/2005,,,0.21,,,
NGBP4,10/9/2005,,,0.74,,,
NGBP4,10/10/2005,,,2.85,,,
NGBP4,10/11/2005,,,2.78,,,
NGBP4,10/12/2005,,,1.3,,,
NGBP4,10/13/2005,,,2.5,,,
NGBP4,10/14/2005,,,0.27,,,
NGBP4,10/15/2005,,,0.07,,,
NGBP4,10/16/2005,,,0.1,,,
NGBP4,10/17/2005,,,0.13,,,
NGBP4,10/18/2005,,,0.41,,,
NGBP4,10/19/2005,,,0.07,,,
NGBP4,10/20/2005,,,0.04,,,
NGBP4,10/21/2005,,,0.76,,,
NGBP4,10/22/2005,,,0.47,,,
NGBP4,10/23/2005,,,2.05,,,
NGBP4,10/24/2005,,,0.19,,,
NGBP4,10/25/2005,,,0,,,
NGBP4,10/26/2005,,,0.02,,,
NGBP4,10/27/2005,,,0.09,,,
NGBP4,10/28/2005,,,0,,,
NGBP4,10/29/2005,,,0.37,,,
NGBP4,10/30/2005,,,2.05,,,
NGBP4,10/31/2005,,,0.17,,,
NGBP4,11/1/2005,,,0.13,,,
NGBP4,11/2/2005,,,0.25,,,
NGBP4,11/3/2005,,,0.17,,,
NGBP4,11/4/2005,,,0.1,,,
NGBP4,11/5/2005,,,0.37,,,
NGBP4,11/6/2005,,,0,,,
NGBP4,11/7/2005,,,0.7,,,
NGBP4,11/8/2005,,,0.31,,,
NGBP4,11/9/2005,,,0.17,,,
NGBP4,11/10/2005,,,0.21,,,
NGBP4,11/11/2005,,,0.09,,,
NGBP4,11/12/2005,,,0.26,,,
NGBP4,11/13/2005,,,1,,,
NGBP4,11/14/2005,,,1.15,,,
NGBP4,11/15/2005,,,0.45,,,
NGBP4,11/16/2005,,,0,,,
NGBP4,11/17/2005,,,0,,,
NGBP4,11/18/2005,,,0,,,
NGBP4,11/19/2005,,,0.17,,,
NGBP4,11/20/2005,,,0.29,,,
NGBP4,11/21/2005,,,0.33,,,
NGBP4,11/22/2005,,,0.17,,,
NGBP4,11/23/2005,,,0,,,
NGBP4,11/24/2005,,,0.09,,,
NGBP4,11/25/2005,,,0,,,
NGBP4,11/26/2005,,,0.45,,,
NGBP4,11/27/2005,,,1.47,,,
NGBP4,11/28/2005,,,1.3,,,
NGBP4,11/29/2005,,,0.41,,,
NGBP4,11/30/2005,,,0,,,
NGBP4,12/1/2005,,,0,,,
NGBP4,12/2/2005,,,0,,,
NGBP4,12/3/2005,,,0.02,,,
NGBP4,12/4/2005,,,0.42,,,
NGBP4,12/5/2005,,,0,,,
NGBP4,12/6/2005,,,0.1,,,
NGBP4,12/7/2005,,,0.05,,,
NGBP4,12/8/2005,,,0.34,,,
NGBP4,12/9/2005,,,0.31,,,
NGBP4,12/10/2005,,,0.15,,,
NGBP4,12/11/2005,,,0.32,,,
NGBP4,12/12/2005,,,0.15,,,
NGBP4,12/13/2005,,,0,,,
NGBP4,12/14/2005,,,0.19,,,
NGBP4,12/15/2005,,,0.43,,,
NGBP4,12/16/2005,,,0.22,,,
NGBP4,12/17/2005,,,0,,,
NGBP4,12/18/2005,,,0,,,
NGBP4,12/19/2005,,,0,,,
NGBP4,12/20/2005,,,0.18,,,
NGBP4,12/21/2005,,,0,,,
NGBP4,12/22/2005,,,0.21,,,
NGBP4,12/23/2005,,,0.07,,,
NGBP4,12/24/2005,,,0.03,,,
NGBP4,12/25/2005,,,0.24,,,
NGBP4,12/26/2005,,,0.31,,,
NGBP4,12/27/2005,,,0,,,
NGBP4,12/28/2005,,,0,,,
NGBP4,12/29/2005,,,0,,,
NGBP4,12/30/2005,,,0.14,,,
NGBP4,12/31/2005,,,0.19,,,
NGBP4,1/1/2006,,,0,,,
NGBP4,1/2/2006,,,0,,,
NGBP4,1/3/2006,,,0,,,
NGBP4,1/4/2006,,,0,,,
NGBP4,1/5/2006,,,0.42,,,
NGBP4,1/6/2006,,,0.19,,,
NGBP4,1/7/2006,,,0,,,
NGBP4,1/8/2006,,,0.09,,,
NGBP4,1/9/2006,,,0.4,,,
NGBP4,1/10/2006,,,0.42,,,
NGBP4,1/11/2006,,,1.05,,,
NGBP4,1/12/2006,,,0.75,,,
NGBP4,1/13/2006,,,0.46,,,
NGBP4,1/14/2006,,,0.32,,,
NGBP4,1/15/2006,,,1.06,,,
NGBP4,1/16/2006,,,0.31,,,
NGBP4,1/17/2006,,,0.43,,,
NGBP4,1/18/2006,,,0.17,,,
NGBP4,1/19/2006,,,0.21,,,
NGBP4,1/20/2006,,,0.57,,,
NGBP4,1/21/2006,,,0.23,,,
NGBP4,1/22/2006,,,0.17,,,
NGBP4,1/23/2006,,,0,,,
NGBP4,1/24/2006,,,0,,,
NGBP4,1/25/2006,,,0,,,
NGBP4,1/26/2006,,,0.02,,,
NGBP4,1/27/2006,,,0,,,
NGBP4,1/28/2006,,,2.37,,,
NGBP4,1/29/2006,,,0.03,,,
NGBP4,1/30/2006,,,0.07,,,
NGBP4,1/31/2006,,,0.21,,,
NGBP4,2/1/2006,,,0,,,
NGBP4,2/2/2006,,,0.09,,,
NGBP4,2/3/2006,,,0.23,,,
NGBP4,2/4/2006,,,0.06,,,
NGBP4,2/5/2006,,,0.12,,,
NGBP4,2/6/2006,,,0.22,,,
NGBP4,2/7/2006,,,0.18,,,
NGBP4,2/8/2006,,,0.27,,,
NGBP4,2/9/2006,,,0,,,
NGBP4,2/10/2006,,,0,,,
NGBP4,2/11/2006,,,0.17,,,
NGBP4,2/12/2006,,,0,,,
NGBP4,2/13/2006,,,0,,,
NGBP4,2/14/2006,,,0,,,
NGBP4,2/15/2006,,,0,,,
NGBP4,2/16/2006,,,0.54,,,
NGBP4,2/17/2006,,,0.09,,,
NGBP4,2/18/2006,,,0,,,
NGBP4,2/19/2006,,,0,,,
NGBP4,2/20/2006,,,0,,,
NGBP4,2/21/2006,,,0,,,
NGBP4,2/22/2006,,,0,,,
NGBP4,2/23/2006,,,0,,,
NGBP4,2/24/2006,,,0,,,
NGBP4,2/25/2006,,,0,,,
NGBP4,2/26/2006,,,0,,,
NGBP4,2/27/2006,,,0,,,
NGBP4,2/28/2006,,,0,,,
NGBP4,3/1/2006,,,0,,,
NGBP4,3/2/2006,,,0,,,
NGBP4,3/3/2006,,,0,,,
NGBP4,3/4/2006,,,0,,,
NGBP4,3/5/2006,,,0,,,
NGBP4,3/6/2006,,,0,,,
NGBP4,3/7/2006,,,1.2,,,
NGBP4,3/8/2006,,,0,,,
NGBP4,3/9/2006,,,2.5,,,
NGBP4,3/10/2006,,,0,,,
NGBP4,3/11/2006,,,0,,,
NGBP4,3/12/2006,,,0.03,,,
NGBP4,3/13/2006,,,0.21,,,
NGBP4,3/14/2006,,,0.09,,,
NGBP4,3/15/2006,,,0,,,
NGBP4,3/16/2006,,,0,,,
NGBP4,3/17/2006,,,0.32,,,
NGBP4,3/18/2006,,,0.91,,,
NGBP4,3/19/2006,,,0,,,
NGBP4,3/20/2006,,,0,,,
NGBP4,3/21/2006,,,0.13,,,
NGBP4,3/22/2006,,,0.07,,,
NGBP4,3/23/2006,,,0,,,
NGBP4,3/24/2006,,,0,,,
NGBP4,3/25/2006,,,0,,,
NGBP4,3/26/2006,,,0,,,
NGBP4,3/27/2006,,,0.17,,,
NGBP4,3/28/2006,,,0.43,,,
NGBP4,3/29/2006,,,0.47,,,
NGBP4,3/30/2006,,,0.41,,,
NGBP4,3/31/2006,,,0.1,,,
NGBP4,4/1/2006,,,0.71,,,
NGBP4,4/2/2006,,,1.13,,,
NGBP4,4/3/2006,,,0.27,,,
NGBP4,4/4/2006,,,0.09,,,
NGBP4,4/5/2006,,,0,,,
NGBP4,4/6/2006,,,0.42,,,
NGBP4,4/7/2006,,,0.21,,,
NGBP4,4/8/2006,,,0.35,,,
NGBP4,4/9/2006,,,0,,,
NGBP4,4/10/2006,,,0,,,
NGBP4,4/11/2006,,,0,,,
NGBP4,4/12/2006,,,0.39,,,
NGBP4,4/13/2006,,,0.27,,,
NGBP4,4/14/2006,,,0.41,,,
NGBP4,4/15/2006,,,1.9,,,
NGBP4,4/16/2006,,,0.57,,,
NGBP4,4/17/2006,,,0.09,,,
NGBP4,4/18/2006,,,0.32,,,
NGBP4,4/19/2006,,,0.14,,,
NGBP4,4/20/2006,,,0.09,,,
NGBP4,4/21/2006,,,0.17,,,
NGBP4,4/22/2006,,,0.47,,,
NGBP4,4/23/2006,,,0.06,,,
NGBP4,4/24/2006,,,0,,,
NGBP4,4/25/2006,,,0,,,
NGBP4,4/26/2006,,,0,,,
NGBP4,4/27/2006,,,0.19,,,
NGBP4,4/28/2006,,,0.21,,,
NGBP4,4/29/2006,,,0.72,,,
NGBP4,4/30/2006,,,0.37,,,
NGBP4,5/1/2006,,,0.3,,,
NGBP4,5/2/2006,,,0,,,
NGBP4,5/3/2006,,,0,,,
NGBP4,5/4/2006,,,0,,,
NGBP4,5/5/2006,,,0,,,
NGBP4,5/6/2006,,,0,,,
NGBP4,5/7/2006,,,0.17,,,
NGBP4,5/8/2006,,,0,,,
NGBP4,5/9/2006,,,0,,,
NGBP4,5/10/2006,,,0.32,,,
NGBP4,5/11/2006,,,0.39,,,
NGBP4,5/12/2006,,,2,,,
NGBP4,5/13/2006,,,0.42,,,
NGBP4,5/14/2006,,,0.37,,,
NGBP4,5/15/2006,,,0.19,,,
NGBP4,5/16/2006,,,0,,,
NGBP4,5/17/2006,,,0.05,,,
NGBP4,5/18/2006,,,0,,,
NGBP4,5/19/2006,,,0,,,
NGBP4,5/20/2006,,,0,,,
NGBP4,5/21/2006,,,0,,,
NGBP4,5/22/2006,,,0,,,
NGBP4,5/23/2006,,,0,,,
NGBP4,5/24/2006,,,0,,,
NGBP4,5/25/2006,,,0,,,
NGBP4,5/26/2006,,,0,,,
NGBP4,5/27/2006,,,0,,,
NGBP4,5/28/2006,,,0,,,
NGBP4,5/29/2006,,,1.82,,,
NGBP4,5/30/2006,,,0,,,
NGBP4,5/31/2006,,,0.03,,,
NGBP4,6/1/2006,,,0.38,,,
NGBP4,6/2/2006,,,0.17,,,
NGBP4,6/3/2006,,,0.5,,,
NGBP4,6/4/2006,,,0,,,
NGBP4,6/5/2006,,,0.07,,,
NGBP4,6/6/2006,,,0.1,,,
NGBP4,6/7/2006,,,0,,,
NGBP4,6/8/2006,,,0,,,
NGBP4,6/9/2006,,,0.17,,,
NGBP4,6/10/2006,,,0.18,,,
NGBP4,6/11/2006,,,0.23,,,
NGBP4,6/12/2006,,,7.13,,,
NGBP4,6/13/2006,,,0.18,,,
NGBP4,6/14/2006,,,0,,,
NGBP4,6/15/2006,,,0,,,
NGBP4,6/16/2006,,,0,,,
NGBP4,6/17/2006,,,0.16,,,
NGBP4,6/18/2006,,,1.85,,,
NGBP4,6/19/2006,,,0.56,,,
NGBP4,6/20/2006,,,0.42,,,
NGBP4,6/21/2006,,,1,,,
NGBP4,6/22/2006,,,0.37,,,
NGBP4,6/23/2006,,,0,,,
NGBP4,6/24/2006,,,0,,,
NGBP4,6/25/2006,,,0.42,,,
NGBP4,6/26/2006,,,0.25,,,
NGBP4,6/27/2006,,,0.54,,,
NGBP4,6/28/2006,,,0.21,,,
NGBP4,6/29/2006,,,0.47,,,
NGBP4,6/30/2006,,,0.29,,,
NGBP4,7/1/2006,,,0.79,,,
NGBP4,7/2/2006,,,1.82,,,
NGBP4,7/3/2006,,,1.44,,,
NGBP4,7/4/2006,,,0.41,,,
NGBP4,7/5/2006,,,0,,,
NGBP4,7/6/2006,,,0.18,,,
NGBP4,7/7/2006,,,0.09,,,
NGBP4,7/8/2006,,,0.23,,,
NGBP4,7/9/2006,,,0.2,,,
NGBP4,7/10/2006,,,0.52,,,
NGBP4,7/11/2006,,,0.18,,,
NGBP4,7/12/2006,,,1.87,,,
NGBP4,7/13/2006,,,0.62,,,
NGBP4,7/14/2006,,,0.53,,,
NGBP4,7/15/2006,,,0.45,,,
NGBP4,7/16/2006,,,0.39,,,
NGBP4,7/17/2006,,,0.27,,,
NGBP4,7/18/2006,,,0.79,,,
NGBP4,7/19/2006,,,0.41,,,
NGBP4,7/20/2006,,,0.35,,,
NGBP4,7/21/2006,,,0.73,,,
NGBP4,7/22/2006,,,0.47,,,
NGBP4,7/23/2006,,,0.09,,,
NGBP4,7/24/2006,,,0,,,
NGBP4,7/25/2006,,,0,,,
NGBP4,7/26/2006,,,0,,,
NGBP4,7/27/2006,,,0.08,,,
NGBP4,7/28/2006,,,0.19,,,
NGBP4,7/29/2006,,,0.35,,,
NGBP4,7/30/2006,,,0.25,,,
NGBP4,7/31/2006,,,0.4,,,
NGBP4,8/1/2006,,,0.72,,,
NGBP4,8/2/2006,,,0.49,,,
NGBP4,8/3/2006,,,1.27,,,
NGBP4,8/4/2006,,,1.32,,,
NGBP4,8/5/2006,,,1.72,,,
NGBP4,8/6/2006,,,0.49,,,
NGBP4,8/7/2006,,,0.39,,,
NGBP4,8/8/2006,,,0.12,,,
NGBP4,8/9/2006,,,0.27,,,
NGBP4,8/10/2006,,,0.32,,,
NGBP4,8/11/2006,,,0.15,,,
NGBP4,8/12/2006,,,0.09,,,
NGBP4,8/13/2006,,,0.19,,,
NGBP4,8/14/2006,,,0.37,,,
NGBP4,8/15/2006,,,0.47,,,
NGBP4,8/16/2006,,,4.15,,,
NGBP4,8/17/2006,,,0.51,,,
NGBP4,8/18/2006,,,0.13,,,
NGBP4,8/19/2006,,,0,,,
NGBP4,8/20/2006,,,0,,,
NGBP4,8/21/2006,,,0,,,
NGBP4,8/22/2006,,,0,,,
NGBP4,8/23/2006,,,0,,,
NGBP4,8/24/2006,,,0,,,
NGBP4,8/25/2006,,,0.23,,,
NGBP4,8/26/2006,,,1.19,,,
NGBP4,8/27/2006,,,0,,,
NGBP4,8/28/2006,,,0.22,,,
NGBP4,8/29/2006,,,0.19,,,
NGBP4,8/30/2006,,,0,,,
NGBP4,8/31/2006,,,0,,,
NGBP4,9/1/2006,,,0,,,
NGBP4,9/2/2006,,,0.13,,,
NGBP4,9/3/2006,,,0,,,
NGBP4,9/4/2006,,,0.17,,,
NGBP4,9/5/2006,,,0.23,,,
NGBP4,9/6/2006,,,0.71,,,
NGBP4,9/7/2006,,,0.32,,,
NGBP4,9/8/2006,,,1.15,,,
NGBP4,9/9/2006,,,0.3,,,
NGBP4,9/10/2006,,,0.47,,,
NGBP4,9/11/2006,,,0,,,
NGBP4,9/12/2006,,,0,,,
NGBP4,9/13/2006,,,1.88,,,
NGBP4,9/14/2006,,,0,,,
NGBP4,9/15/2006,,,0,,,
NGBP4,9/16/2006,,,0,,,
NGBP4,9/17/2006,,,0,,,
NGBP4,9/18/2006,,,0.05,,,
NGBP4,9/19/2006,,,0,,,
NGBP4,9/20/2006,,,0,,,
NGBP4,9/21/2006,,,0,,,
NGBP4,9/22/2006,,,0,,,
NGBP4,9/23/2006,,,0.34,,,
NGBP4,9/24/2006,,,0,,,
NGBP4,9/25/2006,,,0,,,
NGBP4,9/26/2006,,,0.15,,,
NGBP4,9/27/2006,,,0.18,,,
NGBP4,9/28/2006,,,0.63,,,
NGBP4,9/29/2006,,,1.4,,,
NGBP4,9/30/2006,,,0,,,
NGBP4,10/1/2006,,,0,,,
NGBP4,10/2/2006,,,0,,,
NGBP4,10/3/2006,,,0,,,
NGBP4,10/4/2006,,,0,,,
NGBP4,10/5/2006,,,0.38,,,
NGBP4,10/6/2006,,,0,,,
NGBP4,10/7/2006,,,0,,,
NGBP4,10/8/2006,,,0,,,
NGBP4,10/9/2006,,,0.12,,,
NGBP4,10/10/2006,,,0.52,,,
NGBP4,10/11/2006,,,0.64,,,
NGBP4,10/12/2006,,,0.27,,,
NGBP4,10/13/2006,,,0.31,,,
NGBP4,10/14/2006,,,0.15,,,
NGBP4,10/15/2006,,,0.05,,,
NGBP4,10/16/2006,,,0.07,,,
NGBP4,10/17/2006,,,0.23,,,
NGBP4,10/18/2006,,,0.84,,,
NGBP4,10/19/2006,,,0.57,,,
NGBP4,10/20/2006,,,0.82,,,
NGBP4,10/21/2006,,,0.61,,,
NGBP4,10/22/2006,,,0.41,,,
NGBP4,10/23/2006,,,0.02,,,
NGBP4,10/24/2006,,,0,,,
NGBP4,10/25/2006,,,0.62,,,
NGBP4,10/26/2006,,,0.35,,,
NGBP4,10/27/2006,,,0.65,,,
NGBP4,10/28/2006,,,0.39,,,
NGBP4,10/29/2006,,,0.43,,,
NGBP4,10/30/2006,,,0.17,,,
NGBP4,10/31/2006,,,0.27,,,
NGBP4,11/1/2006,,,0.31,,,
NGBP4,11/2/2006,,,0.27,,,
NGBP4,11/3/2006,,,0.4,,,
NGBP4,11/4/2006,,,0,,,
NGBP4,11/5/2006,,,0,,,
NGBP4,11/6/2006,,,0,,,
NGBP4,11/7/2006,,,0,,,
NGBP4,11/8/2006,,,0,,,
NGBP4,11/9/2006,,,0,,,
NGBP4,11/10/2006,,,0,,,
NGBP4,11/11/2006,,,0.05,,,
NGBP4,11/12/2006,,,0,,,
NGBP4,11/13/2006,,,0.17,,,
NGBP4,11/14/2006,,,3.85,,,
NGBP4,11/15/2006,,,0.38,,,
NGBP4,11/16/2006,,,0.07,,,
NGBP4,11/17/2006,,,0,,,
NGBP4,11/18/2006,,,0,,,
NGBP4,11/19/2006,,,0,,,
NGBP4,11/20/2006,,,0,,,
NGBP4,11/21/2006,,,0.13,,,
NGBP4,11/22/2006,,,0,,,
NGBP4,11/23/2006,,,0,,,
NGBP4,11/24/2006,,,0,,,
NGBP4,11/25/2006,,,0.24,,,
NGBP4,11/26/2006,,,0.62,,,
NGBP4,11/27/2006,,,0.09,,,
NGBP4,11/28/2006,,,0.53,,,
NGBP4,11/29/2006,,,0.11,,,
NGBP4,11/30/2006,,,0.26,,,
NGBP4,12/1/2006,,,0.59,,,
NGBP4,12/2/2006,,,0.45,,,
NGBP4,12/3/2006,,,0.37,,,
NGBP4,12/4/2006,,,0.71,,,
NGBP4,12/5/2006,,,0.32,,,
NGBP4,12/6/2006,,,0.91,,,
NGBP4,12/7/2006,,,0.07,,,
NGBP4,12/8/2006,,,0.05,,,
NGBP4,12/9/2006,,,0,,,
NGBP4,12/10/2006,,,0,,,
NGBP4,12/11/2006,,,0.03,,,
NGBP4,12/12/2006,,,0.17,,,
NGBP4,12/13/2006,,,0.15,,,
NGBP4,12/14/2006,,,0.22,,,
NGBP4,12/15/2006,,,0,,,
NGBP4,12/16/2006,,,0,,,
NGBP4,12/17/2006,,,0.11,,,
NGBP4,12/18/2006,,,0.14,,,
NGBP4,12/19/2006,,,0.09,,,
NGBP4,12/20/2006,,,0,,,
NGBP4,12/21/2006,,,0,,,
NGBP4,12/22/2006,,,0.28,,,
NGBP4,12/23/2006,,,0.31,,,
NGBP4,12/24/2006,,,0.14,,,
NGBP4,12/25/2006,,,0.09,,,
NGBP4,12/26/2006,,,0.17,,,
NGBP4,12/27/2006,,,0.4,,,
NGBP4,12/28/2006,,,0.18,,,
NGBP4,12/29/2006,,,0,,,
NGBP4,12/30/2006,,,0.07,,,
NGBP4,12/31/2006,,,0,,,
NGBP4,1/1/2007,,,0.19,,,
NGBP4,1/2/2007,,,0.27,,,
NGBP4,1/3/2007,,,0.31,,,
NGBP4,1/4/2007,,,0.23,,,
NGBP4,1/5/2007,,,0.11,,,
NGBP4,1/6/2007,,,0.19,,,
NGBP4,1/7/2007,,,0,,,
NGBP4,1/8/2007,,,0.15,,,
NGBP4,1/9/2007,,,0,,,
NGBP4,1/10/2007,,,0,,,
NGBP4,1/11/2007,,,0.05,,,
NGBP4,1/12/2007,,,0.32,,,
NGBP4,1/13/2007,,,0.41,,,
NGBP4,1/14/2007,,,0.09,,,
NGBP4,1/15/2007,,,0,,,
NGBP4,1/16/2007,,,0,,,
NGBP4,1/17/2007,,,0.42,,,
NGBP4,1/18/2007,,,0.21,,,
NGBP4,1/19/2007,,,0.32,,,
NGBP4,1/20/2007,,,0.29,,,
NGBP4,1/21/2007,,,0.07,,,
NGBP4,1/22/2007,,,0,,,
NGBP4,1/23/2007,,,0,,,
NGBP4,1/24/2007,,,0,,,
NGBP4,1/25/2007,,,0,,,
NGBP4,1/26/2007,,,0,,,
NGBP4,1/27/2007,,,0,,,
NGBP4,1/28/2007,,,0,,,
NGBP4,1/29/2007,,,0,,,
NGBP4,1/30/2007,,,0,,,
NGBP4,1/31/2007,,,0,,,
NGBP4,2/1/2007,,,0,,,
NGBP4,2/2/2007,,,0,,,
NGBP4,2/3/2007,,,0,,,
NGBP4,2/4/2007,,,0,,,
NGBP4,2/5/2007,,,0.32,,,
NGBP4,2/6/2007,,,0.63,,,
NGBP4,2/7/2007,,,0,,,
NGBP4,2/8/2007,,,0,,,
NGBP4,2/9/2007,,,0,,,
NGBP4,2/10/2007,,,0,,,
NGBP4,2/11/2007,,,0,,,
NGBP4,2/12/2007,,,0,,,
NGBP4,2/13/2007,,,0,,,
NGBP4,2/14/2007,,,0,,,
NGBP4,2/15/2007,,,0,,,
NGBP4,2/16/2007,,,0,,,
NGBP4,2/17/2007,,,0,,,
NGBP4,2/18/2007,,,0,,,
NGBP4,2/19/2007,,,0,,,
NGBP4,2/20/2007,,,0.07,,,
NGBP4,2/21/2007,,,0.32,,,
NGBP4,2/22/2007,,,0.39,,,
NGBP4,2/23/2007,,,0,,,
NGBP4,2/24/2007,,,0,,,
NGBP4,2/25/2007,,,0,,,
NGBP4,2/26/2007,,,0,,,
NGBP4,2/27/2007,,,0,,,
NGBP4,2/28/2007,,,0.75,,,
NGBP4,3/1/2007,,,0.02,,,
NGBP4,3/2/2007,,,0,,,
NGBP4,3/3/2007,,,0.09,,,
NGBP4,3/4/2007,,,0.13,,,
NGBP4,3/5/2007,,,0.42,,,
NGBP4,3/6/2007,,,0.6,,,
NGBP4,3/7/2007,,,0,,,
NGBP4,3/8/2007,,,0,,,
NGBP4,3/9/2007,,,0,,,
NGBP4,3/10/2007,,,0,,,
NGBP4,3/11/2007,,,0,,,
NGBP4,3/12/2007,,,0,,,
NGBP4,3/13/2007,,,0.23,,,
NGBP4,3/14/2007,,,0.07,,,
NGBP4,3/15/2007,,,0.03,,,
NGBP4,3/16/2007,,,0,,,
NGBP4,3/17/2007,,,0,,,
NGBP4,3/18/2007,,,0,,,
NGBP4,3/19/2007,,,0.23,,,
NGBP4,3/20/2007,,,0,,,
NGBP4,3/21/2007,,,0,,,
NGBP4,3/22/2007,,,0.21,,,
NGBP4,3/23/2007,,,0.09,,,
NGBP4,3/24/2007,,,0,,,
NGBP4,3/25/2007,,,0.07,,,
NGBP4,3/26/2007,,,0.34,,,
NGBP4,3/27/2007,,,0.87,,,
NGBP4,3/28/2007,,,0.67,,,
NGBP4,3/29/2007,,,0.82,,,
NGBP4,3/30/2007,,,0.21,,,
NGBP4,3/31/2007,,,2.26,,,
NGBP4,4/1/2007,,,0,,,
NGBP4,4/2/2007,,,0,,,
NGBP4,4/3/2007,,,0,,,
NGBP4,4/4/2007,,,0.07,,,
NGBP4,4/5/2007,,,0.39,,,
NGBP4,4/6/2007,,,0.15,,,
NGBP4,4/7/2007,,,0,,,
NGBP4,4/8/2007,,,0,,,
NGBP4,4/9/2007,,,0,,,
NGBP4,4/10/2007,,,0,,,
NGBP4,4/11/2007,,,0,,,
NGBP4,4/12/2007,,,0,,,
NGBP4,4/13/2007,,,0,,,
NGBP4,4/14/2007,,,0,,,
NGBP4,4/15/2007,,,0,,,
NGBP4,4/16/2007,,,0,,,
NGBP4,4/17/2007,,,0,,,
NGBP4,4/18/2007,,,0,,,
NGBP4,4/19/2007,,,0,,,
NGBP4,4/20/2007,,,0.09,,,
NGBP4,4/21/2007,,,1.37,,,
NGBP4,4/22/2007,,,0.53,,,
NGBP4,4/23/2007,,,1.91,,,
NGBP4,4/24/2007,,,0.78,,,
NGBP4,4/25/2007,,,0.37,,,
NGBP4,4/26/2007,,,0,,,
NGBP4,4/27/2007,,,0,,,
NGBP4,4/28/2007,,,0,,,
NGBP4,4/29/2007,,,0.38,,,
NGBP4,4/30/2007,,,0.72,,,
NGBP4,5/1/2007,,,1.05,,,
NGBP4,5/2/2007,,,0.34,,,
NGBP4,5/3/2007,,,0.17,,,
NGBP4,5/4/2007,,,0.24,,,
NGBP4,5/5/2007,,,0.47,,,
NGBP4,5/6/2007,,,0.07,,,
NGBP4,5/7/2007,,,0.09,,,
NGBP4,5/8/2007,,,0.14,,,
NGBP4,5/9/2007,,,0.16,,,
NGBP4,5/10/2007,,,0.19,,,
NGBP4,5/11/2007,,,0.07,,,
NGBP4,5/12/2007,,,0,,,
NGBP4,5/13/2007,,,0,,,
NGBP4,5/14/2007,,,0,,,
NGBP4,5/15/2007,,,0,,,
NGBP4,5/16/2007,,,0,,,
NGBP4,5/17/2007,,,0,,,
NGBP4,5/18/2007,,,0,,,
NGBP4,5/19/2007,,,0,,,
NGBP4,5/20/2007,,,0,,,
NGBP4,5/21/2007,,,0,,,
NGBP4,5/22/2007,,,0,,,
NGBP4,5/23/2007,,,0,,,
NGBP4,5/24/2007,,,0,,,
NGBP4,5/25/2007,,,0,,,
NGBP4,5/26/2007,,,0.03,,,
NGBP4,5/27/2007,,,0.09,,,
NGBP4,5/28/2007,,,0.15,,,
NGBP4,5/29/2007,,,0.11,,,
NGBP4,5/30/2007,,,0.13,,,
NGBP4,5/31/2007,,,0.19,,,
NGBP4,6/1/2007,,,0.37,,,
NGBP4,6/2/2007,,,0.15,,,
NGBP4,6/3/2007,,,0.07,,,
NGBP4,6/4/2007,,,0.09,,,
NGBP4,6/5/2007,,,0,,,
NGBP4,6/6/2007,,,0,,,
NGBP4,6/7/2007,,,0.76,,,
NGBP4,6/8/2007,,,0.11,,,
NGBP4,6/9/2007,,,0.24,,,
NGBP4,6/10/2007,,,0.14,,,
NGBP4,6/11/2007,,,0.09,,,
NGBP4,6/12/2007,,,0.27,,,
NGBP4,6/13/2007,,,0.04,,,
NGBP4,6/14/2007,,,0,,,
NGBP4,6/15/2007,,,0,,,
NGBP4,6/16/2007,,,0.27,,,
NGBP4,6/17/2007,,,0.2,,,
NGBP4,6/18/2007,,,0.17,,,
NGBP4,6/19/2007,,,0.11,,,
NGBP4,6/20/2007,,,0.52,,,
NGBP4,6/21/2007,,,0,,,
NGBP4,6/22/2007,,,0,,,
NGBP4,6/23/2007,,,0,,,
NGBP4,6/24/2007,,,0.62,,,
NGBP4,6/25/2007,,,0.16,,,
NGBP4,6/26/2007,,,0.32,,,
NGBP4,6/27/2007,,,0.14,,,
NGBP4,6/28/2007,,,0,,,
NGBP4,6/29/2007,,,0,,,
NGBP4,6/30/2007,,,0,,,
NGBP4,7/1/2007,,,0,,,
NGBP4,7/2/2007,,,0,,,
NGBP4,7/3/2007,,,0.17,,,
NGBP4,7/4/2007,,,0.09,,,
NGBP4,7/5/2007,,,0.43,,,
NGBP4,7/6/2007,,,0.47,,,
NGBP4,7/7/2007,,,0.32,,,
NGBP4,7/8/2007,,,0.17,,,
NGBP4,7/9/2007,,,0.21,,,
NGBP4,7/10/2007,,,0.25,,,
NGBP4,7/11/2007,,,0.11,,,
NGBP4,7/12/2007,,,0,,,
NGBP4,7/13/2007,,,0,,,
NGBP4,7/14/2007,,,0,,,
NGBP4,7/15/2007,,,0,,,
NGBP4,7/16/2007,,,0,,,
NGBP4,7/17/2007,,,0,,,
NGBP4,7/18/2007,,,0,,,
NGBP4,7/19/2007,,,0,,,
NGBP4,7/20/2007,,,0,,,
NGBP4,7/21/2007,,,0,,,
NGBP4,7/22/2007,,,0,,,
NGBP4,7/23/2007,,,0,,,
NGBP4,7/24/2007,,,0,,,
NGBP4,7/25/2007,,,0,,,
NGBP4,7/26/2007,,,0.32,,,
NGBP4,7/27/2007,,,0.41,,,
NGBP4,7/28/2007,,,0.03,,,
NGBP4,7/29/2007,,,0,,,
NGBP4,7/30/2007,,,0.07,,,
NGBP4,7/31/2007,,,0,,,
NGBP4,8/1/2007,,,0,,,
NGBP4,8/2/2007,,,0,,,
NGBP4,8/3/2007,,,0,,,
NGBP4,8/4/2007,,,0,,,
NGBP4,8/5/2007,,,0.03,,,
NGBP4,8/6/2007,,,0.05,,,
NGBP4,8/7/2007,,,0.75,,,
NGBP4,8/8/2007,,,1.8,,,
NGBP4,8/9/2007,,,1.02,,,
NGBP4,8/10/2007,,,0.5,,,
NGBP4,8/11/2007,,,0,,,
NGBP4,8/12/2007,,,0,,,
NGBP4,8/13/2007,,,0,,,
NGBP4,8/14/2007,,,0,,,
NGBP4,8/15/2007,,,0.1,,,
NGBP4,8/16/2007,,,0,,,
NGBP4,8/17/2007,,,0.08,,,
NGBP4,8/18/2007,,,0,,,
NGBP4,8/19/2007,,,1.09,,,
NGBP4,8/20/2007,,,0.04,,,
NGBP4,8/21/2007,,,0.37,,,
NGBP4,8/22/2007,,,0.51,,,
NGBP4,8/23/2007,,,0.46,,,
NGBP4,8/24/2007,,,0.15,,,
NGBP4,8/25/2007,,,0.85,,,
NGBP4,8/26/2007,,,0.38,,,
NGBP4,8/27/2007,,,0.4,,,
NGBP4,8/28/2007,,,0.1,,,
NGBP4,8/29/2007,,,0.17,,,
NGBP4,8/30/2007,,,0,,,
NGBP4,8/31/2007,,,0.32,,,
NGBP4,9/1/2007,,,0,,,
NGBP4,9/2/2007,,,0.12,,,
NGBP4,9/3/2007,,,0.17,,,
NGBP4,9/4/2007,,,0,,,
NGBP4,9/5/2007,,,1.58,,,
NGBP4,9/6/2007,,,0,,,
NGBP4,9/7/2007,,,0,,,
NGBP4,9/8/2007,,,0,,,
NGBP4,9/9/2007,,,0.09,,,
NGBP4,9/10/2007,,,0.27,,,
NGBP4,9/11/2007,,,0,,,
NGBP4,9/12/2007,,,0,,,
NGBP4,9/13/2007,,,0.42,,,
NGBP4,9/14/2007,,,0.09,,,
NGBP4,9/15/2007,,,1.12,,,
NGBP4,9/16/2007,,,0.7,,,
NGBP4,9/17/2007,,,0.24,,,
NGBP4,9/18/2007,,,0,,,
NGBP4,9/19/2007,,,0.07,,,
NGBP4,9/20/2007,,,0.02,,,
NGBP4,9/21/2007,,,0.23,,,
NGBP4,9/22/2007,,,0.51,,,
NGBP4,9/23/2007,,,0.04,,,
NGBP4,9/24/2007,,,0.16,,,
NGBP4,9/25/2007,,,0.1,,,
NGBP4,9/26/2007,,,0.5,,,
NGBP4,9/27/2007,,,0.05,,,
NGBP4,9/28/2007,,,1.3,,,
NGBP4,9/29/2007,,,0.19,,,
NGBP4,9/30/2007,,,0.21,,,
NGBP4,10/1/2007,,,1,,,
NGBP4,10/2/2007,,,0.58,,,
NGBP4,10/3/2007,,,0.1,,,
NGBP4,10/4/2007,,,0.17,,,
NGBP4,10/5/2007,,,0.09,,,
NGBP4,10/6/2007,,,1.22,,,
NGBP4,10/7/2007,,,0.51,,,
NGBP4,10/8/2007,,,0.2,,,
NGBP4,10/9/2007,,,0.75,,,
NGBP4,10/10/2007,,,0.02,,,
NGBP4,10/11/2007,,,0.49,,,
NGBP4,10/12/2007,,,1.36,,,
NGBP4,10/13/2007,,,0.04,,,
NGBP4,10/14/2007,,,0,,,
NGBP4,10/15/2007,,,0,,,
NGBP4,10/16/2007,,,0.13,,,
NGBP4,10/17/2007,,,0.19,,,
NGBP4,10/18/2007,,,0,,,
NGBP4,10/19/2007,,,0,,,
NGBP4,10/20/2007,,,0,,,
NGBP4,10/21/2007,,,0.03,,,
NGBP4,10/22/2007,,,0.17,,,
NGBP4,10/23/2007,,,1.15,,,
NGBP4,10/24/2007,,,0.49,,,
NGBP4,10/25/2007,,,0.2,,,
NGBP4,10/26/2007,,,0.97,,,
NGBP4,10/27/2007,,,1.8,,,
NGBP4,10/28/2007,,,2.9,,,
NGBP4,10/29/2007,,,4.32,,,
NGBP4,10/30/2007,,,0.75,,,
NGBP4,10/31/2007,,,0.04,,,
NGBP4,11/1/2007,,,0,,,
NGBP4,11/2/2007,,,0,,,
NGBP4,11/3/2007,,,0,,,
NGBP4,11/4/2007,,,0.17,,,
NGBP4,11/5/2007,,,0.44,,,
NGBP4,11/6/2007,,,0.4,,,
NGBP4,11/7/2007,,,0,,,
NGBP4,11/8/2007,,,0,,,
NGBP4,11/9/2007,,,0,,,
NGBP4,11/10/2007,,,0,,,
NGBP4,11/11/2007,,,0,,,
NGBP4,11/12/2007,,,0.32,,,
NGBP4,11/13/2007,,,1.24,,,
NGBP4,11/14/2007,,,0.17,,,
NGBP4,11/15/2007,,,0,,,
NGBP4,11/16/2007,,,0,,,
NGBP4,11/17/2007,,,0,,,
NGBP4,11/18/2007,,,0,,,
NGBP4,11/19/2007,,,0.32,,,
NGBP4,11/20/2007,,,1.57,,,
NGBP4,11/21/2007,,,1.29,,,
NGBP4,11/22/2007,,,0,,,
NGBP4,11/23/2007,,,0.42,,,
NGBP4,11/24/2007,,,0,,,
NGBP4,11/25/2007,,,0,,,
NGBP4,11/26/2007,,,0.07,,,
NGBP4,11/27/2007,,,0.1,,,
NGBP4,11/28/2007,,,0,,,
NGBP4,11/29/2007,,,0.21,,,
NGBP4,11/30/2007,,,0.09,,,
NGBP4,12/1/2007,,,0.5,,,
NGBP4,12/2/2007,,,0.32,,,
NGBP4,12/3/2007,,,0.62,,,
NGBP4,12/4/2007,,,0.41,,,
NGBP4,12/5/2007,,,0,,,
NGBP4,12/6/2007,,,0,,,
NGBP4,12/7/2007,,,0.21,,,
NGBP4,12/8/2007,,,0.13,,,
NGBP4,12/9/2007,,,0.28,,,
NGBP4,12/10/2007,,,0.77,,,
NGBP4,12/11/2007,,,2.41,,,
NGBP4,12/12/2007,,,1.32,,,
NGBP4,12/13/2007,,,1.23,,,
NGBP4,12/14/2007,,,1.41,,,
NGBP4,12/15/2007,,,0.43,,,
NGBP4,12/16/2007,,,0.19,,,
NGBP4,12/17/2007,,,0,,,
NGBP4,12/18/2007,,,0.32,,,
NGBP4,12/19/2007,,,0.27,,,
NGBP4,12/20/2007,,,0.18,,,
NGBP4,12/21/2007,,,0.4,,,
NGBP4,12/22/2007,,,0,,,
NGBP4,12/23/2007,,,0,,,
NGBP4,12/24/2007,,,0.09,,,
NGBP4,12/25/2007,,,0.12,,,
NGBP4,12/26/2007,,,0.11,,,
NGBP4,12/27/2007,,,0,,,
NGBP4,12/28/2007,,,0.05,,,
NGBP4,12/29/2007,,,0.09,,,
NGBP4,12/30/2007,,,0.07,,,
NGBP4,12/31/2007,,,0,,,
NGBP4,1/1/2008,,,0.02,,,
NGBP4,1/2/2008,,,0,,,
NGBP4,1/3/2008,,,0,,,
NGBP4,1/4/2008,,,0,,,
NGBP4,1/5/2008,,,0,,,
NGBP4,1/6/2008,,,0.3,,,
NGBP4,1/7/2008,,,2,,,
NGBP4,1/8/2008,,,0,,,
NGBP4,1/9/2008,,,0,,,
NGBP4,1/10/2008,,,0.09,,,
NGBP4,1/11/2008,,,0.36,,,
NGBP4,1/12/2008,,,0,,,
NGBP4,1/13/2008,,,0.47,,,
NGBP4,1/14/2008,,,0.1,,,
NGBP4,1/15/2008,,,0,,,
NGBP4,1/16/2008,,,0.15,,,
NGBP4,1/17/2008,,,0.1,,,
NGBP4,1/18/2008,,,0.45,,,
NGBP4,1/19/2008,,,0.08,,,
NGBP4,1/20/2008,,,0.39,,,
NGBP4,1/21/2008,,,1.3,,,
NGBP4,1/22/2008,,,0,,,
NGBP4,1/23/2008,,,0,,,
NGBP4,1/24/2008,,,0.07,,,
NGBP4,1/25/2008,,,0.21,,,
NGBP4,1/26/2008,,,0.09,,,
NGBP4,1/27/2008,,,0.15,,,
NGBP4,1/28/2008,,,0.17,,,
NGBP4,1/29/2008,,,0.24,,,
NGBP4,1/30/2008,,,1,,,
NGBP4,1/31/2008,,,0,,,
NGBP4,2/1/2008,,,0.18,,,
NGBP4,2/2/2008,,,0.22,,,
NGBP4,2/3/2008,,,0.07,,,
NGBP4,2/4/2008,,,0.17,,,
NGBP4,2/5/2008,,,0.1,,,
NGBP4,2/6/2008,,,0.15,,,
NGBP4,2/7/2008,,,0,,,
NGBP4,2/8/2008,,,0.13,,,
NGBP4,2/9/2008,,,0.17,,,
NGBP4,2/10/2008,,,0.27,,,
NGBP4,2/11/2008,,,0.45,,,
NGBP4,2/12/2008,,,0.21,,,
NGBP4,2/13/2008,,,0.08,,,
NGBP4,2/14/2008,,,0.05,,,
NGBP4,2/15/2008,,,0,,,
NGBP4,2/16/2008,,,0,,,
NGBP4,2/17/2008,,,0.37,,,
NGBP4,2/18/2008,,,1,,,
NGBP4,2/19/2008,,,0.08,,,
NGBP4,2/20/2008,,,0.1,,,
NGBP4,2/21/2008,,,0.19,,,
NGBP4,2/22/2008,,,0,,,
NGBP4,2/23/2008,,,0.06,,,
NGBP4,2/24/2008,,,0.07,,,
NGBP4,2/25/2008,,,0,,,
NGBP4,2/26/2008,,,0.15,,,
NGBP4,2/27/2008,,,0.08,,,
NGBP4,2/28/2008,,,0.19,,,
NGBP4,2/29/2008,,,0.15,,,
NGBP4,3/1/2008,,,0,,,
NGBP4,3/2/2008,,,0.07,,,
NGBP4,3/3/2008,,,0.29,,,
NGBP4,3/4/2008,,,0.13,,,
NGBP4,3/5/2008,,,0.11,,,
NGBP4,3/6/2008,,,0.27,,,
NGBP4,3/7/2008,,,0,,,
NGBP4,3/8/2008,,,0,,,
NGBP4,3/9/2008,,,0.03,,,
NGBP4,3/10/2008,,,0.07,,,
NGBP4,3/11/2008,,,0.1,,,
NGBP4,3/12/2008,,,0,,,
NGBP4,3/13/2008,,,0.09,,,
NGBP4,3/14/2008,,,0,,,
NGBP4,3/15/2008,,,0,,,
NGBP4,3/16/2008,,,0,,,
NGBP4,3/17/2008,,,0.07,,,
NGBP4,3/18/2008,,,0.2,,,
NGBP4,3/19/2008,,,1,,,
NGBP4,3/20/2008,,,0,,,
NGBP4,3/21/2008,,,0,,,
NGBP4,3/22/2008,,,0,,,
NGBP4,3/23/2008,,,0,,,
NGBP4,3/24/2008,,,0.15,,,
NGBP4,3/25/2008,,,0.17,,,
NGBP4,3/26/2008,,,0.23,,,
NGBP4,3/27/2008,,,0.4,,,
NGBP4,3/28/2008,,,0,,,
NGBP4,3/29/2008,,,0,,,
NGBP4,3/30/2008,,,0,,,
NGBP4,3/31/2008,,,0,,,
NGBP4,4/1/2008,,,0.09,,,
NGBP4,4/2/2008,,,1.81,,,
NGBP4,4/3/2008,,,0.4,,,
NGBP4,4/4/2008,,,0,,,
NGBP4,4/5/2008,,,0.2,,,
NGBP4,4/6/2008,,,0.09,,,
NGBP4,4/7/2008,,,0,,,
NGBP4,4/8/2008,,,0,,,
NGBP4,4/9/2008,,,0.04,,,
NGBP4,4/10/2008,,,0.13,,,
NGBP4,4/11/2008,,,0.41,,,
NGBP4,4/12/2008,,,0.22,,,
NGBP4,4/13/2008,,,0.17,,,
NGBP4,4/14/2008,,,0.35,,,
NGBP4,4/15/2008,,,0.09,,,
NGBP4,4/16/2008,,,0.05,,,
NGBP4,4/17/2008,,,0.19,,,
NGBP4,4/18/2008,,,0,,,
NGBP4,4/19/2008,,,0,,,
NGBP4,4/20/2008,,,0,,,
NGBP4,4/21/2008,,,0,,,
NGBP4,4/22/2008,,,0,,,
NGBP4,4/23/2008,,,0.14,,,
NGBP4,4/24/2008,,,0,,,
NGBP4,4/25/2008,,,0,,,
NGBP4,4/26/2008,,,0.1,,,
NGBP4,4/27/2008,,,0.21,,,
NGBP4,4/28/2008,,,4.6,,,
NGBP4,4/29/2008,,,0.23,,,
NGBP4,4/30/2008,,,0.19,,,
NGBP4,5/1/2008,,,0.4,,,
NGBP4,5/2/2008,,,0.49,,,
NGBP4,5/3/2008,,,0.8,,,
NGBP4,5/4/2008,,,0.16,,,
NGBP4,5/5/2008,,,0.04,,,
NGBP4,5/6/2008,,,0.17,,,
NGBP4,5/7/2008,,,0.12,,,
NGBP4,5/8/2008,,,0,,,
NGBP4,5/9/2008,,,0,,,
NGBP4,5/10/2008,,,0,,,
NGBP4,5/11/2008,,,0,,,
NGBP4,5/12/2008,,,0,,,
NGBP4,5/13/2008,,,0,,,
NGBP4,5/14/2008,,,0,,,
NGBP4,5/15/2008,,,0,,,
NGBP4,5/16/2008,,,0.23,,,
NGBP4,5/17/2008,,,0.39,,,
NGBP4,5/18/2008,,,0,,,
NGBP4,5/19/2008,,,0,,,
NGBP4,5/20/2008,,,0.05,,,
NGBP4,5/21/2008,,,0.5,,,
NGBP4,5/22/2008,,,0,,,
NGBP4,5/23/2008,,,0,,,
NGBP4,5/24/2008,,,0,,,
NGBP4,5/25/2008,,,0.4,,,
NGBP4,5/26/2008,,,0.52,,,
NGBP4,5/27/2008,,,0,,,
NGBP4,5/28/2008,,,0.33,,,
NGBP4,5/29/2008,,,0.6,,,
NGBP4,5/30/2008,,,0.18,,,
NGBP4,5/31/2008,,,0.43,,,
NGBP4,6/1/2008,,,0.32,,,
NGBP4,6/2/2008,,,1.7,,,
NGBP4,6/3/2008,,,1.3,,,
NGBP4,6/4/2008,,,0.52,,,
NGBP4,6/5/2008,,,0.64,,,
NGBP4,6/6/2008,,,0.35,,,
NGBP4,6/7/2008,,,0,,,
NGBP4,6/8/2008,,,0.18,,,
NGBP4,6/9/2008,,,0.31,,,
NGBP4,6/10/2008,,,0,,,
NGBP4,6/11/2008,,,0,,,
NGBP4,6/12/2008,,,0.15,,,
NGBP4,6/13/2008,,,0.21,,,
NGBP4,6/14/2008,,,0.18,,,
NGBP4,6/15/2008,,,0,,,
NGBP4,6/16/2008,,,0,,,
NGBP4,6/17/2008,,,0,,,
NGBP4,6/18/2008,,,0,,,
NGBP4,6/19/2008,,,0,,,
NGBP4,6/20/2008,,,0,,,
NGBP4,6/21/2008,,,0,,,
NGBP4,6/22/2008,,,0,,,
NGBP4,6/23/2008,,,0,,,
NGBP4,6/24/2008,,,0.13,,,
NGBP4,6/25/2008,,,0.42,,,
NGBP4,6/26/2008,,,0.18,,,
NGBP4,6/27/2008,,,0.51,,,
NGBP4,6/28/2008,,,0.2,,,
NGBP4,6/29/2008,,,0.11,,,
NGBP4,6/30/2008,,,0.18,,,
NGBP4,7/1/2008,,,0.13,,,
NGBP4,7/2/2008,,,0,,,
NGBP4,7/3/2008,,,0,,,
NGBP4,7/4/2008,,,0,,,
NGBP4,7/5/2008,,,0.22,,,
NGBP4,7/6/2008,,,0,,,
NGBP4,7/7/2008,,,0,,,
NGBP4,7/8/2008,,,0,,,
NGBP4,7/9/2008,,,0,,,
NGBP4,7/10/2008,,,0.42,,,
NGBP4,7/11/2008,,,0,,,
NGBP4,7/12/2008,,,0,,,
NGBP4,7/13/2008,,,0,,,
NGBP4,7/14/2008,,,0,,,
NGBP4,7/15/2008,,,1,,,
NGBP4,7/16/2008,,,1.7,,,
NGBP4,7/17/2008,,,0.42,,,
NGBP4,7/18/2008,,,0.15,,,
NGBP4,7/19/2008,,,0,,,
NGBP4,7/20/2008,,,0.07,,,
NGBP4,7/21/2008,,,0,,,
NGBP4,7/22/2008,,,0.11,,,
NGBP4,7/23/2008,,,0,,,
NGBP4,7/24/2008,,,0.27,,,
NGBP4,7/25/2008,,,0,,,
NGBP4,7/26/2008,,,0.42,,,
NGBP4,7/27/2008,,,0,,,
NGBP4,7/28/2008,,,0.19,,,
NGBP4,7/29/2008,,,0.07,,,
NGBP4,7/30/2008,,,0.22,,,
NGBP4,7/31/2008,,,0,,,
NGBP4,8/1/2008,,,1.8,,,
NGBP4,8/2/2008,,,0.42,,,
NGBP4,8/3/2008,,,0.21,,,
NGBP4,8/4/2008,,,0.17,,,
NGBP4,8/5/2008,,,0,,,
NGBP4,8/6/2008,,,0,,,
NGBP4,8/7/2008,,,0,,,
NGBP4,8/8/2008,,,0,,,
NGBP4,8/9/2008,,,0.2,,,
NGBP4,8/10/2008,,,0,,,
NGBP4,8/11/2008,,,0,,,
NGBP4,8/12/2008,,,0,,,
NGBP4,8/13/2008,,,0,,,
NGBP4,8/14/2008,,,3,,,
NGBP4,8/15/2008,,,0.35,,,
NGBP4,8/16/2008,,,0,,,
NGBP4,8/17/2008,,,0,,,
NGBP4,8/18/2008,,,0.17,,,
NGBP4,8/19/2008,,,0.07,,,
NGBP4,8/20/2008,,,0.33,,,
NGBP4,8/21/2008,,,0,,,
NGBP4,8/22/2008,,,0.32,,,
NGBP4,8/23/2008,,,0.72,,,
NGBP4,8/24/2008,,,0,,,
NGBP4,8/25/2008,,,0,,,
NGBP4,8/26/2008,,,0,,,
NGBP4,8/27/2008,,,0,,,
NGBP4,8/28/2008,,,1,,,
NGBP4,8/29/2008,,,0.05,,,
NGBP4,8/30/2008,,,0,,,
NGBP4,8/31/2008,,,0.13,,,
NGBP4,9/1/2008,,,2,,,
NGBP4,9/2/2008,,,2.35,,,
NGBP4,9/3/2008,,,0.9,,,
NGBP4,9/4/2008,,,1.7,,,
NGBP4,9/5/2008,,,0.45,,,
NGBP4,9/6/2008,,,0.27,,,
NGBP4,9/7/2008,,,1,,,
NGBP4,9/8/2008,,,0.4,,,
NGBP4,9/9/2008,,,0.31,,,
NGBP4,9/10/2008,,,0.72,,,
NGBP4,9/11/2008,,,0.07,,,
NGBP4,9/12/2008,,,0,,,
NGBP4,9/13/2008,,,0,,,
NGBP4,9/14/2008,,,0,,,
NGBP4,9/15/2008,,,0,,,
NGBP4,9/16/2008,,,0.11,,,
NGBP4,9/17/2008,,,0.21,,,
NGBP4,9/18/2008,,,0,,,
NGBP4,9/19/2008,,,0,,,
NGBP4,9/20/2008,,,0.17,,,
NGBP4,9/21/2008,,,0.7,,,
NGBP4,9/22/2008,,,6.3,,,
NGBP4,9/23/2008,,,1.98,,,
NGBP4,9/24/2008,,,1.8,,,
NGBP4,9/25/2008,,,0.32,,,
NGBP4,9/26/2008,,,1,,,
NGBP4,9/27/2008,,,0.52,,,
NGBP4,9/28/2008,,,0.48,,,
NGBP4,9/29/2008,,,0,,,
NGBP4,9/30/2008,,,0.16,,,
NGBP4,10/1/2008,,,0.23,,,
NGBP4,10/2/2008,,,0.28,,,
NGBP4,10/3/2008,,,0.19,,,
NGBP4,10/4/2008,,,0.12,,,
NGBP4,10/5/2008,,,0,,,
NGBP4,10/6/2008,,,0,,,
NGBP4,10/7/2008,,,0.09,,,
NGBP4,10/8/2008,,,0.2,,,
NGBP4,10/9/2008,,,0.11,,,
NGBP4,10/10/2008,,,0.21,,,
NGBP4,10/11/2008,,,0.5,,,
NGBP4,10/12/2008,,,0.9,,,
NGBP4,10/13/2008,,,2.07,,,
NGBP4,10/14/2008,,,2.1,,,
NGBP4,10/15/2008,,,3.1,,,
NGBP4,10/16/2008,,,1.49,,,
NGBP4,10/17/2008,,,0,,,
NGBP4,10/18/2008,,,0,,,
NGBP4,10/19/2008,,,0.11,,,
NGBP4,10/20/2008,,,0,,,
NGBP4,10/21/2008,,,0,,,
NGBP4,10/22/2008,,,0.13,,,
NGBP4,10/23/2008,,,0.27,,,
NGBP4,10/24/2008,,,0.4,,,
NGBP4,10/25/2008,,,0,,,
NGBP4,10/26/2008,,,0,,,
NGBP4,10/27/2008,,,0.49,,,
NGBP4,10/28/2008,,,0,,,
NGBP4,10/29/2008,,,0,,,
NGBP4,10/30/2008,,,0.53,,,
NGBP4,10/31/2008,,,0.4,,,
NGBP4,11/1/2008,,,0,,,
NGBP4,11/2/2008,,,2.4,,,
NGBP4,11/3/2008,,,0.18,,,
NGBP4,11/4/2008,,,0,,,
NGBP4,11/5/2008,,,0,,,
NGBP4,11/6/2008,,,0,,,
NGBP4,11/7/2008,,,0,,,
NGBP4,11/8/2008,,,2.65,,,
NGBP4,11/9/2008,,,0.32,,,
NGBP4,11/10/2008,,,0.18,,,
NGBP4,11/11/2008,,,0.19,,,
NGBP4,11/12/2008,,,0.14,,,
NGBP4,11/13/2008,,,0.13,,,
NGBP4,11/14/2008,,,0.16,,,
NGBP4,11/15/2008,,,1,,,
NGBP4,11/16/2008,,,0.24,,,
NGBP4,11/17/2008,,,0.31,,,
NGBP4,11/18/2008,,,0,,,
NGBP4,11/19/2008,,,0,,,
NGBP4,11/20/2008,,,0.27,,,
NGBP4,11/21/2008,,,0.07,,,
NGBP4,11/22/2008,,,0.05,,,
NGBP4,11/23/2008,,,0.1,,,
NGBP4,11/24/2008,,,0.76,,,
NGBP4,11/25/2008,,,0,,,
NGBP4,11/26/2008,,,0,,,
NGBP4,11/27/2008,,,0,,,
NGBP4,11/28/2008,,,0.11,,,
NGBP4,11/29/2008,,,0,,,
NGBP4,11/30/2008,,,0,,,
NGBP4,12/1/2008,,,0.09,,,
NGBP4,12/2/2008,,,0.14,,,
NGBP4,12/3/2008,,,0.4,,,
NGBP4,12/4/2008,,,0,,,
NGBP4,12/5/2008,,,0.14,,,
NGBP4,12/6/2008,,,0.29,,,
NGBP4,12/7/2008,,,0.12,,,
NGBP4,12/8/2008,,,0,,,
NGBP4,12/9/2008,,,0.23,,,
NGBP4,12/10/2008,,,0.17,,,
NGBP4,12/11/2008,,,0.25,,,
NGBP4,12/12/2008,,,0,,,
NGBP4,12/13/2008,,,0,,,
NGBP4,12/14/2008,,,0.06,,,
NGBP4,12/15/2008,,,0,,,
NGBP4,12/16/2008,,,0.1,,,
NGBP4,12/17/2008,,,0.07,,,
NGBP4,12/18/2008,,,0.32,,,
NGBP4,12/19/2008,,,0,,,
NGBP4,12/20/2008,,,0.25,,,
NGBP4,12/21/2008,,,0.19,,,
NGBP4,12/22/2008,,,0.44,,,
NGBP4,12/23/2008,,,0.18,,,
NGBP4,12/24/2008,,,0,,,
NGBP4,12/25/2008,,,0,,,
NGBP4,12/26/2008,,,0.22,,,
NGBP4,12/27/2008,,,0.45,,,
NGBP4,12/28/2008,,,0.18,,,
NGBP4,12/29/2008,,,0,,,
NGBP4,12/30/2008,,,0,,,
NGBP4,12/31/2008,,,0,,,
NGBP4,1/1/2009,,,0,,,
NGBP4,1/2/2009,,,0,,,
NGBP4,1/3/2009,,,0.07,,,
NGBP4,1/4/2009,,,0.03,,,
NGBP4,1/5/2009,,,0,,,
NGBP4,1/6/2009,,,0.1,,,
NGBP4,1/7/2009,,,0,,,
NGBP4,1/8/2009,,,0,,,
NGBP4,1/9/2009,,,0.17,,,
NGBP4,1/10/2009,,,0.23,,,
NGBP4,1/11/2009,,,0,,,
NGBP4,1/12/2009,,,0.03,,,
NGBP4,1/13/2009,,,0.07,,,
NGBP4,1/14/2009,,,0,,,
NGBP4,1/15/2009,,,0.17,,,
NGBP4,1/16/2009,,,0,,,
NGBP4,1/17/2009,,,1.2,,,
NGBP4,1/18/2009,,,0.48,,,
NGBP4,1/19/2009,,,0.27,,,
NGBP4,1/20/2009,,,0,,,
NGBP4,1/21/2009,,,0.2,,,
NGBP4,1/22/2009,,,1.09,,,
NGBP4,1/23/2009,,,0,,,
NGBP4,1/24/2009,,,0,,,
NGBP4,1/25/2009,,,0,,,
NGBP4,1/26/2009,,,0,,,
NGBP4,1/27/2009,,,0.42,,,
NGBP4,1/28/2009,,,0.37,,,
NGBP4,1/29/2009,,,0.21,,,
NGBP4,1/30/2009,,,0,,,
NGBP4,1/31/2009,,,0,,,
NGBP4,2/1/2009,,,0,,,
NGBP4,2/2/2009,,,0.47,,,
NGBP4,2/3/2009,,,0,,,
NGBP4,2/4/2009,,,0,,,
NGBP4,2/5/2009,,,0.46,,,
NGBP4,2/6/2009,,,0,,,
NGBP4,2/7/2009,,,0.87,,,
NGBP4,2/8/2009,,,0,,,
NGBP4,2/9/2009,,,0.57,,,
NGBP4,2/10/2009,,,0.03,,,
NGBP4,2/11/2009,,,1.01,,,
NGBP4,2/12/2009,,,0,,,
NGBP4,2/13/2009,,,0,,,
NGBP4,2/14/2009,,,0,,,
NGBP4,2/15/2009,,,0,,,
NGBP4,2/16/2009,,,0,,,
NGBP4,2/17/2009,,,0,,,
NGBP4,2/18/2009,,,0.73,,,
NGBP4,2/19/2009,,,0,,,
NGBP4,2/20/2009,,,0.26,,,
NGBP4,2/21/2009,,,0,,,
NGBP4,2/22/2009,,,0.07,,,
NGBP4,2/23/2009,,,0,,,
NGBP4,2/24/2009,,,0,,,
NGBP4,2/25/2009,,,0,,,
NGBP4,2/26/2009,,,0,,,
NGBP4,2/27/2009,,,0,,,
NGBP4,2/28/2009,,,0,,,
NGBP4,3/1/2009,,,0,,,
NGBP4,3/2/2009,,,0,,,
NGBP4,3/3/2009,,,0.27,,,
NGBP4,3/4/2009,,,0.76,,,
NGBP4,3/5/2009,,,1.14,,,
NGBP4,3/6/2009,,,1.25,,,
NGBP4,3/7/2009,,,0,,,
NGBP4,3/8/2009,,,0,,,
NGBP4,3/9/2009,,,0,,,
NGBP4,3/10/2009,,,0,,,
NGBP4,3/11/2009,,,0,,,
NGBP4,3/12/2009,,,0,,,
NGBP4,3/13/2009,,,0.07,,,
NGBP4,3/14/2009,,,0.51,,,
NGBP4,3/15/2009,,,0.3,,,
NGBP4,3/16/2009,,,0.29,,,
NGBP4,3/17/2009,,,0.32,,,
NGBP4,3/18/2009,,,0,,,
NGBP4,3/19/2009,,,0,,,
NGBP4,3/20/2009,,,0,,,
NGBP4,3/21/2009,,,0,,,
NGBP4,3/22/2009,,,0,,,
NGBP4,3/23/2009,,,0.83,,,
NGBP4,3/24/2009,,,0.07,,,
NGBP4,3/25/2009,,,0.2,,,
NGBP4,3/26/2009,,,0.66,,,
NGBP4,3/27/2009,,,0.32,,,
NGBP4,3/28/2009,,,0.45,,,
NGBP4,3/29/2009,,,0.15,,,
NGBP4,3/30/2009,,,0.16,,,
NGBP4,3/31/2009,,,0,,,
NGBP4,4/1/2009,,,0,,,
NGBP4,4/2/2009,,,0,,,
NGBP4,4/3/2009,,,0,,,
NGBP4,4/4/2009,,,0,,,
NGBP4,4/5/2009,,,0.09,,,
NGBP4,4/6/2009,,,0,,,
NGBP4,4/7/2009,,,0,,,
NGBP4,4/8/2009,,,0,,,
NGBP4,4/9/2009,,,0,,,
NGBP4,4/10/2009,,,0,,,
NGBP4,4/11/2009,,,0,,,
NGBP4,4/12/2009,,,0,,,
NGBP4,4/13/2009,,,0,,,
NGBP4,4/14/2009,,,0,,,
NGBP4,4/15/2009,,,0,,,
NGBP4,4/16/2009,,,0,,,
NGBP4,4/17/2009,,,0,,,
NGBP4,4/18/2009,,,0,,,
NGBP4,4/19/2009,,,0.21,,,
NGBP4,4/20/2009,,,0,,,
NGBP4,4/21/2009,,,0,,,
NGBP4,4/22/2009,,,0.25,,,
NGBP4,4/23/2009,,,0.31,,,
NGBP4,4/24/2009,,,0,,,
NGBP4,4/25/2009,,,0.18,,,
NGBP4,4/26/2009,,,0.43,,,
NGBP4,4/27/2009,,,0,,,
NGBP4,4/28/2009,,,0.09,,,
NGBP4,4/29/2009,,,0.28,,,
NGBP4,4/30/2009,,,0.82,,,
NGBP4,5/1/2009,,,0.08,,,
NGBP4,5/2/2009,,,0.95,,,
NGBP4,5/3/2009,,,0.02,,,
NGBP4,5/4/2009,,,0,,,
NGBP4,5/5/2009,,,0,,,
NGBP4,5/6/2009,,,0.11,,,
NGBP4,5/7/2009,,,0.52,,,
NGBP4,5/8/2009,,,0.31,,,
NGBP4,5/9/2009,,,0.18,,,
NGBP4,5/10/2009,,,0,,,
NGBP4,5/11/2009,,,0,,,
NGBP4,5/12/2009,,,0.3,,,
NGBP4,5/13/2009,,,1.8,,,
NGBP4,5/14/2009,,,0.64,,,
NGBP4,5/15/2009,,,0.3,,,
NGBP4,5/16/2009,,,0.27,,,
NGBP4,5/17/2009,,,0.57,,,
NGBP4,5/18/2009,,,0.21,,,
NGBP4,5/19/2009,,,0.36,,,
NGBP4,5/20/2009,,,0.18,,,
NGBP4,5/21/2009,,,0.42,,,
NGBP4,5/22/2009,,,2.3,,,
NGBP4,5/23/2009,,,0.02,,,
NGBP4,5/24/2009,,,0.05,,,
NGBP4,5/25/2009,,,1.02,,,
NGBP4,5/26/2009,,,0.32,,,
NGBP4,5/27/2009,,,0.21,,,
NGBP4,5/28/2009,,,0.07,,,
NGBP4,5/29/2009,,,0,,,
NGBP4,5/30/2009,,,0,,,
NGBP4,5/31/2009,,,0,,,
NGBP4,6/1/2009,,,0,,,
NGBP4,6/2/2009,,,0.71,,,
NGBP4,6/3/2009,,,0.53,,,
NGBP4,6/4/2009,,,2.14,,,
NGBP4,6/5/2009,,,0.13,,,
NGBP4,6/6/2009,,,0.11,,,
NGBP4,6/7/2009,,,0.19,,,
NGBP4,6/8/2009,,,0.37,,,
NGBP4,6/9/2009,,,0.73,,,
NGBP4,6/10/2009,,,0.87,,,
NGBP4,6/11/2009,,,0.9,,,
NGBP4,6/12/2009,,,2.5,,,
NGBP4,6/13/2009,,,0.52,,,
NGBP4,6/14/2009,,,1.25,,,
NGBP4,6/15/2009,,,0.37,,,
NGBP4,6/16/2009,,,0.51,,,
NGBP4,6/17/2009,,,1,,,
NGBP4,6/18/2009,,,0.35,,,
NGBP4,6/19/2009,,,0,,,
NGBP4,6/20/2009,,,0.21,,,
NGBP4,6/21/2009,,,0.39,,,
NGBP4,6/22/2009,,,0.41,,,
NGBP4,6/23/2009,,,0.27,,,
NGBP4,6/24/2009,,,1,,,
NGBP4,6/25/2009,,,0,,,
NGBP4,6/26/2009,,,0,,,
NGBP4,6/27/2009,,,0,,,
NGBP4,6/28/2009,,,0,,,
NGBP4,6/29/2009,,,0,,,
NGBP4,6/30/2009,,,0.97,,,
NGBP4,7/1/2009,,,0,,,
NGBP4,7/2/2009,,,0,,,
NGBP4,7/3/2009,,,0.29,,,
NGBP4,7/4/2009,,,0,,,
NGBP4,7/5/2009,,,0.56,,,
NGBP4,7/6/2009,,,1,,,
NGBP4,7/7/2009,,,0,,,
NGBP4,7/8/2009,,,0.05,,,
NGBP4,7/9/2009,,,0.17,,,
NGBP4,7/10/2009,,,0,,,
NGBP4,7/11/2009,,,0,,,
NGBP4,7/12/2009,,,0,,,
NGBP4,7/13/2009,,,0,,,
NGBP4,7/14/2009,,,0,,,
NGBP4,7/15/2009,,,0,,,
NGBP4,7/16/2009,,,0,,,
NGBP4,7/17/2009,,,0,,,
NGBP4,7/18/2009,,,0,,,
NGBP4,7/19/2009,,,0.07,,,
NGBP4,7/20/2009,,,0.09,,,
NGBP4,7/21/2009,,,0.5,,,
NGBP4,7/22/2009,,,1.7,,,
NGBP4,7/23/2009,,,0,,,
NGBP4,7/24/2009,,,0,,,
NGBP4,7/25/2009,,,0,,,
NGBP4,7/26/2009,,,0.18,,,
NGBP4,7/27/2009,,,0.52,,,
NGBP4,7/28/2009,,,0,,,
NGBP4,7/29/2009,,,0,,,
NGBP4,7/30/2009,,,0.42,,,
NGBP4,7/31/2009,,,0.18,,,
NGBP4,8/1/2009,,,0,,,
NGBP4,8/2/2009,,,0.12,,,
NGBP4,8/3/2009,,,0.15,,,
NGBP4,8/4/2009,,,0.24,,,
NGBP4,8/5/2009,,,0.21,,,
NGBP4,8/6/2009,,,0,,,
NGBP4,8/7/2009,,,0,,,
NGBP4,8/8/2009,,,0,,,
NGBP4,8/9/2009,,,0,,,
NGBP4,8/10/2009,,,0,,,
NGBP4,8/11/2009,,,0.6,,,
NGBP4,8/12/2009,,,0.62,,,
NGBP4,8/13/2009,,,0.53,,,
NGBP4,8/14/2009,,,0.07,,,
NGBP4,8/15/2009,,,0.32,,,
NGBP4,8/16/2009,,,0.21,,,
NGBP4,8/17/2009,,,1,,,
NGBP4,8/18/2009,,,0.65,,,
NGBP4,8/19/2009,,,0.35,,,
NGBP4,8/20/2009,,,0.7,,,
NGBP4,8/21/2009,,,0.13,,,
NGBP4,8/22/2009,,,0.24,,,
NGBP4,8/23/2009,,,0.37,,,
NGBP4,8/24/2009,,,0.3,,,
NGBP4,8/25/2009,,,1.57,,,
NGBP4,8/26/2009,,,0.23,,,
NGBP4,8/27/2009,,,0.2,,,
NGBP4,8/28/2009,,,0.18,,,
NGBP4,8/29/2009,,,0.22,,,
NGBP4,8/30/2009,,,0,,,
NGBP4,8/31/2009,,,0.07,,,
NGBP4,9/1/2009,,,0,,,
NGBP4,9/2/2009,,,0.07,,,
NGBP4,9/3/2009,,,0.1,,,
NGBP4,9/4/2009,,,1.92,,,
NGBP4,9/5/2009,,,3.09,,,
NGBP4,9/6/2009,,,0.41,,,
NGBP4,9/7/2009,,,1.65,,,
NGBP4,9/8/2009,,,0.22,,,
NGBP4,9/9/2009,,,0.35,,,
NGBP4,9/10/2009,,,0,,,
NGBP4,9/11/2009,,,0,,,
NGBP4,9/12/2009,,,0,,,
NGBP4,9/13/2009,,,0.49,,,
NGBP4,9/14/2009,,,1.21,,,
NGBP4,9/15/2009,,,1,,,
NGBP4,9/16/2009,,,0.23,,,
NGBP4,9/17/2009,,,0,,,
NGBP4,9/18/2009,,,0.09,,,
NGBP4,9/19/2009,,,0.37,,,
NGBP4,9/20/2009,,,0.7,,,
NGBP4,9/21/2009,,,1.11,,,
NGBP4,9/22/2009,,,0.93,,,
NGBP4,9/23/2009,,,0.27,,,
NGBP4,9/24/2009,,,0.28,,,
NGBP4,9/25/2009,,,0.12,,,
NGBP4,9/26/2009,,,0.36,,,
NGBP4,9/27/2009,,,0.09,,,
NGBP4,9/28/2009,,,0,,,
NGBP4,9/29/2009,,,0,,,
NGBP4,9/30/2009,,,0.11,,,
NGBP4,10/1/2009,,,0.26,,,
NGBP4,10/2/2009,,,0.08,,,
NGBP4,10/3/2009,,,0.1,,,
NGBP4,10/4/2009,,,0.32,,,
NGBP4,10/5/2009,,,0.7,,,
NGBP4,10/6/2009,,,0.21,,,
NGBP4,10/7/2009,,,0.17,,,
NGBP4,10/8/2009,,,0.06,,,
NGBP4,10/9/2009,,,0.19,,,
NGBP4,10/10/2009,,,0.59,,,
NGBP4,10/11/2009,,,0.24,,,
NGBP4,10/12/2009,,,0.9,,,
NGBP4,10/13/2009,,,1.2,,,
NGBP4,10/14/2009,,,0.31,,,
NGBP4,10/15/2009,,,1.55,,,
NGBP4,10/16/2009,,,0.27,,,
NGBP4,10/17/2009,,,0.48,,,
NGBP4,10/18/2009,,,0.25,,,
NGBP4,10/19/2009,,,0,,,
NGBP4,10/20/2009,,,0,,,
NGBP4,10/21/2009,,,0,,,
NGBP4,10/22/2009,,,0,,,
NGBP4,10/23/2009,,,0,,,
NGBP4,10/24/2009,,,0.07,,,
NGBP4,10/25/2009,,,0.13,,,
NGBP4,10/26/2009,,,0.45,,,
NGBP4,10/27/2009,,,0.1,,,
NGBP4,10/28/2009,,,0.12,,,
NGBP4,10/29/2009,,,0.15,,,
NGBP4,10/30/2009,,,0.05,,,
NGBP4,10/31/2009,,,0,,,
NGBP4,11/1/2009,,,0.13,,,
NGBP4,11/2/2009,,,0.18,,,
NGBP4,11/3/2009,,,0,,,
NGBP4,11/4/2009,,,0,,,
NGBP4,11/5/2009,,,0.12,,,
NGBP4,11/6/2009,,,0.1,,,
NGBP4,11/7/2009,,,0.14,,,
NGBP4,11/8/2009,,,0.21,,,
NGBP4,11/9/2009,,,0.32,,,
NGBP4,11/10/2009,,,1,,,
NGBP4,11/11/2009,,,0.43,,,
NGBP4,11/12/2009,,,0.61,,,
NGBP4,11/13/2009,,,0.18,,,
NGBP4,11/14/2009,,,0.47,,,
NGBP4,11/15/2009,,,0.32,,,
NGBP4,11/16/2009,,,1.9,,,
NGBP4,11/17/2009,,,0.03,,,
NGBP4,11/18/2009,,,0,,,
NGBP4,11/19/2009,,,0.11,,,
NGBP4,11/20/2009,,,0.89,,,
NGBP4,11/21/2009,,,0.04,,,
NGBP4,11/22/2009,,,0.07,,,
NGBP4,11/23/2009,,,0,,,
NGBP4,11/24/2009,,,0,,,
NGBP4,11/25/2009,,,0,,,
NGBP4,11/26/2009,,,0,,,
NGBP4,11/27/2009,,,0,,,
NGBP4,11/28/2009,,,0.53,,,
NGBP4,11/29/2009,,,0,,,
NGBP4,11/30/2009,,,0.18,,,
NGBP4,12/1/2009,,,0.32,,,
NGBP4,12/2/2009,,,0.65,,,
NGBP4,12/3/2009,,,0.09,,,
NGBP4,12/4/2009,,,0.11,,,
NGBP4,12/5/2009,,,0.13,,,
NGBP4,12/6/2009,,,0.27,,,
NGBP4,12/7/2009,,,0.14,,,
NGBP4,12/8/2009,,,0.37,,,
NGBP4,12/9/2009,,,0.19,,,
NGBP4,12/10/2009,,,0.82,,,
NGBP4,12/11/2009,,,0.31,,,
NGBP4,12/12/2009,,,0.11,,,
NGBP4,12/13/2009,,,0.17,,,
NGBP4,12/14/2009,,,0,,,
NGBP4,12/15/2009,,,0.07,,,
NGBP4,12/16/2009,,,0.18,,,
NGBP4,12/17/2009,,,0,,,
NGBP4,12/18/2009,,,0,,,
NGBP4,12/19/2009,,,0,,,
NGBP4,12/20/2009,,,0,,,
NGBP4,12/21/2009,,,0,,,
NGBP4,12/22/2009,,,0,,,
NGBP4,12/23/2009,,,0,,,
NGBP4,12/24/2009,,,0.21,,,
NGBP4,12/25/2009,,,3.9,,,
NGBP4,12/26/2009,,,0.53,,,
NGBP4,12/27/2009,,,0,,,
NGBP4,12/28/2009,,,0,,,
NGBP4,12/29/2009,,,0,,,
NGBP4,12/30/2009,,,0.09,,,
NGBP4,12/31/2009,,,2.33,,,
NGBP4,1/1/2010,,,0,,,
NGBP4,1/2/2010,,,0,,,
NGBP4,1/3/2010,,,0,,,
NGBP4,1/4/2010,,,0.07,,,
NGBP4,1/5/2010,,,0,,,
NGBP4,1/6/2010,,,0,,,
NGBP4,1/7/2010,,,0.18,,,
NGBP4,1/8/2010,,,1.81,,,
NGBP4,1/9/2010,,,0,,,
NGBP4,1/10/2010,,,0,,,
NGBP4,1/11/2010,,,0,,,
NGBP4,1/12/2010,,,0,,,
NGBP4,1/13/2010,,,0.12,,,
NGBP4,1/14/2010,,,1.15,,,
NGBP4,1/15/2010,,,2.85,,,
NGBP4,1/16/2010,,,1.35,,,
NGBP4,1/17/2010,,,0.87,,,
NGBP4,1/18/2010,,,0.59,,,
NGBP4,1/19/2010,,,0.16,,,
NGBP4,1/20/2010,,,0,,,
NGBP4,1/21/2010,,,0.12,,,
NGBP4,1/22/2010,,,0.09,,,
NGBP4,1/23/2010,,,0,,,
NGBP4,1/24/2010,,,0,,,
NGBP4,1/25/2010,,,0,,,
NGBP4,1/26/2010,,,0,,,
NGBP4,1/27/2010,,,0,,,
NGBP4,1/28/2010,,,0.32,,,
NGBP4,1/29/2010,,,0,,,
NGBP4,1/30/2010,,,0.23,,,
NGBP4,1/31/2010,,,0,,,
NGBP4,2/1/2010,,,0,,,
NGBP4,2/2/2010,,,0.07,,,
NGBP4,2/3/2010,,,0.05,,,
NGBP4,2/4/2010,,,0,,,
NGBP4,2/5/2010,,,0.03,,,
NGBP4,2/6/2010,,,0,,,
NGBP4,2/7/2010,,,0,,,
NGBP4,2/8/2010,,,0,,,
NGBP4,2/9/2010,,,0,,,
NGBP4,2/10/2010,,,0,,,
NGBP4,2/11/2010,,,0,,,
NGBP4,2/12/2010,,,0,,,
NGBP4,2/13/2010,,,0,,,
NGBP4,2/14/2010,,,0,,,
NGBP4,2/15/2010,,,0,,,
NGBP4,2/16/2010,,,0,,,
NGBP4,2/17/2010,,,0,,,
NGBP4,2/18/2010,,,0,,,
NGBP4,2/19/2010,,,0,,,
NGBP4,2/20/2010,,,0.71,,,
NGBP4,2/21/2010,,,0,,,
NGBP4,2/22/2010,,,0,,,
NGBP4,2/23/2010,,,0,,,
NGBP4,2/24/2010,,,0,,,
NGBP4,2/25/2010,,,0.1,,,
NGBP4,2/26/2010,,,0.09,,,
NGBP4,2/27/2010,,,1.15,,,
NGBP4,2/28/2010,,,0.31,,,
NGBP4,3/1/2010,,,0,,,
NGBP4,3/2/2010,,,0,,,
NGBP4,3/3/2010,,,0,,,
NGBP4,3/4/2010,,,0,,,
NGBP4,3/5/2010,,,0,,,
NGBP4,3/6/2010,,,0.09,,,
NGBP4,3/7/2010,,,0.81,,,
NGBP4,3/8/2010,,,0.52,,,
NGBP4,3/9/2010,,,0,,,
NGBP4,3/10/2010,,,0,,,
NGBP4,3/11/2010,,,6,,,
NGBP4,3/12/2010,,,0.93,,,
NGBP4,3/13/2010,,,0.91,,,
NGBP4,3/14/2010,,,0,,,
NGBP4,3/15/2010,,,0,,,
NGBP4,3/16/2010,,,0,,,
NGBP4,3/17/2010,,,0,,,
NGBP4,3/18/2010,,,0,,,
NGBP4,3/19/2010,,,0.08,,,
NGBP4,3/20/2010,,,0,,,
NGBP4,3/21/2010,,,0,,,
NGBP4,3/22/2010,,,0.07,,,
NGBP4,3/23/2010,,,0,,,
NGBP4,3/24/2010,,,0,,,
NGBP4,3/25/2010,,,0,,,
NGBP4,3/26/2010,,,0,,,
NGBP4,3/27/2010,,,0.05,,,
NGBP4,3/28/2010,,,0,,,
NGBP4,3/29/2010,,,0,,,
NGBP4,3/30/2010,,,0,,,
NGBP4,3/31/2010,,,0,,,
NGBP4,4/1/2010,,,0,,,
NGBP4,4/2/2010,,,0.63,,,
NGBP4,4/3/2010,,,0,,,
NGBP4,4/4/2010,,,0,,,
NGBP4,4/5/2010,,,0,,,
NGBP4,4/6/2010,,,0.09,,,
NGBP4,4/7/2010,,,0.22,,,
NGBP4,4/8/2010,,,0.71,,,
NGBP4,4/9/2010,,,0,,,
NGBP4,4/10/2010,,,0,,,
NGBP4,4/11/2010,,,0,,,
NGBP4,4/12/2010,,,0.3,,,
NGBP4,4/13/2010,,,1.47,,,
NGBP4,4/14/2010,,,4.55,,,
NGBP4,4/15/2010,,,1.57,,,
NGBP4,4/16/2010,,,0.52,,,
NGBP4,4/17/2010,,,0.45,,,
NGBP4,4/18/2010,,,0,,,
NGBP4,4/19/2010,,,0,,,
NGBP4,4/20/2010,,,0,,,
NGBP4,4/21/2010,,,0,,,
NGBP4,4/22/2010,,,0,,,
NGBP4,4/23/2010,,,0,,,
NGBP4,4/24/2010,,,0.27,,,
NGBP4,4/25/2010,,,1.37,,,
NGBP4,4/26/2010,,,0.05,,,
NGBP4,4/27/2010,,,0,,,
NGBP4,4/28/2010,,,0,,,
NGBP4,4/29/2010,,,0,,,
NGBP4,4/30/2010,,,0,,,
NGBP4,5/1/2010,,,0,,,
NGBP4,5/2/2010,,,2.8,,,
NGBP4,5/3/2010,,,0,,,
NGBP4,5/4/2010,,,0.19,,,
NGBP4,5/5/2010,,,0,,,
NGBP4,5/6/2010,,,0,,,
NGBP4,5/7/2010,,,0,,,
NGBP4,5/8/2010,,,0.32,,,
NGBP4,5/9/2010,,,4.63,,,
NGBP4,5/10/2010,,,1.07,,,
NGBP4,5/11/2010,,,0,,,
NGBP4,5/12/2010,,,0.19,,,
NGBP4,5/13/2010,,,0.33,,,
NGBP4,5/14/2010,,,0.47,,,
NGBP4,5/15/2010,,,0.62,,,
NGBP4,5/16/2010,,,0.23,,,
NGBP4,5/17/2010,,,0.45,,,
NGBP4,5/18/2010,,,1.81,,,
NGBP4,5/19/2010,,,0.1,,,
NGBP4,5/20/2010,,,0.11,,,
NGBP4,5/21/2010,,,0.03,,,
NGBP4,5/22/2010,,,0.07,,,
NGBP4,5/23/2010,,,0.12,,,
NGBP4,5/24/2010,,,0,,,
NGBP4,5/25/2010,,,0.81,,,
NGBP4,5/26/2010,,,0.4,,,
NGBP4,5/27/2010,,,0.51,,,
NGBP4,5/28/2010,,,0.2,,,
NGBP4,5/29/2010,,,0.27,,,
NGBP4,5/30/2010,,,0.34,,,
NGBP4,5/31/2010,,,1.2,,,
NGBP4,6/1/2010,,,1.43,,,
NGBP4,6/2/2010,,,0.23,,,
NGBP4,6/3/2010,,,0.68,,,
NGBP4,6/4/2010,,,0,,,
NGBP4,6/5/2010,,,0,,,
NGBP4,6/6/2010,,,0,,,
NGBP4,6/7/2010,,,0,,,
NGBP4,6/8/2010,,,0.1,,,
NGBP4,6/9/2010,,,0,,,
NGBP4,6/10/2010,,,0.09,,,
NGBP4,6/11/2010,,,0,,,
NGBP4,6/12/2010,,,0,,,
NGBP4,6/13/2010,,,0.27,,,
NGBP4,6/14/2010,,,0.23,,,
NGBP4,6/15/2010,,,0,,,
NGBP4,6/16/2010,,,0,,,
NGBP4,6/17/2010,,,0.7,,,
NGBP4,6/18/2010,,,1.1,,,
NGBP4,6/19/2010,,,0.67,,,
NGBP4,6/20/2010,,,0.42,,,
NGBP4,6/21/2010,,,0.91,,,
NGBP4,6/22/2010,,,1.15,,,
NGBP4,6/23/2010,,,0.75,,,
NGBP4,6/24/2010,,,0.67,,,
NGBP4,6/25/2010,,,0.32,,,
NGBP4,6/26/2010,,,0,,,
NGBP4,6/27/2010,,,0.51,,,
NGBP4,6/28/2010,,,0.29,,,
NGBP4,6/29/2010,,,0,,,
NGBP4,6/30/2010,,,0,,,
NGBP4,7/1/2010,,,0,,,
NGBP4,7/2/2010,,,0,,,
NGBP4,7/3/2010,,,0,,,
NGBP4,7/4/2010,,,0,,,
NGBP4,7/5/2010,,,0.9,,,
NGBP4,7/6/2010,,,1.05,,,
NGBP4,7/7/2010,,,0.67,,,
NGBP4,7/8/2010,,,0.28,,,
NGBP4,7/9/2010,,,0.17,,,
NGBP4,7/10/2010,,,0,,,
NGBP4,7/11/2010,,,0,,,
NGBP4,7/12/2010,,,0.06,,,
NGBP4,7/13/2010,,,0,,,
NGBP4,7/14/2010,,,0.07,,,
NGBP4,7/15/2010,,,0.12,,,
NGBP4,7/16/2010,,,1.85,,,
NGBP4,7/17/2010,,,1.25,,,
NGBP4,7/18/2010,,,0.75,,,
NGBP4,7/19/2010,,,1.25,,,
NGBP4,7/20/2010,,,4,,,
NGBP4,7/21/2010,,,1.3,,,
NGBP4,7/22/2010,,,0.32,,,
NGBP4,7/23/2010,,,0.47,,,
NGBP4,7/24/2010,,,0.95,,,
NGBP4,7/25/2010,,,0,,,
NGBP4,7/26/2010,,,0,,,
NGBP4,7/27/2010,,,0,,,
NGBP4,7/28/2010,,,0.4,,,
NGBP4,7/29/2010,,,0.32,,,
NGBP4,7/30/2010,,,0,,,
NGBP4,7/31/2010,,,0,,,
NGBP4,8/1/2010,,,0.09,,,
NGBP4,8/2/2010,,,0.5,,,
NGBP4,8/3/2010,,,0.35,,,
NGBP4,8/4/2010,,,0,,,
NGBP4,8/5/2010,,,0,,,
NGBP4,8/6/2010,,,0,,,
NGBP4,8/7/2010,,,0.36,,,
NGBP4,8/8/2010,,,0.27,,,
NGBP4,8/9/2010,,,0.73,,,
NGBP4,8/10/2010,,,1.5,,,
NGBP4,8/11/2010,,,3.38,,,
NGBP4,8/12/2010,,,0,,,
NGBP4,8/13/2010,,,1.32,,,
NGBP4,8/14/2010,,,0,,,
NGBP4,8/15/2010,,,0,,,
NGBP4,8/16/2010,,,0,,,
NGBP4,8/17/2010,,,0.21,,,
NGBP4,8/18/2010,,,0.17,,,
NGBP4,8/19/2010,,,0,,,
NGBP4,8/20/2010,,,0.78,,,
NGBP4,8/21/2010,,,0.7,,,
NGBP4,8/22/2010,,,0,,,
NGBP4,8/23/2010,,,0,,,
NGBP4,8/24/2010,,,0,,,
NGBP4,8/25/2010,,,0,,,
NGBP4,8/26/2010,,,0,,,
NGBP4,8/27/2010,,,0,,,
NGBP4,8/28/2010,,,0,,,
NGBP4,8/29/2010,,,0,,,
NGBP4,8/30/2010,,,2.25,,,
NGBP4,8/31/2010,,,1.1,,,
NGBP4,9/1/2010,,,0,,,
NGBP4,9/2/2010,,,0.25,,,
NGBP4,9/3/2010,,,0,,,
NGBP4,9/4/2010,,,0,,,
NGBP4,9/5/2010,,,0,,,
NGBP4,9/6/2010,,,0.68,,,
NGBP4,9/7/2010,,,0,,,
NGBP4,9/8/2010,,,0.7,,,
NGBP4,9/9/2010,,,0.43,,,
NGBP4,9/10/2010,,,0.21,,,
NGBP4,9/11/2010,,,0.18,,,
NGBP4,9/12/2010,,,1.27,,,
NGBP4,9/13/2010,,,0.83,,,
NGBP4,9/14/2010,,,0,,,
NGBP4,9/15/2010,,,0,,,
NGBP4,9/16/2010,,,0,,,
NGBP4,9/17/2010,,,0,,,
NGBP4,9/18/2010,,,0.54,,,
NGBP4,9/19/2010,,,0,,,
NGBP4,9/20/2010,,,0,,,
NGBP4,9/21/2010,,,0,,,
NGBP4,9/22/2010,,,0.1,,,
NGBP4,9/23/2010,,,0.07,,,
NGBP4,9/24/2010,,,0.18,,,
NGBP4,9/25/2010,,,1.27,,,
NGBP4,9/26/2010,,,0.13,,,
NGBP4,9/27/2010,,,0.12,,,
NGBP4,9/28/2010,,,0.27,,,
NGBP4,9/29/2010,,,0.32,,,
NGBP4,9/30/2010,,,0.1,,,
NGBP4,10/1/2010,,,0.37,,,
NGBP4,10/2/2010,,,0,,,
NGBP4,10/3/2010,,,0.17,,,
NGBP4,10/4/2010,,,0,,,
NGBP4,10/5/2010,,,0,,,
NGBP4,10/6/2010,,,0.81,,,
NGBP4,10/7/2010,,,0.9,,,
NGBP4,10/8/2010,,,2.1,,,
NGBP4,10/9/2010,,,0.17,,,
NGBP4,10/10/2010,,,0.9,,,
NGBP4,10/11/2010,,,0.41,,,
NGBP4,10/12/2010,,,0.31,,,
NGBP4,10/13/2010,,,0.17,,,
NGBP4,10/14/2010,,,0.1,,,
NGBP4,10/15/2010,,,0,,,
NGBP4,10/16/2010,,,0,,,
NGBP4,10/17/2010,,,0,,,
NGBP4,10/18/2010,,,0,,,
NGBP4,10/19/2010,,,0,,,
NGBP4,10/20/2010,,,0,,,
NGBP4,10/21/2010,,,0,,,
NGBP4,10/22/2010,,,0,,,
NGBP4,10/23/2010,,,0,,,
NGBP4,10/24/2010,,,0,,,
NGBP4,10/25/2010,,,0,,,
NGBP4,10/26/2010,,,0,,,
NGBP4,10/27/2010,,,0,,,
NGBP4,10/28/2010,,,0.52,,,
NGBP4,10/29/2010,,,1.49,,,
NGBP4,10/30/2010,,,0.27,,,
NGBP4,10/31/2010,,,0.13,,,
NGBP4,11/1/2010,,,0.18,,,
NGBP4,11/2/2010,,,0,,,
NGBP4,11/3/2010,,,0,,,
NGBP4,11/4/2010,,,0.1,,,
NGBP4,11/5/2010,,,1.25,,,
NGBP4,11/6/2010,,,0.53,,,
NGBP4,11/7/2010,,,0.6,,,
NGBP4,11/8/2010,,,0.72,,,
NGBP4,11/9/2010,,,0.79,,,
NGBP4,11/10/2010,,,1,,,
NGBP4,11/11/2010,,,0.71,,,
NGBP4,11/12/2010,,,0.42,,,
NGBP4,11/13/2010,,,0.1,,,
NGBP4,11/14/2010,,,0,,,
NGBP4,11/15/2010,,,0,,,
NGBP4,11/16/2010,,,1,,,
NGBP4,11/17/2010,,,0.24,,,
NGBP4,11/18/2010,,,0,,,
NGBP4,11/19/2010,,,0.72,,,
NGBP4,11/20/2010,,,0.31,,,
NGBP4,11/21/2010,,,0,,,
NGBP4,11/22/2010,,,0,,,
NGBP4,11/23/2010,,,0,,,
NGBP4,11/24/2010,,,0,,,
NGBP4,11/25/2010,,,0,,,
NGBP4,11/26/2010,,,0,,,
NGBP4,11/27/2010,,,0,,,
NGBP4,11/28/2010,,,0.18,,,
NGBP4,11/29/2010,,,0,,,
NGBP4,11/30/2010,,,0,,,
NGBP4,12/1/2010,,,0.16,,,
NGBP4,12/2/2010,,,0,,,
NGBP4,12/3/2010,,,0,,,
NGBP4,12/4/2010,,,0,,,
NGBP4,12/5/2010,,,0,,,
NGBP4,12/6/2010,,,0,,,
NGBP4,12/7/2010,,,0,,,
NGBP4,12/8/2010,,,4.4,,,
NGBP4,12/9/2010,,,0.1,,,
NGBP4,12/10/2010,,,0,,,
NGBP4,12/11/2010,,,0,,,
NGBP4,12/12/2010,,,0,,,
NGBP4,12/13/2010,,,0,,,
NGBP4,12/14/2010,,,0,,,
NGBP4,12/15/2010,,,0.17,,,
NGBP4,12/16/2010,,,0,,,
NGBP4,12/17/2010,,,2.19,,,
NGBP4,12/18/2010,,,0.28,,,
NGBP4,12/19/2010,,,0.3,,,
NGBP4,12/20/2010,,,0.37,,,
NGBP4,12/21/2010,,,0.18,,,
NGBP4,12/22/2010,,,0.67,,,
NGBP4,12/23/2010,,,0.08,,,
NGBP4,12/24/2010,,,0,,,
NGBP4,12/25/2010,,,0,,,
NGBP4,12/26/2010,,,0,,,
NGBP4,12/27/2010,,,0.27,,,
NGBP4,12/28/2010,,,1.38,,,
NGBP4,12/29/2010,,,0.37,,,
NGBP4,12/30/2010,,,0.1,,,
NGBP4,12/31/2010,,,0.12,,,
NGBP4,1/1/2011,,,0,,,
NGBP4,1/2/2011,,,0.17,,,
NGBP4,1/3/2011,,,0.89,,,
NGBP4,1/4/2011,,,0,,,
NGBP4,1/5/2011,,,0.14,,,
NGBP4,1/6/2011,,,0,,,
NGBP4,1/7/2011,,,0.17,,,
NGBP4,1/8/2011,,,0.2,,,
NGBP4,1/9/2011,,,0,,,
NGBP4,1/10/2011,,,0.21,,,
NGBP4,1/11/2011,,,0,,,
NGBP4,1/12/2011,,,0,,,
NGBP4,1/13/2011,,,0,,,
NGBP4,1/14/2011,,,0,,,
NGBP4,1/15/2011,,,0,,,
NGBP4,1/16/2011,,,0.19,,,
NGBP4,1/17/2011,,,0.37,,,
NGBP4,1/18/2011,,,0.42,,,
NGBP4,1/19/2011,,,0,,,
NGBP4,1/20/2011,,,0,,,
NGBP4,1/21/2011,,,0,,,
NGBP4,1/22/2011,,,0,,,
NGBP4,1/23/2011,,,0.1,,,
NGBP4,1/24/2011,,,0.07,,,
NGBP4,1/25/2011,,,0.12,,,
NGBP4,1/26/2011,,,0.18,,,
NGBP4,1/27/2011,,,0.3,,,
NGBP4,1/28/2011,,,0,,,
NGBP4,1/29/2011,,,0,,,
NGBP4,1/30/2011,,,0,,,
NGBP4,1/31/2011,,,0,,,
NGBP4,2/1/2011,,,0.37,,,
NGBP4,2/2/2011,,,0.19,,,
NGBP4,2/3/2011,,,0.32,,,
NGBP4,2/4/2011,,,0,,,
NGBP4,2/5/2011,,,0.54,,,
NGBP4,2/6/2011,,,0.3,,,
NGBP4,2/7/2011,,,0.09,,,
NGBP4,2/8/2011,,,0.17,,,
NGBP4,2/9/2011,,,0.12,,,
NGBP4,2/10/2011,,,0.21,,,
NGBP4,2/11/2011,,,0.47,,,
NGBP4,2/12/2011,,,0,,,
NGBP4,2/13/2011,,,0.23,,,
NGBP4,2/14/2011,,,0.25,,,
NGBP4,2/15/2011,,,0.19,,,
NGBP4,2/16/2011,,,0.08,,,
NGBP4,2/17/2011,,,0.25,,,
NGBP4,2/18/2011,,,0,,,
NGBP4,2/19/2011,,,0,,,
NGBP4,2/20/2011,,,0,,,
NGBP4,2/21/2011,,,0,,,
NGBP4,2/22/2011,,,0,,,
NGBP4,2/23/2011,,,0.18,,,
NGBP4,2/24/2011,,,0.09,,,
NGBP4,2/25/2011,,,0.14,,,
NGBP4,2/26/2011,,,0,,,
NGBP4,2/27/2011,,,0.15,,,
NGBP4,2/28/2011,,,0,,,
NGBP4,3/1/2011,,,0,,,
NGBP4,3/2/2011,,,0,,,
NGBP4,3/3/2011,,,0.06,,,
NGBP4,3/4/2011,,,0,,,
NGBP4,3/5/2011,,,0,,,
NGBP4,3/6/2011,,,0,,,
NGBP4,3/7/2011,,,0,,,
NGBP4,3/8/2011,,,0,,,
NGBP4,3/9/2011,,,0,,,
NGBP4,3/10/2011,,,0,,,
NGBP4,3/11/2011,,,0.58,,,
NGBP4,3/12/2011,,,0,,,
NGBP4,3/13/2011,,,0,,,
NGBP4,3/14/2011,,,0,,,
NGBP4,3/15/2011,,,0,,,
NGBP4,3/16/2011,,,0.07,,,
NGBP4,3/17/2011,,,0,,,
NGBP4,3/18/2011,,,0,,,
NGBP4,3/19/2011,,,0.1,,,
NGBP4,3/20/2011,,,0.18,,,
NGBP4,3/21/2011,,,0.47,,,
NGBP4,3/22/2011,,,0.4,,,
NGBP4,3/23/2011,,,0.53,,,
NGBP4,3/24/2011,,,0.11,,,
NGBP4,3/25/2011,,,0,,,
NGBP4,3/26/2011,,,0,,,
NGBP4,3/27/2011,,,0,,,
NGBP4,3/28/2011,,,0.25,,,
NGBP4,3/29/2011,,,0.09,,,
NGBP4,3/30/2011,,,0.17,,,
NGBP4,3/31/2011,,,0,,,
NGBP4,4/1/2011,,,0.19,,,
NGBP4,4/2/2011,,,0.11,,,
NGBP4,4/3/2011,,,0.14,,,
NGBP4,4/4/2011,,,0,,,
NGBP4,4/5/2011,,,0.18,,,
NGBP4,4/6/2011,,,0.08,,,
NGBP4,4/7/2011,,,0.13,,,
NGBP4,4/8/2011,,,0.4,,,
NGBP4,4/9/2011,,,0.27,,,
NGBP4,4/10/2011,,,0,,,
NGBP4,4/11/2011,,,0,,,
NGBP4,4/12/2011,,,0.72,,,
NGBP4,4/13/2011,,,0.37,,,
NGBP4,4/14/2011,,,0.56,,,
NGBP4,4/15/2011,,,0.41,,,
NGBP4,4/16/2011,,,0,,,
NGBP4,4/17/2011,,,0.07,,,
NGBP4,4/18/2011,,,0.09,,,
NGBP4,4/19/2011,,,0.71,,,
NGBP4,4/20/2011,,,0.13,,,
NGBP4,4/21/2011,,,0,,,
NGBP4,4/22/2011,,,0,,,
NGBP4,4/23/2011,,,0,,,
NGBP4,4/24/2011,,,0.31,,,
NGBP4,4/25/2011,,,0.14,,,
NGBP4,4/26/2011,,,0,,,
NGBP4,4/27/2011,,,0,,,
NGBP4,4/28/2011,,,0.57,,,
NGBP4,4/29/2011,,,0,,,
NGBP4,4/30/2011,,,0.19,,,
NGBP4,5/1/2011,,,2,,,
NGBP4,5/2/2011,,,0.24,,,
NGBP4,5/3/2011,,,0,,,
NGBP4,5/4/2011,,,0.17,,,
NGBP4,5/5/2011,,,0,,,
NGBP4,5/6/2011,,,0,,,
NGBP4,5/7/2011,,,0,,,
NGBP4,5/8/2011,,,0,,,
NGBP4,5/9/2011,,,0,,,
NGBP4,5/10/2011,,,0,,,
NGBP4,5/11/2011,,,0.27,,,
NGBP4,5/12/2011,,,0,,,
NGBP4,5/13/2011,,,0,,,
NGBP4,5/14/2011,,,0,,,
NGBP4,5/15/2011,,,0.31,,,
NGBP4,5/16/2011,,,0.47,,,
NGBP4,5/17/2011,,,3.09,,,
NGBP4,5/18/2011,,,2.14,,,
NGBP4,5/19/2011,,,2,,,
NGBP4,5/20/2011,,,6,,,
NGBP4,5/21/2011,,,1.2,,,
NGBP4,5/22/2011,,,1.32,,,
NGBP4,5/23/2011,,,0.19,,,
NGBP4,5/24/2011,,,0.09,,,
NGBP4,5/25/2011,,,0.57,,,
NGBP4,5/26/2011,,,0.32,,,
NGBP4,5/27/2011,,,0.13,,,
NGBP4,5/28/2011,,,0.47,,,
NGBP4,5/29/2011,,,0.79,,,
NGBP4,5/30/2011,,,0.11,,,
NGBP4,5/31/2011,,,0.82,,,
NGBP4,6/1/2011,,,0.21,,,
NGBP4,6/2/2011,,,0.8,,,
NGBP4,6/3/2011,,,1.05,,,
NGBP4,6/4/2011,,,0.18,,,
NGBP4,6/5/2011,,,0.22,,,
NGBP4,6/6/2011,,,0.9,,,
NGBP4,6/7/2011,,,1.25,,,
NGBP4,6/8/2011,,,2,,,
NGBP4,6/9/2011,,,0.49,,,
NGBP4,6/10/2011,,,0.09,,,
NGBP4,6/11/2011,,,0,,,
NGBP4,6/12/2011,,,0,,,
NGBP4,6/13/2011,,,0,,,
NGBP4,6/14/2011,,,0.38,,,
NGBP4,6/15/2011,,,0.47,,,
NGBP4,6/16/2011,,,0,,,
NGBP4,6/17/2011,,,0,,,
NGBP4,6/18/2011,,,0,,,
NGBP4,6/19/2011,,,0,,,
NGBP4,6/20/2011,,,0.8,,,
NGBP4,6/21/2011,,,1.45,,,
NGBP4,6/22/2011,,,0,,,
NGBP4,6/23/2011,,,0,,,
NGBP4,6/24/2011,,,0.4,,,
NGBP4,6/25/2011,,,0.21,,,
NGBP4,6/26/2011,,,0.32,,,
NGBP4,6/27/2011,,,0.6,,,
NGBP4,6/28/2011,,,0.11,,,
NGBP4,6/29/2011,,,0.09,,,
NGBP4,6/30/2011,,,0.14,,,
NGBP4,7/1/2011,,,1.33,,,
NGBP4,7/2/2011,,,0.9,,,
NGBP4,7/3/2011,,,3.28,,,
NGBP4,7/4/2011,,,1.24,,,
NGBP4,7/5/2011,,,0.41,,,
NGBP4,7/6/2011,,,0.32,,,
NGBP4,7/7/2011,,,0.09,,,
NGBP4,7/8/2011,,,0.21,,,
NGBP4,7/9/2011,,,0.8,,,
NGBP4,7/10/2011,,,0.67,,,
NGBP4,7/11/2011,,,0.42,,,
NGBP4,7/12/2011,,,0.29,,,
NGBP4,7/13/2011,,,0.7,,,
NGBP4,7/14/2011,,,0.39,,,
NGBP4,7/15/2011,,,0.09,,,
NGBP4,7/16/2011,,,0.12,,,
NGBP4,7/17/2011,,,0.43,,,
NGBP4,7/18/2011,,,0.27,,,
NGBP4,7/19/2011,,,0.43,,,
NGBP4,7/20/2011,,,1,,,
NGBP4,7/21/2011,,,0.27,,,
NGBP4,7/22/2011,,,0.4,,,
NGBP4,7/23/2011,,,0.75,,,
NGBP4,7/24/2011,,,0.27,,,
NGBP4,7/25/2011,,,0.32,,,
NGBP4,7/26/2011,,,0.19,,,
NGBP4,7/27/2011,,,1.05,,,
NGBP4,7/28/2011,,,0.49,,,
NGBP4,7/29/2011,,,0.51,,,
NGBP4,7/30/2011,,,1.49,,,
NGBP4,7/31/2011,,,0.17,,,
NGBP4,8/1/2011,,,0.17,,,
NGBP4,8/2/2011,,,0.37,,,
NGBP4,8/3/2011,,,6.41,,,
NGBP4,8/4/2011,,,0.21,,,
NGBP4,8/5/2011,,,0,,,
NGBP4,8/6/2011,,,0.15,,,
NGBP4,8/7/2011,,,0,,,
NGBP4,8/8/2011,,,0,,,
NGBP4,8/9/2011,,,0,,,
NGBP4,8/10/2011,,,0,,,
NGBP4,8/11/2011,,,0.14,,,
NGBP4,8/12/2011,,,0,,,
NGBP4,8/13/2011,,,0.07,,,
NGBP4,8/14/2011,,,0,,,
NGBP4,8/15/2011,,,0.43,,,
NGBP4,8/16/2011,,,0,,,
NGBP4,8/17/2011,,,0.07,,,
NGBP4,8/18/2011,,,0.22,,,
NGBP4,8/19/2011,,,0,,,
NGBP4,8/20/2011,,,0,,,
NGBP4,8/21/2011,,,1.9,,,
NGBP4,8/22/2011,,,8.5,,,
NGBP4,8/23/2011,,,3.85,,,
NGBP4,8/24/2011,,,2.91,,,
NGBP4,8/25/2011,,,0.85,,,
NGBP4,8/26/2011,,,2.91,,,
NGBP4,8/27/2011,,,0.23,,,
NGBP4,8/28/2011,,,0.68,,,
NGBP4,8/29/2011,,,0,,,
NGBP4,8/30/2011,,,0,,,
NGBP4,8/31/2011,,,0.43,,,
NGBP4,9/1/2011,,,1.5,,,
NGBP4,9/2/2011,,,0,,,
NGBP4,9/3/2011,,,1.92,,,
NGBP4,9/4/2011,,,0,,,
NGBP4,9/5/2011,,,0,,,
NGBP4,9/6/2011,,,0,,,
NGBP4,9/7/2011,,,0.06,,,
NGBP4,9/8/2011,,,0,,,
NGBP4,9/9/2011,,,0,,,
NGBP4,9/10/2011,,,0,,,
NGBP4,9/11/2011,,,0,,,
NGBP4,9/12/2011,,,0.27,,,
NGBP4,9/13/2011,,,3,,,
NGBP4,9/14/2011,,,0,,,
NGBP4,9/15/2011,,,0.31,,,
NGBP4,9/16/2011,,,0,,,
NGBP4,9/17/2011,,,0.72,,,
NGBP4,9/18/2011,,,0.19,,,
NGBP4,9/19/2011,,,2,,,
NGBP4,9/20/2011,,,0.28,,,
NGBP4,9/21/2011,,,0.42,,,
NGBP4,9/22/2011,,,0.09,,,
NGBP4,9/23/2011,,,0.27,,,
NGBP4,9/24/2011,,,0.32,,,
NGBP4,9/25/2011,,,1,,,
NGBP4,9/26/2011,,,0,,,
NGBP4,9/27/2011,,,0,,,
NGBP4,9/28/2011,,,0,,,
NGBP4,9/29/2011,,,0.21,,,
NGBP4,9/30/2011,,,0,,,
NGBP4,10/1/2011,,,0,,,
NGBP4,10/2/2011,,,1.85,,,
NGBP4,10/3/2011,,,1,,,
NGBP4,10/4/2011,,,0.5,,,
NGBP4,10/5/2011,,,0.47,,,
NGBP4,10/6/2011,,,0.31,,,
NGBP4,10/7/2011,,,0.47,,,
NGBP4,10/8/2011,,,0,,,
NGBP4,10/9/2011,,,0,,,
NGBP4,10/10/2011,,,0,,,
NGBP4,10/11/2011,,,0,,,
NGBP4,10/12/2011,,,0.42,,,
NGBP4,10/13/2011,,,0.85,,,
NGBP4,10/14/2011,,,2,,,
NGBP4,10/15/2011,,,0,,,
NGBP4,10/16/2011,,,0.09,,,
NGBP4,10/17/2011,,,0.27,,,
NGBP4,10/18/2011,,,0.39,,,
NGBP4,10/19/2011,,,0,,,
NGBP4,10/20/2011,,,0,,,
NGBP4,10/21/2011,,,0,,,
NGBP4,10/22/2011,,,0,,,
NGBP4,10/23/2011,,,0,,,
NGBP4,10/24/2011,,,0,,,
NGBP4,10/25/2011,,,0,,,
NGBP4,10/26/2011,,,0,,,
NGBP4,10/27/2011,,,0.31,,,
NGBP4,10/28/2011,,,0.26,,,
NGBP4,10/29/2011,,,0,,,
NGBP4,10/30/2011,,,0.12,,,
NGBP4,10/31/2011,,,0.65,,,
NGBP4,11/1/2011,,,0,,,
NGBP4,11/2/2011,,,1.37,,,
NGBP4,11/3/2011,,,0.7,,,
NGBP4,11/4/2011,,,0.32,,,
NGBP4,11/5/2011,,,0.16,,,
NGBP4,11/6/2011,,,0,,,
NGBP4,11/7/2011,,,0,,,
NGBP4,11/8/2011,,,0.05,,,
NGBP4,11/9/2011,,,2,,,
NGBP4,11/10/2011,,,1.45,,,
NGBP4,11/11/2011,,,0.13,,,
NGBP4,11/12/2011,,,0,,,
NGBP4,11/13/2011,,,0,,,
NGBP4,11/14/2011,,,0.16,,,
NGBP4,11/15/2011,,,0,,,
NGBP4,11/16/2011,,,0.45,,,
NGBP4,11/17/2011,,,0.08,,,
NGBP4,11/18/2011,,,0.85,,,
NGBP4,11/19/2011,,,0.47,,,
NGBP4,11/20/2011,,,0.75,,,
NGBP4,11/21/2011,,,1.42,,,
NGBP4,11/22/2011,,,0.18,,,
NGBP4,11/23/2011,,,0.15,,,
NGBP4,11/24/2011,,,0,,,
NGBP4,11/25/2011,,,0,,,
NGBP4,11/26/2011,,,0.17,,,
NGBP4,11/27/2011,,,0.25,,,
NGBP4,11/28/2011,,,2.11,,,
NGBP4,11/29/2011,,,0,,,
NGBP4,11/30/2011,,,0,,,
NGBP4,12/1/2011,,,0,,,
NGBP4,12/2/2011,,,0,,,
NGBP4,12/3/2011,,,0.71,,,
NGBP4,12/4/2011,,,0.24,,,
NGBP4,12/5/2011,,,0.16,,,
NGBP4,12/6/2011,,,0.14,,,
NGBP4,12/7/2011,,,0,,,
NGBP4,12/8/2011,,,0.19,,,
NGBP4,12/9/2011,,,0.27,,,
NGBP4,12/10/2011,,,0.42,,,
NGBP4,12/11/2011,,,0.85,,,
NGBP4,12/12/2011,,,2,,,
NGBP4,12/13/2011,,,0.49,,,
NGBP4,12/14/2011,,,0,,,
NGBP4,12/15/2011,,,0.09,,,
NGBP4,12/16/2011,,,0.27,,,
NGBP4,12/17/2011,,,0.21,,,
NGBP4,12/18/2011,,,0.1,,,
NGBP4,12/19/2011,,,0.4,,,
NGBP4,12/20/2011,,,0,,,
NGBP4,12/21/2011,,,0,,,
NGBP4,12/22/2011,,,0.32,,,
NGBP4,12/23/2011,,,0,,,
NGBP4,12/24/2011,,,0.09,,,
NGBP4,12/25/2011,,,0,,,
NGBP4,12/26/2011,,,0,,,
NGBP4,12/27/2011,,,0.21,,,
NGBP4,12/28/2011,,,0.19,,,
NGBP4,12/29/2011,,,0.13,,,
NGBP4,12/30/2011,,,0,,,
NGBP4,12/31/2011,,,0,,,
NGBP4,1/1/2012,,,0.13,,,
NGBP4,1/2/2012,,,0,,,
NGBP4,1/3/2012,,,0,,,
NGBP4,1/4/2012,,,0.22,,,
NGBP4,1/5/2012,,,0.17,,,
NGBP4,1/6/2012,,,0,,,
NGBP4,1/7/2012,,,0.19,,,
NGBP4,1/8/2012,,,0.1,,,
NGBP4,1/9/2012,,,0.32,,,
NGBP4,1/10/2012,,,0,,,
NGBP4,1/11/2012,,,0,,,
NGBP4,1/12/2012,,,0.4,,,
NGBP4,1/13/2012,,,0.37,,,
NGBP4,1/14/2012,,,1.15,,,
NGBP4,1/15/2012,,,0.45,,,
NGBP4,1/16/2012,,,0.29,,,
NGBP4,1/17/2012,,,0.42,,,
NGBP4,1/18/2012,,,1,,,
NGBP4,1/19/2012,,,0.12,,,
NGBP4,1/20/2012,,,0.17,,,
NGBP4,1/21/2012,,,0.32,,,
NGBP4,1/22/2012,,,0.2,,,
NGBP4,1/23/2012,,,0,,,
NGBP4,1/24/2012,,,0.18,,,
NGBP4,1/25/2012,,,0.11,,,
NGBP4,1/26/2012,,,0,,,
NGBP4,1/27/2012,,,0.09,,,
NGBP4,1/28/2012,,,0.17,,,
NGBP4,1/29/2012,,,0.07,,,
NGBP4,1/30/2012,,,0.18,,,
NGBP4,1/31/2012,,,0.28,,,
NGBP4,2/1/2012,,,0.4,,,
NGBP4,2/2/2012,,,0.85,,,
NGBP4,2/3/2012,,,0.27,,,
NGBP4,2/4/2012,,,0.07,,,
NGBP4,2/5/2012,,,0.17,,,
NGBP4,2/6/2012,,,0.42,,,
NGBP4,2/7/2012,,,0.05,,,
NGBP4,2/8/2012,,,0.18,,,
NGBP4,2/9/2012,,,0.52,,,
NGBP4,2/10/2012,,,0.12,,,
NGBP4,2/11/2012,,,0.19,,,
NGBP4,2/12/2012,,,0.17,,,
NGBP4,2/13/2012,,,0.21,,,
NGBP4,2/14/2012,,,0.15,,,
NGBP4,2/15/2012,,,0.42,,,
NGBP4,2/16/2012,,,0,,,
NGBP4,2/17/2012,,,0,,,
NGBP4,2/18/2012,,,0,,,
NGBP4,2/19/2012,,,0,,,
NGBP4,2/20/2012,,,0,,,
NGBP4,2/21/2012,,,0.15,,,
NGBP4,2/22/2012,,,0,,,
NGBP4,2/23/2012,,,0,,,
NGBP4,2/24/2012,,,0,,,
NGBP4,2/25/2012,,,0.21,,,
NGBP4,2/26/2012,,,0.42,,,
NGBP4,2/27/2012,,,0.17,,,
NGBP4,2/28/2012,,,0.12,,,
NGBP4,2/29/2012,,,0.08,,,
NGBP4,3/1/2012,,,0.73,,,
NGBP4,3/2/2012,,,0.49,,,
NGBP4,3/3/2012,,,0.1,,,
NGBP4,3/4/2012,,,0.19,,,
NGBP4,3/5/2012,,,0.57,,,
NGBP4,3/6/2012,,,0.1,,,
NGBP4,3/7/2012,,,0.15,,,
NGBP4,3/8/2012,,,0.62,,,
NGBP4,3/9/2012,,,0.44,,,
NGBP4,3/10/2012,,,0,,,
NGBP4,3/11/2012,,,0,,,
NGBP4,3/12/2012,,,0,,,
NGBP4,3/13/2012,,,0.17,,,
NGBP4,3/14/2012,,,0.37,,,
NGBP4,3/15/2012,,,0.25,,,
NGBP4,3/16/2012,,,0,,,
NGBP4,3/17/2012,,,0,,,
NGBP4,3/18/2012,,,0,,,
NGBP4,3/19/2012,,,0.25,,,
NGBP4,3/20/2012,,,0.32,,,
NGBP4,3/21/2012,,,0.48,,,
NGBP4,3/22/2012,,,1.15,,,
NGBP4,3/23/2012,,,0.79,,,
NGBP4,3/24/2012,,,0.67,,,
NGBP4,3/25/2012,,,0.57,,,
NGBP4,3/26/2012,,,0.39,,,
NGBP4,3/27/2012,,,1.05,,,
NGBP4,3/28/2012,,,6,,,
NGBP4,3/29/2012,,,3,,,
NGBP4,3/30/2012,,,1.15,,,
NGBP4,3/31/2012,,,0.96,,,
NGBP4,4/1/2012,,,0,,,
NGBP4,4/2/2012,,,0,,,
NGBP4,4/3/2012,,,0,,,
NGBP4,4/4/2012,,,0,,,
NGBP4,4/5/2012,,,0,,,
NGBP4,4/6/2012,,,0,,,
NGBP4,4/7/2012,,,0,,,
NGBP4,4/8/2012,,,0,,,
NGBP4,4/9/2012,,,0.36,,,
NGBP4,4/10/2012,,,0.62,,,
NGBP4,4/11/2012,,,0.25,,,
NGBP4,4/12/2012,,,0.18,,,
NGBP4,4/13/2012,,,0.34,,,
NGBP4,4/14/2012,,,1,,,
NGBP4,4/15/2012,,,0.67,,,
NGBP4,4/16/2012,,,0,,,
NGBP4,4/17/2012,,,0,,,
NGBP4,4/18/2012,,,0,,,
NGBP4,4/19/2012,,,0,,,
NGBP4,4/20/2012,,,0,,,
NGBP4,4/21/2012,,,0,,,
NGBP4,4/22/2012,,,0.9,,,
NGBP4,4/23/2012,,,0.55,,,
NGBP4,4/24/2012,,,0.2,,,
NGBP4,4/25/2012,,,0.37,,,
NGBP4,4/26/2012,,,0.09,,,
NGBP4,4/27/2012,,,0,,,
NGBP4,4/28/2012,,,0,,,
NGBP4,4/29/2012,,,0,,,
NGBP4,4/30/2012,,,0.57,,,
NGBP4,5/1/2012,,,0,,,
NGBP4,5/2/2012,,,0,,,
NGBP4,5/3/2012,,,1,,,
NGBP4,5/4/2012,,,0.48,,,
NGBP4,5/5/2012,,,0.3,,,
NGBP4,5/6/2012,,,0.77,,,
NGBP4,5/7/2012,,,0.23,,,
NGBP4,5/8/2012,,,0.19,,,
NGBP4,5/9/2012,,,0.52,,,
NGBP4,5/10/2012,,,3,,,
NGBP4,5/11/2012,,,0.27,,,
NGBP4,5/12/2012,,,0.17,,,
NGBP4,5/13/2012,,,0,,,
NGBP4,5/14/2012,,,0,,,
NGBP4,5/15/2012,,,0.27,,,
NGBP4,5/16/2012,,,0.4,,,
NGBP4,5/17/2012,,,1.15,,,
NGBP4,5/18/2012,,,1,,,
NGBP4,5/19/2012,,,0.67,,,
NGBP4,5/20/2012,,,0.15,,,
NGBP4,5/21/2012,,,0,,,
NGBP4,5/22/2012,,,0,,,
NGBP4,5/23/2012,,,0,,,
NGBP4,5/24/2012,,,0.8,,,
NGBP4,5/25/2012,,,0,,,
NGBP4,5/26/2012,,,0.22,,,
NGBP4,5/27/2012,,,0.15,,,
NGBP4,5/28/2012,,,1,,,
NGBP4,5/29/2012,,,0.13,,,
NGBP4,5/30/2012,,,0,,,
NGBP4,5/31/2012,,,0,,,
NGBP4,6/1/2012,,,0.17,,,
NGBP4,6/2/2012,,,0.13,,,
NGBP4,6/3/2012,,,0,,,
NGBP4,6/4/2012,,,0,,,
NGBP4,6/5/2012,,,0,,,
NGBP4,6/6/2012,,,0,,,
NGBP4,6/7/2012,,,0,,,
NGBP4,6/8/2012,,,0,,,
NGBP4,6/9/2012,,,0,,,
NGBP4,6/10/2012,,,0,,,
NGBP4,6/11/2012,,,0,,,
NGBP4,6/12/2012,,,0,,,
NGBP4,6/13/2012,,,0,,,
NGBP4,6/14/2012,,,0,,,
NGBP4,6/15/2012,,,0,,,
NGBP4,6/16/2012,,,0.1,,,
NGBP4,6/17/2012,,,0.82,,,
NGBP4,6/18/2012,,,0,,,
NGBP4,6/19/2012,,,0,,,
NGBP4,6/20/2012,,,0,,,
NGBP4,6/21/2012,,,0,,,
NGBP4,6/22/2012,,,0,,,
NGBP4,6/23/2012,,,0,,,
NGBP4,6/24/2012,,,0,,,
NGBP4,6/25/2012,,,0,,,
NGBP4,6/26/2012,,,0.31,,,
NGBP4,6/27/2012,,,0,,,
NGBP4,6/28/2012,,,0.25,,,
NGBP4,6/29/2012,,,0.15,,,
NGBP4,6/30/2012,,,0.32,,,
NGBP4,7/1/2012,,,0.31,,,
NGBP4,7/2/2012,,,0.17,,,
NGBP4,7/3/2012,,,0,,,
NGBP4,7/4/2012,,,0.19,,,
NGBP4,7/5/2012,,,2.24,,,
NGBP4,7/6/2012,,,0,,,
NGBP4,7/7/2012,,,0.23,,,
NGBP4,7/8/2012,,,0.1,,,
NGBP4,7/9/2012,,,0.6,,,
NGBP4,7/10/2012,,,0,,,
NGBP4,7/11/2012,,,0.17,,,
NGBP4,7/12/2012,,,0,,,
NGBP4,7/13/2012,,,0.32,,,
NGBP4,7/14/2012,,,0.27,,,
NGBP4,7/15/2012,,,0,,,
NGBP4,7/16/2012,,,0,,,
NGBP4,7/17/2012,,,0,,,
NGBP4,7/18/2012,,,0,,,
NGBP4,7/19/2012,,,0.55,,,
NGBP4,7/20/2012,,,0.79,,,
NGBP4,7/21/2012,,,0,,,
NGBP4,7/22/2012,,,0.11,,,
NGBP4,7/23/2012,,,0.38,,,
NGBP4,7/24/2012,,,0.19,,,
NGBP4,7/25/2012,,,0.49,,,
NGBP4,7/26/2012,,,0,,,
NGBP4,7/27/2012,,,0.17,,,
NGBP4,7/28/2012,,,0.22,,,
NGBP4,7/29/2012,,,0.19,,,
NGBP4,7/30/2012,,,0.7,,,
NGBP4,7/31/2012,,,0.49,,,
NGBP4,8/1/2012,,,0,,,
NGBP4,8/2/2012,,,0,,,
NGBP4,8/3/2012,,,0.09,,,
NGBP4,8/4/2012,,,0.21,,,
NGBP4,8/5/2012,,,0.07,,,
NGBP4,8/6/2012,,,0,,,
NGBP4,8/7/2012,,,0,,,
NGBP4,8/8/2012,,,0.12,,,
NGBP4,8/9/2012,,,0.25,,,
NGBP4,8/10/2012,,,0.49,,,
NGBP4,8/11/2012,,,0,,,
NGBP4,8/12/2012,,,0.08,,,
NGBP4,8/13/2012,,,0.5,,,
NGBP4,8/14/2012,,,0.42,,,
NGBP4,8/15/2012,,,0.27,,,
NGBP4,8/16/2012,,,0.11,,,
NGBP4,8/17/2012,,,0.1,,,
NGBP4,8/18/2012,,,0.07,,,
NGBP4,8/19/2012,,,0.27,,,
NGBP4,8/20/2012,,,0.09,,,
NGBP4,8/21/2012,,,0.37,,,
NGBP4,8/22/2012,,,0.48,,,
NGBP4,8/23/2012,,,1.25,,,
NGBP4,8/24/2012,,,1,,,
NGBP4,8/25/2012,,,0.17,,,
NGBP4,8/26/2012,,,0.09,,,
NGBP4,8/27/2012,,,0.12,,,
NGBP4,8/28/2012,,,0.31,,,
NGBP4,8/29/2012,,,0,,,
NGBP4,8/30/2012,,,0,,,
NGBP4,8/31/2012,,,0,,,
NGBP4,9/1/2012,,,0,,,
NGBP4,9/2/2012,,,0,,,
NGBP4,9/3/2012,,,0.22,,,
NGBP4,9/4/2012,,,0.1,,,
NGBP4,9/5/2012,,,0.08,,,
NGBP4,9/6/2012,,,0,,,
NGBP4,9/7/2012,,,0,,,
NGBP4,9/8/2012,,,0,,,
NGBP4,9/9/2012,,,0,,,
NGBP4,9/10/2012,,,0,,,
NGBP4,9/11/2012,,,0,,,
NGBP4,9/12/2012,,,0,,,
NGBP4,9/13/2012,,,0.42,,,
NGBP4,9/14/2012,,,0.98,,,
NGBP4,9/15/2012,,,1.5,,,
NGBP4,9/16/2012,,,0,,,
NGBP4,9/17/2012,,,0,,,
NGBP4,9/18/2012,,,0.12,,,
NGBP4,9/19/2012,,,0.2,,,
NGBP4,9/20/2012,,,0,,,
NGBP4,9/21/2012,,,0,,,
NGBP4,9/22/2012,,,0,,,
NGBP4,9/23/2012,,,0,,,
NGBP4,9/24/2012,,,0.48,,,
NGBP4,9/25/2012,,,0,,,
NGBP4,9/26/2012,,,0.27,,,
NGBP4,9/27/2012,,,1.15,,,
NGBP4,9/28/2012,,,0,,,
NGBP4,9/29/2012,,,0.1,,,
NGBP4,9/30/2012,,,0,,,
NGBP4,10/1/2012,,,0,,,
NGBP4,10/2/2012,,,0,,,
NGBP4,10/3/2012,,,0.83,,,
NGBP4,10/4/2012,,,0,,,
NGBP4,10/5/2012,,,0,,,
NGBP4,10/6/2012,,,0,,,
NGBP4,10/7/2012,,,0.32,,,
NGBP4,10/8/2012,,,0.52,,,
NGBP4,10/9/2012,,,4.45,,,
NGBP4,10/10/2012,,,0.79,,,
NGBP4,10/11/2012,,,0.02,,,
NGBP4,10/12/2012,,,0.31,,,
NGBP4,10/13/2012,,,0.87,,,
NGBP4,10/14/2012,,,0.5,,,
NGBP4,10/15/2012,,,1.2,,,
NGBP4,10/16/2012,,,0.51,,,
NGBP4,10/17/2012,,,0.38,,,
NGBP4,10/18/2012,,,0.2,,,
NGBP4,10/19/2012,,,0.27,,,
NGBP4,10/20/2012,,,0.53,,,
NGBP4,10/21/2012,,,0.07,,,
NGBP4,10/22/2012,,,0.2,,,
NGBP4,10/23/2012,,,0.25,,,
NGBP4,10/24/2012,,,0.15,,,
NGBP4,10/25/2012,,,1.62,,,
NGBP4,10/26/2012,,,0.42,,,
NGBP4,10/27/2012,,,0.18,,,
NGBP4,10/28/2012,,,0.12,,,
NGBP4,10/29/2012,,,0.07,,,
NGBP4,10/30/2012,,,0.15,,,
NGBP4,10/31/2012,,,0,,,
NGBP4,11/1/2012,,,0.21,,,
NGBP4,11/2/2012,,,0,,,
NGBP4,11/3/2012,,,0.17,,,
NGBP4,11/4/2012,,,0.32,,,
NGBP4,11/5/2012,,,0.72,,,
NGBP4,11/6/2012,,,0,,,
NGBP4,11/7/2012,,,0.04,,,
NGBP4,11/8/2012,,,0,,,
NGBP4,11/9/2012,,,0,,,
NGBP4,11/10/2012,,,0.15,,,
NGBP4,11/11/2012,,,1.9,,,
NGBP4,11/12/2012,,,0.15,,,
NGBP4,11/13/2012,,,0.19,,,
NGBP4,11/14/2012,,,0.21,,,
NGBP4,11/15/2012,,,0.34,,,
NGBP4,11/16/2012,,,0.43,,,
NGBP4,11/17/2012,,,0.57,,,
NGBP4,11/18/2012,,,0.42,,,
NGBP4,11/19/2012,,,0.31,,,
NGBP4,11/20/2012,,,0.27,,,
NGBP4,11/21/2012,,,0.17,,,
NGBP4,11/22/2012,,,0.1,,,
NGBP4,11/23/2012,,,0.06,,,
NGBP4,11/24/2012,,,0,,,
NGBP4,11/25/2012,,,0,,,
NGBP4,11/26/2012,,,0,,,
NGBP4,11/27/2012,,,0.34,,,
NGBP4,11/28/2012,,,0.21,,,
NGBP4,11/29/2012,,,0.17,,,
NGBP4,11/30/2012,,,0.1,,,
NGBP4,12/1/2012,,,0.32,,,
NGBP4,12/2/2012,,,0.63,,,
NGBP4,12/3/2012,,,1,,,
NGBP4,12/4/2012,,,0.8,,,
NGBP4,12/5/2012,,,0.41,,,
NGBP4,12/6/2012,,,1.59,,,
NGBP4,12/7/2012,,,0,,,
NGBP4,12/8/2012,,,0,,,
NGBP4,12/9/2012,,,0,,,
NGBP4,12/10/2012,,,0.11,,,
NGBP4,12/11/2012,,,0.21,,,
NGBP4,12/12/2012,,,0.94,,,
NGBP4,12/13/2012,,,0.17,,,
NGBP4,12/14/2012,,,0.09,,,
NGBP4,12/15/2012,,,0.17,,,
NGBP4,12/16/2012,,,0.21,,,
NGBP4,12/17/2012,,,0.32,,,
NGBP4,12/18/2012,,,0,,,
NGBP4,12/19/2012,,,0.09,,,
NGBP4,12/20/2012,,,0,,,
NGBP4,12/21/2012,,,0.24,,,
NGBP4,12/22/2012,,,0.13,,,
NGBP4,12/23/2012,,,0,,,
NGBP4,12/24/2012,,,0,,,
NGBP4,12/25/2012,,,0,,,
NGBP4,12/26/2012,,,0,,,
NGBP4,12/27/2012,,,0.11,,,
NGBP4,12/28/2012,,,0.3,,,
NGBP4,12/29/2012,,,0.15,,,
NGBP4,12/30/2012,,,0.78,,,
NGBP4,12/31/2012,,,0,,,
NGBP4,1/1/2013,,,0.09,,,
NGBP4,1/2/2013,,,0.11,,,
NGBP4,1/3/2013,,,0.04,,,
NGBP4,1/4/2013,,,0.37,,,
NGBP4,1/5/2013,,,0.17,,,
NGBP4,1/6/2013,,,0.08,,,
NGBP4,1/7/2013,,,0,,,
NGBP4,1/8/2013,,,0.19,,,
NGBP4,1/9/2013,,,0.23,,,
NGBP4,1/10/2013,,,0.28,,,
NGBP4,1/11/2013,,,0.41,,,
NGBP4,1/12/2013,,,0.1,,,
NGBP4,1/13/2013,,,0.17,,,
NGBP4,1/14/2013,,,0.32,,,
NGBP4,1/15/2013,,,0,,,
NGBP4,1/16/2013,,,0,,,
NGBP4,1/17/2013,,,0.27,,,
NGBP4,1/18/2013,,,0.21,,,
NGBP4,1/19/2013,,,0.15,,,
NGBP4,1/20/2013,,,0.09,,,
NGBP4,1/21/2013,,,0,,,
NGBP4,1/22/2013,,,0,,,
NGBP4,1/23/2013,,,0.11,,,
NGBP4,1/24/2013,,,0,,,
NGBP4,1/25/2013,,,0.47,,,
NGBP4,1/26/2013,,,0,,,
NGBP4,1/27/2013,,,0.25,,,
NGBP4,1/28/2013,,,0,,,
NGBP4,1/29/2013,,,0.45,,,
NGBP4,1/30/2013,,,0.17,,,
NGBP4,1/31/2013,,,0.32,,,
NGBP4,2/1/2013,,,0.58,,,
NGBP4,2/2/2013,,,0,,,
NGBP4,2/3/2013,,,0,,,
NGBP4,2/4/2013,,,0,,,
NGBP4,2/5/2013,,,0,,,
NGBP4,2/6/2013,,,0.22,,,
NGBP4,2/7/2013,,,0.09,,,
NGBP4,2/8/2013,,,0,,,
NGBP4,2/9/2013,,,0,,,
NGBP4,2/10/2013,,,0,,,
NGBP4,2/11/2013,,,0,,,
NGBP4,2/12/2013,,,1.32,,,
NGBP4,2/13/2013,,,0,,,
NGBP4,2/14/2013,,,0,,,
NGBP4,2/15/2013,,,0,,,
NGBP4,2/16/2013,,,0,,,
NGBP4,2/17/2013,,,0.03,,,
NGBP4,2/18/2013,,,0.09,,,
NGBP4,2/19/2013,,,0.05,,,
NGBP4,2/20/2013,,,0,,,
NGBP4,2/21/2013,,,0,,,
NGBP4,2/22/2013,,,0,,,
NGBP4,2/23/2013,,,0.1,,,
NGBP4,2/24/2013,,,0,,,
NGBP4,2/25/2013,,,0,,,
NGBP4,2/26/2013,,,0,,,
NGBP4,2/27/2013,,,0,,,
NGBP4,2/28/2013,,,0,,,
NGBP4,3/1/2013,,,0,,,
NGBP4,3/2/2013,,,0,,,
NGBP4,3/3/2013,,,0,,,
NGBP4,3/4/2013,,,0,,,
NGBP4,3/5/2013,,,1.25,,,
NGBP4,3/6/2013,,,0.19,,,
NGBP4,3/7/2013,,,0,,,
NGBP4,3/8/2013,,,0,,,
NGBP4,3/9/2013,,,0.11,,,
NGBP4,3/10/2013,,,0,,,
NGBP4,3/11/2013,,,0,,,
NGBP4,3/12/2013,,,0,,,
NGBP4,3/13/2013,,,0,,,
NGBP4,3/14/2013,,,0,,,
NGBP4,3/15/2013,,,0,,,
NGBP4,3/16/2013,,,0,,,
NGBP4,3/17/2013,,,0.09,,,
NGBP4,3/18/2013,,,0.32,,,
NGBP4,3/19/2013,,,0.85,,,
NGBP4,3/20/2013,,,0,,,
NGBP4,3/21/2013,,,0,,,
NGBP4,3/22/2013,,,0,,,
NGBP4,3/23/2013,,,0,,,
NGBP4,3/24/2013,,,0,,,
NGBP4,3/25/2013,,,0.2,,,
NGBP4,3/26/2013,,,0,,,
NGBP4,3/27/2013,,,0,,,
NGBP4,3/28/2013,,,0,,,
NGBP4,3/29/2013,,,0.15,,,
NGBP4,3/30/2013,,,0.62,,,
NGBP4,3/31/2013,,,2.7,,,
NGBP4,4/1/2013,,,0.73,,,
NGBP4,4/2/2013,,,0,,,
NGBP4,4/3/2013,,,0,,,
NGBP4,4/4/2013,,,0,,,
NGBP4,4/5/2013,,,0.29,,,
NGBP4,4/6/2013,,,0,,,
NGBP4,4/7/2013,,,0,,,
NGBP4,4/8/2013,,,0.25,,,
NGBP4,4/9/2013,,,0,,,
NGBP4,4/10/2013,,,0,,,
NGBP4,4/11/2013,,,0.22,,,
NGBP4,4/12/2013,,,0,,,
NGBP4,4/13/2013,,,0.15,,,
NGBP4,4/14/2013,,,0,,,
NGBP4,4/15/2013,,,0,,,
NGBP4,4/16/2013,,,0.27,,,
NGBP4,4/17/2013,,,0,,,
NGBP4,4/18/2013,,,0.2,,,
NGBP4,4/19/2013,,,0.3,,,
NGBP4,4/20/2013,,,0.26,,,
NGBP4,4/21/2013,,,0.24,,,
NGBP4,4/22/2013,,,0.14,,,
NGBP4,4/23/2013,,,0,,,
NGBP4,4/24/2013,,,0.39,,,
NGBP4,4/25/2013,,,0.2,,,
NGBP4,4/26/2013,,,0.15,,,
NGBP4,4/27/2013,,,0.32,,,
NGBP4,4/28/2013,,,0.35,,,
NGBP4,4/29/2013,,,0,,,
NGBP4,4/30/2013,,,0,,,
NGBP4,5/1/2013,,,0,,,
NGBP4,5/2/2013,,,0,,,
NGBP4,5/3/2013,,,0,,,
NGBP4,5/4/2013,,,0.2,,,
NGBP4,5/5/2013,,,0.35,,,
NGBP4,5/6/2013,,,0.67,,,
NGBP4,5/7/2013,,,2.33,,,
NGBP4,5/8/2013,,,1.4,,,
NGBP4,5/9/2013,,,2,,,
NGBP4,5/10/2013,,,0.8,,,
NGBP4,5/11/2013,,,1.65,,,
NGBP4,5/12/2013,,,0,,,
NGBP4,5/13/2013,,,0.32,,,
NGBP4,5/14/2013,,,1.28,,,
NGBP4,5/15/2013,,,1,,,
NGBP4,5/16/2013,,,0.38,,,
NGBP4,5/17/2013,,,0.36,,,
NGBP4,5/18/2013,,,0,,,
NGBP4,5/19/2013,,,0,,,
NGBP4,5/20/2013,,,0,,,
NGBP4,5/21/2013,,,0.14,,,
NGBP4,5/22/2013,,,0.44,,,
NGBP4,5/23/2013,,,0.84,,,
NGBP4,5/24/2013,,,0.47,,,
NGBP4,5/25/2013,,,0.26,,,
NGBP4,5/26/2013,,,0.23,,,
NGBP4,5/27/2013,,,0.89,,,
NGBP4,5/28/2013,,,0.22,,,
NGBP4,5/29/2013,,,0.19,,,
NGBP4,5/30/2013,,,0.32,,,
NGBP4,5/31/2013,,,1.9,,,
NGBP4,6/1/2013,,,0,,,
NGBP4,6/2/2013,,,0.13,,,
NGBP4,6/3/2013,,,0,,,
NGBP4,6/4/2013,,,0.96,,,
NGBP4,6/5/2013,,,0,,,
NGBP4,6/6/2013,,,0,,,
NGBP4,6/7/2013,,,0.14,,,
NGBP4,6/8/2013,,,0,,,
NGBP4,6/9/2013,,,0,,,
NGBP4,6/10/2013,,,0.21,,,
NGBP4,6/11/2013,,,0.17,,,
NGBP4,6/12/2013,,,1.6,,,
NGBP4,6/13/2013,,,0,,,
NGBP4,6/14/2013,,,0,,,
NGBP4,6/15/2013,,,0.25,,,
NGBP4,6/16/2013,,,0,,,
NGBP4,6/17/2013,,,0,,,
NGBP4,6/18/2013,,,0.41,,,
NGBP4,6/19/2013,,,0.3,,,
NGBP4,6/20/2013,,,0.1,,,
NGBP4,6/21/2013,,,0.17,,,
NGBP4,6/22/2013,,,0.32,,,
NGBP4,6/23/2013,,,0.25,,,
NGBP4,6/24/2013,,,0.07,,,
NGBP4,6/25/2013,,,0.37,,,
NGBP4,6/26/2013,,,0.9,,,
NGBP4,6/27/2013,,,3.2,,,
NGBP4,6/28/2013,,,0,,,
NGBP4,6/29/2013,,,0.47,,,
NGBP4,6/30/2013,,,0.27,,,
NGBP4,7/1/2013,,,0,,,
NGBP4,7/2/2013,,,0,,,
NGBP4,7/3/2013,,,0,,,
NGBP4,7/4/2013,,,0.17,,,
NGBP4,7/5/2013,,,0,,,
NGBP4,7/6/2013,,,0.15,,,
NGBP4,7/7/2013,,,0.29,,,
NGBP4,7/8/2013,,,0.24,,,
NGBP4,7/9/2013,,,1.8,,,
NGBP4,7/10/2013,,,0,,,
NGBP4,7/11/2013,,,0,,,
NGBP4,7/12/2013,,,0,,,
NGBP4,7/13/2013,,,0.25,,,
NGBP4,7/14/2013,,,0.27,,,
NGBP4,7/15/2013,,,0.63,,,
NGBP4,7/16/2013,,,0.52,,,
NGBP4,7/17/2013,,,0.13,,,
NGBP4,7/18/2013,,,1.15,,,
NGBP4,7/19/2013,,,0.1,,,
NGBP4,7/20/2013,,,0.4,,,
NGBP4,7/21/2013,,,0.15,,,
NGBP4,7/22/2013,,,0.16,,,
NGBP4,7/23/2013,,,0.13,,,
NGBP4,7/24/2013,,,0.37,,,
NGBP4,7/25/2013,,,0.31,,,
NGBP4,7/26/2013,,,0.25,,,
NGBP4,7/27/2013,,,0.3,,,
NGBP4,7/28/2013,,,0.15,,,
NGBP4,7/29/2013,,,0.14,,,
NGBP4,7/30/2013,,,0.21,,,
NGBP4,7/31/2013,,,0,,,
NGBP4,8/1/2013,,,0,,,
NGBP4,8/2/2013,,,0.09,,,
NGBP4,8/3/2013,,,0.13,,,
NGBP4,8/4/2013,,,0.27,,,
NGBP4,8/5/2013,,,0.3,,,
NGBP4,8/6/2013,,,0,,,
NGBP4,8/7/2013,,,0.67,,,
NGBP4,8/8/2013,,,0.3,,,
NGBP4,8/9/2013,,,0.32,,,
NGBP4,8/10/2013,,,0.15,,,
NGBP4,8/11/2013,,,0.47,,,
NGBP4,8/12/2013,,,0,,,
NGBP4,8/13/2013,,,0,,,
NGBP4,8/14/2013,,,0,,,
NGBP4,8/15/2013,,,0,,,
NGBP4,8/16/2013,,,0,,,
NGBP4,8/17/2013,,,0,,,
NGBP4,8/18/2013,,,0.12,,,
NGBP4,8/19/2013,,,0.1,,,
NGBP4,8/20/2013,,,0,,,
NGBP4,8/21/2013,,,0,,,
NGBP4,8/22/2013,,,0.17,,,
NGBP4,8/23/2013,,,0.41,,,
NGBP4,8/24/2013,,,0.09,,,
NGBP4,8/25/2013,,,0.17,,,
NGBP4,8/26/2013,,,0.4,,,
NGBP4,8/27/2013,,,0,,,
NGBP4,8/28/2013,,,0,,,
NGBP4,8/29/2013,,,0.32,,,
NGBP4,8/30/2013,,,0.13,,,
NGBP4,8/31/2013,,,0.17,,,
NGBP4,9/1/2013,,,0.27,,,
NGBP4,9/2/2013,,,0.43,,,
NGBP4,9/3/2013,,,0.52,,,
NGBP4,9/4/2013,,,0.45,,,
NGBP4,9/5/2013,,,1.4,,,
NGBP4,9/6/2013,,,2.15,,,
NGBP4,9/7/2013,,,3.47,,,
NGBP4,9/8/2013,,,1.32,,,
NGBP4,9/9/2013,,,0.21,,,
NGBP4,9/10/2013,,,1.58,,,
NGBP4,9/11/2013,,,0.27,,,
NGBP4,9/12/2013,,,0.2,,,
NGBP4,9/13/2013,,,0,,,
NGBP4,9/14/2013,,,0,,,
NGBP4,9/15/2013,,,0,,,
NGBP4,9/16/2013,,,0,,,
NGBP4,9/17/2013,,,0,,,
NGBP4,9/18/2013,,,0,,,
NGBP4,9/19/2013,,,0.42,,,
NGBP4,9/20/2013,,,0.6,,,
NGBP4,9/21/2013,,,1.05,,,
NGBP4,9/22/2013,,,0,,,
NGBP4,9/23/2013,,,0.31,,,
NGBP4,9/24/2013,,,0.17,,,
NGBP4,9/25/2013,,,0.15,,,
NGBP4,9/26/2013,,,0,,,
NGBP4,9/27/2013,,,0.16,,,
NGBP4,9/28/2013,,,0.09,,,
NGBP4,9/29/2013,,,0.21,,,
NGBP4,9/30/2013,,,0.13,,,
NGBP4,10/1/2013,,,0,,,
NGBP4,10/2/2013,,,0.07,,,
NGBP4,10/3/2013,,,0.89,,,
NGBP4,10/4/2013,,,0.25,,,
NGBP4,10/5/2013,,,0,,,
NGBP4,10/6/2013,,,0,,,
NGBP4,10/7/2013,,,0,,,
NGBP4,10/8/2013,,,0.21,,,
NGBP4,10/9/2013,,,0,,,
NGBP4,10/10/2013,,,0,,,
NGBP4,10/11/2013,,,0.41,,,
NGBP4,10/12/2013,,,0.8,,,
NGBP4,10/13/2013,,,1.52,,,
NGBP4,10/14/2013,,,0.57,,,
NGBP4,10/15/2013,,,0.28,,,
NGBP4,10/16/2013,,,0,,,
NGBP4,10/17/2013,,,0,,,
NGBP4,10/18/2013,,,0.21,,,
NGBP4,10/19/2013,,,1.05,,,
NGBP4,10/20/2013,,,2,,,
NGBP4,10/21/2013,,,0.37,,,
NGBP4,10/22/2013,,,0,,,
NGBP4,10/23/2013,,,0,,,
NGBP4,10/24/2013,,,0,,,
NGBP4,10/25/2013,,,0,,,
NGBP4,10/26/2013,,,1,,,
NGBP4,10/27/2013,,,0.43,,,
NGBP4,10/28/2013,,,0.2,,,
NGBP4,10/29/2013,,,0.55,,,
NGBP4,10/30/2013,,,0.36,,,
NGBP4,10/31/2013,,,0.1,,,
NGBP4,11/1/2013,,,0.17,,,
NGBP4,11/2/2013,,,0.15,,,
NGBP4,11/3/2013,,,0.85,,,
NGBP4,11/4/2013,,,1.1,,,
NGBP4,11/5/2013,,,0,,,
NGBP4,11/6/2013,,,0,,,
NGBP4,11/7/2013,,,0.19,,,
NGBP4,11/8/2013,,,0.07,,,
NGBP4,11/9/2013,,,1.05,,,
NGBP4,11/10/2013,,,0.75,,,
NGBP4,11/11/2013,,,0.2,,,
NGBP4,11/12/2013,,,0,,,
NGBP4,11/13/2013,,,0.15,,,
NGBP4,11/14/2013,,,0.1,,,
NGBP4,11/15/2013,,,0,,,
NGBP4,11/16/2013,,,0.19,,,
NGBP4,11/17/2013,,,0.25,,,
NGBP4,11/18/2013,,,1.1,,,
NGBP4,11/19/2013,,,0,,,
NGBP4,11/20/2013,,,0,,,
NGBP4,11/21/2013,,,0.13,,,
NGBP4,11/22/2013,,,0.5,,,
NGBP4,11/23/2013,,,0.35,,,
NGBP4,11/24/2013,,,0.61,,,
NGBP4,11/25/2013,,,0.17,,,
NGBP4,11/26/2013,,,0.41,,,
NGBP4,11/27/2013,,,0.13,,,
NGBP4,11/28/2013,,,0.29,,,
NGBP4,11/29/2013,,,0.9,,,
NGBP4,11/30/2013,,,0.7,,,
NGBP4,2/16/2014,,,0.08,,,
NGBP4,2/17/2014,,,0.21,,,
NGBP4,2/18/2014,,,0.14,,,
NGBP4,2/19/2014,,,0.23,,,
NGBP4,2/20/2014,,,0.41,,,
NGBP4,2/21/2014,,,0.3,,,
NGBP4,2/22/2014,,,0,,,
NGBP4,2/23/2014,,,0,,,
NGBP4,2/24/2014,,,0,,,
NGBP4,2/25/2014,,,0,,,
NGBP4,2/26/2014,,,0.29,,,
NGBP4,2/27/2014,,,0.14,,,
NGBP4,2/28/2014,,,0,,,
NGBP4,3/1/2014,,,0,,,
NGBP4,3/2/2014,,,0,,,
NGBP4,3/3/2014,,,0.39,,,
NGBP4,3/4/2014,,,0.09,,,
NGBP4,3/5/2014,,,0,,,
NGBP4,3/6/2014,,,0.26,,,
NGBP4,3/7/2014,,,0.47,,,
NGBP4,3/8/2014,,,0,,,
NGBP4,3/9/2014,,,0,,,
NGBP4,3/10/2014,,,0,,,
NGBP4,3/11/2014,,,0.09,,,
NGBP4,3/12/2014,,,0,,,
NGBP4,3/13/2014,,,0.45,,,
NGBP4,3/14/2014,,,0,,,
NGBP4,3/15/2014,,,0,,,
NGBP4,3/16/2014,,,0,,,
NGBP4,3/17/2014,,,0,,,
NGBP4,3/18/2014,,,0,,,
NGBP4,3/19/2014,,,0,,,
NGBP4,3/20/2014,,,0.21,,,
NGBP4,3/21/2014,,,0.14,,,
NGBP4,3/22/2014,,,0.09,,,
NGBP4,3/23/2014,,,0.06,,,
NGBP4,3/24/2014,,,0,,,
NGBP4,3/25/2014,,,0.07,,,
NGBP4,3/26/2014,,,0,,,
NGBP4,3/27/2014,,,0,,,
NGBP4,3/28/2014,,,0,,,
NGBP4,3/29/2014,,,0,,,
NGBP4,3/30/2014,,,0,,,
NGBP4,3/31/2014,,,0,,,
NGBP4,4/1/2014,,,0.17,,,
NGBP4,4/2/2014,,,0.2,,,
NGBP4,4/3/2014,,,0.11,,,
NGBP4,4/4/2014,,,0.42,,,
NGBP4,4/5/2014,,,0.52,,,
NGBP4,4/6/2014,,,0.1,,,
NGBP4,4/7/2014,,,0.19,,,
NGBP4,4/8/2014,,,0,,,
NGBP4,4/9/2014,,,0,,,
NGBP4,4/10/2014,,,0.25,,,
NGBP4,4/11/2014,,,0,,,
NGBP4,4/12/2014,,,0,,,
NGBP4,4/13/2014,,,0,,,
NGBP4,4/14/2014,,,0.11,,,
NGBP4,4/15/2014,,,0.13,,,
NGBP4,4/16/2014,,,0.5,,,
NGBP4,4/17/2014,,,0.46,,,
NGBP4,4/18/2014,,,0.52,,,
NGBP4,4/19/2014,,,0.47,,,
NGBP4,4/20/2014,,,0.09,,,
NGBP4,4/21/2014,,,0,,,
NGBP4,4/22/2014,,,0,,,
NGBP4,4/23/2014,,,0,,,
NGBP4,4/24/2014,,,0,,,
NGBP4,4/25/2014,,,0,,,
NGBP4,4/26/2014,,,0,,,
NGBP4,4/27/2014,,,0.07,,,
NGBP4,4/28/2014,,,0,,,
NGBP4,4/29/2014,,,0,,,
NGBP4,4/30/2014,,,0,,,
NGBP4,5/1/2014,,,0,,,
NGBP4,5/2/2014,,,0,,,
NGBP4,5/3/2014,,,0.05,,,
NGBP4,5/4/2014,,,1.7,,,
NGBP4,5/5/2014,,,0.11,,,
NGBP4,5/6/2014,,,0,,,
NGBP4,5/7/2014,,,0,,,
NGBP4,5/8/2014,,,0.15,,,
NGBP4,5/9/2014,,,1.66,,,
NGBP4,5/10/2014,,,4.74,,,
NGBP4,5/11/2014,,,1.28,,,
NGBP4,5/12/2014,,,0,,,
NGBP4,5/13/2014,,,0,,,
NGBP4,5/14/2014,,,0.08,,,
NGBP4,5/15/2014,,,0.12,,,
NGBP4,5/16/2014,,,0,,,
NGBP4,5/17/2014,,,0,,,
NGBP4,5/18/2014,,,0,,,
NGBP4,5/19/2014,,,1.98,,,
NGBP4,5/20/2014,,,1.67,,,
NGBP4,5/21/2014,,,0,,,
NGBP4,5/22/2014,,,0,,,
NGBP4,5/23/2014,,,0,,,
NGBP4,5/24/2014,,,0.02,,,
NGBP4,5/25/2014,,,0.08,,,
NGBP4,5/26/2014,,,0.2,,,
NGBP4,5/27/2014,,,0,,,
NGBP4,5/28/2014,,,0,,,
NGBP4,5/29/2014,,,0,,,
NGBP4,5/30/2014,,,0.33,,,
NGBP4,5/31/2014,,,0.45,,,
NGBP4,6/1/2014,,,0.16,,,
NGBP4,6/2/2014,,,0,,,
NGBP4,6/3/2014,,,0.13,,,
NGBP4,6/4/2014,,,0,,,
NGBP4,6/5/2014,,,0,,,
NGBP4,6/6/2014,,,0,,,
NGBP4,6/7/2014,,,0.3,,,
NGBP4,6/8/2014,,,0.17,,,
NGBP4,6/9/2014,,,0.24,,,
NGBP4,6/10/2014,,,0.43,,,
NGBP4,6/11/2014,,,0,,,
NGBP4,6/12/2014,,,0.19,,,
NGBP4,6/13/2014,,,0,,,
NGBP4,6/14/2014,,,0,,,
NGBP4,6/15/2014,,,0.36,,,
NGBP4,6/16/2014,,,0,,,
NGBP4,6/17/2014,,,0,,,
NGBP4,6/18/2014,,,0,,,
NGBP4,6/19/2014,,,0.09,,,
NGBP4,6/20/2014,,,0.15,,,
NGBP4,6/21/2014,,,0,,,
NGBP4,6/22/2014,,,0,,,
NGBP4,6/23/2014,,,0,,,
NGBP4,6/24/2014,,,0,,,
NGBP4,6/25/2014,,,0,,,
NGBP4,6/26/2014,,,0,,,
NGBP4,6/27/2014,,,0,,,
NGBP4,6/28/2014,,,0,,,
NGBP4,6/29/2014,,,0,,,
NGBP4,6/30/2014,,,0,,,
NGBP4,7/1/2014,,,0,,,
NGBP4,7/2/2014,,,0.14,,,
NGBP4,7/3/2014,,,0.18,,,
NGBP4,7/4/2014,,,0,,,
NGBP4,7/5/2014,,,0.87,,,
NGBP4,7/6/2014,,,0.2,,,
NGBP4,7/7/2014,,,0,,,
NGBP4,7/8/2014,,,0,,,
NGBP4,7/9/2014,,,0.1,,,
NGBP4,7/10/2014,,,0.15,,,
NGBP4,7/11/2014,,,1.15,,,
NGBP4,7/12/2014,,,0,,,
NGBP4,7/13/2014,,,0,,,
NGBP4,7/14/2014,,,0.16,,,
NGBP4,7/15/2014,,,0.18,,,
NGBP4,7/16/2014,,,0.1,,,
NGBP4,7/17/2014,,,0,,,
NGBP4,7/18/2014,,,0.92,,,
NGBP4,7/19/2014,,,1.64,,,
NGBP4,7/20/2014,,,0,,,
NGBP4,7/21/2014,,,0.06,,,
NGBP4,7/22/2014,,,0.45,,,
NGBP4,7/23/2014,,,0,,,
NGBP4,7/24/2014,,,0,,,
NGBP4,7/25/2014,,,0,,,
NGBP4,7/26/2014,,,0,,,
NGBP4,7/27/2014,,,0,,,
NGBP4,7/28/2014,,,0.25,,,
NGBP4,7/29/2014,,,1.68,,,
NGBP4,7/30/2014,,,0.32,,,
NGBP4,7/31/2014,,,0.1,,,
NGBP4,8/1/2014,,,0.16,,,
NGBP4,8/2/2014,,,1.69,,,
NGBP4,8/3/2014,,,0.32,,,
NGBP4,8/4/2014,,,0.18,,,
NGBP4,8/5/2014,,,0.23,,,
NGBP4,8/6/2014,,,0.76,,,
NGBP4,8/7/2014,,,0,,,
NGBP4,8/8/2014,,,0,,,
NGBP4,8/9/2014,,,0.12,,,
NGBP4,8/10/2014,,,0,,,
NGBP4,8/11/2014,,,0,,,
NGBP4,8/12/2014,,,0.35,,,
NGBP4,8/13/2014,,,0,,,
NGBP4,8/14/2014,,,0,,,
NGBP4,8/15/2014,,,0,,,
NGBP4,8/16/2014,,,0.3,,,
NGBP4,8/17/2014,,,0.18,,,
NGBP4,8/18/2014,,,0,,,
NGBP4,8/19/2014,,,0,,,
NGBP4,8/20/2014,,,1.43,,,
NGBP4,8/21/2014,,,0.1,,,
NGBP4,8/22/2014,,,0.43,,,
NGBP4,8/23/2014,,,2.45,,,
NGBP4,8/24/2014,,,0.38,,,
NGBP4,8/25/2014,,,0,,,
NGBP4,8/26/2014,,,0,,,
NGBP4,8/27/2014,,,0,,,
NGBP4,8/28/2014,,,0.1,,,
NGBP4,8/29/2014,,,0.32,,,
NGBP4,8/30/2014,,,0,,,
NGBP4,8/31/2014,,,0.34,,,
NGBP4,9/1/2014,,,0.15,,,
NGBP4,9/2/2014,,,0.25,,,
NGBP4,9/3/2014,,,0.17,,,
NGBP4,9/4/2014,,,0.26,,,
NGBP4,9/5/2014,,,0.89,,,
NGBP4,9/6/2014,,,0.56,,,
NGBP4,9/7/2014,,,0.17,,,
NGBP4,9/8/2014,,,0.23,,,
NGBP4,9/9/2014,,,0.06,,,
NGBP4,9/10/2014,,,0,,,
NGBP4,9/11/2014,,,0.07,,,
NGBP4,9/12/2014,,,0.16,,,
NGBP4,9/13/2014,,,0.11,,,
NGBP4,9/14/2014,,,0.27,,,
NGBP4,9/15/2014,,,0,,,
NGBP4,9/16/2014,,,0,,,
NGBP4,9/17/2014,,,0.58,,,
NGBP4,9/18/2014,,,0,,,
NGBP4,9/19/2014,,,0.7,,,
NGBP4,9/20/2014,,,0,,,
NGBP4,9/21/2014,,,0,,,
NGBP4,9/22/2014,,,0.07,,,
NGBP4,9/23/2014,,,0.74,,,
NGBP4,9/24/2014,,,1.1,,,
NGBP4,9/25/2014,,,0.75,,,
NGBP4,9/26/2014,,,1.35,,,
NGBP4,9/27/2014,,,1.46,,,
NGBP4,9/28/2014,,,0,,,
NGBP4,9/29/2014,,,0.02,,,
NGBP4,9/30/2014,,,0,,,
NGBP4,10/1/2014,,,0,,,
NGBP4,10/2/2014,,,0,,,
NGBP4,10/3/2014,,,0.05,,,
NGBP4,10/4/2014,,,0,,,
NGBP4,10/5/2014,,,0,,,
NGBP4,10/6/2014,,,0,,,
NGBP4,10/7/2014,,,0,,,
NGBP4,10/8/2014,,,0.06,,,
NGBP4,10/9/2014,,,0,,,
NGBP4,10/10/2014,,,0,,,
NGBP4,10/11/2014,,,0,,,
NGBP4,10/12/2014,,,0.14,,,
NGBP4,10/13/2014,,,0.09,,,
NGBP4,10/14/2014,,,1.06,,,
NGBP4,10/15/2014,,,0,,,
NGBP4,10/16/2014,,,0,,,
NGBP4,10/17/2014,,,0,,,
NGBP4,10/18/2014,,,0,,,
NGBP4,10/19/2014,,,0,,,
NGBP4,10/20/2014,,,0.15,,,
NGBP4,10/21/2014,,,0.62,,,
NGBP4,10/22/2014,,,0,,,
NGBP4,10/23/2014,,,0.53,,,
NGBP4,10/24/2014,,,0.91,,,
NGBP4,10/25/2014,,,0.2,,,
NGBP4,10/26/2014,,,0.57,,,
NGBP4,10/27/2014,,,0,,,
NGBP4,10/28/2014,,,0.02,,,
NGBP4,10/29/2014,,,0,,,
NGBP4,10/30/2014,,,0.1,,,
NGBP4,10/31/2014,,,0.8,,,
NGBP4,12/1/2014,,,0.03,,,
NGBP4,12/2/2014,,,0,,,
NGBP4,12/3/2014,,,0,,,
NGBP4,12/4/2014,,,0.11,,,
NGBP4,12/5/2014,,,0,,,
NGBP4,12/6/2014,,,0,,,
NGBP4,12/7/2014,,,0,,,
NGBP4,12/8/2014,,,0.21,,,
NGBP4,12/10/2014,,,0.14,,,
NGBP4,12/11/2014,,,0,,,
NGBP4,12/12/2014,,,0,,,
NGBP4,12/13/2014,,,0,,,
NGBP4,12/14/2014,,,0,,,
NGBP4,12/15/2014,,,0,,,
NGBP4,12/16/2014,,,0,,,
NGBP4,12/17/2014,,,0,,,
NGBP4,12/18/2014,,,0.03,,,
NGBP4,12/19/2014,,,0,,,
NGBP4,12/20/2014,,,0,,,
NGBP4,12/21/2014,,,0,,,
NGBP4,12/22/2014,,,0,,,
NGBP4,12/23/2014,,,0,,,
NGBP4,12/24/2014,,,0,,,
NGBP4,12/25/2014,,,0,,,
NGBP4,12/26/2014,,,0,,,
NGBP4,12/27/2014,,,0,,,
NGBP4,12/28/2014,,,0.07,,,
NGBP4,12/29/2014,,,0,,,
NGBP4,12/30/2014,,,0,,,
NGBP4,12/31/2014,,,0,,,
NGBP4,1/1/2015,,,0.1,,,
NGBP4,1/2/2015,,,0,,,
NGBP4,1/3/2015,,,0,,,
NGBP4,1/4/2015,,,0,,,
NGBP4,1/5/2015,,,0.09,,,
NGBP4,1/6/2015,,,0.14,,,
NGBP4,1/7/2015,,,0,,,
NGBP4,1/8/2015,,,0,,,
NGBP4,1/9/2015,,,0,,,
NGBP4,1/10/2015,,,0.72,,,
NGBP4,1/11/2015,,,0.21,,,
NGBP4,1/12/2015,,,0,,,
NGBP4,1/13/2015,,,0.69,,,
NGBP4,1/14/2015,,,0,,,
NGBP4,1/15/2015,,,0.21,,,
NGBP4,1/16/2015,,,0.2,,,
NGBP4,1/17/2015,,,0.47,,,
NGBP4,1/18/2015,,,0,,,
NGBP4,1/19/2015,,,0,,,
NGBP4,1/20/2015,,,0,,,
NGBP4,1/21/2015,,,0.15,,,
NGBP4,1/22/2015,,,0.28,,,
NGBP4,1/23/2015,,,0,,,
NGBP4,1/24/2015,,,0,,,
NGBP4,1/25/2015,,,0.69,,,
NGBP4,1/26/2015,,,0.2,,,
NGBP4,1/27/2015,,,0.19,,,
NGBP4,1/28/2015,,,0.27,,,
NGBP4,1/29/2015,,,0.03,,,
NGBP4,1/30/2015,,,0,,,
NGBP4,1/31/2015,,,0,,,
NGBP4,2/1/2015,,,0,,,
NGBP4,2/2/2015,,,0,,,
NGBP4,2/3/2015,,,0,,,
NGBP4,2/4/2015,,,0,,,
NGBP4,2/5/2015,,,0.27,,,
NGBP4,2/6/2015,,,0,,,
NGBP4,2/7/2015,,,0.18,,,
NGBP4,2/8/2015,,,1,,,
NGBP4,2/9/2015,,,0.36,,,
NGBP4,2/10/2015,,,0.2,,,
NGBP4,2/11/2015,,,0,,,
NGBP4,2/12/2015,,,0,,,
NGBP4,2/13/2015,,,0,,,
NGBP4,2/14/2015,,,0.95,,,
NGBP4,2/15/2015,,,0.54,,,
NGBP4,2/16/2015,,,1.15,,,
NGBP4,2/17/2015,,,1.9,,,
NGBP4,2/18/2015,,,1.8,,,
NGBP4,2/19/2015,,,0.37,,,
NGBP4,2/20/2015,,,0,,,
NGBP4,2/21/2015,,,0.59,,,
NGBP4,2/22/2015,,,0.75,,,
NGBP4,2/23/2015,,,0.2,,,
NGBP4,2/24/2015,,,0.13,,,
NGBP4,2/25/2015,,,0.14,,,
NGBP4,2/26/2015,,,0,,,
NGBP4,2/27/2015,,,0.16,,,
NGBP4,2/28/2015,,,0.15,,,
NGBP4,3/1/2015,,,0.13,,,
NGBP4,3/2/2015,,,0.07,,,
NGBP4,3/3/2015,,,0.29,,,
NGBP4,3/4/2015,,,0.21,,,
NGBP4,3/5/2015,,,0.19,,,
NGBP4,3/6/2015,,,0,,,
NGBP4,3/7/2015,,,0.06,,,
NGBP4,3/8/2015,,,0,,,
NGBP4,3/9/2015,,,0.19,,,
NGBP4,3/10/2015,,,0.07,,,
NGBP4,3/11/2015,,,0.15,,,
NGBP4,3/12/2015,,,0,,,
NGBP4,3/13/2015,,,0,,,
NGBP4,3/14/2015,,,0,,,
NGBP4,3/15/2015,,,0,,,
NGBP4,3/16/2015,,,0.23,,,
NGBP4,3/17/2015,,,0,,,
NGBP4,3/18/2015,,,0,,,
NGBP4,3/19/2015,,,0,,,
NGBP4,3/20/2015,,,0,,,
NGBP4,3/21/2015,,,0.09,,,
NGBP4,3/22/2015,,,0.12,,,
NGBP4,3/23/2015,,,0,,,
NGBP4,3/24/2015,,,0,,,
NGBP4,3/25/2015,,,0.08,,,
NGBP4,3/26/2015,,,0,,,
NGBP4,3/27/2015,,,0,,,
NGBP4,3/28/2015,,,0,,,
NGBP4,3/29/2015,,,0,,,
NGBP4,3/30/2015,,,0,,,
NGBP4,3/31/2015,,,0,,,
NGBP4,4/1/2015,,,0,,,
NGBP4,4/2/2015,,,0,,,
NGBP4,4/3/2015,,,0,,,
NGBP4,4/4/2015,,,0,,,
NGBP4,4/5/2015,,,0,,,
NGBP4,4/6/2015,,,0.27,,,
NGBP4,4/7/2015,,,1.15,,,
NGBP4,4/8/2015,,,0.4,,,
NGBP4,4/9/2015,,,0.32,,,
NGBP4,4/10/2015,,,0,,,
NGBP4,4/11/2015,,,0,,,
NGBP4,4/12/2015,,,0.24,,,
NGBP4,4/13/2015,,,0.37,,,
NGBP4,4/14/2015,,,0.49,,,
NGBP4,4/15/2015,,,0,,,
NGBP4,4/16/2015,,,0,,,
NGBP4,4/17/2015,,,0.29,,,
NGBP4,4/18/2015,,,0.09,,,
NGBP4,4/19/2015,,,0.23,,,
NGBP4,4/20/2015,,,0,,,
NGBP4,4/21/2015,,,0,,,
NGBP4,4/22/2015,,,0,,,
NGBP4,4/23/2015,,,0,,,
NGBP4,4/24/2015,,,0,,,
NGBP4,4/25/2015,,,0,,,
NGBP4,4/26/2015,,,0,,,
NGBP4,4/27/2015,,,0,,,
NGBP4,4/28/2015,,,0,,,
NGBP4,4/29/2015,,,0,,,
NGBP4,4/30/2015,,,0,,,
NGBP4,5/1/2015,,,0,,,
NGBP4,5/2/2015,,,0,,,
NGBP4,5/3/2015,,,0.07,,,
NGBP4,5/4/2015,,,0,,,
NGBP4,5/5/2015,,,0,,,
NGBP4,5/6/2015,,,0,,,
NGBP4,5/7/2015,,,0,,,
NGBP4,5/8/2015,,,0,,,
NGBP4,5/9/2015,,,0,,,
NGBP4,5/10/2015,,,0,,,
NGBP4,5/11/2015,,,0.21,,,
NGBP4,5/12/2015,,,0,,,
NGBP4,5/13/2015,,,0,,,
NGBP4,5/14/2015,,,0.16,,,
NGBP4,5/15/2015,,,0.14,,,
NGBP4,5/16/2015,,,0,,,
NGBP4,5/17/2015,,,0.08,,,
NGBP4,5/18/2015,,,0.11,,,
NGBP4,5/19/2015,,,0.23,,,
NGBP4,5/20/2015,,,0.27,,,
NGBP4,5/21/2015,,,0.1,,,
NGBP4,5/22/2015,,,0,,,
NGBP4,5/23/2015,,,0,,,
NGBP4,5/24/2015,,,0,,,
NGBP4,5/25/2015,,,0,,,
NGBP4,5/26/2015,,,0,,,
NGBP4,5/27/2015,,,0,,,
NGBP4,5/28/2015,,,0,,,
NGBP4,5/29/2015,,,0,,,
NGBP4,5/30/2015,,,0,,,
NGBP4,5/31/2015,,,2.3,,,
NGBP4,6/1/2015,,,0,,,
NGBP4,6/2/2015,,,0.72,,,
NGBP4,6/3/2015,,,0.62,,,
NGBP4,6/4/2015,,,0.18,,,
NGBP4,6/5/2015,,,0,,,
NGBP4,6/6/2015,,,0,,,
NGBP4,6/7/2015,,,0.2,,,
NGBP4,6/8/2015,,,0,,,
NGBP4,6/9/2015,,,0,,,
NGBP4,6/10/2015,,,0,,,
NGBP4,6/11/2015,,,0.7,,,
NGBP4,6/12/2015,,,0.23,,,
NGBP4,6/13/2015,,,0,,,
NGBP4,6/14/2015,,,0.12,,,
NGBP4,6/15/2015,,,0,,,
NGBP4,6/16/2015,,,0,,,
NGBP4,6/17/2015,,,0.05,,,
NGBP4,6/18/2015,,,0.1,,,
NGBP4,6/19/2015,,,0.02,,,
NGBP4,6/20/2015,,,0,,,
NGBP4,6/21/2015,,,0,,,
NGBP4,6/22/2015,,,0,,,
NGBP4,6/23/2015,,,0,,,
NGBP4,6/24/2015,,,0,,,
NGBP4,6/25/2015,,,0,,,
NGBP4,6/26/2015,,,0.2,,,
NGBP4,6/27/2015,,,0,,,
NGBP4,6/28/2015,,,0.07,,,
NGBP4,6/29/2015,,,0.08,,,
NGBP4,6/30/2015,,,0.3,,,
NGBP4,7/1/2015,,,0.6,,,
NGBP4,7/2/2015,,,0,,,
NGBP4,7/3/2015,,,0,,,
NGBP4,7/4/2015,,,0,,,
NGBP4,7/5/2015,,,0,,,
NGBP4,7/6/2015,,,0,,,
NGBP4,7/7/2015,,,0.06,,,
NGBP4,7/8/2015,,,0,,,
NGBP4,7/9/2015,,,0,,,
NGBP4,7/10/2015,,,0,,,
NGBP4,7/11/2015,,,0.17,,,
NGBP4,7/12/2015,,,0.43,,,
NGBP4,7/13/2015,,,0,,,
NGBP4,7/14/2015,,,0,,,
NGBP4,7/15/2015,,,0,,,
NGBP4,7/16/2015,,,0,,,
NGBP4,7/17/2015,,,0,,,
NGBP4,7/18/2015,,,0,,,
NGBP4,7/19/2015,,,0,,,
NGBP4,7/20/2015,,,0,,,
NGBP4,7/21/2015,,,0.1,,,
NGBP4,7/22/2015,,,0,,,
NGBP4,7/23/2015,,,0,,,
NGBP4,7/24/2015,,,0,,,
NGBP4,7/25/2015,,,0,,,
NGBP4,7/26/2015,,,0,,,
NGBP4,7/27/2015,,,0,,,
NGBP4,7/28/2015,,,0,,,
NGBP4,7/29/2015,,,0,,,
NGBP4,7/30/2015,,,0.04,,,
NGBP4,7/31/2015,,,0.6,,,
NGBP4,8/1/2015,,,0,,,
NGBP4,8/2/2015,,,0.12,,,
NGBP4,8/3/2015,,,0.18,,,
NGBP4,8/4/2015,,,0,,,
NGBP4,8/5/2015,,,0.16,,,
NGBP4,8/6/2015,,,0.24,,,
NGBP4,8/7/2015,,,0.7,,,
NGBP4,8/8/2015,,,0,,,
NGBP4,8/9/2015,,,0,,,
NGBP4,8/10/2015,,,0.25,,,
NGBP4,8/11/2015,,,0,,,
NGBP4,8/12/2015,,,0,,,
NGBP4,8/13/2015,,,0,,,
NGBP4,8/14/2015,,,0.1,,,
NGBP4,8/15/2015,,,0,,,
NGBP4,8/16/2015,,,0.39,,,
NGBP4,8/17/2015,,,1.31,,,
NGBP4,8/18/2015,,,0,,,
NGBP4,8/19/2015,,,0.02,,,
NGBP4,8/20/2015,,,0.4,,,
NGBP4,8/21/2015,,,0,,,
NGBP4,8/22/2015,,,0.42,,,
NGBP4,8/23/2015,,,0.14,,,
NGBP4,8/24/2015,,,1.27,,,
NGBP4,8/25/2015,,,0,,,
NGBP4,8/26/2015,,,0.15,,,
NGBP4,8/27/2015,,,1,,,
NGBP4,8/28/2015,,,0.15,,,
NGBP4,8/29/2015,,,0,,,
NGBP4,8/30/2015,,,0,,,
NGBP4,8/31/2015,,,0,,,
NGBP4,9/1/2015,,,0.17,,,
NGBP4,9/2/2015,,,3.34,,,
NGBP4,9/3/2015,,,0.19,,,
NGBP4,9/4/2015,,,0.15,,,
NGBP4,9/5/2015,,,0,,,
NGBP4,9/6/2015,,,0.21,,,
NGBP4,9/7/2015,,,0.52,,,
NGBP4,9/8/2015,,,0.47,,,
NGBP4,9/9/2015,,,0,,,
NGBP4,9/10/2015,,,0,,,
NGBP4,9/11/2015,,,0.19,,,
NGBP4,9/12/2015,,,0.21,,,
NGBP4,9/13/2015,,,0,,,
NGBP4,9/14/2015,,,0,,,
NGBP4,9/15/2015,,,0,,,
NGBP4,9/16/2015,,,0,,,
NGBP4,9/17/2015,,,0,,,
NGBP4,9/18/2015,,,0.12,,,
NGBP4,9/19/2015,,,0.13,,,
NGBP4,9/20/2015,,,0.27,,,
NGBP4,9/21/2015,,,0.51,,,
NGBP4,9/22/2015,,,0.42,,,
NGBP4,9/23/2015,,,0.52,,,
NGBP4,9/24/2015,,,0.09,,,
NGBP4,9/25/2015,,,0,,,
NGBP4,9/26/2015,,,0,,,
NGBP4,9/27/2015,,,0,,,
NGBP4,9/28/2015,,,0,,,
NGBP4,9/29/2015,,,0,,,
NGBP4,9/30/2015,,,0,,,
NGBP4,10/1/2015,,,0,,,
NGBP4,10/2/2015,,,0,,,
NGBP4,10/3/2015,,,0,,,
NGBP4,10/4/2015,,,0.11,,,
NGBP4,10/5/2015,,,0.27,,,
NGBP4,10/6/2015,,,0.76,,,
NGBP4,10/7/2015,,,0.31,,,
NGBP4,10/8/2015,,,0.15,,,
NGBP4,10/9/2015,,,0,,,
NGBP4,10/10/2015,,,0.4,,,
NGBP4,10/11/2015,,,0.54,,,
NGBP4,10/12/2015,,,1.94,,,
NGBP4,10/13/2015,,,1.06,,,
NGBP4,10/14/2015,,,0.32,,,
NGBP4,10/15/2015,,,0.17,,,
NGBP4,10/16/2015,,,0.72,,,
NGBP4,10/17/2015,,,0.31,,,
NGBP4,10/18/2015,,,0.27,,,
NGBP4,10/19/2015,,,0.11,,,
NGBP4,10/20/2015,,,0,,,
NGBP4,10/21/2015,,,0,,,
NGBP4,10/22/2015,,,0,,,
NGBP4,10/23/2015,,,0.31,,,
NGBP4,10/24/2015,,,0.16,,,
NGBP4,10/25/2015,,,0.19,,,
NGBP4,10/26/2015,,,0.11,,,
NGBP4,10/27/2015,,,0,,,
NGBP4,10/28/2015,,,0.41,,,
NGBP4,10/29/2015,,,0.19,,,
NGBP4,10/30/2015,,,0.15,,,
NGBP4,10/31/2015,,,0.52,,,
NGBP4,11/1/2015,,,0.39,,,
NGBP4,11/2/2015,,,0.27,,,
NGBP4,11/3/2015,,,0.35,,,
NGBP4,11/4/2015,,,0.75,,,
NGBP4,11/5/2015,,,0.41,,,
NGBP4,11/6/2015,,,0.07,,,
NGBP4,11/7/2015,,,0.11,,,
NGBP4,11/8/2015,,,0.85,,,
NGBP4,11/9/2015,,,0.54,,,
NGBP4,11/10/2015,,,0.04,,,
NGBP4,11/11/2015,,,0.07,,,
NGBP4,11/12/2015,,,0.1,,,
NGBP4,11/13/2015,,,0.25,,,
NGBP4,11/14/2015,,,0.05,,,
NGBP4,11/15/2015,,,0.17,,,
NGBP4,11/16/2015,,,0.19,,,
NGBP4,11/17/2015,,,0,,,
NGBP4,11/18/2015,,,0.92,,,
NGBP4,11/19/2015,,,0.39,,,
NGBP4,11/20/2015,,,0.47,,,
NGBP4,11/21/2015,,,0.16,,,
NGBP4,11/22/2015,,,0.41,,,
NGBP4,11/23/2015,,,0.12,,,
NGBP4,11/24/2015,,,0.09,,,
NGBP4,11/25/2015,,,0.15,,,
NGBP4,11/26/2015,,,0,,,
NGBP4,11/27/2015,,,0.07,,,
NGBP4,11/28/2015,,,1,,,
NGBP4,11/29/2015,,,0.37,,,
NGBP4,11/30/2015,,,0.23,,,
NGBP4,12/1/2015,,,1.37,,,
NGBP4,12/2/2015,,,0.28,,,
NGBP4,12/3/2015,,,1.22,,,
NGBP4,12/4/2015,,,0.04,,,
NGBP4,12/5/2015,,,0.72,,,
NGBP4,12/6/2015,,,0.15,,,
NGBP4,12/7/2015,,,0.19,,,
NGBP4,12/8/2015,,,0.42,,,
NGBP4,12/9/2015,,,0.31,,,
NGBP4,12/10/2015,,,0,,,
NGBP4,12/11/2015,,,0.04,,,
NGBP4,12/12/2015,,,0.33,,,
NGBP4,12/13/2015,,,0,,,
NGBP4,12/14/2015,,,0.17,,,
NGBP4,12/15/2015,,,0,,,
NGBP4,12/16/2015,,,0.31,,,
NGBP4,12/17/2015,,,0.14,,,
NGBP4,12/18/2015,,,0,,,
NGBP4,12/19/2015,,,0.19,,,
NGBP4,12/20/2015,,,0.87,,,
NGBP4,12/21/2015,,,0.47,,,
NGBP4,12/22/2015,,,0,,,
NGBP4,12/23/2015,,,0.06,,,
NGBP4,12/24/2015,,,0.11,,,
NGBP4,12/25/2015,,,0,,,
NGBP4,12/26/2015,,,0,,,
NGBP4,12/27/2015,,,0,,,
NGBP4,12/28/2015,,,0.17,,,
NGBP4,12/29/2015,,,0.07,,,
NGBP4,12/30/2015,,,0.16,,,
NGBP4,12/31/2015,,,0.35,,,
NGBP4,1/1/2016,,,0.19,,,
NGBP4,1/2/2016,,,0.21,,,
NGBP4,1/3/2016,,,0.18,,,
NGBP4,1/4/2016,,,0.45,,,
NGBP4,1/5/2016,,,0.37,,,
NGBP4,1/6/2016,,,0.72,,,
NGBP4,1/7/2016,,,0,,,
NGBP4,1/8/2016,,,0,,,
NGBP4,1/9/2016,,,0,,,
NGBP4,1/10/2016,,,0,,,
NGBP4,1/11/2016,,,0.07,,,
NGBP4,1/12/2016,,,0,,,
NGBP4,1/13/2016,,,0,,,
NGBP4,1/14/2016,,,0.09,,,
NGBP4,1/15/2016,,,0,,,
NGBP4,1/16/2016,,,0,,,
NGBP4,1/17/2016,,,0,,,
NGBP4,1/18/2016,,,0,,,
NGBP4,1/19/2016,,,0.41,,,
NGBP4,1/20/2016,,,0.16,,,
NGBP4,1/21/2016,,,0.05,,,
NGBP4,1/22/2016,,,0.43,,,
NGBP4,1/23/2016,,,0.31,,,
NGBP4,1/24/2016,,,0,,,
NGBP4,1/25/2016,,,0.17,,,
NGBP4,1/26/2016,,,0.59,,,
NGBP4,1/27/2016,,,0.1,,,
NGBP4,1/28/2016,,,0,,,
NGBP4,1/29/2016,,,0,,,
NGBP4,1/30/2016,,,0.07,,,
NGBP4,1/31/2016,,,0,,,
NGBP4,2/1/2016,,,0.05,,,
NGBP4,2/2/2016,,,0,,,
NGBP4,2/3/2016,,,0.12,,,
NGBP4,2/4/2016,,,0,,,
NGBP4,2/5/2016,,,0,,,
NGBP4,2/6/2016,,,0.15,,,
NGBP4,2/7/2016,,,0.16,,,
NGBP4,2/8/2016,,,0.32,,,
NGBP4,2/9/2016,,,0,,,
NGBP4,2/10/2016,,,0,,,
NGBP4,2/11/2016,,,0,,,
NGBP4,2/12/2016,,,0,,,
NGBP4,2/13/2016,,,0.22,,,
NGBP4,2/14/2016,,,0.31,,,
NGBP4,2/15/2016,,,0.41,,,
NGBP4,2/16/2016,,,0,,,
NGBP4,2/17/2016,,,0.07,,,
NGBP4,2/18/2016,,,0.09,,,
NGBP4,2/19/2016,,,0,,,
NGBP4,2/20/2016,,,0,,,
NGBP4,2/21/2016,,,0.11,,,
NGBP4,2/22/2016,,,0,,,
NGBP4,2/23/2016,,,0.17,,,
NGBP4,2/24/2016,,,0.41,,,
NGBP4,2/25/2016,,,0.52,,,
NGBP4,2/26/2016,,,0.32,,,
NGBP4,2/27/2016,,,0.29,,,
NGBP4,2/28/2016,,,0.32,,,
NGBP4,2/29/2016,,,1.9,,,
NGBP4,3/1/2016,,,0.2,,,
NGBP4,3/2/2016,,,0.11,,,
NGBP4,3/3/2016,,,0.09,,,
NGBP4,3/4/2016,,,0.44,,,
NGBP4,3/5/2016,,,0.94,,,
NGBP4,3/6/2016,,,1.04,,,
NGBP4,3/7/2016,,,0.58,,,
NGBP4,3/8/2016,,,0.5,,,
NGBP4,3/9/2016,,,0.27,,,
NGBP4,3/10/2016,,,0.11,,,
NGBP4,3/11/2016,,,0.1,,,
NGBP4,3/12/2016,,,0.29,,,
NGBP4,3/13/2016,,,0.51,,,
NGBP4,3/14/2016,,,0.72,,,
NGBP4,3/15/2016,,,0.06,,,
NGBP4,3/16/2016,,,0.03,,,
NGBP4,3/17/2016,,,0,,,
NGBP4,3/18/2016,,,0,,,
NGBP4,3/19/2016,,,0,,,
NGBP4,3/20/2016,,,0,,,
NGBP4,3/21/2016,,,0,,,
NGBP4,3/22/2016,,,0.03,,,
NGBP4,3/23/2016,,,0,,,
NGBP4,3/24/2016,,,0,,,
NGBP4,3/25/2016,,,0.15,,,
NGBP4,3/26/2016,,,0.35,,,
NGBP4,3/27/2016,,,0.09,,,
NGBP4,3/28/2016,,,0.07,,,
NGBP4,3/29/2016,,,0.3,,,
NGBP4,3/30/2016,,,1.02,,,
NGBP4,3/31/2016,,,0.62,,,
NGBP4,4/1/2016,,,0.74,,,
NGBP4,4/2/2016,,,0.17,,,
NGBP4,4/3/2016,,,0.21,,,
NGBP4,4/4/2016,,,0.12,,,
NGBP4,4/5/2016,,,0,,,
NGBP4,4/6/2016,,,0,,,
NGBP4,4/7/2016,,,0,,,
NGBP4,4/8/2016,,,0.04,,,
NGBP4,4/9/2016,,,0,,,
NGBP4,4/10/2016,,,0,,,
NGBP4,4/11/2016,,,0,,,
NGBP4,4/12/2016,,,1.24,,,
NGBP4,4/13/2016,,,0,,,
NGBP4,4/14/2016,,,0,,,
NGBP4,4/15/2016,,,0,,,
NGBP4,4/16/2016,,,0,,,
NGBP4,4/17/2016,,,0,,,
NGBP4,4/18/2016,,,0,,,
NGBP4,4/19/2016,,,0.9,,,
NGBP4,4/20/2016,,,0.02,,,
NGBP4,4/21/2016,,,0.06,,,
NGBP4,4/22/2016,,,0.3,,,
NGBP4,4/23/2016,,,0.27,,,
NGBP4,4/24/2016,,,1.4,,,
NGBP4,4/25/2016,,,0,,,
NGBP4,4/26/2016,,,0.14,,,
NGBP4,4/27/2016,,,0.09,,,
NGBP4,4/28/2016,,,0.4,,,
NGBP4,4/29/2016,,,0.03,,,
NGBP4,4/30/2016,,,0.25,,,
NGBP4,5/1/2016,,,0.42,,,
NGBP4,5/2/2016,,,2.33,,,
NGBP4,5/3/2016,,,0.21,,,
NGBP4,5/4/2016,,,0.15,,,
NGBP4,5/5/2016,,,0.27,,,
NGBP4,5/6/2016,,,0.11,,,
NGBP4,5/7/2016,,,0,,,
NGBP4,5/8/2016,,,0.17,,,
NGBP4,5/9/2016,,,0.23,,,
NGBP4,5/10/2016,,,0.06,,,
NGBP4,5/11/2016,,,0.32,,,
NGBP4,5/12/2016,,,0.07,,,
NGBP4,5/13/2016,,,0.06,,,
NGBP4,5/14/2016,,,0,,,
NGBP4,5/15/2016,,,0.17,,,
NGBP4,5/16/2016,,,0.1,,,
NGBP4,5/17/2016,,,0,,,
NGBP4,5/18/2016,,,0,,,
NGBP4,5/19/2016,,,0.22,,,
NGBP4,5/20/2016,,,0.09,,,
NGBP4,5/21/2016,,,0.18,,,
NGBP4,5/22/2016,,,0.1,,,
NGBP4,5/23/2016,,,0.37,,,
NGBP4,5/24/2016,,,0,,,
NGBP4,5/25/2016,,,0,,,
NGBP4,5/26/2016,,,0,,,
NGBP4,5/27/2016,,,0,,,
NGBP4,5/28/2016,,,0,,,
NGBP4,5/29/2016,,,3,,,
NGBP4,5/30/2016,,,2,,,
NGBP4,5/31/2016,,,2.4,,,
NGBP4,6/1/2016,,,0.68,,,
NGBP4,6/2/2016,,,0.8,,,
NGBP4,6/3/2016,,,0.31,,,
NGBP4,6/4/2016,,,0.2,,,
NGBP4,6/5/2016,,,0.21,,,
NGBP4,6/6/2016,,,0.07,,,
NGBP4,6/7/2016,,,0,,,
NGBP4,6/8/2016,,,1.31,,,
NGBP4,6/9/2016,,,0.18,,,
NGBP4,6/10/2016,,,0.09,,,
NGBP4,6/11/2016,,,0,,,
NGBP4,6/12/2016,,,0,,,
NGBP4,6/13/2016,,,0,,,
NGBP4,6/14/2016,,,0,,,
NGBP4,6/15/2016,,,0,,,
NGBP4,6/16/2016,,,0,,,
NGBP4,6/17/2016,,,0,,,
NGBP4,6/18/2016,,,0,,,
NGBP4,6/19/2016,,,0.31,,,
NGBP4,6/20/2016,,,0.59,,,
NGBP4,6/21/2016,,,0.04,,,
NGBP4,6/22/2016,,,0,,,
NGBP4,6/23/2016,,,0,,,
NGBP4,6/24/2016,,,0,,,
NGBP4,6/25/2016,,,0,,,
NGBP4,6/26/2016,,,0,,,
NGBP4,6/27/2016,,,0,,,
NGBP4,6/28/2016,,,0,,,
NGBP4,6/29/2016,,,0,,,
NGBP4,6/30/2016,,,0,,,
NGBP4,7/1/2016,,,0,,,
NGBP4,7/2/2016,,,2.23,,,
NGBP4,7/3/2016,,,0.27,,,
NGBP4,7/4/2016,,,1,,,
NGBP4,7/5/2016,,,0.01,,,
NGBP4,7/6/2016,,,0,,,
NGBP4,7/7/2016,,,0.17,,,
NGBP4,7/8/2016,,,0.14,,,
NGBP4,7/9/2016,,,2.04,,,
NGBP4,7/10/2016,,,0,,,
NGBP4,7/11/2016,,,0,,,
NGBP4,7/12/2016,,,0,,,
NGBP4,7/13/2016,,,0,,,
NGBP4,7/14/2016,,,0.36,,,
NGBP4,7/15/2016,,,0.17,,,
NGBP4,7/16/2016,,,0,,,
NGBP4,7/17/2016,,,0,,,
NGBP4,7/18/2016,,,0.37,,,
NGBP4,7/19/2016,,,0.17,,,
NGBP4,7/20/2016,,,0.16,,,
NGBP4,7/21/2016,,,0,,,
NGBP4,7/22/2016,,,0,,,
NGBP4,7/23/2016,,,0,,,
NGBP4,7/24/2016,,,0,,,
NGBP4,7/25/2016,,,0,,,
NGBP4,7/26/2016,,,0.17,,,
NGBP4,7/27/2016,,,0,,,
NGBP4,7/28/2016,,,0.13,,,
NGBP4,7/29/2016,,,0.45,,,
NGBP4,7/30/2016,,,1,,,
NGBP4,7/31/2016,,,0.4,,,
NGBP4,8/1/2016,,,0.45,,,
NGBP4,8/2/2016,,,0.18,,,
NGBP4,8/3/2016,,,0.42,,,
NGBP4,8/4/2016,,,0.17,,,
NGBP4,8/5/2016,,,0,,,
NGBP4,8/6/2016,,,0.19,,,
NGBP4,8/7/2016,,,0,,,
NGBP4,8/8/2016,,,0.43,,,
NGBP4,8/9/2016,,,0.23,,,
NGBP4,8/10/2016,,,0,,,
NGBP4,8/11/2016,,,0.78,,,
NGBP4,8/12/2016,,,0.43,,,
NGBP4,8/13/2016,,,0.5,,,
NGBP4,8/14/2016,,,0.23,,,
NGBP4,8/15/2016,,,1.28,,,
NGBP4,8/16/2016,,,0,,,
NGBP4,8/17/2016,,,0.1,,,
NGBP4,8/18/2016,,,0,,,
NGBP4,8/19/2016,,,0,,,
NGBP4,8/20/2016,,,0,,,
NGBP4,8/21/2016,,,0,,,
NGBP4,8/22/2016,,,0.45,,,
NGBP4,8/23/2016,,,0.2,,,
NGBP4,8/24/2016,,,0.72,,,
NGBP4,8/25/2016,,,0.2,,,
NGBP4,8/26/2016,,,0.42,,,
NGBP4,8/27/2016,,,0,,,
NGBP4,8/28/2016,,,0.17,,,
NGBP4,8/29/2016,,,0.42,,,
NGBP4,8/30/2016,,,0,,,
NGBP4,8/31/2016,,,0,,,
NGBP4,9/1/2016,,,0,,,
NGBP4,9/2/2016,,,0.78,,,
NGBP4,9/3/2016,,,0,,,
NGBP4,9/4/2016,,,0,,,
NGBP4,9/5/2016,,,0.85,,,
NGBP4,9/6/2016,,,0,,,
NGBP4,9/7/2016,,,0,,,
NGBP4,9/8/2016,,,0,,,
NGBP4,9/9/2016,,,0,,,
NGBP4,9/10/2016,,,0,,,
NGBP4,9/11/2016,,,0.6,,,
NGBP4,9/12/2016,,,2,,,
NGBP4,9/13/2016,,,0,,,
NGBP4,9/14/2016,,,0.17,,,
NGBP4,9/15/2016,,,0,,,
NGBP4,9/16/2016,,,0.1,,,
NGBP4,9/17/2016,,,0.21,,,
NGBP4,9/18/2016,,,0.95,,,
NGBP4,9/19/2016,,,0.37,,,
NGBP4,9/20/2016,,,0.18,,,
NGBP4,9/21/2016,,,0.42,,,
NGBP4,9/22/2016,,,1.2,,,
NGBP4,9/23/2016,,,0.6,,,
NGBP4,9/24/2016,,,0.32,,,
NGBP4,9/25/2016,,,0,,,
NGBP4,9/26/2016,,,0.12,,,
NGBP4,9/27/2016,,,0.4,,,
NGBP4,9/28/2016,,,0.18,,,
NGBP4,9/29/2016,,,0.24,,,
NGBP4,9/30/2016,,,0.41,,,
NGBP4,10/1/2016,,,0.27,,,
NGBP4,10/2/2016,,,0.21,,,
NGBP4,10/3/2016,,,0.36,,,
NGBP4,10/4/2016,,,1.15,,,
NGBP4,10/5/2016,,,0.51,,,
NGBP4,10/6/2016,,,0.09,,,
NGBP4,10/7/2016,,,0.08,,,
NGBP4,10/8/2016,,,0.53,,,
NGBP4,10/9/2016,,,0.9,,,
NGBP4,10/10/2016,,,0.32,,,
NGBP4,10/11/2016,,,0.07,,,
NGBP4,10/12/2016,,,0.3,,,
NGBP4,10/13/2016,,,0.27,,,
NGBP4,10/14/2016,,,0.41,,,
NGBP4,10/15/2016,,,0,,,
NGBP4,10/16/2016,,,0,,,
NGBP4,10/17/2016,,,0,,,
NGBP4,10/18/2016,,,0,,,
NGBP4,10/19/2016,,,0.52,,,
NGBP4,10/20/2016,,,0.2,,,
NGBP4,10/21/2016,,,0,,,
NGBP4,10/22/2016,,,0,,,
NGBP4,10/23/2016,,,0,,,
NGBP4,10/24/2016,,,0.21,,,
NGBP4,10/25/2016,,,0.49,,,
NGBP4,10/26/2016,,,0.25,,,
NGBP4,10/27/2016,,,0.31,,,
NGBP4,10/28/2016,,,0.17,,,
NGBP4,10/29/2016,,,0.11,,,
NGBP4,10/30/2016,,,0,,,
NGBP4,10/31/2016,,,1,,,
NGBP4,11/1/2016,,,0.72,,,
NGBP4,11/2/2016,,,1.54,,,
NGBP4,11/3/2016,,,0.49,,,
NGBP4,11/4/2016,,,0.57,,,
NGBP4,11/5/2016,,,0.19,,,
NGBP4,11/6/2016,,,0.17,,,
NGBP4,11/7/2016,,,0.25,,,
NGBP4,11/8/2016,,,1,,,
NGBP4,11/9/2016,,,0.47,,,
NGBP4,11/10/2016,,,0.29,,,
NGBP4,11/11/2016,,,0.87,,,
NGBP4,11/12/2016,,,1,,,
NGBP4,11/13/2016,,,1.5,,,
NGBP4,11/14/2016,,,0.9,,,
NGBP4,11/15/2016,,,0.27,,,
NGBP4,11/16/2016,,,0.21,,,
NGBP4,11/17/2016,,,1.72,,,
NGBP4,11/18/2016,,,2.25,,,
NGBP4,11/19/2016,,,0.29,,,
NGBP4,11/20/2016,,,0.1,,,
NGBP4,11/21/2016,,,0.24,,,
NGBP4,11/22/2016,,,3.2,,,
NGBP4,11/23/2016,,,1.5,,,
NGBP4,11/24/2016,,,0.17,,,
NGBP4,11/25/2016,,,0.18,,,
NGBP4,11/26/2016,,,0.87,,,
NGBP4,11/27/2016,,,0.19,,,
NGBP4,11/28/2016,,,0.27,,,
NGBP4,11/29/2016,,,0,,,
NGBP4,11/30/2016,,,0.12,,,
NGBP4,12/1/2016,,,0.18,,,
NGBP4,12/2/2016,,,0.32,,,
NGBP4,12/3/2016,,,0.89,,,
NGBP4,12/4/2016,,,0,,,
NGBP4,12/5/2016,,,0.41,,,
NGBP4,12/6/2016,,,0.32,,,
NGBP4,12/7/2016,,,0,,,
NGBP4,12/8/2016,,,0.19,,,
NGBP4,12/9/2016,,,0.31,,,
NGBP4,12/10/2016,,,0,,,
NGBP4,12/11/2016,,,0,,,
NGBP4,12/12/2016,,,0,,,
NGBP4,12/13/2016,,,0.23,,,
NGBP4,12/14/2016,,,0.24,,,
NGBP4,12/15/2016,,,0,,,
NGBP4,12/16/2016,,,0,,,
NGBP4,12/17/2016,,,0.26,,,
NGBP4,12/18/2016,,,0.35,,,
NGBP4,12/19/2016,,,0.65,,,
NGBP4,12/20/2016,,,0.48,,,
NGBP4,12/21/2016,,,0.52,,,
NGBP4,12/22/2016,,,0.35,,,
NGBP4,12/23/2016,,,0,,,
NGBP4,12/24/2016,,,0.19,,,
NGBP4,12/25/2016,,,0.17,,,
NGBP4,12/26/2016,,,0.21,,,
NGBP4,12/27/2016,,,0.15,,,
NGBP4,12/28/2016,,,0.75,,,
NGBP4,12/29/2016,,,0.19,,,
NGBP4,12/30/2016,,,0.15,,,
NGBP4,12/31/2016,,,0.29,,,
NGBP4,1/1/2017,,,0,,,
NGBP4,1/2/2017,,,0.15,,,
NGBP4,1/3/2017,,,0.44,,,
NGBP4,1/4/2017,,,0.19,,,
NGBP4,1/5/2017,,,0.09,,,
NGBP4,1/6/2017,,,0.07,,,
NGBP4,1/7/2017,,,0,,,
NGBP4,1/8/2017,,,0.16,,,
NGBP4,1/9/2017,,,0.14,,,
NGBP4,1/10/2017,,,0.12,,,
NGBP4,1/11/2017,,,0.77,,,
NGBP4,1/12/2017,,,0.27,,,
NGBP4,1/13/2017,,,0.18,,,
NGBP4,1/14/2017,,,0.5,,,
NGBP4,1/15/2017,,,0.47,,,
NGBP4,1/16/2017,,,0.17,,,
NGBP4,1/17/2017,,,0.41,,,
NGBP4,1/18/2017,,,0.2,,,
NGBP4,1/19/2017,,,0,,,
NGBP4,1/20/2017,,,0,,,
NGBP4,1/21/2017,,,0,,,
NGBP4,1/22/2017,,,0,,,
NGBP4,1/23/2017,,,0,,,
NGBP4,1/24/2017,,,0,,,
NGBP4,1/25/2017,,,0,,,
NGBP4,1/26/2017,,,0,,,
NGBP4,1/27/2017,,,0.04,,,
NGBP4,1/28/2017,,,0,,,
NGBP4,1/29/2017,,,0,,,
NGBP4,1/30/2017,,,0,,,
NGBP4,1/31/2017,,,0.14,,,
NGBP4,2/1/2017,,,0,,,
NGBP4,2/2/2017,,,0.14,,,
NGBP4,2/3/2017,,,0,,,
NGBP4,2/4/2017,,,0,,,
NGBP4,2/5/2017,,,0,,,
NGBP4,2/6/2017,,,0.19,,,
NGBP4,2/7/2017,,,0.45,,,
NGBP4,2/8/2017,,,0,,,
NGBP4,2/9/2017,,,0,,,
NGBP4,2/10/2017,,,0,,,
NGBP4,2/11/2017,,,0.4,,,
NGBP4,2/12/2017,,,0,,,
NGBP4,2/13/2017,,,0,,,
NGBP4,2/14/2017,,,0,,,
NGBP4,2/15/2017,,,0,,,
NGBP4,2/16/2017,,,0,,,
NGBP4,2/17/2017,,,0,,,
NGBP4,2/18/2017,,,0,,,
NGBP4,2/19/2017,,,0,,,
NGBP4,2/20/2017,,,0.17,,,
NGBP4,2/21/2017,,,0,,,
NGBP4,2/22/2017,,,0.19,,,
NGBP4,2/23/2017,,,0.15,,,
NGBP4,2/24/2017,,,0.31,,,
NGBP4,2/25/2017,,,0,,,
NGBP4,2/26/2017,,,0.18,,,
NGBP4,2/27/2017,,,0,,,
NGBP4,2/28/2017,,,0,,,
NGBP4,3/1/2017,,,0,,,
NGBP4,3/2/2017,,,0.11,,,
NGBP4,3/3/2017,,,0.17,,,
NGBP4,3/4/2017,,,0,,,
NGBP4,3/5/2017,,,0,,,
NGBP4,3/6/2017,,,0.6,,,
NGBP4,3/7/2017,,,1,,,
NGBP4,3/8/2017,,,0.57,,,
NGBP4,3/9/2017,,,0.62,,,
NGBP4,3/10/2017,,,0.11,,,
NGBP4,3/11/2017,,,0,,,
NGBP4,3/12/2017,,,0,,,
NGBP4,3/13/2017,,,0,,,
NGBP4,3/14/2017,,,0,,,
NGBP4,3/15/2017,,,0,,,
NGBP4,3/16/2017,,,0.35,,,
NGBP4,3/17/2017,,,0.2,,,
NGBP4,3/18/2017,,,0.09,,,
NGBP4,3/19/2017,,,0.23,,,
NGBP4,3/20/2017,,,0.47,,,
NGBP4,3/21/2017,,,2.2,,,
NGBP4,3/22/2017,,,0.16,,,
NGBP4,3/23/2017,,,1.08,,,
NGBP4,3/24/2017,,,0.49,,,
NGBP4,3/25/2017,,,0.67,,,
NGBP4,3/26/2017,,,0.33,,,
NGBP4,3/27/2017,,,0.17,,,
NGBP4,3/28/2017,,,0.03,,,
NGBP4,3/29/2017,,,0.35,,,
NGBP4,3/30/2017,,,1.37,,,
NGBP4,3/31/2017,,,0,,,
NGBP4,4/1/2017,,,0.15,,,
NGBP4,4/2/2017,,,0.07,,,
NGBP4,4/3/2017,,,0.05,,,
NGBP4,4/4/2017,,,0.01,,,
NGBP4,4/5/2017,,,0,,,
NGBP4,4/6/2017,,,0,,,
NGBP4,4/7/2017,,,0,,,
NGBP4,4/8/2017,,,0,,,
NGBP4,4/9/2017,,,0.44,,,
NGBP4,4/10/2017,,,0.56,,,
NGBP4,4/11/2017,,,1,,,
NGBP4,4/12/2017,,,0.09,,,
NGBP4,4/13/2017,,,0,,,
NGBP4,4/14/2017,,,0,,,
NGBP4,4/15/2017,,,0,,,
NGBP4,4/16/2017,,,0,,,
NGBP4,4/17/2017,,,0.19,,,
NGBP4,4/18/2017,,,2.35,,,
NGBP4,4/19/2017,,,0.1,,,
NGBP4,4/20/2017,,,0,,,
NGBP4,4/21/2017,,,0.47,,,
NGBP4,4/22/2017,,,0.39,,,
NGBP4,4/23/2017,,,0.27,,,
NGBP4,4/24/2017,,,0.29,,,
NGBP4,4/25/2017,,,0.63,,,
NGBP4,4/26/2017,,,0.72,,,
NGBP4,4/27/2017,,,0.41,,,
NGBP4,4/28/2017,,,0.37,,,
NGBP4,4/29/2017,,,2.05,,,
NGBP4,4/30/2017,,,1.77,,,
NGBP4,5/1/2017,,,2,,,
NGBP4,5/2/2017,,,1.89,,,
NGBP4,5/3/2017,,,0,,,
NGBP4,5/4/2017,,,0,,,
NGBP4,5/5/2017,,,0,,,
NGBP4,5/6/2017,,,0,,,
NGBP4,5/7/2017,,,0,,,
NGBP4,5/8/2017,,,0.17,,,
NGBP4,5/9/2017,,,1.9,,,
NGBP4,5/10/2017,,,1.02,,,
NGBP4,5/11/2017,,,0.19,,,
NGBP4,5/12/2017,,,0,,,
NGBP4,5/13/2017,,,0.21,,,
NGBP4,5/14/2017,,,0.33,,,
NGBP4,5/15/2017,,,0,,,
NGBP4,5/16/2017,,,0,,,
NGBP4,5/17/2017,,,0,,,
NGBP4,5/18/2017,,,0,,,
NGBP4,5/19/2017,,,0,,,
NGBP4,5/20/2017,,,0,,,
NGBP4,5/21/2017,,,0,,,
NGBP4,5/22/2017,,,0,,,
NGBP4,5/23/2017,,,0,,,
NGBP4,5/24/2017,,,0,,,
NGBP4,5/25/2017,,,0,,,
NGBP4,5/26/2017,,,0.1,,,
NGBP4,5/27/2017,,,0.09,,,
NGBP4,5/28/2017,,,0,,,
NGBP4,5/29/2017,,,1.89,,,
NGBP4,5/30/2017,,,0.4,,,
NGBP4,5/31/2017,,,0.3,,,
NGBP4,6/1/2017,,,0.34,,,
NGBP4,6/2/2017,,,0.68,,,
NGBP4,6/3/2017,,,0,,,
NGBP4,6/4/2017,,,0.97,,,
NGBP4,6/5/2017,,,0.23,,,
NGBP4,6/6/2017,,,0,,,
NGBP4,6/7/2017,,,0,,,
NGBP4,6/8/2017,,,0.72,,,
NGBP4,6/9/2017,,,1.25,,,
NGBP4,6/10/2017,,,0.12,,,
NGBP4,6/11/2017,,,0.25,,,
NGBP4,6/12/2017,,,0.91,,,
NGBP4,6/13/2017,,,0.12,,,
NGBP4,6/14/2017,,,0.08,,,
NGBP4,6/15/2017,,,0.07,,,
NGBP4,6/16/2017,,,0.19,,,
NGBP4,6/17/2017,,,0,,,
NGBP4,6/18/2017,,,0.39,,,
NGBP4,6/19/2017,,,0.31,,,
NGBP4,6/20/2017,,,0.41,,,
NGBP4,6/21/2017,,,0.13,,,
NGBP4,6/22/2017,,,0,,,
NGBP4,6/23/2017,,,0,,,
NGBP4,6/24/2017,,,0.41,,,
NGBP4,6/25/2017,,,0.21,,,
NGBP4,6/26/2017,,,0.85,,,
NGBP4,6/27/2017,,,0.19,,,
NGBP4,6/28/2017,,,0.12,,,
NGBP4,6/29/2017,,,0,,,
NGBP4,6/30/2017,,,0,,,
NGBP4,7/1/2017,,,0.17,,,
NGBP4,7/2/2017,,,0.29,,,
NGBP4,7/3/2017,,,0,,,
NGBP4,7/4/2017,,,0,,,
NGBP4,7/5/2017,,,0.83,,,
NGBP4,7/6/2017,,,0.17,,,
NGBP4,7/7/2017,,,0.25,,,
NGBP4,7/8/2017,,,1,,,
NGBP4,7/9/2017,,,0,,,
NGBP4,7/10/2017,,,0,,,
NGBP4,7/11/2017,,,0,,,
NGBP4,7/12/2017,,,0.78,,,
NGBP4,7/13/2017,,,0.67,,,
NGBP4,7/14/2017,,,0.63,,,
NGBP4,7/15/2017,,,0.2,,,
NGBP4,7/16/2017,,,0.32,,,
NGBP4,7/17/2017,,,0.1,,,
NGBP4,7/18/2017,,,0.38,,,
NGBP4,7/19/2017,,,0.25,,,
NGBP4,7/20/2017,,,0,,,
NGBP4,7/21/2017,,,0.13,,,
NGBP4,7/22/2017,,,0.09,,,
NGBP4,7/23/2017,,,0,,,
NGBP4,7/24/2017,,,0.3,,,
NGBP4,7/25/2017,,,0,,,
NGBP4,7/26/2017,,,2.01,,,
NGBP4,7/27/2017,,,0.13,,,
NGBP4,7/28/2017,,,0.25,,,
NGBP4,7/29/2017,,,0,,,
NGBP4,7/30/2017,,,0.78,,,
NGBP4,7/31/2017,,,0.27,,,
NGBP4,8/1/2017,,,0.04,,,
NGBP4,8/2/2017,,,0.1,,,
NGBP4,8/3/2017,,,0.84,,,
NGBP4,8/4/2017,,,0.02,,,
NGBP4,8/5/2017,,,0,,,
NGBP4,8/6/2017,,,0.2,,,
NGBP4,8/7/2017,,,0.17,,,
NGBP4,8/8/2017,,,2,,,
NGBP4,8/9/2017,,,0,,,
NGBP4,8/10/2017,,,0.57,,,
NGBP4,8/11/2017,,,0.13,,,
NGBP4,8/12/2017,,,0,,,
NGBP4,8/13/2017,,,0,,,
NGBP4,8/14/2017,,,0,,,
NGBP4,8/15/2017,,,0.13,,,
NGBP4,8/16/2017,,,0.09,,,
NGBP4,8/17/2017,,,5.4,,,
NGBP4,8/18/2017,,,0.16,,,
NGBP4,8/19/2017,,,0,,,
NGBP4,8/20/2017,,,0,,,
NGBP4,8/21/2017,,,3.24,,,
NGBP4,8/22/2017,,,0,,,
NGBP4,8/23/2017,,,0,,,
NGBP4,8/24/2017,,,0,,,
NGBP4,8/25/2017,,,0.42,,,
NGBP4,8/26/2017,,,0.31,,,
NGBP4,8/27/2017,,,0.21,,,
NGBP4,8/28/2017,,,0,,,
NGBP4,8/29/2017,,,0.03,,,
NGBP4,8/30/2017,,,0,,,
NGBP4,8/31/2017,,,0,,,
NGBP4,9/1/2017,,,0,,,
NGBP4,9/2/2017,,,0,,,
NGBP4,9/3/2017,,,0,,,
NGBP4,9/4/2017,,,0.18,,,
NGBP4,9/5/2017,,,0.26,,,
NGBP4,9/6/2017,,,2.51,,,
NGBP4,9/7/2017,,,0.8,,,
NGBP4,9/8/2017,,,0.43,,,
NGBP4,9/9/2017,,,0,,,
NGBP4,9/10/2017,,,0,,,
NGBP4,9/11/2017,,,0,,,
NGBP4,9/12/2017,,,0.14,,,
NGBP4,9/13/2017,,,0.11,,,
NGBP4,9/14/2017,,,1.42,,,
NGBP4,9/15/2017,,,0,,,
NGBP4,9/16/2017,,,0,,,
NGBP4,9/17/2017,,,0,,,
NGBP4,9/18/2017,,,0,,,
NGBP4,9/19/2017,,,0,,,
NGBP4,9/20/2017,,,8,,,
NGBP4,9/21/2017,,,3.17,,,
NGBP4,9/22/2017,,,0,,,
NGBP4,9/23/2017,,,0,,,
NGBP4,9/24/2017,,,0.18,,,
NGBP4,9/25/2017,,,0.09,,,
NGBP4,9/26/2017,,,0,,,
NGBP4,9/27/2017,,,0.2,,,
NGBP4,9/28/2017,,,0.12,,,
NGBP4,9/29/2017,,,0,,,
NGBP4,9/30/2017,,,2,,,
NGBP4,10/1/2017,,,0.27,,,
NGBP4,10/2/2017,,,0.46,,,
NGBP4,10/3/2017,,,0.3,,,
NGBP4,10/4/2017,,,0.51,,,
NGBP4,10/5/2017,,,0.23,,,
NGBP4,10/6/2017,,,0.17,,,
NGBP4,10/7/2017,,,0.27,,,
NGBP4,10/8/2017,,,3,,,
NGBP4,10/9/2017,,,0.62,,,
NGBP4,10/10/2017,,,0.23,,,
NGBP4,10/11/2017,,,0.42,,,
NGBP4,10/12/2017,,,0.76,,,
NGBP4,10/13/2017,,,0.37,,,
NGBP4,10/14/2017,,,3,,,
NGBP4,10/15/2017,,,2,,,
NGBP4,10/16/2017,,,0.47,,,
NGBP4,10/17/2017,,,0.19,,,
NGBP4,10/18/2017,,,0.1,,,
NGBP4,10/19/2017,,,0.14,,,
NGBP4,10/20/2017,,,0.09,,,
NGBP4,10/21/2017,,,0.17,,,
NGBP4,10/22/2017,,,0,,,
NGBP4,10/23/2017,,,0.1,,,
NGBP4,10/24/2017,,,0,,,
NGBP4,10/25/2017,,,0.1,,,
NGBP4,10/26/2017,,,0.14,,,
NGBP4,10/27/2017,,,0.07,,,
NGBP4,10/28/2017,,,0.09,,,
NGBP4,10/29/2017,,,0.16,,,
NGBP4,10/30/2017,,,0.06,,,
NGBP4,10/31/2017,,,0.08,,,
NGBP4,11/1/2017,,,0,,,
NGBP4,11/2/2017,,,0,,,
NGBP4,11/3/2017,,,0.17,,,
NGBP4,11/4/2017,,,0.37,,,
NGBP4,11/5/2017,,,0.41,,,
NGBP4,11/6/2017,,,1.19,,,
NGBP4,11/7/2017,,,0.52,,,
NGBP4,11/8/2017,,,0.61,,,
NGBP4,11/9/2017,,,0.43,,,
NGBP4,11/10/2017,,,0.72,,,
NGBP4,11/11/2017,,,0.57,,,
NGBP4,11/12/2017,,,0.34,,,
NGBP4,11/13/2017,,,0.42,,,
NGBP4,11/14/2017,,,0.18,,,
NGBP4,11/15/2017,,,0.67,,,
NGBP4,11/16/2017,,,0.32,,,
NGBP4,11/17/2017,,,0.37,,,
NGBP4,11/18/2017,,,0.1,,,
NGBP4,11/19/2017,,,2,,,
NGBP4,11/20/2017,,,0,,,
NGBP4,11/21/2017,,,0.45,,,
NGBP4,11/22/2017,,,0,,,
NGBP4,11/23/2017,,,0.5,,,
NGBP4,11/24/2017,,,0,,,
NGBP4,11/25/2017,,,0,,,
NGBP4,11/26/2017,,,0,,,
NGBP4,11/27/2017,,,0,,,
NGBP4,11/28/2017,,,0,,,
NGBP4,11/29/2017,,,0.1,,,
NGBP4,11/30/2017,,,0,,,
NGBP4,12/1/2017,,,0,,,
NGBP4,12/2/2017,,,0,,,
NGBP4,12/3/2017,,,0,,,
NGBP4,12/4/2017,,,0.19,,,
NGBP4,12/5/2017,,,0.85,,,
NGBP4,12/6/2017,,,0.76,,,
NGBP4,12/7/2017,,,0.4,,,
NGBP4,12/8/2017,,,0.31,,,
NGBP4,12/9/2017,,,0,,,
NGBP4,12/10/2017,,,0.13,,,
NGBP4,12/11/2017,,,0,,,
NGBP4,12/12/2017,,,0,,,
NGBP4,12/13/2017,,,0,,,
NGBP4,12/14/2017,,,0,,,
NGBP4,12/15/2017,,,0,,,
NGBP4,12/16/2017,,,0.21,,,
NGBP4,12/17/2017,,,0.19,,,
NGBP4,12/18/2017,,,0.25,,,
NGBP4,12/19/2017,,,0.1,,,
NGBP4,12/20/2017,,,0.17,,,
NGBP4,12/21/2017,,,0.13,,,
NGBP4,12/22/2017,,,0.11,,,
NGBP4,12/23/2017,,,0.19,,,
NGBP4,12/24/2017,,,0,,,
NGBP4,12/25/2017,,,0.49,,,
NGBP4,12/26/2017,,,0.6,,,
NGBP4,12/27/2017,,,0.37,,,
NGBP4,12/28/2017,,,0.19,,,
NGBP4,12/29/2017,,,0.32,,,
NGBP4,12/30/2017,,,0.09,,,
NGBP4,12/31/2017,,,0,,,
NGBP4,1/1/2018,,,0.1,,,
NGBP4,1/2/2018,,,0.07,,,
NGBP4,1/3/2018,,,0,,,
NGBP4,1/4/2018,,,0.09,,,
NGBP4,1/5/2018,,,0,,,
NGBP4,1/6/2018,,,0.41,,,
NGBP4,1/7/2018,,,0.09,,,
NGBP4,1/8/2018,,,0,,,
NGBP4,1/9/2018,,,0.2,,,
NGBP4,1/10/2018,,,0.07,,,
NGBP4,1/11/2018,,,0.52,,,
NGBP4,1/12/2018,,,0,,,
NGBP4,1/13/2018,,,0,,,
NGBP4,1/14/2018,,,0,,,
NGBP4,1/15/2018,,,0.17,,,
NGBP4,1/16/2018,,,0,,,
NGBP4,1/17/2018,,,0,,,
NGBP4,1/18/2018,,,0,,,
NGBP4,1/19/2018,,,0,,,
NGBP4,1/20/2018,,,0.19,,,
NGBP4,1/21/2018,,,0.09,,,
NGBP4,1/22/2018,,,0.17,,,
NGBP4,1/23/2018,,,0.27,,,
NGBP4,1/24/2018,,,0.19,,,
NGBP4,1/25/2018,,,0,,,
NGBP4,1/26/2018,,,1.31,,,
NGBP4,1/27/2018,,,0.76,,,
NGBP4,1/28/2018,,,0.52,,,
NGBP4,1/29/2018,,,0.18,,,
NGBP4,1/30/2018,,,0.39,,,
NGBP4,1/31/2018,,,0.19,,,
NGBP4,2/1/2018,,,0,,,
NGBP4,2/2/2018,,,0.45,,,
NGBP4,2/3/2018,,,0,,,
NGBP4,2/4/2018,,,0,,,
NGBP4,2/5/2018,,,0.21,,,
NGBP4,2/6/2018,,,0.19,,,
NGBP4,2/7/2018,,,0.27,,,
NGBP4,2/8/2018,,,0,,,
NGBP4,2/9/2018,,,0,,,
NGBP4,2/10/2018,,,0.23,,,
NGBP4,2/11/2018,,,0.31,,,
NGBP4,2/12/2018,,,0.15,,,
NGBP4,2/13/2018,,,0.1,,,
NGBP4,2/14/2018,,,0,,,
NGBP4,2/15/2018,,,0,,,
NGBP4,2/16/2018,,,0.18,,,
NGBP4,2/17/2018,,,0.42,,,
NGBP4,2/18/2018,,,0.13,,,
NGBP4,2/19/2018,,,0.44,,,
NGBP4,2/20/2018,,,0.32,,,
NGBP4,2/21/2018,,,0.41,,,
NGBP4,2/22/2018,,,0.13,,,
NGBP4,2/23/2018,,,0,,,
NGBP4,2/24/2018,,,0.47,,,
NGBP4,2/25/2018,,,0.37,,,
NGBP4,2/26/2018,,,1.09,,,
NGBP4,2/27/2018,,,0.31,,,
NGBP4,2/28/2018,,,0.17,,,
NGBP4,3/1/2018,,,0.17,,,
NGBP4,3/2/2018,,,0.07,,,
NGBP4,3/3/2018,,,0,,,
NGBP4,3/4/2018,,,0.13,,,
NGBP4,3/5/2018,,,0,,,
NGBP4,3/6/2018,,,0,,,
NGBP4,3/7/2018,,,0,,,
NGBP4,3/8/2018,,,0,,,
NGBP4,3/9/2018,,,0,,,
NGBP4,3/10/2018,,,0,,,
NGBP4,3/11/2018,,,0,,,
NGBP4,3/12/2018,,,0,,,
NGBP4,3/13/2018,,,0,,,
NGBP4,3/14/2018,,,0,,,
NGBP4,3/15/2018,,,0,,,
NGBP4,3/16/2018,,,0,,,
NGBP4,3/17/2018,,,0,,,
NGBP4,3/18/2018,,,1,,,
NGBP4,3/19/2018,,,0,,,
NGBP4,3/20/2018,,,0,,,
NGBP4,3/21/2018,,,0,,,
NGBP4,3/22/2018,,,0.17,,,
NGBP4,3/23/2018,,,2.55,,,
NGBP4,3/24/2018,,,0.42,,,
NGBP4,3/25/2018,,,0,,,
NGBP4,3/26/2018,,,0.29,,,
NGBP4,3/27/2018,,,0.31,,,
NGBP4,3/28/2018,,,0.4,,,
NGBP4,3/29/2018,,,0.54,,,
NGBP4,3/30/2018,,,0,,,
NGBP4,3/31/2018,,,0,,,
NGBP4,4/1/2018,,,0.19,,,
NGBP4,4/2/2018,,,0,,,
NGBP4,4/3/2018,,,0,,,
NGBP4,4/4/2018,,,0.05,,,
NGBP4,4/5/2018,,,0.17,,,
NGBP4,4/6/2018,,,0,,,
NGBP4,4/7/2018,,,0,,,
NGBP4,4/8/2018,,,0,,,
NGBP4,4/9/2018,,,0.68,,,
NGBP4,4/10/2018,,,0.1,,,
NGBP4,4/11/2018,,,0.14,,,
NGBP4,4/12/2018,,,0.31,,,
NGBP4,4/13/2018,,,0.41,,,
NGBP4,4/14/2018,,,0.15,,,
NGBP4,4/15/2018,,,0,,,
NGBP4,4/16/2018,,,0.24,,,
NGBP4,4/17/2018,,,0.2,,,
NGBP4,4/18/2018,,,0.32,,,
NGBP4,4/19/2018,,,0.14,,,
NGBP4,4/20/2018,,,0,,,
NGBP4,4/21/2018,,,0.09,,,
NGBP4,4/22/2018,,,0,,,
NGBP4,4/23/2018,,,0.03,,,
NGBP4,4/24/2018,,,0.07,,,
NGBP4,4/25/2018,,,0.11,,,
NGBP4,4/26/2018,,,0.12,,,
NGBP4,4/27/2018,,,0.53,,,
NGBP4,4/28/2018,,,0,,,
NGBP4,4/29/2018,,,0.13,,,
NGBP4,4/30/2018,,,0.09,,,
NGBP4,5/1/2018,,,1.68,,,
NGBP4,5/2/2018,,,0,,,
NGBP4,5/3/2018,,,0.32,,,
NGBP4,5/4/2018,,,0.18,,,
NGBP4,5/5/2018,,,0.17,,,
NGBP4,5/6/2018,,,0,,,
NGBP4,5/7/2018,,,0.46,,,
NGBP4,5/8/2018,,,0.41,,,
NGBP4,5/9/2018,,,1.55,,,
NGBP4,5/10/2018,,,0,,,
NGBP4,5/11/2018,,,0,,,
NGBP4,5/12/2018,,,0,,,
NGBP4,5/13/2018,,,0,,,
NGBP4,5/14/2018,,,0,,,
NGBP4,5/15/2018,,,0,,,
NGBP4,5/16/2018,,,0.21,,,
NGBP4,5/17/2018,,,0.14,,,
NGBP4,5/18/2018,,,0.22,,,
NGBP4,5/19/2018,,,0,,,
NGBP4,5/20/2018,,,0.17,,,
NGBP4,5/21/2018,,,0,,,
NGBP4,5/22/2018,,,0,,,
NGBP4,5/23/2018,,,0,,,
NGBP4,5/24/2018,,,0.17,,,
NGBP4,5/25/2018,,,0.23,,,
NGBP4,5/26/2018,,,0.21,,,
NGBP4,5/27/2018,,,0.31,,,
NGBP4,5/28/2018,,,0.41,,,
NGBP4,5/29/2018,,,0.21,,,
NGBP4,5/30/2018,,,1.46,,,
NGBP4,5/31/2018,,,0.27,,,
NGBP4,6/1/2018,,,0,,,
NGBP4,6/2/2018,,,0.05,,,
NGBP4,6/3/2018,,,0,,,
NGBP4,6/4/2018,,,0,,,
NGBP4,6/5/2018,,,0,,,
NGBP4,6/6/2018,,,0.27,,,
NGBP4,6/7/2018,,,0.32,,,
NGBP4,6/8/2018,,,0,,,
NGBP4,6/9/2018,,,0.26,,,
NGBP4,6/10/2018,,,0.2,,,
NGBP4,6/11/2018,,,0,,,
NGBP4,6/12/2018,,,0,,,
NGBP4,6/13/2018,,,0,,,
NGBP4,6/14/2018,,,0,,,
NGBP4,6/15/2018,,,0,,,
NGBP4,6/16/2018,,,0,,,
NGBP4,6/17/2018,,,0,,,
NGBP4,6/18/2018,,,0,,,
NGBP4,6/19/2018,,,0,,,
NGBP4,6/20/2018,,,1.91,,,
NGBP4,6/21/2018,,,0,,,
NGBP4,6/22/2018,,,0,,,
NGBP4,6/23/2018,,,1.47,,,
NGBP4,6/24/2018,,,0.43,,,
NGBP4,6/25/2018,,,0.17,,,
NGBP4,6/26/2018,,,0,,,
NGBP4,6/27/2018,,,0,,,
NGBP4,6/28/2018,,,0,,,
NGBP4,6/29/2018,,,0,,,
NGBP4,6/30/2018,,,0,,,
NGBP4,7/1/2018,,,0,,,
NGBP4,7/2/2018,,,0,,,
NGBP4,7/3/2018,,,0,,,
NGBP4,7/4/2018,,,0,,,
NGBP4,7/5/2018,,,0,,,
NGBP4,7/6/2018,,,0,,,
NGBP4,7/7/2018,,,0,,,
NGBP4,7/8/2018,,,0,,,
NGBP4,7/9/2018,,,0,,,
NGBP4,7/10/2018,,,3.9,,,
NGBP4,7/11/2018,,,0,,,
NGBP4,7/12/2018,,,1.5,,,
NGBP4,7/13/2018,,,0.47,,,
NGBP4,7/14/2018,,,0,,,
NGBP4,7/15/2018,,,0,,,
NGBP4,7/16/2018,,,0.53,,,
NGBP4,7/17/2018,,,0.2,,,
NGBP4,7/18/2018,,,0.13,,,
NGBP4,7/19/2018,,,0,,,
NGBP4,7/20/2018,,,0,,,
NGBP4,7/21/2018,,,0.11,,,
NGBP4,7/22/2018,,,0,,,
NGBP4,7/23/2018,,,0,,,
NGBP4,7/24/2018,,,0.8,,,
NGBP4,7/25/2018,,,0,,,
NGBP4,7/26/2018,,,0.67,,,
NGBP4,7/27/2018,,,0.21,,,
NGBP4,7/28/2018,,,0.2,,,
NGBP4,7/29/2018,,,0,,,
NGBP4,7/30/2018,,,0.1,,,
NGBP4,7/31/2018,,,0.12,,,
NGBP4,8/1/2018,,,0.2,,,
NGBP4,8/2/2018,,,0.1,,,
NGBP4,8/3/2018,,,0.08,,,
NGBP4,8/4/2018,,,0.11,,,
NGBP4,8/5/2018,,,0.09,,,
NGBP4,8/6/2018,,,3.77,,,
NGBP4,8/7/2018,,,0,,,
NGBP4,8/8/2018,,,0,,,
NGBP4,8/9/2018,,,0,,,
NGBP4,8/10/2018,,,0,,,
NGBP4,8/11/2018,,,0,,,
NGBP4,8/12/2018,,,0.1,,,
NGBP4,8/13/2018,,,0,,,
NGBP4,8/14/2018,,,0,,,
NGBP4,8/15/2018,,,0.07,,,
NGBP4,8/16/2018,,,0,,,
NGBP4,8/17/2018,,,0,,,
NGBP4,8/18/2018,,,0.1,,,
NGBP4,8/19/2018,,,0.03,,,
NGBP4,8/20/2018,,,0,,,
NGBP4,8/21/2018,,,0,,,
NGBP4,8/22/2018,,,0,,,
NGBP4,8/23/2018,,,0,,,
NGBP4,8/24/2018,,,0,,,
NGBP4,8/25/2018,,,0.09,,,
NGBP4,8/26/2018,,,0.12,,,
NGBP4,8/27/2018,,,0.37,,,
NGBP4,8/28/2018,,,0.21,,,
NGBP4,8/29/2018,,,0.65,,,
NGBP4,8/30/2018,,,2,,,
NGBP4,8/31/2018,,,1.05,,,
NGBP4,9/1/2018,,,0,,,
NGBP4,9/2/2018,,,0,,,
NGBP4,9/3/2018,,,0.45,,,
NGBP4,9/4/2018,,,1.05,,,
NGBP4,9/5/2018,,,0,,,
NGBP4,9/6/2018,,,0,,,
NGBP4,9/7/2018,,,0,,,
NGBP4,9/8/2018,,,0,,,
NGBP4,9/9/2018,,,0,,,
NGBP4,9/10/2018,,,0,,,
NGBP4,9/11/2018,,,0,,,
NGBP4,9/12/2018,,,0,,,
NGBP4,9/13/2018,,,0.4,,,
NGBP4,9/14/2018,,,1,,,
NGBP4,9/15/2018,,,0.64,,,
NGBP4,9/16/2018,,,0,,,
NGBP4,9/17/2018,,,0,,,
NGBP4,9/18/2018,,,0.13,,,
NGBP4,9/19/2018,,,0,,,
NGBP4,9/20/2018,,,0,,,
NGBP4,9/21/2018,,,0,,,
NGBP4,9/22/2018,,,0,,,
NGBP4,9/23/2018,,,0.33,,,
NGBP4,9/24/2018,,,0.21,,,
NGBP4,9/25/2018,,,1,,,
NGBP4,9/26/2018,,,0.17,,,
NGBP4,9/27/2018,,,0,,,
NGBP4,9/28/2018,,,0.2,,,
NGBP4,9/29/2018,,,0.12,,,
NGBP4,9/30/2018,,,0,,,
NGBP4,10/1/2018,,,0.41,,,
NGBP4,10/2/2018,,,0.27,,,
NGBP4,10/3/2018,,,0.42,,,
NGBP4,10/4/2018,,,0.2,,,
NGBP4,10/5/2018,,,0.43,,,
NGBP4,10/6/2018,,,2.3,,,
NGBP4,10/7/2018,,,0.51,,,
NGBP4,10/8/2018,,,0.42,,,
NGBP4,10/9/2018,,,1.58,,,
NGBP4,10/10/2018,,,0.22,,,
NGBP4,10/11/2018,,,0.49,,,
NGBP4,10/12/2018,,,0.17,,,
NGBP4,10/13/2018,,,0.23,,,
NGBP4,10/14/2018,,,1.01,,,
NGBP4,10/15/2018,,,1.3,,,
NGBP4,10/16/2018,,,0.78,,,
NGBP4,10/17/2018,,,0.58,,,
NGBP4,10/18/2018,,,0.21,,,
NGBP4,10/19/2018,,,0.48,,,
NGBP4,10/20/2018,,,0.3,,,
NGBP4,10/21/2018,,,0.15,,,
NGBP4,10/22/2018,,,0.18,,,
NGBP4,10/23/2018,,,0,,,
NGBP4,10/24/2018,,,0,,,
NGBP4,10/25/2018,,,0,,,
NGBP4,10/26/2018,,,0,,,
NGBP4,10/27/2018,,,0,,,
NGBP4,10/28/2018,,,0,,,
NGBP4,10/29/2018,,,0,,,
NGBP4,10/30/2018,,,0.41,,,
NGBP4,10/31/2018,,,0,,,
NGBP4,11/1/2018,,,0,,,
NGBP4,11/2/2018,,,0.11,,,
NGBP4,11/3/2018,,,0,,,
NGBP4,11/4/2018,,,2.9,,,
NGBP4,11/5/2018,,,1,,,
NGBP4,11/13/2018,,,2.06,,,
NGBP4,12/1/2018,,,0.1,,,
NGBP4,12/2/2018,,,0,,,
NGBP4,12/3/2018,,,0,,,
NGBP4,12/4/2018,,,0,,,
NGBP4,12/5/2018,,,0,,,
NGBP4,12/6/2018,,,0.18,,,
NGBP4,12/7/2018,,,0.09,,,
NGBP4,12/8/2018,,,0.9,,,
NGBP4,12/9/2018,,,0.42,,,
NGBP4,12/10/2018,,,0.27,,,
NGBP4,12/11/2018,,,0.19,,,
NGBP4,12/12/2018,,,0.81,,,
NGBP4,12/13/2018,,,0.29,,,
NGBP4,12/14/2018,,,0.21,,,
NGBP4,12/15/2018,,,0.12,,,
NGBP4,12/16/2018,,,0,,,
NGBP4,12/17/2018,,,0,,,
NGBP4,12/18/2018,,,0,,,
NGBP4,12/19/2018,,,0.27,,,
NGBP4,12/20/2018,,,0.19,,,
NGBP4,12/21/2018,,,0.09,,,
NGBP4,12/22/2018,,,0.29,,,
NGBP4,12/23/2018,,,0.42,,,
NGBP4,12/24/2018,,,0,,,
NGBP4,12/25/2018,,,2,,,
NGBP4,12/26/2018,,,0,,,
NGBP4,12/27/2018,,,0,,,
NGBP4,12/28/2018,,,0.42,,,
NGBP4,12/29/2018,,,0.18,,,
NGBP4,12/30/2018,,,0,,,
NGBP4,12/31/2018,,,0,,,
NGBP4,1/1/2019,,,0,,,
NGBP4,1/2/2019,,,0.21,,,
NGBP4,1/3/2019,,,0,,,
NGBP4,1/4/2019,,,0.09,,,
NGBP4,1/5/2019,,,0,,,
NGBP4,1/6/2019,,,0,,,
NGBP4,1/7/2019,,,0,,,
NGBP4,1/8/2019,,,0.13,,,
NGBP4,1/9/2019,,,0,,,
NGBP4,1/10/2019,,,0.17,,,
NGBP4,1/11/2019,,,0,,,
NGBP4,1/12/2019,,,0,,,
NGBP4,1/13/2019,,,0,,,
NGBP4,1/14/2019,,,0,,,
NGBP4,1/15/2019,,,1,,,
NGBP4,1/16/2019,,,0.23,,,
NGBP4,1/17/2019,,,0.67,,,
NGBP4,1/18/2019,,,1.2,,,
NGBP4,1/19/2019,,,0,,,
NGBP4,1/20/2019,,,0,,,
NGBP4,1/21/2019,,,0.09,,,
NGBP4,1/22/2019,,,1.15,,,
NGBP4,1/23/2019,,,0.47,,,
NGBP4,1/24/2019,,,0.3,,,
NGBP4,1/25/2019,,,0.25,,,
NGBP4,1/26/2019,,,0.29,,,
NGBP4,1/27/2019,,,0,,,
NGBP4,1/28/2019,,,0,,,
NGBP4,1/29/2019,,,0,,,
NGBP4,1/30/2019,,,0,,,
NGBP4,1/31/2019,,,0.07,,,
NGBP4,2/10/2019,,,0.98,,,
NGBP4,2/11/2019,,,0.15,,,
NGBP4,2/12/2019,,,0.15,,,
NGBP4,2/13/2019,,,0.18,,,
NGBP4,2/14/2019,,,0.31,,,
NGBP4,2/15/2019,,,0.09,,,
NGBP4,2/16/2019,,,0.12,,,
NGBP4,2/17/2019,,,0,,,
NGBP4,2/18/2019,,,0.09,,,
NGBP4,2/19/2019,,,0,,,
NGBP4,2/20/2019,,,0.17,,,
NGBP4,2/21/2019,,,0,,,
NGBP4,2/22/2019,,,0.11,,,
NGBP4,2/23/2019,,,0.04,,,
NGBP4,2/24/2019,,,0,,,
NGBP4,2/25/2019,,,0.14,,,
NGBP4,2/26/2019,,,0,,,
NGBP4,2/27/2019,,,0.09,,,
NGBP4,2/28/2019,,,0.12,,,
NGBP4,3/1/2019,,,0.18,,,
NGBP4,3/2/2019,,,0,,,
NGBP4,3/3/2019,,,0.08,,,
NGBP4,3/4/2019,,,0.06,,,
NGBP4,3/5/2019,,,0,,,
NGBP4,3/6/2019,,,0,,,
NGBP4,3/7/2019,,,0,,,
NGBP4,3/8/2019,,,0,,,
NGBP4,3/9/2019,,,0.9,,,
NGBP4,3/10/2019,,,0.11,,,
NGBP4,3/11/2019,,,0.18,,,
NGBP4,3/12/2019,,,0,,,
NGBP4,3/13/2019,,,0.93,,,
NGBP4,3/14/2019,,,0,,,
NGBP4,3/15/2019,,,0,,,
NGBP4,3/16/2019,,,0,,,
NGBP4,3/17/2019,,,0.1,,,
NGBP4,3/18/2019,,,0,,,
NGBP4,3/19/2019,,,0,,,
NGBP4,3/20/2019,,,0,,,
NGBP4,3/21/2019,,,0,,,
NGBP4,3/22/2019,,,0.14,,,
NGBP4,3/30/2019,,,0,,,
NGBP4,3/31/2019,,,0,,,
NGBP4,4/1/2019,,,0,,,
NGBP4,4/2/2019,,,0.29,,,
NGBP4,4/3/2019,,,0,,,
NGBP4,4/4/2019,,,0,,,
NGBP4,4/5/2019,,,0.17,,,
NGBP4,4/6/2019,,,0,,,
NGBP4,4/7/2019,,,0,,,
NGBP4,4/8/2019,,,0.41,,,
NGBP4,4/9/2019,,,0,,,
NGBP4,4/10/2019,,,0,,,
NGBP4,4/11/2019,,,0.54,,,
NGBP4,4/12/2019,,,0.18,,,
NGBP4,4/13/2019,,,0,,,
NGBP4,4/14/2019,,,0,,,
NGBP4,4/15/2019,,,0,,,
NGBP4,4/16/2019,,,0.18,,,
NGBP4,4/17/2019,,,0.14,,,
NGBP4,4/18/2019,,,0.21,,,
NGBP4,4/19/2019,,,0.45,,,
NGBP4,4/20/2019,,,0,,,
NGBP4,4/21/2019,,,0.14,,,
NGBP4,4/22/2019,,,0.18,,,
NGBP4,4/23/2019,,,0.34,,,
NGBP4,4/24/2019,,,0.18,,,
NGBP4,4/25/2019,,,0.19,,,
NGBP4,4/26/2019,,,0.21,,,
NGBP4,4/27/2019,,,0,,,
NGBP4,4/28/2019,,,4.4,,,
NGBP4,4/29/2019,,,0.37,,,
NGBP4,4/30/2019,,,0.17,,,
NGBP4,5/1/2019,,,0.19,,,
NGBP4,5/2/2019,,,0.27,,,
NGBP4,5/3/2019,,,0,,,
NGBP4,5/4/2019,,,0.12,,,
NGBP4,5/5/2019,,,0.17,,,
NGBP4,5/6/2019,,,0.13,,,
NGBP4,5/7/2019,,,0.18,,,
NGBP4,5/8/2019,,,0.09,,,
NGBP4,5/9/2019,,,0.15,,,
NGBP4,5/10/2019,,,0.37,,,
NGBP4,5/11/2019,,,0.56,,,
NGBP4,5/12/2019,,,1,,,
NGBP4,5/13/2019,,,0.11,,,
NGBP4,5/14/2019,,,0.07,,,
NGBP4,5/15/2019,,,0.17,,,
NGBP4,5/16/2019,,,0,,,
NGBP4,5/17/2019,,,0,,,
NGBP4,5/18/2019,,,0,,,
NGBP4,5/19/2019,,,0.49,,,
NGBP4,5/20/2019,,,0.67,,,
NGBP4,5/21/2019,,,0.17,,,
NGBP4,5/22/2019,,,0,,,
NGBP4,5/23/2019,,,0.37,,,
NGBP4,5/24/2019,,,1.84,,,
NGBP4,5/25/2019,,,0.37,,,
NGBP4,5/26/2019,,,0,,,
NGBP4,5/27/2019,,,0.48,,,
NGBP4,5/28/2019,,,1.38,,,
NGBP4,5/29/2019,,,0.62,,,
NGBP4,5/30/2019,,,2.8,,,
NGBP4,5/31/2019,,,0.47,,,
NGBP4,6/1/2019,,,0,,,
NGBP4,6/2/2019,,,0.4,,,
NGBP4,6/3/2019,,,0,,,
NGBP4,6/4/2019,,,0,,,
NGBP4,6/5/2019,,,0,,,
NGBP4,6/6/2019,,,0,,,
NGBP4,6/7/2019,,,0,,,
NGBP4,6/8/2019,,,3.2,,,
NGBP4,6/9/2019,,,0,,,
NGBP4,6/10/2019,,,0,,,
NGBP4,6/11/2019,,,0,,,
NGBP4,6/12/2019,,,0.49,,,
NGBP4,6/13/2019,,,0.27,,,
NGBP4,6/14/2019,,,0.19,,,
NGBP4,6/15/2019,,,0.52,,,
NGBP4,6/16/2019,,,0,,,
NGBP4,6/17/2019,,,0,,,
NGBP4,6/18/2019,,,0.18,,,
NGBP4,6/19/2019,,,0,,,
NGBP4,6/20/2019,,,0,,,
NGBP4,6/21/2019,,,0,,,
NGBP4,6/22/2019,,,0,,,
NGBP4,6/23/2019,,,0,,,
NGBP4,6/24/2019,,,0,,,
NGBP4,6/25/2019,,,0,,,
NGBP4,6/26/2019,,,0.12,,,
NGBP4,6/27/2019,,,0,,,
NGBP4,6/28/2019,,,0.17,,,
NGBP4,6/29/2019,,,0,,,
NGBP4,6/30/2019,,,0,,,
NGBP4,7/1/2019,,,0,,,
NGBP4,7/2/2019,,,0,,,
NGBP4,7/3/2019,,,0,,,
NGBP4,7/4/2019,,,0,,,
NGBP4,7/5/2019,,,0.21,,,
NGBP4,7/6/2019,,,0,,,
NGBP4,7/7/2019,,,0.11,,,
NGBP4,7/8/2019,,,0,,,
NGBP4,7/9/2019,,,0,,,
NGBP4,7/10/2019,,,0.34,,,
NGBP4,7/11/2019,,,0.17,,,
NGBP4,7/12/2019,,,0.09,,,
NGBP4,7/13/2019,,,0.15,,,
NGBP4,7/14/2019,,,0.37,,,
NGBP4,7/15/2019,,,0,,,
NGBP4,7/16/2019,,,0.31,,,
NGBP4,7/17/2019,,,0,,,
NGBP4,7/18/2019,,,0,,,
NGBP4,7/19/2019,,,0,,,
NGBP4,7/20/2019,,,1.85,,,
NGBP4,7/21/2019,,,0.15,,,
NGBP4,7/22/2019,,,0,,,
NGBP4,7/23/2019,,,0,,,
NGBP4,7/24/2019,,,0,,,
NGBP4,7/26/2019,,,1.15,,,
NGBP4,7/27/2019,,,0.18,,,
NGBP4,7/28/2019,,,4.5,,,
NGBP4,7/29/2019,,,2,,,
NGBP4,7/30/2019,,,2.35,,,
NGBP4,8/2/2019,,,0.18,,,
NGBP4,8/3/2019,,,0,,,
NGBP4,8/4/2019,,,0.12,,,
NGBP4,8/5/2019,,,0.17,,,
NGBP4,8/6/2019,,,0,,,
NGBP4,8/7/2019,,,0,,,
NGBP4,8/8/2019,,,0.27,,,
NGBP4,8/9/2019,,,0.39,,,
NGBP4,8/10/2019,,,0.39,,,
NGBP4,8/11/2019,,,0.17,,,
NGBP4,8/12/2019,,,0.21,,,
NGBP4,8/13/2019,,,0.07,,,
NGBP4,8/14/2019,,,0,,,
NGBP4,8/15/2019,,,0,,,
NGBP4,8/16/2019,,,0,,,
NGBP4,8/17/2019,,,1.32,,,
NGBP4,8/18/2019,,,0.43,,,
NGBP4,8/19/2019,,,0,,,
NGBP4,8/20/2019,,,0,,,
NGBP4,8/21/2019,,,0,,,
NGBP4,8/22/2019,,,0,,,
NGBP4,8/23/2019,,,1.63,,,
NGBP4,8/24/2019,,,0,,,
NGBP4,8/25/2019,,,0.37,,,
NGBP4,8/26/2019,,,0,,,
NGBP4,8/27/2019,,,0,,,
NGBP4,8/28/2019,,,0,,,
NGBP4,8/29/2019,,,0.59,,,
NGBP4,8/30/2019,,,3.07,,,
NGBP4,8/31/2019,,,0,,,
NGBP4,9/1/2019,,,0.37,,,
NGBP4,9/2/2019,,,0,,,
NGBP4,9/3/2019,,,0.42,,,
NGBP4,9/4/2019,,,0,,,
NGBP4,9/5/2019,,,0,,,
NGBP4,9/6/2019,,,0.87,,,
NGBP4,9/7/2019,,,2.3,,,
NGBP4,9/8/2019,,,1.15,,,
NGBP4,9/9/2019,,,1.27,,,
NGBP4,9/10/2019,,,0.75,,,
NGBP4,9/11/2019,,,0,,,
NGBP4,9/12/2019,,,0.39,,,
NGBP4,9/13/2019,,,0.17,,,
NGBP4,9/14/2019,,,0.37,,,
NGBP4,9/15/2019,,,0.31,,,
NGBP4,9/16/2019,,,0.21,,,
NGBP4,9/17/2019,,,0.42,,,
NGBP4,9/18/2019,,,0.07,,,
NGBP4,9/19/2019,,,0,,,
NGBP4,9/20/2019,,,0,,,
NGBP4,9/21/2019,,,0,,,
NGBP4,9/22/2019,,,0,,,
NGBP4,9/23/2019,,,0.57,,,
NGBP4,9/24/2019,,,0.15,,,
NGBP4,9/25/2019,,,0,,,
NGBP4,9/26/2019,,,0.16,,,
NGBP4,9/27/2019,,,0,,,
NGBP4,9/28/2019,,,0.12,,,
NGBP4,9/29/2019,,,0.53,,,
NGBP4,9/30/2019,,,0,,,
NGBP4,10/1/2019,,,0,,,
NGBP4,10/2/2019,,,0,,,
NGBP4,10/3/2019,,,0,,,
NGBP4,10/4/2019,,,0,,,
NGBP4,10/5/2019,,,0.17,,,
NGBP4,10/6/2019,,,0.44,,,
NGBP4,10/7/2019,,,0,,,
NGBP4,10/8/2019,,,0,,,
NGBP4,10/9/2019,,,0,,,
NGBP4,10/10/2019,,,0,,,
NGBP4,10/11/2019,,,0.07,,,
NGBP4,10/12/2019,,,0.66,,,
NGBP4,10/13/2019,,,0,,,
NGBP4,10/14/2019,,,0.43,,,
NGBP4,10/15/2019,,,1.24,,,
NGBP4,10/16/2019,,,0.09,,,
NGBP4,10/17/2019,,,0,,,
NGBP4,10/18/2019,,,0.1,,,
NGBP4,10/19/2019,,,0.25,,,
NGBP4,10/20/2019,,,0.37,,,
NGBP4,10/21/2019,,,0.69,,,
NGBP4,10/22/2019,,,0.49,,,
NGBP4,10/23/2019,,,0.9,,,
NGBP4,10/24/2019,,,1,,,
NGBP4,10/25/2019,,,1.2,,,
NGBP4,10/26/2019,,,0.45,,,
NGBP4,10/27/2019,,,0,,,
NGBP4,10/28/2019,,,0,,,
NGBP4,10/29/2019,,,0.41,,,
NGBP4,10/30/2019,,,0.37,,,
NGBP4,10/31/2019,,,0,,,
NGBP4,11/1/2019,,,0,,,
NGBP4,11/2/2019,,,0.17,,,
NGBP4,11/3/2019,,,0,,,
NGBP4,11/4/2019,,,0.42,,,
NGBP4,11/5/2019,,,0.75,,,
NGBP4,11/6/2019,,,0.18,,,
NGBP4,11/7/2019,,,0,,,
NGBP4,11/8/2019,,,1.52,,,
NGBP4,11/9/2019,,,1.75,,,
NGBP4,11/10/2019,,,0.78,,,
NGBP4,11/11/2019,,,0.32,,,
NGBP4,11/12/2019,,,0.09,,,
NGBP4,11/13/2019,,,0.42,,,
NGBP4,11/14/2019,,,0.18,,,
NGBP4,11/15/2019,,,0.09,,,
NGBP4,11/16/2019,,,0,,,
NGBP4,11/17/2019,,,0,,,
NGBP4,11/18/2019,,,0.12,,,
NGBP4,11/19/2019,,,0,,,
NGBP4,11/20/2019,,,0,,,
NGBP4,11/21/2019,,,0,,,
NGBP4,11/22/2019,,,3,,,
NGBP4,11/23/2019,,,0.17,,,
NGBP4,11/24/2019,,,0,,,
NGBP4,11/25/2019,,,0.32,,,
NGBP4,11/26/2019,,,0,,,
NGBP4,11/27/2019,,,0,,,
NGBP4,11/28/2019,,,0,,,
NGBP4,11/29/2019,,,0,,,
NGBP4,11/30/2019,,,0.27,,,
NGBP4,12/1/2019,,,0.78,,,
NGBP4,12/2/2019,,,1.37,,,
NGBP4,12/3/2019,,,0.21,,,
NGBP4,12/4/2019,,,0.18,,,
NGBP4,12/5/2019,,,0.21,,,
NGBP4,12/6/2019,,,0.17,,,
NGBP4,12/7/2019,,,0.29,,,
NGBP4,12/8/2019,,,0.03,,,
NGBP4,12/9/2019,,,0.24,,,
NGBP4,12/10/2019,,,0.46,,,
NGBP4,12/11/2019,,,0.23,,,
NGBP4,12/12/2019,,,0.67,,,
NGBP4,12/13/2019,,,0.71,,,
NGBP4,12/14/2019,,,1.31,,,
NGBP4,12/15/2019,,,0.58,,,
NGBP4,12/16/2019,,,0.84,,,
NGBP4,12/17/2019,,,0.34,,,
NGBP4,12/18/2019,,,0.39,,,
NGBP4,12/19/2019,,,0,,,
NGBP4,12/20/2019,,,0,,,
NGBP4,12/21/2019,,,0.17,,,
NGBP4,12/22/2019,,,0.21,,,
NGBP4,12/23/2019,,,0.32,,,
NGBP4,12/24/2019,,,0,,,
NGBP4,12/25/2019,,,0,,,
NGBP4,12/26/2019,,,,,,
NGBP4,12/27/2019,,,,,,
NGBP4,12/28/2019,,,,,,
NGBP4,12/29/2019,,,,,,
NGBP4,12/30/2019,,,,,,
NGBP4,12/31/2019,,,,,,
NGBP4,1/1/2020,,,0.17,,,
NGBP4,1/2/2020,,,0.24,,,
NGBP4,1/3/2020,,,0.37,,,
NGBP4,1/4/2020,,,0.52,,,
NGBP4,1/5/2020,,,0.37,,,
NGBP4,1/6/2020,,,0.35,,,
NGBP4,1/7/2020,,,0.21,,,
NGBP4,1/8/2020,,,0.43,,,
NGBP4,1/9/2020,,,,,,
NGBP4,1/10/2020,,,,,,
NGBP4,1/11/2020,,,,,,
NGBP4,1/12/2020,,,,,,
NGBP4,1/13/2020,,,,,,
NGBP4,1/14/2020,,,,,,
NGBP4,1/15/2020,,,,,,
NGBP4,1/16/2020,,,,,,
NGBP4,1/17/2020,,,,,,
NGBP4,1/18/2020,,,,,,
NGBP4,1/19/2020,,,,,,
NGBP4,1/20/2020,,,,,,
NGBP4,1/21/2020,,,,,,
NGBP4,1/22/2020,,,,,,
NGBP4,1/23/2020,,,,,,
NGBP4,1/24/2020,,,0.02,,,
NGBP4,1/25/2020,,,0.07,,,
NGBP4,1/26/2020,,,0.09,,,
NGBP4,1/27/2020,,,0,,,
NGBP4,1/28/2020,,,0,,,
NGBP4,1/29/2020,,,0,,,
NGBP4,1/30/2020,,,0.47,,,
NGBP4,1/31/2020,,,0.18,,,
NGBP4,2/1/2020,,,0,,,
NGBP4,2/2/2020,,,0,,,
NGBP4,2/3/2020,,,0,,,
NGBP4,2/4/2020,,,0.31,,,
NGBP4,2/5/2020,,,0.42,,,
NGBP4,2/6/2020,,,0.09,,,
NGBP4,2/7/2020,,,0.18,,,
NGBP4,2/8/2020,,,0.35,,,
NGBP4,2/9/2020,,,0.22,,,
NGBP4,2/10/2020,,,0.16,,,
NGBP4,2/11/2020,,,0.08,,,
NGBP4,2/12/2020,,,0.11,,,
NGBP4,2/13/2020,,,0.18,,,
NGBP4,2/14/2020,,,0,,,
NGBP4,2/15/2020,,,2.31,,,
NGBP4,2/16/2020,,,0.21,,,
NGBP4,2/17/2020,,,0,,,
NGBP4,2/18/2020,,,0,,,
NGBP4,2/19/2020,,,0.34,,,
NGBP4,2/20/2020,,,0.09,,,
NGBP4,2/21/2020,,,0,,,
NGBP4,2/22/2020,,,0,,,
NGBP4,2/23/2020,,,0,,,
NGBP4,2/24/2020,,,1.94,,,
NGBP4,2/25/2020,,,1.09,,,
NGBP4,2/26/2020,,,0.18,,,
NGBP4,2/27/2020,,,0,,,
NGBP4,2/28/2020,,,0,,,
NGBP4,2/29/2020,,,1.14,,,
NGBP4,3/1/2020,,,0.78,,,
NGBP4,3/2/2020,,,0.36,,,
NGBP4,3/3/2020,,,0.41,,,
NGBP4,3/4/2020,,,0,,,
NGBP4,3/5/2020,,,0,,,
NGBP4,3/6/2020,,,0,,,
NGBP4,3/7/2020,,,0.19,,,
NGBP4,3/8/2020,,,0,,,
NGBP4,3/9/2020,,,0.52,,,
NGBP4,3/10/2020,,,0.08,,,
NGBP4,3/11/2020,,,0,,,
NGBP4,3/12/2020,,,0,,,
NGBP4,3/13/2020,,,0.17,,,
NGBP4,3/14/2020,,,0.27,,,
NGBP4,3/15/2020,,,0.31,,,
NGBP4,3/16/2020,,,0,,,
NGBP4,3/17/2020,,,0.44,,,
NGBP4,3/18/2020,,,0.17,,,
NGBP4,3/19/2020,,,,,,
NGBP4,3/20/2020,,,,,,
NGBP4,3/21/2020,,,0,,,
NGBP4,3/22/2020,,,0,,,
NGBP4,3/23/2020,,,,,,
NGBP4,3/24/2020,,,,,,
NGBP4,3/25/2020,,,2,,,
NGBP4,3/26/2020,,,0,,,
NGBP4,3/27/2020,,,0.0001,,,
NGBP4,3/28/2020,,,0,,,
NGBP4,3/29/2020,,,0,,,
NGBP4,3/30/2020,,,0,,,
NGBP4,3/31/2020,,,0,,,
NGBP4,4/1/2020,,,0,,,
NGBP4,4/2/2020,,,0,,,
NGBP4,4/3/2020,,,0,,,
NGBP4,4/4/2020,,,0,,,
NGBP4,4/5/2020,,,0,,,
NGBP4,4/6/2020,,,0,,,
NGBP4,4/7/2020,,,0,,,
NGBP4,4/8/2020,,,4,,,
NGBP4,4/9/2020,,,0,,,
NGBP4,4/10/2020,,,0,,,
NGBP4,4/11/2020,,,0,,,
NGBP4,4/12/2020,,,0,,,
NGBP4,4/13/2020,,,0,,,
NGBP4,4/14/2020,,,0,,,
NGBP4,4/15/2020,,,0.83,,,
NGBP4,4/16/2020,,,0.42,,,
NGBP4,4/17/2020,,,0.07,,,
NGBP4,4/18/2020,,,0,,,
NGBP4,4/19/2020,,,0,,,
NGBP4,4/20/2020,,,0.15,,,
NGBP4,4/21/2020,,,0.07,,,
NGBP4,4/22/2020,,,0,,,
NGBP4,4/23/2020,,,0,,,
NGBP4,4/24/2020,,,0,,,
NGBP4,4/25/2020,,,0,,,
NGBP4,4/26/2020,,,0,,,
NGBP4,4/27/2020,,,0,,,
NGBP4,4/28/2020,,,0.12,,,
NGBP4,4/29/2020,,,0.33,,,
NGBP4,4/30/2020,,,0.51,,,
NGBP4,5/1/2020,,,0.42,,,
NGBP4,5/2/2020,,,0.14,,,
NGBP4,5/3/2020,,,0.06,,,
NGBP4,5/4/2020,,,0.25,,,
NGBP4,5/5/2020,,,0.75,,,
NGBP4,5/6/2020,,,0.31,,,
NGBP4,5/7/2020,,,0.17,,,
NGBP4,5/8/2020,,,0.23,,,
NGBP4,5/9/2020,,,0,,,
NGBP4,5/10/2020,,,0,,,
NGBP4,5/11/2020,,,0.17,,,
NGBP4,5/12/2020,,,0.42,,,
NGBP4,5/13/2020,,,0.09,,,
NGBP4,5/14/2020,,,0,,,
NGBP4,5/15/2020,,,0.57,,,
NGBP4,5/16/2020,,,0,,,
NGBP4,5/17/2020,,,0,,,
NGBP4,5/18/2020,,,0.27,,,
NGBP4,5/19/2020,,,0.24,,,
NGBP4,5/20/2020,,,0.36,,,
NGBP4,5/21/2020,,,0,,,
NGBP4,5/22/2020,,,0,,,
NGBP4,5/23/2020,,,0,,,
NGBP4,5/24/2020,,,0,,,
NGBP4,5/25/2020,,,0,,,
NGBP4,5/26/2020,,,0.09,,,
NGBP4,5/27/2020,,,0,,,
NGBP4,5/28/2020,,,0.12,,,
NGBP4,5/29/2020,,,1.46,,,
NGBP4,5/30/2020,,,0,,,
NGBP4,5/31/2020,,,0,,,
NGBP4,6/1/2020,,,0,,,
NGBP4,6/2/2020,,,0.05,,,
NGBP4,6/3/2020,,,0,,,
NGBP4,6/4/2020,,,0,,,
NGBP4,6/5/2020,,,0,,,
NGBP4,6/6/2020,,,0,,,
NGBP4,6/7/2020,,,0,,,
NGBP4,6/8/2020,,,1.49,,,
NGBP4,6/9/2020,,,0,,,
NGBP4,6/10/2020,,,0,,,
NGBP4,6/11/2020,,,0,,,
NGBP4,6/12/2020,,,0.19,,,
NGBP4,6/13/2020,,,0,,,
NGBP4,6/14/2020,,,0,,,
NGBP4,6/15/2020,,,0,,,
NGBP4,6/16/2020,,,0,,,
NGBP4,6/17/2020,,,0.32,,,
NGBP4,6/18/2020,,,0.13,,,
NGBP4,6/19/2020,,,0.42,,,
NGBP4,6/20/2020,,,0,,,
NGBP4,6/21/2020,,,0,,,
NGBP4,6/22/2020,,,0,,,
NGBP4,6/23/2020,,,0.07,,,
NGBP4,6/24/2020,,,0,,,
NGBP4,6/25/2020,,,0,,,
NGBP4,6/26/2020,,,0.19,,,
NGBP4,6/27/2020,,,0,,,
NGBP4,6/28/2020,,,0,,,
NGBP4,6/29/2020,,,0.97,,,
NGBP4,6/30/2020,,,1,,,
NGBP4,7/1/2020,,,0,,,
NGBP4,7/2/2020,,,0,,,
NGBP4,7/3/2020,,,0,,,
NGBP4,7/4/2020,,,0,,,
NGBP4,7/5/2020,,,0,,,
NGBP4,7/6/2020,,,0.79,,,
NGBP4,7/7/2020,,,0.22,,,
NGBP4,7/8/2020,,,0,,,
NGBP4,7/9/2020,,,0,,,
NGBP4,7/10/2020,,,0,,,
NGBP4,7/11/2020,,,0,,,
NGBP4,7/12/2020,,,0,,,
NGBP4,7/13/2020,,,1.32,,,
NGBP4,7/14/2020,,,0.54,,,
NGBP4,7/15/2020,,,0,,,
NGBP4,7/16/2020,,,0.57,,,
NGBP4,7/17/2020,,,0.21,,,
NGBP4,7/18/2020,,,0,,,
NGBP4,7/19/2020,,,0.09,,,
NGBP4,7/20/2020,,,0,,,
NGBP4,7/21/2020,,,0.34,,,
NGBP4,7/22/2020,,,0.49,,,
NGBP4,7/23/2020,,,0.38,,,
NGBP4,7/24/2020,,,0.92,,,
NGBP4,7/25/2020,,,0,,,
NGBP4,7/26/2020,,,0,,,
NGBP4,7/27/2020,,,0,,,
NGBP4,7/28/2020,,,0,,,
NGBP4,7/29/2020,,,0.76,,,
NGBP4,7/30/2020,,,3.18,,,
NGBP4,7/31/2020,,,0,,,
NGBP4,8/1/2020,,,0,,,
NGBP4,8/2/2020,,,0,,,
NGBP4,8/3/2020,,,0,,,
NGBP4,8/4/2020,,,0,,,
NGBP4,8/5/2020,,,0,,,
NGBP4,8/6/2020,,,0.11,,,
NGBP4,8/7/2020,,,0,,,
NGBP4,8/8/2020,,,0,,,
NGBP4,8/9/2020,,,0,,,
NGBP4,8/10/2020,,,0,,,
NGBP4,8/11/2020,,,0,,,
NGBP4,8/12/2020,,,0.76,,,
NGBP4,8/13/2020,,,0,,,
NGBP4,8/14/2020,,,0,,,
NGBP4,8/15/2020,,,0,,,
NGBP4,8/16/2020,,,0,,,
NGBP4,8/17/2020,,,0.12,,,
NGBP4,8/18/2020,,,0,,,
NGBP4,8/19/2020,,,0,,,
NGBP4,8/20/2020,,,0,,,
NGBP4,8/21/2020,,,0,,,
NGBP4,8/22/2020,,,3.17,,,
NGBP4,8/23/2020,,,0.0001,,,
NGBP4,8/24/2020,,,0.08,,,
NGBP4,8/25/2020,,,0,,,
NGBP4,8/26/2020,,,0,,,
NGBP4,8/27/2020,,,0,,,
NGBP4,8/28/2020,,,0.17,,,
NGBP4,8/29/2020,,,0.12,,,
NGBP4,8/30/2020,,,0,,,
NGBP4,8/31/2020,,,0.23,,,
NGBP4,9/1/2020,,,0.4,,,
NGBP4,9/2/2020,,,0.32,,,
NGBP4,9/3/2020,,,0.16,,,
NGBP4,9/4/2020,,,0.67,,,
NGBP4,9/5/2020,,,0,,,
NGBP4,9/6/2020,,,0,,,
NGBP4,9/7/2020,,,0,,,
NGBP4,9/8/2020,,,2.34,,,
NGBP4,9/9/2020,,,0.07,,,
NGBP4,9/10/2020,,,0.18,,,
NGBP4,9/11/2020,,,0.14,,,
NGBP4,9/12/2020,,,0.25,,,
NGBP4,9/13/2020,,,0.09,,,
NGBP4,9/14/2020,,,0.38,,,
NGBP4,9/15/2020,,,0.8,,,
NGBP4,9/16/2020,,,0.15,,,
NGBP4,9/17/2020,,,0.24,,,
NGBP4,9/18/2020,,,0.09,,,
NGBP4,9/19/2020,,,0.08,,,
NGBP4,9/20/2020,,,0.89,,,
NGBP4,9/21/2020,,,0,,,
NGBP4,9/22/2020,,,0.03,,,
NGBP4,9/23/2020,,,0,,,
NGBP4,9/24/2020,,,0,,,
NGBP4,9/25/2020,,,0,,,
NGBP4,9/26/2020,,,0,,,
NGBP4,9/27/2020,,,0.51,,,
NGBP4,9/28/2020,,,0.86,,,
NGBP4,9/29/2020,,,0.17,,,
NGBP4,9/30/2020,,,0.09,,,
NGBP4,10/1/2020,,,0.58,,,
NGBP4,10/2/2020,,,1.34,,,
NGBP4,10/3/2020,,,0.47,,,
NGBP4,10/4/2020,,,0.91,,,
NGBP4,10/5/2020,,,1.32,,,
NGBP4,10/6/2020,,,0.37,,,
NGBP4,10/7/2020,,,0.41,,,
NGBP4,10/8/2020,,,0.07,,,
NGBP4,10/9/2020,,,0.97,,,
NGBP4,10/10/2020,,,0.14,,,
NGBP4,10/11/2020,,,0,,,
NGBP4,10/12/2020,,,0.09,,,
NGBP4,10/13/2020,,,0,,,
NGBP4,10/14/2020,,,0.07,,,
NGBP4,10/15/2020,,,0.21,,,
NGBP4,10/16/2020,,,1.72,,,
NGBP4,10/17/2020,,,0.39,,,
NGBP4,10/18/2020,,,2.21,,,
NGBP4,10/19/2020,,,0,,,
NGBP4,10/20/2020,,,0.13,,,
NGBP4,10/21/2020,,,0.18,,,
NGBP4,10/22/2020,,,0,,,
NGBP4,10/23/2020,,,0.21,,,
NGBP4,10/24/2020,,,0.17,,,
NGBP4,10/25/2020,,,0.32,,,
NGBP4,10/26/2020,,,0,,,
NGBP4,10/27/2020,,,0,,,
NGBP4,10/28/2020,,,0.09,,,
NGBP4,10/29/2020,,,0.42,,,
NGBP4,10/30/2020,,,0.54,,,
NGBP4,10/31/2020,,,0.17,,,
NGBP4,11/1/2020,,,0,,,
NGBP4,11/2/2020,,,0.37,,,
NGBP4,11/3/2020,,,0,,,
NGBP4,11/4/2020,,,1.49,,,
NGBP4,11/5/2020,,,0.58,,,
NGBP4,11/6/2020,,,1.83,,,
NGBP4,11/7/2020,,,0.37,,,
NGBP4,11/8/2020,,,0.43,,,
NGBP4,11/9/2020,,,2.15,,,
NGBP4,11/10/2020,,,,,,
NGBP4,11/11/2020,,,,,,
NGBP4,11/12/2020,,,4.97,,,
NGBP4,11/13/2020,,,0.0001,,,
NGBP4,11/14/2020,,,0,,,
NGBP4,11/15/2020,,,0.27,,,
NGBP4,11/16/2020,,,0.42,,,
NGBP4,11/17/2020,,,0.23,,,
NGBP4,11/18/2020,,,0.61,,,
NGBP4,11/19/2020,,,0.22,,,
NGBP4,11/20/2020,,,0.47,,,
NGBP4,11/21/2020,,,0.96,,,
NGBP4,11/22/2020,,,0.53,,,
NGBP4,11/23/2020,,,0.31,,,
NGBP4,11/24/2020,,,0,,,
NGBP4,11/25/2020,,,0.29,,,
NGBP4,11/26/2020,,,0.24,,,
NGBP4,11/27/2020,,,0,,,
NGBP4,11/28/2020,,,0,,,
NGBP4,11/29/2020,,,0.09,,,
NGBP4,11/30/2020,,,0,,,
NGBP4,12/1/2020,,,0,,,
NGBP4,12/2/2020,,,0,,,
NGBP4,12/3/2020,,,0.5,,,
NGBP4,12/4/2020,,,0,,,
NGBP4,12/5/2020,,,0.29,,,
NGBP4,12/6/2020,,,0,,,
NGBP4,12/7/2020,,,0,,,
NGBP4,12/8/2020,,,0,,,
NGBP4,12/9/2020,,,0,,,
NGBP4,12/10/2020,,,0.19,,,
NGBP4,12/11/2020,,,0,,,
NGBP4,12/12/2020,,,0,,,
NGBP4,12/13/2020,,,0,,,
NGBP4,12/14/2020,,,0,,,
NGBP4,12/15/2020,,,0.23,,,
NGBP4,12/16/2020,,,0,,,
NGBP4,12/17/2020,,,0.87,,,
NGBP4,12/18/2020,,,0.23,,,
NGBP4,12/19/2020,,,0.61,,,
NGBP4,12/20/2020,,,0.23,,,
NGBP4,12/21/2020,,,0.09,,,
NGBP4,12/22/2020,,,0.12,,,
NGBP4,12/23/2020,,,0.17,,,
NGBP4,12/24/2020,,,0.41,,,
NGBP4,12/25/2020,,,,,,
NGBP4,12/26/2020,,,,,,
NGBP4,12/27/2020,,,0,,,
NGBP4,12/28/2020,,,0.14,,,
NGBP4,12/29/2020,,,0,,,
NGBP4,12/30/2020,,,0.23,,,
NGBP4,12/31/2020,,,0,,,
NGBP4,1/1/2021,,,0.19,,,
NGBP4,1/2/2021,,,0.07,,,
NGBP4,1/3/2021,,,0,,,
NGBP4,1/4/2021,,,0,,,
NGBP4,1/5/2021,,,0.23,,,
NGBP4,1/6/2021,,,0,,,
NGBP4,1/7/2021,,,0.09,,,
NGBP4,1/8/2021,,,0,,,
NGBP4,1/9/2021,,,0,,,
NGBP4,1/10/2021,,,0,,,
NGBP4,1/11/2021,,,0,,,
NGBP4,1/12/2021,,,0,,,
NGBP4,1/13/2021,,,0.23,,,
NGBP4,1/14/2021,,,0,,,
NGBP4,1/15/2021,,,0,,,
NGBP4,1/16/2021,,,0,,,
NGBP4,1/17/2021,,,,,,
NGBP4,1/18/2021,,,,,,
NGBP4,1/19/2021,,,,,,
NGBP4,1/20/2021,,,0.17,,,
NGBP4,1/21/2021,,,0,,,
NGBP4,1/22/2021,,,0,,,
NGBP4,1/23/2021,,,0.21,,,
NGBP4,1/24/2021,,,0,,,
NGBP4,1/25/2021,,,0,,,
NGBP4,1/26/2021,,,0,,,
NGBP4,1/27/2021,,,0,,,
NGBP4,1/28/2021,,,0,,,
NGBP4,1/29/2021,,,0,,,
NGBP4,1/30/2021,,,0.33,,,
NGBP4,1/31/2021,,,2.47,,,
NGBP4,2/1/2021,,,0.08,,,
NGBP4,2/2/2021,,,0,,,
NGBP4,2/3/2021,,,0,,,
NGBP4,2/4/2021,,,0,,,
NGBP4,2/5/2021,,,0.76,,,
NGBP4,2/6/2021,,,0.34,,,
NGBP4,2/7/2021,,,0,,,
NGBP4,2/8/2021,,,0,,,
NGBP4,2/9/2021,,,0,,,
NGBP4,2/10/2021,,,0.21,,,
NGBP4,2/11/2021,,,0.69,,,
NGBP4,2/12/2021,,,0.09,,,
NGBP4,2/13/2021,,,0,,,
NGBP4,2/14/2021,,,0,,,
NGBP4,2/15/2021,,,0.17,,,
NGBP4,2/16/2021,,,0.31,,,
NGBP4,2/17/2021,,,0.1,,,
NGBP4,2/18/2021,,,0.24,,,
NGBP4,2/19/2021,,,0,,,
NGBP4,2/20/2021,,,0,,,
NGBP4,2/21/2021,,,0.15,,,
NGBP4,2/22/2021,,,0,,,
NGBP4,2/23/2021,,,0.23,,,
NGBP4,2/24/2021,,,0,,,
NGBP4,2/25/2021,,,0,,,
NGBP4,2/26/2021,,,0,,,
NGBP4,2/27/2021,,,1.75,,,
NGBP4,2/28/2021,,,0.1,,,
NGBP4,3/1/2021,,,0.17,,,
NGBP4,3/2/2021,,,0,,,
NGBP4,3/3/2021,,,0.05,,,
NGBP4,3/4/2021,,,0,,,
NGBP4,3/5/2021,,,0,,,
NGBP4,3/6/2021,,,0,,,
NGBP4,3/7/2021,,,0,,,
NGBP4,3/8/2021,,,0.09,,,
NGBP4,3/9/2021,,,0.06,,,
NGBP4,3/10/2021,,,0,,,
NGBP4,3/11/2021,,,0,,,
NGBP4,3/12/2021,,,0.3,,,
NGBP4,3/13/2021,,,0,,,
NGBP4,3/14/2021,,,0,,,
NGBP4,3/15/2021,,,0,,,
NGBP4,3/16/2021,,,0.21,,,
NGBP4,3/17/2021,,,0.09,,,
NGBP4,3/18/2021,,,0,,,
NGBP4,3/19/2021,,,0.0001,,,
NGBP4,3/20/2021,,,0.12,,,
NGBP4,3/21/2021,,,0.07,,,
NGBP4,3/22/2021,,,0.32,,,
NGBP4,3/23/2021,,,0.17,,,
NGBP4,3/24/2021,,,0,,,
NGBP4,3/25/2021,,,0,,,
NGBP4,3/26/2021,,,0.2,,,
NGBP4,3/27/2021,,,0.75,,,
NGBP4,3/28/2021,,,0.32,,,
NGBP4,3/29/2021,,,0.21,,,
NGBP4,3/30/2021,,,0.43,,,
NGBP4,3/31/2021,,,0.81,,,
NGBP4,4/1/2021,,,0,,,
NGBP4,4/2/2021,,,0.13,,,
NGBP4,4/3/2021,,,0.72,,,
NGBP4,4/4/2021,,,0,,,
NGBP4,4/5/2021,,,0,,,
NGBP4,4/6/2021,,,0,,,
NGBP4,4/7/2021,,,0.39,,,
NGBP4,4/8/2021,,,0,,,
NGBP4,4/9/2021,,,0,,,
NGBP4,4/10/2021,,,0,,,
NGBP4,4/11/2021,,,0,,,
NGBP4,4/12/2021,,,0,,,
NGBP4,4/13/2021,,,0,,,
NGBP4,4/14/2021,,,0,,,
NGBP4,4/15/2021,,,0,,,
NGBP4,4/16/2021,,,0,,,
NGBP4,4/17/2021,,,0.57,,,
NGBP4,4/18/2021,,,0,,,
NGBP4,4/19/2021,,,0,,,
NGBP4,4/20/2021,,,0,,,
NGBP4,4/21/2021,,,0,,,
NGBP4,4/22/2021,,,0,,,
NGBP4,4/23/2021,,,0,,,
NGBP4,4/24/2021,,,0,,,
NGBP4,4/25/2021,,,0,,,
NGBP4,4/26/2021,,,0,,,
NGBP4,4/27/2021,,,0.46,,,
NGBP4,4/28/2021,,,0.38,,,
NGBP4,4/29/2021,,,0.49,,,
NGBP4,4/30/2021,,,0.84,,,
NGBP4,5/1/2021,,,0.03,,,
NGBP4,5/2/2021,,,0.09,,,
NGBP4,5/3/2021,,,0,,,
NGBP4,5/4/2021,,,0,,,
NGBP4,5/5/2021,,,0.09,,,
NGBP4,5/6/2021,,,0,,,
NGBP4,5/7/2021,,,0,,,
NGBP4,5/8/2021,,,0.26,,,
NGBP4,5/9/2021,,,0.17,,,
NGBP4,5/10/2021,,,0.48,,,
NGBP4,5/11/2021,,,0,,,
NGBP4,5/12/2021,,,0,,,
NGBP4,5/13/2021,,,0.14,,,
NGBP4,5/14/2021,,,0.31,,,
NGBP4,5/15/2021,,,0.89,,,
NGBP4,5/16/2021,,,0.05,,,
NGBP4,5/17/2021,,,0,,,
NGBP4,5/18/2021,,,0,,,
NGBP4,5/19/2021,,,0,,,
NGBP4,5/20/2021,,,0,,,
NGBP4,5/21/2021,,,0,,,
NGBP4,5/22/2021,,,0,,,
NGBP4,5/23/2021,,,5.15,,,
NGBP4,5/24/2021,,,0,,,
NGBP4,5/25/2021,,,0.05,,,
NGBP4,5/26/2021,,,0,,,
NGBP4,5/27/2021,,,0,,,
NGBP4,5/28/2021,,,0,,,
NGBP4,5/29/2021,,,0,,,
NGBP4,5/30/2021,,,0.09,,,
NGBP4,5/31/2021,,,0.41,,,
NGBP4,6/1/2021,,,0.2,,,
NGBP4,6/2/2021,,,0.11,,,
NGBP4,6/3/2021,,,0.07,,,
NGBP4,6/4/2021,,,0.02,,,
NGBP4,6/5/2021,,,0.02,,,
NGBP4,6/6/2021,,,0.81,,,
NGBP4,6/7/2021,,,0,,,
NGBP4,6/8/2021,,,0.11,,,
NGBP4,6/9/2021,,,5.21,,,
NGBP4,6/10/2021,,,0.9,,,
NGBP4,6/11/2021,,,0,,,
NGBP4,6/12/2021,,,0,,,
NGBP4,6/13/2021,,,0,,,
NGBP4,6/14/2021,,,0.07,,,
NGBP4,6/15/2021,,,0.12,,,
NGBP4,6/16/2021,,,0,,,
NGBP4,6/17/2021,,,0.29,,,
NGBP4,6/18/2021,,,0.09,,,
NGBP4,6/19/2021,,,0.39,,,
NGBP4,6/20/2021,,,0.11,,,
NGBP4,6/21/2021,,,0.65,,,
NGBP4,6/22/2021,,,0.13,,,
NGBP4,6/23/2021,,,0.09,,,
NGBP4,6/24/2021,,,0.17,,,
NGBP4,6/25/2021,,,0,,,
NGBP4,6/26/2021,,,2,,,
NGBP4,6/27/2021,,,4.21,,,
NGBP4,6/28/2021,,,0.24,,,
NGBP4,6/29/2021,,,0.12,,,
NGBP4,6/30/2021,,,0,,,
NGBP4,7/1/2021,,,0.18,,,
NGBP4,7/2/2021,,,0.85,,,
NGBP4,7/3/2021,,,0.1,,,
NGBP4,7/4/2021,,,0.07,,,
NGBP4,7/5/2021,,,0.05,,,
NGBP4,7/6/2021,,,0,,,
NGBP4,7/7/2021,,,0.2,,,
NGBP4,7/8/2021,,,0.16,,,
NGBP4,7/9/2021,,,0.13,,,
NGBP4,7/10/2021,,,0.12,,,
NGBP4,7/11/2021,,,0.43,,,
NGBP4,7/12/2021,,,0.21,,,
NGBP4,7/13/2021,,,0,,,
NGBP4,7/14/2021,,,0,,,
NGBP4,7/15/2021,,,0.07,,,
NGBP4,7/16/2021,,,0.12,,,
NGBP4,7/17/2021,,,0,,,
NGBP4,7/18/2021,,,0.21,,,
NGBP4,7/19/2021,,,0.09,,,
NGBP4,7/20/2021,,,0.4,,,
NGBP4,7/21/2021,,,0,,,
NGBP4,7/22/2021,,,0,,,
NGBP4,7/23/2021,,,0.17,,,
NGBP4,7/24/2021,,,3.27,,,
NGBP4,7/25/2021,,,1,,,
NGBP4,7/26/2021,,,0.12,,,
NGBP4,7/27/2021,,,0.07,,,
NGBP4,7/28/2021,,,0.21,,,
NGBP4,7/29/2021,,,0,,,
NGBP4,7/30/2021,,,0.13,,,
NGBP4,7/31/2021,,,0.27,,,
NGBP4,8/1/2021,,,0.14,,,
NGBP4,8/2/2021,,,0.32,,,
NGBP4,8/3/2021,,,0.18,,,
NGBP4,8/4/2021,,,0.42,,,
NGBP4,8/5/2021,,,0.16,,,
NGBP4,8/6/2021,,,0,,,
NGBP4,8/7/2021,,,0,,,
NGBP4,8/8/2021,,,0,,,
NGBP4,8/9/2021,,,0.17,,,
NGBP4,8/10/2021,,,0.21,,,
NGBP4,8/11/2021,,,0.44,,,
NGBP4,8/12/2021,,,0.09,,,
NGBP4,8/13/2021,,,0,,,
NGBP4,8/14/2021,,,0.49,,,
NGBP4,8/15/2021,,,1.92,,,
NGBP4,8/16/2021,,,0.61,,,
NGBP4,8/17/2021,,,0.19,,,
NGBP4,8/18/2021,,,0,,,
NGBP4,8/19/2021,,,0.2,,,
NGBP4,8/20/2021,,,0.12,,,
NGBP4,8/21/2021,,,0,,,
NGBP4,8/22/2021,,,0,,,
NGBP4,8/23/2021,,,0.07,,,
NGBP4,8/24/2021,,,0,,,
NGBP4,8/25/2021,,,0,,,
NGBP4,8/26/2021,,,0,,,
NGBP4,8/27/2021,,,0,,,
NGBP4,8/28/2021,,,0.15,,,
NGBP4,8/29/2021,,,0,,,
NGBP4,8/30/2021,,,0.09,,,
NGBP4,8/31/2021,,,0.14,,,
NGBP4,9/1/2021,,,0,,,
NGBP4,9/2/2021,,,0.14,,,
NGBP4,9/3/2021,,,0,,,
NGBP4,9/4/2021,,,0,,,
NGBP4,9/5/2021,,,0,,,
NGBP4,9/6/2021,,,0.07,,,
NGBP4,9/7/2021,,,0,,,
NGBP4,9/8/2021,,,0,,,
NGBP4,9/9/2021,,,0.1,,,
NGBP4,9/10/2021,,,0.12,,,
NGBP4,9/11/2021,,,0.42,,,
NGBP4,9/12/2021,,,0.17,,,
NGBP4,9/13/2021,,,0.52,,,
NGBP4,9/14/2021,,,1.69,,,
NGBP4,9/15/2021,,,1.57,,,
NGBP4,9/16/2021,,,0.43,,,
NGBP4,9/17/2021,,,0,,,
NGBP4,9/18/2021,,,0.06,,,
NGBP4,9/19/2021,,,0.49,,,
NGBP4,9/20/2021,,,0.27,,,
NGBP4,9/21/2021,,,0.15,,,
NGBP4,9/22/2021,,,0.44,,,
NGBP4,9/23/2021,,,0,,,
NGBP4,9/24/2021,,,0,,,
NGBP4,9/25/2021,,,0,,,
NGBP4,9/26/2021,,,0.15,,,
NGBP4,9/27/2021,,,0,,,
NGBP4,9/28/2021,,,0.85,,,
NGBP4,9/29/2021,,,0.31,,,
NGBP4,9/30/2021,,,0,,,
NGBP4,10/1/2021,,,1.4,,,
NGBP4,10/2/2021,,,0.61,,,
NGBP4,10/3/2021,,,0,,,
NGBP4,10/4/2021,,,0,,,
NGBP4,10/5/2021,,,0,,,
NGBP4,10/6/2021,,,0.18,,,
NGBP4,10/7/2021,,,0.23,,,
NGBP4,10/8/2021,,,0.19,,,
NGBP4,10/9/2021,,,0.21,,,
NGBP4,10/10/2021,,,0.34,,,
NGBP4,10/11/2021,,,2,,,
NGBP4,10/12/2021,,,1.51,,,
NGBP4,10/13/2021,,,0.75,,,
NGBP4,10/14/2021,,,0.31,,,
NGBP4,10/15/2021,,,0.53,,,
NGBP4,10/16/2021,,,0.32,,,
NGBP4,10/17/2021,,,0.15,,,
NGBP4,10/18/2021,,,0.27,,,
NGBP4,10/19/2021,,,0.23,,,
NGBP4,10/20/2021,,,0.82,,,
NGBP4,10/21/2021,,,1.9,,,
NGBP4,10/22/2021,,,0.41,,,
NGBP4,10/23/2021,,,0.19,,,
NGBP4,10/24/2021,,,0.81,,,
NGBP4,10/25/2021,,,0.35,,,
NGBP4,10/26/2021,,,0,,,
NGBP4,10/27/2021,,,0,,,
NGBP4,10/28/2021,,,0.74,,,
NGBP4,10/29/2021,,,0.21,,,
NGBP4,10/30/2021,,,0.01,,,
NGBP4,10/31/2021,,,0,,,
NGBP4,11/1/2021,,,0,,,
NGBP4,11/2/2021,,,0.84,,,
NGBP4,11/3/2021,,,0.22,,,
NGBP4,11/4/2021,,,0.19,,,
NGBP4,11/5/2021,,,0.13,,,
NGBP4,11/6/2021,,,0,,,
NGBP4,11/7/2021,,,0.21,,,
NGBP4,11/8/2021,,,1.07,,,
NGBP4,11/9/2021,,,0.87,,,
NGBP4,11/10/2021,,,0.42,,,
NGBP4,11/11/2021,,,0,,,
NGBP4,11/12/2021,,,0,,,
NGBP4,11/13/2021,,,0.19,,,
NGBP4,11/14/2021,,,0,,,
NGBP4,11/15/2021,,,0,,,
NGBP4,11/16/2021,,,0.47,,,
NGBP4,11/17/2021,,,0.31,,,
NGBP4,11/18/2021,,,0.24,,,
NGBP4,11/19/2021,,,0,,,
NGBP4,11/20/2021,,,0,,,
NGBP4,11/21/2021,,,0,,,
NGBP4,11/22/2021,,,0,,,
NGBP4,11/23/2021,,,0.16,,,
NGBP4,11/24/2021,,,0.97,,,
NGBP4,11/25/2021,,,0.59,,,
NGBP4,11/26/2021,,,0.42,,,
NGBP4,11/27/2021,,,0,,,
NGBP4,11/28/2021,,,0.72,,,
NGBP4,11/29/2021,,,0.52,,,
NGBP4,11/30/2021,,,0.41,,,
NGBP4,12/1/2021,,,0.71,,,
NGBP4,12/2/2021,,,0.23,,,
NGBP4,12/3/2021,,,0.18,,,
NGBP4,12/4/2021,,,0.27,,,
NGBP4,12/5/2021,,,0.31,,,
NGBP4,12/6/2021,,,0.4,,,
NGBP4,12/7/2021,,,0,,,
NGBP4,12/8/2021,,,0,,,
NGBP4,12/9/2021,,,0,,,
NGBP4,12/10/2021,,,0,,,
NGBP4,12/11/2021,,,1,,,
NGBP4,12/12/2021,,,0.13,,,
NGBP4,12/13/2021,,,0.25,,,
NGBP4,12/14/2021,,,0.31,,,
NGBP4,12/15/2021,,,0.42,,,
NGBP4,12/16/2021,,,0.87,,,
NGBP4,12/17/2021,,,0.29,,,
NGBP4,12/18/2021,,,0.15,,,
NGBP4,12/19/2021,,,0.49,,,
NGBP4,12/20/2021,,,0.31,,,
NGBP4,12/21/2021,,,0.43,,,
NGBP4,12/22/2021,,,1.25,,,
NGBP4,12/23/2021,,,0.79,,,
NGBP4,12/24/2021,,,0.42,,,
NGBP4,12/25/2021,,,0.21,,,
NGBP4,12/26/2021,,,0.11,,,
NGBP4,12/27/2021,,,0.14,,,
NGBP4,12/28/2021,,,0.09,,,
NGBP4,12/29/2021,,,0.17,,,
NGBP4,12/30/2021,,,0.1,,,
NGBP4,12/31/2021,,,0,,,
NGBP4,1/1/2022,,,0,,,
NGBP4,1/2/2022,,,0,,,
NGBP4,1/3/2022,,,0,,,
NGBP4,1/4/2022,,,0,,,
NGBP4,1/5/2022,,,0,,,
NGBP4,1/6/2022,,,0,,,
NGBP4,1/7/2022,,,0.21,,,
NGBP4,1/8/2022,,,0.48,,,
NGBP4,1/9/2022,,,0.32,,,
NGBP4,1/10/2022,,,0.74,,,
NGBP4,1/11/2022,,,0.17,,,
NGBP4,1/12/2022,,,0.21,,,
NGBP4,1/13/2022,,,0,,,
NGBP4,1/14/2022,,,0,,,
NGBP4,1/15/2022,,,0.14,,,
NGBP4,1/16/2022,,,0,,,
NGBP4,1/17/2022,,,0,,,
NGBP4,1/18/2022,,,0,,,
NGBP4,1/19/2022,,,0,,,
NGBP4,1/20/2022,,,0.07,,,
NGBP4,1/21/2022,,,0.11,,,
NGBP4,1/22/2022,,,0.14,,,
NGBP4,1/23/2022,,,0,,,
NGBP4,1/24/2022,,,0,,,
NGBP4,1/25/2022,,,0,,,
NGBP4,1/26/2022,,,0,,,
NGBP4,1/27/2022,,,0.13,,,
NGBP4,1/28/2022,,,0.09,,,
NGBP4,1/29/2022,,,,,,
NGBP4,1/30/2022,,,,,,
NGBP4,1/31/2022,,,,,,
NGBP4,2/1/2022,,,0,,,
NGBP4,2/2/2022,,,0,,,
NGBP4,2/3/2022,,,0,,,
NGBP4,2/4/2022,,,0.52,,,
NGBP4,2/5/2022,,,2.15,,,
NGBP4,2/6/2022,,,4.22,,,
NGBP4,2/7/2022,,,0.81,,,
NGBP4,2/8/2022,,,0,,,
NGBP4,2/9/2022,,,0,,,
NGBP4,2/10/2022,,,0,,,
NGBP4,2/11/2022,,,0.25,,,
NGBP4,2/12/2022,,,0.72,,,
NGBP4,2/13/2022,,,0.33,,,
NGBP4,2/14/2022,,,0,,,
NGBP4,2/15/2022,,,0,,,
NGBP4,2/16/2022,,,0,,,
NGBP4,2/17/2022,,,0,,,
NGBP4,2/18/2022,,,0.21,,,
NGBP4,2/19/2022,,,0,,,
NGBP4,2/20/2022,,,0,,,
NGBP4,2/21/2022,,,0,,,
NGBP4,2/22/2022,,,0.17,,,
NGBP4,2/23/2022,,,1.19,,,
NGBP4,2/24/2022,,,0,,,
NGBP4,2/25/2022,,,0,,,
NGBP4,2/26/2022,,,0.05,,,
NGBP4,2/27/2022,,,0.38,,,
NGBP4,2/28/2022,,,1.29,,,
NGBP4,3/1/2022,,,0.13,,,
NGBP4,3/2/2022,,,0.09,,,
NGBP4,3/3/2022,,,0.18,,,
NGBP4,3/4/2022,,,0.21,,,
NGBP4,3/5/2022,,,0.27,,,
NGBP4,3/6/2022,,,0.49,,,
NGBP4,3/7/2022,,,0.87,,,
NGBP4,3/8/2022,,,0.31,,,
NGBP4,3/9/2022,,,0.11,,,
NGBP4,3/10/2022,,,0,,,
NGBP4,3/11/2022,,,0.09,,,
NGBP4,3/12/2022,,,0.47,,,
NGBP4,3/13/2022,,,0.41,,,
NGBP4,3/14/2022,,,0,,,
NGBP4,3/15/2022,,,0,,,
NGBP4,3/16/2022,,,0,,,
NGBP4,3/17/2022,,,0.09,,,
NGBP4,3/18/2022,,,0,,,
NGBP4,3/19/2022,,,0.27,,,
NGBP4,3/20/2022,,,0.17,,,
NGBP4,3/21/2022,,,0,,,
NGBP4,3/22/2022,,,0,,,
NGBP4,3/23/2022,,,0.49,,,
NGBP4,3/24/2022,,,0.18,,,
NGBP4,3/25/2022,,,0,,,
NGBP4,3/26/2022,,,0,,,
NGBP4,3/27/2022,,,0,,,
NGBP4,3/28/2022,,,0,,,
NGBP4,3/29/2022,,,0,,,
NGBP4,3/30/2022,,,0,,,
NGBP4,3/31/2022,,,0.17,,,
NGBP4,4/1/2022,,,0.09,,,
NGBP4,4/2/2022,,,0.43,,,
NGBP4,4/3/2022,,,0,,,
NGBP4,4/4/2022,,,0.07,,,
NGBP4,4/5/2022,,,0,,,
NGBP4,4/6/2022,,,0,,,
NGBP4,4/7/2022,,,0,,,
NGBP4,4/8/2022,,,0.09,,,
NGBP4,4/9/2022,,,0,,,
NGBP4,4/10/2022,,,0.14,,,
NGBP4,4/11/2022,,,0.23,,,
NGBP4,4/12/2022,,,0.09,,,
NGBP4,4/13/2022,,,0,,,
NGBP4,4/14/2022,,,0.11,,,
NGBP4,4/15/2022,,,0.07,,,
NGBP4,4/16/2022,,,0.51,,,
NGBP4,4/17/2022,,,0.18,,,
NGBP4,4/18/2022,,,0.21,,,
NGBP4,4/19/2022,,,0.23,,,
NGBP4,4/20/2022,,,0.41,,,
NGBP4,4/21/2022,,,0.13,,,
NGBP4,4/22/2022,,,0,,,
NGBP4,4/23/2022,,,0,,,
NGBP4,4/24/2022,,,0.1,,,
NGBP4,4/25/2022,,,0.17,,,
NGBP4,4/26/2022,,,0,,,
NGBP4,4/27/2022,,,0,,,
NGBP4,4/28/2022,,,0,,,
NGBP4,4/29/2022,,,0,,,
NGBP4,4/30/2022,,,,,,
NGBP4,5/1/2022,,,0.51,,,
NGBP4,5/2/2022,,,0.42,,,
NGBP4,5/3/2022,,,0.12,,,
NGBP4,5/4/2022,,,0.09,,,
NGBP4,5/5/2022,,,0,,,
NGBP4,5/6/2022,,,0.09,,,
NGBP4,5/7/2022,,,0.34,,,
NGBP4,5/8/2022,,,0,,,
NGBP4,5/9/2022,,,0.16,,,
NGBP4,5/10/2022,,,0.34,,,
NGBP4,5/11/2022,,,0,,,
NGBP4,5/12/2022,,,0.14,,,
NGBP4,5/13/2022,,,0.09,,,
NGBP4,5/14/2022,,,0.24,,,
NGBP4,5/15/2022,,,1.13,,,
NGBP4,5/16/2022,,,0.42,,,
NGBP4,5/17/2022,,,0.13,,,
NGBP4,5/18/2022,,,0.09,,,
NGBP4,5/19/2022,,,0,,,
NGBP4,5/20/2022,,,0,,,
NGBP4,5/21/2022,,,0,,,
NGBP4,5/22/2022,,,0,,,
NGBP4,5/23/2022,,,0,,,
NGBP4,5/24/2022,,,0.12,,,
NGBP4,5/25/2022,,,0.09,,,
NGBP4,5/26/2022,,,2.6,,,
NGBP4,5/27/2022,,,0.21,,,
NGBP4,5/28/2022,,,0.19,,,
NGBP4,5/29/2022,,,0,,,
NGBP4,5/30/2022,,,0,,,
NGBP4,5/31/2022,,,0,,,
NGBP4,6/1/2022,,,0,,,
NGBP4,6/2/2022,,,0,,,
NGBP4,6/3/2022,,,0.05,,,
NGBP4,6/4/2022,,,0,,,
NGBP4,6/5/2022,,,0,,,
NGBP4,6/6/2022,,,0,,,
NGBP4,6/7/2022,,,0,,,
NGBP4,6/8/2022,,,0,,,
NGBP4,6/9/2022,,,0,,,
NGBP4,6/10/2022,,,0,,,
NGBP4,6/11/2022,,,0.42,,,
NGBP4,6/12/2022,,,0.27,,,
NGBP4,6/13/2022,,,0.25,,,
NGBP4,6/14/2022,,,0,,,
NGBP4,6/15/2022,,,0,,,
NGBP4,6/16/2022,,,0.72,,,
NGBP4,6/17/2022,,,0.18,,,
NGBP4,6/18/2022,,,0.3,,,
NGBP4,6/19/2022,,,0,,,
NGBP4,6/20/2022,,,0,,,
NGBP4,6/21/2022,,,0.07,,,
NGBP4,6/22/2022,,,0,,,
NGBP4,6/23/2022,,,0,,,
NGBP4,6/24/2022,,,0,,,
NGBP4,6/25/2022,,,0,,,
NGBP4,6/26/2022,,,0.24,,,
NGBP4,6/27/2022,,,0,,,
NGBP4,6/28/2022,,,0.15,,,
NGBP4,6/29/2022,,,0.19,,,
NGBP4,6/30/2022,,,0,,,
NGBP4,7/1/2022,,,0.24,,,
NGBP4,7/2/2022,,,6.94,,,
NGBP4,7/3/2022,,,0.43,,,
NGBP4,7/4/2022,,,0,,,
NGBP4,7/5/2022,,,0.1,,,
NGBP4,7/6/2022,,,0.17,,,
NGBP4,7/7/2022,,,0.42,,,
NGBP4,7/8/2022,,,0.39,,,
NGBP4,7/9/2022,,,0.27,,,
NGBP4,7/10/2022,,,0,,,
NGBP4,7/11/2022,,,0,,,
NGBP4,7/12/2022,,,0.56,,,
NGBP4,7/13/2022,,,0.23,,,
NGBP4,7/14/2022,,,0.42,,,
NGBP4,7/15/2022,,,0.19,,,
NGBP4,7/16/2022,,,0.13,,,
NGBP4,7/17/2022,,,0.48,,,
NGBP4,7/18/2022,,,0,,,
NGBP4,7/19/2022,,,0.32,,,
NGBP4,7/20/2022,,,0,,,
NGBP4,7/21/2022,,,0,,,
NGBP4,7/22/2022,,,0.63,,,
NGBP4,7/23/2022,,,0.18,,,
NGBP4,7/24/2022,,,0,,,
NGBP4,7/25/2022,,,0.52,,,
NGBP4,7/26/2022,,,0.31,,,
NGBP4,7/27/2022,,,0.07,,,
NGBP4,7/28/2022,,,0,,,
NGBP4,7/29/2022,,,0,,,
NGBP4,7/30/2022,,,0.72,,,
NGBP4,7/31/2022,,,0.09,,,
NGBP4,8/1/2022,,,0.13,,,
NGBP4,8/2/2022,,,0,,,
NGBP4,8/3/2022,,,0,,,
NGBP4,8/4/2022,,,1.08,,,
NGBP4,8/5/2022,,,0.19,,,
NGBP4,8/6/2022,,,0.17,,,
NGBP4,8/7/2022,,,0.09,,,
NGBP4,8/8/2022,,,0,,,
NGBP4,8/9/2022,,,0,,,
NGBP4,8/10/2022,,,0,,,
NGBP4,8/11/2022,,,0,,,
NGBP4,8/12/2022,,,0,,,
NGBP4,8/13/2022,,,0,,,
NGBP4,8/14/2022,,,0.65,,,
NGBP4,8/15/2022,,,0,,,
NGBP4,8/16/2022,,,0,,,
NGBP4,8/17/2022,,,0,,,
NGBP4,8/18/2022,,,0.15,,,
NGBP4,8/19/2022,,,0.27,,,
NGBP4,8/20/2022,,,0.82,,,
NGBP4,8/21/2022,,,1.2,,,
NGBP4,8/22/2022,,,0.89,,,
NGBP4,8/23/2022,,,1.41,,,
NGBP4,8/24/2022,,,0.75,,,
NGBP4,8/25/2022,,,0.19,,,
NGBP4,8/26/2022,,,0.3,,,
NGBP4,8/27/2022,,,0.74,,,
NGBP4,8/28/2022,,,0.31,,,
NGBP4,8/29/2022,,,0.83,,,
NGBP4,8/30/2022,,,0.27,,,
NGBP4,8/31/2022,,,0.43,,,
NGBP4,9/1/2022,,,0.34,,,
NGBP4,9/2/2022,,,0.18,,,
NGBP4,9/3/2022,,,0.45,,,
NGBP4,9/4/2022,,,2.83,,,
NGBP4,9/5/2022,,,2,,,
NGBP4,9/6/2022,,,0.48,,,
NGBP4,9/7/2022,,,0.39,,,
NGBP4,9/8/2022,,,0.32,,,
NGBP4,9/9/2022,,,0.21,,,
NGBP4,9/10/2022,,,0.5,,,
NGBP4,9/11/2022,,,0,,,
NGBP4,9/12/2022,,,1.4,,,
NGBP4,9/13/2022,,,0.6,,,
NGBP4,9/14/2022,,,0,,,
NGBP4,9/15/2022,,,0,,,
NGBP4,9/16/2022,,,1,,,
NGBP4,9/17/2022,,,1.63,,,
NGBP4,9/18/2022,,,10.51,,,
NGBP4,9/19/2022,,,2.61,,,
NGBP4,9/20/2022,,,0.13,,,
NGBP4,9/21/2022,,,0.2,,,
NGBP4,9/22/2022,,,0.15,,,
NGBP4,9/23/2022,,,0.11,,,
NGBP4,9/24/2022,,,0.42,,,
NGBP4,9/25/2022,,,0,,,
NGBP4,9/26/2022,,,0.51,,,
NGBP4,9/27/2022,,,1.1,,,
NGBP4,9/28/2022,,,0.47,,,
NGBP4,9/29/2022,,,,,,
NGBP4,9/30/2022,,,,,,
NGBP4,10/1/2022,,,0,,,
NGBP4,10/2/2022,,,0,,,
NGBP4,10/3/2022,,,0,,,
NGBP4,10/4/2022,,,0.1,,,
NGBP4,10/5/2022,,,0,,,
NGBP4,10/6/2022,,,0,,,
NGBP4,10/7/2022,,,0.23,,,
NGBP4,10/8/2022,,,0.34,,,
NGBP4,10/9/2022,,,0.28,,,
NGBP4,10/10/2022,,,2.41,,,
NGBP4,10/11/2022,,,0.27,,,
NGBP4,10/12/2022,,,0,,,
NGBP4,10/13/2022,,,0,,,
NGBP4,10/14/2022,,,0.15,,,
NGBP4,10/15/2022,,,0.73,,,
NGBP4,10/16/2022,,,0.41,,,
NGBP4,10/17/2022,,,0.22,,,
NGBP4,10/18/2022,,,0.14,,,
NGBP4,10/19/2022,,,0,,,
NGBP4,10/20/2022,,,0.36,,,
NGBP4,10/21/2022,,,0,,,
NGBP4,10/22/2022,,,0.12,,,
NGBP4,10/23/2022,,,0,,,
NGBP4,10/24/2022,,,0,,,
NGBP4,10/25/2022,,,0,,,
NGBP4,10/26/2022,,,4.86,,,
NGBP4,10/27/2022,,,3.92,,,
NGBP4,10/28/2022,,,0,,,
NGBP4,10/29/2022,,,0,,,
NGBP4,10/30/2022,,,1.15,,,
NGBP4,10/31/2022,,,0.17,,,
NGBP4,11/1/2022,,,0,,,
NGBP4,11/2/2022,,,0,,,
NGBP4,11/3/2022,,,0.22,,,
NGBP4,11/4/2022,,,0.63,,,
NGBP4,11/5/2022,,,2.1,,,
NGBP4,11/6/2022,,,0.12,,,
NGBP4,11/7/2022,,,1.43,,,
NGBP4,11/8/2022,,,0,,,
NGBP4,11/9/2022,,,0,,,
NGBP4,11/10/2022,,,0.23,,,
NGBP4,11/11/2022,,,1.1,,,
NGBP4,11/12/2022,,,0.41,,,
NGBP4,11/13/2022,,,0.27,,,
NGBP4,11/14/2022,,,0.09,,,
NGBP4,11/15/2022,,,0.32,,,
NGBP4,11/16/2022,,,0.18,,,
NGBP4,11/17/2022,,,0,,,
NGBP4,11/18/2022,,,0,,,
NGBP4,11/19/2022,,,0.32,,,
NGBP4,11/20/2022,,,1.85,,,
NGBP4,11/21/2022,,,0.34,,,
NGBP4,11/22/2022,,,0.27,,,
NGBP4,11/23/2022,,,0,,,
NGBP4,11/24/2022,,,0.3,,,
NGBP4,11/25/2022,,,0.49,,,
NGBP4,11/26/2022,,,0,,,
NGBP4,11/27/2022,,,0,,,
NGBP4,11/28/2022,,,1.87,,,
NGBP4,11/29/2022,,,0.42,,,
NGBP4,11/30/2022,,,0.11,,,
NGBP4,12/1/2022,,,0,,,
NGBP4,12/2/2022,,,0.17,,,
NGBP4,12/3/2022,,,0.25,,,
NGBP4,12/4/2022,,,0.14,,,
NGBP4,12/5/2022,,,0,,,
NGBP4,12/6/2022,,,0.11,,,
NGBP4,12/7/2022,,,0.09,,,
NGBP4,12/8/2022,,,0.11,,,
NGBP4,12/9/2022,,,0.07,,,
NGBP4,12/10/2022,,,0.12,,,
NGBP4,12/11/2022,,,0.18,,,
NGBP4,12/12/2022,,,0,,,
NGBP4,12/13/2022,,,0,,,
NGBP4,12/14/2022,,,0,,,
NGBP4,12/15/2022,,,0,,,
NGBP4,12/16/2022,,,0,,,
NGBP4,12/17/2022,,,0.71,,,
NGBP4,12/18/2022,,,0.73,,,
NGBP4,12/19/2022,,,0,,,
NGBP4,12/20/2022,,,0,,,
NGBP4,12/21/2022,,,0,,,
NGBP4,12/22/2022,,,0,,,
NGBP4,12/23/2022,,,0.17,,,
NGBP4,12/24/2022,,,0,,,
NGBP4,12/25/2022,,,0,,,
NGBP4,12/26/2022,,,0,,,
NGBP4,12/27/2022,,,0.51,,,
NGBP4,12/28/2022,,,0.13,,,
NGBP4,12/29/2022,,,0.47,,,
NGBP4,12/30/2022,,,0.52,,,
NGBP4,12/31/2022,,,0.27,,,
NGBP4,1/1/2023,,,0.29,,,
NGBP4,1/2/2023,,,0.21,,,
NGBP4,1/3/2023,,,0.32,,,
NGBP4,1/4/2023,,,0.81,,,
NGBP4,1/5/2023,,,0.51,,,
NGBP4,1/6/2023,,,0.18,,,
NGBP4,1/7/2023,,,0.95,,,
NGBP4,1/8/2023,,,1.89,,,
NGBP4,1/9/2023,,,0.17,,,
NGBP4,1/10/2023,,,0.21,,,
NGBP4,1/11/2023,,,0.14,,,
NGBP4,1/12/2023,,,0.19,,,
NGBP4,1/13/2023,,,0.07,,,
NGBP4,1/14/2023,,,1.15,,,
NGBP4,1/15/2023,,,0.3,,,
NGBP4,1/16/2023,,,0,,,
NGBP4,1/17/2023,,,0,,,
NGBP4,1/18/2023,,,0,,,
NGBP4,1/19/2023,,,0,,,
NGBP4,1/20/2023,,,0,,,
NGBP4,1/21/2023,,,0,,,
NGBP4,1/22/2023,,,0,,,
NGBP4,1/23/2023,,,0.18,,,
NGBP4,1/24/2023,,,0.13,,,
NGBP4,1/25/2023,,,0,,,
NGBP4,1/26/2023,,,0,,,
NGBP4,1/27/2023,,,0.21,,,
NGBP4,1/28/2023,,,0.21,,,
NGBP4,1/29/2023,,,0.5,,,
NGBP4,1/30/2023,,,0,,,
NGBP4,1/31/2023,,,0,,,
NGBP4,2/1/2023,,,0.17,,,
NGBP4,2/2/2023,,,0.71,,,
NGBP4,2/3/2023,,,0.27,,,
NGBP4,2/4/2023,,,0.19,,,
NGBP4,2/5/2023,,,0,,,
NGBP4,2/6/2023,,,0.24,,,
NGBP4,2/7/2023,,,0,,,
NGBP4,2/8/2023,,,0,,,
NGBP4,2/9/2023,,,0.12,,,
NGBP4,2/10/2023,,,0.07,,,
NGBP4,2/11/2023,,,0,,,
NGBP4,2/12/2023,,,0,,,
NGBP4,2/13/2023,,,0,,,
NGBP4,2/14/2023,,,0.11,,,
NGBP4,2/15/2023,,,0.21,,,
NGBP4,2/16/2023,,,0.47,,,
NGBP4,2/17/2023,,,0.21,,,
NGBP4,2/18/2023,,,0,,,
NGBP4,2/19/2023,,,0,,,
NGBP4,2/20/2023,,,0.24,,,
NGBP4,2/21/2023,,,0.11,,,
NGBP4,2/22/2023,,,0,,,
NGBP4,2/23/2023,,,0.13,,,
NGBP4,2/24/2023,,,0,,,
NGBP4,2/25/2023,,,0.67,,,
NGBP4,2/26/2023,,,0,,,
NGBP4,2/27/2023,,,0,,,
NGBP4,2/28/2023,,,0,,,
NGBP4,3/1/2023,,,0,,,
NGBP4,3/2/2023,,,0,,,
NGBP4,3/3/2023,,,0,,,
NGBP4,3/4/2023,,,0,,,
NGBP4,3/5/2023,,,0,,,
NGBP4,3/6/2023,,,0,,,
NGBP4,3/7/2023,,,0,,,
NGBP4,3/8/2023,,,0,,,
NGBP4,3/9/2023,,,0,,,
NGBP4,3/10/2023,,,0,,,
NGBP4,3/11/2023,,,0,,,
NGBP4,3/12/2023,,,0,,,
NGBP4,3/13/2023,,,0,,,
NGBP4,3/14/2023,,,0,,,
NGBP4,3/15/2023,,,0,,,
NGBP4,3/16/2023,,,0,,,
NGBP4,3/17/2023,,,0.93,,,
NGBP4,3/18/2023,,,0.49,,,
NGBP4,3/19/2023,,,0,,,
NGBP4,3/20/2023,,,0,,,
NGBP4,3/21/2023,,,0,,,
NGBP4,3/22/2023,,,0.43,,,
NGBP4,3/23/2023,,,0,,,
NGBP4,3/24/2023,,,0.32,,,
NGBP4,3/25/2023,,,0,,,
NGBP4,3/26/2023,,,0.35,,,
NGBP4,3/27/2023,,,0,,,
NGBP4,3/28/2023,,,0.13,,,
NGBP4,3/29/2023,,,0.29,,,
NGBP4,3/30/2023,,,0,,,
NGBP4,3/31/2023,,,0,,,
NGBP4,4/1/2023,,,0,,,
NGBP4,4/2/2023,,,0,,,
NGBP4,4/3/2023,,,0,,,
NGBP4,4/4/2023,,,0,,,
NGBP4,4/5/2023,,,0.21,,,
NGBP4,4/6/2023,,,0.73,,,
NGBP4,4/7/2023,,,0,,,
NGBP4,4/8/2023,,,0.32,,,
NGBP4,4/9/2023,,,0.27,,,
NGBP4,4/10/2023,,,0.13,,,
NGBP4,4/11/2023,,,0,,,
NGBP4,4/12/2023,,,0,,,
NGBP4,4/13/2023,,,0.09,,,
NGBP4,4/14/2023,,,0,,,
NGBP4,4/15/2023,,,0,,,
NGBP4,4/16/2023,,,0,,,
NGBP4,4/17/2023,,,0.11,,,
NGBP4,4/18/2023,,,0,,,
NGBP4,4/19/2023,,,0.51,,,
NGBP4,4/20/2023,,,0,,,
NGBP4,4/21/2023,,,0,,,
NGBP4,4/22/2023,,,0,,,
NGBP4,4/23/2023,,,1.2,,,
NGBP4,4/24/2023,,,2.1,,,
NGBP4,4/25/2023,,,0,,,
NGBP4,4/26/2023,,,0,,,
NGBP4,4/27/2023,,,0,,,
NGBP4,4/28/2023,,,1.06,,,
NGBP4,4/29/2023,,,0.6,,,
NGBP4,4/30/2023,,,0,,,
NGBP4,5/1/2023,,,0.09,,,
NGBP4,5/2/2023,,,0,,,
NGBP4,5/3/2023,,,0,,,
NGBP4,5/4/2023,,,0,,,
NGBP4,5/5/2023,,,0,,,
NGBP4,5/6/2023,,,0,,,
NGBP4,5/7/2023,,,0,,,
NGBP4,5/8/2023,,,1,,,
NGBP4,5/9/2023,,,0,,,
NGBP4,5/10/2023,,,0,,,
NGBP4,5/11/2023,,,0,,,
NGBP4,5/12/2023,,,0,,,
NGBP4,5/13/2023,,,1.25,,,
NGBP4,5/14/2023,,,1,,,
NGBP4,5/15/2023,,,0,,,
NGBP4,5/16/2023,,,0.71,,,
NGBP4,5/17/2023,,,0,,,
NGBP4,5/18/2023,,,0.08,,,
NGBP4,5/19/2023,,,0.21,,,
NGBP4,5/20/2023,,,0,,,
NGBP4,5/21/2023,,,0.09,,,
NGBP4,5/22/2023,,,0.81,,,
NGBP4,5/23/2023,,,0.12,,,
NGBP4,5/24/2023,,,0.3,,,
NGBP4,5/25/2023,,,0,,,
NGBP4,5/26/2023,,,0,,,
NGBP4,5/27/2023,,,0.19,,,
NGBP4,5/28/2023,,,0,,,
NGBP4,5/29/2023,,,0.51,,,
NGBP4,5/30/2023,,,1.07,,,
NGBP4,5/31/2023,,,0.2,,,
NGBP4,6/1/2023,,,0,,,
NGBP4,6/2/2023,,,0,,,
NGBP4,6/3/2023,,,0,,,
NGBP4,6/4/2023,,,0,,,
NGBP4,6/5/2023,,,0.07,,,
NGBP4,6/6/2023,,,0.05,,,
NGBP4,6/7/2023,,,0,,,
NGBP4,6/8/2023,,,0,,,
NGBP4,6/9/2023,,,0,,,
NGBP4,6/10/2023,,,0,,,
NGBP4,6/11/2023,,,0,,,
NGBP4,6/12/2023,,,0.27,,,
NGBP4,6/13/2023,,,0.29,,,
NGBP4,6/14/2023,,,0.2,,,
NGBP4,6/15/2023,,,0,,,
NGBP4,6/16/2023,,,0,,,
NGBP4,6/17/2023,,,0,,,
NGBP4,6/18/2023,,,0.91,,,
NGBP4,6/19/2023,,,0.51,,,
NGBP4,6/20/2023,,,0.42,,,
NGBP4,6/21/2023,,,0,,,
NGBP4,6/22/2023,,,1.05,,,
NGBP4,6/23/2023,,,0,,,
NGBP4,6/24/2023,,,0,,,
NGBP4,6/25/2023,,,0,,,
NGBP4,6/26/2023,,,0,,,
NGBP4,6/27/2023,,,0,,,
NGBP4,6/28/2023,,,0,,,
NGBP4,6/29/2023,,,3.84,,,
NGBP4,6/30/2023,,,0.42,,,
NGBP4,7/1/2023,,,0,,,
NGBP4,7/2/2023,,,0.07,,,
NGBP4,7/3/2023,,,0.3,,,
NGBP4,7/4/2023,,,0,,,
NGBP4,7/5/2023,,,0,,,
NGBP4,7/6/2023,,,0,,,
NGBP4,7/7/2023,,,0,,,
NGBP4,7/8/2023,,,1.25,,,
NGBP4,7/9/2023,,,0,,,
NGBP4,7/10/2023,,,0,,,
NGBP4,7/11/2023,,,0,,,
NGBP4,7/12/2023,,,0.63,,,
NGBP4,7/13/2023,,,0,,,
NGBP4,7/14/2023,,,0.15,,,
NGBP4,7/15/2023,,,1.3,,,
NGBP4,7/16/2023,,,0,,,
NGBP4,7/17/2023,,,0,,,
NGBP4,7/18/2023,,,0,,,
NGBP4,7/19/2023,,,0.09,,,
NGBP4,7/20/2023,,,0,,,
NGBP4,7/21/2023,,,0,,,
NGBP4,7/22/2023,,,0,,,
NGBP4,7/23/2023,,,0.05,,,
NGBP4,7/24/2023,,,0,,,
NGBP4,7/25/2023,,,0,,,
NGBP4,7/26/2023,,,0.08,,,
NGBP4,7/27/2023,,,0.11,,,
NGBP4,7/28/2023,,,0,,,
NGBP4,7/29/2023,,,0,,,
NGBP4,7/30/2023,,,0,,,
NGBP4,7/31/2023,,,0.12,,,
NGBP4,8/1/2023,,,0.43,,,
NGBP4,8/2/2023,,,0.5,,,
NGBP4,8/3/2023,,,0.37,,,
NGBP4,8/4/2023,,,0.21,,,
NGBP4,8/5/2023,,,0,,,
NGBP4,8/6/2023,,,0.36,,,
NGBP4,8/7/2023,,,0.27,,,
NGBP4,8/8/2023,,,0.25,,,
NGBP4,8/9/2023,,,0.21,,,
NGBP4,8/10/2023,,,0.14,,,
NGBP4,8/11/2023,,,0.42,,,
NGBP4,8/12/2023,,,0.23,,,
NGBP4,8/13/2023,,,0.54,,,
NGBP4,8/14/2023,,,0,,,
NGBP4,8/15/2023,,,0,,,
NGBP4,8/16/2023,,,0.4,,,
NGBP4,8/17/2023,,,0,,,
NGBP4,8/18/2023,,,0.37,,,
NGBP4,8/19/2023,,,0,,,
NGBP4,8/20/2023,,,0.37,,,
NGBP4,8/21/2023,,,0.27,,,
NGBP4,8/22/2023,,,0,,,
NGBP4,8/23/2023,,,0.41,,,
NGBP4,8/24/2023,,,0.13,,,
NGBP4,8/25/2023,,,0,,,
NGBP4,8/26/2023,,,1.36,,,
NGBP4,8/27/2023,,,0,,,
NGBP4,8/28/2023,,,0,,,
NGBP4,8/29/2023,,,0,,,
NGBP4,8/30/2023,,,0,,,
NGBP4,8/31/2023,,,0,,,
NGBP4,9/1/2023,,,0,,,
NGBP4,9/2/2023,,,0,,,
NGBP4,9/3/2023,,,2.45,,,
NGBP4,9/4/2023,,,0.41,,,
NGBP4,9/5/2023,,,0,,,
NGBP4,9/6/2023,,,0,,,
NGBP4,9/7/2023,,,0,,,
NGBP4,9/8/2023,,,0,,,
NGBP4,9/9/2023,,,0,,,
NGBP4,9/10/2023,,,0,,,
NGBP4,9/11/2023,,,0.47,,,
NGBP4,9/12/2023,,,1.35,,,
NGBP4,9/13/2023,,,0.27,,,
NGBP4,9/14/2023,,,0,,,
NGBP4,9/15/2023,,,0,,,
NGBP4,9/16/2023,,,0,,,
NGBP4,9/17/2023,,,0,,,
NGBP4,9/18/2023,,,0,,,
NGBP4,9/19/2023,,,0.23,,,
NGBP4,9/20/2023,,,0.17,,,
NGBP4,9/21/2023,,,0.52,,,
NGBP4,9/22/2023,,,0.31,,,
NGBP4,9/23/2023,,,0,,,
NGBP4,9/24/2023,,,1.07,,,
NGBP4,9/25/2023,,,0.21,,,
NGBP4,9/26/2023,,,0,,,
NGBP4,9/27/2023,,,0.23,,,
NGBP4,9/28/2023,,,0.17,,,
NGBP4,9/29/2023,,,0.25,,,
NGBP4,9/30/2023,,,0.15,,,
NGBP4,10/1/2023,,,1.42,,,
NGBP4,10/2/2023,,,0.7,,,
NGBP4,10/3/2023,,,0,,,
NGBP4,10/4/2023,,,0.17,,,
NGBP4,10/5/2023,,,2.45,,,
NGBP4,10/6/2023,,,2.1,,,
NGBP4,10/7/2023,,,0.23,,,
NGBP4,10/8/2023,,,0,,,
NGBP4,10/9/2023,,,0,,,
NGBP4,10/10/2023,,,0,,,
NGBP4,10/11/2023,,,0,,,
NGBP4,10/12/2023,,,0.05,,,
NGBP4,10/13/2023,,,0.14,,,
NGBP4,10/14/2023,,,0,,,
NGBP4,10/15/2023,,,0,,,
NGBP4,10/16/2023,,,0,,,
NGBP4,10/17/2023,,,0.1,,,
NGBP4,10/18/2023,,,0.55,,,
NGBP4,10/19/2023,,,0,,,
NGBP4,10/20/2023,,,0.9,,,
NGBP4,10/21/2023,,,0.15,,,
NGBP4,10/22/2023,,,1.05,,,
NGBP4,10/23/2023,,,0.29,,,
NGBP4,10/24/2023,,,0.92,,,
NGBP4,10/25/2023,,,2.05,,,
NGBP4,10/26/2023,,,0.32,,,
NGBP4,10/27/2023,,,0.16,,,
NGBP4,10/28/2023,,,0.97,,,
NGBP4,10/29/2023,,,2.4,,,
NGBP4,10/30/2023,,,0,,,
NGBP4,10/31/2023,,,0,,,
NGBP4,11/1/2023,,,0,,,
NGBP4,11/2/2023,,,0.17,,,
NGBP4,11/3/2023,,,0,,,
NGBP4,11/4/2023,,,0.23,,,
NGBP4,11/5/2023,,,0,,,
NGBP4,11/6/2023,,,0,,,
NGBP4,11/7/2023,,,0.18,,,
NGBP4,11/8/2023,,,0.13,,,
NGBP4,11/9/2023,,,2.45,,,
NGBP4,11/10/2023,,,0.62,,,
NGBP4,11/11/2023,,,0.41,,,
NGBP4,11/12/2023,,,0.07,,,
NGBP4,11/13/2023,,,0,,,
NGBP4,11/14/2023,,,0.61,,,
NGBP4,11/15/2023,,,0.42,,,
NGBP4,11/16/2023,,,0,,,
NGBP4,11/17/2023,,,0,,,
NGBP4,11/18/2023,,,0,,,
NGBP4,11/19/2023,,,0,,,
NGBP4,11/20/2023,,,0,,,
NGBP4,11/21/2023,,,0.45,,,
NGBP4,11/22/2023,,,1.05,,,
NGBP4,11/23/2023,,,0.17,,,
NGBP4,11/24/2023,,,0.92,,,
NGBP4,11/25/2023,,,2.05,,,
NGBP4,11/26/2023,,,0.32,,,
NGBP4,11/27/2023,,,0.16,,,
NGBP4,11/28/2023,,,0.97,,,
NGBP4,11/29/2023,,,2.4,,,
NGBP4,11/30/2023,,,0,,,
NGBP4,12/1/2023,,,0,,,
NGBP4,12/2/2023,,,0,,,
NGBP4,12/3/2023,,,0,,,
NGBP4,12/4/2023,,,0,,,
NGBP4,12/5/2023,,,0,,,
NGBP4,12/6/2023,,,1,,,
NGBP4,12/7/2023,,,0,,,
NGBP4,12/8/2023,,,0,,,
NGBP4,12/9/2023,,,0,,,
NGBP4,12/10/2023,,,2.05,,,
NGBP4,12/11/2023,,,0.17,,,
NGBP4,12/12/2023,,,0.41,,,
NGBP4,12/13/2023,,,0,,,
NGBP4,12/14/2023,,,0.18,,,
NGBP4,12/15/2023,,,0.24,,,
NGBP4,12/16/2023,,,0.79,,,
NGBP4,12/17/2023,,,0.09,,,
NGBP4,12/18/2023,,,0.13,,,
NGBP4,12/19/2023,,,0.26,,,
NGBP4,12/20/2023,,,0,,,
NGBP4,12/21/2023,,,0.18,,,
NGBP4,12/22/2023,,,0.37,,,
NGBP4,12/23/2023,,,2.1,,,
NGBP4,12/24/2023,,,0,,,
NGBP4,12/25/2023,,,0,,,
NGBP4,12/26/2023,,,0,,,
NGBP4,12/27/2023,,,0.62,,,
NGBP4,12/28/2023,,,0,,,
NGBP4,12/29/2023,,,0,,,
NGBP4,12/30/2023,,,0,,,
NGBP4,12/31/2023,,,0,,,
NGBP4,1/1/2024,,,0.23,,,
NGBP4,1/2/2024,,,0.13,,,
NGBP4,1/3/2024,,,0,,,
NGBP4,1/4/2024,,,0,,,
NGBP4,1/5/2024,,,0,,,
NGBP4,1/6/2024,,,0,,,
NGBP4,1/7/2024,,,0,,,
NGBP4,1/8/2024,,,0,,,
NGBP4,1/9/2024,,,0,,,
NGBP4,1/10/2024,,,0.17,,,
NGBP4,1/11/2024,,,0.04,,,
NGBP4,1/12/2024,,,0,,,
NGBP4,1/13/2024,,,0,,,
NGBP4,1/14/2024,,,0.66,,,
NGBP4,1/15/2024,,,0.21,,,
NGBP4,1/16/2024,,,0,,,
NGBP4,1/17/2024,,,0,,,
NGBP4,1/18/2024,,,0.23,,,
NGBP4,1/19/2024,,,0.12,,,
NGBP4,1/20/2024,,,0,,,
NGBP4,1/21/2024,,,0,,,
NGBP4,1/22/2024,,,0,,,
NGBP4,1/23/2024,,,0.17,,,
NGBP4,1/24/2024,,,0.37,,,
NGBP4,1/25/2024,,,1.19,,,
NGBP4,1/26/2024,,,0.45,,,
NGBP4,1/27/2024,,,0,,,
NGBP4,1/28/2024,,,0.17,,,
NGBP4,1/29/2024,,,0.42,,,
NGBP4,1/30/2024,,,0.13,,,
NGBP4,1/31/2024,,,0.27,,,
NGBP4,2/1/2024,,,0.07,,,
NGBP4,2/2/2024,,,0.19,,,
NGBP4,2/3/2024,,,0.41,,,
NGBP4,2/4/2024,,,0.1,,,
NGBP4,2/5/2024,,,0.49,,,
NGBP4,2/6/2024,,,1,,,
NGBP4,2/7/2024,,,0.72,,,
NGBP4,2/8/2024,,,0.68,,,
NGBP4,2/9/2024,,,0.21,,,
NGBP4,2/10/2024,,,0,,,
NGBP4,2/11/2024,,,0,,,
NGBP4,2/12/2024,,,0,,,
NGBP4,2/13/2024,,,0.47,,,
NGBP4,2/14/2024,,,0.42,,,
NGBP4,2/15/2024,,,0,,,
NGBP4,2/16/2024,,,0,,,
NGBP4,2/17/2024,,,0,,,
NGBP4,2/18/2024,,,0,,,
NGBP4,2/19/2024,,,0,,,
NGBP4,2/20/2024,,,0.37,,,
NGBP4,2/21/2024,,,0,,,
NGBP4,2/22/2024,,,0,,,
NGBP4,2/23/2024,,,0,,,
NGBP4,2/24/2024,,,0.14,,,
NGBP4,2/25/2024,,,0.27,,,
NGBP4,2/26/2024,,,0,,,
NGBP4,2/27/2024,,,0.09,,,
NGBP4,2/28/2024,,,0.76,,,
NGBP4,2/29/2024,,,0,,,
NGBP4,3/1/2024,,,0.1,,,
NGBP4,3/2/2024,,,0.15,,,
NGBP4,3/3/2024,,,0.3,,,
NGBP4,3/4/2024,,,0,,,
NGBP4,3/5/2024,,,0.42,,,
NGBP4,3/6/2024,,,0,,,
NGBP4,3/7/2024,,,0,,,
NGBP4,3/8/2024,,,0.86,,,
NGBP4,3/9/2024,,,0.14,,,
NGBP4,3/10/2024,,,0,,,
NGBP4,3/11/2024,,,0,,,
NGBP4,3/12/2024,,,0,,,
NGBP4,3/13/2024,,,0,,,
NGBP4,3/14/2024,,,0,,,
NGBP4,3/15/2024,,,0.09,,,
NGBP4,3/16/2024,,,0.25,,,
NGBP4,3/17/2024,,,0,,,
NGBP4,3/18/2024,,,0,,,
NGBP4,3/19/2024,,,0,,,
NGBP4,3/20/2024,,,0,,,
NGBP4,3/21/2024,,,0,,,
NGBP4,3/22/2024,,,0.05,,,
NGBP4,3/23/2024,,,0,,,
NGBP4,3/24/2024,,,0.07,,,
NGBP4,3/25/2024,,,0,,,
NGBP4,3/26/2024,,,0,,,
NGBP4,3/27/2024,,,0,,,
NGBP4,3/28/2024,,,0.09,,,
NGBP4,3/29/2024,,,0,,,
NGBP4,3/30/2024,,,0,,,
NGBP4,3/31/2024,,,0,,,
NGBP4,4/1/2024,,,0.37,,,
NGBP4,4/2/2024,,,0,,,
NGBP4,4/3/2024,,,0,,,
NGBP4,4/4/2024,,,0.42,,,
NGBP4,4/5/2024,,,0,,,
NGBP4,4/6/2024,,,0,,,
NGBP4,4/7/2024,,,0,,,
NGBP4,4/8/2024,,,4.8,,,
NGBP4,4/9/2024,,,1.15,,,
NGBP4,4/10/2024,,,0.12,,,
NGBP4,4/11/2024,,,0.18,,,
NGBP4,4/12/2024,,,0.31,,,
NGBP4,4/13/2024,,,0.37,,,
NGBP4,4/14/2024,,,4.87,,,
NGBP4,4/15/2024,,,3.27,,,
NGBP4,4/16/2024,,,1.65,,,
NGBP4,4/17/2024,,,0.49,,,
NGBP4,4/18/2024,,,0,,,
NGBP4,4/19/2024,,,0,,,
NGBP4,4/20/2024,,,0.26,,,
NGBP4,4/21/2024,,,0.43,,,
NGBP4,4/22/2024,,,1.3,,,
NGBP4,4/23/2024,,,2.47,,,
NGBP4,4/24/2024,,,0.82,,,
NGBP4,4/25/2024,,,0.17,,,
NGBP4,4/26/2024,,,0,,,
NGBP4,4/27/2024,,,0,,,
NGBP4,4/28/2024,,,1.14,,,
NGBP4,4/29/2024,,,0.89,,,
NGBP4,4/30/2024,,,1.25,,,
NGBP4,5/1/2024,,,0.97,,,
NGBP4,5/2/2024,,,0.73,,,
NGBP4,5/3/2024,,,0.95,,,
NGBP4,5/4/2024,,,0,,,
NGBP4,5/5/2024,,,0,,,
NGBP4,5/6/2024,,,0,,,
NGBP4,5/7/2024,,,3.85,,,
NGBP4,5/8/2024,,,0,,,
NGBP4,5/9/2024,,,0,,,
NGBP4,5/10/2024,,,0.43,,,
NGBP4,5/11/2024,,,0,,,
NGBP4,5/12/2024,,,0,,,
NGBP4,5/13/2024,,,0,,,
NGBP4,5/14/2024,,,0.17,,,
NGBP4,5/15/2024,,,0,,,
NGBP4,5/16/2024,,,0,,,
NGBP4,5/17/2024,,,0,,,
NGBP4,5/18/2024,,,0,,,
NGBP4,5/19/2024,,,0,,,
NGBP4,5/20/2024,,,0,,,
NGBP4,5/21/2024,,,0,,,
NGBP4,5/22/2024,,,3.47,,,
NGBP4,5/23/2024,,,0,,,
NGBP4,5/24/2024,,,0.15,,,
NGBP4,5/25/2024,,,0,,,
NGBP4,5/26/2024,,,0,,,
NGBP4,5/27/2024,,,0,,,
NGBP4,5/28/2024,,,0.32,,,
NGBP4,5/29/2024,,,0.12,,,
NGBP4,5/30/2024,,,0,,,
NGBP4,5/31/2024,,,0,,,
NGBP4,6/1/2024,,,0,,,
NGBP4,6/2/2024,,,3.52,,,
NGBP4,6/3/2024,,,0,,,
NGBP4,6/4/2024,,,0,,,
NGBP4,6/5/2024,,,4.25,,,
NGBP4,6/6/2024,,,0.27,,,
NGBP4,6/7/2024,,,0,,,
NGBP4,6/8/2024,,,0,,,
NGBP4,6/9/2024,,,0,,,
NGBP4,6/10/2024,,,0,,,
NGBP4,6/11/2024,,,0,,,
NGBP4,6/12/2024,,,0,,,
NGBP4,6/13/2024,,,0.27,,,
NGBP4,6/14/2024,,,0,,,
NGBP4,6/15/2024,,,1.45,,,
NGBP4,6/16/2024,,,0.25,,,
NGBP4,6/17/2024,,,1.05,,,
NGBP4,6/18/2024,,,0.27,,,
NGBP4,6/19/2024,,,0,,,
NGBP4,6/20/2024,,,1.14,,,
NGBP4,6/21/2024,,,0.31,,,
NGBP4,6/22/2024,,,0,,,
NGBP4,6/23/2024,,,1.05,,,
NGBP4,6/24/2024,,,0,,,
NGBP4,6/25/2024,,,0.85,,,
NGBP4,6/26/2024,,,0.09,,,
NGBP4,6/27/2024,,,0,,,
NGBP4,6/28/2024,,,0,,,
NGBP4,6/29/2024,,,0,,,
NGBP4,6/30/2024,,,0.85,,,
NGBP4,7/1/2024,,,0,,,
NGBP4,7/2/2024,,,0.16,,,
NGBP4,7/3/2024,,,0,,,
NGBP4,7/4/2024,,,1.35,,,
NGBP4,7/5/2024,,,0.0001,,,
NGBP4,7/6/2024,,,0.62,,,
NGBP4,7/7/2024,,,0.24,,,
NGBP4,7/8/2024,,,0.17,,,
NGBP4,7/9/2024,,,0,,,
NGBP4,7/10/2024,,,0.23,,,
NGBP4,7/11/2024,,,0,,,
NGBP4,7/12/2024,,,0,,,
NGBP4,7/13/2024,,,0.07,,,
NGBP4,7/14/2024,,,1,,,
NGBP4,7/15/2024,,,0.75,,,
NGBP4,7/16/2024,,,0.52,,,
NGBP4,7/17/2024,,,0,,,
NGBP4,7/18/2024,,,0.61,,,
NGBP4,7/19/2024,,,0.07,,,
NGBP4,7/20/2024,,,0.41,,,
NGBP4,7/21/2024,,,0.34,,,
NGBP4,7/22/2024,,,0.57,,,
NGBP4,7/23/2024,,,0,,,
NGBP4,7/24/2024,,,0.05,,,
NGBP4,7/25/2024,,,0,,,
NGBP4,7/26/2024,,,0,,,
NGBP4,7/27/2024,,,0,,,
NGBP4,7/28/2024,,,0,,,
NGBP4,7/29/2024,,,0.83,,,
NGBP4,7/30/2024,,,0,,,
NGBP4,7/31/2024,,,0.35,,,
NGBP4,8/1/2024,,,1.3,,,
NGBP4,8/2/2024,,,0.67,,,
NGBP4,8/3/2024,,,0.15,,,
NGBP4,8/4/2024,,,0,,,
NGBP4,8/5/2024,,,0.07,,,
NGBP4,8/6/2024,,,0.64,,,
NGBP4,8/7/2024,,,0.21,,,
NGBP4,8/8/2024,,,0.17,,,
NGBP4,8/9/2024,,,0,,,
NGBP4,8/10/2024,,,0.62,,,
NGBP4,8/11/2024,,,0.37,,,
NGBP4,8/12/2024,,,0.81,,,
NGBP4,8/13/2024,,,0.19,,,
NGBP4,8/14/2024,,,6.21,,,
NGBP4,8/15/2024,,,0.17,,,
NGBP4,8/16/2024,,,0,,,
NGBP4,8/17/2024,,,0,,,
NGBP4,8/18/2024,,,0.32,,,
NGBP4,8/19/2024,,,0.51,,,
NGBP4,8/20/2024,,,0,,,
NGBP4,8/21/2024,,,0,,,
NGBP4,8/22/2024,,,0,,,
NGBP4,8/23/2024,,,0.41,,,
NGBP4,8/24/2024,,,0.13,,,
NGBP4,8/25/2024,,,0,,,
NGBP4,8/26/2024,,,0.54,,,
NGBP4,8/27/2024,,,0.31,,,
NGBP4,8/28/2024,,,0,,,
NGBP4,8/29/2024,,,0,,,
NGBP4,8/30/2024,,,0.7,,,
NGBP4,8/31/2024,,,0.27,,,
NGBP4,9/1/2024,,,0,,,
NGBP4,9/2/2024,,,0.27,,,
NGBP4,9/3/2024,,,0.38,,,
NGBP4,9/4/2024,,,0.24,,,
NGBP4,9/5/2024,,,0,,,
NGBP4,9/6/2024,,,0,,,
NGBP4,9/7/2024,,,0.72,,,
NGBP4,9/8/2024,,,0.78,,,
NGBP4,9/9/2024,,,4,,,
NGBP4,9/10/2024,,,0.39,,,
NGBP4,9/11/2024,,,0.17,,,
NGBP4,9/12/2024,,,0,,,
NGBP4,9/13/2024,,,0.09,,,
NGBP4,9/14/2024,,,0,,,
NGBP4,9/15/2024,,,0,,,
NGBP4,9/16/2024,,,0,,,
NGBP4,9/17/2024,,,0,,,
NGBP4,9/18/2024,,,0,,,
NGBP4,9/19/2024,,,1.75,,,
NGBP4,9/20/2024,,,0,,,
NGBP4,9/21/2024,,,0.75,,,
NGBP4,9/22/2024,,,0,,,
NGBP4,9/23/2024,,,0,,,
NGBP4,9/24/2024,,,0,,,
NGBP4,9/25/2024,,,0,,,
NGBP4,9/26/2024,,,0.55,,,
NGBP4,9/27/2024,,,0,,,
NGBP4,9/28/2024,,,0,,,
NGBP4,9/29/2024,,,0.41,,,
NGBP4,9/30/2024,,,0.23,,,
NGBP4,10/1/2024,,,0.28,,,
NGBP4,10/2/2024,,,0,,,
NGBP4,10/3/2024,,,0.23,,,
NGBP4,10/4/2024,,,0.75,,,
NGBP4,10/5/2024,,,2.1,,,
NGBP4,10/6/2024,,,0.45,,,
NGBP4,10/7/2024,,,0.52,,,
NGBP4,10/8/2024,,,0.13,,,
NGBP4,10/9/2024,,,0.75,,,
NGBP4,10/10/2024,,,0.25,,,
NGBP4,10/11/2024,,,0,,,
NGBP4,10/12/2024,,,0,,,
NGBP4,10/13/2024,,,0.23,,,
NGBP4,10/14/2024,,,0.52,,,
NGBP4,10/15/2024,,,0,,,
NGBP4,10/16/2024,,,0.11,,,
NGBP4,10/17/2024,,,0,,,
NGBP4,10/18/2024,,,0,,,
NGBP4,10/19/2024,,,0.13,,,
NGBP4,10/20/2024,,,0,,,
NGBP4,10/21/2024,,,0.36,,,
NGBP4,10/22/2024,,,0.51,,,
NGBP4,10/23/2024,,,0.18,,,
NGBP4,10/24/2024,,,0,,,
NGBP4,10/25/2024,,,0,,,
NGBP4,10/26/2024,,,0,,,
NGBP4,10/27/2024,,,0.6,,,
NGBP4,10/28/2024,,,0,,,
NGBP4,10/29/2024,,,2,,,
NGBP4,10/30/2024,,,1.67,,,
NGBP4,10/31/2024,,,8.62,,,
NGBP4,11/1/2024,,,0.62,,,
NGBP4,11/2/2024,,,4.5,,,
NGBP4,11/3/2024,,,0.41,,,
NGBP4,11/4/2024,,,1.2,,,
NGBP4,11/5/2024,,,4.6,,,
NGBP4,11/6/2024,,,1.21,,,
NGBP4,11/7/2024,,,2.5,,,
NGBP4,11/8/2024,,,0.71,,,
NGBP4,11/9/2024,,,0.12,,,
NGBP4,11/10/2024,,,0.41,,,
NGBP4,11/11/2024,,,0.27,,,
NGBP4,11/12/2024,,,0.7,,,
NGBP4,11/13/2024,,,2.23,,,
NGBP4,11/14/2024,,,0.39,,,
NGBP4,11/15/2024,,,0.82,,,
NGBP4,11/16/2024,,,0.38,,,
NGBP4,11/17/2024,,,4.18,,,
NGBP4,11/18/2024,,,0.6,,,
NGBP4,11/19/2024,,,0,,,
NGBP4,11/20/2024,,,0.32,,,
NGBP4,11/21/2024,,,0.13,,,
NGBP4,11/22/2024,,,0,,,
NGBP4,11/23/2024,,,0.19,,,
NGBP4,11/24/2024,,,0,,,
NGBP4,11/25/2024,,,0.3,,,
NGBP4,11/26/2024,,,0,,,
NGBP4,11/27/2024,,,0.19,,,
NGBP4,11/28/2024,,,0,,,
NGBP4,11/29/2024,,,0.32,,,
NGBP4,11/30/2024,,,0.21,,,
NGBP4,12/1/2024,,,0.07,,,
NGBP4,12/2/2024,,,0,,,
NGBP4,12/3/2024,,,0.46,,,
NGBP4,12/4/2024,,,0.11,,,
NGBP4,12/5/2024,,,0.6,,,
NGBP4,12/6/2024,,,0.03,,,
NGBP4,12/7/2024,,,0,,,
NGBP4,12/8/2024,,,0.41,,,
NGBP4,12/9/2024,,,0.2,,,
NGBP4,12/10/2024,,,0.64,,,
NGBP4,12/11/2024,,,0.37,,,
NGBP4,12/12/2024,,,0,,,
NGBP4,12/13/2024,,,0.41,,,
NGBP4,12/14/2024,,,0,,,
NGBP4,12/15/2024,,,0,,,
NGBP4,12/16/2024,,,0.42,,,
NGBP4,12/17/2024,,,0.31,,,
NGBP4,12/18/2024,,,0.17,,,
NGBP4,12/19/2024,,,0,,,
NGBP4,12/20/2024,,,0.95,,,
NGBP4,12/21/2024,,,0.62,,,
NGBP4,12/22/2024,,,0.23,,,
NGBP4,12/23/2024,,,0.17,,,
NGBP4,12/24/2024,,,0.09,,,
NGBP4,12/25/2024,,,0.37,,,
NGBP4,12/26/2024,,,0.52,,,
NGBP4,12/27/2024,,,0.07,,,
NGBP4,12/28/2024,,,0.67,,,
NGBP4,12/29/2024,,,0.43,,,
NGBP4,12/30/2024,,,0,,,
NGBP4,12/31/2024,,,0,,,
NGBP4,1/1/2025,,,0,,,
NGBP4,1/2/2025,,,0.04,,,
NGBP4,1/3/2025,,,0,,,
NGBP4,1/4/2025,,,0.42,,,
NGBP4,1/5/2025,,,0.29,,,
NGBP4,1/6/2025,,,0.21,,,
NGBP4,1/7/2025,,,0.43,,,
NGBP4,1/8/2025,,,1.21,,,
NGBP4,1/9/2025,,,0.97,,,
NGBP4,1/10/2025,,,0.15,,,
NGBP4,1/11/2025,,,0,,,
NGBP4,1/12/2025,,,0,,,
NGBP4,1/13/2025,,,0,,,
NGBP4,1/14/2025,,,0,,,
NGBP4,1/15/2025,,,0,,,
NGBP4,1/16/2025,,,0,,,
NGBP4,1/17/2025,,,0,,,
NGBP4,1/18/2025,,,0,,,
NGBP4,1/19/2025,,,0.06,,,
NGBP4,1/20/2025,,,0.21,,,
NGBP4,1/21/2025,,,0.17,,,
NGBP4,1/22/2025,,,0.09,,,
NGBP4,1/23/2025,,,0.47,,,
NGBP4,1/24/2025,,,0,,,
NGBP4,1/25/2025,,,0,,,
NGBP4,1/26/2025,,,1.05,,,
NGBP4,1/27/2025,,,0.19,,,
NGBP4,1/28/2025,,,0.13,,,
NGBP4,1/29/2025,,,0,,,
NGBP4,1/30/2025,,,0,,,
NGBP4,1/31/2025,,,0.57,,,
NGBP4,2/1/2025,,,0.47,,,
NGBP4,2/2/2025,,,0.54,,,
NGBP4,2/3/2025,,,0.11,,,
NGBP4,2/4/2025,,,0.59,,,
NGBP4,2/5/2025,,,0.57,,,
NGBP4,2/6/2025,,,0.45,,,
NGBP4,2/7/2025,,,0.3,,,
NGBP4,2/8/2025,,,0.34,,,
NGBP4,2/9/2025,,,0.45,,,
NGBP4,2/10/2025,,,0.14,,,
NGBP4,2/11/2025,,,0.18,,,
NGBP4,2/12/2025,,,0.09,,,
NGBP4,2/13/2025,,,0.41,,,
NGBP4,2/14/2025,,,0.89,,,
NGBP4,2/15/2025,,,0.07,,,
NGBP4,2/16/2025,,,0,,,
NGBP4,2/17/2025,,,0,,,
NGBP4,2/18/2025,,,0,,,
NGBP4,2/19/2025,,,0.09,,,
NGBP4,2/20/2025,,,0.37,,,
NGBP4,2/21/2025,,,0.48,,,
NGBP4,2/22/2025,,,0.13,,,
NGBP4,2/23/2025,,,0.05,,,
NGBP4,2/24/2025,,,0,,,
NGBP4,2/25/2025,,,0,,,
NGBP4,2/26/2025,,,1.05,,,
NGBP4,2/27/2025,,,0.19,,,
NGBP4,2/28/2025,,,0.13,,,
NGBP4,3/1/2025,,,0.18,,,
NGBP4,3/2/2025,,,0.25,,,
NGBP4,3/3/2025,,,0,,,
NGBP4,3/4/2025,,,0,,,
NGBP4,3/5/2025,,,0.23,,,
NGBP4,3/6/2025,,,0.41,,,
NGBP4,3/7/2025,,,0.17,,,
NGBP4,3/8/2025,,,0,,,
NGBP4,3/9/2025,,,1.23,,,
NGBP4,3/10/2025,,,0.04,,,
NGBP4,3/11/2025,,,0,,,
NGBP4,3/12/2025,,,0,,,
NGBP4,3/13/2025,,,3.85,,,
NGBP4,3/14/2025,,,1.1,,,
NGBP4,3/15/2025,,,0,,,
NGBP4,3/16/2025,,,0,,,
NGBP4,3/17/2025,,,0.4,,,
NGBP4,3/18/2025,,,0.31,,,
NGBP4,3/19/2025,,,0.3,,,
NGBP4,3/20/2025,,,0,,,
NGBP4,3/21/2025,,,0,,,
NGBP4,3/22/2025,,,0.11,,,
NGBP4,3/23/2025,,,0,,,
NGBP4,3/24/2025,,,0,,,
NGBP4,3/25/2025,,,0.27,,,
NGBP4,3/26/2025,,,0.07,,,
NGBP4,3/27/2025,,,0,,,
NGBP4,3/28/2025,,,0,,,
NGBP4,3/29/2025,,,0.61,,,
NGBP4,3/30/2025,,,0.12,,,
NGBP4,3/31/2025,,,0.47,,,
NGBP4,4/1/2025,,,0.27,,,
NGBP4,4/2/2025,,,0.18,,,
NGBP4,4/3/2025,,,,,,
NGBP4,4/4/2025,,,,,,
NGBP4,4/5/2025,,,,,,
NGBP4,4/6/2025,,,,,,
NGBP4,4/7/2025,,,,,,
NGBP4,4/8/2025,,,,,,
NGBP4,4/9/2025,,,,,,
NGBP4,4/10/2025,,,,,,
