station,day,max_temp_f,min_temp_f,precip_in,min_rh,avg_rh,max_rh
TJNR,1/1/2000,79,78,0,,,
TJNR,1/2/2000,81,74,0,64.7712,81.97955,97.0174
TJNR,1/3/2000,81,73,0,76.9034,87.52208,100
TJNR,1/4/2000,79,75,0,81.8483,84.98399,90.8013
TJNR,1/5/2000,81,77,0,71.0816,83.53493,93.0885
TJNR,1/6/2000,81,75,0,71.9184,85.94227,93.5695
TJNR,1/7/2000,82,75,0,71.3899,80.332275,93.5928
TJNR,1/8/2000,81,73,0,71.1909,80.16942,94.1002
TJNR,1/9/2000,81,75,0,61.9123,73.35444,79.3669
TJNR,1/10/2000,81,75,0,64.2645,77.12568,90.8013
TJNR,1/11/2000,80,75,0,64.0667,73.46571,81.8483
TJNR,1/12/2000,81,73,0,64.5384,72.31891,88.5078
TJNR,1/13/2000,78,74,0,73.5941,79.98629,93.5415
TJNR,1/14/2000,81,70,0,67.2191,77.0832,96.3879
TJNR,1/15/2000,79,69,0,60.2337,74.633865,100
TJNR,1/16/2000,76,71,0,58.8195,63.694653,71.0139
TJNR,1/17/2000,77,70,0,49.3612,61.710934,70.809555
TJNR,1/18/2000,76,66,0,64.1747,78.57933,100
TJNR,1/19/2000,83,60,0,49.3749,78.96648,100
TJNR,1/20/2000,77,61,0,57.7305,80.53722,96.8522
TJNR,1/21/2000,80,64,0,71.3899,88.14702,100
TJNR,1/22/2000,81,71,0,69.2256,83.026955,96.3879
TJNR,1/23/2000,81,73,0,71.9184,82.13972,94.1002
TJNR,1/24/2000,82,73,0,69.897545,83.04966,93.518
TJNR,1/25/2000,84,75,0,65.9485,81.76355,93.5928
TJNR,1/26/2000,83,73.9,0,69.4343,83.5323,97.0174
TJNR,1/27/2000,83,71,0,69.5285,84.89023,100
TJNR,1/28/2000,82,37,0,66.9263,83.846275,96.5033
TJNR,1/29/2000,80,71,0,69.1109,80.64256,100
TJNR,1/30/2000,80,73,0,66.5828,74.65472,90.14
TJNR,1/31/2000,81,73,0,67.2191,77.52707,94.1002
TJNR,2/1/2000,82,72,0.01,71.3899,82.17383,100
TJNR,2/2/2000,83,74,0,67.4378,78.39987,84.8003
TJNR,2/3/2000,79,73,0.03,71.7228,82.14547,94.1002
TJNR,2/4/2000,81,72,0.01,74.148,85.991066,96.993
TJNR,2/5/2000,82,71,0,76.9034,91.01588,100
TJNR,2/6/2000,82,70,0.15,64.5384,84.09624,100
TJNR,2/7/2000,82,72,0.12,65.7435,85.3667,100
TJNR,2/8/2000,81,75,0,76.1914,83.76405,93.5695
TJNR,2/9/2000,82.9,73,0,69.4343,80.623436,98.201
TJNR,2/10/2000,81,70,0.05,74.1149,87.34288,100
TJNR,2/11/2000,82,69,0,73.249,87.15696,80.45595
TJNR,2/12/2000,83,71.1,0.0001,65.0019,78.08611,90.14
TJNR,2/13/2000,80,75,0.02,69.2256,78.413086,84.9155
TJNR,2/14/2000,83,71,0.12,66.9263,82.91525,96.993
TJNR,2/15/2000,81,73.9,0.05,71.3899,78.93077,88.5888
TJNR,2/16/2000,81,72,0.03,66.7046,77.29456,90.6553
TJNR,2/17/2000,81,71,0.06,62.4018,77.83697,90.6553
TJNR,2/18/2000,83,74,0.41,63.0313,79.62876,90.2171
TJNR,2/19/2000,80,73,0.04,69.2256,78.14641,94.1002
TJNR,2/20/2000,81,74,0,67.219124,75.81557,84.3436
TJNR,2/21/2000,81,74,0.24,74.148,84.79729,90.8013
TJNR,2/22/2000,80,74,0,,,
TJNR,2/23/2000,,,0.0001,,,
TJNR,2/24/2000,,,0,,,
TJNR,2/25/2000,,,0.28,,,
TJNR,2/26/2000,,,0.01,,,
TJNR,2/27/2000,,,0.02,,,
TJNR,2/28/2000,,,0,,,
TJNR,2/29/2000,74,73,0.04,,,
TJNR,3/1/2000,79,70,0.06,50.6934,64.19766,79.3772
TJNR,3/2/2000,79,71,0,51.7557,62.959106,71.0139
TJNR,3/3/2000,80,70,0,46.792,59.82188,75.9592
TJNR,3/4/2000,81,71,0,49.0857,67.73545,83.209
TJNR,3/5/2000,82,69,0,60.2464,76.70638,96.9683
TJNR,3/6/2000,81,66,0,67.2191,81.19278,100
TJNR,3/7/2000,82,70,0,58.3966,74.83728,87.4073
TJNR,3/8/2000,81,70,0,48.6395,62.19323,73.4916
TJNR,3/9/2000,80,73,0,58.1365,68.19362,75.7509
TJNR,3/10/2000,80,74,0,57.9938,63.3852,73.4916
TJNR,3/11/2000,81,72,0.0001,54.0515,70.511894,87.3539
TJNR,3/12/2000,82,73,0,61.5844,71.45887,78.8081
TJNR,3/13/2000,83,74,0,47.5235,68.6461,78.8081
TJNR,3/14/2000,82,73,0,62.4018,70.9997,81.7121
TJNR,3/15/2000,81,73,0,62.4018,72.97569,81.8483
TJNR,3/16/2000,80,73,0.24,61.3594,75.14113,94.1002
TJNR,3/17/2000,83,73,0.0001,60.7359,76.68554,88.5078
TJNR,3/18/2000,81,73,0.21,65.5369,80.58815,94.1002
TJNR,3/19/2000,80,69,0,55.9745,68.743935,93.5695
TJNR,3/20/2000,79,66,0.03,64.5384,76.63619,87.2551
TJNR,3/21/2000,82,69,0.13,48.9304,78.16224,96.9683
TJNR,3/22/2000,81,68,0.04,45.2999,74.48908,100
TJNR,3/23/2000,81,64,0.0001,54.3022,79.07012,100
TJNR,3/24/2000,81,66,0.0001,55.9745,74.60217,93.3301
TJNR,3/25/2000,82,65,0,50.8367,74.10365,93.8927
TJNR,3/26/2000,81,64,0,64.2645,80.11845,100
TJNR,3/27/2000,82,67,0,60.4858,77.58994,96.9296
TJNR,3/28/2000,81,75,0.17,79.2676,95.53763,100
TJNR,3/29/2000,84,72,0.91,79.3496,91.62739,100
TJNR,3/30/2000,84,74,0,67.146,83.645164,97.0174
TJNR,3/31/2000,82,75,0.12,69.3207,73.97628,94.143
TJNR,4/1/2000,82,75,0,69.4343,78.600174,88.5888
TJNR,4/2/2000,80,73,0.01,68.5868,81.91198,97.0174
TJNR,4/3/2000,82,72,0.04,52.4748,74.18549,90.6553
TJNR,4/4/2000,81,69,0,61.3594,75.74565,90.062
TJNR,4/5/2000,83,70,0.4,65.0019,84.99574,100
TJNR,4/6/2000,83,72,0,74.3291,85.51289,100
TJNR,4/7/2000,84,74,0.08,69.6411,85.41602,97.0174
TJNR,4/8/2000,83,76,0.01,65.0019,75.79694,87.5481
TJNR,4/9/2000,84,75,0,62.5339,73.46303,83.3239
TJNR,4/10/2000,84,75,0,67.146,79.35917,88.5888
TJNR,4/11/2000,83,75,0.02,63.0313,75.75025,100
TJNR,4/12/2000,82,73,0.04,67.2191,76.62551,87.4073
TJNR,4/13/2000,80,73,0.07,71.3899,81.241005,94.1002
TJNR,4/14/2000,84,75,0,58.3156,72.10818,83.3239
TJNR,4/15/2000,85,73,0.04,54.6256,70.39414,87.4073
TJNR,4/16/2000,81,70,0,65.5369,75.29449,100
TJNR,4/17/2000,85,73.4,0.3,65.2306,81.43282,94.143
TJNR,4/18/2000,83,75,0,65.0019,83.96859,94.143
TJNR,4/19/2000,84,73,0,69.8975,83.49237,96.4172
TJNR,4/20/2000,85,72,0,65.1269,81.19756,100
TJNR,4/21/2000,83,71,0,65.7435,78.32179,100
TJNR,4/22/2000,86,76,0,62.249,77.85294,90.8013
TJNR,4/23/2000,86,76,0,63.2692,78.67518,90.8013
TJNR,4/24/2000,85,77,0,65.2306,78.5632,94.2272
TJNR,4/25/2000,85,78,0.0001,69.7345,78.59238,84.5785
TJNR,4/26/2000,84,78,0,65.9485,76.43883,84.5256
TJNR,4/27/2000,86,78,0.03,65.2306,77.98863,84.5256
TJNR,4/28/2000,86,77,0,61.1182,71.8307,83.4376
TJNR,4/29/2000,85,77,0,63.2692,73.36715,81.4972
TJNR,4/30/2000,81,75,0.05,71.9184,77.97956,88.5888
TJNR,5/1/2000,84,73,0.19,62.7745,78.36959,90.2171
TJNR,5/2/2000,84,77,0,62.7745,70.5463,84.4617
TJNR,5/3/2000,84,75,0.16,69.5285,81.083694,94.143
TJNR,5/4/2000,85,76,0,67.146,79.296524,90.8013
TJNR,5/5/2000,86,75,0,38.3073,77.86432,90.2933
TJNR,5/6/2000,86,77,0,63.2692,73.204475,84.4617
TJNR,5/7/2000,84,75,0.05,65.1269,76.855835,90.8013
TJNR,5/8/2000,90,74,0.45,65.8039,73.67865,79.116
TJNR,5/9/2000,86,77,0,60.9838,74.20036,84.4617
TJNR,5/10/2000,84,77,0.07,70.0832,78.85387,90.2933
TJNR,5/11/2000,82,73,0.41,74.247,85.91814,96.4461
TJNR,5/12/2000,85,70,0.0001,63.2692,79.88495,96.3879
TJNR,5/13/2000,84,73,0,67.146,78.20853,93.5415
TJNR,5/14/2000,85,75,0,67.2191,75.90557,87.5043
TJNR,5/15/2000,86,76,0.02,60.8714,74.03551,90.8013
TJNR,5/16/2000,87,79,0,51.2356,71.775566,79.1989
TJNR,5/17/2000,85,73,0.53,74.50838,87.93667,97.0415
TJNR,5/18/2000,84,73,0.31,74.3291,92.19206,100
TJNR,5/19/2000,85,71,0,69.5285,81.689735,100
TJNR,5/20/2000,84,75,0,67.146,77.128456,90.2171
TJNR,5/21/2000,85,74,0,66.9263,75.75076,95.7971
TJNR,5/22/2000,84,72,0,65.9485,80.059204,
TJNR,5/23/2000,87,74,0,60.9838,79.53654,97.0174
TJNR,5/24/2000,89,77,0,67.6546,77.81732,87.2222
TJNR,5/25/2000,87,74,0.3,70.0832,78.84905,100
TJNR,5/26/2000,86,79,0,65.3545,77.7088,82.0559
TJNR,5/27/2000,87,78,0,60.9838,72.88689,83.5503
TJNR,5/28/2000,87,78,0.07,56.9164,73.655464,87.1241
TJNR,5/29/2000,86,71,1.12,71.9753,85.622375,100
TJNR,5/30/2000,87,73,2.3,74.5084,84.549934,100
TJNR,5/31/2000,86,80,0.0001,74.5084,80.220215,84.6941
TJNR,6/1/2000,,,0.01,,,
TJNR,6/2/2000,85,74,0.08,,,
TJNR,6/3/2000,85,76,0.01,,,
TJNR,6/4/2000,87,77,0.07,,,
TJNR,6/5/2000,86,79,0,,,
TJNR,6/6/2000,86,78,0,,,
TJNR,6/7/2000,85,77,0.0001,,,
TJNR,6/8/2000,87,78,0.0001,,,
TJNR,6/9/2000,86,77,0,,,
TJNR,6/10/2000,86,74,0.09,71.5869,73.9474,82.0559
TJNR,6/11/2000,86,76,0.11,67.6546,76.579796,90.3345
TJNR,6/12/2000,82,75,1.21,79.116,89.69598,96.4747
TJNR,6/13/2000,86,77,0.02,70.0832,80.72037,90.3687
TJNR,6/14/2000,85,79,0.0001,69.7345,79.690125,87.6951
TJNR,6/15/2000,85,75,0.15,69.5285,79.48935,84.6417
TJNR,6/16/2000,82,75,0.34,78.621,85.9643,97.0415
TJNR,6/17/2000,86,79,0.01,72.3041,82.334076,90.3687
TJNR,6/18/2000,86,79,0,67.3637,79.03065,84.5785
TJNR,6/19/2000,85,78,0,71.782,78.15088,84.6417
TJNR,6/20/2000,85,76,0.25,67.146,78.2011,90.3687
TJNR,6/21/2000,86,74,0.26,72.3041,79.13612,87.2222
TJNR,6/22/2000,87,78,0.07,65.0834,75.94575,82.1885
TJNR,6/23/2000,86,79,0.0001,65.3545,75.54644,84.6417
TJNR,6/24/2000,85,77,0,67.146,75.60794,81.4972
TJNR,6/25/2000,85,75,0.06,67.6546,77.467316,88.6689
TJNR,6/26/2000,86,79,0.06,72.3041,80.78661,87.789
TJNR,6/27/2000,86,80,0,69.7345,78.53533,84.6417
TJNR,6/28/2000,86,80,0,67.6546,77.42616,86.1532
TJNR,6/29/2000,85,79,0,69.5285,76.48641,81.6337
TJNR,6/30/2000,85,77,0,70.0832,78.40871,90.3345
TJNR,7/1/2000,87,76,0.07,62.249,76.202156,87.6003
TJNR,7/2/2000,86,80,0.18,74.44338,82.89552,93.6981
TJNR,7/3/2000,87,76,0.01,65.0834,80.76906,90.8013
TJNR,7/4/2000,87,76,0.04,69.5389,79.00077,87.789
TJNR,7/5/2000,87,80,0,66.1518,77.24558,84.6417
TJNR,7/6/2000,87,77,0,58.9106,74.98004,84.6417
TJNR,7/7/2000,87,78,0,60.88,75.44041,82.0559
TJNR,7/8/2000,87,77,0.12,65.0834,75.818985,84.5256
TJNR,7/9/2000,88,78,0.12,65.8052,74.56257,84.5256
TJNR,7/10/2000,87,79,0.12,52.6554,64.40482,74.148
TJNR,7/11/2000,87,80,0.12,52.1938,72.78785,82.1885
TJNR,7/12/2000,88,79,0.12,63.1423,75.56026,84.6417
TJNR,7/13/2000,89,80,0.06,63.2495,79.107315,90.4094
TJNR,7/14/2000,87,79,0.12,72.08,84.62788,97.0782
TJNR,7/15/2000,88,80,0.03,65.5802,78.44617,94.2687
TJNR,7/16/2000,88,80,0,65.0834,75.72974,84.6417
TJNR,7/17/2000,88,78,0.01,65.0834,76.23351,87.6951
TJNR,7/18/2000,87,74,0.29,60.88,76.444145,93.5415
TJNR,7/19/2000,88,79,0.01,65.0834,75.23653,88.7482
TJNR,7/20/2000,87,75,0.25,71.9753,83.50392,100
TJNR,7/21/2000,87,80,0.03,69.5389,79.77091,93.7207
TJNR,7/22/2000,87,76,0.02,67.4817,79.367386,97.0415
TJNR,7/23/2000,89,79,0.0001,63.3777,79.10541,93.6709
TJNR,7/24/2000,87,80,0,67.3637,78.34047,84.7566
TJNR,7/25/2000,89,81,0,63.3777,75.15497,84.6941
TJNR,7/26/2000,88,81,0.02,65.5802,77.221504,85.314
TJNR,7/27/2000,88,81,0.01,69.5389,77.681915,83.8815
TJNR,7/28/2000,87,79,0.21,63.1423,77.61279,88.7482
TJNR,7/29/2000,91,74,1.55,57.1139,91.49128,100
TJNR,7/30/2000,88,75,0.03,69.5389,84.61285,100
TJNR,7/31/2000,86,80,0.01,74.5084,81.51143,90.4094
TJNR,8/1/2000,86,73,0.16,74.4271,83.902534,94.1002
TJNR,8/2/2000,87,79,0.0001,74.702,81.864975,90.4834
TJNR,8/3/2000,86,79,0.65,79.2676,87.593956,97.1016
TJNR,8/4/2000,89,80,0.03,74.766,83.9852,90.9823
TJNR,8/5/2000,88,81,0,74.6054,81.78498,87.789
TJNR,8/6/2000,87,81,0,70.4499,80.19171,84.7566
TJNR,8/7/2000,87,78,0.15,79.4176,88.19699,96.4901
TJNR,8/8/2000,88,81,0.01,79.7262,89.299675,93.7476
TJNR,8/9/2000,87,80,0.01,74.4434,84.1499,90.9823
TJNR,8/10/2000,86,76,0.13,71.9753,86.11262,97.0782
TJNR,8/11/2000,88,79,0,72.08,84.922134,93.6981
TJNR,8/12/2000,87,80,0.0001,69.5389,80.7031,90.9823
TJNR,8/13/2000,88,80,0,,,
TJNR,8/14/2000,87,76,0.1,71.9753,78.96803,87.789
TJNR,8/15/2000,88,77,0.14,47.9656,80.620316,90.2933
TJNR,8/16/2000,88,77,0.08,72.08,82.990654,100
TJNR,8/17/2000,90,81,0.0001,59.4165,75.66385,87.8397
TJNR,8/18/2000,88,81,0.0001,72.08,79.41936,87.789
TJNR,8/19/2000,89,78,0.04,,,
TJNR,8/20/2000,89,82,0,67.6964,78.1556,91.052
TJNR,8/21/2000,88,80,0.04,74.782,84.10624,96.5182
TJNR,8/22/2000,84,76,0.82,78.9011,93.2342,100
TJNR,8/23/2000,86,77,1.56,76.6961,87.00468,100
TJNR,8/24/2000,87,81,0.01,74.702,84.443344,90.9823
TJNR,8/25/2000,87,80,0,72.08,83.67774,90.9823
TJNR,8/26/2000,88,74,0.24,82.4493,90.76011,100
TJNR,8/27/2000,87,76,0,77.3192,85.146355,90.9823
TJNR,8/28/2000,87,80,0.13,82.106,90.21337,100
TJNR,8/29/2000,89,81,0.11,70.1589,87.10516,100
TJNR,8/30/2000,87,80,0.0001,79.6463,85.73405,90.9823
TJNR,8/31/2000,87,80,0.0001,72.08,83.212524,90.9823
TJNR,9/1/2000,87,77,0,69.7345,81.892944,93.6709
TJNR,9/2/2000,87,74,0.15,76.5296,88.11711,100
TJNR,9/3/2000,88,77,0,74.766,87.20897,100
TJNR,9/4/2000,88,77,0.0001,79.3116,88.07398,100
TJNR,9/5/2000,88,77,0.1,76.9503,90.36382,100
TJNR,9/6/2000,87,76,0.1,77.3192,88.58336,100
TJNR,9/7/2000,87,74,0.02,76.9034,83.13049,90.4094
TJNR,9/8/2000,86,75,0,77.231,84.915215,100
TJNR,9/9/2000,88,76,0,67.4817,83.136406,100
TJNR,9/10/2000,90,76,0.0001,72.2705,85.902596,100
TJNR,9/11/2000,88,76,0.0001,74.766,85.312416,100
TJNR,9/12/2000,88,81,0,69.7345,81.85681,90.9823
TJNR,9/13/2000,87,81,0,69.5389,79.99993,94.2687
TJNR,9/14/2000,90,81,0,72.08,80.942726,90.9823
TJNR,9/15/2000,89,76,0.03,67.6964,84.43694,100
TJNR,9/16/2000,88,76,0.16,74.702,90.2155,100
TJNR,9/17/2000,83,77,0.99,82.3196,92.02627,100
TJNR,9/18/2000,88,79,0,74.6054,82.7107,93.6709
TJNR,9/19/2000,86,76,0.5,77.231,87.82137,
TJNR,9/20/2000,86,79,0.01,77.3192,85.177795,90.9823
TJNR,9/21/2000,87,77,0.04,76.9503,86.793434,100
TJNR,9/22/2000,87,80,0.05,72.08,86.721565,96.5182
TJNR,9/23/2000,88,80,0,74.782,84.05847,87.789
TJNR,9/24/2000,88,78,0.01,78.9011,88.12782,96.5182
TJNR,9/25/2000,85,78,0.07,81.9625,92.55095,100
TJNR,9/26/2000,86,78,0,77.3192,90.8162,100
TJNR,9/27/2000,82,76,0.19,83.6618,91.77137,100
TJNR,9/28/2000,80,73,0.39,90.4094,96.94599,100
TJNR,9/29/2000,87,73,0.25,70.2674,90.04153,100
TJNR,9/30/2000,86,75,0.07,77.231,92.7774,100
TJNR,10/1/2000,87,75,0.05,71.782,88.65222,
TJNR,10/2/2000,87,74,0.13,74.702,90.16334,
TJNR,10/3/2000,87,74,0.12,74.6054,87.26619,100
TJNR,10/4/2000,87,78,0.0001,66.3535,78.58303,87.6951
TJNR,10/5/2000,87,75,0.11,66.3535,80.49655,91.909
TJNR,10/6/2000,86,75,0.06,71.9753,85.8042,100
TJNR,10/7/2000,87,73,0,71.9753,84.43003,100
TJNR,10/8/2000,86,75,0.43,71.9753,88.22863,100
TJNR,10/9/2000,88,78,0.0001,72.08,85.51482,100
TJNR,10/10/2000,87,76,0.0001,74.702,84.83354,100
TJNR,10/11/2000,86,74,0.0001,74.5084,84.51712,100
TJNR,10/12/2000,87,76,0.0001,72.08,85.332794,100
TJNR,10/13/2000,88,75,0,67.5795,84.578026,100
TJNR,10/14/2000,88,74,0,67.5795,85.875114,100
TJNR,10/15/2000,88,77,0,66.3535,84.68877,96.4901
TJNR,10/16/2000,87,75,0,65.0834,84.80129,100
TJNR,10/17/2000,87,74,0,58.9106,81.72506,100
TJNR,10/18/2000,87,74,0,60.1418,80.0344,97.0174
TJNR,10/19/2000,87,76,0.22,67.4817,88.151665,100
TJNR,10/20/2000,89,76,0,66.3535,80.56619,100
TJNR,10/21/2000,88,75,0.2,66.3535,80.68611,100
TJNR,10/22/2000,86,75,0.14,70.2674,88.08505,100
TJNR,10/23/2000,87,75,0.0001,70.2674,86.83127,100
TJNR,10/24/2000,87,75,0,67.4817,85.22689,100
TJNR,10/25/2000,88,75,0.06,71.9753,87.314156,100
TJNR,10/26/2000,88,76,0.22,74.702,85.90572,100
TJNR,10/27/2000,90,81,0,70.049,82.28483,90.9823
TJNR,10/28/2000,85,79,0.24,80.0404,85.81323,93.6709
TJNR,10/29/2000,88,80,0,58.7818,77.75675,93.302
TJNR,10/30/2000,84,75,0.15,78.7617,85.42778,100
TJNR,10/31/2000,84,75,0.25,74.3291,90.15879,100
TJNR,11/1/2000,88,72,0.26,61.3631,86.41173,100
TJNR,11/2/2000,86,74,0.21,70.2674,91.62629,100
TJNR,11/3/2000,85,73,0.1,56.9815,77.42382,100
TJNR,11/4/2000,86,76,0,52.7537,67.70645,84.8003
TJNR,11/5/2000,85,69,0,56.9815,69.4646,89.9831
TJNR,11/6/2000,86,70,0,60.9838,75.219955,94.0132
TJNR,11/7/2000,88,79,0.0001,66.3535,76.727264,84.7566
TJNR,11/8/2000,86,75,0.02,61.1182,73.40974,94.143
TJNR,11/9/2000,87,73,0.05,60.88,80.35327,94.2272
TJNR,11/10/2000,85,72,0,51.2489,69.99887,94.6449
TJNR,11/11/2000,85,68,0,,,
TJNR,11/12/2000,85,71,0.1,64.7712,72.49636,94.057
TJNR,11/13/2000,85,72,0,59.135,74.235725,94.057
TJNR,11/14/2000,85,75,0.02,66.1311,75.597824,83.6618
TJNR,11/15/2000,87,79,0.15,67.3637,78.8146,84.6417
TJNR,11/16/2000,87,78,0,61.1182,75.220116,87.2222
TJNR,11/17/2000,87,75,0.41,60.88,77.51403,94.143
TJNR,11/18/2000,86,78,0,66.1518,71.93083,90.8013
TJNR,11/19/2000,86,76,0.03,65.1269,74.53836,87.6003
TJNR,11/20/2000,84,78,0.45,69.6411,78.26826,90.3345
TJNR,11/21/2000,84,79,0.29,71.782,80.27081,87.6951
TJNR,11/22/2000,86,77,0.0001,69.7345,77.51259,84.5785
TJNR,11/23/2000,86,74,0.41,65.3545,80.33595,93.5695
TJNR,11/24/2000,86,75,0.05,67.3637,78.52833,90.3345
TJNR,11/25/2000,87,77,0.08,65.2306,78.522156,90.2933
TJNR,11/26/2000,86,79,0.0001,67.3637,73.32555,79.1989
TJNR,11/27/2000,86,78,0.0001,63.013,75.12025,84.5785
TJNR,11/28/2000,86,77,0.0001,74.2799,81.38086,94.2687
TJNR,11/29/2000,86,79,0.07,61.1182,75.18258,84.6417
TJNR,11/30/2000,85,78,0,74.3291,83.87202,90.3345
TJNR,12/1/2000,86,78,0,67.3637,79.8014,93.0885
TJNR,12/2/2000,86,78,0,65.3545,80.27966,93.5928
TJNR,12/3/2000,86,78,0,61.1182,79.30661,97.0415
TJNR,12/4/2000,87,76,0,60.9838,76.369965,90.2933
TJNR,12/5/2000,86,71,0,59.135,80.283264,100
TJNR,12/6/2000,87,70,0.02,54.8971,77.51573,100
TJNR,12/7/2000,87,77,0,58.5495,71.60906,81.922
TJNR,12/8/2000,83,76,0.0001,61.8076,72.47604,84.9155
TJNR,12/9/2000,86,77,0,60.9838,69.38212,81.63365
TJNR,12/10/2000,83,75,0.02,65.0019,75.280136,88.5888
TJNR,12/11/2000,84,75,0.02,59.135,73.408066,90.8013
TJNR,12/12/2000,85,73,0.14,58.6546,76.3729,100
TJNR,12/13/2000,85,74,0.08,61.8076,76.73599,87.6951
TJNR,12/14/2000,83,75,0.44,71.9184,80.093025,93.5695
TJNR,12/15/2000,83,75,0.2,58.5141,73.962296,90.8013
TJNR,12/16/2000,83,73,0.14,68.5868,76.02274,94.1002
TJNR,12/17/2000,84,75,0.09,69.5285,82.93149,94.143
TJNR,12/18/2000,83,74,0.34,69.2256,79.437256,90.2171
TJNR,12/19/2000,82,75,0.44,71.5869,81.91486,94.143
TJNR,12/20/2000,83,75,0.07,17.940357,74.99432,94.143
TJNR,12/21/2000,83,73,0.11,69.5285,79.9454,88.6689
TJNR,12/22/2000,83,70,0.14,69.8975,84.777,
TJNR,12/23/2000,81,75,0.02,69.7103,80.04989,88.6689
TJNR,12/24/2000,84,75,0,62.0291,78.85437,88.5888
TJNR,12/25/2000,82,70,0,69.8975,81.45708,100
TJNR,12/26/2000,83,71,0,69.8975,87.994965,100
TJNR,12/27/2000,82,70,0,62.5339,84.638695,100
TJNR,12/28/2000,83,67,0,64.7712,82.872696,100
TJNR,12/29/2000,83,72,0,69.5285,82.08592,96.993
TJNR,12/30/2000,84,71,0,72.1122,86.08067,100
TJNR,12/31/2000,84,69,0,65.0019,85.9047,100
TJNR,1/1/2001,84,75,0,60.2464,79.07326,90.80131
TJNR,1/2/2001,84,75,0,61.807594,75.36697,88.5888
TJNR,1/3/2001,82,73,0.14,50.5097,82.30496,97.0174
TJNR,1/4/2001,83,68,0,66.92626,77.8491,96.99304
TJNR,1/5/2001,83,70,0,65.7435,85.615,100
TJNR,1/6/2001,83,67,0,60.2464,83.20235,96.3583
TJNR,1/7/2001,84,66,0,67.280304,82.53873,100
TJNR,1/8/2001,84,76,0,62.7745,76.19088,83.437645
TJNR,1/9/2001,84,70,0.06,60.283,80.92268,96.9686
TJNR,1/10/2001,84,66,0,54.49604,83.90903,100
TJNR,1/11/2001,82,64,0,60.48584,82.9566,100
TJNR,1/12/2001,84,67,0,56.23738,81.54574,100
TJNR,1/13/2001,83,67,0,50.9659,78.85342,100
TJNR,1/14/2001,83,65,0,56.7175,78.96726,100
TJNR,1/15/2001,83,65,0,58.5141,81.098564,100
TJNR,1/16/2001,83,71,0.0001,69.7103,82.59382,94.1002
TJNR,1/17/2001,83,71,0,58.51412,73.43706,94.057
TJNR,1/18/2001,83,72,0.0001,54.620113,73.87452,90.594666
TJNR,1/19/2001,84,69,0.1,54.77119,74.63822,87.5043
TJNR,1/20/2001,83,72,0.05,64.8973,76.6235,88.507805
TJNR,1/21/2001,84,72,0.0001,63.0313,75.79999,93.51795
TJNR,1/22/2001,85,72,0,62.0291,78.49503,93.54147
TJNR,1/23/2001,86,74,0.0001,61.11823,81.699104,100
TJNR,1/24/2001,86,74,0,62.7745,81.67156,94.10022
TJNR,1/25/2001,83,68,0,65.0019,82.45724,100
TJNR,1/26/2001,83,65,0,65.74351,82.75794,100
TJNR,1/27/2001,84,72,0.19,65.13056,81.314255,96.99354
TJNR,1/28/2001,81,72,0.09,81.7866,87.486824,94.10022
TJNR,1/29/2001,77,72,0.49,76.47661,91.000275,100
TJNR,1/30/2001,83,75,0,48.479977,61.699657,73.6791
TJNR,1/31/2001,83,74,0,61.58435,71.49914,79.47427
TJNR,2/1/2001,82,73,0.0001,64.26449,77.26203,84.34357
TJNR,2/2/2001,84,75,0,65.536865,78.92976,88.5888
TJNR,2/3/2001,84,72,0.02,60.8714,77.00134,90.8013
TJNR,2/4/2001,84,74,0,54.5512,70.12965,84.800285
TJNR,2/5/2001,83,72,0.04,63.0313,79.84397,94.10022
TJNR,2/6/2001,83,74,0.01,64.8973,79.788956,89.12326
TJNR,2/7/2001,84,74,0,65.7435,80.7481,94.14301
TJNR,2/8/2001,84,74,0.01,66.92626,79.94515,88.588776
TJNR,2/9/2001,83,75,0.0001,64.8973,75.700485,84.91552
TJNR,2/10/2001,84,73,0.0001,60.7359,71.2628,90.728714
TJNR,2/11/2001,82,72,0.28,69.11089,82.06028,96.99354
TJNR,2/12/2001,81,71,0.16,69.22557,79.96129,90.2171
TJNR,2/13/2001,83,74,0.01,61.58435,71.82902,83.32391
TJNR,2/14/2001,79,71,0.24,71.7228,81.5936,96.99354
TJNR,2/15/2001,81,71,0.38,63.1397,83.89728,100
TJNR,2/16/2001,81,70,0.4,69.71026,85.30887,100
TJNR,2/17/2001,81,73,0,65.536865,79.61406,88.5888
TJNR,2/18/2001,83,66,0,61.58435,78.85963,100
TJNR,2/19/2001,80,66,0,65.536865,79.03645,93.383865
TJNR,2/20/2001,81,72,0,61.2255,74.37197,94.057
TJNR,2/21/2001,82,74,0,78.335495,81.23834,94.10022
TJNR,2/22/2001,81,72,0.17,69.71026,80.94332,96.99304
TJNR,2/23/2001,80,70,0.05,76.737,87.18884,96.99354
TJNR,2/24/2001,81,72,0.36,73.96521,84.16419,100
TJNR,2/25/2001,80,73,0.0001,62.04662,71.56205,83.32391
TJNR,2/26/2001,80,69,0.0001,54.051514,67.95905,90.0191
TJNR,2/27/2001,82,67,0.0001,50.6934,65.318375,82.73796
TJNR,2/28/2001,80,68,0.0001,62.291298,72.63627,88.507805
TJNR,3/1/2001,76,65,0,64.2645,84.4686,100
TJNR,3/2/2001,81,67,0.03,61.5844,81.097855,100
TJNR,3/3/2001,82,67,0,62.4018,67.92414,78.8081
TJNR,3/4/2001,83,73,0,69.3207,80.44052,94.1002
TJNR,3/5/2001,84,69,0.0001,67.146,85.590385,98.5858
TJNR,3/6/2001,84,70,0,65.0019,82.837585,96.3879
TJNR,3/7/2001,85,68,0,57.8427,72.51734,93.4658
TJNR,3/8/2001,84,67,0,56.2428,70.031815,83.093
TJNR,3/9/2001,84,75,0,56.509,68.91937,83.3239
TJNR,3/10/2001,85,74,0,47.683,62.083805,76.3059
TJNR,3/11/2001,84,72,0,52.9345,68.102234,84.2241
TJNR,3/12/2001,85,75,0,49.6623,62.47647,73.6791
TJNR,3/13/2001,84,73,0.08,51.1205,67.35772,88.5078
TJNR,3/14/2001,84,75,0,54.7739,65.82433,78.3355
TJNR,3/15/2001,84,74,0,52.6554,64.555824,76.4766
TJNR,3/16/2001,84,75,0,57.4651,70.48752,83.4376
TJNR,3/17/2001,84,75,0,54.7739,70.030495,94.143
TJNR,3/18/2001,84,74,0,51.4692,67.505905,83.3239
TJNR,3/19/2001,85,75,0,33.5688,66.691,81.7866
TJNR,3/20/2001,84,72,0.12,62.7745,77.5369,100
TJNR,3/21/2001,84,72,0.44,65.9485,85.53743,100
TJNR,3/22/2001,77,71,0.43,88.6689,96.937325,100
TJNR,3/23/2001,82,69,0.7,76.5296,92.31322,100
TJNR,3/24/2001,82,73,0.03,69.4343,85.426796,100
TJNR,3/25/2001,85,76,0,67.6546,81.23097,90.8013
TJNR,3/26/2001,84,73,0.55,69.8975,89.021194,100
TJNR,3/27/2001,82,72,0,71.9184,87.25325,100
TJNR,3/28/2001,84,71,0,65.1269,83.50948,100
TJNR,3/29/2001,84,76,0.01,65.0019,77.92808,87.6003
TJNR,3/30/2001,84,73,0.0001,67.146,77.57568,94.1002
TJNR,3/31/2001,84,77,0,65.7435,77.64649,83.437645
TJNR,4/1/2001,84,75,0,66.9263,77.77841,88.5888
TJNR,4/2/2001,84,73,0.0001,62.291298,77.574104,90.728714
TJNR,4/3/2001,84,72,0.12,58.51412,77.52898,97.0174
TJNR,4/4/2001,84,75,0,67.4378,76.14255,84.91552
TJNR,4/5/2001,84,71,0.05,69.5285,80.60229,96.99354
TJNR,4/6/2001,84,71,0.08,71.58688,81.919205,90.80131
TJNR,4/7/2001,83,75,0.1,81.497185,88.11439,90.80131
TJNR,4/8/2001,84,75,0.14,74.2799,80.43115,87.695145
TJNR,4/9/2001,83,73,0.06,67.4378,73.699715,84.57616
TJNR,4/10/2001,85,73,0,58.07999,68.77236,83.32391
TJNR,4/11/2001,85,74,0.08,62.7745,77.14723,100
TJNR,4/12/2001,83,73,0.19,69.32069,80.13062,94.14301
TJNR,4/13/2001,83,73,0,73.9485,80.59716,94.10022
TJNR,4/14/2001,83,73,0,65.74351,77.78018,90.13999
TJNR,4/15/2001,84,70,0.0001,63.156197,80.8548,100
TJNR,4/16/2001,85,68,0,63.0313,81.40203,100
TJNR,4/17/2001,86,70,0,67.14597,81.56165,100
TJNR,4/18/2001,87,75,0.0001,69.73445,78.09287,90.8013
TJNR,4/19/2001,86,74,0.05,65.0019,76.7583,93.5695
TJNR,4/20/2001,86,73,0,65.2306,80.924225,96.417175
TJNR,4/21/2001,81,73,0.37,76.36132,86.99365,100
TJNR,4/22/2001,83,72,0.14,65.74351,80.47031,93.54147
TJNR,4/23/2001,84,72,0.25,65.7435,76.5699,88.5888
TJNR,4/24/2001,83,71,0.24,69.61913,85.7684,100
TJNR,4/25/2001,85,75,0.0001,63.2692,76.33328,90.8013
TJNR,4/26/2001,85,75,0.08,67.14597,75.206116,93.56953
TJNR,4/27/2001,84,75,0.08,65.0019,77.92751,94.14301
TJNR,4/28/2001,86,76,0.03,69.32069,73.07252,88.5888
TJNR,4/29/2001,85,76,0,64.8973,77.556366,87.54806
TJNR,4/30/2001,85,72,0.29,65.94849,82.968315,100
TJNR,5/1/2001,82,72,0.45,84.40946,91.17756,100
TJNR,5/2/2001,86,76,0,74.44338,83.54867,93.6205
TJNR,5/3/2001,85,76,0,74.42529,83.36293,97.0415
TJNR,5/4/2001,85,74,0,74.3291,84.108055,100
TJNR,5/5/2001,85,76,0,69.73445,81.39327,97.041534
TJNR,5/6/2001,84,77,0.08,76.526184,84.34117,96.4747
TJNR,5/7/2001,81,73,1.2,84.578545,95.82058,100
TJNR,5/8/2001,84,75,0.34,81.76868,94.99104,100
TJNR,5/9/2001,84,76,0,76.526184,91.7993,100
TJNR,5/10/2001,85,73,0.2,65.2306,87.91486,100
TJNR,5/11/2001,85,75,0.3,70.083244,86.30232,100
TJNR,5/12/2001,86,74,0.22,69.84597,86.89628,100
TJNR,5/13/2001,85,75,0.3,78.9011,87.6607,100
TJNR,5/14/2001,85,75,0,72.10829,84.11706,100
TJNR,5/15/2001,85,73,0,69.5285,84.01077,100
TJNR,5/16/2001,86,75,0,74.50838,83.00538,96.4461
TJNR,5/17/2001,86,77,0,72.30214,86.604095,96.42644
TJNR,5/18/2001,86,74,0.22,80.0404,94.33781,100
TJNR,5/19/2001,86,72,0,79.498726,89.29131,100
TJNR,5/20/2001,86,77,0,67.36371,81.27602,96.4747
TJNR,5/21/2001,85,79,0,74.42529,80.97869,90.3687
TJNR,5/22/2001,86,78,0.03,72.30214,81.791336,87.78896
TJNR,5/23/2001,86,78,0.0001,74.50657,83.1092,90.3345
TJNR,5/24/2001,88,77,0.02,61.363068,79.40493,100
TJNR,5/25/2001,88,78,0,62.4672,76.46593,87.6951
TJNR,5/26/2001,87,77,0.0001,70.26737,81.83586,84.6417
TJNR,5/27/2001,87,79,0,69.53894,79.85902,88.826744
TJNR,5/28/2001,87,75,0.22,74.50657,85.340126,100
TJNR,5/29/2001,87,79,0,67.36371,77.898834,90.3687
TJNR,5/30/2001,87,77,0.02,65.354546,78.15515,88.74824
TJNR,5/31/2001,87,75,0.01,62.249,79.38627,97.0415
TJNR,6/1/2001,85,75,0.41,74.44338,84.889244,100
TJNR,6/2/2001,87,75,0,69.73445,83.92831,97.041534
TJNR,6/3/2001,86,73,0,69.73445,83.8597,100
TJNR,6/4/2001,87,76,0,74.3291,81.40644,87.2222
TJNR,6/5/2001,87,76,0.32,77.068,85.60179,96.4747
TJNR,6/6/2001,87,79,0,63.142265,77.14642,90.4094
TJNR,6/7/2001,88,80,0,67.36371,77.383766,87.789
TJNR,6/8/2001,88,78,0,66.3535,79.74736,90.3687
TJNR,6/9/2001,88,79,0,66.3535,77.22453,88.826744
TJNR,6/10/2001,88,80,0,74.6054,81.86543,88.826744
TJNR,6/11/2001,88,78,0,60.88,74.366684,84.5785
TJNR,6/12/2001,88,79,0.01,59.1645,74.84397,82.18847
TJNR,6/13/2001,88,76,0,63.142265,77.120895,84.5785
TJNR,6/14/2001,87,79,0,58.910583,73.58543,88.74824
TJNR,6/15/2001,87,76,0,67.36371,78.14262,90.2933
TJNR,6/16/2001,89,78,0,59.1645,75.79754,87.1241
TJNR,6/17/2001,86,74,0.71,74.44338,92.3463,100
TJNR,6/18/2001,87,75,0.02,70.26737,86.58805,100
TJNR,6/19/2001,87,80,0.01,69.84597,79.55766,93.720665
TJNR,6/20/2001,88,77,0.03,70.04896,84.56105,93.7207
TJNR,6/21/2001,89,80,0,67.48165,81.93154,90.4094
TJNR,6/22/2001,88,80,0.01,65.580185,82.09347,90.4094
TJNR,6/23/2001,89,77,0.02,66.3535,77.10258,90.3345
TJNR,6/24/2001,88,78,0.15,62.4672,77.08522,88.74824
TJNR,6/25/2001,88,80,0.02,74.702,81.55363,87.881744
TJNR,6/26/2001,89,81,0,65.08342,76.55521,84.75662
TJNR,6/27/2001,88,78,0.12,67.5795,77.271545,87.2222
TJNR,6/28/2001,89,78,0,65.580185,79.68796,90.4094
TJNR,6/29/2001,89,75,0.03,65.580185,78.29872,96.4461
TJNR,6/30/2001,87,75,0.2,67.36371,83.396965,100
TJNR,7/1/2001,87,77,0.17,74.44338,81.53594,94.3097
TJNR,7/2/2001,89,79,0.07,74.766,84.20321,100
TJNR,7/3/2001,89,80,0.04,70.00456,79.84068,93.769875
TJNR,7/4/2001,87,76,0.12,72.30214,79.54491,94.22723
TJNR,7/5/2001,88,75,0.22,65.08342,77.956795,94.22723
TJNR,7/6/2001,89,80,0.01,65.580185,79.17353,90.982346
TJNR,7/7/2001,89,81,0,63.249527,77.79294,88.826744
TJNR,7/8/2001,90,80,0,59.012367,76.695694,87.78896
TJNR,7/9/2001,88,80,0,65.580185,75.00273,84.6417
TJNR,7/10/2001,89,79,0,60.88,76.6781,87.789
TJNR,7/11/2001,90,79,0,63.249527,76.35692,84.6417
TJNR,7/12/2001,90,80,0.0001,66.3535,79.15132,90.4094
TJNR,7/13/2001,89,75,0.75,63.249527,79.130165,100
TJNR,7/14/2001,88,77,0.01,62.249,75.850395,87.2222
TJNR,7/15/2001,89,78,0.04,66.3535,78.05659,90.3687
TJNR,7/16/2001,88,79,0,66.3535,79.85375,88.826744
TJNR,7/17/2001,90,80,0,62.4672,77.19483,88.826744
TJNR,7/18/2001,88,77,0.01,67.48165,78.84255,90.4094
TJNR,7/19/2001,88,78,0.21,63.142265,77.75198,94.22723
TJNR,7/20/2001,89,76,0.01,62.4672,79.392,93.747574
TJNR,7/21/2001,88,79,0.06,66.3535,79.263855,97.07821
TJNR,7/22/2001,89,77,0,65.26648,78.48006,93.6205
TJNR,7/23/2001,90,76,0.0001,59.302208,80.35663,97.0415
TJNR,7/24/2001,89,76,0.29,65.354546,81.804565,94.22723
TJNR,7/25/2001,89,80,0.11,62.6837,76.722374,88.826744
TJNR,7/26/2001,88,78,0.11,63.142265,77.77745,87.78896
TJNR,7/27/2001,89,80,0,63.377693,74.94563,85.314026
TJNR,7/28/2001,91,80,0,62.6837,79.25886,85.314026
TJNR,7/29/2001,88,75,0.46,74.703735,87.358986,100
TJNR,7/30/2001,89,75,0,71.975334,81.701355,94.2687
TJNR,7/31/2001,88,78,0.05,65.580185,79.15962,93.6709
TJNR,8/1/2001,87,79,0.01,71.975334,82.637184,90.4094
TJNR,8/2/2001,89,78,0.02,74.6054,84.03981,100
TJNR,8/3/2001,88,80,0.07,71.975334,84.13787,90.982346
TJNR,8/4/2001,90,80,0.0001,72.59893,83.3214,90.9823
TJNR,8/5/2001,90,80,0.02,67.69639,78.070305,87.8397
TJNR,8/6/2001,90,80,0,65.30986,78.981575,88.90445
TJNR,8/7/2001,90,81,0.01,67.5795,78.77665,87.78896
TJNR,8/8/2001,90,81,0.04,66.3535,80.375824,94.3097
TJNR,8/9/2001,90,78,0.14,65.975845,80.37399,94.22723
TJNR,8/10/2001,90,79,0.02,65.30986,82.192024,94.22723
TJNR,8/11/2001,90,81,0.04,72.27047,80.50758,87.8397
TJNR,8/12/2001,91,80,0.02,67.909195,79.900406,93.7207
TJNR,8/13/2001,89,82,0.01,66.3535,74.17143,84.75662
TJNR,8/14/2001,90,80,0.0001,62.401833,73.99214,90.48344
TJNR,8/15/2001,92,78,0.12,50.8367,79.984024,96.4901
TJNR,8/16/2001,90,81,0,62.6837,77.95308,94.2687
TJNR,8/17/2001,86,77,0.34,65.7435,81.90745,97.10205
TJNR,8/18/2001,90,80,0,61.125313,79.39432,94.2687
TJNR,8/19/2001,90,80,0,59.012367,73.09331,88.826744
TJNR,8/20/2001,89,79,0.09,67.65458,76.5724,84.6941
TJNR,8/21/2001,91,81,0,57.177517,71.74242,79.34958
TJNR,8/22/2001,87,74,3.45,74.44338,86.36339,100
TJNR,8/23/2001,88,77,0.08,66.3535,82.56617,100
TJNR,8/24/2001,88,80,0.0001,70.4499,79.94971,88.826744
TJNR,8/25/2001,88,80,0,62.4672,76.98326,87.2222
TJNR,8/26/2001,88,80,0,62.4672,78.302155,90.8795
TJNR,8/27/2001,87,73,0.05,69.84597,84.17118,96.49011
TJNR,8/28/2001,87,77,0.11,72.079994,82.10602,93.6981
TJNR,8/29/2001,87,79,0.03,65.08342,79.107285,94.22723
TJNR,8/30/2001,88,80,0,74.44338,79.02288,84.75662
TJNR,8/31/2001,88,80,0,67.48165,79.02478,88.90445
TJNR,9/1/2001,87,75,0.6,82.18847,91.6304,100
TJNR,9/2/2001,88,76,0.05,74.6054,85.807434,100
TJNR,9/3/2001,87,79,0,74.24337,82.433044,88.826744
TJNR,9/4/2001,88,80,0,67.48165,77.64683,87.8397
TJNR,9/5/2001,88,80,0,70.4499,80.10541,88.90445
TJNR,9/6/2001,87,79,0.2,77.3192,84.94686,94.3097
TJNR,9/7/2001,87,78,0.0001,74.44338,81.03619,90.3345
TJNR,9/8/2001,87,74,0,69.84597,80.96723,96.4461
TJNR,9/9/2001,88,75,0.09,70.4499,84.237785,100
TJNR,9/10/2001,87,78,0.0001,74.6054,82.02596,90.4094
TJNR,9/11/2001,88,81,0,66.3535,78.009125,84.866806
TJNR,9/12/2001,87,77,0.0001,70.26737,78.34084,94.18534
TJNR,9/13/2001,88,75,0.0001,66.1518,83.692566,97.0415
TJNR,9/14/2001,88,76,0,66.3535,83.9883,100
TJNR,9/15/2001,89,76,0,72.597,85.69594,100
TJNR,9/16/2001,88,76,0,69.53894,79.847206,93.6205
TJNR,9/17/2001,90,76,0.55,70.15888,83.80369,100
TJNR,9/18/2001,89,78,0.03,69.897545,89.10887,100
TJNR,9/19/2001,88,76,0,66.3535,86.09248,100
TJNR,9/20/2001,87,75,0,67.36371,82.297646,100
TJNR,9/21/2001,88,76,0,55.28835,77.52501,93.0885
TJNR,9/22/2001,88,75,0.29,66.3535,81.008026,100
TJNR,9/23/2001,88,74,0.32,65.354546,82.7351,100
TJNR,9/24/2001,88,77,0.05,77.31924,84.07715,93.6709
TJNR,9/25/2001,88,80,0.02,51.139244,77.00511,94.3097
TJNR,9/26/2001,88,81,0,63.0313,74.60847,82.319595
TJNR,9/27/2001,88,81,0,69.53894,78.141045,84.75662
TJNR,9/28/2001,89,76,0.08,61.125313,80.57894,100
TJNR,9/29/2001,90,78,0,72.27047,81.3058,90.66067
TJNR,9/30/2001,90,78,0,70.04896,81.23577,93.6709
TJNR,10/1/2001,89,76,0,63.0992,80.25633,93.698105
TJNR,10/2/2001,90,79,0,62.158096,74.16929,87.881744
TJNR,10/3/2001,87,70,0.64,65.5058,88.10355,100
TJNR,10/4/2001,87,80,0.02,76.9503,84.52748,90.982346
TJNR,10/5/2001,88,78,0.17,81.7687,87.89681,97.07821
TJNR,10/6/2001,88,80,0.04,78.90113,85.69376,94.2687
TJNR,10/7/2001,89,79,0,72.079994,82.07009,90.9823
TJNR,10/8/2001,87,77,0.16,74.2799,84.884186,94.3097
TJNR,10/9/2001,89,78,0.0001,70.630974,85.45014,97.07821
TJNR,10/10/2001,88,71,0.48,69.53894,89.51038,100
TJNR,10/11/2001,86,75,0,74.42529,89.1392,100
TJNR,10/12/2001,87,73,0,71.975334,85.6385,100
TJNR,10/13/2001,87,76,0.36,77.231,87.86269,100
TJNR,10/14/2001,85,77,0.13,67.14597,82.96175,96.4901
TJNR,10/15/2001,81,73,0.21,83.66177,90.93758,100
TJNR,10/16/2001,87,75,0.19,79.039246,87.50228,97.0415
TJNR,10/17/2001,87,78,0.38,66.48085,76.02283,88.74824
TJNR,10/18/2001,87,77,0,59.049355,70.42734,79.2676
TJNR,10/19/2001,87,75,0.3,58.5495,66.89182,73.967064
TJNR,10/20/2001,88,76,0.01,53.6358,59.481243,65.5369
TJNR,10/21/2001,88,76,0.2,56.9164,64.98525,69.897545
TJNR,10/22/2001,87,77,0.17,58.5495,69.9522,88.032646
TJNR,10/23/2001,87,78,0.06,60.88,71.09192,79.2676
TJNR,10/24/2001,88,77,0.03,51.68251,64.63084,71.91845
TJNR,10/25/2001,88,80,0,48.84356,63.114998,69.7103
TJNR,10/26/2001,87,74,0,51.724586,64.052605,94.10022
TJNR,10/27/2001,86,75,0.17,58.6546,72.16273,88.2242
TJNR,10/28/2001,88,75,0,57.2164,71.48924,83.32391
TJNR,10/29/2001,87,76,0.3,61.807594,68.41211,90.4834
TJNR,10/30/2001,87,80,0.03,36.787907,73.23044,94.3097
TJNR,10/31/2001,87,78,0,67.888794,78.44101,83.6618
TJNR,11/1/2001,87,74,0,69.73445,83.130714,100
TJNR,11/2/2001,86,71,0,67.65458,82.27327,100
TJNR,11/3/2001,84,73,0,74.24337,87.28023,100
TJNR,11/4/2001,86,73,0.05,82.05593,93.21052,100
TJNR,11/5/2001,88,74,0.0001,76.9503,85.76328,100
TJNR,11/6/2001,88,80,0,74.702,84.11513,93.720665
TJNR,11/7/2001,83,76,1.45,83.66177,95.421875,100
TJNR,11/8/2001,84,75,1.26,74.0652,85.39123,100
TJNR,11/9/2001,82,74,0.2,69.32069,82.719025,100
TJNR,11/10/2001,85,72,0.09,65.2306,81.37553,100
TJNR,11/11/2001,85,78,0.03,69.64109,79.662415,90.3345
TJNR,11/12/2001,86,79,0,62.5339,76.025986,83.66177
TJNR,11/13/2001,87,79,0.0001,69.73445,80.94588,97.0415
TJNR,11/14/2001,85,76,0,72.10829,83.9195,97.041534
TJNR,11/15/2001,85,74,0.0001,77.231,91.70038,100
TJNR,11/16/2001,85,73,0,78.90113,89.696754,100
TJNR,11/17/2001,85,71,0,71.782036,87.107414,100
TJNR,11/18/2001,87,72,0.0001,71.782036,89.35983,100
TJNR,11/19/2001,86,72,0.0001,65.1269,83.804436,100
TJNR,11/20/2001,86,68,0,61.1182,85.99635,100
TJNR,11/21/2001,85,69,0,69.5285,87.41483,100
TJNR,11/22/2001,87,69,0,59.049355,83.00246,96.99304
TJNR,11/23/2001,86,74,0.08,69.73445,82.814125,97.0174
TJNR,11/24/2001,86,74,0.0001,58.51412,74.66396,93.54147
TJNR,11/25/2001,85,72,0.13,60.8714,77.745575,96.417175
TJNR,11/26/2001,83,68,0.12,58.3966,74.79341,94.057
TJNR,11/27/2001,83,68,0.05,65.32855,77.325645,100
TJNR,11/28/2001,84,70,0.0001,52.928852,72.66151,90.2171
TJNR,11/29/2001,83,68,0.05,58.3966,79.9072,100
TJNR,11/30/2001,83,65,0,58.07999,75.55212,93.924324
TJNR,12/1/2001,85,69,0.01,63.2692,80.73009,100
TJNR,12/2/2001,85,71,0.75,72.30214,90.312645,100
TJNR,12/3/2001,85,75,0.09,82.3196,92.38345,100
TJNR,12/4/2001,85,74,0.71,79.498726,93.57903,100
TJNR,12/5/2001,86,76,0.15,74.325455,87.16085,100
TJNR,12/6/2001,85,79,0,72.10829,78.6769,84.6417
TJNR,12/7/2001,84,76,0.05,74.44338,81.88586,84.64174
TJNR,12/8/2001,85,78,0.0001,70.0832,79.88337,88.74824
TJNR,12/9/2001,85,77,0,72.30214,81.4548,87.695145
TJNR,12/10/2001,85,75,0,74.3291,85.94769,93.6205
TJNR,12/11/2001,84,74,0.35,82.18847,89.54567,100
TJNR,12/12/2001,84,75,0.18,71.782036,84.28304,93.59277
TJNR,12/13/2001,83,73,0.26,74.2799,82.65262,94.18534
TJNR,12/14/2001,84,75,0.05,76.526184,82.160065,100
TJNR,12/15/2001,78,72,1.33,86.949745,94.51894,100
TJNR,12/16/2001,83,75,0.13,87.78896,92.67007,97.0415
TJNR,12/17/2001,83,75,0.26,84.578545,91.3326,100
TJNR,12/18/2001,82,75,0.53,76.526184,90.02488,100
TJNR,12/19/2001,85,77,0,77.231,88.01121,96.4901
TJNR,12/20/2001,85,78,0,79.4987,88.854256,94.2687
TJNR,12/21/2001,86,77,0.01,72.30214,88.558105,100
TJNR,12/22/2001,84,75,0.94,81.7687,90.53206,100
TJNR,12/23/2001,80,73,0.28,76.569,88.72074,100
TJNR,12/24/2001,80,73,0.07,71.7228,77.28086,100
TJNR,12/25/2001,82,70,0,69.22557,77.04202,87.407265
TJNR,12/26/2001,83,72,0,65.74351,76.6139,94.10022
TJNR,12/27/2001,84,70,0,70.45403,88.03666,100
TJNR,12/28/2001,83,70,0,66.9263,82.456085,100
TJNR,12/29/2001,84,71,0,63.0313,79.56337,100
TJNR,12/30/2001,84,74,0.0001,74.24337,81.711876,88.668915
TJNR,12/31/2001,84,77,0,69.5285,81.184395,90.3687
TJNR,1/1/2002,85,77,0.0001,74.44338,82.890175,90.29332
TJNR,1/2/2002,84,76,0,77.068,84.796616,90.334526
TJNR,1/3/2002,84,76,0.0001,69.64109,81.3041,88.668915
TJNR,1/4/2002,81,73,0.06,79.198875,90.05387,100
TJNR,1/5/2002,81,71,0.23,78.62098,91.00084,100
TJNR,1/6/2002,81,75,0.22,83.55026,92.56816,100
TJNR,1/7/2002,84,72,0.0001,69.8975,86.44786,100
TJNR,1/8/2002,84,71,0,71.58688,89.78299,100
TJNR,1/9/2002,84,72,0,69.4343,85.463905,100
TJNR,1/10/2002,83,71,0.0001,69.71026,81.951,100
TJNR,1/11/2002,83,72,0.02,67.4378,81.84568,100
TJNR,1/12/2002,84,70,0,64.77119,82.430984,100
TJNR,1/13/2002,84,76,0.0001,74.42529,83.4804,94.18534
TJNR,1/14/2002,84,77,0.01,71.782036,79.6429,87.60026
TJNR,1/15/2002,83,75,0.06,66.582794,77.464554,90.2171
TJNR,1/16/2002,83,74,0.09,69.8975,80.28944,88.5888
TJNR,1/17/2002,84,74,0.17,67.4378,81.59285,97.01743
TJNR,1/18/2002,83,73,0.04,82.18847,88.73186,94.14301
TJNR,1/19/2002,84,77,0,66.33186,77.949394,88.668915
TJNR,1/20/2002,84,75,0.07,71.5869,78.36957,93.5928
TJNR,1/21/2002,83,76,0.03,71.58688,79.26491,94.143
TJNR,1/22/2002,82,76,0.07,74.1149,83.587685,96.47467
TJNR,1/23/2002,83,73,0.14,48.9304,74.267,100
TJNR,1/24/2002,81,73,0.23,83.66177,90.55306,97.041534
TJNR,1/25/2002,84,73,0.06,72.10829,86.08999,100
TJNR,1/26/2002,83,76,0.01,76.52957,87.36209,96.4747
TJNR,1/27/2002,83,73,0.11,71.58688,83.62066,100
TJNR,1/28/2002,80,72,0.19,69.330864,89.55949,100
TJNR,1/29/2002,78,73,0.12,78.62098,86.66657,100
TJNR,1/30/2002,83,74,0.17,81.76868,89.204025,100
TJNR,1/31/2002,83,74,0.0001,74.3291,87.42142,100
TJNR,2/1/2002,84,74,0.15,78.90113,88.35194,100
TJNR,2/2/2002,83,72,0.11,69.71026,87.53847,100
TJNR,2/3/2002,80,70,0.27,87.695145,96.45573,100
TJNR,2/4/2002,83,71,0.0001,69.32069,86.11452,100
TJNR,2/5/2002,82,68,0.01,74.24337,89.75575,100
TJNR,2/6/2002,82,71,0.01,76.1914,83.572075,100
TJNR,2/7/2002,84,76,0,74.1149,79.652695,84.52559
TJNR,2/8/2002,84,75,0,65.7435,76.517296,84.4617
TJNR,2/9/2002,83,73,0.03,41.6913,76.98687,94.10022
TJNR,2/10/2002,83,76,0.0001,73.780556,86.91403,94.14301
TJNR,2/11/2002,83,70,0,66.92626,80.29225,96.4747
TJNR,2/12/2002,83,71,0,56.524223,76.036156,84.800285
TJNR,2/13/2002,83,75,0.0001,64.90013,80.56576,87.60026
TJNR,2/14/2002,83,71,0,64.8973,79.849144,100
TJNR,2/15/2002,84,75,0.01,66.70457,76.441574,84.91552
TJNR,2/16/2002,85,76,0.05,54.798595,78.05467,93.6205
TJNR,2/17/2002,84,74,0.04,51.440735,82.19233,100
TJNR,2/18/2002,85,74,0.01,69.64109,85.271454,100
TJNR,2/19/2002,82,72,0.03,68.78279,85.552956,97.0174
TJNR,2/20/2002,81,73,0,44.9663,63.234695,97.065346
TJNR,2/21/2002,81,73,0,45.0544,57.32625,69.138725
TJNR,2/22/2002,82,73,0,50.394115,69.40905,94.14301
TJNR,2/23/2002,81,73,0.01,66.70457,78.47276,94.10022
TJNR,2/24/2002,84,71,0,56.24278,75.17003,96.3879
TJNR,2/25/2002,83,68,0,55.98323,76.91718,96.9686
TJNR,2/26/2002,81,70,0.17,58.161404,81.67616,100
TJNR,2/27/2002,82,66,0.0001,64.26449,80.8848,90.80131
TJNR,2/28/2002,83,67,0,54.49604,76.48601,93.924324
TJNR,3/1/2002,81,73,0.02,56.0609,68.56017,76.56899
TJNR,3/2/2002,84,75,0.01,45.3392,70.1301,79.366936
TJNR,3/3/2002,83,73,0.02,61.8674,74.32681,90.728714
TJNR,3/4/2002,83,73,0.05,56.23738,67.44057,90.3687
TJNR,3/5/2002,83,74,0.0001,54.3022,68.23763,90.3345
TJNR,3/6/2002,82,73,0,50.300064,64.18534,87.5043
TJNR,3/7/2002,83,73,0.02,64.77119,73.54651,97.01743
TJNR,3/8/2002,85,74,0.01,71.5869,87.102715,97.07821
TJNR,3/9/2002,85,76,0,69.64109,83.265205,96.4747
TJNR,3/10/2002,85,75,0,67.14597,79.24022,87.60026
TJNR,3/11/2002,85,75,0,62.091263,77.37866,88.5888
TJNR,3/12/2002,85,76,0,57.7305,70.91774,88.5888
TJNR,3/13/2002,84,73,0.06,62.774475,78.35398,88.5888
TJNR,3/14/2002,84,73,0,58.396584,73.032455,84.800285
TJNR,3/15/2002,84,69,0,69.32069,78.647575,93.46576
TJNR,3/16/2002,84,75,0.01,67.14597,79.03309,94.14301
TJNR,3/17/2002,84,76,0.01,69.5285,77.37652,83.437645
TJNR,3/18/2002,84,73,0.07,71.5869,81.56897,94.14301
TJNR,3/19/2002,84,75,0,65.0019,75.50525,84.91552
TJNR,3/20/2002,83,72,0,54.5512,69.7006,83.437645
TJNR,3/21/2002,85,74,0.03,62.02914,75.92802,84.34357
TJNR,3/22/2002,85,71,0,69.4343,79.512665,87.695145
TJNR,3/23/2002,87,71,0,69.73445,85.60388,100
TJNR,3/24/2002,86,74,0,67.65458,84.213875,94.18534
TJNR,3/25/2002,87,77,0,58.079987,76.76074,96.4747
TJNR,3/26/2002,85,76,0.09,62.774475,75.312614,88.5888
TJNR,3/27/2002,84,76,0.07,68.89914,80.852875,94.2687
TJNR,3/28/2002,86,74,0,65.2306,88.03142,96.4461
TJNR,3/29/2002,86,68,0.05,79.4987,90.63263,100
TJNR,3/30/2002,85,75,0.05,83.8815,92.78614,100
TJNR,3/31/2002,85,74,0,82.3905,94.00279,100
TJNR,4/1/2002,87,72,0,52.44884,78.635826,100
TJNR,4/2/2002,85,75,0.16,56.7175,75.807434,100
TJNR,4/3/2002,87,77,0,69.52137,83.47617,93.6709
TJNR,4/4/2002,90,77,0.02,55.530766,76.50865,94.26866
TJNR,4/5/2002,90,77,0,52.92636,70.93779,93.698105
TJNR,4/6/2002,91,75,0,57.1246,72.999306,96.4901
TJNR,4/7/2002,88,74,0.26,63.013,84.60077,100
TJNR,4/8/2002,81,73,0.05,61.2479,85.1003,94.210526
TJNR,4/9/2002,82,74,0.24,59.739227,80.64083,94.22723
TJNR,4/10/2002,80,73,0.13,55.279625,70.02135,90.2171
TJNR,4/11/2002,83,71,0.01,44.5233,61.42236,73.44011
TJNR,4/12/2002,84,73,0,51.4692,63.504055,94.14301
TJNR,4/13/2002,87,75,0.14,45.87598,69.12064,94.14301
TJNR,4/14/2002,87,75,0,56.508995,70.403725,84.4617
TJNR,4/15/2002,79,71,0.47,78.62098,87.105835,100
TJNR,4/16/2002,85,74,0.92,69.73445,80.451004,91.35369
TJNR,4/17/2002,89,76,0.15,56.508995,73.96564,94.26866
TJNR,4/18/2002,86,75,0,63.269173,76.86866,94.2687
TJNR,4/19/2002,86,74,0.02,66.9576,80.709206,100
TJNR,4/20/2002,82,70,0.56,74.1149,87.82459,100
TJNR,4/21/2002,82,74,0.51,71.38986,84.75037,100
TJNR,4/22/2002,88,76,0,63.249527,77.31145,91.35369
TJNR,4/23/2002,89,76,0,55.312664,79.79003,94.14301
TJNR,4/24/2002,91,77,0,59.41648,75.29771,83.437645
TJNR,4/25/2002,87,75,0.0001,58.136505,72.20581,90.2171
TJNR,4/26/2002,89,75,0,62.467205,76.94403,87.5043
TJNR,4/27/2002,89,75,0.15,52.2305,73.3873,88.5888
TJNR,4/28/2002,94,76,0,50.944916,71.17824,83.437645
TJNR,4/29/2002,87,77,0,55.2883,70.21644,79.17114
TJNR,4/30/2002,88,76,0,58.781776,73.64512,81.92197
TJNR,5/1/2002,89,74,0.46,63.377693,81.5845,96.4747
TJNR,5/2/2002,87,78,0.13,58.781776,80.992805,96.4901
TJNR,5/3/2002,86,77,0.24,63.269173,75.696495,84.52559
TJNR,5/4/2002,88,74,0.29,53.6358,72.00421,87.45151
TJNR,5/5/2002,86,77,0.04,62.0291,72.7699,87.1241
TJNR,5/6/2002,89,77,0,58.781776,70.26474,78.96287
TJNR,5/7/2002,87,75,0.7,63.142265,79.453636,100
TJNR,5/8/2002,88,75,0.0001,58.781776,71.495476,81.84829
TJNR,5/9/2002,89,77,0,51.83444,68.29727,87.6003
TJNR,5/10/2002,89,77,0.0001,57.3855,71.71025,79.11601
TJNR,5/11/2002,89,75,0.18,47.973976,71.11641,94.14301
TJNR,5/12/2002,89,76,0,55.530766,67.68198,84.6417
TJNR,5/13/2002,89,76,0,49.506645,68.54098,79.366936
TJNR,5/14/2002,88,77,0.0001,57.1246,71.45772,83.437645
TJNR,5/15/2002,89,78,0.02,48.263123,69.68611,84.5256
TJNR,5/16/2002,91,77,0.0001,51.40249,70.77876,84.4617
TJNR,5/17/2002,90,76,0.15,36.2372,68.66474,88.588776
TJNR,5/18/2002,89,78,0.12,56.9164,72.82081,83.5503
TJNR,5/19/2002,89,79,0,55.312664,70.52055,79.1989
TJNR,5/20/2002,90,78,0,49.219475,71.916084,84.5256
TJNR,5/21/2002,86,79,0.0001,55.044296,69.37745,87.695145
TJNR,5/22/2002,89,78,0,57.1775,67.54101,84.6417
TJNR,5/23/2002,90,79,0.02,51.96061,71.75153,90.3687
TJNR,5/24/2002,90,80,0,51.96061,65.24093,78.76171
TJNR,5/25/2002,88,78,0,44.7609,58.541718,70.53555
TJNR,5/26/2002,89,78,0,44.8415,57.12374,69.8782
TJNR,5/27/2002,89,76,0.52,49.428513,61.18373,73.9485
TJNR,5/28/2002,90,77,0.04,46.774456,63.158024,73.9485
TJNR,5/29/2002,88,80,0,52.575817,65.66517,79.1989
TJNR,5/30/2002,88,76,0.45,58.73031,82.92544,95.3444
TJNR,5/31/2002,89,76,0.05,55.45821,73.552124,90.86008
TJNR,6/1/2002,90,78,0.08,53.529392,73.28209,90.4094
TJNR,6/2/2002,88,77,0.01,55.653503,72.79091,87.6003
TJNR,6/3/2002,88,76,0,56.543644,73.50604,90.2933
TJNR,6/4/2002,87,74,2.01,68.2788,85.45686,100
TJNR,6/5/2002,85,76,0.14,65.4745,75.33263,92.46729
TJNR,6/6/2002,89,79,0.06,54.448532,72.85045,88.826744
TJNR,6/7/2002,88,79,0,51.23564,70.997765,79.11601
TJNR,6/8/2002,90,80,0.04,53.578903,74.88797,88.98136
TJNR,6/9/2002,88,80,0,61.363068,71.57019,84.11209
TJNR,6/10/2002,89,79,0.02,55.3127,73.8477,83.595
TJNR,6/11/2002,87,79,0.01,67.36371,76.719635,87.695145
TJNR,6/12/2002,86,77,0.13,69.73445,79.670525,93.6205
TJNR,6/13/2002,88,76,0.02,58.5495,75.45901,100
TJNR,6/14/2002,89,78,0.01,55.530766,66.71099,78.621
TJNR,6/15/2002,92,81,0,45.87598,64.13186,72.56817
TJNR,6/16/2002,91,80,0.01,55.71818,66.87293,78.76171
TJNR,6/17/2002,87,78,0.02,57.3629,68.2077,76.85816
TJNR,6/18/2002,87,76,0.15,58.5495,69.132195,82.98772
TJNR,6/19/2002,88,80,0.01,53.5449,64.83088,82.39054
TJNR,6/20/2002,89,76,0.18,48.581966,61.863457,73.6111
TJNR,6/21/2002,86,73,0.41,55.754486,71.80298,91.2978
TJNR,6/22/2002,88,80,0,51.851673,64.61312,75.97512
TJNR,6/23/2002,88,79,0,56.044327,67.648636,76.5296
TJNR,6/24/2002,87,79,0,59.049355,70.874916,85.0809
TJNR,6/25/2002,88,81,0,57.978798,66.73303,74.114944
TJNR,6/26/2002,87,80,0,51.978363,64.83057,74.151726
TJNR,6/27/2002,88,73,0.23,52.276127,68.949974,100
TJNR,6/28/2002,91,81,0.0001,54.312046,66.428345,74.2799
TJNR,6/29/2002,87,81,0,56.9164,67.55069,74.2799
TJNR,6/30/2002,91,81,0.0001,46.774456,63.7069,74.114944
TJNR,7/1/2002,89,79,0,48.581966,60.5338,69.7103
TJNR,7/2/2002,88,80,0.0001,57.5726,65.146706,71.777084
TJNR,7/3/2002,89,76,0.1,56.0924,68.736404,100
TJNR,7/4/2002,94,81,0.02,50.944916,71.26102,84.75662
TJNR,7/5/2002,90,79,0.0001,46.142197,61.972515,73.967064
TJNR,7/6/2002,87,74,0.04,65.536865,,68.23976
TJNR,7/7/2002,89,74,0.36,62.6837,77.09827,100
TJNR,7/8/2002,90,79,0.09,66.3535,77.33233,90.9823
TJNR,7/9/2002,90,79,0.01,62.4672,77.17243,90.3687
TJNR,7/10/2002,90,79,0,48.55045,70.34844,90.9823
TJNR,7/11/2002,90,78,0,51.96061,68.28701,83.5503
TJNR,7/12/2002,92,79,0.01,61.8467,76.941635,85.42366
TJNR,7/13/2002,92,78,0,65.92503,75.08288,87.695145
TJNR,7/14/2002,93,78,0,61.8467,73.29334,79.498726
TJNR,7/15/2002,92,81,0,56.7175,72.11034,87.881744
TJNR,7/16/2002,93,79,0.06,53.45501,71.474945,88.74824
TJNR,7/17/2002,91,77,0.01,63.377693,75.15617,84.6417
TJNR,7/18/2002,92,78,0,61.8467,75.123436,87.78896
TJNR,7/19/2002,91,80,0,55.579052,71.982315,82.18847
TJNR,7/20/2002,94,80,0.01,56.10593,74.35225,88.826744
TJNR,7/21/2002,93,79,0,57.436607,73.3887,93.6981
TJNR,7/22/2002,91,76,0.03,61.368637,74.82978,90.80131
TJNR,7/23/2002,92,80,0.1,63.611137,77.23496,87.78896
TJNR,7/24/2002,91,80,0.04,62.467205,74.70021,87.78896
TJNR,7/25/2002,93,80,0.03,59.049355,73.27428,84.75662
TJNR,7/26/2002,91,81,0.17,61.368637,75.20827,79.417564
TJNR,7/27/2002,87,78,0.23,67.48165,81.346924,96.4901
TJNR,7/28/2002,88,80,0.03,70.26737,80.572296,90.982346
TJNR,7/29/2002,91,81,0,63.611137,78.67322,93.720665
TJNR,7/30/2002,90,81,0,63.377693,75.171974,84.75662
TJNR,7/31/2002,90,79,0,68.19751,78.46776,90.3687
TJNR,8/1/2002,92,77,0,59.241306,78.56071,90.3345
TJNR,8/2/2002,90,76,0,63.249527,73.416435,90.80131
TJNR,8/3/2002,90,79,0,61.605896,73.15262,84.5785
TJNR,8/4/2002,89,79,0.1,61.125313,73.984344,87.2222
TJNR,8/5/2002,94,79,0.02,53.99715,73.40805,84.5785
TJNR,8/6/2002,94,77,0.27,59.801933,74.47905,90.2933
TJNR,8/7/2002,90,78,0.42,63.142265,79.613,96.5182
TJNR,8/8/2002,90,80,0,63.48405,77.680214,88.826744
TJNR,8/9/2002,94,79,0.06,60.2716,75.88,87.8397
TJNR,8/10/2002,93,79,0.02,59.66643,75.782455,90.3687
TJNR,8/11/2002,92,78,0.08,61.368637,78.58241,90.3345
TJNR,8/12/2002,92,77,0.0001,63.377693,76.36912,90.3345
TJNR,8/13/2002,93,80,0.0001,61.605896,73.1343,87.2222
TJNR,8/14/2002,91,81,0.03,65.803856,74.633835,84.75662
TJNR,8/15/2002,93,81,0.08,65.803856,76.98138,85.314026
TJNR,8/16/2002,88,81,0.11,70.04896,80.0507,87.8397
TJNR,8/17/2002,91,80,0.03,61.368637,75.277405,87.2222
TJNR,8/18/2002,89,78,0.07,62.6837,79.100914,93.698105
TJNR,8/19/2002,92,80,0,61.368637,74.38405,84.75662
TJNR,8/20/2002,91,82,0.01,65.30986,72.55533,84.75662
TJNR,8/21/2002,92,82,0,61.368637,74.7856,87.8397
TJNR,8/22/2002,91,80,0,59.241306,73.388306,87.881744
TJNR,8/23/2002,93,80,0.0001,57.693718,75.97237,90.4094
TJNR,8/24/2002,92,80,0.04,61.368637,77.15729,87.8397
TJNR,8/25/2002,92,78,0.06,61.8467,77.65345,100
TJNR,8/26/2002,90,79,0.02,63.377693,72.64604,84.6417
TJNR,8/27/2002,90,79,0,63.48405,72.33562,79.34958
TJNR,8/28/2002,92,80,0.12,61.368637,76.555435,94.2687
TJNR,8/29/2002,92,80,0.02,61.8467,79.36843,87.78896
TJNR,8/30/2002,88,79,0.65,70.04896,83.62589,100
TJNR,8/31/2002,90,80,0.09,67.69639,81.55074,94.26866
TJNR,9/1/2002,89,78,0.03,67.69639,78.87148,90.982346
TJNR,9/2/2002,89,78,0,67.69639,77.2356,84.6941
TJNR,9/3/2002,89,76,0,70.04896,82.85057,96.4747
TJNR,9/4/2002,89,78,0.28,67.69639,79.51613,90.4094
TJNR,9/5/2002,90,79,0.0001,62.467205,76.853806,87.2222
TJNR,9/6/2002,90,78,0,65.803856,77.12149,97.07821
TJNR,9/7/2002,91,81,0.05,65.925,78.360794,94.26866
TJNR,9/8/2002,91,80,0,68.19751,77.55355,84.6941
TJNR,9/9/2002,93,80,0.13,66.05125,78.407104,94.2687
TJNR,9/10/2002,90,80,0,61.605896,73.791176,87.8397
TJNR,9/11/2002,91,81,0,68.19751,78.81128,90.982346
TJNR,9/12/2002,91,82,0,65.925,76.96853,82.319595
TJNR,9/13/2002,91,80,0,61.368637,75.88883,85.314026
TJNR,9/14/2002,90,77,0.08,69.73445,81.17184,100
TJNR,9/15/2002,86,75,1.15,65.2306,81.394196,94.22723
TJNR,9/16/2002,91,72,1.31,67.909195,82.67103,100
TJNR,9/17/2002,91,78,0,65.925,79.799255,90.3345
TJNR,9/18/2002,92,76,0.0001,67.48165,82.440636,100
TJNR,9/19/2002,91,76,0,59.553066,81.49788,90.3687
TJNR,9/20/2002,90,76,0,68.19751,81.40605,90.80131
TJNR,9/21/2002,90,76,0.0001,70.15888,79.8823,100
TJNR,9/22/2002,91,78,0,67.5795,80.21492,90.4094
TJNR,9/23/2002,92,80,0,69.53894,81.19392,90.4094
TJNR,9/24/2002,93,78,0.07,72.10829,82.09494,94.2687
TJNR,9/25/2002,84,78,0.08,81.76868,88.01035,97.07821
TJNR,9/26/2002,89,74,0.95,72.597,88.59693,100
TJNR,9/27/2002,88,75,0,63.249527,84.04474,100
TJNR,9/28/2002,87,78,0.09,69.53894,83.407074,100
TJNR,9/29/2002,89,80,0.0001,67.69639,78.33882,90.4094
TJNR,9/30/2002,89,80,0.0001,67.69639,77.58051,88.90445
TJNR,10/1/2002,88,79,0,70.04896,80.66796,90.4094
TJNR,10/2/2002,89,78,0.05,67.5795,79.88605,94.18534
TJNR,10/3/2002,89,78,0,61.125313,73.12525,87.2222
TJNR,10/4/2002,89,79,0.03,63.377693,77.62843,94.22723
TJNR,10/5/2002,89,78,0.09,69.53894,79.82952,88.826744
TJNR,10/6/2002,87,78,0.09,63.2692,77.551476,88.826744
TJNR,10/7/2002,88,76,0.0001,63.249527,74.70705,93.59277
TJNR,10/8/2002,90,75,1.03,61.605896,76.53371,100
TJNR,10/9/2002,86,76,0.01,61.1182,80.412865,90.3687
TJNR,10/10/2002,84,77,0.03,78.7617,85.71417,93.0885
TJNR,10/11/2002,87,76,0.75,65.08342,80.06482,94.14301
TJNR,10/12/2002,88,76,0.03,70.26737,76.895676,90.3345
TJNR,10/13/2002,86,78,0.03,69.32069,77.821014,90.4094
TJNR,10/14/2002,91,78,0,61.363068,77.24997,87.78896
TJNR,10/15/2002,91,79,0,72.45915,82.34421,90.3687
TJNR,10/16/2002,90,78,0.25,61.605896,79.91383,90.4094
TJNR,10/17/2002,90,78,0.04,70.04896,75.87035,83.772194
TJNR,10/18/2002,87,74,0.55,67.219124,75.64105,88.507805
TJNR,10/19/2002,88,78,0.06,69.53894,77.61133,93.0885
TJNR,10/20/2002,89,77,0,67.69639,77.23201,90.2933
TJNR,10/21/2002,85,77,0.2,71.782036,82.58218,100
TJNR,10/22/2002,86,78,0.03,65.354546,78.72876,93.698105
TJNR,10/23/2002,88,78,0,70.04896,79.06472,93.698105
TJNR,10/24/2002,88,77,0.14,67.5795,79.06385,94.309654
TJNR,10/25/2002,87,80,0.15,67.056854,75.15942,87.2222
TJNR,10/26/2002,87,80,0.47,69.84597,77.10175,79.64634
TJNR,10/27/2002,86,81,0,67.36371,75.01858,79.34958
TJNR,10/28/2002,87,78,0,71.782036,79.30287,84.75662
TJNR,10/29/2002,87,77,0.0001,63.2692,79.52616,90.3345
TJNR,10/30/2002,85,77,0.02,71.58688,75.84095,83.5503
TJNR,10/31/2002,86,77,0.0001,66.15182,77.30905,90.2933
TJNR,11/1/2002,86,76,0.02,69.64109,81.23785,90.80131
TJNR,11/2/2002,85,76,0,67.14597,77.999405,87.54806
TJNR,11/3/2002,86,78,0.05,72.30214,80.622345,90.3345
TJNR,11/4/2002,85,78,0.05,67.65458,78.27556,90.3345
TJNR,11/5/2002,86,76,0,63.013004,73.273964,87.54806
TJNR,11/6/2002,86,78,0,67.36371,75.35809,82.05593
TJNR,11/7/2002,85,76,0.03,56.9815,77.68578,88.5888
TJNR,11/8/2002,85,76,0.88,65.94849,77.979546,88.668915
TJNR,11/9/2002,84,78,0.03,71.58688,77.040764,90.4094
TJNR,11/10/2002,85,77,0.12,69.64109,76.5533,84.5785
TJNR,11/11/2002,89,76,0.05,63.377693,75.23861,90.80131
TJNR,11/12/2002,87,78,0,69.528534,77.73117,90.3345
TJNR,11/13/2002,87,75,0.13,63.2692,78.22976,96.4461
TJNR,11/14/2002,86,74,0.26,58.5495,77.68769,90.80131
TJNR,11/15/2002,86,76,0.08,63.013004,79.26629,94.2687
TJNR,11/16/2002,87,77,0.04,65.354546,76.632805,90.2933
TJNR,11/17/2002,87,76,0.22,63.142265,76.11797,87.54806
TJNR,11/18/2002,84,77,0.44,69.64109,79.23483,88.668915
TJNR,11/19/2002,83,74,0.25,64.8973,78.30825,94.10022
TJNR,11/20/2002,86,75,0.0001,65.354546,79.84617,93.59277
TJNR,11/21/2002,87,74,0.04,63.013004,83.19022,93.56953
TJNR,11/22/2002,86,75,0.15,71.782036,85.41189,97.07821
TJNR,11/23/2002,86,75,0,69.73445,78.7041,93.56953
TJNR,11/24/2002,86,80,0.02,67.36371,74.556526,84.6417
TJNR,11/25/2002,87,79,0.0001,63.013004,74.05797,79.1989
TJNR,11/26/2002,86,79,0.04,65.2306,74.32989,83.5503
TJNR,11/27/2002,86,75,0.0001,62.774475,73.242744,82.0559
TJNR,11/28/2002,85,74,0,63.2692,75.08066,87.45151
TJNR,11/29/2002,84,71,0,67.14597,81.424416,93.51795
TJNR,11/30/2002,86,72,0,65.0019,79.71352,93.48956
TJNR,12/1/2002,87,75,0.01,60.7359,73.79758,90.2171
TJNR,12/2/2002,85,78,0.26,67.14597,76.17252,84.6417
TJNR,12/3/2002,85,79,0.03,56.9815,69.49797,82.05593
TJNR,12/4/2002,85,74,0.7,65.2306,78.94067,94.14301
TJNR,12/5/2002,84,77,0.05,67.14597,72.59753,79.11601
TJNR,12/6/2002,84,74,0.13,54.5512,71.173676,94.10022
TJNR,12/7/2002,85,78,0.02,59.135,66.99771,76.73702
TJNR,12/8/2002,84,77,0.23,67.617035,77.61621,87.1241
TJNR,12/9/2002,84,76,0.13,65.1269,74.64612,87.54806
TJNR,12/10/2002,84,74,0.4,69.897545,86.793365,100
TJNR,12/11/2002,83,78,0,65.0019,79.38832,97.07821
TJNR,12/12/2002,82,78,0.01,69.4343,77.16918,84.5256
TJNR,12/13/2002,84,75,0.1,67.14597,76.12284,84.52559
TJNR,12/14/2002,84,73,0.08,63.031284,76.25731,96.417175
TJNR,12/15/2002,84,75,0,67.14597,77.01959,87.54806
TJNR,12/16/2002,82,71,0.04,71.38986,82.27717,90.65528
TJNR,12/17/2002,84,71,0.02,69.4343,83.34136,93.54147
TJNR,12/18/2002,83,73,0,69.5285,81.92462,93.54147
TJNR,12/19/2002,84,70,0.15,62.774475,80.29874,94.057
TJNR,12/20/2002,84,74,0.28,58.396584,69.89116,93.54147
TJNR,12/21/2002,84,76,0.01,65.1269,77.28155,90.80131
TJNR,12/22/2002,83,76,0.1,69.5285,79.17704,94.14301
TJNR,12/23/2002,85,74,0.02,67.4378,80.25994,93.54147
TJNR,12/24/2002,82,75,0.14,66.92626,76.73229,87.5043
TJNR,12/25/2002,85,74,0.03,65.2306,79.76785,93.56953
TJNR,12/26/2002,81,72,0.02,74.1149,88.30167,96.99304
TJNR,12/27/2002,84,72,0,56.508995,75.41306,94.10022
TJNR,12/28/2002,83,70,0.01,63.156197,76.34989,90.0191
TJNR,12/29/2002,83,70,0,63.0313,77.176216,93.46576
TJNR,12/30/2002,84,76,0.34,63.0313,76.79295,87.60026
TJNR,12/31/2002,84,77,0.04,65.1269,74.94835,84.5256
TJNR,1/1/2003,84,75,0.11,60.8714,76.99272,90.39978
TJNR,1/2/2003,84,76,0,69.59207,77.66816,94.14301
TJNR,1/3/2003,85,76,0,59.135,72.55606,79.17114
TJNR,1/4/2003,85,75,0.04,63.0313,75.701584,88.588776
TJNR,1/5/2003,82,73,0.45,69.27759,82.33237,94.10022
TJNR,1/6/2003,83,72,0.04,69.4343,81.19462,94.05696
TJNR,1/7/2003,84,68,0,65.0019,81.439644,100
TJNR,1/8/2003,85,70,0,58.07999,82.420555,100
TJNR,1/9/2003,84,69,0.03,62.02914,84.87047,100
TJNR,1/10/2003,84,72,0,65.94849,81.14447,96.99354
TJNR,1/11/2003,84,72,0,65.0019,77.3074,100
TJNR,1/12/2003,84,77,0,60.8714,72.167656,83.437645
TJNR,1/13/2003,84,73,0.03,61.807594,73.153015,94.10022
TJNR,1/14/2003,84,74,0.02,69.4343,78.5706,88.588776
TJNR,1/15/2003,84,71,0,60.7359,74.24814,94.05696
TJNR,1/16/2003,84,71,0.0001,65.1269,78.92376,94.05696
TJNR,1/17/2003,85,72,0.02,58.07999,72.79712,94.05696
TJNR,1/18/2003,83,71,0.07,69.4343,80.492546,90.32327
TJNR,1/19/2003,84,70,0,60.8714,74.00387,94.05696
TJNR,1/20/2003,83,73,0.16,69.5285,78.03042,90.39978
TJNR,1/21/2003,84,76,0.05,65.0019,73.53776,88.588776
TJNR,1/22/2003,84,70,0,60.7359,74.02283,90.0191
TJNR,1/23/2003,83,73,0.05,64.8973,77.92033,90.32327
TJNR,1/24/2003,85,68,0.13,54.798595,77.51705,94.10022
TJNR,1/25/2003,83,72,1.52,69.4343,87.45058,100
TJNR,1/26/2003,83,74,0.06,64.8973,75.95319,84.45763
TJNR,1/27/2003,83,71,0.0001,61.807594,76.67628,96.3879
TJNR,1/28/2003,84,71,0.2,58.07999,76.58252,96.99354
TJNR,1/29/2003,84,76,0,63.0313,71.41398,78.47891
TJNR,1/30/2003,83,73,0.27,65.0019,80.29376,94.10022
TJNR,1/31/2003,82,71,0.22,69.4343,84.20733,94.10022
TJNR,2/1/2003,84,69,0,65.0019,81.59743,94.05696
TJNR,2/2/2003,84,69,0,65.0019,83.03222,94.10022
TJNR,2/3/2003,82,70,0,66.9263,80.75531,94.10022
TJNR,2/4/2003,82,74,0.24,69.897545,82.24007,100
TJNR,2/5/2003,84,72,0.1,69.8975,79.77647,94.14301
TJNR,2/6/2003,84,77,0,65.94849,74.76881,83.437645
TJNR,2/7/2003,84,75,0.16,60.8714,75.360695,94.14301
TJNR,2/8/2003,83,74,0.03,67.4378,75.75625,85.08769
TJNR,2/9/2003,84,78,0,65.0019,72.55274,83.437645
TJNR,2/10/2003,82,75,0.05,64.8973,75.85339,88.5888
TJNR,2/11/2003,83,74,0.18,67.4378,79.48761,94.14301
TJNR,2/12/2003,84,72,0.02,60.8714,76.00994,93.4896
TJNR,2/13/2003,84,71,0.03,65.0019,80.02535,94.14301
TJNR,2/14/2003,84,69,0,60.7359,77.383766,92.8335
TJNR,2/15/2003,85,76,0,56.9815,70.07359,83.32391
TJNR,2/16/2003,84,73,0.05,60.7359,76.24004,90.39978
TJNR,2/17/2003,84,75,0.08,65.0019,78.36229,90.39978
TJNR,2/18/2003,85,76,0.03,56.9815,73.36045,88.5888
TJNR,2/19/2003,85,77,0.0001,63.0313,71.62445,78.62098
TJNR,2/20/2003,84,74,0.0001,58.07999,74.14725,88.5888
TJNR,2/21/2003,80,73,0.09,61.58435,76.85745,90.32327
TJNR,2/22/2003,85,76,0,56.9815,72.75534,83.32391
TJNR,2/23/2003,85,75,0.0001,56.7175,68.54196,85.08769
TJNR,2/24/2003,86,70,0.06,64.68674,73.936554,94.01323
TJNR,2/25/2003,84,72,0.06,62.02914,76.11368,100
TJNR,2/26/2003,84,70,0,60.8714,76.36051,94.05696
TJNR,2/27/2003,84,70,0.04,62.02914,79.72634,100
TJNR,2/28/2003,85,69,0,60.9838,76.21354,92.8335
TJNR,3/1/2003,85,75,0,60.8714,73.33552,88.588776
TJNR,3/2/2003,84,74,0.02,63.0313,76.04234,88.668915
TJNR,3/3/2003,86,74,0,65.2306,74.218544,87.1241
TJNR,3/4/2003,86,77,0.0001,55.044296,71.88424,84.57616
TJNR,3/5/2003,85,77,0,62.02914,71.13337,76.193085
TJNR,3/6/2003,86,77,0,60.8714,70.57752,79.10189
TJNR,3/7/2003,87,77,0,58.781776,71.79768,79.17114
TJNR,3/8/2003,86,77,0,65.1269,75.54556,81.55377
TJNR,3/9/2003,86,77,0,62.249004,74.99637,84.57616
TJNR,3/10/2003,88,74,0.04,58.781776,78.51303,94.14301
TJNR,3/11/2003,87,75,0.03,61.1182,76.54499,94.14301
TJNR,3/12/2003,85,77,0,63.2692,71.396736,79.10189
TJNR,3/13/2003,87,77,0,54.798595,66.20965,79.01681
TJNR,3/14/2003,87,77,0,54.798595,66.53243,78.47891
TJNR,3/15/2003,86,73,0.08,60.8714,74.87203,84.57616
TJNR,3/16/2003,86,76,0.03,60.8714,73.136856,94.14301
TJNR,3/17/2003,84,75,0.0001,60.7359,72.82944,83.437645
TJNR,3/18/2003,85,76,0,62.02914,73.612335,88.588776
TJNR,3/19/2003,87,74,0.05,67.6068,80.465805,96.4461
TJNR,3/20/2003,87,68,0,59.135,82.28675,100
TJNR,3/21/2003,86,69,0,65.94849,83.38432,100
TJNR,3/22/2003,85,71,0.37,60.9838,79.889885,100
TJNR,3/23/2003,85,73,0.02,63.2692,77.97248,94.14301
TJNR,3/24/2003,86,72,0.08,60.8714,79.493286,100
TJNR,3/25/2003,87,70,0,55.28835,79.006004,100
TJNR,3/26/2003,88,72,0.01,62.467205,83.434746,100
TJNR,3/27/2003,86,73,0.01,67.6068,85.13775,100
TJNR,3/28/2003,88,71,0.0001,62.467205,81.713066,100
TJNR,3/29/2003,86,72,0.01,70.083244,83.97487,100
TJNR,3/30/2003,86,76,0.01,62.02914,72.00713,94.14301
TJNR,3/31/2003,86,75,0.01,65.1269,76.05935,90.39978
TJNR,4/1/2003,86,73,0.47,62.249004,87.234764,100
TJNR,4/2/2003,86,71,0.2,65.2306,79.93976,100
TJNR,4/3/2003,86,74,0.72,70.083244,83.93585,100
TJNR,4/4/2003,86,75,0.0001,60.9838,76.73247,94.14301
TJNR,4/5/2003,80,76,0.58,78.62098,92.22586,100
TJNR,4/6/2003,86,74,0.12,67.6068,87.67087,100
TJNR,4/7/2003,85,77,0.01,74.2799,83.50093,96.4901
TJNR,4/8/2003,84,73,0.07,73.9485,82.84456,100
TJNR,4/9/2003,84,73,0.41,74.2799,86.95407,100
TJNR,4/10/2003,85,76,0.16,77.231,88.73921,100
TJNR,4/11/2003,85,74,0.53,79.039246,95.233986,100
TJNR,4/12/2003,86,78,0,77.231,88.436714,96.4901
TJNR,4/13/2003,87,77,0,77.3192,91.03841,100
TJNR,4/14/2003,85,73,0.09,77.231,87.554245,100
TJNR,4/15/2003,86,73,0.2,76.6961,87.071075,100
TJNR,4/16/2003,85,75,0.18,74.44338,88.24936,100
TJNR,4/17/2003,79,71,4.62,96.678116,99.23995,100
TJNR,4/18/2003,80,71,1.27,78.62098,94.15741,100
TJNR,4/19/2003,85,73,0.36,87.8397,95.81054,100
TJNR,4/20/2003,86,76,0,74.44338,90.955734,100
TJNR,4/21/2003,86,75,0,74.44338,88.95542,100
TJNR,4/22/2003,83,72,0.06,87.5789,97.7973,100
TJNR,4/23/2003,85,73,0.37,52.3744,95.19837,100
TJNR,4/24/2003,84,73,0,70.81,86.57261,100
TJNR,4/25/2003,85,75,0.01,69.897545,80.4289,94.14301
TJNR,4/26/2003,87,78,0,66.35352,78.444916,84.5785
TJNR,4/27/2003,87,77,0.07,69.59207,78.69172,87.1241
TJNR,4/28/2003,87,78,0,66.15182,78.94757,85.0435
TJNR,4/29/2003,87,75,0,62.249004,75.22783,88.588776
TJNR,4/30/2003,87,77,0,59.135,73.22871,84.57616
TJNR,5/1/2003,86,79,0,62.249004,74.11352,81.6337
TJNR,5/2/2003,86,78,0,62.249004,75.88094,84.5256
TJNR,5/3/2003,86,78,0,58.549522,73.06108,87.1241
TJNR,5/4/2003,86,77,0,60.8714,68.95605,76.193085
TJNR,5/5/2003,86,78,0,61.1182,70.55361,78.62098
TJNR,5/6/2003,86,76,0.04,61.1182,71.51716,83.5503
TJNR,5/7/2003,86,79,0,62.02914,71.70585,79.17114
TJNR,5/8/2003,86,77,0,62.249004,71.51399,78.62098
TJNR,5/9/2003,87,75,0.09,62.249004,72.24324,88.5888
TJNR,5/10/2003,86,77,0.1,61.064674,72.41207,81.55377
TJNR,5/11/2003,86,77,0.01,56.9815,69.71464,78.62098
TJNR,5/12/2003,86,77,0.01,58.549522,68.170815,73.967064
TJNR,5/13/2003,87,76,0.16,61.1182,71.285904,83.437645
TJNR,5/14/2003,85,74,1.02,69.897545,80.51487,88.668915
TJNR,5/15/2003,86,77,0,65.2306,74.00523,81.55377
TJNR,5/16/2003,86,77,0.07,65.94849,74.896835,94.10022
TJNR,5/17/2003,86,76,0.07,67.6068,76.85037,88.588776
TJNR,5/18/2003,83,76,0.17,74.114944,81.41515,94.18534
TJNR,5/19/2003,86,75,0,69.685555,80.11943,94.14301
TJNR,5/20/2003,87,75,0.15,62.249004,82.771164,94.18534
TJNR,5/21/2003,86,74,5.81,65.2306,86.201645,100
TJNR,5/22/2003,86,74,0,69.685555,80.54532,94.14301
TJNR,5/23/2003,85,79,0.01,69.5285,76.25618,83.66177
TJNR,5/24/2003,87,81,0,66.35352,76.66679,84.6941
TJNR,5/25/2003,87,80,0,66.15182,74.47147,83.66177
TJNR,5/26/2003,86,80,0.01,69.799286,75.949844,81.6337
TJNR,5/27/2003,87,79,0,65.94849,73.50423,79.17114
TJNR,5/28/2003,86,79,0,62.249004,71.92658,81.6337
TJNR,5/29/2003,87,79,0.02,62.467205,74.25901,83.6618
TJNR,5/30/2003,88,79,0,58.781776,72.427795,82.0559
TJNR,5/31/2003,86,79,0,60.9838,70.12451,81.6337
TJNR,6/1/2003,85,74,0.23,65.2306,76.39562,94.10022
TJNR,6/2/2003,87,76,0.16,61.1182,74.43188,88.588776
TJNR,6/3/2003,84,77,0.14,65.1269,72.30761,84.57616
TJNR,6/4/2003,87,75,0.02,58.549522,71.01689,86.949745
TJNR,6/5/2003,87,79,0,62.249004,72.14213,84.5256
TJNR,6/6/2003,85,74,0.45,67.6068,79.35736,88.668915
TJNR,6/7/2003,83,76,0.5,74.114944,81.69292,94.18534
TJNR,6/8/2003,86,77,0.13,69.685555,76.79847,90.3345
TJNR,6/9/2003,86,80,0,65.26648,72.8923,79.1989
TJNR,6/10/2003,86,80,0,59.135,70.357414,78.62098
TJNR,6/11/2003,86,79,0,65.2306,71.75159,79.1989
TJNR,6/12/2003,86,79,0.2,65.94849,74.140015,83.5503
TJNR,6/13/2003,86,79,0,66.15182,72.81753,79.17114
TJNR,6/14/2003,87,77,0.24,65.2306,76.12928,90.3345
TJNR,6/15/2003,83,77,0.31,78.90113,87.487564,94.22723
TJNR,6/16/2003,86,79,0.06,66.35352,76.59088,87.2222
TJNR,6/17/2003,86,80,0,65.26648,73.58063,79.1989
TJNR,6/18/2003,88,79,0.01,66.15182,75.11216,83.6618
TJNR,6/19/2003,87,78,0.01,66.15182,75.25048,88.74824
TJNR,6/20/2003,87,80,0,18.911001,74.846855,83.66177
TJNR,6/21/2003,88,79,0.01,62.467205,75.66529,87.2222
TJNR,6/22/2003,87,79,0.04,62.249004,72.58858,83.5503
TJNR,6/23/2003,87,79,0,58.781776,71.310394,79.2676
TJNR,6/24/2003,88,80,0,62.467205,73.19644,84.6417
TJNR,6/25/2003,88,81,0,62.467205,71.68117,79.2676
TJNR,6/26/2003,88,80,0,58.781776,71.53207,79.2676
TJNR,6/27/2003,88,79,0,66.35352,74.118164,84.5785
TJNR,6/28/2003,88,78,0.4,62.467205,75.18646,84.5785
TJNR,6/29/2003,87,80,0.06,65.1269,71.83248,83.66177
TJNR,6/30/2003,86,80,0,55.530766,75.07702,79.39962
TJNR,7/1/2003,87,79,0.04,62.467205,76.414856,87.1241
TJNR,7/2/2003,87,77,0.54,62.467205,75.54524,94.18534
TJNR,7/3/2003,87,79,0.08,62.467205,76.49924,88.74824
TJNR,7/4/2003,87,79,0.02,62.249004,74.49164,84.6417
TJNR,7/5/2003,86,78,0.64,70.0832,77.27484,81.55377
TJNR,7/6/2003,87,78,0.03,66.15182,76.56282,87.1241
TJNR,7/7/2003,85,78,0,69.685555,76.62864,84.5785
TJNR,7/8/2003,87,80,0.03,74.2799,83.35266,90.66067
TJNR,7/9/2003,88,77,0.11,69.799286,81.26798,100
TJNR,7/10/2003,88,77,0.17,42.30341,76.33702,84.57616
TJNR,7/11/2003,90,79,0,66.35352,75.3384,83.66177
TJNR,7/12/2003,89,77,0.14,66.35352,77.82537,88.74824
TJNR,7/13/2003,82,72,3.29,78.76171,86.03876,100
TJNR,7/14/2003,87,79,0,69.685555,77.05621,87.2222
TJNR,7/15/2003,88,78,0.2,69.685555,79.47372,88.9814
TJNR,7/16/2003,86,77,0.05,73.9485,81.214966,94.18534
TJNR,7/17/2003,89,79,0,61.807594,71.44508,84.866806
TJNR,7/18/2003,86,79,0,74.114944,82.87423,93.1182
TJNR,7/19/2003,86,79,0,70.083244,77.99798,88.9814
TJNR,7/20/2003,87,80,0,66.3535,75.40671,84.866806
TJNR,7/21/2003,87,79,0.01,66.35352,76.74342,90.4094
TJNR,7/22/2003,85,78,0.09,74.44338,83.501205,88.90445
TJNR,7/23/2003,86,80,0,66.15182,75.492485,88.826744
TJNR,7/24/2003,87,79,0,62.249004,74.08918,84.5785
TJNR,7/25/2003,89,79,0,66.55361,75.89124,83.88154
TJNR,7/26/2003,88,79,0.01,69.71026,79.32877,84.6941
TJNR,7/27/2003,86,79,0.02,74.2799,79.9028,94.22723
TJNR,7/28/2003,87,79,0.09,69.799286,83.55585,94.309654
TJNR,7/29/2003,88,80,0,62.467205,75.3162,84.6417
TJNR,7/30/2003,89,79,0,62.467205,75.58738,88.74824
TJNR,7/31/2003,88,78,0.7,66.35352,79.30308,90.3345
TJNR,8/1/2003,88,79,0.02,62.467205,76.06443,84.5785
TJNR,8/2/2003,86,77,0.27,69.685555,79.7567,100
TJNR,8/3/2003,87,79,0,62.467205,75.96324,84.6417
TJNR,8/4/2003,87,78,0.0001,66.3535,77.97647,87.2222
TJNR,8/5/2003,90,78,0,65.72114,76.50791,88.826744
TJNR,8/6/2003,85,77,0.05,74.114944,83.33439,100
TJNR,8/7/2003,86,78,0.33,69.685555,78.37433,90.3345
TJNR,8/8/2003,89,78,0.01,60.9838,78.88956,94.26866
TJNR,8/9/2003,89,80,0.0001,63.0313,81.0058,89.132866
TJNR,8/10/2003,87,80,0.02,66.3535,77.615654,87.2222
TJNR,8/11/2003,88,77,0,62.249004,76.073784,88.668915
TJNR,8/12/2003,87,77,0,62.249004,75.124756,88.668915
TJNR,8/13/2003,90,77,0.02,66.35352,81.92905,96.79759
TJNR,8/14/2003,87,81,0,66.15182,81.16744,100
TJNR,8/15/2003,89,79,0,62.683746,78.30489,87.2222
TJNR,8/16/2003,88,80,0.03,66.15182,75.832436,90.39978
TJNR,8/17/2003,88,78,0.08,66.15182,76.67724,87.2222
TJNR,8/18/2003,90,75,0.16,62.683746,80.79606,94.2687
TJNR,8/19/2003,90,77,0.1,66.35352,82.10752,100
TJNR,8/20/2003,89,80,0.0001,70.116646,77.22374,83.88154
TJNR,8/21/2003,88,75,0.63,66.15182,79.323906,94.26866
TJNR,8/22/2003,85,75,0.68,69.685555,79.24249,100
TJNR,8/23/2003,86,75,0,62.683746,72.67972,83.32391
TJNR,8/24/2003,88,76,0,66.35352,74.88684,79.1989
TJNR,8/25/2003,90,76,0.35,73.780556,82.01273,100
TJNR,8/26/2003,88,78,0.1,70.00456,82.69699,96.4901
TJNR,8/27/2003,88,80,0.01,66.35352,77.03981,94.2687
TJNR,8/28/2003,86,78,0.06,62.249004,79.49074,88.826744
TJNR,8/29/2003,86,79,0,65.49481,77.85757,84.6417
TJNR,8/30/2003,87,79,0,66.35352,77.33995,87.6745
TJNR,8/31/2003,86,79,0.05,69.685555,77.68283,88.826744
TJNR,9/1/2003,90,80,0,66.35352,79.52721,90.4094
TJNR,9/2/2003,87,79,0.03,66.15182,79.964485,88.826744
TJNR,9/3/2003,88,75,0.02,58.07999,80.87302,90.39978
TJNR,9/4/2003,89,75,0.03,62.467205,80.23662,90.39978
TJNR,9/5/2003,90,77,1.15,65.72114,81.70347,96.4901
TJNR,9/6/2003,89,79,0.17,58.781776,72.73574,88.74824
TJNR,9/7/2003,87,79,0,66.35352,78.098946,88.826744
TJNR,9/8/2003,86,74,1.47,62.249004,86.9328,100
TJNR,9/9/2003,88,75,0.2,59.012367,78.325584,87.1241
TJNR,9/10/2003,90,80,0,47.965614,77.63341,88.90445
TJNR,9/11/2003,88,76,0.17,62.467205,77.7617,100
TJNR,9/12/2003,89,76,0.15,62.467205,77.1151,94.14301
TJNR,9/13/2003,89,76,0,20.506035,79.60612,94.14301
TJNR,9/14/2003,89,76,0.03,62.683746,77.58242,94.14301
TJNR,9/15/2003,90,78,0.08,74.44338,81.087166,90.3687
TJNR,9/16/2003,90,79,0.02,62.072285,81.738335,100
TJNR,9/17/2003,91,81,0.1,62.8986,79.39619,94.26866
TJNR,9/18/2003,90,79,0.01,35.52903,75.0745,88.90445
TJNR,9/19/2003,89,78.8,0.17,66.35352,78.47348,94.2687
TJNR,9/20/2003,85,72,0.79,69.685555,80.68553,96.4747
TJNR,9/21/2003,80,74,2.97,87.5789,93.55643,100
TJNR,9/22/2003,88,76,0,61.631176,77.77717,94.18534
TJNR,9/23/2003,90,77,0,59.012367,80.48801,100
TJNR,9/24/2003,91,77,0,65.49481,80.80571,100
TJNR,9/25/2003,89,78.8,0,60.9838,78.45577,90.9054
TJNR,9/26/2003,90,80,0,68.15676,77.53547,88.90445
TJNR,9/27/2003,88,82,0,70.44994,76.992035,84.866806
TJNR,9/28/2003,88,82,0,61.241543,72.2187,83.66177
TJNR,9/29/2003,89,81,0.17,65.49481,78.75931,100
TJNR,9/30/2003,88,81,0.09,66.35352,78.80092,84.5785
TJNR,10/1/2003,88,78,0.1,65.49481,79.42069,96.5733
TJNR,10/2/2003,90,77,0.0001,62.683746,81.084076,96.4901
TJNR,10/3/2003,88,77,0,66.35352,78.60326,90.3687
TJNR,10/4/2003,88,79,0.1,66.35352,76.74627,84.5785
TJNR,10/6/2003,88,78,0.01,65.72114,76.78089,88.5888
TJNR,10/7/2003,88,78,0.04,66.35352,79.80983,100
TJNR,10/8/2003,86,79,0,70.26737,78.6898,83.88154
TJNR,10/9/2003,85,77,0.32,80.0404,92.07838,100
TJNR,10/10/2003,84,77,0,83.66177,89.85532,100
TJNR,10/11/2003,83,79,0,66.35352,78.72781,93.3304
TJNR,10/13/2003,88,80,0,65.49481,68.973946,71.9753
TJNR,10/14/2003,88,76,0,65.49481,79.354836,94.14301
TJNR,10/15/2003,88,75.2,0,66.35352,83.582535,96.615
TJNR,10/16/2003,87,77,0.14,62.467205,82.543335,100
TJNR,10/17/2003,87,77,0,66.15182,76.167076,88.668915
TJNR,10/18/2003,84,80,0,65.49481,74.27311,81.82045
TJNR,10/20/2003,88,78,0.0001,66.35352,80.161896,87.1241
TJNR,10/21/2003,85,75,0,77.068,83.17614,90.2933
TJNR,10/22/2003,87,80,0,66.35352,76.4468,79.549965
TJNR,10/23/2003,85,79,0.04,80.0404,88.008896,94.26866
TJNR,10/24/2003,89,79,0,66.35352,76.86005,84.5785
TJNR,10/25/2003,88,81,0,66.35352,74.81447,79.2676
TJNR,10/27/2003,88,78,0.0001,66.3535,81.4478,96.6003
TJNR,10/28/2003,84,77,0,74.2799,,84.57616
TJNR,10/29/2003,86,75,0.29,74.114944,85.17423,100
TJNR,10/30/2003,86,77,0,69.685555,76.77097,79.46747
TJNR,10/31/2003,87,78,0,66.1518,76.08515,82.1885
TJNR,11/1/2003,87,78,0,66.35352,76.08883,83.88154
TJNR,11/4/2003,88,84,0,77.28062,,89.0575
TJNR,11/5/2003,89,84,0.0001,74.6054,76.015434,83.88154
TJNR,11/6/2003,86,80,0.37,74.6054,87.02079,100
TJNR,11/7/2003,88,80,0.01,74.76602,86.15272,100
TJNR,11/8/2003,87,82,0.01,66.35352,80.904945,88.826744
TJNR,11/9/2003,84,75,0.0001,94.22723,,96.42644
TJNR,11/11/2003,81,77,0.0001,77.74003,85.61457,100
TJNR,11/12/2003,78,75,0.0001,76.569,84.78225,100
TJNR,11/13/2003,82,79,0.05,78.62098,86.66977,100
TJNR,11/14/2003,83,77,0.89,78.62098,85.055725,100
TJNR,11/15/2003,86,78,0.0001,65.26648,77.595436,81.55377
TJNR,11/17/2003,82,76,0.0001,74.24337,80.61405,96.4747
TJNR,11/18/2003,83,78,0.21,78.9011,90.0094,96.4747
TJNR,11/19/2003,85,75,0.0001,72.10829,86.993,94.18534
TJNR,11/20/2003,86,73,0,74.50657,87.63738,96.678116
TJNR,11/21/2003,84,72,0,74.44338,80.58486,94.309654
TJNR,11/22/2003,85,75,0,67.6068,81.30967,88.668915
TJNR,11/23/2003,84,79,0,,,
TJNR,11/24/2003,83,74,0.03,72.9919,88.63562,100
TJNR,11/25/2003,82,75,0,74.2799,79.5079,83.32391
TJNR,11/26/2003,84,78,0,70.083244,79.186424,87.2222
TJNR,11/29/2003,88,82,0,74.76602,79.47376,83.88154
TJNR,11/30/2003,78,75,0.0001,88.668915,,100
TJNR,12/1/2003,85,74,0.04,65.2306,78.63849,94.05696
TJNR,12/2/2003,86,78,0,74.114944,78.22017,81.6337
TJNR,12/3/2003,84.2,78,0,65.74351,74.94658,79.39962
TJNR,12/4/2003,84.2,77,0.15,62.0291,78.97497,96.4747
TJNR,12/5/2003,83,78.8,0,74.114944,78.07627,80.165
TJNR,12/6/2003,81,77,0.02,78.62098,83.575905,94.22723
TJNR,12/8/2003,83,77,0.0001,78.76171,86.86934,96.4747
TJNR,12/9/2003,81,76,0.12,69.52137,85.49582,94.14301
TJNR,12/10/2003,82,74,0.0001,78.76171,85.20672,94.10022
TJNR,12/11/2003,85,77,0.13,76.6996,82.09386,88.668915
TJNR,12/12/2003,86,75,0,70.26737,79.6598,83.32391
TJNR,12/13/2003,85,75,0.0001,72.30214,80.67978,84.57616
TJNR,12/15/2003,84,77,0,82.42622,,83.772194
TJNR,12/16/2003,84,76,0,67.177505,75.4136,79.549965
TJNR,12/17/2003,86,76,0.05,69.799286,83.19345,94.14301
TJNR,12/18/2003,85,76,0.0001,71.5869,75.366615,78.90113
TJNR,12/19/2003,85,75,0.01,63.2692,73.7959,79.1989
TJNR,12/20/2003,85,75,0,72.30214,,83.88154
TJNR,12/22/2003,85,74,0.4,65.2306,74.82563,83.32391
TJNR,12/23/2003,86,75,0.11,69.799286,77.424736,83.32391
TJNR,12/24/2003,81,75,0.11,76.6996,82.52023,88.5888
TJNR,12/27/2003,81,73,0.03,78.47891,83.10272,88.507805
TJNR,12/28/2003,79,73,0.01,69.52137,79.42048,83.437645
TJNR,12/29/2003,81,71.6,0.0001,60.95701,71.01565,83.09303
TJNR,12/30/2003,81,62.1,0,44.21565,62.40532,73.4916
TJNR,12/31/2003,81,71.6,0.01,54.30221,67.98694,78.19072
TJNR,1/3/2004,81,78,0,58.255,66.34001,69.5214
TJNR,1/4/2004,76,69,0.19,,,
TJNR,1/5/2004,82,75,0.06,69.8975,79.32289,88.5888
TJNR,1/6/2004,78,73,0.27,79.3669,86.77321,100
TJNR,1/7/2004,84,74,0,69.4343,78.72812,84.8003
TJNR,1/8/2004,82,75,0,74.247,75.9754,82.1885
TJNR,1/9/2004,84,71,0,71.9184,82.60789,90.062
TJNR,1/10/2004,82,77,0,71.3899,78.98829,83.4376
TJNR,1/12/2004,82,70,0.45,71.5869,87.53711,96.3879
TJNR,1/13/2004,84,71,0.0001,67.146,81.43938,93.4658
TJNR,1/14/2004,83,73,0,69.4343,83.171196,90.14
TJNR,1/15/2004,83,72,0,62.4018,80.26148,92.9166
TJNR,1/16/2004,81,68,0,67.2191,83.73441,93.3839
TJNR,1/17/2004,82,71,0,,,
TJNR,1/18/2004,,,0,,,
TJNR,1/20/2004,83,73,0,65.0019,82.247444,93.518
TJNR,1/21/2004,82,72,0,62.5339,79.324585,93.4896
TJNR,1/22/2004,,,0,,,
TJNR,1/23/2004,82,72,0.07,71.3899,85.11703,90.7287
TJNR,1/24/2004,,,0.0001,,,
TJNR,1/26/2004,78,75,0.0001,59.7392,62.786854,68.7828
TJNR,1/27/2004,82,72,0.0001,64.8973,77.81653,81.7121
TJNR,1/28/2004,81,79,0.0001,,,
TJNR,1/29/2004,,,0,,,
TJNR,1/30/2004,82,75,0.0001,56.2428,64.76182,71.1909
TJNR,1/31/2004,83,69,0,,,
TJNR,2/2/2004,85,78,0.01,58.5141,73.39824,81.4972
TJNR,2/3/2004,83,78,0.0001,69.5285,74.576904,81.4972
TJNR,2/4/2004,83,79,0,58.5141,70.54516,76.737
TJNR,2/5/2004,95,89,0.05,,,
TJNR,2/6/2004,82,76,0,62.2913,67.41162,73.9652
TJNR,2/9/2004,83,69,0.05,69.1109,79.63593,90.7287
TJNR,2/10/2004,83,77,0.21,56.2428,63.15719,66.5828
TJNR,2/11/2004,83,78,0,59.9939,63.649975,66.9263
TJNR,2/12/2004,83,77,0,60.2337,63.780655,69.1109
TJNR,2/13/2004,85,78,0,41.5496,60.76711,66.7046
TJNR,2/17/2004,83,73,0,58.5141,80.346016,93.518
TJNR,2/18/2004,82,76,0,64.2645,71.82421,84.3436
TJNR,2/19/2004,83,75,0,67.4378,81.06272,90.2171
TJNR,2/20/2004,81,74,0,69.3207,81.068985,87.5043
TJNR,2/23/2004,81,72,0.0001,58.1365,82.070366,90.6553
TJNR,2/24/2004,82,75,0,58.3966,68.78079,73.5941
TJNR,2/25/2004,84,77,0.0001,67.146,75.354744,79.1989
TJNR,2/26/2004,84,76,0.01,69.6411,78.75556,81.8483
TJNR,2/27/2004,84,77,0,60.8714,76.09427,84.4617
TJNR,3/1/2004,80,75,0,55.9745,62.3688,64.3036
TJNR,3/2/2004,79,72,0.0001,59.7392,76.07313,87.3539
TJNR,3/3/2004,82,77,0.0001,50.8367,60.33672,62.4018
TJNR,3/4/2004,82,77,0.0001,48.9304,56.73912,66.358
TJNR,3/5/2004,83,78,0,48.3466,49.654827,54.0767
TJNR,3/8/2004,82,77,0,56.2428,64.60315,68.8991
TJNR,3/9/2004,83,75,0,63.0313,77.70741,87.5043
TJNR,3/10/2004,84,76,0.0001,69.5285,79.78145,93.5928
TJNR,3/11/2004,83,78,0,64.8973,73.93155,76.3613
TJNR,3/12/2004,83,78,0,64.8973,71.05204,73.8815
TJNR,3/15/2004,84,79,0,62.7745,67.13345,69.1109
TJNR,3/16/2004,84,78,0.0001,62.7745,71.117455,76.1914
TJNR,3/17/2004,84,79,0.0001,65.9485,72.66268,76.737
TJNR,3/18/2004,81,73,0.0001,,,
TJNR,3/19/2004,83,79,0,62.2913,71.228294,73.9652
TJNR,3/22/2004,83,82,0,,,
TJNR,3/23/2004,83,77,0,58.5141,74.55203,81.922
TJNR,3/24/2004,82,76,0.0001,71.5869,76.1526,79.116
TJNR,3/25/2004,83,79,0,63.0313,68.97652,71.7228
TJNR,3/26/2004,81,75,0,,,
TJNR,3/29/2004,77,70,0.15,,,
TJNR,8/11/2005,89,76,0.0001,,,
TJNR,8/12/2005,89,78,0.0001,,,
TJNR,8/13/2005,90,80,0.01,,,
TJNR,8/14/2005,89,77,0.19,,,
TJNR,8/15/2005,89,79,0.03,,,
TJNR,8/16/2005,89,77,0.03,,,
TJNR,8/17/2005,88,76,0,,,
TJNR,8/18/2005,89,76,0.08,,,
TJNR,8/19/2005,88,77,0.06,,,
TJNR,8/20/2005,86,73,1.53,,,
TJNR,8/21/2005,89,75,0.11,,,
TJNR,8/22/2005,88,78,0.18,,,
TJNR,8/23/2005,89,77,0.09,,,
TJNR,8/24/2005,85,78,0.39,,,
TJNR,8/25/2005,89,76,0.0001,,,
TJNR,8/26/2005,90,77,0,,,
TJNR,8/27/2005,90,78,0.11,,,
TJNR,8/28/2005,89,76,0.07,,,
TJNR,8/29/2005,88,76,0,,,
TJNR,8/30/2005,90,75,0.07,,,
TJNR,8/31/2005,89,76,0.17,,,
TJNR,9/1/2005,90,78,0.0001,,,
TJNR,9/2/2005,90,77,0,,,
TJNR,9/3/2005,89,75,0,,,
TJNR,9/4/2005,90,76,0,,,
TJNR,9/5/2005,90,76,0.0001,,,
TJNR,9/6/2005,90,78,0,,,
TJNR,9/7/2005,90,77,0.23,,,
TJNR,9/8/2005,90,78,0.11,,,
TJNR,9/9/2005,90,80,0.09,,,
TJNR,9/10/2005,90,81,0.11,,,
TJNR,9/11/2005,90,81,0.23,,,
TJNR,9/12/2005,90,77,0.14,,,
TJNR,9/13/2005,90,80,0.12,,,
TJNR,9/14/2005,89,78,0.0001,,,
TJNR,9/15/2005,89,76,0.37,,,
TJNR,9/16/2005,87,76,0.01,,,
TJNR,9/17/2005,89,76,0.0001,,,
TJNR,9/18/2005,90,75,0,,,
TJNR,9/19/2005,91,74,0.04,,,
TJNR,9/30/2005,89,76,0.02,,,
TJNR,10/1/2005,90,77,0.01,,,
TJNR,10/2/2005,83,74,1.24,,,
TJNR,10/3/2005,82,72,2.48,,,
TJNR,10/4/2005,85,75,0.32,,,
TJNR,10/5/2005,86,74,0.14,,,
TJNR,10/6/2005,85,74,2.32,,,
TJNR,10/7/2005,89,77,0.0001,,,
TJNR,10/8/2005,87,75,1.2,,,
TJNR,10/9/2005,81,72,0.93,,,
TJNR,10/10/2005,82,74,2.62,,,
TJNR,10/14/2005,87,75,0.0001,,,
TJNR,10/15/2005,87,76,0.02,,,
TJNR,10/16/2005,88,76,0.0001,,,
TJNR,10/17/2005,89,77,0.01,,,
TJNR,10/18/2005,88,77,1.03,,,
TJNR,10/19/2005,88,79,0.12,66.3535,71.941734,88.74824
TJNR,10/20/2005,88,80,0.04,66.35352,78.84337,88.826744
TJNR,10/21/2005,87,78,0.1,66.35352,78.49875,90.3687
TJNR,10/22/2005,88,77,0.29,66.15182,80.72896,94.18534
TJNR,10/23/2005,89,76,0.19,66.35352,82.55717,94.18534
TJNR,10/24/2005,88,77,0.0001,58.781776,78.56845,90.3345
TJNR,10/25/2005,88,75,0,61.241543,78.718925,94.18534
TJNR,10/26/2005,88,76,0.05,62.467205,76.50939,94.18534
TJNR,10/27/2005,88,80,0.0001,62.249004,75.46085,83.66177
TJNR,10/28/2005,88,77,0.66,65.26648,80.285995,94.18534
TJNR,10/29/2005,87,76,0.02,58.781776,79.01571,94.18534
TJNR,10/30/2005,88,78,0.0001,62.4672,75.274536,88.74824
TJNR,10/31/2005,88,80,0.04,74.2799,79.20553,88.90445
TJNR,11/1/2005,87,78,0.28,69.799286,78.88814,88.826744
TJNR,11/2/2005,88,76,0.37,62.467205,78.16792,90.3345
TJNR,11/3/2005,88,77,0.2,70.26737,81.0096,94.18534
TJNR,11/4/2005,87,78,0.07,62.249004,74.06488,84.5785
TJNR,11/5/2005,88,77,0.05,62.467205,75.09974,87.1241
TJNR,11/6/2005,87,77,0.31,62.467205,75.27363,84.5785
TJNR,11/7/2005,88,79,0.04,62.467205,73.451744,79.39962
TJNR,11/8/2005,88,80,0,62.467205,72.89686,79.1989
TJNR,11/9/2005,88,77,0.02,58.781776,73.10427,83.55026
TJNR,11/10/2005,88,76,0.13,62.467205,74.988,90.2933
TJNR,11/11/2005,87,73,0.25,62.249004,81.27407,94.14301
TJNR,11/12/2005,87,78,0.02,69.799286,75.38288,83.55026
TJNR,11/13/2005,87,76,0.58,66.15182,78.218445,94.14301
TJNR,11/14/2005,86,77,0.13,72.30214,78.653305,84.5256
TJNR,11/15/2005,86,78,0.02,69.685555,76.08448,84.5785
TJNR,11/16/2005,86,78,0.01,61.1182,71.212715,81.55377
TJNR,11/17/2005,86,77,0.04,63.2692,72.17188,81.55377
TJNR,11/18/2005,86,74,0,63.2692,72.34633,83.437645
TJNR,11/19/2005,85,71,0.0001,60.8714,74.38075,84.45763
TJNR,11/20/2005,85,73,0.05,62.02914,77.68533,94.10022
TJNR,11/21/2005,86,74,0.04,65.2306,78.711655,94.10022
TJNR,11/22/2005,86,71.6,0.01,63.2692,74.1361,94.10022
TJNR,11/23/2005,85,78.8,0.0001,69.4343,74.7667,83.55026
TJNR,11/24/2005,83,77,0.6,74.2799,81.42851,88.668915
TJNR,11/25/2005,85,78.8,0.35,65.74351,74.54853,78.621
TJNR,11/26/2005,83,73,0.6,78.62098,84.36704,100
TJNR,11/27/2005,84,73,0.12,48.318848,68.655754,88.588776
TJNR,11/28/2005,84,73,0.01,54.551235,68.13817,88.507805
TJNR,11/29/2005,84,71,0.01,60.8714,71.86321,83.209045
TJNR,11/30/2005,85,70,0.26,54.798595,75.00877,94.05696
TJNR,12/1/2005,84,69,0.15,58.07999,78.565865,94.05696
TJNR,12/2/2005,85,68,0.01,48.318848,70.75644,89.9831
TJNR,12/3/2005,83,72,0.52,67.177505,79.224236,94.10022
TJNR,12/4/2005,85,72,0.01,58.315598,65.79313,78.335495
TJNR,12/5/2005,85,77,0,54.551235,61.887478,73.9485
TJNR,12/6/2005,85,74,0.03,65.1269,73.69639,88.588776
TJNR,12/7/2005,84,73,0.13,58.07999,74.97457,94.10022
TJNR,12/8/2005,85,73,0.2,59.135,71.81638,94.10022
TJNR,12/9/2005,84,74,0.36,57.603676,67.82973,94.14301
TJNR,12/10/2005,85,77,0,51.469208,68.27378,84.5256
TJNR,12/11/2005,85,77,0.09,69.59207,80.47224,88.668915
TJNR,12/12/2005,85,73,0,60.8714,70.703476,88.507805
TJNR,12/13/2005,85,69,0,61.807594,79.65307,94.057
TJNR,12/14/2005,84,68,0.01,63.0313,78.18625,92.8335
TJNR,12/15/2005,84,70,0.0001,69.4343,81.04429,90.062
TJNR,12/16/2005,84,73,0.01,65.74351,76.1899,88.588776
TJNR,12/17/2005,84,75,0.0001,58.07999,71.549576,88.588776
TJNR,12/18/2005,83,72,0.08,54.30221,70.09967,88.5888
TJNR,12/19/2005,85,70,0,54.77119,72.46113,88.5888
TJNR,12/20/2005,84,73,0.11,58.07999,75.15552,94.10022
TJNR,12/21/2005,83,70,0.16,72.10829,85.23356,94.10022
TJNR,12/22/2005,84,70,0.0001,63.0313,78.065704,94.10022
TJNR,12/23/2005,84,76,0.0001,67.4378,74.50303,83.32391
TJNR,12/24/2005,83,74,0.18,69.27759,79.96757,94.14301
TJNR,12/25/2005,84,76,0.0001,61.58435,72.61662,81.55377
TJNR,12/26/2005,83,70,0,58.07999,72.367935,90.0191
TJNR,12/27/2005,82,70,0.06,65.74351,77.77588,100
TJNR,12/28/2005,83,70,0,61.58435,73.56134,86.7675
TJNR,12/29/2005,83,75,0.0001,69.71026,77.38992,88.588776
TJNR,12/30/2005,83,71,0,69.4343,79.16241,94.05696
TJNR,12/31/2005,82,71,0.03,64.68674,78.11114,94.10022
TJNR,1/1/2006,81,71,0.08,65.536865,77.22929,88.668915
TJNR,1/2/2006,81,73,0.03,65.32855,75.09117,94.10022
TJNR,1/3/2006,82,74,0,65.32855,71.65853,79.01681
TJNR,1/4/2006,82,69,0,64.68674,81.86218,96.3583
TJNR,1/5/2006,81,69,0.09,61.58435,79.90419,100
TJNR,1/6/2006,80,62,0,65.32855,83.6586,100
TJNR,1/7/2006,80,67,0.07,65.32855,86.48828,100
TJNR,1/8/2006,81,67,0,61.58435,78.90757,100
TJNR,1/9/2006,80,70,0.41,73.6111,85.89718,100
TJNR,1/10/2006,81,69,0.41,69.06545,82.85679,100
TJNR,1/11/2006,80,70,0.31,65.32855,79.9596,100
TJNR,1/12/2006,80,69,0.52,73.9485,86.372894,100
TJNR,1/13/2006,81,70,0.03,69.71026,86.642426,100
TJNR,1/14/2006,82,70,0.03,74.0652,85.6359,100
TJNR,1/15/2006,81,68,0.47,74.114944,94.73838,100
TJNR,1/16/2006,79,68,0.07,61.3594,79.37658,100
TJNR,1/17/2006,81,73,0,64.68674,71.93877,83.32391
TJNR,1/18/2006,81,70,0.25,73.9485,83.802185,100
TJNR,1/19/2006,79,69,0.27,69.06545,83.0733,100
TJNR,1/20/2006,80,70,0.06,61.3594,82.01196,100
TJNR,1/21/2006,80,70,0.06,65.32855,79.455215,96.3879
TJNR,1/22/2006,78,71,0.05,64.69341,84.12716,100
TJNR,1/23/2006,81,70,0,54.051514,68.65741,84.337776
TJNR,1/24/2006,81,70,0.02,57.603676,73.817345,88.34331
TJNR,1/25/2006,81,67,0.01,54.2272,79.62315,100
TJNR,1/26/2006,75,65,0.12,94.05696,,100
TJNR,1/27/2006,79,65,0.31,83.209045,,100
TJNR,1/28/2006,71.6,69.8,,78.04456,,83.86249
TJNR,1/29/2006,76,68,0,68.94494,,73.26756
TJNR,1/30/2006,79,71,0,64.90684,,73.30604
TJNR,1/31/2006,82,69,0.01,,,
TJNR,2/1/2006,81,65,0.01,64.5384,70.90117,84.8003
TJNR,2/2/2006,76,69,0.27,78.6517,91.15647,100
TJNR,2/3/2006,81,70,0.08,71.3899,85.10359,100
TJNR,2/4/2006,80,70,0.01,71.7228,82.12372,96.3879
TJNR,2/5/2006,80,69,0.12,66.5828,82.32619,100
TJNR,2/6/2006,80,67,0.04,71.7228,82.60393,100
TJNR,2/7/2006,80,70,0.01,76.1914,87.568054,100
TJNR,2/8/2006,80,68,0,69.2256,84.6693,96.4172
TJNR,2/9/2006,82,68,0.01,69.2256,85.79588,100
TJNR,2/10/2006,80,66,0,64.2645,82.37737,100
TJNR,2/11/2006,81,70,0.04,69.3207,81.38648,96.3879
TJNR,2/12/2006,83,71,0.03,64.2645,78.43681,94.057
TJNR,2/13/2006,82,66,0,67.2191,84.834724,100
TJNR,2/14/2006,82,69,0.14,52.6554,78.90495,100
TJNR,2/15/2006,79,71,0.01,68.5868,79.91018,96.993
TJNR,2/16/2006,82,73,0,67.2191,78.55575,88.5078
TJNR,2/17/2006,80,71,0,62.1581,77.02332,87.4073
TJNR,2/18/2006,78,66,0.06,66.358,79.115105,96.342
TJNR,2/19/2006,80,70,0,64.5384,73.49525,81.1432
TJNR,2/20/2006,80,70,0,68.5868,77.74553,93.4658
TJNR,2/21/2006,81,69,0.06,66.4809,76.06306,94.057
TJNR,2/22/2006,81,72,0,59.9939,71.320244,78.723
TJNR,2/23/2006,81,72,0,65.3286,75.64655,88.5078
TJNR,2/24/2006,80,71,0,60.2337,71.78346,81.1432
TJNR,2/25/2006,80,72,0,59.9939,69.466965,78.5658
TJNR,2/26/2006,81,66,0,55.9745,73.37508,96.3118
TJNR,2/27/2006,81,65,0,62.4018,83.128716,100
TJNR,2/28/2006,80,67,0,62.2913,77.55715,93.924324
TJNR,3/1/2006,82,69,0.03,,,
TJNR,3/2/2006,82,72,0,,,
TJNR,3/3/2006,82,70,0.01,,,
TJNR,3/4/2006,81,65,0,,,
TJNR,3/5/2006,81,62,0,,,
TJNR,3/6/2006,80,68,0.07,66.26546,75.23106,84.8003
TJNR,3/7/2006,80,67,0.14,,,
TJNR,3/8/2006,81,67,0.53,84.1034,94.24157,100
TJNR,3/9/2006,78,69,0,50.1053,65.840576,84.0369
TJNR,3/10/2006,79,70,0,57.9938,65.39802,73.44011
TJNR,3/11/2006,80,71,0,59.7392,69.17387,81.19648
TJNR,3/12/2006,80,72,0,64.2645,75.97504,84.2241
TJNR,3/13/2006,77,71.6,0.1,71.414795,79.54477,94.057
TJNR,3/14/2006,79,68,0.22,68.5868,86.89159,100
TJNR,3/15/2006,81,67,0,65.32855,84.790504,100
TJNR,3/16/2006,81,67,0.04,69.3207,83.95611,100
TJNR,3/17/2006,81,73,0.04,64.7712,77.98031,88.5078
TJNR,3/18/2006,79,72,0,71.7228,79.03461,87.3539
TJNR,3/19/2006,81,66,0,62.2913,80.64272,100
TJNR,3/20/2006,80,72,0,64.2645,74.48122,81.7121
TJNR,3/21/2006,81,70,0,64.2645,75.225586,84.2241
TJNR,3/22/2006,82,68,0.01,60.4858,77.99201,94.05696
TJNR,3/23/2006,83,68,0,60.2464,75.538414,96.3583
TJNR,3/24/2006,83,74,0,64.7712,76.519135,88.507805
TJNR,3/25/2006,85,74,0,56.509,73.63909,87.681946
TJNR,3/26/2006,84,70,0.03,56.509,78.81997,94.1002
TJNR,3/27/2006,86,70,0,65.9485,82.09293,94.1002
TJNR,3/28/2006,85,72,0.02,60.7359,80.740555,94.1002
TJNR,3/29/2006,84,71,0,64.8973,80.53356,96.3879
TJNR,3/30/2006,84,71,0.37,62.7745,87.2459,96.993
TJNR,3/31/2006,85,69,0,52.7537,77.90679,100
TJNR,4/1/2006,83,70,1.98,64.8973,82.7112,100
TJNR,4/2/2006,84,68,0.24,63.0313,77.97955,100
TJNR,4/3/2006,84,73,0.11,66.9263,77.026855,94.143
TJNR,4/4/2006,85,75,0,62.7745,74.28401,83.3239
TJNR,4/5/2006,84,72,0.34,66.9263,78.443184,90.7287
TJNR,4/6/2006,82,70,0.72,69.2256,86.41487,96.3879
TJNR,4/7/2006,84,70,0.12,69.3207,79.13324,96.3879
TJNR,4/8/2006,84,74,0.02,66.9263,74.683205,88.5888
TJNR,4/9/2006,83,74,0,64.8973,71.68104,78.8081
TJNR,4/10/2006,84,75,0,58.6546,70.59682,78.8081
TJNR,4/11/2006,84,74,0,58.5141,70.39182,83.3239
TJNR,4/12/2006,84,72,1.14,69.7103,81.81771,100
TJNR,4/13/2006,83,71,0,71.5869,82.91442,94.05696
TJNR,4/14/2006,84,70,0.95,67.146,86.74596,100
TJNR,4/15/2006,84,69,0.01,65.1269,78.462036,96.9683
TJNR,4/16/2006,83,71,0,64.5384,80.02066,93.4896
TJNR,4/17/2006,82,73,0.01,54.551235,69.80123,87.4073
TJNR,4/18/2006,85,68,0,44.4503,73.17923,93.3839
TJNR,4/19/2006,85,69,0,58.5141,77.10918,93.4658
TJNR,4/20/2006,85,70,0,65.1269,81.24014,93.4658
TJNR,4/21/2006,85,73,0.08,69.4343,83.45216,94.14301
TJNR,4/22/2006,83,77,0,74.2799,80.97248,84.5785
TJNR,4/23/2006,83,76,0.01,69.897545,78.37719,88.5888
TJNR,4/24/2006,83,72,0,69.5285,77.06402,84.4617
TJNR,4/25/2006,84,72,0,67.4378,79.321236,96.993
TJNR,4/26/2006,84,74,0.03,67.146,77.805855,90.7287
TJNR,4/27/2006,84,73,0.01,65.1269,78.86669,90.7287
TJNR,4/28/2006,84,73,0.01,65.0019,81.45327,93.5415
TJNR,4/29/2006,84,70,0,65.7435,82.90564,96.993
TJNR,4/30/2006,83,69,0,66.9263,82.62699,96.3583
TJNR,5/1/2006,85,68,0,65.0019,76.647644,93.518
TJNR,5/2/2006,82,72,0.01,71.9184,84.34645,94.1002
TJNR,5/3/2006,84,73,0.85,69.4343,87.18469,94.143
TJNR,5/4/2006,86,72,0.01,56.23738,72.19051,90.6553
TJNR,5/5/2006,84,71,0,58.3966,67.66645,81.0014
TJNR,5/6/2006,83,71,0,54.551235,65.889366,78.4937
TJNR,5/7/2006,85,74,0,59.135,71.73237,81.7121
TJNR,5/8/2006,85,78,0,65.94849,72.91314,79.116
TJNR,5/9/2006,86,78,0,69.5285,76.07847,84.5785
TJNR,5/10/2006,87,71,3.83,63.1423,81.437195,94.14301
TJNR,5/11/2006,82,71,9.81,74.2799,87.00839,97.0174
TJNR,5/12/2006,85,71,2.53,69.7345,85.87644,100
TJNR,5/13/2006,84,74,5.84,70.0832,82.90987,94.143
TJNR,5/14/2006,82,75,9.04,74.148,86.99239,94.14301
TJNR,5/15/2006,85,73,5.84,74.44338,85.37795,100
TJNR,5/16/2006,87,78,1.39,66.35352,77.61423,87.1241
TJNR,5/17/2006,88,78,0.65,65.5802,74.5452,84.5256
TJNR,5/18/2006,86,79,0.1,70.2674,80.03888,90.3687
TJNR,5/19/2006,88,78,0,66.3535,78.72837,90.3345
TJNR,5/20/2006,86,76,0,66.1518,79.74086,94.143
TJNR,5/21/2006,87,77,0,63.013,71.5027,84.5256
TJNR,5/22/2006,86,73,0.5,67.146,80.516045,94.1002
TJNR,5/23/2006,86,74,0,67.3637,79.60468,93.5415
TJNR,5/24/2006,86,72,0,67.3637,80.51022,93.5695
TJNR,5/25/2006,87,73,0,58.9106,73.54085,90.2171
TJNR,5/26/2006,86,77,0,63.013,72.2764,81.922
TJNR,5/27/2006,88,76,0,59.0494,73.98709,90.8013
TJNR,5/28/2006,86,75,0.63,69.5285,81.454735,94.1853
TJNR,5/29/2006,86,75,0,67.146,79.74206,94.143
TJNR,5/30/2006,88,74,0,63.013,78.396454,94.143
TJNR,5/31/2006,88,73,0.12,63.013,80.117004,94.143
TJNR,6/1/2006,87,74,0,65.3545,77.46208,93.59277
TJNR,6/2/2006,87,76,0.01,65.0019,73.39315,84.5785
TJNR,6/3/2006,87,76,0.16,65.0834,77.25931,90.2933
TJNR,6/4/2006,87,76,0.08,71.782,81.78728,93.6205
TJNR,6/5/2006,88,78,0,58.781776,74.4893,82.0559
TJNR,6/6/2006,89,78,0,61.241543,72.667656,84.6417
TJNR,6/7/2006,88,79,0,61.241543,73.09065,83.5503
TJNR,6/8/2006,88,79,0,67.3637,74.776,83.6618
TJNR,6/9/2006,88,75,0.48,65.0834,77.20374,90.8013
TJNR,6/10/2006,88,76,0,62.467205,77.793655,93.5928
TJNR,6/11/2006,86,75,0.42,67.6546,83.33501,94.1853
TJNR,6/12/2006,87,78,0,67.3637,75.56287,84.5256
TJNR,6/13/2006,87,75,0.16,65.0834,78.56734,90.2933
TJNR,6/14/2006,88,74,0,65.0834,76.253174,84.6417
TJNR,6/15/2006,87,79,0.01,62.467205,70.90231,81.6337
TJNR,6/16/2006,88,77,0.02,58.781776,70.68853,82.0559
TJNR,6/17/2006,88,77,0.24,62.4672,77.59825,88.8267
TJNR,6/18/2006,88,76,0.39,69.5389,81.688644,94.1853
TJNR,6/19/2006,88,75,0.28,70.049,78.68481,94.143
TJNR,6/20/2006,86,74,0.05,74.2799,86.55521,100
TJNR,6/21/2006,86,77,0.01,74.4271,83.71519,93.6709
TJNR,6/22/2006,84,74,0,77.068,85.51855,100
TJNR,6/23/2006,84,73,0,74.2799,87.953514,100
TJNR,6/24/2006,82,72,0,76.5296,88.846375,100
TJNR,6/25/2006,84,74,0,74.3291,83.36994,100
TJNR,6/26/2006,86,77,0,67.3637,78.55845,87.6951
TJNR,6/27/2006,87,79,0,63.013,74.276505,83.5503
TJNR,6/28/2006,88,77,0.54,60.88,75.908676,90.3345
TJNR,6/29/2006,85,75,0.29,82.3905,89.50612,100
TJNR,6/30/2006,85,75,0.28,72.3041,77.846725,100
TJNR,7/1/2006,85,79,0.02,69.4343,75.57662,84.6417
TJNR,7/2/2006,85,73,0.09,67.146,78.46608,94.143
TJNR,7/3/2006,85,72,0.3,71.73187,81.26307,94.143
TJNR,7/4/2006,86,77,0.14,69.846,80.092636,90.3345
TJNR,7/5/2006,85,79,0,69.6411,77.89121,88.7482
TJNR,7/6/2006,85,79,0.35,69.685555,81.29439,94.22723
TJNR,7/7/2006,84,75,0.04,69.3207,79.62499,87.6003
TJNR,7/8/2006,84,74,0.21,69.897545,83.26102,97.0174
TJNR,7/9/2006,86,75,0.26,72.3041,83.16218,96.4461
TJNR,7/10/2006,84,75,1.5,78.7617,86.48904,100
TJNR,7/11/2006,85,76,0.03,65.2306,79.31795,94.143
TJNR,7/12/2006,84,75,0.68,69.6411,80.91238,94.143
TJNR,7/13/2006,84,72,0.32,74.3291,83.28227,94.1853
TJNR,7/14/2006,85,75,0.15,74.3291,83.02414,94.1853
TJNR,7/15/2006,85,77,0.07,71.782,81.59679,93.0885
TJNR,7/16/2006,85,77,0,67.146,78.1758,84.5785
TJNR,7/17/2006,85,76,0.77,71.782,78.54037,94.1853
TJNR,7/18/2006,84.9,75,0,74.3291,86.77525,94.143
TJNR,7/19/2006,86,72,0.4,71.9753,83.885666,97.0415
TJNR,7/20/2006,85,77,0.05,71.782,77.3084,83.5503
TJNR,7/21/2006,86,77,0,67.146,75.31871,82.0559
TJNR,7/22/2006,86,82,0,67.3637,72.302605,76.5296
TJNR,7/23/2006,87.8,80,0.01,66.35352,74.22009,79.1989
TJNR,7/24/2006,85,82,0,72.3041,77.15291,79.39962
TJNR,7/25/2006,88,78,0.04,60.88,73.15122,82.1885
TJNR,7/26/2006,88,79,0,65.5802,74.001076,83.6618
TJNR,7/27/2006,86,74,0.51,76.6961,83.78883,100
TJNR,7/28/2006,88,81,0,69.5389,77.38587,84.7566
TJNR,7/29/2006,85,78,0.24,74.42529,81.04348,88.8267
TJNR,7/30/2006,84,73,0.41,74.247,84.275215,94.143
TJNR,7/31/2006,88,79,0.05,65.0834,76.72791,88.74824
TJNR,8/1/2006,87,79,0,67.3637,75.52952,82.1885
TJNR,8/2/2006,88,75,0.53,63.1423,79.52217,94.143
TJNR,8/3/2006,82,76,0.78,78.9011,85.73941,100
TJNR,8/4/2006,86,76,0.06,62.7745,75.718605,94.1853
TJNR,8/5/2006,85,74,0.6,67.6546,78.59034,94.143
TJNR,8/6/2006,87,78,0,65.0834,77.34717,87.1241
TJNR,8/7/2006,88,78,0.2,63.013,75.94659,88.7482
TJNR,8/8/2006,87,79,0.06,69.846,76.81992,88.7482
TJNR,8/9/2006,88,80,0,67.3637,75.07446,81.7687
TJNR,8/10/2006,87,80,0,71.9753,77.52572,84.6941
TJNR,8/11/2006,88,80,0,69.5389,77.19641,84.6941
TJNR,8/12/2006,88,77,0,63.1423,76.112755,87.1241
TJNR,8/13/2006,87,79,0,67.3637,74.02361,83.5503
TJNR,8/14/2006,88,80,0.09,67.3637,74.30522,88.8267
TJNR,8/15/2006,88,77,0.65,72.08,83.51462,94.2687
TJNR,8/16/2006,89,77,0.72,66.3535,78.7334,94.1853
TJNR,8/17/2006,88,77,0.07,67.3637,76.01495,84.5785
TJNR,8/18/2006,88,79,0,67.4817,75.01046,82.1885
TJNR,8/19/2006,88,75,0,66.3535,78.033775,90.8013
TJNR,8/20/2006,88,77,0.16,67.3637,76.311356,90.3345
TJNR,8/21/2006,89,77,0.14,67.4817,75.853935,90.2933
TJNR,8/22/2006,88,81,0.01,67.5795,74.3964,84.7566
TJNR,8/23/2006,89,82,0,69.5389,77.8691,84.7566
TJNR,8/24/2006,89,81,0,67.4817,75.17921,82.1885
TJNR,8/25/2006,88,78,0.04,63.2495,75.31563,88.7482
TJNR,8/26/2006,86,75,0.71,71.9753,81.42334,94.1853
TJNR,8/27/2006,88,79,0,65.3545,75.20477,84.6417
TJNR,8/28/2006,88,78,0,65.0834,75.85232,90.3345
TJNR,8/29/2006,89,78,0,66.1518,76.5667,87.1241
TJNR,8/30/2006,89,75,0.09,60.88,79.09736,93.5928
TJNR,8/31/2006,89,75,0,58.781776,77.68094,94.14301
TJNR,9/1/2006,88,76,0.11,65.0834,76.16566,94.1853
TJNR,9/2/2006,89,81,0.04,65.3099,74.37577,83.6618
TJNR,9/3/2006,89,78,0.18,61.1253,74.61508,90.3687
TJNR,9/4/2006,88,77,0.29,65.3545,76.83309,84.6417
TJNR,9/5/2006,89,76,0.39,66.3535,79.05328,90.3345
TJNR,9/6/2006,87,75,0.26,74.4271,82.56985,93.5928
TJNR,9/7/2006,88,74,0.22,66.3535,80.51181,94.1002
TJNR,9/8/2006,89,75,0,57.1775,73.20279,87.6003
TJNR,9/9/2006,89,71,0,51.6825,73.73352,87.5481
TJNR,9/10/2006,88,73,0,63.2495,77.8716,90.7287
TJNR,9/11/2006,89,75,0,61.1182,80.00505,90.8013
TJNR,9/12/2006,88,75,0.13,63.1423,79.228485,93.5928
TJNR,9/13/2006,89,76,0,56.9164,76.90364,94.1853
TJNR,9/14/2006,89,77,0.03,66.3535,78.786835,93.6709
TJNR,9/15/2006,89,77,0.03,65.5802,79.15926,90.3687
TJNR,9/16/2006,89,82,0,60.88,71.42551,79.4176
TJNR,9/17/2006,88,76,0,63.013,71.97457,84.4617
TJNR,9/18/2006,89,78,0,61.1253,71.55635,87.6951
TJNR,9/19/2006,89,77,0,63.2495,76.089745,90.2933
TJNR,9/20/2006,90,76,0,59.3022,76.30393,88.6689
TJNR,9/21/2006,90,75,0,61.1253,75.53536,90.8013
TJNR,9/22/2006,91,76,0.01,57.4366,75.42053,93.6205
TJNR,9/23/2006,91,78,0.24,53.9078,71.25959,84.6417
TJNR,9/24/2006,91,79,0.18,62.4672,73.29421,83.6618
TJNR,9/25/2006,87,74,0.38,67.3637,77.03545,90.7287
TJNR,9/26/2006,89,76,0.21,59.1645,71.467415,94.143
TJNR,9/27/2006,89,76,0,59.1645,72.24915,87.6003
TJNR,9/28/2006,89,76,0.22,63.2495,71.83743,88.6689
TJNR,9/29/2006,89,76,0.27,63.013,77.076324,90.3345
TJNR,9/30/2006,89,76,0,58.9106,73.85461,90.3345
TJNR,10/1/2006,89,79,0.01,61.1253,69.756004,79.116
TJNR,10/2/2006,89,80,0.01,60.88,69.22653,76.9034
TJNR,10/3/2006,89,77,0,59.1645,70.1422,81.4972
TJNR,10/4/2006,88,76,0.19,62.4672,80.698135,88.7482
TJNR,10/5/2006,85,77,0.15,69.6411,75.881615,88.7482
TJNR,10/6/2006,89,81,0,63.3777,74.672066,82.1885
TJNR,10/7/2006,89,82,0,67.5795,73.05888,79.4176
TJNR,10/8/2006,89,82,0,60.88,68.28061,74.3291
TJNR,10/9/2006,89,78,0.05,63.013,72.725006,84.5785
TJNR,10/10/2006,87,82,0.25,19.6994,73.56168,78.9011
TJNR,10/11/2006,88,81,0.53,66.3535,72.26749,83.7722
TJNR,10/12/2006,89,79,0,61.1253,70.576126,82.0559
TJNR,10/13/2006,88,82,0.08,61.3631,69.69793,78.9011
TJNR,10/14/2006,87,83,0.02,61.1182,68.197556,77.068
TJNR,10/15/2006,88,85,0.15,65.5802,69.37734,72.3041
TJNR,10/16/2006,,,0.03,,,
TJNR,10/17/2006,88,86,0.06,66.3535,71.50805,74.6054
TJNR,10/18/2006,,,1.72,,,
TJNR,10/19/2006,85,85,0.69,74.5084,74.5084,74.5084
TJNR,10/20/2006,88,75,0.29,61.1182,70.5526,90.8013
TJNR,10/21/2006,88,75,0.24,65.5802,79.625946,94.143
TJNR,10/22/2006,87,75,0.37,74.4271,86.05473,93.6205
TJNR,10/23/2006,88,75,0.01,67.5795,82.268776,93.5928
TJNR,10/24/2006,88,77,0.04,66.1518,82.284225,93.6709
TJNR,10/25/2006,88,75,0,65.0834,79.729355,94.143
TJNR,10/26/2006,89,76,0.02,67.5795,78.185074,93.5928
TJNR,10/27/2006,88,77,0.04,70.4499,78.8177,90.3687
TJNR,10/28/2006,89,82,0,66.3535,76.42312,83.7722
TJNR,10/29/2006,83,81,0,79.4176,83.75421,88.8267
TJNR,10/30/2006,85,81,0,65.1269,71.03332,74.247
TJNR,10/31/2006,87,79,0.2,60.88,72.05903,83.6618
TJNR,11/1/2006,87,76,0.06,63.1423,72.609085,90.8013
TJNR,11/2/2006,88,76,0.38,65.0834,77.33427,90.8013
TJNR,11/3/2006,88,76,0.08,65.3545,79.506004,90.3345
TJNR,11/4/2006,88,75,0,66.3535,78.99865,94.143
TJNR,11/5/2006,88,77,0.01,60.88,73.416275,88.7482
TJNR,11/6/2006,87,74,0,63.1423,71.073975,90.7287
TJNR,11/7/2006,87,78,0,55.0443,65.282104,71.7228
TJNR,11/8/2006,88,72,0.04,56.9164,70.15144,90.6553
TJNR,11/9/2006,88,72,0,59.0494,77.15952,93.4896
TJNR,11/10/2006,88,73,0,59.0494,76.67418,94.10022
TJNR,11/11/2006,87,74,0.5,60.9838,75.76293,94.143
TJNR,11/12/2006,87,75,0.28,67.3637,83.271965,94.143
TJNR,11/13/2006,86,74,0.44,67.6546,81.381996,94.1002
TJNR,11/14/2006,86,72,0.03,62.02914,79.24246,94.14301
TJNR,11/15/2006,87,73,0.15,58.9106,76.90545,90.2171
TJNR,11/16/2006,85,71,0.79,60.8714,81.15354,94.143
TJNR,11/17/2006,87,72,0.01,59.135,78.72422,94.1002
TJNR,11/18/2006,88,73,0,55.2883,79.33226,94.14301
TJNR,11/19/2006,88,73,0,59.0494,78.85523,94.1002
TJNR,11/20/2006,89,74,0.01,60.88,77.08767,93.5415
TJNR,11/21/2006,88,76,0.09,61.3631,75.595695,90.8013
TJNR,11/22/2006,89,75,0.1,69.6411,72.51413,88.6689
TJNR,11/23/2006,87,74,0,61.1182,73.415924,93.5695
TJNR,11/24/2006,86,74,0.31,65.1269,76.4832,90.2171
TJNR,11/25/2006,87,73,0.14,67.3637,83.6539,94.143
TJNR,11/26/2006,87,73,0,67.6546,83.191246,93.79415
TJNR,11/27/2006,87,75,0,65.0834,78.90549,94.143
TJNR,11/28/2006,86,74,1.62,67.3637,79.53938,94.14301
TJNR,11/29/2006,86,75,0.33,65.2306,75.47992,94.14301
TJNR,11/30/2006,85,79,0.02,62.7745,68.29592,78.621
TJNR,12/1/2006,85,73,0.03,60.8714,76.52566,94.1002
TJNR,12/2/2006,85,75.9,0,58.6546,62.69691,69.71026
TJNR,12/3/2006,85,74,0.13,64.8973,69.47921,88.5078
TJNR,12/4/2006,85,73,0.54,62.7745,76.59618,94.1002
TJNR,12/5/2006,86,73,0.08,67.6546,81.306206,94.1002
TJNR,12/6/2006,87,78,0.21,66.1518,79.63969,88.7482
TJNR,12/7/2006,86,79,0.01,65.2306,75.57707,84.5785
TJNR,12/8/2006,87,79,0,65.2306,74.62389,82.0559
TJNR,12/9/2006,86,75,0.09,60.9838,75.23935,90.2171
TJNR,12/10/2006,87,79,0,59.135,69.51857,78.621
TJNR,12/11/2006,86,78,0.04,63.2692,71.78832,78.9011
TJNR,12/12/2006,84,74,0.11,65.9485,77.09264,94.1002
TJNR,12/13/2006,85,76,0.02,58.6546,71.11629,84.9155
TJNR,12/14/2006,85,76,0,62.7745,69.98611,78.621
TJNR,12/15/2006,86,77,0,63.2692,71.004295,78.621
TJNR,12/16/2006,86,77,0.05,62.7745,73.75096,84.5256
TJNR,12/17/2006,84,75,0.3,65.1269,76.78735,100
TJNR,12/18/2006,84,78,0,58.5141,69.4133,76.737
TJNR,12/19/2006,,,0,,,
TJNR,12/20/2006,,,0,,,
TJNR,12/21/2006,83,78,0,67.4378,71.46134,84.5256
TJNR,12/22/2006,85,75,0.05,65.1269,76.22168,87.6003
TJNR,12/23/2006,85,77,0.06,60.8714,71.89854,84.4617
TJNR,12/24/2006,85,73,0.01,56.509,69.018616,84.8003
TJNR,12/25/2006,84,77,0.01,56.7175,66.26524,81.922
TJNR,12/26/2006,83,74,0.11,64.0289,73.441055,88.5888
TJNR,12/27/2006,84,71,0,62.7745,72.652985,84.2241
TJNR,12/28/2006,85,75,0.08,67.146,74.91383,88.5888
TJNR,12/29/2006,83,74,0.32,69.4343,78.10542,94.143
TJNR,12/30/2006,85,73,0.12,58.6546,72.7088,94.143
TJNR,12/31/2006,84,75,0.1,69.5285,76.71301,88.5888
TJNR,1/1/2007,85,76,0.05,65.0019,74.08745,83.437645
TJNR,1/2/2007,84,77,0,62.02914,71.32402,78.47891
TJNR,1/3/2007,84,74,0.03,64.8973,72.100006,88.507805
TJNR,1/4/2007,83,75,0,58.07999,68.05595,76.193085
TJNR,1/5/2007,84,76,0.05,60.7359,69.92275,88.5888
TJNR,1/6/2007,83,75,0.05,54.49604,67.596214,83.32391
TJNR,1/7/2007,83,74,0.03,54.551235,66.72948,78.3355
TJNR,1/8/2007,83,75,0,64.68674,72.71015,83.32391
TJNR,1/9/2007,83,69,0,61.58435,79.19048,94.05696
TJNR,1/10/2007,83,69,0.01,65.0019,78.66706,94.05696
TJNR,1/11/2007,84,73,0.02,65.0019,72.72253,88.507805
TJNR,1/12/2007,84,73,0.07,62.02914,72.58097,88.507805
TJNR,1/13/2007,84,74,0.19,60.8714,73.44299,83.5503
TJNR,1/14/2007,83,75,0,61.807594,71.33453,88.588776
TJNR,1/15/2007,83,75,0.02,60.7359,68.7348,83.32391
TJNR,1/16/2007,84,77,0,63.0313,69.00414,73.9485
TJNR,1/17/2007,84,75,0,61.58435,69.20708,79.01681
TJNR,1/18/2007,83,74,0.19,61.58435,72.396706,88.507805
TJNR,1/19/2007,84,74,0.01,58.07999,71.32672,84.45763
TJNR,1/20/2007,83,70,0.14,61.58435,75.417046,88.507805
TJNR,1/21/2007,83,70,0.02,58.07999,70.91733,84.0369
TJNR,1/22/2007,83,76,0,61.58435,69.49383,76.62149
TJNR,1/23/2007,83,74,0,56.7175,67.09984,78.86083
TJNR,1/24/2007,83,70,0,58.07999,71.33566,88.34331
TJNR,1/25/2007,84.9,69.8,0,58.07999,73.34576,90.0191
TJNR,1/26/2007,84,69,0,54.551235,73.64151,88.42599
TJNR,1/27/2007,84,66,0.01,60.8714,76.02357,89.9831
TJNR,1/28/2007,85,71,0,52.928852,66.52644,83.09303
TJNR,1/29/2007,83,66,0,57.842686,74.16769,89.9831
TJNR,1/30/2007,84,69,0,58.07999,75.059456,90.0191
TJNR,1/31/2007,84,71,0,63.0313,74.85805,94.05696
TJNR,2/1/2007,86,70,0,54.798595,74.27615,94.057
TJNR,2/2/2007,84,75,0.04,65.1269,74.17725,88.5888
TJNR,2/3/2007,84,75,0.01,61.58435,69.189644,73.9485
TJNR,2/4/2007,85,76,0,54.798595,67.01493,83.32391
TJNR,2/5/2007,85,72,0.04,60.9838,75.63502,88.5888
TJNR,2/6/2007,83,72,0.25,61.807594,78.98498,94.10022
TJNR,2/7/2007,84,71,0,58.07999,71.95596,94.05696
TJNR,2/8/2007,85,71,0,61.807594,73.49571,84.45763
TJNR,2/9/2007,85,70,0,58.315598,76.27654,94.05696
TJNR,2/10/2007,85,68,0,54.551235,76.567955,94.05696
TJNR,2/11/2007,85,69,0,58.07999,77.02413,90.062
TJNR,2/12/2007,85,76,0,51.0819,65.434746,78.47891
TJNR,2/13/2007,84,75.9,0,54.798595,65.59203,78.47891
TJNR,2/14/2007,85,69,0,51.469208,61.868916,84.1034
TJNR,2/15/2007,86,68,0,58.315598,75.0559,89.9831
TJNR,2/16/2007,86,72,0,60.9838,74.09196,88.507805
TJNR,2/17/2007,85,70,0,58.3156,76.75346,90.062
TJNR,2/18/2007,86,70,0,47.8155,72.123116,90.062
TJNR,2/19/2007,88,68,0,48.84356,74.005554,88.34331
TJNR,2/20/2007,81,72,0.27,64.136,80.21259,100
TJNR,2/21/2007,84,73,0.04,60.7359,72.93855,94.10022
TJNR,2/22/2007,85,73,0.07,58.315598,71.822975,88.588776
TJNR,2/23/2007,85,71,0,54.77119,75.13935,94.057
TJNR,2/24/2007,85,71,0,58.315598,75.70592,94.057
TJNR,2/25/2007,85,72,0,56.7175,73.62439,94.057
TJNR,2/26/2007,87,77,0,62.249,72.231224,79.17114
TJNR,2/27/2007,86,75,0,60.7359,74.12069,94.14301
TJNR,2/28/2007,87,72,0,58.5495,72.6511,94.05696
TJNR,3/1/2007,86,72,0,56.9815,71.698616,88.507805
TJNR,3/2/2007,86,76,0.01,59.135,68.75522,83.437645
TJNR,3/3/2007,87,78,0,54.798595,65.952286,76.193085
TJNR,3/4/2007,86,72,0.2,59.135,72.43859,94.10022
TJNR,3/5/2007,85,73,0,54.798595,69.29594,84.337776
TJNR,3/6/2007,86,72,0.09,55.044296,71.12728,94.10022
TJNR,3/7/2007,86,77,0,57.1246,67.51341,73.967064
TJNR,3/8/2007,86,77,0,58.07999,66.63213,73.9485
TJNR,3/9/2007,87,78,0,56.9815,68.39071,73.9485
TJNR,3/10/2007,86,73,0,53.208717,68.22763,84.337776
TJNR,3/11/2007,86,73,0,53.208717,69.581436,84.337776
TJNR,3/12/2007,85,70,0,54.798595,71.39356,88.426
TJNR,3/13/2007,85,73,0.03,60.7359,69.36529,78.774345
TJNR,3/14/2007,85,76,0,50.8367,61.008766,69.330864
TJNR,3/15/2007,85,75,0,50.8367,61.252415,73.7806
TJNR,3/16/2007,85,73,0,61.807594,72.936005,88.507805
TJNR,3/17/2007,86,72,0.12,60.9838,76.98501,94.10022
TJNR,3/18/2007,87,72,0.03,54.798595,74.53162,94.057
TJNR,3/19/2007,86,73,0.02,57.842686,71.233025,88.5888
TJNR,3/20/2007,87,77,0,56.9815,65.55695,73.9485
TJNR,3/21/2007,86,77,0,58.315598,66.53719,73.967064
TJNR,3/22/2007,87,77,0,58.315598,68.47741,73.967064
TJNR,3/23/2007,87,75,0.02,48.581966,66.759346,83.32391
TJNR,3/24/2007,79,78,0,69.52137,73.59968,76.193085
TJNR,3/26/2007,84,76,0.06,63.0313,74.82211,81.55377
TJNR,3/27/2007,81,73,0.07,71.7228,82.05585,100
TJNR,3/28/2007,86,73,0.03,60.8714,80.05966,94.10022
TJNR,3/29/2007,85,73,0.83,65.0019,87.06773,100
TJNR,3/30/2007,82,74,0.02,58.07999,72.604004,94.10022
TJNR,3/31/2007,84,72,0,54.49604,61.17718,73.44011
TJNR,4/1/2007,83,75,0,47.52029,54.818363,64.90684
TJNR,4/2/2007,84,75,0,47.3902,54.1476,62.4018
TJNR,4/3/2007,84,69,0.03,49.3749,61.965603,84.0369
TJNR,4/4/2007,82,70,0.24,56.29896,73.27628,94.057
TJNR,4/5/2007,84,67,0,54.551235,68.02555,88.17534
TJNR,4/6/2007,86,71.1,0,59.135,72.07995,84.337776
TJNR,4/7/2007,79,77,0.23,78.62098,84.01128,88.668915
TJNR,4/9/2007,86,77,0,59.135,70.53906,78.621
TJNR,4/10/2007,86,72,0,62.02914,73.53752,90.32327
TJNR,4/11/2007,87,75,0,51.724586,68.40611,79.01681
TJNR,4/12/2007,88,72,0,55.1909,70.142654,88.507805
TJNR,4/13/2007,87,72,0,58.549522,70.68135,88.507805
TJNR,4/14/2007,88,77,0,45.87598,66.10117,78.62098
TJNR,4/15/2007,88,78,0,51.978363,67.860176,76.193085
TJNR,4/16/2007,88,78,0,55.1909,68.06035,76.193085
TJNR,4/17/2007,89,74,0.25,48.84356,72.90546,94.14301
TJNR,4/18/2007,86,73,0.07,60.7359,80.13011,90.32327
TJNR,4/19/2007,89,72,0,58.781776,76.10685,94.10022
TJNR,4/20/2007,90,78,0.34,59.012367,72.03488,84.6417
TJNR,4/21/2007,86,74,0.79,63.2692,82.35067,94.14301
TJNR,4/22/2007,88,72,0.82,65.26648,83.30661,94.14301
TJNR,4/23/2007,80,73,1.91,81.89149,89.16964,100
TJNR,4/24/2007,83,73,0.27,69.27759,82.49649,100
TJNR,4/25/2007,85,73,0,65.94849,73.26524,88.588776
TJNR,4/26/2007,83,76,0.21,69.5285,76.73522,88.668915
TJNR,4/27/2007,86,77,0.04,65.2306,73.8565,83.5503
TJNR,4/28/2007,87,79,0,61.1182,69.64396,76.36474
TJNR,4/29/2007,87,73,0.13,61.807594,71.28761,83.437645
TJNR,4/30/2007,87,74,0.51,65.26648,75.891556,88.507805
TJNR,5/1/2007,86,76,0,69.59207,76.61155,88.5888
TJNR,5/7/2007,86,76,0,65.2306,71.411514,81.6337
TJNR,5/8/2007,86,77,0,65.2306,76.48433,88.74824
TJNR,5/9/2007,86,76,0,65.2306,80.351425,90.2933
TJNR,5/10/2007,87,77,0,66.15182,78.60317,88.74824
TJNR,5/11/2007,88,76,0,62.467205,76.511765,88.668915
TJNR,5/12/2007,88,79,0,66.15182,75.82142,84.6941
TJNR,5/13/2007,88,79,0,65.26648,74.64233,83.6618
TJNR,5/14/2007,88,75,0,62.249004,76.66845,90.39978
TJNR,5/15/2007,88,74,0,62.467205,77.235954,94.14301
TJNR,5/16/2007,88,80,0,58.781776,69.41978,78.76171
TJNR,5/17/2007,88,79,0,58.781776,68.04862,79.1989
TJNR,5/18/2007,88,80,0,61.241543,71.08667,79.2676
TJNR,5/19/2007,88,79,0,62.249,72.95214,83.55026
TJNR,5/20/2007,88,74,0,55.28835,72.22702,94.10022
TJNR,5/21/2007,89,75,0,55.28835,69.59454,88.588776
TJNR,5/22/2007,88,79,0,58.781776,69.10484,78.62098
TJNR,5/23/2007,88,75,0.11,62.467205,77.989426,94.14301
TJNR,5/24/2007,87,75,0.06,65.26648,80.74961,94.14301
TJNR,5/25/2007,88,73,0,62.249004,77.93022,94.10022
TJNR,5/26/2007,89,74,0,61.241543,75.621994,90.39978
TJNR,5/27/2007,88,75,0,62.467205,76.673386,94.14301
TJNR,5/28/2007,88,75,0.31,58.781776,77.38061,88.74824
TJNR,5/29/2007,88,75,0,62.467205,75.22677,90.39978
TJNR,5/30/2007,87,75,0.52,58.781776,81.5108,94.14301
TJNR,5/31/2007,86,76,0.12,71.9184,83.200745,94.14301
TJNR,6/1/2007,86,74,0.38,67.6068,81.032776,94.10022
TJNR,6/2/2007,89,76,0.43,62.4672,78.892525,94.14301
TJNR,6/3/2007,89,80,0.18,59.012367,72.28233,83.66177
TJNR,6/4/2007,89,81,0.07,66.15182,73.279,79.39962
TJNR,6/5/2007,89,80,0.08,62.467205,72.042725,79.2676
TJNR,6/6/2007,88,79,0.04,58.781776,68.83287,74.2799
TJNR,6/7/2007,86,75,0.07,60.7359,72.579895,88.588776
TJNR,6/8/2007,87,75,0.07,65.26648,76.33869,94.14301
TJNR,6/9/2007,86,74,0.18,69.59207,81.38381,94.14301
TJNR,6/10/2007,88,75,0.24,66.35352,78.164665,90.39978
TJNR,6/11/2007,89,76,0.12,66.3535,80.70011,90.2933
TJNR,6/12/2007,88,76,0.09,62.467205,77.68805,94.18534
TJNR,6/13/2007,88,77,0.08,62.467205,77.23565,88.668915
TJNR,6/14/2007,89,79,0.05,62.467205,74.818405,84.6417
TJNR,6/15/2007,89,76,0.04,62.467205,76.04355,94.14301
TJNR,6/16/2007,89,81,0.02,58.781776,69.69783,79.2676
TJNR,6/17/2007,89,80,0.02,62.467205,71.913864,78.76171
TJNR,6/18/2007,,,0,,,
TJNR,6/19/2007,,,0,,,
TJNR,6/20/2007,,,0,,,
TJNR,6/21/2007,,,0,,,
TJNR,6/22/2007,,,0,,,
TJNR,6/23/2007,,,0,,,
TJNR,6/24/2007,,,0,,,
TJNR,6/25/2007,,,0,,,
TJNR,6/26/2007,,,0,,,
TJNR,6/27/2007,,,0,,,
TJNR,6/28/2007,,,0,,,
TJNR,6/29/2007,,,0,,,
TJNR,6/30/2007,,,0,,,
TJNR,7/1/2007,,,0,,,
TJNR,7/2/2007,,,0,,,
TJNR,7/3/2007,,,0,,,
TJNR,7/4/2007,,,0,,,
TJNR,7/5/2007,89.6,82,0,59.012367,63.61472,79.39962
TJNR,7/6/2007,89,77,0.27,55.530766,69.966644,83.6618
TJNR,7/7/2007,90,78,0,55.4582,67.02797,81.55377
TJNR,7/8/2007,91,79,0,55.530766,66.77094,74.3291
TJNR,7/9/2007,91,82,0,59.012367,68.75135,83.7722
TJNR,7/10/2007,91,78,0.25,57.49431,69.13407,83.6618
TJNR,7/11/2007,89,80,0.02,58.781776,70.56077,79.39962
TJNR,7/12/2007,90,79,0.02,62.467205,72.07622,84.6941
TJNR,7/13/2007,91,82,0,57.49431,68.94672,78.90113
TJNR,7/14/2007,91,76,0,55.71818,70.10749,84.57616
TJNR,7/15/2007,90,77,0.1,59.012367,74.27062,88.668915
TJNR,7/16/2007,88,79,0.29,66.35352,76.97418,88.74824
TJNR,7/17/2007,90,77,0.33,62.467205,76.77945,88.74824
TJNR,7/18/2007,89.1,79,0.25,58.781776,72.01129,83.6618
TJNR,7/19/2007,89.1,78.1,0.32,62.4672,77.80655,94.2687
TJNR,7/20/2007,87.8,77,0.28,62.467205,80.07433,90.3687
TJNR,7/21/2007,90,78,0,59.012367,73.762764,87.1241
TJNR,7/22/2007,89.1,77,0.06,62.467205,75.4533,87.2222
TJNR,7/23/2007,90,78.8,0.23,62.467205,75.18797,100
TJNR,7/24/2007,89.6,81,0.13,62.467205,71.008575,79.39962
TJNR,7/25/2007,90,82,0,59.012367,70.19662,76.5296
TJNR,7/26/2007,90,80.6,0.01,59.012367,70.38197,79.39962
TJNR,7/27/2007,90,80.6,0,55.530766,70.25473,79.2676
TJNR,7/28/2007,91,80,0,59.012367,69.8649,79.1989
TJNR,7/29/2007,91,75,0.31,51.93074,67.34135,83.437645
TJNR,7/30/2007,90,75,0.08,61.241543,72.82817,88.588776
TJNR,7/31/2007,91,75.2,0.14,59.012367,73.99312,94.14301
TJNR,8/1/2007,91.4,82,0,55.77155,65.82076,74.3291
TJNR,8/2/2007,91,82,0,58.781776,66.574,71.782
TJNR,8/3/2007,91,82,0,58.781776,69.19977,78.90113
TJNR,8/4/2007,92,79,0.06,55.71818,72.272675,82.42622
TJNR,8/5/2007,91,78,0,59.012367,72.805336,88.74824
TJNR,8/6/2007,91,80,0.01,52.481148,71.98034,83.66177
TJNR,8/7/2007,87,75,1.58,70.083244,85.51773,100
TJNR,8/8/2007,88,78,0.05,62.467205,74.984024,88.74824
TJNR,8/9/2007,89,76,0.11,62.467205,72.36006,83.6618
TJNR,8/10/2007,89,82,0.04,66.3535,75.01856,81.82045
TJNR,8/11/2007,89,81,0.01,65.49481,73.84449,83.66177
TJNR,8/12/2007,90,80.6,0.11,62.467205,73.586754,83.6618
TJNR,8/13/2007,81,80,0,74.114944,77.38608,79.2676
TJNR,8/15/2007,90,79,0,59.012367,64.79755,76.5296
TJNR,8/16/2007,90,78,0.06,59.012367,73.40865,84.6417
TJNR,8/17/2007,90,83,0,59.012367,69.65308,78.90113
TJNR,8/18/2007,88,75,0.88,62.4672,77.67097,94.22723
TJNR,8/19/2007,89,78,0.19,62.467205,74.99055,83.6618
TJNR,8/20/2007,89,79,0.01,62.683746,75.46688,84.5785
TJNR,8/21/2007,89,77,0.73,62.683746,79.04352,94.35022
TJNR,8/22/2007,90,78,0.1,62.683746,77.91467,90.3687
TJNR,8/23/2007,89,77,0.15,65.49481,75.996284,88.74824
TJNR,8/24/2007,88,75,1.57,72.30214,87.50376,100
TJNR,8/25/2007,88,77,0,62.467205,73.06109,84.5256
TJNR,8/26/2007,89,77,0.05,62.683746,75.69393,87.1241
TJNR,8/27/2007,90,73.4,0,58.781776,72.059525,88.588776
TJNR,8/28/2007,87.1,78,0.18,66.15182,81.33549,88.74824
TJNR,8/29/2007,89,76,0,58.781776,71.686035,83.55026
TJNR,8/30/2007,90,80,0,59.012367,71.2075,79.39962
TJNR,8/31/2007,88,78,0.22,69.897545,75.64832,87.1241
TJNR,9/1/2007,90,78,0.1,59.012367,72.46908,83.6618
TJNR,9/2/2007,89,80,0.11,65.49481,73.34314,83.66177
TJNR,9/3/2007,89,78,0,55.28835,71.3498,79.1989
TJNR,9/4/2007,89,76,0.42,62.467205,82.27534,94.14301
TJNR,9/5/2007,89,76,0.04,62.467205,80.6723,94.14301
TJNR,9/6/2007,90,75,0.01,59.012367,77.512764,94.14301
TJNR,9/7/2007,90,77,0.03,58.781776,72.865105,88.74824
TJNR,9/8/2007,88,77,0,58.781776,72.686005,84.5256
TJNR,9/9/2007,89,78,0.16,59.012367,72.97458,88.74824
TJNR,9/10/2007,90,79,0.02,61.241543,71.35708,79.2676
TJNR,9/11/2007,90,76,0.03,62.683746,74.574646,88.668915
TJNR,9/12/2007,90,81,0,59.012367,71.33376,79.2676
TJNR,9/13/2007,90,77,0.17,62.467205,72.440346,84.6417
TJNR,9/14/2007,89,76,0.01,65.49481,76.50719,88.588776
TJNR,9/15/2007,89,75,1.39,65.49481,82.55724,94.14301
TJNR,9/16/2007,89,76,0.02,62.683746,82.9261,94.14301
TJNR,9/17/2007,90,76,0.11,65.49481,78.52113,88.668915
TJNR,9/18/2007,90,76,0,59.012367,77.68411,94.14301
TJNR,9/19/2007,90,76,0.02,61.48733,77.58961,90.2933
TJNR,9/20/2007,90,76,0,62.467205,78.55986,94.14301
TJNR,9/21/2007,89,75,0.01,62.4672,76.856834,90.39978
TJNR,9/22/2007,90,76,0,59.012367,73.47107,88.668915
TJNR,9/23/2007,92,77,0.21,59.012367,74.3115,87.1241
TJNR,9/24/2007,89,76,0.06,62.683746,79.334595,94.14301
TJNR,9/25/2007,90,77,0.19,62.683746,78.3198,94.18534
TJNR,9/26/2007,88,76,0.21,66.3535,81.629364,90.3687
TJNR,9/27/2007,89,77,0.3,58.781776,72.08715,88.74824
TJNR,9/28/2007,87,76,0.19,69.799286,78.50607,88.5888
TJNR,9/29/2007,90,78,0,59.012367,72.02529,84.5256
TJNR,9/30/2007,89,78,0.06,62.467205,75.9955,84.6941
TJNR,10/1/2007,88,77,0.41,66.35352,81.58911,90.3687
TJNR,10/2/2007,91,76,0,61.48733,77.48182,90.3345
TJNR,10/3/2007,90,75,0,62.4672,78.98564,94.14301
TJNR,10/4/2007,89,75,0,62.467205,78.66271,94.14301
TJNR,10/5/2007,86,74,0.7,66.1518,88.379234,100
TJNR,10/6/2007,89,74,0,62.467205,83.43926,94.14301
TJNR,10/7/2007,90,76,0.58,62.683746,82.800545,90.3345
TJNR,10/8/2007,89,75,0,65.49481,80.89805,94.14301
TJNR,10/9/2007,89.6,75.2,0.35,62.683746,80.10552,94.14301
TJNR,10/10/2007,90,76,0,62.6837,72.6702,84.6941
TJNR,10/11/2007,88,77,0.33,66.1518,79.12791,90.3687
TJNR,10/12/2007,90,76,0.09,59.012367,74.864655,90.3345
TJNR,10/13/2007,82,76,0.08,74.1149,82.79561,88.74824
TJNR,10/14/2007,89,77,0,62.467205,72.63226,82.0559
TJNR,10/15/2007,89,75,0,58.781776,71.00377,88.588776
TJNR,10/16/2007,87,76,0,66.15182,77.04741,88.668915
TJNR,10/17/2007,89,76,0.06,61.241543,73.11718,90.2933
TJNR,10/18/2007,89,75,0.02,58.781776,71.99701,90.39978
TJNR,10/19/2007,89,74,0.2,55.530766,74.02839,94.10022
TJNR,10/20/2007,89,76,0,58.781776,74.286995,88.668915
TJNR,10/21/2007,89,78,0.04,58.781776,71.61332,83.55026
TJNR,10/22/2007,89,76,0.1,62.467205,73.0682,84.5256
TJNR,10/23/2007,88,76,0.11,58.781776,75.76201,88.74824
TJNR,10/24/2007,88,74,0.25,58.781776,73.46862,94.10022
TJNR,10/25/2007,87,75,0.37,69.59207,84.71139,94.18534
TJNR,10/26/2007,87,74,0.91,67.6068,82.92786,94.14301
TJNR,10/27/2007,79,73,1.28,83.55026,91.39778,100
TJNR,11/2/2007,89,73.9,0,62.467205,69.28857,84.5785
TJNR,11/3/2007,88,77,0,62.467205,75.2612,87.1241
TJNR,11/4/2007,88,74,0,62.467205,78.4971,94.14301
TJNR,11/5/2007,88,73,0.23,58.549522,76.46069,94.14301
TJNR,11/6/2007,87,73,0,65.1269,77.53719,94.10022
TJNR,11/7/2007,88,71,0,62.467205,79.72281,94.10022
TJNR,11/8/2007,88,72,0,62.467205,79.718445,94.14301
TJNR,11/9/2007,88,74,0,61.241543,79.46092,94.14301
TJNR,11/10/2007,89,73,0.01,61.241543,79.17906,94.14301
TJNR,11/11/2007,88,76,0,62.467205,73.70168,94.14301
TJNR,11/12/2007,88,75,0.41,66.35352,79.986084,94.14301
TJNR,11/13/2007,84,73,0.73,70.083244,85.99087,100
TJNR,11/14/2007,87,73,0,55.28835,71.99258,88.507805
TJNR,11/15/2007,88,75,0,65.2306,75.32471,90.39978
TJNR,11/16/2007,86,75,0,69.685555,82.18398,94.14301
TJNR,11/17/2007,81,74,0,78.62098,85.90526,94.14301
TJNR,11/18/2007,88,79,0,62.467205,75.09548,81.6337
TJNR,11/19/2007,85,74,0.23,69.59207,80.76857,94.14301
TJNR,11/20/2007,82,73,1,69.52137,85.7184,94.10022
TJNR,11/21/2007,84,72,0.64,61.58435,73.81327,94.057
TJNR,11/22/2007,85,74,0.03,54.798595,67.326454,83.32391
TJNR,11/23/2007,85,74,0,51.469208,62.355434,73.9485
TJNR,11/24/2007,86,75,0,51.210354,64.696754,78.47891
TJNR,11/25/2007,85,76,0.04,58.315598,66.54794,83.32391
TJNR,11/26/2007,87,76,0.01,58.549522,68.4062,79.10189
TJNR,11/27/2007,86,78,0,63.2692,70.839,81.55377
TJNR,11/28/2007,86,76,0,59.135,69.66269,73.967064
TJNR,11/29/2007,86,75,0.01,58.315598,67.140656,78.335495
TJNR,12/8/2007,86,75,0,61.1182,68.99641,69.897545
TJNR,12/9/2007,93,77,0.17,51.93074,60.816547,73.967064
TJNR,12/10/2007,93,74,0.49,49.362175,65.751656,88.5888
TJNR,12/11/2007,95,81,0.95,46.67032,57.668056,74.2799
TJNR,12/12/2007,100.9,78,0.09,41.230103,58.772522,90.3345
TJNR,12/13/2007,100,78.1,0.03,40.8247,56.311302,76.193085
TJNR,12/14/2007,91,75,0,55.2883,63.338585,74.2799
TJNR,12/15/2007,85,74,0.16,,,
TJNR,12/16/2007,85,72,0.18,,,
TJNR,12/17/2007,84,72,0.02,,,
TJNR,12/18/2007,86,72,0.01,,,
TJNR,12/19/2007,85,72,0.01,,,
TJNR,12/20/2007,85,70,0.02,,,
TJNR,12/21/2007,85,71,0.01,,,
TJNR,12/22/2007,85,69,0,,,
TJNR,12/23/2007,85,67,0,,,
TJNR,12/26/2007,86,76,0,,,
TJNR,12/27/2007,85,74,0.06,,,
TJNR,12/28/2007,84,76,0,,,
TJNR,12/29/2007,84,76,0.01,,,
TJNR,12/30/2007,85,73,0.05,,,
TJNR,12/31/2007,86,76,0,,,
TJNR,1/1/2008,85,76,0,,,
TJNR,2/9/2008,84,73,,,,
TJNR,2/10/2008,84,75,0,,,
TJNR,2/11/2008,84,71,0.1,,,
TJNR,2/12/2008,85,75,0.01,,,
TJNR,9/1/2010,,,0.28,,,
TJNR,9/2/2010,,,0,,,
TJNR,9/3/2010,,,0,,,
TJNR,9/4/2010,,,0.09,,,
TJNR,9/5/2010,,,0,,,
TJNR,9/6/2010,,,0,,,
TJNR,9/7/2010,,,0.38,,,
TJNR,9/8/2010,90,78,0.09,57.3855,69.55509,88.74824
TJNR,9/9/2010,89,76,0,57.1246,70.39046,88.588776
TJNR,9/10/2010,89,77,0.27,58.781776,71.19831,84.6417
TJNR,9/11/2010,83,78,0.36,59.012367,77.4883,88.74824
TJNR,9/12/2010,90,77,0.5,65.49481,80.47025,90.3687
TJNR,9/13/2010,88,78,0.09,58.781776,74.80182,90.3687
TJNR,9/14/2010,88,76,0.03,65.26648,76.60685,88.668915
TJNR,9/15/2010,89,76,0,58.781776,72.79163,79.2676
TJNR,9/16/2010,90,77,0.05,61.241543,73.931,84.5785
TJNR,9/17/2010,91,78,0,51.93074,70.653404,83.55026
TJNR,9/18/2010,91,74,0.36,52.481148,77.55752,94.14301
TJNR,9/19/2010,90,75,0,59.012367,76.102325,94.14301
TJNR,9/20/2010,89,75,0,59.012367,76.20549,94.14301
TJNR,9/21/2010,89,75,0,62.4672,73.479645,87.1241
TJNR,9/22/2010,89,82,0,62.249004,67.547264,74.2799
TJNR,9/23/2010,87,77,0.09,62.467205,72.5178,83.66177
TJNR,9/24/2010,87,77,0.58,69.27759,76.01887,88.668915
TJNR,9/25/2010,88,80,0,62.467205,72.000336,78.76171
TJNR,9/26/2010,87,78,0,62.4672,75.16348,90.39978
TJNR,9/27/2010,87,76,0.24,66.35352,79.467064,88.668915
TJNR,9/28/2010,88,76,0.63,62.467205,80.49935,100
TJNR,9/29/2010,88,77,0.01,58.781776,75.759766,88.74824
TJNR,9/30/2010,88,78,0.06,66.3535,77.61983,94.14301
TJNR,10/1/2010,83,76,0.79,74.24337,84.17597,94.14301
TJNR,10/2/2010,88,80,0,62.467205,79.12841,88.668915
TJNR,10/3/2010,88,79,0.06,66.35352,80.67254,88.74824
TJNR,10/4/2010,88,79,0.23,66.3535,79.19431,90.3687
TJNR,10/5/2010,86,78,0.49,70.26737,83.46287,93.0885
TJNR,10/6/2010,87,75,0.18,65.26648,82.149765,94.14301
TJNR,10/7/2010,85,76,2.6,72.30214,85.07611,94.18534
TJNR,10/8/2010,84,75,0.97,77.068,88.09957,100
TJNR,10/9/2010,89,77,0,69.799286,81.51725,90.3345
TJNR,10/10/2010,87,74,0,66.15182,82.37851,100
TJNR,10/11/2010,88,77,0.29,66.35352,83.12886,94.18534
TJNR,10/12/2010,87,76,0.12,66.1518,83.35322,94.2687
TJNR,10/13/2010,87,75,0.06,66.3535,83.24444,94.18534
TJNR,10/14/2010,88,75,0,58.781776,78.98552,94.18534
TJNR,10/15/2010,88,75,0.03,62.467205,79.859215,94.14301
TJNR,10/16/2010,88,77,0,62.249004,78.615326,90.3345
TJNR,10/17/2010,88,75,0.02,57.1246,76.55996,94.14301
TJNR,10/18/2010,87,72,0,58.549522,75.342476,94.10022
TJNR,10/19/2010,88,73,0,62.249,73.94993,94.10022
TJNR,10/20/2010,88,78,0.23,62.249,75.888374,94.18534
TJNR,10/21/2010,87,75,0.01,60.9838,79.47784,94.18534
TJNR,10/22/2010,88,73,0,58.781776,76.10569,94.10022
TJNR,10/23/2010,88,79,0.01,58.781776,69.79931,79.2676
TJNR,10/24/2010,88,80,0,54.77119,65.34149,78.76171
TJNR,10/25/2010,88,80,0,55.28835,63.78955,69.897545
TJNR,10/26/2010,88,76,0.14,58.781776,71.46741,83.5503
TJNR,10/27/2010,88,78,0.3,58.549522,71.24337,88.5888
TJNR,10/28/2010,87,74,0.07,57.1246,70.13963,90.39978
TJNR,10/29/2010,86,76,0.13,69.799286,83.12246,94.18534
TJNR,10/30/2010,88,76,0.09,66.35352,79.39175,94.18534
TJNR,10/31/2010,87,78,0.08,58.781776,74.48988,83.6618
TJNR,11/1/2010,83,76,0.06,65.536865,76.36574,88.74824
TJNR,11/2/2010,84,75,0,69.59207,78.065765,84.6417
TJNR,11/3/2010,86,80,0,66.1518,74.19645,79.1989
TJNR,11/4/2010,87,79,0.01,65.26648,74.18656,84.5785
TJNR,11/5/2010,88,79,0.32,65.26648,79.51164,96.4901
TJNR,11/6/2010,82,76,1.23,74.44338,89.07529,100
TJNR,11/7/2010,84,76,1.14,78.9011,91.16732,94.18534
TJNR,11/8/2010,85,76,0.07,63.2692,77.79389,94.14301
TJNR,11/9/2010,84,73,0.83,70.083244,84.85251,94.18534
TJNR,11/10/2010,82,76,0.55,78.7617,89.684006,94.18534
TJNR,11/11/2010,86,75,0.08,69.799286,86.3721,94.18534
TJNR,11/12/2010,85,75,0.02,54.798595,77.20592,94.14301
TJNR,11/13/2010,85,72,0.01,56.9815,75.81546,94.10022
TJNR,11/14/2010,85,73,0,60.8714,76.00023,94.10022
TJNR,11/15/2010,85,73,0,54.798595,70.84152,83.32391
TJNR,11/16/2010,86,71,0.02,50.693428,68.23766,94.10022
TJNR,11/17/2010,85,76,0.0001,56.9815,63.001926,79.10189
TJNR,11/18/2010,85,77,0.0001,54.77119,62.332443,69.71026
TJNR,11/19/2010,85,76,0.0001,54.77119,62.3189,83.32391
TJNR,11/20/2010,85,75,0.0001,51.0819,62.7589,69.71026
TJNR,11/21/2010,85,76,0.01,54.77119,65.63024,78.62098
TJNR,11/22/2010,84,72,0.59,67.177505,76.39739,88.5888
TJNR,11/23/2010,84,73,0.32,63.0313,71.93555,100
TJNR,11/24/2010,84,78,0,54.051514,60.680164,65.32855
TJNR,11/25/2010,83,76,0.0001,47.5235,58.643505,69.330864
TJNR,11/26/2010,82,72,0.1,61.3594,69.327354,84.337776
TJNR,11/27/2010,84,75,0.0001,58.07999,68.435524,73.967064
TJNR,11/28/2010,84,77,0,54.551235,66.82262,78.47891
TJNR,11/29/2010,85,77,0,50.9659,60.814426,71.1909
TJNR,11/30/2010,83,74,0.03,57.842686,63.31807,78.335495
TJNR,12/1/2010,83,74,0.22,54.551235,67.43772,88.507805
TJNR,12/2/2010,83,69,0,50.650837,62.16322,83.09303
TJNR,12/3/2010,83,67,0,41.971546,63.287373,82.97585
TJNR,12/4/2010,82,62,0,43.89786,64.70129,82.73796
TJNR,12/5/2010,82,64,0,51.212227,71.35569,88.09003
TJNR,12/6/2010,83,66,0,58.07999,76.93596,89.9397
TJNR,12/7/2010,80,72,0.35,72.10829,86.03604,94.14301
TJNR,12/8/2010,84,72,0.23,69.4343,84.34109,100
TJNR,12/9/2010,85,76,0.02,69.4343,77.71876,88.588776
TJNR,12/10/2010,84,73,0.03,69.5285,81.363014,94.14301
TJNR,12/11/2010,84,74,0,65.74351,83.47869,96.3879
TJNR,12/12/2010,83,75,0.04,69.27759,83.50572,94.05696
TJNR,12/13/2010,83,73,0,65.7435,81.93109,94.05696
TJNR,12/14/2010,84,72,0,62.02914,81.080444,94.057
TJNR,12/15/2010,81,71,0.56,71.7228,83.02178,94.10022
TJNR,12/16/2010,81,73,0.24,61.58435,71.73111,90.32327
TJNR,12/17/2010,82,76,0,59.8401,65.55562,73.9485
TJNR,12/18/2010,82,75,0.01,57.842686,66.97634,78.335495
TJNR,12/19/2010,84,75,0,58.07999,71.68684,88.507805
TJNR,12/20/2010,83,71,0,65.74351,79.776886,88.5888
TJNR,12/21/2010,83,70,0,61.58435,74.207405,84.1034
TJNR,12/22/2010,81,72,0.03,61.3594,70.66282,88.507805
TJNR,12/23/2010,82,70,0,54.30221,68.35691,78.46361
TJNR,12/24/2010,83,64,0,45.06871,67.74212,88.17534
TJNR,12/25/2010,80,66,0.01,65.32855,76.1401,88.17534
TJNR,12/26/2010,82,74,0.01,69.27759,77.80936,88.668915
TJNR,12/27/2010,83,76,0,69.5285,80.86893,94.10022
TJNR,12/28/2010,78,69,1.55,79.3669,89.54916,100
TJNR,12/29/2010,78,72,0,68.63514,74.50454,88.507805
TJNR,12/30/2010,79,71,0,61.3594,72.04735,88.42599
TJNR,12/31/2010,81,73,0,54.051514,63.058224,69.138725
TJNR,1/1/2011,81,71,0.08,54.30221,69.14244,94.057
TJNR,1/2/2011,79,71,0.09,68.7828,77.41356,94.1002
TJNR,1/3/2011,80,68,0.06,56.1834,73.34199,93.4896
TJNR,1/4/2011,82,72,0.02,64.68674,75.84421,96.4172
TJNR,1/5/2011,82,72,0.01,71.5869,84.125435,96.678116
TJNR,1/6/2011,83,75,0,71.5869,81.95588,90.2171
TJNR,1/7/2011,84,74,0,74.3291,85.81754,96.993
TJNR,1/8/2011,84,74,0.15,74.24337,89.47744,100
TJNR,1/9/2011,83,70,0,69.897545,87.95667,100
TJNR,1/10/2011,83,75,0.0001,72.10829,85.85014,94.14301
TJNR,1/11/2011,82,76,0.02,74.0652,80.013115,88.5888
TJNR,1/12/2011,82,75,0.02,73.8815,80.99704,88.5888
TJNR,1/13/2011,81,76,0,73.9485,82.4328,88.6689
TJNR,1/14/2011,83,77,0,69.27759,78.182274,84.57616
TJNR,1/15/2011,83,70,0,69.27759,78.10245,93.437
TJNR,1/16/2011,84,75,0,66.9263,79.08963,88.668915
TJNR,1/17/2011,84,75.9,0.01,66.9263,77.764496,87.72512
TJNR,1/18/2011,84,76,0.01,69.4343,78.19864,84.57616
TJNR,1/19/2011,84,77,0,67.617035,,88.668915
TJNR,1/20/2011,83,76,0,61.58435,74.45041,88.668915
TJNR,1/21/2011,84,75,0.03,64.68674,80.08709,96.678116
TJNR,1/22/2011,82.9,69,0,69.897545,84.121895,96.3583
TJNR,1/23/2011,84,76,0.0001,67.4378,85.32679,96.3879
TJNR,1/24/2011,84,77,0,69.27759,78.50609,90.39978
TJNR,1/25/2011,83,76,0.02,57.842686,73.1787,94.14301
TJNR,1/26/2011,83,74,0,58.07999,69.79015,83.32391
TJNR,1/27/2011,84,72,0.06,58.07999,75.78756,88.5888
TJNR,1/28/2011,84,69.8,0.01,64.68674,75.898125,94.01323
TJNR,1/29/2011,82.9,71,0,54.551235,78.39069,96.3879
TJNR,1/30/2011,82,69,0.16,69.27759,85.28357,100
TJNR,1/31/2011,83,72,0,58.07999,77.303406,100
TJNR,2/1/2011,83,72,0.02,65.0019,78.0356,88.507805
TJNR,2/2/2011,83,76,0,66.9263,75.08373,84.9155
TJNR,2/3/2011,82,76,0,54.3521,66.750046,83.3239
TJNR,2/4/2011,82,70,0.07,61.6644,73.59481,94.1002
TJNR,2/5/2011,83,73,0.18,69.897545,81.313416,94.14301
TJNR,2/6/2011,84,73,0.08,70.0832,81.84968,96.4461
TJNR,2/7/2011,84,74,0.22,58.6546,77.683105,100
TJNR,2/8/2011,83,73,0.09,60.2464,75.26597,94.143
TJNR,2/9/2011,83,74,0.01,63.0313,76.34119,87.4515
TJNR,2/10/2011,84,75,0.03,60.7359,74.18616,94.143
TJNR,2/11/2011,84,71,0.13,62.7745,77.04186,96.3879
TJNR,2/12/2011,84,76,0,67.4378,77.96582,87.6003
TJNR,2/13/2011,83,76,0.25,69.5285,82.25088,100
TJNR,2/14/2011,83,71,0.01,71.5869,82.04246,94.10022
TJNR,2/15/2011,84,75,0.04,65.0019,80.70117,94.143
TJNR,2/16/2011,84,76,0.01,63.0313,79.85355,96.993
TJNR,2/17/2011,83,75,0.0001,58.07999,70.95385,90.39978
TJNR,2/18/2011,84,71,0,58.07999,78.71793,94.1002
TJNR,2/19/2011,83,73,0,64.8973,78.81057,90.7287
TJNR,2/20/2011,82,71,0,62.5339,75.340385,93.4658
TJNR,2/21/2011,82,72,0.02,52.4748,72.669075,88.507805
TJNR,2/22/2011,84,74,0,54.6256,67.17633,75.9253
TJNR,2/23/2011,83,71,0,48.0542,61.788982,83.093
TJNR,2/24/2011,83,75,0,45.5983,54.450966,61.6644
TJNR,2/25/2011,83,73,0.02,54.5016,64.236786,84.3436
TJNR,2/26/2011,82,74,0.0001,43.8663,53.08129,64.0667
TJNR,2/28/2011,83,74,0,40.8409,54.679478,64.90684
TJNR,3/1/2011,83,73,0,56.2428,67.48671,83.209
TJNR,3/2/2011,82,73,0,50.681,69.77781,87.4073
TJNR,3/3/2011,83,67,0,52.9345,77.57269,96.9296
TJNR,3/4/2011,83,66,0.03,67.4378,82.45953,96.9683
TJNR,3/5/2011,84,70,0.0001,63.0313,81.77069,96.3879
TJNR,3/6/2011,84,71,0,58.07999,77.56682,94.057
TJNR,3/7/2011,83,74,0,54.49604,68.539734,83.3239
TJNR,3/8/2011,79,73.4,0,46.934,58.706886,66.1311
TJNR,3/17/2011,82.4,76,0,56.29896,61.681683,73.7806
TJNR,3/18/2011,84,68,0,52.4748,65.92095,81.1432
TJNR,3/19/2011,84,72,0,58.3966,71.15861,84.1584
TJNR,3/20/2011,82,74,0.06,50.5508,68.61241,88.5078
TJNR,3/21/2011,84,73,0.01,48.9304,65.87878,88.507805
TJNR,3/22/2011,82,69,0.09,58.1365,75.12882,100
TJNR,3/23/2011,83,70,0.11,57.842686,71.62769,100
TJNR,3/24/2011,86,74,0,60.2464,74.213,87.5043
TJNR,3/25/2011,86,71,0,58.6546,82.36483,96.4172
TJNR,3/26/2011,86,75,0,67.6546,82.78222,94.143
TJNR,3/27/2011,86,77,0.0001,59.135,78.463234,88.668915
TJNR,3/28/2011,85,74,0.04,58.255,72.3788,88.5888
TJNR,3/29/2011,85,75,0.0001,66.5828,75.27885,90.3345
TJNR,3/30/2011,87,77,0,66.15182,82.41544,94.1853
TJNR,3/31/2011,88,75,0,55.1909,76.44697,94.1853
TJNR,4/1/2011,88,75,0,58.549522,76.7903,87.6003
TJNR,4/2/2011,85,76,0.0001,60.7359,77.07407,90.8013
TJNR,4/3/2011,86,70,0,53.2115,77.26733,100
TJNR,4/4/2011,86,74,0.19,60.8714,76.677605,88.5888
TJNR,4/5/2011,86,73,0.06,56.509,77.68059,94.14301
TJNR,4/6/2011,87,77,0,54.77119,70.160835,83.4376
TJNR,4/7/2011,86,76,0,56.506313,71.01386,83.32391
TJNR,4/8/2011,83,72,0.27,54.2272,70.817535,94.10022
TJNR,4/9/2011,84,74,0,54.7739,64.630486,78.47891
TJNR,4/10/2011,85,76,0,56.7175,68.056816,79.47427
TJNR,4/11/2011,85,76,0,47.683,62.379444,76.569
TJNR,4/12/2011,85,73,0.01,58.5141,77.38122,100
TJNR,4/13/2011,85,72,0,71.5869,83.92568,96.4172
TJNR,4/14/2011,85,72,0.02,69.5285,84.302666,100
TJNR,4/15/2011,85,72,0.16,69.4343,83.90213,100
TJNR,4/16/2011,85,73,0.02,54.798595,73.35966,90.32327
TJNR,4/17/2011,85,74,0.01,54.7739,67.508705,83.3239
TJNR,4/18/2011,85,70,0,54.6256,68.686806,84.0369
TJNR,4/19/2011,85,71,0.04,58.6546,74.53595,96.3879
TJNR,4/20/2011,86,68,0.0001,51.2489,76.283516,96.3583
TJNR,4/21/2011,85,68,0,54.7986,74.60474,92.8335
TJNR,4/22/2011,85,67,0.09,56.7175,83.80379,100
TJNR,4/23/2011,85,69,0,52.71415,70.391365,96.9683
TJNR,4/24/2011,86,70,0,59.135,74.59568,93.4658
TJNR,4/25/2011,87,77,0.0001,58.549522,74.07681,84.5785
TJNR,4/26/2011,88,76,0.09,65.0834,78.7803,94.1853
TJNR,4/27/2011,84,75,0.21,69.897545,80.76515,100
TJNR,4/28/2011,87,76,0.09,54.798595,71.9015,88.6689
TJNR,4/29/2011,87,76,0,54.798595,66.68779,76.569
TJNR,4/30/2011,87,73,0.11,53.181,73.907745,94.10022
TJNR,5/1/2011,81,75,0.88,82.0559,90.81284,100
TJNR,5/2/2011,87,77,0.0001,65.9485,75.58395,84.5256
TJNR,5/3/2011,85,77,0,65.1269,73.99205,79.17114
TJNR,5/4/2011,84,74,0,67.2191,77.26192,88.507805
TJNR,5/5/2011,85,73,0,55.9745,68.544876,88.5078
TJNR,5/6/2011,84,71,0,52.9345,64.626144,81.5744
TJNR,5/7/2011,84,72,0,52.9345,64.251076,88.42599
TJNR,5/8/2011,84,73,0,60.7359,70.14766,84.337776
TJNR,5/9/2011,85,78,0,65.1269,73.485405,79.116
TJNR,5/10/2011,85,75,0.2,67.146,85.04172,94.143
TJNR,5/11/2011,85,75,0,69.59207,82.24329,94.14301
TJNR,5/12/2011,83,76,0.02,74.2799,86.713646,100
TJNR,5/13/2011,83,75,0.06,69.3207,86.5283,97.0415
TJNR,5/14/2011,88,71,0.02,65.0834,82.70586,96.4461
TJNR,5/15/2011,87.1,75,1.63,65.3545,86.23385,100
TJNR,5/16/2011,87.1,75,0.69,67.27328,85.384315,100
TJNR,5/17/2011,75.2,73,3.77,94.143,99.901,100
TJNR,5/18/2011,86,78,0,76.6961,86.628555,96.4901
TJNR,5/19/2011,80.6,75,2.65,83.66177,89.876945,100
TJNR,5/20/2011,76,73.4,2.81,83.5503,94.20145,100
TJNR,5/21/2011,83,73,0.1,72.1122,82.40547,100
TJNR,5/22/2011,85,79,0,74.4271,83.27777,90.3687
TJNR,5/23/2011,86,75,0.88,69.7345,85.30415,94.1853
TJNR,5/24/2011,85,76,0.19,71.782,83.801865,94.143
TJNR,5/25/2011,85,74,0,67.146,81.68899,94.143
TJNR,5/26/2011,87,77,0.19,63.013,79.58828,93.0885
TJNR,5/27/2011,87,76,0.01,65.26648,82.681885,93.5928
TJNR,5/28/2011,87,75,0.0001,66.1518,82.026115,94.14301
TJNR,5/29/2011,87,76,0,65.3545,81.88943,94.1853
TJNR,5/30/2011,87,78,0.0001,67.3637,79.26809,88.7482
TJNR,5/31/2011,86,81,0.0001,70.2674,79.7689,84.6941
TJNR,6/1/2011,88,78,0.04,72.08,81.766754,90.3687
TJNR,6/2/2011,87,77,0.11,74.1149,84.50556,93.0885
TJNR,6/3/2011,85,76,0.24,72.3041,85.0169,93.0885
TJNR,6/4/2011,86,75,0.43,71.9753,85.27046,94.14301
TJNR,6/5/2011,85,75,0.57,74.4434,88.22725,94.18534
TJNR,6/6/2011,85,72,0.1,74.4271,87.260605,94.14301
TJNR,6/7/2011,82,74,0.15,78.9011,89.246704,94.1853
TJNR,6/8/2011,87,77,0.0001,69.846,86.98178,94.22723
TJNR,6/9/2011,89,78,0.05,74.4434,86.54899,96.4901
TJNR,6/10/2011,90,79,0,68.1975,83.17609,94.26866
TJNR,6/11/2011,89,78,0.05,65.5802,80.04303,94.2687
TJNR,6/12/2011,88,77,0.04,70.049,79.654655,90.3687
TJNR,6/13/2011,88,77,0.02,67.5795,78.13386,88.74824
TJNR,6/14/2011,89,80,0,69.5389,77.012955,84.7566
TJNR,6/15/2011,90,77,0.01,65.5802,75.96799,87.6951
TJNR,6/16/2011,86,75,0,72.10829,84.88639,94.2687
TJNR,6/17/2011,88,81,0.01,66.35352,76.688126,84.7566
TJNR,6/18/2011,88,77,0.02,72.08,79.49385,88.7482
TJNR,6/19/2011,88,77,0.02,63.2692,76.10229,84.6941
TJNR,6/20/2011,89,80,0,65.0834,73.22643,79.4176
TJNR,6/21/2011,90,80,0.04,67.6964,77.546585,87.789
TJNR,6/22/2011,90,81,0.17,59.3022,73.792656,84.6941
TJNR,6/23/2011,90,81,0.09,62.683746,74.45086,81.82045
TJNR,6/24/2011,88,81,0,64.954704,73.193375,79.3496
TJNR,6/25/2011,87,75,0.01,66.3535,76.11692,87.6951
TJNR,6/26/2011,88,79,0.0001,69.846,75.220215,83.7722
TJNR,6/27/2011,83,72,0.02,74.24337,85.1876,94.14301
TJNR,6/28/2011,88,75,0.6,71.9753,79.70701,90.3687
TJNR,6/29/2011,89,82,0,71.9753,75.9554,81.7687
TJNR,6/30/2011,88,81,0.0001,65.0834,73.016106,79.3496
TJNR,7/1/2011,87,73,0.37,69.846,79.51344,90.8013
TJNR,7/2/2011,84,76,0.06,74.1149,82.0418,90.8013
TJNR,7/3/2011,85,73,0.79,74.44338,86.6203,100
TJNR,7/4/2011,88,76,0,69.448425,79.022896,93.5928
TJNR,7/5/2011,87,81,0,66.3535,75.434296,82.1885
TJNR,7/6/2011,88,76,0.08,66.3535,77.722176,90.2933
TJNR,7/7/2011,84,76,0.39,74.148,82.11363,94.143
TJNR,7/8/2011,86,75,0.11,69.5285,80.584984,94.14301
TJNR,7/9/2011,88,81,0.04,70.4499,80.752884,88.9044
TJNR,7/10/2011,87,76,0.09,67.3637,77.682434,88.5888
TJNR,7/11/2011,86,75,0.0001,69.7345,78.4055,93.5695
TJNR,7/12/2011,84,75,0.65,74.4434,84.841805,96.4747
TJNR,7/13/2011,88,75,0.0001,69.5389,80.05607,93.5695
TJNR,7/14/2011,87,73,1.37,74.44338,85.68139,94.143
TJNR,7/15/2011,87,74,0.0001,69.6411,81.86611,96.4747
TJNR,7/16/2011,87,74,0.07,69.799286,80.77298,94.14301
TJNR,7/17/2011,87,74,0.4,69.5389,77.945816,94.1002
TJNR,7/18/2011,88,77,0.13,69.4343,77.79171,90.4094
TJNR,7/19/2011,87,79,0.0001,70.26737,81.65047,94.2272
TJNR,7/20/2011,89,78,0.55,67.5795,78.540436,93.6981
TJNR,7/21/2011,88,77,0.1,66.3535,78.67695,88.8267
TJNR,7/22/2011,88,79,0.18,66.15182,78.41695,94.2687
TJNR,7/23/2011,88,77,0.53,74.44338,84.192894,94.2687
TJNR,7/24/2011,88,76,0.36,69.5389,79.9047,93.0885
TJNR,7/25/2011,88,80,0,63.013,71.422104,76.9034
TJNR,7/26/2011,89,79,0.08,61.1253,70.247185,78.76171
TJNR,7/27/2011,88,79,0.27,,,
TJNR,7/28/2011,86,77,0.33,77.231,82.317314,88.6689
TJNR,7/29/2011,87,77,0,71.782,79.80775,94.18534
TJNR,7/30/2011,87,79,0.1,66.35352,77.03909,84.6417
TJNR,7/31/2011,88,79,0,66.15182,74.97838,79.2676
TJNR,8/1/2011,88,78,0.02,67.4817,75.095276,90.3687
TJNR,8/2/2011,88,77,1,67.4817,83.2486,96.4901
TJNR,8/3/2011,83,74,3.75,78.9011,89.30211,100
TJNR,8/4/2011,87,79,0.14,70.4499,83.71837,94.2687
TJNR,8/5/2011,88,81,0.04,66.35352,78.47099,88.9044
TJNR,8/6/2011,88,81,0.0001,66.15182,74.59402,84.7566
TJNR,8/7/2011,88,81,0.02,74.6054,79.80292,88.9044
TJNR,8/8/2011,88,78,0,66.35352,77.631485,87.2222
TJNR,8/9/2011,88,76,0.14,67.27328,78.68111,90.8013
TJNR,8/10/2011,88,79,0.01,66.3535,79.695656,87.2222
TJNR,8/11/2011,89,80,0.0001,70.4499,80.81008,94.2687
TJNR,8/12/2011,89,76,0.0001,72.08,78.386925,88.8267
TJNR,8/13/2011,89,78,0.08,69.5389,77.48659,93.0885
TJNR,8/14/2011,88,75,0,62.4672,73.99006,93.6205
TJNR,8/15/2011,,,0,,,
TJNR,8/16/2011,,,0,,,
TJNR,8/17/2011,84.2,82,0.0001,74.247,77.12997,79.549965
TJNR,8/18/2011,87,81,0.07,69.5389,75.49334,83.8815
TJNR,8/19/2011,88,77,0.34,67.4817,80.35012,93.6205
TJNR,8/20/2011,88,78,0.11,74.3291,80.29912,94.2687
TJNR,8/21/2011,87,76,0.29,74.5084,85.43932,100
TJNR,8/22/2011,,,,,,
TJNR,8/23/2011,77,77,0.62,82.3196,84.33155,97.0415
TJNR,8/24/2011,88,75,0.9,74.702,87.60793,100
TJNR,8/25/2011,88,78,0.0001,69.5389,82.792145,94.2687
TJNR,8/26/2011,87,76,0.01,66.3535,84.30602,96.4747
TJNR,8/27/2011,87,75,0.31,69.846,83.75899,100
TJNR,8/28/2011,87,76,0.06,69.846,82.98301,94.1853
TJNR,8/29/2011,88,77,0.04,70.4499,82.49403,93.6709
TJNR,8/30/2011,89,80,0,66.3535,78.31053,88.8267
TJNR,8/31/2011,89,76,0.04,65.49481,76.53303,94.14301
TJNR,9/1/2011,88,76,0.39,66.3535,83.68744,96.4747
TJNR,9/2/2011,88,75,0,63.013,81.14473,96.4461
TJNR,9/3/2011,90,78,0.33,70.049,81.90857,93.0885
TJNR,9/4/2011,89,76,0,65.3099,82.911224,96.4747
TJNR,9/5/2011,88,73,0.0001,65.2306,81.886696,94.14301
TJNR,9/6/2011,89,74,0,62.467205,81.18605,96.4461
TJNR,9/7/2011,88,76,0.0001,72.08,82.803955,93.6205
TJNR,9/8/2011,89,78,0.01,69.5389,82.670784,93.6709
TJNR,9/9/2011,89,78,0.0001,70.049,76.55339,90.3687
TJNR,9/10/2011,89,78,0.11,67.3637,77.070244,94.2272
TJNR,9/11/2011,88,77,0.41,74.6054,85.84434,94.2687
TJNR,9/12/2011,88,79,7.86,76.9503,88.32713,94.2687
TJNR,9/13/2011,,,1.38,,,
TJNR,9/14/2011,87.08,80.96,0.06,72.08,77.28239,88.90445
TJNR,9/15/2011,89,78,0.0001,62.683746,80.98546,93.6709
TJNR,9/16/2011,89,75,0,61.1253,75.0149,84.9155
TJNR,9/17/2011,86,73,0.43,65.26648,82.33754,94.143
TJNR,9/18/2011,83,73,0.92,78.90113,88.64068,100
TJNR,9/19/2011,87,73,1.6,69.7345,86.287384,96.678116
TJNR,9/20/2011,86,74,0.12,74.4271,77.59658,93.79415
TJNR,9/21/2011,90,80,0.13,66.3535,79.00653,94.2687
TJNR,9/22/2011,90,80,0.05,66.3535,79.69847,94.2687
TJNR,9/23/2011,90,81,0.0001,59.012367,72.10977,79.39962
TJNR,9/24/2011,90,77,0.06,63.2495,74.24546,87.6951
TJNR,9/25/2011,89,78,0.53,70.049,82.024414,90.3687
TJNR,9/26/2011,89,76,0.65,70.1589,84.36456,94.2687
TJNR,9/27/2011,88,77,0,77.3192,85.83141,96.4747
TJNR,9/28/2011,89,78.8,0.05,67.5795,80.49269,94.22723
TJNR,9/29/2011,90,75,0.0001,65.3099,80.54051,93.5695
TJNR,9/30/2011,90,74,0,59.4165,79.40919,93.5695
TJNR,10/1/2011,89,76,0.07,67.393654,82.56855,94.1853
TJNR,10/2/2011,91,76,0.0001,67.6964,78.66691,93.6205
TJNR,10/3/2011,89,79,0.04,65.0834,75.096275,88.8267
TJNR,10/4/2011,88,78,0,62.4672,74.55196,84.6417
TJNR,10/5/2011,89,76,0.07,60.966244,76.46373,90.8013
TJNR,10/6/2011,90,76,0.0001,62.467205,78.906105,90.8013
TJNR,10/7/2011,89,74,0,63.2495,76.94208,94.14301
TJNR,10/8/2011,89,76,0.0001,66.35352,76.02845,94.14301
TJNR,10/9/2011,89,81,0.0001,62.467205,72.70933,79.3496
TJNR,10/10/2011,88,80,0,62.249004,72.917694,81.6337
TJNR,10/11/2011,89,77,0,62.4672,76.65831,90.3345
TJNR,10/12/2011,88,75,0.24,65.5802,84.65872,96.4461
TJNR,10/13/2011,88,76,0.7,69.6411,84.79049,97.0415
TJNR,10/14/2011,89,76,0.0001,61.3631,75.06055,93.5928
TJNR,10/15/2011,89,76,0.0001,59.0124,71.790825,87.6003
TJNR,10/16/2011,89,75,0.0001,63.1423,75.55884,90.8013
TJNR,10/17/2011,89,75,0.02,62.4672,73.66159,94.14301
TJNR,10/18/2011,89,75,0.0001,62.4672,77.12598,90.8013
TJNR,10/19/2011,89,77,0.05,61.1182,74.17797,93.6205
TJNR,10/20/2011,88,77,0.02,60.87999,74.538246,88.7482
TJNR,10/21/2011,88,74,0.16,63.1423,77.219475,94.14301
TJNR,10/22/2011,87,72,0.03,65.2306,80.74967,94.1002
TJNR,10/23/2011,89,73,0,60.88,76.81534,93.5415
TJNR,10/24/2011,89,81,0,65.5802,73.90144,79.39962
TJNR,10/25/2011,88,82,0,69.5389,72.919174,81.7687
TJNR,10/26/2011,89,80.96,0,59.3022,72.541115,78.9011
TJNR,10/27/2011,89,75,0.08,61.1253,73.19653,93.5695
TJNR,10/28/2011,88,76,0.58,61.3631,75.555756,90.3345
TJNR,10/29/2011,88,76,0.43,62.467205,75.51001,94.143
TJNR,10/30/2011,87,79,0.25,67.4817,76.562035,88.7482
TJNR,10/31/2011,88,77,0.75,61.3631,78.16504,90.3687
TJNR,11/1/2011,87,74,0.05,65.3545,79.04359,93.6205
TJNR,11/2/2011,84,73,0.49,77.068,89.07341,94.1853
TJNR,11/3/2011,82,74,1,81.6337,93.52578,100
TJNR,11/4/2011,86,74,0.28,69.6411,85.6165,100
TJNR,11/5/2011,87,74,0,67.3637,84.42731,96.4461
TJNR,11/6/2011,88,75,0,65.5802,82.45553,94.14301
TJNR,11/7/2011,87.1,75,0,70.049,84.45306,96.4461
TJNR,11/8/2011,88,73,0.04,67.4817,78.29072,94.18534
TJNR,11/9/2011,83,74,0.8,71.7228,88.82288,100
TJNR,11/10/2011,88,77,0.0001,74.6054,84.65928,96.4901
TJNR,11/11/2011,89,76,0.03,62.6837,80.42421,96.41042
TJNR,11/12/2011,89,80,0.0001,63.1423,73.4802,83.6618
TJNR,11/13/2011,83,80,0,72.10829,73.300896,79.2676
TJNR,11/14/2011,86,78.08,0.14,69.846,81.13905,87.2222
TJNR,11/15/2011,87,76,0.13,65.1269,75.1615,94.143
TJNR,11/16/2011,86,77,0.02,65.2306,72.12794,79.1989
TJNR,11/17/2011,87,78,0.0001,67.3637,74.25403,81.6337
TJNR,11/18/2011,88,76,0,62.4672,74.13974,87.5481
TJNR,11/19/2011,86,76,0.02,58.9106,70.87607,94.143
TJNR,11/20/2011,87,75,0.24,67.3637,79.294,94.143
TJNR,11/21/2011,84,76,0.34,74.0652,80.379906,88.74824
TJNR,11/22/2011,86,76,0.01,69.685555,77.13029,84.6417
TJNR,11/23/2011,86,79,0.0001,69.5285,75.69115,79.2676
TJNR,11/24/2011,87,74,0.0001,65.3545,78.45268,90.8013
TJNR,11/25/2011,87,73,0.01,67.4378,80.06131,94.14301
TJNR,11/26/2011,87,74,1.44,67.3637,84.52924,100
TJNR,11/27/2011,81,74,0.12,78.7617,89.12322,96.4461
TJNR,11/28/2011,84,70,0.24,72.1122,90.58262,100
TJNR,11/29/2011,83,72,0.38,69.897545,85.63238,100
TJNR,11/30/2011,86,71,0,58.9106,80.32896,100
TJNR,12/1/2011,85,72,0.01,60.8714,77.22648,96.993
TJNR,12/2/2011,85,74,0.01,65.1269,77.84029,94.143
TJNR,12/3/2011,85,73,0.0001,58.6546,71.52645,88.507805
TJNR,12/4/2011,84,72,1.58,60.8714,75.32173,100
TJNR,12/5/2011,81,71,1.49,79.057945,92.78021,100
TJNR,12/6/2011,83,70,0.04,69.897545,87.67704,100
TJNR,12/7/2011,84,74,0.01,72.10829,79.20239,87.5481
TJNR,12/8/2011,85,74,0,72.10829,81.05968,90.2933
TJNR,12/9/2011,84,74,0.09,74.325455,84.06162,94.143
TJNR,12/10/2011,79,74,0.38,73.8815,88.22304,100
TJNR,12/11/2011,84,72,0.02,67.4378,80.82169,97.0174
TJNR,12/12/2011,82,70,0.0001,66.9263,82.23645,100
TJNR,12/13/2011,82,67,0.0001,71.3899,85.632286,100
TJNR,12/14/2011,84,69,0,65.0019,84.68616,100
TJNR,12/15/2011,82,72,0.23,56.4515,72.908485,100
TJNR,12/16/2011,82,71,0.01,57.9564,68.369606,87.3539
TJNR,12/17/2011,82,72,0.01,56.23738,66.37273,78.7032
TJNR,12/18/2011,81,72,0,62.2913,68.187004,73.8815
TJNR,12/19/2011,82,69,0.0001,47.2297,62.316093,78.4937
TJNR,12/20/2011,80,72,0.07,64.1747,74.91248,94.1002
TJNR,12/21/2011,81,75,0.0001,66.5828,70.3368,75.9253
TJNR,12/22/2011,82,73,0.0001,62.5339,70.23424,79.3669
TJNR,12/23/2011,82,71,0.05,61.58435,73.67605,93.77152
TJNR,12/24/2011,83,73,0.0001,65.74351,74.80634,83.32391
TJNR,12/25/2011,82,75,0,68.732666,75.10017,79.47427
TJNR,12/26/2011,82,70,0.1,66.7046,78.77035,96.3879
TJNR,12/27/2011,82,71,0.02,60.365044,75.398895,90.062
TJNR,12/28/2011,82,74,0,69.8975,78.54803,88.5888
TJNR,12/29/2011,82,74,0.0001,71.3899,80.09489,87.5043
TJNR,12/30/2011,82,72,0.02,71.9184,82.69486,94.143
TJNR,12/31/2011,81,71,0.1,69.71026,82.959145,100
TJNR,1/1/2012,81,73,0.0001,66.7046,81.34435,94.10022
TJNR,1/2/2012,79,70,0.06,71.0816,84.33586,100
TJNR,1/3/2012,77,67,0.47,81.8483,93.75568,100
TJNR,1/4/2012,69,69,0.09,78.8081,91.11873,100
TJNR,1/5/2012,73,66,0.38,45.261,99.24919,100
TJNR,1/6/2012,77,66.92,0.03,84.4617,92.959366,100
TJNR,1/7/2012,77,67,0.02,78.9629,93.95358,100
TJNR,1/8/2012,78,68,0,76.569,90.19845,100
TJNR,1/9/2012,78,68,0,76.1914,88.759476,100
TJNR,1/10/2012,77,68,0,78.8081,92.381996,100
TJNR,1/11/2012,76,67,0.0001,78.8081,91.607216,100
TJNR,1/12/2012,76,65,0,73.4057,85.274,100
TJNR,1/13/2012,83,67,0.08,69.4343,83.38694,100
TJNR,1/14/2012,83,75,0.08,60.2464,75.81637,88.5888
TJNR,1/15/2012,83,75,0.0001,66.9263,73.486786,79.3669
TJNR,1/16/2012,82,72,0.04,64.2645,75.15531,94.1002
TJNR,1/17/2012,82,72,0.06,62.4018,75.02047,94.057
TJNR,1/18/2012,80,70,0.39,64.5384,79.20398,100
TJNR,1/19/2012,82,69,0.02,54.5016,80.72288,96.3583
TJNR,1/20/2012,81,69,0.03,69.2256,80.14907,93.4658
TJNR,1/21/2012,81,68,0.03,69.2256,79.56522,90.0191
TJNR,1/22/2012,82,71,0.13,64.2645,74.593185,94.057
TJNR,1/23/2012,80,75,0.09,64.0289,69.33095,81.5744
TJNR,1/24/2012,,,0.15,,,
TJNR,1/25/2012,,,0.04,,,
TJNR,1/26/2012,80.96,75.92,0,64.2645,66.69393,76.569
TJNR,1/27/2012,83,72,0.02,58.3966,70.38162,87.4515
TJNR,1/28/2012,83,71,0.13,64.5384,73.23228,88.5078
TJNR,1/29/2012,83,72,0.06,64.8973,74.20815,94.1002
TJNR,1/30/2012,82,71,0.1,71.3899,79.300575,94.1002
TJNR,1/31/2012,83,74,0.0001,63.0313,71.58052,83.4376
TJNR,2/1/2012,83,73,0.18,64.8973,73.95151,88.5888
TJNR,2/2/2012,84,75,0.09,66.9263,74.34617,83.5503
TJNR,2/3/2012,78,73,0.0001,69.2256,77.05501,81.7866
TJNR,2/4/2012,,,,,,
TJNR,2/5/2012,,,,,,
TJNR,2/6/2012,84,74,0.0001,67.146,69.02614,76.569
TJNR,2/7/2012,84,74,0.21,62.5339,72.33779,88.5888
TJNR,2/8/2012,85,73,0.11,62.7745,75.33102,94.1002
TJNR,2/9/2012,84,75,0.03,69.3207,77.5148,88.5888
TJNR,2/10/2012,83,73,0.03,66.9263,80.74416,94.1002
TJNR,2/11/2012,83,69,0.17,65.0019,83.002075,100
TJNR,2/12/2012,82,67,0,54.551235,81.22659,100
TJNR,2/13/2012,82,65,0,67.177505,83.045235,100
TJNR,2/14/2012,81,70,0.45,65.536865,83.35961,100
TJNR,2/15/2012,83,72,0.06,65.74351,81.77574,100
TJNR,2/16/2012,82,71,0.04,64.68674,79.878426,96.3879
TJNR,2/17/2012,83,72,0.0001,61.58435,72.17746,86.3033
TJNR,2/18/2012,82,70,0,60.365044,76.304184,94.057
TJNR,2/19/2012,83,66,0,61.807594,78.03017,96.3583
TJNR,2/20/2012,83,69,0,50.8367,67.766556,88.42599
TJNR,2/21/2012,83,70,0,67.4378,75.96389,90.062
TJNR,2/22/2012,84,75,0.01,58.07999,71.95709,83.437645
TJNR,2/23/2012,84,76,0,63.0313,73.99942,88.588776
TJNR,2/24/2012,84,72,0.06,58.07999,74.31574,94.10022
TJNR,2/25/2012,83,75,0.02,63.0313,73.723946,88.5888
TJNR,2/26/2012,83,72,0.12,61.58435,73.81901,88.507805
TJNR,2/27/2012,84,74,0,54.77119,69.09983,83.32391
TJNR,2/28/2012,84,72,0.0001,64.68674,73.71701,84.57616
TJNR,2/29/2012,84,74,0.0001,57.842686,70.32512,84.3436
TJNR,3/1/2012,82,74,0.12,64.8973,77.125404,87.5481
TJNR,3/2/2012,85,75,0,63.0313,74.06809,84.3436
TJNR,3/3/2012,85,75,0.02,60.9838,71.96936,88.5888
TJNR,3/4/2012,85,76,0.01,62.7745,72.198975,84.9155
TJNR,3/5/2012,85,76,0.0001,60.8714,72.0526,83.3239
TJNR,3/6/2012,85,74,0.01,50.9659,67.110634,81.7866
TJNR,3/7/2012,83,73,0.09,64.0289,73.767365,88.5078
TJNR,3/8/2012,83,72,0.08,62.4018,71.84682,88.5078
TJNR,3/9/2012,84,71,0.02,58.08,71.9159,90.062
TJNR,3/10/2012,84,68,0.0001,63.0313,78.2827,96.3583
TJNR,3/11/2012,84,73,0.04,62.5339,72.911,87.4515
TJNR,3/12/2012,83,75,0.0001,64.3036,71.23238,83.3239
TJNR,3/13/2012,83,75,0.0001,60.7359,70.66934,83.3239
TJNR,3/14/2012,83,71,0.51,61.8076,73.97588,94.1002
TJNR,3/15/2012,83,75,0,56.4515,67.70326,76.569
TJNR,3/16/2012,85,75,0,52.7537,66.49178,76.4766
TJNR,3/17/2012,84,75,0,54.6256,69.5677,78.3355
TJNR,3/18/2012,84,70,0.01,64.8973,76.04985,88.42599
TJNR,3/19/2012,82,69,0.98,64.7712,79.17117,100
TJNR,3/20/2012,83,71,0.14,62.5339,75.56954,94.057
TJNR,3/21/2012,83,70,0.22,66.9263,78.390656,100
TJNR,3/22/2012,82,72,0.5,76.1914,83.650116,94.143
TJNR,3/23/2012,82,72,0.62,71.3899,81.65793,94.1002
TJNR,3/24/2012,83,72,0.24,69.5285,79.62432,94.1002
TJNR,3/25/2012,83,72,0.45,69.3207,84.41247,94.1002
TJNR,3/26/2012,84,72,0.5,71.5869,84.946815,94.1002
TJNR,3/27/2012,86,70,0.11,69.6411,86.47019,96.3879
TJNR,3/28/2012,84,73,0,67.146,78.634865,94.1002
TJNR,3/29/2012,81,71,0.1,73.9485,84.86537,100
TJNR,3/30/2012,84,73,0.89,74.247,87.31773,100
TJNR,3/31/2012,84,75,0.04,67.4378,75.62796,94.143
TJNR,4/1/2012,85,72,0,65.1269,77.154106,90.14
TJNR,4/2/2012,,,,,,
TJNR,4/3/2012,,,,,,
TJNR,4/4/2012,,,,,,
TJNR,4/5/2012,,,,,,
TJNR,4/6/2012,,,,,,
TJNR,4/7/2012,,,,,,
TJNR,4/8/2012,,,,,,
TJNR,4/9/2012,,,,,,
TJNR,4/10/2012,96,75,0,65.1269,70.56805,84.4617
TJNR,4/11/2012,87,73,0.0001,65.1269,77.28199,87.5043
TJNR,4/12/2012,87,73,0.43,67.3637,80.16388,94.1002
TJNR,4/13/2012,86,73,0.15,67.6546,83.893135,93.5928
TJNR,4/14/2012,85,73,0.55,72.3041,82.69112,94.143
TJNR,4/15/2012,82,75,0,54.5016,63.63462,83.3239
TJNR,4/16/2012,83,76,0,50.681,59.187702,64.3036
TJNR,4/17/2012,83,75,0,48.3407,61.223427,68.7828
TJNR,4/18/2012,82,71,0,56.2428,62.943203,73.4916
TJNR,4/19/2012,82,69,0,56.2428,67.53933,78.4068
TJNR,4/20/2012,84,75,0.03,65.3286,72.213615,81.922
TJNR,4/21/2012,84,71,0,74.2799,81.926094,94.1002
TJNR,4/22/2012,85,76,0.36,76.6961,84.92554,94.1853
TJNR,4/23/2012,86,79,0,74.4434,82.38354,90.3687
TJNR,4/24/2012,87,78,0.06,67.6546,80.390015,90.3345
TJNR,4/25/2012,86,76,0.16,74.247,81.878204,90.2933
TJNR,4/26/2012,86,76,0.09,69.6411,78.187195,90.2933
TJNR,4/27/2012,86,76,0.1,65.0019,74.01532,90.2933
TJNR,4/28/2012,86,77,0,58.3156,69.29883,74.148
TJNR,4/29/2012,85,74,0.14,67.4378,74.36594,94.1002
TJNR,4/30/2012,83,75,0.07,66.9263,75.383415,88.5888
TJNR,5/1/2012,86,77,0.0001,62.7745,72.12072,79.1989
TJNR,5/2/2012,85,78,0.01,70.0832,81.52718,88.7482
TJNR,5/3/2012,84,75,0.2,74.2799,83.58995,94.143
TJNR,5/4/2012,85,74,0.18,74.4434,87.45553,94.1853
TJNR,5/5/2012,85,73,0.25,74.4271,85.454,94.143
TJNR,5/6/2012,85,76,0.3,71.782,83.188034,94.143
TJNR,5/7/2012,85,73,0.0001,65.2306,80.05612,94.143
TJNR,5/8/2012,86,74,0,71.782,78.94789,90.7287
TJNR,5/9/2012,87,79,0,48.3466,77.794334,88.7482
TJNR,5/10/2012,85,74,0.26,76.5296,87.144325,100
TJNR,5/11/2012,86,76,0.02,70.0832,82.44648,94.1853
TJNR,5/12/2012,87,80,0.03,69.846,79.415855,88.8267
TJNR,5/13/2012,87,79,0.05,67.3637,78.492836,88.7482
TJNR,5/14/2012,86,75,0,63.2692,77.11665,94.143
TJNR,5/15/2012,86,78,0.0001,65.3545,75.34329,82.0559
TJNR,5/16/2012,86,76,0.88,74.1149,82.82725,94.143
TJNR,5/17/2012,86,76,0.27,69.846,80.16677,94.1853
TJNR,5/18/2012,86,76,0.04,74.2799,81.02372,94.143
TJNR,5/19/2012,87,76,0.05,67.4817,79.48623,90.8013
TJNR,5/20/2012,87,77,0.0001,67.3637,76.40726,88.7482
TJNR,5/21/2012,87,78,0.01,67.3637,76.682816,87.6951
TJNR,5/22/2012,86,79,0.04,67.3637,76.61384,83.6618
TJNR,5/23/2012,87,77,0.08,67.3637,76.46641,88.7482
TJNR,5/24/2012,86,79,0,65.2306,71.56565,78.7617
TJNR,5/25/2012,86,79,0,60.9838,70.73362,82.0559
TJNR,5/26/2012,86,74,0,55.0443,69.224075,79.0466
TJNR,5/27/2012,87,77,0,63.013,74.851105,84.4617
TJNR,5/28/2012,86,77,0.23,65.3545,75.68357,90.2933
TJNR,5/29/2012,86,75,0.03,67.3637,77.84612,90.2171
TJNR,5/30/2012,88,78,0,66.3535,77.81202,87.2222
TJNR,5/31/2012,88,78,0.0001,74.5084,80.917725,93.0885
TJNR,6/1/2012,89,79,0,66.3535,79.74125,87.789
TJNR,6/2/2012,88,76,0,62.4672,76.8428,87.1241
TJNR,6/3/2012,88,75,0,66.1518,77.13429,90.2171
TJNR,6/4/2012,87,74,0,58.7818,78.78732,94.143
TJNR,6/5/2012,89,72,0.0001,59.1645,75.85966,93.518
TJNR,6/6/2012,89,81,0,66.3535,75.64323,83.6618
TJNR,6/7/2012,89,80,0.0001,66.3535,75.20332,84.6941
TJNR,6/8/2012,89,81,0,63.2495,73.573814,79.3496
TJNR,6/9/2012,88,79,0,63.1423,73.05138,82.1885
TJNR,6/10/2012,89,78,0.0001,62.4672,72.22457,87.6951
TJNR,6/11/2012,90,79,0,59.3022,73.7143,83.6618
TJNR,6/12/2012,90,81,0,61.3631,75.999344,87.789
TJNR,6/13/2012,90,80,0.0001,62.6837,76.06933,84.7566
TJNR,6/14/2012,90,80,0,59.0124,73.092354,90.2933
TJNR,6/15/2012,89,76,0,55.4582,70.89302,82.0559
TJNR,6/16/2012,90,80,0.0001,66.3535,76.86859,84.7566
TJNR,6/17/2012,91,79,0.0001,67.5795,75.99596,88.8267
TJNR,6/18/2012,90,82,0.0001,62.4672,74.537346,88.9044
TJNR,6/19/2012,92,78,0.06,59.0124,71.91551,83.5503
TJNR,6/20/2012,91,81,0.02,62.6837,75.36271,84.6941
TJNR,6/21/2012,92,81,0.01,59.2413,75.14682,84.6941
TJNR,6/22/2012,91,77,0,59.2413,74.81712,90.2933
TJNR,6/23/2012,91,81,0,59.0124,71.1257,84.6941
TJNR,6/24/2012,91,81,0,55.7715,67.51195,76.9034
TJNR,6/25/2012,90,76,0.9,55.4582,75.42186,90.3345
TJNR,6/26/2012,91,79,0,59.0124,73.01872,87.6951
TJNR,6/27/2012,91,80,0,59.2413,70.880646,83.6618
TJNR,6/28/2012,91,77,0,59.0124,70.2594,82.0559
TJNR,6/29/2012,92,78,0,57.4366,69.10454,84.5256
TJNR,6/30/2012,91,78,0.12,59.0124,68.577065,81.6337
TJNR,7/1/2012,91,82,0,59.0124,67.90575,74.2799
TJNR,7/2/2012,91,77,0.37,65.8039,73.78591,90.2933
TJNR,7/3/2012,91,82,0.02,59.2413,70.766235,80.0404
TJNR,7/4/2012,90,76,0.3,63.3777,77.273094,94.143
TJNR,7/5/2012,83,73,1.44,79.3496,87.39942,94.143
TJNR,7/6/2012,90,80,0,61.1253,72.68326,82.1885
TJNR,7/7/2012,82.94,80.96,0,76.5296,78.4546,79.3496
TJNR,7/8/2012,,,,,,
TJNR,7/9/2012,,,,,,
TJNR,7/10/2012,,,,,,
TJNR,7/11/2012,90,81,0.0001,65.5802,69.75292,79.4987
TJNR,7/12/2012,88,78,0.21,60.88,74.84811,84.5785
TJNR,7/13/2012,80,76,0.19,67.4817,82.722534,90.8013
TJNR,7/14/2012,,,,,,
TJNR,7/15/2012,90,76,0.08,66.5536,79.50458,90.2491
TJNR,7/16/2012,92,82,0,59.2413,70.62252,81.7687
TJNR,7/17/2012,90,81,0,65.3099,72.677605,79.4176
TJNR,7/18/2012,89,79,0.1,66.3535,75.09083,88.7482
TJNR,7/19/2012,87,79,0.01,70.083244,79.29674,88.74824
TJNR,7/20/2012,87,79,0.36,74.44338,81.11107,94.2687
TJNR,7/21/2012,89,79,0.19,70.00456,79.65216,94.22723
TJNR,7/22/2012,89,81,0.01,70.00456,78.79125,88.90445
TJNR,7/23/2012,89,77,0.19,62.467205,73.880615,94.18534
TJNR,7/24/2012,82.4,80,0.03,74.2799,77.97729,84.6941
TJNR,7/25/2012,90,78,0,62.467205,69.70637,79.2676
TJNR,7/26/2012,89,75,0,62.467205,74.82762,94.14301
TJNR,7/27/2012,90,81,0,55.530766,68.68818,78.76171
TJNR,7/28/2012,89,77,0.02,66.35352,75.08488,88.90445
TJNR,7/29/2012,89,81,0.01,70.26737,78.05248,88.98136
TJNR,7/30/2012,90,77,0.26,66.35352,80.531906,94.18534
TJNR,7/31/2012,87,78,0.26,69.59207,81.92886,94.2687
TJNR,8/1/2012,89,80,0.02,67.5795,77.08066,88.8267
TJNR,8/2/2012,89,81,0,61.3631,73.69032,83.6618
TJNR,8/3/2012,90,78,0.06,63.4841,74.72672,88.7482
TJNR,8/4/2012,88,76,0.13,67.4817,76.88007,100
TJNR,8/5/2012,90,81,0,65.3099,74.10916,79.4176
TJNR,8/6/2012,89,80,0,67.4817,75.13154,83.6618
TJNR,8/7/2012,91,79,0.0001,61.6059,75.436005,90.3687
TJNR,8/8/2012,87,79,0.33,69.846,80.50616,94.2687
TJNR,8/9/2012,91,77,0.0001,61.6059,78.49997,93.0885
TJNR,8/10/2012,92,77,0,63.4841,77.008644,93.6205
TJNR,8/11/2012,91,81,0,61.3631,72.05015,82.3196
TJNR,8/12/2012,91,74,0.22,59.4165,72.36977,94.1002
TJNR,8/13/2012,78,73,0.07,71.9753,80.82389,93.6205
TJNR,8/14/2012,,,,,,
TJNR,8/15/2012,,,,,,
TJNR,8/16/2012,91,73,0,61.3686,69.91725,83.7722
TJNR,8/17/2012,91,81,0.13,62.6837,76.76036,94.2687
TJNR,8/18/2012,91,80,0.02,65.3099,76.10144,84.7566
TJNR,8/19/2012,91,80,0.01,53.9078,73.29076,88.9044
TJNR,8/20/2012,91,81,0,63.4841,71.32932,78.9011
TJNR,8/21/2012,90,77,0.8,65.3099,77.045334,90.3687
TJNR,8/22/2012,91,79,0.81,65.3099,79.5078,94.2687
TJNR,8/23/2012,87,76,0.34,66.3535,83.223564,94.2272
TJNR,8/24/2012,85,75,0.55,69.6411,82.597404,94.1853
TJNR,8/25/2012,89,77,0.01,69.5285,81.8096,93.6205
TJNR,8/26/2012,87,77,0,69.5389,79.53775,88.8267
TJNR,8/27/2012,87,75,0.05,67.3637,83.06784,96.4461
TJNR,8/28/2012,90,81,0,61.1253,75.43555,84.7566
TJNR,8/29/2012,89,79,0.0001,63.1423,74.38759,84.6941
TJNR,8/30/2012,89,77,0.07,65.5802,75.77,90.3345
TJNR,8/31/2012,89,75,0,63.2495,73.83652,87.6003
TJNR,9/1/2012,89,79,0,63.2495,72.86784,84.5785
TJNR,9/2/2012,92,77,0.02,59.3022,78.49194,90.3345
TJNR,9/3/2012,91,72,0,60.88,76.750786,90.8013
TJNR,9/4/2012,91,75,0,59.1645,76.77249,90.8013
TJNR,9/5/2012,90,76,0,61.1253,77.66007,90.2933
TJNR,9/6/2012,91,73,0,59.4165,77.132545,93.5695
TJNR,9/7/2012,92,73,0,57.1775,76.504395,93.5695
TJNR,9/8/2012,91,73,0,59.4165,77.84155,93.5695
TJNR,9/9/2012,90,74,0,59.1645,77.32526,93.5928
TJNR,9/10/2012,89,76,0,58.7818,73.21146,90.8013
TJNR,9/11/2012,89,75,0.0001,63.1423,72.42988,87.5481
TJNR,9/12/2012,90,76,0.0001,57.1775,72.09071,84.7566
TJNR,9/13/2012,90,79,0.3,61.6059,76.5731,87.2222
TJNR,9/14/2012,91,76,0.03,66.3535,83.51493,93.6709
TJNR,9/15/2012,88,77,0.2,69.5389,83.60208,96.4901
TJNR,9/16/2012,90,76,0.01,61.1253,78.57936,100
TJNR,9/17/2012,90,77,0,63.3777,76.744484,93.6205
TJNR,9/18/2012,87,77,0.08,69.846,81.78452,93.0885
TJNR,9/19/2012,93,81,0.06,57.9012,74.959496,88.8267
TJNR,9/20/2012,90,79,0.09,61.6059,80.38564,94.2272
TJNR,9/21/2012,90,75,0,57.6443,75.681694,97.0415
TJNR,9/22/2012,92,75,0,55.5791,75.77961,93.5928
TJNR,9/23/2012,92,82,0,53.727,69.1228,79.4176
TJNR,9/24/2012,92,77,0.74,59.5531,73.369606,88.8267
TJNR,9/25/2012,91,78,0.07,62.6837,75.85895,87.1241
TJNR,9/26/2012,90,76,0.28,63.3777,76.52739,93.5928
TJNR,9/27/2012,90,77,0.11,63.1423,78.51549,94.1853
TJNR,9/28/2012,91,75,0,61.1253,78.158035,96.4461
TJNR,9/29/2012,90,77,0.15,57.6443,79.54761,90.3345
TJNR,9/30/2012,91,76,0.01,55.2883,78.40817,93.5928
TJNR,10/1/2012,91,78,0.05,63.3777,76.090355,90.4094
TJNR,10/2/2012,91,78,0.25,59.4165,74.4023,88.7482
TJNR,10/3/2012,91,76,0.37,59.3022,71.60375,87.5481
TJNR,10/4/2012,90,75,0.03,63.3777,74.60748,90.8013
TJNR,10/5/2012,89,76,0.03,59.1645,73.82766,90.8013
TJNR,10/6/2012,90,73,0,57.3855,76.965645,96.4172
TJNR,10/7/2012,91,75,0,57.6443,76.0198,93.5695
TJNR,10/8/2012,91,78,0,63.3777,78.284256,90.3345
TJNR,10/9/2012,89,74,0.82,66.3535,81.62518,97.0174
TJNR,10/10/2012,88,75,0.18,65.0834,79.94474,94.1853
TJNR,10/11/2012,90,80,0.0001,61.1253,74.835266,82.1885
TJNR,10/12/2012,90,77,0.03,63.3777,74.60829,93.6205
TJNR,10/13/2012,89,78,0.14,70.049,82.71145,94.2272
TJNR,10/14/2012,88,76,0.17,65.5802,85.312706,96.4747
TJNR,10/15/2012,91,75,0,63.4841,79.30182,90.8013
TJNR,10/16/2012,91,77,0.15,65.3099,80.91125,96.4901
TJNR,10/17/2012,89,76,0,63.3777,81.552475,94.1853
TJNR,10/18/2012,88,76,0.03,67.4817,81.011314,97.0415
TJNR,10/19/2012,87,75,0.44,69.6411,87.218765,100
TJNR,10/20/2012,88,77,0.01,63.2495,74.613625,82.0559
TJNR,10/21/2012,87,74,0.69,69.846,81.84216,97.0415
TJNR,10/22/2012,88,74,0.23,67.3637,82.01234,96.4461
TJNR,10/23/2012,88,75,0.02,63.1423,76.48348,100
TJNR,10/24/2012,89,78,0,62.4672,73.051155,79.2676
TJNR,10/25/2012,89,80,0.02,65.0834,76.2815,88.8267
TJNR,10/26/2012,88,79,0.36,76.9503,86.08348,94.2687
TJNR,10/27/2012,89,82,0.0001,70.1589,78.959465,88.9044
TJNR,10/28/2012,90,77,0.0001,67.6964,81.059204,93.6709
TJNR,10/29/2012,89,74,0,67.6964,83.624176,96.4461
TJNR,10/30/2012,89,76,0,63.3777,82.112656,94.2272
TJNR,10/31/2012,89,75,0,66.5536,80.82768,97.0415
TJNR,11/1/2012,88,77,0,65.2306,76.89715,90.3345
TJNR,11/2/2012,88,75,0.1,65.0834,75.684746,87.6003
TJNR,11/3/2012,88,76,0.03,65.0834,81.06983,94.1853
TJNR,11/4/2012,88,74,0,60.88,74.746346,90.39978
TJNR,11/5/2012,88,77,0.16,66.3535,80.29976,90.3345
TJNR,11/6/2012,88,74,0,61.3631,78.589584,96.4461
TJNR,11/7/2012,88,75,0.18,62.4672,81.88694,97.0415
TJNR,11/8/2012,89,75,0.09,63.2495,79.896225,97.0415
TJNR,11/9/2012,89,74,0.0001,65.3099,77.70617,93.5695
TJNR,11/10/2012,88,76,0.06,65.0834,78.368614,94.143
TJNR,11/11/2012,87,75,0.26,71.9753,81.55277,100
TJNR,11/12/2012,88,77,0.05,70.049,81.36523,93.6205
TJNR,11/13/2012,86,80,0.0001,69.3207,77.427086,83.6618
TJNR,11/14/2012,85,77,0.01,74.4271,80.488304,93.6205
TJNR,11/15/2012,89,76,0,63.013,73.154434,90.8013
TJNR,11/16/2012,89,81,0.0001,65.5802,75.63367,83.6618
TJNR,11/17/2012,88,76,0.14,62.4672,83.2088,100
TJNR,11/18/2012,89,75,0.46,62.4672,86.732475,100
TJNR,11/19/2012,89,76,0.04,62.6837,84.41825,100
TJNR,11/20/2012,83,75,0.4,79.4176,92.12262,100
TJNR,11/21/2012,88,73,1.4,67.4817,85.853294,100
TJNR,11/22/2012,88,73,0.06,63.1423,84.63019,100
TJNR,11/23/2012,88,75,0.11,62.467205,85.06875,100
TJNR,11/24/2012,88,73,0,59.1645,74.992325,93.5415
TJNR,11/25/2012,88,79,0,63.1423,70.61838,78.7617
TJNR,11/26/2012,88,80,0.0001,60.88,71.78184,74.2799
TJNR,11/27/2012,87,76,0.18,71.782,76.459465,88.5888
TJNR,11/28/2012,84,75,0.17,65.2306,78.31986,90.3687
TJNR,11/29/2012,87,73,0.17,65.3545,76.08339,96.4461
TJNR,11/30/2012,87,74,0.01,56.9164,77.49976,94.143
TJNR,12/1/2012,86,73,0.23,69.6411,87.965416,97.0415
TJNR,12/2/2012,83,72,0.15,74.3291,89.6904,100
TJNR,12/3/2012,84,72,0.35,72.1122,88.997826,100
TJNR,12/4/2012,86,75,0.01,60.9838,72.04722,87.5043
TJNR,12/5/2012,86,72,1.28,65.3545,78.77804,100
TJNR,12/6/2012,85,72,0.13,63.2692,78.23921,100
TJNR,12/7/2012,84,75,0,57.9938,64.83058,76.3613
TJNR,12/8/2012,86,79,0,60.9838,69.53703,79.116
TJNR,12/9/2012,86,76,0.35,65.1269,74.28233,94.143
TJNR,12/10/2012,85,79,0,60.8714,68.443825,78.621
TJNR,12/11/2012,85,75,0.08,62.7745,75.86251,93.6709
TJNR,12/12/2012,86,79,0.02,63.2692,72.15789,87.6951
TJNR,12/13/2012,81,74,0.52,69.2256,84.65804,97.0174
TJNR,12/14/2012,84,71,0.01,60.7359,74.98296,93.5928
TJNR,12/15/2012,84,71,0,54.7739,74.39122,90.6553
TJNR,12/16/2012,82,70,0.23,66.5828,79.4363,100
TJNR,12/17/2012,84,70,0,58.5141,72.24606,90.6553
TJNR,12/18/2012,84,73,0.0001,62.7745,74.620514,94.1002
TJNR,12/19/2012,84,72,0.17,66.9263,81.190155,94.1853
TJNR,12/20/2012,84,72,0.22,65.0019,78.251274,100
TJNR,12/21/2012,82,73,0.29,71.7228,83.2006,100
TJNR,12/22/2012,84,75,0,58.5141,71.023415,81.922
TJNR,12/23/2012,83,77,0,54.5016,63.66878,68.8991
TJNR,12/24/2012,85,75,0.02,58.5141,67.95212,81.922
TJNR,12/25/2012,85,76,0,69.5285,76.7596,84.9155
TJNR,12/26/2012,85,73,0,67.146,78.02956,93.518
TJNR,12/27/2012,86,76,0.16,69.5285,79.29061,94.143
TJNR,12/28/2012,85,77,0,62.7745,75.15849,88.6689
TJNR,12/29/2012,84,76,0.01,63.0313,71.9166,81.4972
TJNR,12/30/2012,84,70,0.0001,64.8973,79.69747,93.437
TJNR,12/31/2012,82,73,0.05,66.7046,79.05733,88.5888
TJNR,1/1/2013,84,76,0.0001,64.68674,71.70827,83.437645
TJNR,1/2/2013,84,70,0,54.551235,69.98681,84.1584
TJNR,1/3/2013,84,75,0.01,64.8973,76.98229,94.18534
TJNR,1/4/2013,84,77,0,62.02914,74.1355,83.55026
TJNR,1/5/2013,85,77,0.0001,62.02914,71.301,78.62098
TJNR,1/6/2013,84,76,0.03,65.0019,73.19609,88.668915
TJNR,1/7/2013,84,74,0.07,60.7359,73.978455,100
TJNR,1/8/2013,83,74,0.07,67.4378,77.45156,94.14301
TJNR,1/9/2013,83,75,0.04,54.551235,68.63448,83.437645
TJNR,1/10/2013,81,74,0.07,61.58435,76.31346,88.5888
TJNR,1/11/2013,82,72,0.03,61.58435,71.88065,90.32327
TJNR,1/12/2013,83,72,0.1,64.8973,77.550644,94.10022
TJNR,1/13/2013,82,70,0,48.0542,62.945435,73.6791
TJNR,1/14/2013,82,70,0.03,54.2272,64.81916,84.1584
TJNR,1/15/2013,83,72,0.01,61.807594,71.60069,94.05696
TJNR,1/16/2013,80,71,0.0001,64.1747,74.41971,88.507805
TJNR,1/17/2013,83,71,0.05,58.07999,73.865036,94.10022
TJNR,1/18/2013,82,72,0.05,64.8973,78.17695,94.14301
TJNR,1/19/2013,83,76,0.01,65.0019,74.72659,88.5888
TJNR,1/20/2013,84,72,0,64.451225,75.82513,94.05696
TJNR,1/21/2013,84,70,0,63.0313,79.432335,94.10022
TJNR,1/22/2013,83,72,0,69.330864,81.2495,100
TJNR,1/23/2013,84,76,0,67.4378,77.85328,84.57616
TJNR,1/24/2013,83,71,0.21,63.0313,77.51172,100
TJNR,1/25/2013,82,71,0.12,64.8973,81.87005,94.14301
TJNR,1/26/2013,82,75,0.09,69.71026,81.000984,94.14301
TJNR,1/27/2013,83,75,0.02,69.4343,80.090805,90.39978
TJNR,1/28/2013,84,76,0.07,67.4378,77.31325,88.668915
TJNR,1/29/2013,83,72,0.19,69.18237,80.172226,94.10022
TJNR,1/30/2013,84,75,0.04,64.8973,75.95139,90.39978
TJNR,1/31/2013,84,74,0.09,69.897545,81.33388,94.14301
TJNR,2/1/2013,81,73,0.31,64.21361,81.35245,100
TJNR,2/2/2013,84,73,0.06,54.30221,65.6869,88.588776
TJNR,2/3/2013,84,70,0.02,54.49604,71.3844,86.7675
TJNR,2/4/2013,83,71,0,54.2272,72.89232,90.062
TJNR,2/5/2013,83,73,0.14,54.30221,68.35104,94.10022
TJNR,2/6/2013,82,73,0.03,61.58435,73.49662,83.437645
TJNR,2/7/2013,84,75,0,65.0019,76.320656,84.57616
TJNR,2/8/2013,85,74,0.0001,65.74351,75.02259,88.5888
TJNR,2/9/2013,84,75,0.0001,56.7175,73.82462,88.5888
TJNR,2/10/2013,84,73,0.0001,63.0313,73.24245,84.337776
TJNR,2/11/2013,83,72,0.0001,65.0019,76.12173,94.14301
TJNR,2/12/2013,82,73,0.0001,54.30221,63.7851,73.6111
TJNR,2/13/2013,83,75,0,50.9659,65.912476,79.01681
TJNR,2/14/2013,83,75,0.0001,64.68674,76.29693,88.5888
TJNR,2/15/2013,84,76,0.0001,65.94849,76.07951,88.5888
TJNR,2/16/2013,86,76,0,54.798595,71.25306,83.437645
TJNR,2/17/2013,83,73,0.0001,64.8973,75.91138,90.32327
TJNR,2/18/2013,84,73,0,65.94849,76.314064,88.507805
TJNR,2/19/2013,85,75,0,54.798595,73.112656,88.588776
TJNR,2/20/2013,84,73,0.0001,64.8973,73.67693,83.437645
TJNR,2/21/2013,84,76,0,60.8714,73.13986,83.437645
TJNR,2/22/2013,85,70,0.0001,64.8973,74.02608,90.0191
TJNR,2/23/2013,84,76,0.0001,58.315598,70.71287,83.32391
TJNR,2/24/2013,84,74,0.0001,61.807594,73.68454,83.32391
TJNR,2/25/2013,84,74,0,54.5512,72.52442,88.507805
TJNR,2/26/2013,85,75,0.0001,60.7359,73.26299,83.437645
TJNR,2/27/2013,86,75,0.0001,60.8714,74.123924,88.588776
TJNR,2/28/2013,84,70,0,61.58435,73.44013,90.062
TJNR,3/1/2013,84,67,0,60.2464,73.95173,94.057
TJNR,3/2/2013,83,64,0,56.2428,76.340096,96.9041
TJNR,3/3/2013,86,72,0,65.2306,78.04506,87.1241
TJNR,3/4/2013,84,74,0.0001,70.0832,85.30123,97.0174
TJNR,3/5/2013,77,73.04,0.0001,75.7509,88.886246,100
TJNR,3/6/2013,74,72,0,68.5868,79.58254,94.1002
TJNR,3/7/2013,83,71,0,72.1122,84.10731,96.993
TJNR,3/8/2013,81,68,0.0001,61.6644,79.68962,89.9397
TJNR,3/9/2013,78,66,0.0001,71.0816,81.47533,93.3839
TJNR,3/10/2013,78,69,0,66.4809,77.4858,87.2551
TJNR,3/11/2013,79,65,0,51.9108,61.62657,89.8593
TJNR,3/12/2013,62.96,62.96,0,23.377,23.377,23.377
TJNR,3/13/2013,,,0,,,
TJNR,3/14/2013,82.04,68,0,45.5983,54.976288,83.9813
TJNR,3/15/2013,84,68,0,42.605,60.177773,87.1552
TJNR,3/16/2013,83,72,0,58.255,69.29984,78.8081
TJNR,3/17/2013,83,71,0.15,65.7435,75.48827,94.057
TJNR,3/18/2013,83,70,0.15,64.8973,78.179634,96.3879
TJNR,3/19/2013,84,74,0.0001,66.9263,79.460304,100
TJNR,3/20/2013,85,72,0,63.0313,76.68803,94.1002
TJNR,3/21/2013,85,73,0.08,62.7745,80.53904,94.143
TJNR,3/22/2013,86,71,0,71.782,87.48023,100
TJNR,3/23/2013,85,75,0,74.2799,83.784386,97.0415
TJNR,3/24/2013,86,73,0,62.7745,79.36846,96.4172
TJNR,3/25/2013,85,74,0,65.1269,80.22536,94.1002
TJNR,3/26/2013,87,71,0,61.1182,83.19603,100
TJNR,3/27/2013,87,69,0,58.9106,82.25074,100
TJNR,3/28/2013,85,71,0,63.0313,79.424385,100
TJNR,3/29/2013,84,74,0.39,69.5285,83.43988,100
TJNR,3/30/2013,83,72,0.05,65.0019,80.623405,94.1002
TJNR,3/31/2013,80,73,0.09,81.922,89.986305,100
TJNR,4/1/2013,85,75,0.08,67.146,77.51096,88.5888
TJNR,4/2/2013,86,73,0.04,65.1269,77.652275,96.4172
TJNR,4/3/2013,86,72,0.03,65.2306,83.3832,100
TJNR,4/4/2013,85,72,0.04,65.0019,78.5987,100
TJNR,4/5/2013,83,73,0.04,71.5869,83.31834,100
TJNR,4/6/2013,86,72,0.03,63.013,82.6917,100
TJNR,4/7/2013,86,72,0.02,65.0019,83.2094,100
TJNR,4/8/2013,85,76,0.01,67.146,80.67582,90.8013
TJNR,4/9/2013,85,77,0.13,59.135,77.24361,87.1241
TJNR,4/10/2013,85,74,0.05,60.9838,75.59821,88.6689
TJNR,4/11/2013,84,76,0,58.255,70.31495,79.3669
TJNR,4/12/2013,85,76,0.0001,62.5339,74.23398,88.6689
TJNR,4/13/2013,85,74,0.07,69.6411,79.67935,93.5695
TJNR,4/14/2013,85,73,0.03,67.146,78.01735,93.518
TJNR,4/15/2013,86,77,0.0001,63.2692,77.29588,84.5256
TJNR,4/16/2013,85,74,0.0001,65.1269,77.950714,87.6003
TJNR,4/17/2013,85,76,0,65.9485,78.098206,88.6689
TJNR,4/18/2013,84,74,0.24,63.0313,76.417595,94.143
TJNR,4/19/2013,83,74,0.0001,65.74351,75.559105,90.2171
TJNR,4/20/2013,82,76,0.01,64.7712,75.75432,81.922
TJNR,4/21/2013,84,74,0.0001,56.2428,70.33453,90.7287
TJNR,4/22/2013,84,74,0.01,58.5141,71.56987,81.7866
TJNR,4/23/2013,86,74,0.01,60.7359,71.841064,83.3239
TJNR,4/24/2013,85,76,0.0001,62.7745,75.95698,88.5888
TJNR,4/25/2013,85,72,0,65.0019,76.69224,94.143
TJNR,4/26/2013,85,71,0,63.0313,78.158646,94.057
TJNR,4/27/2013,84,71,0.28,65.0019,83.224205,100
TJNR,4/28/2013,85,75,0,67.146,78.00028,84.9155
TJNR,4/29/2013,85,73,0.0001,69.5285,81.23264,94.1002
TJNR,4/30/2013,86,76,0,71.782,82.06767,90.3345
TJNR,5/1/2013,86,76,0,59.135,77.95845,88.668915
TJNR,5/2/2013,85,76,0.02,70.083244,84.01163,100
TJNR,5/3/2013,88,72,0.01,61.241543,83.42288,100
TJNR,5/4/2013,89,72,0,62.467205,82.5051,100
TJNR,5/5/2013,89,73,0.18,61.241543,85.29139,100
TJNR,5/6/2013,86,73,0.47,74.44338,92.76196,100
TJNR,5/7/2013,85,74,0.07,74.44338,92.919525,100
TJNR,5/8/2013,83,74,0.47,78.9011,93.66161,100
TJNR,5/9/2013,81,73,0.29,78.76171,91.33363,100
TJNR,5/10/2013,83,69,1.58,77.068,90.14805,100
TJNR,5/11/2013,80.6,71,0,78.76171,86.208885,100
TJNR,5/12/2013,84,72,0,74.114944,82.69524,96.678116
TJNR,5/13/2013,85,74,0,74.44338,86.40999,100
TJNR,5/14/2013,84,74,0.15,78.90113,88.62909,100
TJNR,5/15/2013,84.2,75,0.01,74.44338,87.214005,96.4461
TJNR,5/16/2013,83,76,0,72.10829,82.727745,90.2933
TJNR,5/17/2013,84.2,75.2,0,70.0832,81.479576,94.14301
TJNR,5/18/2013,82,71,0.0001,74.114944,81.9204,96.3879
TJNR,5/19/2013,84,75.2,0,74.0652,81.514725,88.588776
TJNR,5/20/2013,83,77,0.13,69.897545,81.78585,90.2933
TJNR,5/21/2013,87.1,75,0.45,66.1518,80.85395,96.4461
TJNR,5/22/2013,86,75,0.44,70.083244,79.40102,100
TJNR,5/23/2013,88,79,0.01,58.781776,69.2756,84.6417
TJNR,5/24/2013,88,75,0.4,62.467205,78.52033,100
TJNR,5/25/2013,87,79,0.01,62.467205,76.81523,83.6618
TJNR,5/26/2013,87,78,0.01,69.799286,78.99719,84.6417
TJNR,5/27/2013,87,76,0.46,66.35352,81.85076,94.18534
TJNR,5/28/2013,88,77,0.02,70.44994,80.114815,90.3687
TJNR,5/29/2013,88,81,0,66.35352,74.373604,83.66177
TJNR,5/30/2013,88,80,0.0001,66.15182,76.04347,83.6618
TJNR,5/31/2013,88,77,0.31,66.3535,79.8403,90.4094
TJNR,6/1/2013,87,80,0,62.4672,73.975655,79.3496
TJNR,6/2/2013,87,81,0,62.4672,72.72462,79.2676
TJNR,6/3/2013,88,80,0.0001,66.3535,76.53629,83.7722
TJNR,6/4/2013,84,75,1.17,78.9011,86.89072,94.2687
TJNR,6/5/2013,88,81,0,70.4499,78.65613,84.7566
TJNR,6/6/2013,87,80,0.0001,58.7818,71.59832,79.2676
TJNR,6/7/2013,87,75,0.02,60.88,74.9357,90.2171
TJNR,6/8/2013,87,80,0,65.0834,74.99881,84.6417
TJNR,6/9/2013,88,78,0.0001,66.3535,77.43849,87.6951
TJNR,6/10/2013,86,79,0.11,70.2674,80.178024,94.2272
TJNR,6/11/2013,87,81,0.0001,66.1518,76.832924,83.7722
TJNR,6/12/2013,87,77,0.83,74.6054,80.958984,94.1853
TJNR,6/13/2013,88,79,0.24,72.3041,80.646614,94.2687
TJNR,6/14/2013,88,79,0.25,70.4499,80.53993,94.2687
TJNR,6/15/2013,89,81,0.07,74.702,82.05895,94.2687
TJNR,6/16/2013,88,81,0.02,67.4817,78.38495,88.9044
TJNR,6/17/2013,85,81,0,70.0832,77.262764,81.7687
TJNR,6/18/2013,87,80,0,69.846,77.10677,84.7566
TJNR,6/19/2013,85,75,0.27,71.782,85.51074,100
TJNR,6/20/2013,88,80,0,63.013,73.68678,84.6941
TJNR,6/21/2013,87,78,0,66.1518,73.53424,83.5503
TJNR,6/22/2013,86,74,0.58,65.2306,79.05292,94.143
TJNR,6/23/2013,87,76,0.28,69.846,80.22095,100
TJNR,6/24/2013,88,78,0.1,72.08,80.61512,93.0885
TJNR,6/25/2013,88,76,0.33,69.5389,82.05491,94.2687
TJNR,6/26/2013,87,76,2.06,79.1761,89.85026,100
TJNR,6/27/2013,87,76,0.49,77.231,87.09094,93.6981
TJNR,6/28/2013,87,76,0.17,69.5389,79.47325,94.143
TJNR,6/29/2013,88,78,0.35,69.5389,79.40807,97.1016
TJNR,6/30/2013,87,78,0.31,74.2799,81.5947,94.2687
TJNR,7/1/2013,88,78,0.12,66.35352,79.532936,94.26866
TJNR,7/2/2013,87,76,0.12,65.94849,77.91623,88.74824
TJNR,7/3/2013,87,78,0.03,72.30214,78.39429,88.90445
TJNR,7/4/2013,88,81,0.0001,66.3535,77.85402,88.826744
TJNR,7/5/2013,88,80,0,65.2306,73.5878,79.39962
TJNR,7/6/2013,88,77,0.11,66.3535,79.09264,90.3687
TJNR,7/7/2013,88,79,0.05,70.26737,82.390114,90.3687
TJNR,7/8/2013,90,81,0.0001,62.6837,75.87797,84.866806
TJNR,7/9/2013,88,78,0.42,70.44994,83.91013,100
TJNR,7/10/2013,90,82,0.13,70.116646,81.08648,88.90445
TJNR,7/11/2013,89,81,0,66.5536,76.40376,84.866806
TJNR,7/12/2013,88,78,0.0001,61.241543,72.63416,87.1241
TJNR,7/13/2013,89,75,0.01,62.467205,77.28503,100
TJNR,7/14/2013,89,76,0.02,65.49481,80.52021,94.18534
TJNR,7/15/2013,89,77,0.0001,62.683746,78.50277,90.2933
TJNR,7/16/2013,90,79,0.07,66.55361,78.09664,88.90445
TJNR,7/17/2013,89,82,0.05,70.00456,77.224556,88.90445
TJNR,7/18/2013,88,79,0.0001,74.766,87.53846,100
TJNR,7/19/2013,89,82,0.0001,66.3535,76.88833,88.90445
TJNR,7/20/2013,89,81,0,66.35352,76.07396,88.90445
TJNR,7/21/2013,89,76,0.0001,65.49481,73.816475,90.3687
TJNR,7/22/2013,85,77,0,77.068,86.30329,100
TJNR,7/23/2013,89,81,0,70.00456,79.235725,88.90445
TJNR,7/24/2013,90,77,0.0001,62.683746,79.77493,94.26866
TJNR,7/25/2013,91,83,0.0001,62.683746,73.87139,83.7722
TJNR,7/26/2013,90,77,0.0001,62.467205,75.54842,94.2687
TJNR,7/27/2013,89,78,0,62.467205,75.25727,84.866806
TJNR,7/28/2013,89,78,0,66.35352,80.41096,94.22723
TJNR,7/29/2013,90,84,0,59.012367,74.6903,94.22723
TJNR,7/30/2013,89,83,0,70.00456,75.935135,83.88154
TJNR,7/31/2013,88,78,0,66.35352,75.59609,87.2222
TJNR,8/1/2013,90,79,0,65.5802,75.867874,88.7482
TJNR,8/2/2013,90,83,0,65.3099,73.96372,79.4987
TJNR,8/3/2013,90,84,0,72.2705,76.497604,83.9898
TJNR,8/4/2013,90,83,0,65.8039,74.917,83.8815
TJNR,8/5/2013,89,80,0.35,65.5802,73.89276,84.6417
TJNR,8/6/2013,89,78,0.01,63.2495,72.6599,81.6337
TJNR,8/7/2013,88,76,0.74,71.9753,83.99621,100
TJNR,8/8/2013,88,78,0.11,69.846,78.73391,88.8267
TJNR,8/9/2013,89,77,0.19,67.5795,78.8256,94.1853
TJNR,8/10/2013,90,82,0.04,65.5802,77.97453,88.9044
TJNR,8/11/2013,89,76,0.1,67.4817,75.87664,88.7482
TJNR,8/12/2013,89,75,0.02,62.4672,76.95522,90.8013
TJNR,8/13/2013,89,81,0,65.5802,74.59365,82.1885
TJNR,8/14/2013,89,81,0.0001,67.5795,76.19347,94.2687
TJNR,8/15/2013,89,81,0.0001,67.6964,75.8254,82.1885
TJNR,8/16/2013,88,79,0.24,72.08,78.89504,94.2687
TJNR,8/17/2013,90,82,0,65.3099,77.37473,88.9044
TJNR,8/18/2013,87,76,0.5,72.08,85.10946,100
TJNR,8/19/2013,87.98,82.04,0.0001,69.7345,78.866844,85.314
TJNR,8/20/2013,86,75,0.11,78.7617,89.35485,97.0782
TJNR,8/21/2013,88,74,0.04,74.6054,85.76162,93.6981
TJNR,8/22/2013,89,76,0.24,72.08,86.500824,93.6205
TJNR,8/23/2013,91,82,0.0001,70.049,81.15184,88.9044
TJNR,8/24/2013,91,81,0,65.8039,74.98754,82.1885
TJNR,8/25/2013,91,78,0.15,61.6059,76.21934,96.4901
TJNR,8/26/2013,91,80,0.01,68.1975,79.07282,87.789
TJNR,8/27/2013,90,78,0.11,61.1253,77.04443,100
TJNR,8/28/2013,91,81,0.0001,63.3777,75.34108,84.7566
TJNR,8/29/2013,91,76,0.18,65.3099,77.807365,94.1853
TJNR,8/30/2013,90,78,0.19,62.6837,83.34872,93.7207
TJNR,8/31/2013,90,78,0.01,70.1589,81.34347,94.2272
TJNR,9/1/2013,91,82,0,70.049,77.804375,88.9044
TJNR,9/2/2013,90,79,0.12,65.3099,75.922295,90.3687
TJNR,9/3/2013,89,78,0.41,67.6964,80.66088,100
TJNR,9/4/2013,87,76,0.7,78.9011,89.316246,100
TJNR,9/5/2013,83,74,1.58,82.3196,94.83573,100
TJNR,9/6/2013,87,74,1.04,77.231,87.99768,100
TJNR,9/7/2013,84,74,0.2,78.7617,92.7988,100
TJNR,9/8/2013,89,74,0.13,74.6054,87.743034,100
TJNR,9/9/2013,90,77,1.33,67.6964,83.14795,96.4901
TJNR,9/10/2013,88,78,0.25,70.049,77.23595,88.9044
TJNR,9/11/2013,88,78,0.14,72.08,79.725075,93.6709
TJNR,9/12/2013,89,78,0.14,70.631,82.43956,94.2687
TJNR,9/13/2013,89,79,0,67.5795,77.92907,90.3687
TJNR,9/14/2013,90,77,0.09,67.6964,82.19358,96.4747
TJNR,9/15/2013,90,78,0,67.6964,81.27847,94.2272
TJNR,9/16/2013,90,79,0.35,72.2705,84.198555,94.3097
TJNR,9/17/2013,90,81,0,67.6964,78.20724,88.9044
TJNR,9/18/2013,90,80,0.04,74.702,83.83472,90.9823
TJNR,9/19/2013,90,78,0.01,65.8039,82.55648,94.3097
TJNR,9/20/2013,90,79,0.04,65.3099,86.90349,100
TJNR,9/21/2013,91,78,0.03,70.049,86.11224,96.5182
TJNR,9/22/2013,89,76,0,65.3099,80.78914,96.4901
TJNR,9/23/2013,91,77,0,65.925,79.579865,94.2272
TJNR,9/24/2013,92,77,0.03,59.4165,78.9852,96.5182
TJNR,9/25/2013,90,79,0.02,59.0124,76.53062,88.9044
TJNR,9/26/2013,91,77,0.01,59.4165,80.220184,96.4747
TJNR,9/27/2013,91,77,0,61.3686,79.07498,96.4901
TJNR,9/28/2013,91,76,0,59.5531,78.23719,94.1853
TJNR,9/29/2013,93,77,0,61.8467,80.56478,96.4901
TJNR,9/30/2013,89,78,0.0001,67.6964,83.98538,97.0782
TJNR,10/1/2013,91,77,0.01,67.6964,83.348595,94.2687
TJNR,10/2/2013,90,77,0,66.3535,76.22723,90.3687
TJNR,10/3/2013,90,80,0.0001,65.3099,77.30709,87.8397
TJNR,10/4/2013,90,77,0.01,66.5536,81.71267,100
TJNR,10/5/2013,89,74,0.0001,63.2495,82.78726,97.0415
TJNR,10/6/2013,89,75,0.0001,67.4817,83.019745,97.0415
TJNR,10/7/2013,90,78,0,70.049,83.02415,96.4901
TJNR,10/8/2013,87,78,0.0001,74.6054,86.219536,97.0782
TJNR,10/9/2013,89,73,,67.4817,86.11677,100
TJNR,10/10/2013,90,75,,55.9133,85.797195,97.0415
TJNR,10/11/2013,89,77,0.01,67.4378,77.65994,90.3687
TJNR,10/12/2013,90,76,0.01,81.7687,84.29518,88.7482
TJNR,10/13/2013,90,74,0.0001,,,
TJNR,10/14/2013,90,80,0.02,,,
TJNR,10/15/2013,90,75,0.18,65.3099,77.63777,90.3687
TJNR,10/16/2013,90,76,0,61.1253,79.599915,93.6205
TJNR,10/17/2013,89,74,0,51.0717,79.98307,94.143
TJNR,10/18/2013,88,76,0,67.4817,81.515335,90.3345
TJNR,10/19/2013,90,77,0,69.5389,82.7775,93.6205
TJNR,10/20/2013,90,77,0.32,70.1589,86.40874,96.4747
TJNR,10/21/2013,88,77,0.18,70.4499,84.900475,94.2272
TJNR,10/22/2013,90,79,0.01,,,
TJNR,10/23/2013,90,77,0.05,,,
TJNR,10/24/2013,89,81,0,,,
TJNR,10/25/2013,90,81,0.05,63.4841,67.76977,74.44338
TJNR,10/26/2013,90,81,0.03,67.5795,74.55341,83.7722
TJNR,10/27/2013,90,81,0,,,
TJNR,10/28/2013,90,78,0.22,,,
TJNR,10/29/2013,85,75,1.03,,,
TJNR,10/30/2013,86,76,0.02,69.7345,72.82293,84.7566
TJNR,10/31/2013,86,73,0.33,71.9753,82.1197,100
TJNR,11/1/2013,88,74,0.92,74.3291,86.2748,100
TJNR,11/2/2013,88,75,1.04,76.9503,89.47346,100
TJNR,11/3/2013,85,75,0.42,74.2799,87.91393,96.4747
TJNR,11/4/2013,88,75,0.12,62.4672,83.84338,97.0415
TJNR,11/5/2013,89,75,0.66,62.4672,79.51418,97.0415
TJNR,11/6/2013,88,74,0,63.1423,82.97939,93.6205
TJNR,11/7/2013,88,75,0.02,65.0834,82.18043,93.5928
TJNR,11/8/2013,90,75,0.02,62.4672,81.65067,96.4461
TJNR,11/9/2013,89,76,0.28,61.1253,76.76322,90.4094
TJNR,11/10/2013,89,80,0.0001,65.0834,73.58713,81.7687
TJNR,11/11/2013,90,79,0.02,62.6837,74.34431,87.2222
TJNR,11/12/2013,90,82,0.03,65.3099,73.62673,79.4176
TJNR,11/13/2013,89,80,0,61.1253,71.78497,77.068
TJNR,11/14/2013,89,80,0.0001,67.5795,74.63838,79.3496
TJNR,11/15/2013,87,77,0.0001,72.3041,81.8392,93.6205
TJNR,11/16/2013,89,78,0.0001,63.2495,75.22322,88.7482
TJNR,11/17/2013,88,77,0.02,56.9164,71.408554,93.6709
TJNR,11/18/2013,87,73,1.01,54.7739,74.779236,100
TJNR,11/19/2013,86,74,0,59.135,70.20084,84.8003
TJNR,11/20/2013,87,72,0,63.013,74.20426,87.4515
TJNR,11/21/2013,86,78,0.05,71.5869,78.69293,88.7482
TJNR,11/22/2013,86,75,0.17,65.2306,78.261284,100
TJNR,11/23/2013,87,74,0.0001,62.7745,70.45034,87.4515
TJNR,11/24/2013,88,74,0,60.88,76.0674,88.5888
TJNR,11/25/2013,86,77,0.01,69.7345,79.620384,90.3687
TJNR,11/26/2013,87,78,0.04,,,
TJNR,11/27/2013,87,72,0.28,,,
TJNR,11/28/2013,87,79,0.03,,,
TJNR,11/29/2013,84,76,0.16,,,
TJNR,11/30/2013,81,73,1.79,,,
TJNR,12/1/2013,83,71,0.78,,,
TJNR,12/2/2013,,,,,,
TJNR,12/3/2013,82.94,77,0.57,88.7482,88.990036,93.6205
TJNR,12/4/2013,84.02,73.4,0.04,76.3613,91.7919,97.0174
TJNR,12/5/2013,83,75,0.26,67.4378,83.626396,94.1853
TJNR,12/6/2013,,,,,,
TJNR,12/7/2013,,,,,,
TJNR,12/8/2013,,,,,,
TJNR,12/9/2013,86,78,0,,,
TJNR,12/10/2013,88,75,0,,,
TJNR,12/11/2013,86,76,0,,,
TJNR,12/12/2013,86,78,0,,,
TJNR,12/13/2013,86,76,0,,,
TJNR,12/14/2013,87,76,0,,,
TJNR,12/15/2013,85,78,0,,,
TJNR,12/16/2013,85,75,0,,,
TJNR,12/17/2013,,,,,,
TJNR,12/18/2013,,,,,,
TJNR,12/19/2013,,,,,,
TJNR,12/20/2013,88,75,0.0001,,,
TJNR,12/21/2013,,,0.0001,,,
TJNR,12/22/2013,,,0.0001,,,
TJNR,12/23/2013,,,0.0001,,,
TJNR,12/24/2013,,,0.0001,,,
TJNR,12/25/2013,,,,,,
TJNR,12/26/2013,,,,,,
TJNR,12/27/2013,,,,,,
TJNR,12/28/2013,,,,,,
TJNR,12/29/2013,,,,,,
TJNR,12/30/2013,84.92,78.98,0.0001,65.2306,70.311066,79.1989
TJNR,12/31/2013,85,78,0,64.8973,71.4018,76.737
TJNR,1/1/2014,84,74,0.0001,69.7103,80.09335,94.143
TJNR,1/2/2014,85,77,0.0001,65.2306,69.48775,84.5256
TJNR,1/3/2014,84,75,0.0001,67.4378,78.48667,93.5928
TJNR,1/4/2014,84,75,0.0001,67.4378,80.32868,90.3345
TJNR,1/5/2014,85,78,0.0001,56.9815,70.394966,82.0559
TJNR,1/6/2014,85,76,0.0001,65.9485,78.262924,88.7482
TJNR,1/7/2014,85,78,0.0001,67.146,76.45805,87.1241
TJNR,1/8/2014,85,77,0.0001,60.8714,73.56409,84.4617
TJNR,1/9/2014,84,77,0.0001,65.0019,73.27936,83.5503
TJNR,1/10/2014,84,77,0.0001,62.0466,68.60881,76.1914
TJNR,1/11/2014,84,74,0.0001,60.8714,72.98215,94.1002
TJNR,1/12/2014,84,74,0.0001,65.0019,77.206604,100
TJNR,1/13/2014,83,73,0.0001,60.7359,76.35392,94.1002
TJNR,1/14/2014,81,73,0.0001,61.9123,73.11439,96.4172
TJNR,1/15/2014,83,74,,52.6554,61.874687,81.7121
TJNR,1/16/2014,84,72,,64.7712,73.32896,88.5078
TJNR,1/17/2014,83,73,,76.4766,80.59689,88.5888
TJNR,1/18/2014,85,73,,,,
TJNR,1/19/2014,85,73,,,,
TJNR,1/20/2014,84,72,,,,
TJNR,1/21/2014,85,72,0.1,60.8714,69.87908,90.14
TJNR,1/22/2014,85,71,0.03,69.5285,85.18626,96.993
TJNR,1/23/2014,85,74,0.04,72.1122,80.71821,94.1002
TJNR,1/24/2014,84,74,0.08,65.0019,80.166725,94.143
TJNR,1/25/2014,83,71,0.01,69.8975,81.82717,94.1002
TJNR,1/26/2014,77,72,0.03,78.9629,88.66436,96.993
TJNR,1/27/2014,,,,,,
TJNR,1/28/2014,,,,,,
TJNR,1/29/2014,,,,,,
TJNR,1/30/2014,,,,,,
TJNR,1/31/2014,,,,,,
TJNR,2/1/2014,,,,,,
TJNR,2/2/2014,,,,,,
TJNR,2/3/2014,,,,,,
TJNR,2/4/2014,,,,,,
TJNR,2/5/2014,,,,,,
TJNR,2/6/2014,,,,,,
TJNR,2/7/2014,,,,,,
TJNR,2/8/2014,,,,,,
TJNR,2/9/2014,,,,,,
TJNR,2/10/2014,,,,,,
TJNR,2/11/2014,,,,,,
TJNR,2/12/2014,,,,,,
TJNR,2/13/2014,,,,,,
TJNR,2/14/2014,,,,,,
TJNR,2/15/2014,,,,,,
TJNR,2/16/2014,,,,,,
TJNR,2/17/2014,,,,,,
TJNR,2/18/2014,,,,,,
TJNR,2/19/2014,,,,,,
TJNR,2/20/2014,,,,,,
TJNR,2/21/2014,,,,,,
TJNR,2/22/2014,,,,,,
TJNR,2/23/2014,,,,,,
TJNR,2/24/2014,,,,,,
TJNR,2/25/2014,,,,,,
TJNR,2/26/2014,,,,,,
TJNR,2/27/2014,,,,,,
TJNR,2/28/2014,,,,,,
TJNR,3/1/2014,,,,,,
TJNR,3/2/2014,,,,,,
TJNR,3/3/2014,,,,,,
TJNR,3/4/2014,,,,,,
TJNR,3/5/2014,,,,,,
TJNR,3/6/2014,,,,,,
TJNR,3/7/2014,,,,,,
TJNR,3/8/2014,,,,,,
TJNR,3/9/2014,,,,,,
TJNR,3/10/2014,,,,,,
TJNR,3/11/2014,,,,,,
TJNR,3/12/2014,,,,,,
TJNR,3/13/2014,,,,,,
TJNR,3/14/2014,,,,,,
TJNR,3/15/2014,,,,,,
TJNR,3/16/2014,86,75,0,,,
TJNR,3/17/2014,86,77,0,,,
TJNR,3/18/2014,86,76,0.0001,60.8714,68.49165,84.4617
TJNR,3/19/2014,86,74,0.0001,62.5339,73.57626,87.4515
TJNR,3/20/2014,86,75,0.12,56.509,70.133835,84.4617
TJNR,3/21/2014,86,69,0,60.9838,79.24885,93.518
TJNR,3/22/2014,87,71,0,60.9838,80.01341,96.993
TJNR,3/23/2014,86,72,0,60.8714,74.73613,93.4896
TJNR,3/24/2014,86,70,0,55.0443,77.522484,93.4658
TJNR,3/25/2014,87,70,0,60.7359,75.82279,93.4658
TJNR,3/26/2014,87,70,0,56.9815,75.05605,94.057
TJNR,3/27/2014,87,77,0,55.1909,68.51977,78.4789
TJNR,3/28/2014,86,75,0.18,60.8714,73.01517,94.143
TJNR,3/29/2014,87,76,0.01,57.1246,67.19002,81.922
TJNR,3/30/2014,87,77,0,58.5141,69.73377,78.9629
TJNR,3/31/2014,88,72,0.44,55.0443,76.62831,94.143
TJNR,4/1/2014,86,71,0,60.8714,77.91068,94.1002
TJNR,4/2/2014,87,73,0.0001,63.2692,75.76222,94.143
TJNR,4/3/2014,86,74,0.05,62.7745,76.12459,88.6689
TJNR,4/4/2014,82,74,0.72,71.3899,85.8088,94.143
TJNR,4/5/2014,85,77,0,60.9838,70.29461,81.4972
TJNR,4/6/2014,86,77,0.0001,63.2692,70.16205,83.4376
TJNR,4/7/2014,84,77,0.0001,65.7435,71.84833,79.116
TJNR,4/8/2014,87,78,0.06,60.9838,71.174774,83.5503
TJNR,4/9/2014,86,77,0.0001,69.5285,75.85248,83.5503
TJNR,4/10/2014,87,75,0,60.9838,71.91916,88.5888
TJNR,4/11/2014,86,77,0.01,64.8973,71.804535,84.4617
TJNR,4/12/2014,85,76,0.01,60.2464,66.32436,71.7228
TJNR,4/13/2014,85,73,0.07,60.8714,73.98363,90.7287
TJNR,4/14/2014,86,75,0.02,56.509,70.252304,84.9155
TJNR,4/15/2014,85,72,0,62.7745,73.30947,87.3539
TJNR,4/16/2014,86,77,0,65.2306,73.203026,79.116
TJNR,4/17/2014,86,76,0.09,63.2692,73.60574,87.1241
TJNR,4/18/2014,87,74,0.16,60.8714,69.90841,84.8003
TJNR,4/19/2014,85,73,0.31,65.1269,76.62828,94.1002
TJNR,4/20/2014,86,76,0.05,63.2692,71.646095,87.5481
TJNR,4/21/2014,87,77,0,63.013,70.95944,79.0466
TJNR,4/22/2014,87,74,0.0001,,,
TJNR,4/23/2014,87,74,0,65.3545,73.69497,90.8013
TJNR,4/24/2014,86,71,0,65.1269,82.128876,96.993
TJNR,4/25/2014,86,72,0,65.2306,80.9278,97.0174
TJNR,4/26/2014,86,73,0,67.6546,80.01436,94.14301
TJNR,4/27/2014,87,71,0,61.1182,76.96682,96.3879
TJNR,4/28/2014,87,71,0,60.8714,74.386856,93.4896
TJNR,4/29/2014,87,77,0,53.181,69.62329,79.0466
TJNR,4/30/2014,87,77,0,63.013,72.634056,79.0466
TJNR,5/1/2014,87,77,0,58.9106,70.14564,79.116
TJNR,5/2/2014,87,78,0,63.013,73.20359,82.0559
TJNR,5/3/2014,85,74,1.75,69.6411,82.901085,97.0174
TJNR,5/4/2014,87,74,0.0001,55.0443,73.454124,87.5481
TJNR,5/5/2014,86,74,0.33,60.9838,77.289055,97.0174
TJNR,5/6/2014,86,75,0,61.1182,75.78855,90.2171
TJNR,5/7/2014,87,73,1,56.509,77.064445,93.5415
TJNR,5/8/2014,84,72,1.11,71.5869,90.177444,100
TJNR,5/9/2014,83,72,0.94,66.9263,84.18749,100
TJNR,5/10/2014,78,70,0.71,71.1909,86.07296,100
TJNR,5/11/2014,81,70,0.42,73.9652,86.54851,96.4172
TJNR,5/12/2014,85,70,0.01,71.782,82.89698,96.993
TJNR,5/13/2014,86,76,0,67.146,77.25568,88.5888
TJNR,5/14/2014,85,74,0.05,65.0019,77.26928,90.7287
TJNR,5/15/2014,86,77,0.09,65.9485,77.244835,90.2933
TJNR,5/16/2014,85,76,0.07,67.146,78.44954,90.8013
TJNR,5/17/2014,84,77,0,65.0019,74.027916,81.922
TJNR,5/18/2014,84,70,0,67.146,77.762115,93.4658
TJNR,5/19/2014,83,75,0.27,79.116,84.799255,97.0415
TJNR,5/20/2014,86,75,0.1,,,
TJNR,5/21/2014,86,75,0.0001,,,
TJNR,5/22/2014,86,77,0,,,
TJNR,5/23/2014,87,79,0,67.146,70.22929,76.737
TJNR,5/24/2014,85,76,0.04,65.1269,73.97758,87.1241
TJNR,5/25/2014,85,77,0.07,65.2306,75.8287,90.2933
TJNR,5/26/2014,86,77,0.06,67.6546,76.81782,87.1241
TJNR,5/27/2014,86,76,0.01,67.4378,75.199936,93.5928
TJNR,5/28/2014,85,77,0.0001,67.6546,76.01426,87.6003
TJNR,5/29/2014,85,78,0.0001,69.5285,75.74949,82.0559
TJNR,5/30/2014,85,77,0.08,67.4378,76.204735,90.2933
TJNR,5/31/2014,84,73,0.2,67.146,79.59251,97.0174
TJNR,6/1/2014,86,75,0.14,69.6411,81.34088,93.5928
TJNR,6/2/2014,87,75,0,69.7345,81.17628,93.5928
TJNR,6/3/2014,86,74,0,65.3545,81.65483,97.0174
TJNR,6/4/2014,87,74,0,65.3545,77.66843,90.8013
TJNR,6/5/2014,87,76,0.13,65.3545,73.38965,84.5256
TJNR,6/6/2014,88,79,0,60.88,71.569756,79.1989
TJNR,6/7/2014,88,78,0,61.1182,73.15896,79.2676
TJNR,6/8/2014,88,75,0.11,65.0834,81.6606,96.4461
TJNR,6/9/2014,88,77,0.0001,63.1423,76.16445,87.1241
TJNR,6/10/2014,88,80,0,65.5802,75.17624,82.1885
TJNR,6/11/2014,89,79,0.0001,61.3631,73.7316,81.6337
TJNR,6/12/2014,88,78,0,59.0494,72.133835,82.0559
TJNR,6/13/2014,87,78,0.01,63.013,74.38441,84.6417
TJNR,6/14/2014,88,79,0.0001,63.1423,75.4233,84.6941
TJNR,6/15/2014,89,79,0.0001,63.2495,76.466255,84.6941
TJNR,6/16/2014,88,80,0,79.1989,80.071945,82.1885
TJNR,6/17/2014,87,75,0.0001,71.782,73.038185,76.9034
TJNR,6/18/2014,86,78,0.05,65.2306,75.40217,93.0885
TJNR,6/19/2014,88,79,0.0001,63.1423,75.58922,84.6417
TJNR,6/20/2014,89,79,0.01,72.08,82.95039,90.9823
TJNR,6/21/2014,88,80,0.01,67.4817,79.86373,90.9823
TJNR,6/22/2014,90,80,0.0001,61.1253,74.68763,84.6941
TJNR,6/23/2014,88,80,0.03,65.5802,74.92959,84.6941
TJNR,6/24/2014,89,80,0,62.4672,74.05275,83.6618
TJNR,6/25/2014,88,80,0,59.0494,71.22168,81.7687
TJNR,6/26/2014,89,80,0,59.3022,74.91796,84.6941
TJNR,6/27/2014,90,79,0.0001,59.1645,73.677216,82.1885
TJNR,6/28/2014,89,80,0.01,59.1645,71.13835,82.1885
TJNR,6/29/2014,89,80,0,61.3631,73.38161,81.7687
TJNR,6/30/2014,89,78,0.16,67.4817,78.86012,90.3687
TJNR,7/1/2014,90,80,0,60.88,75.11746,84.6417
TJNR,7/2/2014,89,79,0.02,53.455,71.99465,84.6417
TJNR,7/3/2014,87,76,0.35,58.6546,72.85716,90.8013
TJNR,7/4/2014,89,80,0.0001,61.3631,71.23349,79.1989
TJNR,7/5/2014,88,77,0.27,67.4817,75.86433,90.9823
TJNR,7/6/2014,88,77,0.16,67.4817,78.14341,93.0885
TJNR,7/7/2014,89,81,0,61.1253,72.26749,79.3496
TJNR,7/8/2014,88,79,0.02,66.15182,73.89011,84.5785
TJNR,7/9/2014,90,78,0.0001,57.6443,70.21627,82.0559
TJNR,7/10/2014,89,80,0.01,55.3127,67.875084,79.3496
TJNR,7/11/2014,88,76,0.42,65.0834,73.83286,90.8013
TJNR,7/12/2014,89,79,0,58.7818,70.383095,79.2676
TJNR,7/13/2014,88,75,0,57.3855,71.48247,90.2171
TJNR,7/14/2014,89,77,0.0001,57.1775,70.091515,81.4972
TJNR,7/15/2014,89,78,0.08,63.013,74.65284,87.2222
TJNR,7/16/2014,91,79,0.01,53.455,73.66171,84.6417
TJNR,7/17/2014,89,80,0.0001,61.3631,70.621025,79.2676
TJNR,7/18/2014,88,78,0.12,61.3631,72.38454,84.5785
TJNR,7/19/2014,88,77,0.49,65.0834,76.403336,87.6003
TJNR,7/20/2014,89,81,0.0001,65.49481,71.49732,79.3496
TJNR,7/21/2014,88,81,0,59.0494,69.85014,79.2676
TJNR,7/22/2014,89,77,0.0001,60.88,70.470604,79.3496
TJNR,7/23/2014,89,81,0.05,63.2495,73.59617,84.6941
TJNR,7/24/2014,89,81,0.0001,56.9164,71.43926,79.3496
TJNR,7/25/2014,89,80,0.05,63.2495,72.02281,81.7687
TJNR,7/26/2014,91,81,0.0001,57.6443,71.49813,82.3196
TJNR,7/27/2014,90,81,0,57.1775,71.71382,79.3496
TJNR,7/28/2014,89,80,0,60.88,70.30979,79.2676
TJNR,7/29/2014,89,75,1.17,61.3631,79.73474,93.5928
TJNR,7/30/2014,89,75,0.05,59.3022,76.10327,93.5928
TJNR,7/31/2014,89,75,0.06,61.3631,80.22413,93.6205
TJNR,8/1/2014,89,79,0,57.1775,72.5497,84.6417
TJNR,8/2/2014,83,74,1.54,67.4378,82.79163,97.0174
TJNR,8/3/2014,89,80,0,59.0494,72.17472,87.2222
TJNR,8/4/2014,88,77,0.07,67.4817,76.02293,87.1241
TJNR,8/5/2014,89,80,0.02,65.0834,78.19062,90.4094
TJNR,8/6/2014,89,78,0.47,67.4817,77.370926,93.6709
TJNR,8/7/2014,88,81,0.0001,59.1645,70.96073,82.1885
TJNR,8/8/2014,88,81,0,65.0834,74.148125,77.068
TJNR,8/9/2014,88,78,0.02,63.013,73.54044,84.5785
TJNR,8/10/2014,88,79,0.02,63.1423,71.832054,87.6951
TJNR,8/11/2014,88,77,0.0001,67.4817,76.69024,87.2222
TJNR,8/12/2014,88,79,0.21,69.5389,78.93355,90.3687
TJNR,8/13/2014,89,81,0,63.2495,73.32826,79.3496
TJNR,8/14/2014,89,81,0,57.1775,70.18727,79.3496
TJNR,8/15/2014,88,79,0,63.013,73.09427,87.2222
TJNR,8/16/2014,86,78,0.11,76.5296,82.7737,88.9044
TJNR,8/17/2014,88,80,0.11,,,
TJNR,8/18/2014,88,81,0,,,
TJNR,8/19/2014,88,77,0.2,69.5389,75.44028,90.2933
TJNR,8/20/2014,89,77,0.0001,67.5795,78.551636,87.1241
TJNR,8/21/2014,89,79,0.08,69.5389,78.17363,93.6981
TJNR,8/22/2014,82,75,2.31,78.90113,90.69803,100
TJNR,8/23/2014,86,77,0.36,74.5084,84.16727,93.6205
TJNR,8/24/2014,88,75,0.23,67.3637,78.42026,93.6709
TJNR,8/25/2014,88,77,0.0001,65.3545,75.0109,81.922
TJNR,8/26/2014,89,80,0.0001,63.2495,75.56418,84.6941
TJNR,8/27/2014,88,82,0.01,69.846,76.76027,85.314
TJNR,8/28/2014,88,78,0.04,65.0834,74.9361,90.3345
TJNR,8/29/2014,86,74,0.28,71.9753,84.86919,93.6205
TJNR,8/30/2014,87,76,0.01,69.846,80.274445,93.6205
TJNR,8/31/2014,88,80,0.0001,63.1423,73.579956,79.3496
TJNR,9/1/2014,88,78,0.04,67.3637,74.23005,84.6417
TJNR,9/2/2014,88,79,0.07,70.049,79.33251,90.4094
TJNR,9/3/2014,88,79,0.0001,65.0834,75.699745,87.6951
TJNR,9/4/2014,87,79,0.06,71.5869,77.783134,88.8267
TJNR,9/5/2014,89,74,0.04,65.3099,77.71308,90.8013
TJNR,9/6/2014,89,81,0,63.3777,74.032166,79.3496
TJNR,9/7/2014,86,76,0.55,74.247,83.53152,93.6205
TJNR,9/8/2014,89,74,0.26,67.4817,81.71389,96.5182
TJNR,9/9/2014,89,77,0.01,66.5536,78.89842,93.0885
TJNR,9/10/2014,89,77,0,61.1182,72.277664,87.1241
TJNR,9/11/2014,89,80,0,59.1645,73.9095,81.6337
TJNR,9/12/2014,89,80,0.0001,60.88,73.93311,84.6941
TJNR,9/13/2014,90,81,0.05,65.3099,74.44954,81.7687
TJNR,9/14/2014,88,75,0.17,67.4817,78.77323,100
TJNR,9/15/2014,89,77,0,65.5802,77.846146,90.3345
TJNR,9/16/2014,89,74,0.02,61.3631,77.70049,93.5695
TJNR,9/17/2014,89,75,0,61.1253,75.9543,93.5695
TJNR,9/18/2014,89,76,0.2,65.5802,78.51536,93.0885
TJNR,9/19/2014,89,75,0.16,65.3099,78.36112,93.5695
TJNR,9/20/2014,89,77,0.0001,65.0834,75.83623,88.6689
TJNR,9/21/2014,89,82,0,72.1122,73.93914,77.068
TJNR,9/22/2014,89,77,0.55,70.049,76.11731,93.6709
TJNR,9/23/2014,88,76,0,67.5795,78.8207,93.0885
TJNR,9/24/2014,89,77,0.21,67.4817,79.32679,93.6205
TJNR,9/25/2014,86,74,0.62,76.5296,85.54165,93.6205
TJNR,9/26/2014,88,74,0.02,65.0834,83.57364,97.0174
TJNR,9/27/2014,86,75,0.19,76.3613,86.656166,93.6205
TJNR,9/28/2014,88,76,0.07,65.5802,81.5414,93.6205
TJNR,9/29/2014,88,76,0,63.013,76.047585,90.8013
TJNR,9/30/2014,89,76,0,67.4817,80.077255,90.3345
TJNR,10/1/2014,91,76,0,63.3777,76.604965,93.5928
TJNR,10/2/2014,90,80,0.0001,65.3099,76.13546,84.6941
TJNR,10/3/2014,90,82,0,57.6443,72.693695,81.7687
TJNR,10/4/2014,90,75,0,59.3022,76.16909,90.8013
TJNR,10/5/2014,90,74,0,51.8344,71.80451,90.8013
TJNR,10/6/2014,90,80,0,59.1645,68.53376,76.3613
TJNR,10/7/2014,90,78,0,58.7818,67.107086,74.3291
TJNR,10/8/2014,89,77,0.16,61.1253,76.600525,90.3345
TJNR,10/9/2014,92,74,0.15,55.7235,81.119095,93.6205
TJNR,10/10/2014,91,73,0,57.1775,77.917336,93.5415
TJNR,10/11/2014,90,74,0,59.3022,76.74851,90.2933
TJNR,10/12/2014,90,76,0,63.3777,76.839226,93.5928
TJNR,10/13/2014,89,74,0.34,55.1909,78.03936,94.143
TJNR,10/14/2014,89,73,0.2,59.1645,81.35271,96.4461
TJNR,10/15/2014,90,74,0.0001,63.2495,78.55054,90.8013
TJNR,10/16/2014,90,75,0,61.6059,79.19232,93.5928
TJNR,10/17/2014,91,74,0,59.1645,79.90801,93.5928
TJNR,10/18/2014,89,75,0.0001,61.3631,78.99316,93.5928
TJNR,10/19/2014,89,75,0.14,63.2495,79.607765,94.14301
TJNR,10/20/2014,88,75,0.01,65.0834,79.523476,94.143
TJNR,10/21/2014,90,76,0.04,57.1775,75.29436,87.6951
TJNR,10/22/2014,91,75,0,57.1775,73.48214,94.143
TJNR,10/23/2014,89,75,0.24,67.4817,80.460304,93.5928
TJNR,10/24/2014,90,78,0.0001,63.3777,78.2445,90.4094
TJNR,10/25/2014,91,76,0,57.4366,76.80915,93.6205
TJNR,10/26/2014,91,76,0,61.1253,78.57584,93.6205
TJNR,10/27/2014,90,76,0.06,63.3777,79.69559,97.0415
TJNR,10/28/2014,90,76,0.04,65.3099,77.99597,93.5928
TJNR,10/29/2014,90,78,0.14,61.6059,79.37177,90.9823
TJNR,10/30/2014,89,77,0.36,65.5802,78.33537,93.6205
TJNR,10/31/2014,79,77,0.89,81.7687,87.425644,93.6709
TJNR,11/1/2014,90,75,0.36,65.3099,81.639984,97.0415
TJNR,11/2/2014,88,79,0.37,72.08,84.942566,94.26866
TJNR,11/3/2014,88,78,0.54,63.1423,76.859474,93.0885
TJNR,11/4/2014,84,74,0.51,74.247,85.26515,90.3687
TJNR,11/5/2014,81,74,0.26,69.2256,85.31818,94.1002
TJNR,11/6/2014,86,74,0.14,67.4817,80.34191,90.7287
TJNR,11/7/2014,80,78,3.55,78.9629,88.021034,96.4747
TJNR,11/8/2014,87,76,0,69.7345,79.19898,93.5928
TJNR,11/9/2014,89,78,0,69.5389,81.26569,90.3345
TJNR,11/10/2014,88,79,0.0001,67.4817,75.7429,87.2222
TJNR,11/11/2014,88,76,0.05,63.1423,77.00401,93.5928
TJNR,11/12/2014,87,73,0.0001,60.88,79.7215,93.5695
TJNR,11/13/2014,87,71,0,65.2306,79.4429,93.4896
TJNR,11/14/2014,86,73,0.36,70.0832,83.6326,93.6709
TJNR,11/15/2014,87,74,0.38,67.3637,82.35607,93.6205
TJNR,11/16/2014,87,76,0.31,69.7345,78.04185,90.3687
TJNR,11/17/2014,87,80,0.04,69.846,77.67239,87.789
TJNR,11/18/2014,87,78,0.1,67.146,75.69026,87.1241
TJNR,11/19/2014,87,77,0.0001,67.4817,75.481575,87.6003
TJNR,11/20/2014,87,73,0.09,63.2692,74.59091,90.7287
TJNR,11/21/2014,86,76,0.09,67.3637,76.89163,90.2933
TJNR,11/22/2014,84,77,0.09,71.9184,80.35802,87.1241
TJNR,11/23/2014,87,78,0.0001,61.1182,70.58674,82.0559
TJNR,11/24/2014,86,77,0.02,67.146,76.56001,87.6951
TJNR,11/25/2014,85,76,0.4,71.3899,77.35808,93.6205
TJNR,11/26/2014,86,77,0.01,65.2306,75.433235,87.6003
TJNR,11/27/2014,85,72,0,60.8714,71.69636,93.4896
TJNR,11/28/2014,84,69,0.0001,54.6256,80.59394,93.5695
TJNR,11/29/2014,84,74,0.51,74.3291,87.15826,100
TJNR,11/30/2014,85,74,0.05,71.782,83.677376,97.0174
TJNR,12/1/2014,85,73,0.25,67.146,78.39684,93.5695
TJNR,12/2/2014,85,78,0,67.146,72.76442,79.116
TJNR,12/3/2014,85,76,0.33,67.6546,80.169685,90.8013
TJNR,12/4/2014,85,74,0,69.7345,80.56332,97.0174
TJNR,12/5/2014,86,75,0,58.9106,74.351616,84.3436
TJNR,12/6/2014,87,72,0.04,60.9838,77.26444,87.4515
TJNR,12/7/2014,86,68,0,56.509,74.39841,93.437
TJNR,12/8/2014,84,64,0,52.7537,78.222404,96.2812
TJNR,12/9/2014,84,67,0,56.7175,79.4163,96.342
TJNR,12/10/2014,85,72,0.07,67.146,83.98812,94.1002
TJNR,12/11/2014,86,78.98,0.0001,63.2692,72.40428,79.1989
TJNR,12/12/2014,87,76,0,64.8973,71.26911,82.0559
TJNR,12/13/2014,85,72,0.0001,62.7745,78.906525,94.1002
TJNR,12/14/2014,86,70,0,63.2692,81.25579,96.3879
TJNR,12/15/2014,85,73,0.5,67.146,84.46455,97.0174
TJNR,12/16/2014,79,72,1.36,76.737,87.69251,97.0174
TJNR,12/17/2014,85,74,0,62.7745,72.72758,81.922
TJNR,12/18/2014,84,74,0.0001,60.7359,68.17754,81.7866
TJNR,12/19/2014,84,77,0,58.6546,68.6883,76.1914
TJNR,12/20/2014,84,72,0.23,62.7745,76.366936,93.5695
TJNR,12/21/2014,84,77,0,60.2464,67.7297,79.0466
TJNR,12/22/2014,85,73,0.0001,67.4378,77.40603,84.8003
TJNR,12/23/2014,86,77,0.0001,67.6546,76.73472,84.5256
TJNR,12/24/2014,84,74,0.01,60.7359,69.30609,79.0466
TJNR,12/25/2014,84,75,0.09,62.5339,71.99519,81.8483
TJNR,12/26/2014,84,75,0,65.0019,74.591194,84.3436
TJNR,12/27/2014,84,76,0,58.255,67.44637,76.569
TJNR,12/28/2014,83,75,0,60.7359,71.0052,79.3669
TJNR,12/29/2014,84,74,0.1,62.7745,75.79614,93.5928
TJNR,12/30/2014,84,75,0.12,65.0019,76.84422,93.5695
TJNR,12/31/2014,84,76,0,65.1269,77.27212,84.5256
TJNR,1/1/2015,85,76,0,65.2306,77.18601,84.5256
TJNR,1/2/2015,84,74,0.03,69.5285,77.22188,84.9155
TJNR,1/3/2015,82,74,0.01,68.5868,72.7372,81.8483
TJNR,1/4/2015,84,76,0.0001,58.5141,70.75276,78.9629
TJNR,1/5/2015,83,74,0.05,65.7435,73.78994,93.5415
TJNR,1/6/2015,83,74,0.0001,62.5339,72.31098,82.03341
TJNR,1/7/2015,84,76,0,60.7359,70.7702,79.3669
TJNR,1/8/2015,83,74,0,64.8973,71.96779,78.9629
TJNR,1/9/2015,82,74,0.05,69.1109,77.25312,87.6003
TJNR,1/10/2015,84,73,0.02,65.9485,78.8542,90.2171
TJNR,1/11/2015,84,74,0.07,67.4378,78.82796,87.5481
TJNR,1/12/2015,84,74,0.0001,67.2191,75.64719,90.8013
TJNR,1/13/2015,84,74,0.07,67.146,75.68818,90.8013
TJNR,1/14/2015,85,73,0.04,65.1269,76.35158,93.5695
TJNR,1/15/2015,85,73,0.02,62.7745,75.02169,87.4515
TJNR,1/16/2015,87,70,0,62.7745,80.90421,96.9683
TJNR,1/17/2015,86,71,0.53,60.7359,81.74813,97.0174
TJNR,1/18/2015,83,71,0.0001,64.8973,82.51786,96.4172
TJNR,1/19/2015,84,68,0,58.3966,78.96381,96.9683
TJNR,1/20/2015,84,70,0,60.2464,76.26568,86.7675
TJNR,1/21/2015,84,70,0,56.509,80.59408,96.9683
TJNR,1/22/2015,84,72,0.33,72.1122,88.21013,96.4172
TJNR,1/23/2015,85,71,0.08,62.7745,81.86763,96.4172
TJNR,1/24/2015,85,71,0.13,65.0019,82.17057,96.4172
TJNR,1/25/2015,85,70,0.02,63.0313,81.517555,96.993
TJNR,1/26/2015,84,70,0.04,62.7745,78.61629,93.4896
TJNR,1/27/2015,85,72,0.0001,65.1269,80.427185,93.4896
TJNR,1/28/2015,85,68,0,62.7745,81.90715,100
TJNR,1/29/2015,84,71,0.07,64.8973,81.00873,94.057
TJNR,1/30/2015,84,69,0,62.7745,78.31199,94.057
TJNR,1/31/2015,84,73,0.0001,64.8973,75.97768,90.7287
TJNR,2/1/2015,83,75,0.01,58.5141,69.89446,84.9155
TJNR,2/2/2015,85,77,0,58.6546,68.13572,76.569
TJNR,2/3/2015,85,73,0,67.146,77.05717,87.5481
TJNR,2/4/2015,85,73,0,65.0019,78.51429,90.7287
TJNR,2/5/2015,84,73,0.1,62.7745,74.859505,84.9155
TJNR,2/6/2015,84,68,0.0001,65.0019,81.89933,96.3583
TJNR,2/7/2015,84,69,0,63.0313,78.04822,100
TJNR,2/8/2015,84,71,0.15,65.1269,78.43133,90.6553
TJNR,2/9/2015,84,72,0.0001,62.7745,77.32505,90.14
TJNR,2/10/2015,85,76,0.22,60.9838,74.7926,90.2933
TJNR,2/11/2015,86,74,0.02,65.2306,76.812096,87.5043
TJNR,2/12/2015,84,70,0.16,60.7359,81.15997,93.5415
TJNR,2/13/2015,81,73,0.68,84.5256,91.69437,100
TJNR,2/14/2015,82,72,0.09,82.1885,91.82243,97.0174
TJNR,2/15/2015,81,72,0.02,79.116,88.13471,100
TJNR,2/16/2015,79,71,0.29,73.9652,88.990746,100
TJNR,2/17/2015,84,72,0.08,67.146,78.05989,87.5481
TJNR,2/18/2015,85,77,0.0001,65.0019,74.93483,87.6003
TJNR,2/19/2015,85,72,0.07,65.1269,81.65268,93.5695
TJNR,2/20/2015,85,71,0,60.8714,79.73188,96.993
TJNR,2/21/2015,84,72,0.06,67.4378,82.2615,94.057
TJNR,2/22/2015,84,73,0.06,65.0019,78.805565,100
TJNR,2/23/2015,84,75,0.02,63.0313,72.92007,79.0466
TJNR,2/24/2015,84,73,0,62.7745,73.703705,93.518
TJNR,2/25/2015,85,72,0,65.0019,74.6391,94.057
TJNR,2/26/2015,84,73,0.03,60.8714,70.63619,90.7287
TJNR,2/27/2015,85,75,0,60.2464,68.43767,76.569
TJNR,2/28/2015,84,73,0.04,65.1269,78.88853,100
TJNR,3/1/2015,83,73,0.0001,58.3966,71.22279,83.3239
TJNR,3/2/2015,77,1,0.0001,71.0816,76.33924,76.569
TJNR,3/3/2015,,,0,,,
TJNR,3/4/2015,82.04,75.02,0.07,62.4018,78.182365,83.3239
TJNR,3/5/2015,84,74,0.0001,58.1365,66.68763,78.9629
TJNR,3/6/2015,85,75,0.0001,50.9659,67.47016,78.8081
TJNR,3/7/2015,84,75,0.0001,48.9304,68.11647,79.3669
TJNR,3/8/2015,84,73,0.03,57.7305,72.105316,87.5043
TJNR,3/9/2015,83,75,0.19,64.8973,76.22805,93.6205
TJNR,3/10/2015,85,75,0.03,65.1269,72.59175,87.5481
TJNR,3/11/2015,83,73,0.25,61.9123,79.36282,96.4172
TJNR,3/12/2015,84,75,0,58.3966,69.89438,84.9155
TJNR,3/13/2015,81,72,0.25,71.3899,82.08083,97.0174
TJNR,3/14/2015,82,73,0.14,62.5339,74.09631,100
TJNR,3/15/2015,84,69,0,62.5339,73.06859,92.8335
TJNR,3/16/2015,83,71,0,64.8973,78.28089,90.6553
TJNR,3/17/2015,84,69,0,62.4018,74.29955,92.8335
TJNR,3/18/2015,84,68,0.0001,62.4018,76.21645,96.3583
TJNR,3/19/2015,84,72,0,58.6546,75.37355,93.518
TJNR,3/20/2015,83,70,0.12,60.2464,74.85643,90.0191
TJNR,3/21/2015,84,74,0.08,69.1109,76.6451,84.8003
TJNR,3/22/2015,84,70,0,66.9263,78.51442,93.4658
TJNR,3/23/2015,85,70,0.02,62.02914,79.22707,93.518
TJNR,3/24/2015,85,70,0.04,65.0019,82.30651,96.9683
TJNR,3/25/2015,84,71,0,65.0019,75.96587,93.4896
TJNR,3/26/2015,85,76,0,62.4018,70.94529,78.9629
TJNR,3/27/2015,85,76,0.0001,60.8714,72.61705,79.116
TJNR,3/28/2015,84,75,0.01,60.7359,71.23181,87.5481
TJNR,3/29/2015,85,71,0.04,54.7739,73.43688,90.2171
TJNR,3/30/2015,84,70,0,58.255,71.92113,90.062
TJNR,3/31/2015,84,70,0.07,,,
TJNR,4/1/2015,84,75,0.0001,62.5339,70.776405,84.4617
TJNR,4/2/2015,85,74,0.14,64.8973,76.82726,90.8013
TJNR,4/3/2015,82,76,0,59.9939,67.646965,76.569
TJNR,4/4/2015,85,75,0,56.509,72.00823,84.3436
TJNR,4/5/2015,84,68,0,65.0019,77.83694,93.437
TJNR,4/6/2015,86,76,0.0001,60.8714,73.83014,84.4617
TJNR,4/7/2015,85,74,0.01,58.6546,73.97335,90.7287
TJNR,4/8/2015,85,75,0.03,58.6546,69.67798,84.9155
TJNR,4/9/2015,86,76,0.0001,60.8714,70.29244,76.569
TJNR,4/10/2015,86,73,0.23,62.7745,76.53625,97.0415
TJNR,4/11/2015,86,76,0.02,65.0019,74.92613,84.9155
TJNR,4/12/2015,86,76,0.0001,62.5339,72.535965,87.5481
TJNR,4/13/2015,85,74,0.03,60.9838,73.22263,90.7287
TJNR,4/14/2015,85,75,0,64.8973,74.08866,84.4617
TJNR,4/15/2015,85,76,0,62.7745,70.819336,79.3669
TJNR,4/16/2015,85,75,0,62.5339,70.343216,79.0466
TJNR,4/17/2015,84,76,0,69.4343,77.23876,87.6003
TJNR,4/18/2015,86,75,0.0001,67.6546,79.92473,87.5481
TJNR,4/19/2015,87,77,0,65.3545,79.203735,90.3345
TJNR,4/20/2015,88,78,0,59.0494,76.12118,87.1241
TJNR,4/21/2015,86,77,0,54.8971,69.0316,81.922
TJNR,4/22/2015,87,77,0,57.1246,69.047264,76.569
TJNR,4/23/2015,88,74,0,56.9164,72.804756,87.5043
TJNR,4/24/2015,89,73,0,53.181,75.55748,94.143
TJNR,4/25/2015,89,74,0,55.1909,75.37569,93.5415
TJNR,4/26/2015,88,75,0.0001,60.88,75.27033,90.8013
TJNR,4/27/2015,89,77,0,63.2495,76.84072,87.6003
TJNR,4/28/2015,89,79,0,63.1423,74.01349,84.6417
TJNR,4/29/2015,89,79,0,57.1775,72.08453,82.0559
TJNR,4/30/2015,88,78,0,59.0494,71.13789,79.116
TJNR,5/1/2015,89,77,0,55.3127,71.12389,84.4617
TJNR,5/2/2015,90,73,0,53.6358,71.863655,87.5481
TJNR,5/3/2015,89,72,0.0001,79.0466,88.20536,93.518
TJNR,5/4/2015,89,75,0,63.1423,68.33768,76.9034
TJNR,5/5/2015,89,79,0,57.1775,69.48669,79.1989
TJNR,5/6/2015,89,79,0.0001,57.3855,69.017944,76.737
TJNR,5/7/2015,90,78,0,51.6825,65.76048,76.3613
TJNR,5/8/2015,89,79,0,53.6358,67.57493,79.116
TJNR,5/9/2015,88,79,0,55.1909,67.53611,76.3613
TJNR,5/10/2015,87,77,0.02,59.0494,71.41171,87.1241
TJNR,5/11/2015,88,78,0.01,53.181,69.326256,84.5256
TJNR,5/12/2015,88,77,0.05,58.9106,72.29686,93.6205
TJNR,5/13/2015,89,79,0,57.3855,68.94367,76.737
TJNR,5/14/2015,87,78,0.0001,59.0494,69.22917,79.116
TJNR,5/15/2015,,,,,,
TJNR,5/16/2015,,,,,,
TJNR,5/17/2015,,,,,,
TJNR,5/18/2015,,,,,,
TJNR,5/19/2015,,,,,,
TJNR,5/20/2015,88,74,0,,,
TJNR,5/21/2015,89,78,0.0001,,,
TJNR,5/22/2015,89,80,0,61.1253,68.0924,79.3496
TJNR,5/23/2015,89,78,0.02,61.1253,72.337654,87.1241
TJNR,5/24/2015,89,77,0.0001,58.9106,70.24739,79.116
TJNR,5/25/2015,89,77,0.06,60.88,71.45309,87.6003
TJNR,5/26/2015,88,77,0.05,59.0494,71.34222,81.922
TJNR,5/27/2015,88,73,0,58.9106,71.266396,87.5043
TJNR,5/28/2015,89,73,0.01,55.4582,73.802765,93.518
TJNR,5/29/2015,90,74,0.54,65.3099,84.7373,97.0174
TJNR,5/30/2015,88,74,0.22,69.7345,83.37841,97.0415
TJNR,5/31/2015,87,78,0.01,66.3535,80.21027,93.6709
TJNR,6/1/2015,89,80,0,59.0124,76.680336,84.6941
TJNR,6/2/2015,88,76,0.15,65.0834,84.11067,93.6709
TJNR,6/3/2015,89,75,0.03,63.2495,77.493805,93.6709
TJNR,6/4/2015,88,75,0.06,65.0834,80.95147,94.1853
TJNR,6/5/2015,89,75,0.03,65.0834,80.316895,93.5695
TJNR,6/6/2015,90,78,0,59.0124,76.129326,90.3345
TJNR,6/7/2015,90,79,0,63.2495,75.67937,87.6951
TJNR,6/8/2015,90,74,0,61.3631,75.403206,93.5928
TJNR,6/9/2015,89,76,0,63.2495,73.98656,90.8013
TJNR,6/10/2015,89,74,0.52,57.1775,75.91123,100
TJNR,6/11/2015,89,77,0.07,65.0834,76.646454,87.6951
TJNR,6/12/2015,88,80,0,63.2495,74.0172,82.1885
TJNR,6/13/2015,89,78,0.31,65.0834,76.170395,93.0885
TJNR,6/14/2015,88,79,0.0001,63.2495,74.51392,84.6417
TJNR,6/15/2015,88,80,0,63.1423,72.64186,81.6337
TJNR,6/16/2015,89,79,0.0001,59.1645,72.32387,84.6941
TJNR,6/17/2015,87,81,0.01,71.9753,79.03458,85.314
TJNR,6/18/2015,89,80,0.0001,65.5802,75.91679,84.7566
TJNR,6/19/2015,89,81,0,61.1253,73.83385,84.6941
TJNR,6/20/2015,90,77,0.16,61.1253,73.42599,84.6417
TJNR,6/21/2015,89,78,0.01,57.3855,70.51167,84.5785
TJNR,6/22/2015,90,79,0.01,65.3099,77.52246,87.2222
TJNR,6/23/2015,90,80,0.0001,63.2495,73.097694,82.1885
TJNR,6/24/2015,90,79,0.04,61.1253,72.322075,84.6417
TJNR,6/25/2015,89,80,0.01,56.9164,68.96303,81.6337
TJNR,6/26/2015,89,74,0.23,65.0834,76.656334,100
TJNR,6/27/2015,89,79,0.03,59.3022,74.5202,90.3687
TJNR,6/28/2015,89,78,0.07,65.5802,78.94355,96.5182
TJNR,6/29/2015,91,79,0.0001,53.455,71.25213,79.3496
TJNR,6/30/2015,85,75,0.45,71.3899,80.777054,100
TJNR,7/1/2015,87,77,0.3,67.27328,77.730095,97.0782
TJNR,7/2/2015,88,80,0,63.2495,73.43377,81.6337
TJNR,7/3/2015,87,80,0,65.0834,73.01638,81.6337
TJNR,7/4/2015,82,81,0,63.013,71.84844,81.7687
TJNR,7/5/2015,89,80,0.0001,63.1423,70.80602,76.5296
TJNR,7/6/2015,88,80,0.0001,65.0834,72.37739,79.4176
TJNR,7/7/2015,90,80,0,59.3022,72.07228,81.6337
TJNR,7/8/2015,89,81,0,59.0494,73.806,81.7687
TJNR,7/9/2015,90,77,0.02,59.4165,77.3601,93.0885
TJNR,7/10/2015,89,79,0,60.88,72.47704,82.0559
TJNR,7/11/2015,89,76,0.11,65.5802,75.079765,90.8013
TJNR,7/12/2015,84,78,0.13,74.247,80.58185,93.0885
TJNR,7/13/2015,88,80,0,63.1423,73.26242,82.1885
TJNR,7/14/2015,90,79,0.01,63.3777,71.39176,84.5785
TJNR,7/15/2015,90,79,,,,
TJNR,7/16/2015,,,,,,
TJNR,7/17/2015,,,,,,
TJNR,7/18/2015,,,,,,
TJNR,7/19/2015,,,,,,
TJNR,7/20/2015,,,,,,
TJNR,7/21/2015,,,,,,
TJNR,7/22/2015,,,,,,
TJNR,7/23/2015,,,,,,
TJNR,7/24/2015,,,,,,
TJNR,7/25/2015,,,,,,
TJNR,7/26/2015,,,,,,
TJNR,7/27/2015,,,,,,
TJNR,7/28/2015,,,,,,
TJNR,7/29/2015,,,,,,
TJNR,7/30/2015,,,,,,
TJNR,7/31/2015,,,,,,
TJNR,8/1/2015,,,,,,
TJNR,8/2/2015,,,,,,
TJNR,8/3/2015,,,,,,
TJNR,8/4/2015,,,,,,
TJNR,8/5/2015,,,,,,
TJNR,8/6/2015,,,,,,
TJNR,8/7/2015,,,,,,
TJNR,8/8/2015,,,,,,
TJNR,8/9/2015,,,,,,
TJNR,8/10/2015,,,,,,
TJNR,8/11/2015,,,,,,
TJNR,8/12/2015,,,,,,
TJNR,8/13/2015,,,,,,
TJNR,8/14/2015,,,,,,
TJNR,8/15/2015,,,,,,
TJNR,8/16/2015,,,,,,
TJNR,8/17/2015,,,,,,
TJNR,8/18/2015,,,,,,
TJNR,8/19/2015,,,,,,
TJNR,8/20/2015,,,,,,
TJNR,8/21/2015,,,,,,
TJNR,8/22/2015,,,,,,
TJNR,8/23/2015,,,,,,
TJNR,8/24/2015,,,,,,
TJNR,8/25/2015,,,,,,
TJNR,8/26/2015,,,,,,
TJNR,8/27/2015,,,,,,
TJNR,8/28/2015,,,,,,
TJNR,8/29/2015,,,,,,
TJNR,8/30/2015,,,,,,
TJNR,8/31/2015,,,,,,
TJNR,9/1/2015,88,78,0.56,74.702,80.93586,97.0782
TJNR,9/2/2015,89,78,0.06,72.2705,86.55006,100
TJNR,9/3/2015,90,76,0,67.5795,84.430534,96.4901
TJNR,9/4/2015,88,76,0,69.846,82.979675,97.0415
TJNR,9/5/2015,89,78,0.03,67.5795,81.18153,93.6709
TJNR,9/6/2015,89,77,0.0001,61.3631,76.7072,93.6205
TJNR,9/7/2015,89,77,0.69,67.4817,80.20834,100
TJNR,9/8/2015,89,77,0.38,71.9753,81.92625,93.6981
TJNR,9/9/2015,89,80,0,63.2495,75.15422,85.314
TJNR,9/10/2015,89,78,0.03,65.3099,78.755615,97.0782
TJNR,9/11/2015,89,78,0.21,69.5285,78.38187,90.3345
TJNR,9/12/2015,86,75,0.04,69.4343,80.37812,93.6205
TJNR,9/13/2015,89,82,0,70.049,75.50011,82.3196
TJNR,9/14/2015,90,79,0.12,65.0834,75.326126,84.7566
TJNR,9/15/2015,89,79,0.23,72.08,82.78655,100
TJNR,9/16/2015,88,76,0.0001,74.702,84.864105,93.6205
TJNR,9/17/2015,89,77,0.01,69.7345,82.06884,97.0782
TJNR,9/18/2015,89,77,0,67.4817,81.81274,93.6205
TJNR,9/19/2015,90,75,0,65.5802,83.06782,97.0415
TJNR,9/20/2015,90,75,0.11,59.4165,81.72562,97.0415
TJNR,9/21/2015,89,76,0.09,69.5389,88.71437,100
TJNR,9/22/2015,90,75,0.24,67.3637,84.24771,100
TJNR,9/23/2015,89,76,0.49,70.1589,86.803276,97.0415
TJNR,9/24/2015,90,75,0,69.5389,85.81565,100
TJNR,9/25/2015,90,74,0,61.1253,82.82841,97.0415
TJNR,9/26/2015,90,77,0,63.3777,79.21459,93.6205
TJNR,9/27/2015,91,75,0,59.3022,79.02475,96.4747
TJNR,9/28/2015,90,74,0,67.6964,82.82222,97.0415
TJNR,9/29/2015,90,74,0,61.6059,80.99393,96.4461
TJNR,9/30/2015,91,73,0,59.4165,77.93128,96.4172
TJNR,10/1/2015,91,77,0,63.4841,78.394005,93.6205
TJNR,10/2/2015,93,78,0.2,65.925,80.46915,91.052
TJNR,10/3/2015,91,76,0.1,67.9092,81.52463,97.0782
TJNR,10/4/2015,91,80,0,63.4841,76.323814,90.9823
TJNR,10/5/2015,91,77,0.4,67.9092,82.64997,93.6981
TJNR,10/6/2015,91,81,0,65.8039,78.660286,90.9823
TJNR,10/7/2015,91,79,0.26,63.4841,78.42986,93.6981
TJNR,10/8/2015,92,79,0.01,65.925,78.83488,93.6981
TJNR,10/9/2015,91,76,0,65.5802,81.00523,100
TJNR,10/10/2015,92,76,0.07,65.8039,77.60895,93.6205
TJNR,10/11/2015,91,82,0.0001,63.4841,75.527855,84.7566
TJNR,10/12/2015,90,79,0.14,65.3099,78.54311,90.4094
TJNR,10/13/2015,91,77,0.06,61.3631,78.831795,96.4747
TJNR,10/14/2015,92,78,0,61.3686,77.033104,90.3687
TJNR,10/15/2015,89,75,0,63.3777,78.83379,96.4461
TJNR,10/16/2015,90,76,0.72,63.4841,87.2163,97.0415
TJNR,10/17/2015,89,75,0.14,67.4817,87.34061,100
TJNR,10/18/2015,89,74,0.03,65.3099,88.405945,100
TJNR,10/19/2015,90,74,0,59.3022,83.951385,100
TJNR,10/20/2015,90,74,0.0001,59.1645,81.68725,97.0415
TJNR,10/21/2015,91,75,0,61.6059,80.77569,96.4901
TJNR,10/22/2015,90,77,0.14,59.3022,81.28545,96.4901
TJNR,10/23/2015,92,75,0.0001,63.2495,81.55385,97.0415
TJNR,10/24/2015,91,72,0.43,57.6443,86.374954,97.0174
TJNR,10/25/2015,87,71,0.03,65.3545,87.22396,100
TJNR,10/26/2015,81,73,0.79,87.789,93.7746,100
TJNR,10/27/2015,87,75,0.03,76.6961,87.56242,100
TJNR,10/28/2015,90,76,0.01,67.6964,82.44523,93.6709
TJNR,10/29/2015,89,75,0,65.3099,81.92636,100
TJNR,10/30/2015,88,76,0,69.5389,80.39733,97.0415
TJNR,10/31/2015,89,76,0.48,67.5795,80.776054,97.0415
TJNR,11/1/2015,87,76,0.08,71.5869,85.65133,93.6709
TJNR,11/2/2015,88,77,0.06,65.5802,78.29757,93.0885
TJNR,11/3/2015,87,76,0.43,69.7345,82.57208,97.0415
TJNR,11/4/2015,89,78,0.25,67.5795,78.18605,90.4094
TJNR,11/5/2015,88,74,0.06,56.9164,80.28328,97.0174
TJNR,11/6/2015,88,74,0.04,65.5802,78.91275,96.4461
TJNR,11/7/2015,85,74,0.69,74.4271,89.592026,100
TJNR,11/8/2015,88,76,0.01,67.5795,82.0871,93.6709
TJNR,11/9/2015,89,78,0.0001,67.5795,76.53431,87.2222
TJNR,11/10/2015,87,77,0.25,71.9753,80.62401,93.6205
TJNR,11/11/2015,86,75,0.0001,76.6961,84.553535,97.0415
TJNR,11/12/2015,88,74,0.01,55.1909,77.59358,93.5928
TJNR,11/13/2015,87,75,0.16,65.0834,79.24906,97.0415
TJNR,11/14/2015,89,76,0,62.4672,74.95641,90.8013
TJNR,11/15/2015,88,74,0.12,63.1423,80.782745,94.143
TJNR,11/16/2015,88,74,0.94,63.013,78.663055,100
TJNR,11/17/2015,87,74,0.4,65.2306,79.715836,97.0415
TJNR,11/18/2015,87,77,0.03,65.0834,79.4674,93.0885
TJNR,11/19/2015,88,75,0.05,63.013,76.016884,94.143
TJNR,11/20/2015,86,75,0.25,47.8155,64.485886,93.5695
TJNR,11/21/2015,84,72,0.02,58.5141,68.75709,90.7287
TJNR,11/22/2015,86,74,0.21,59.135,75.05945,93.5695
TJNR,11/23/2015,87,75,0.12,67.3637,83.12738,97.0415
TJNR,11/24/2015,86,73,0,61.1182,83.674736,100
TJNR,11/25/2015,86,71,0,67.3637,84.06979,96.993
TJNR,11/26/2015,87,74,0.01,63.013,82.899254,100
TJNR,11/27/2015,87,74,0.02,63.1423,83.898125,97.0415
TJNR,11/28/2015,85,73,0.77,74.44338,91.4793,100
TJNR,11/29/2015,85,74,0.35,70.083244,88.3637,100
TJNR,11/30/2015,88,77,0.06,66.15182,79.50602,90.3345
TJNR,12/1/2015,86,73,0.26,71.9753,83.549736,100
TJNR,12/2/2015,87,73,0.06,74.5084,85.02027,100
TJNR,12/3/2015,86,78,0.03,65.2306,75.48996,87.1241
TJNR,12/4/2015,86,77,0.01,71.782,77.449715,87.1241
TJNR,12/5/2015,,,,,,
TJNR,12/6/2015,86,77,0.0001,44.6725,50.010582,76.5296
TJNR,12/7/2015,108,81,0.01,38.3803,45.551926,79.2676
TJNR,12/8/2015,84.92,75.92,0.11,72.3041,76.18013,93.5928
TJNR,12/9/2015,86,73,0.02,67.6546,80.260376,97.0174
TJNR,12/10/2015,86,73,0,67.146,78.93235,93.5415
TJNR,12/11/2015,86,72,0,67.6546,80.57374,96.4172
TJNR,12/12/2015,85,75,0.02,63.2692,75.99571,87.6003
TJNR,12/13/2015,85,73,0.0001,62.7745,74.11098,84.4617
TJNR,12/14/2015,85,77,0.01,67.6546,76.690834,84.5256
TJNR,12/15/2015,84,77,0,58.6546,72.46319,81.4972
TJNR,12/16/2015,85,78,0,65.0019,73.42684,84.5256
TJNR,12/17/2015,85,77,0.05,65.1269,74.94455,90.2933
TJNR,12/18/2015,86,76,0.0001,62.7745,73.18976,84.5256
TJNR,12/19/2015,86,74,0.29,69.5285,78.69565,100
TJNR,12/20/2015,80,74,0.54,48.0447,83.2371,97.0415
TJNR,12/21/2015,85,78,0.01,65.1269,74.169205,84.5785
TJNR,12/22/2015,85,78,0.0001,67.4378,72.8408,79.1989
TJNR,12/23/2015,85,78,0,62.7745,72.47912,82.0559
TJNR,12/24/2015,86,76,0.01,65.2306,75.796104,84.5785
TJNR,12/25/2015,84,75,0.19,69.3207,77.079575,90.8013
TJNR,12/26/2015,83,75,0.01,74.247,78.37297,90.2933
TJNR,12/27/2015,77,74,0.02,,,
TJNR,12/28/2015,84,74,0.0001,69.6411,75.663635,82.0559
TJNR,12/29/2015,84,77,0,67.146,73.963875,79.0466
TJNR,12/30/2015,83,76,0.06,71.5869,77.13076,87.1241
TJNR,12/31/2015,84,72,0.46,62.7745,76.55644,94.1002
TJNR,1/1/2016,84,73,0.12,63.0313,74.307396,97.0174
TJNR,1/2/2016,83,71,0.2,62.4018,79.47182,96.3879
TJNR,1/3/2016,84,71,0.13,66.9263,81.573364,100
TJNR,1/4/2016,84,72,0.07,65.0019,81.83787,93.518
TJNR,1/5/2016,83,69,0.73,74.148,90.733574,96.993
TJNR,1/6/2016,83,71,0.1,76.3613,87.93878,96.993
TJNR,1/7/2016,84,71,0.11,67.146,84.27317,96.993
TJNR,1/8/2016,84,70,,69.5285,76.47495,93.5415
TJNR,1/9/2016,,,,,,
TJNR,1/10/2016,84,72,,,,
TJNR,1/11/2016,83,71,0.22,66.9263,82.03032,94.143
TJNR,1/12/2016,83,69,0.0001,66.9263,75.54889,88.5078
TJNR,1/13/2016,83,69,0,58.255,70.77325,89.9831
TJNR,1/14/2016,83,67,0.0001,62.4018,74.87611,92.8335
TJNR,1/15/2016,83,69,0.01,50.9659,70.3468,92.8335
TJNR,1/16/2016,82,70,0,62.5339,76.73074,96.9683
TJNR,1/17/2016,84,70,0,58.5141,82.77939,93.4896
TJNR,1/18/2016,84,70,0.03,69.4343,83.81381,96.993
TJNR,1/19/2016,84,72,0.22,71.9184,85.377556,97.0174
TJNR,1/20/2016,84,69,0.02,67.4378,83.993866,96.993
TJNR,1/21/2016,84,70,0,60.7359,78.71501,90.7287
TJNR,1/22/2016,84,74,0,60.2464,75.66091,84.9155
TJNR,1/23/2016,85,75,0,63.2692,74.79791,84.3436
TJNR,1/24/2016,83,71,0.18,71.5869,83.78025,96.993
TJNR,1/25/2016,84,71,0.34,69.5285,85.16226,96.993
TJNR,1/26/2016,84,72,0.47,65.0019,79.71678,93.5415
TJNR,1/27/2016,84,75,0,62.4018,70.42205,81.8483
TJNR,1/28/2016,84,74,0.0001,63.0313,73.62153,84.9155
TJNR,1/29/2016,85,69,0.0001,56.509,79.23025,96.4172
TJNR,1/30/2016,82,72,0,71.3899,80.07953,93.518
TJNR,1/31/2016,84,73,0.0001,60.7359,76.46291,87.5043
TJNR,2/1/2016,84,69,0.0001,64.7712,78.67212,93.437
TJNR,2/2/2016,83,69,0,58.3966,79.69838,96.9683
TJNR,2/3/2016,84,70,0.0001,63.0313,78.16142,90.062
TJNR,2/4/2016,83,68,0.03,52.9345,72.2161,96.342
TJNR,2/5/2016,83,66,0.04,62.2913,84.00604,100
TJNR,2/6/2016,84,68,0.08,66.9263,84.619316,96.993
TJNR,2/7/2016,84,71,0.11,67.146,85.542564,100
TJNR,2/8/2016,85,70,0,67.146,84.08923,96.993
TJNR,2/9/2016,85,71,0,65.2306,82.606674,96.993
TJNR,2/10/2016,85,71,0.01,66.9263,80.96968,93.5695
TJNR,2/11/2016,85,70,0.02,60.8714,76.6852,96.3879
TJNR,2/12/2016,85,74,0,62.7745,76.400085,87.5043
TJNR,2/13/2016,85,71,0.0001,50.9659,76.136566,93.4658
TJNR,2/14/2016,84,70,0.0001,60.7359,77.700874,93.4658
TJNR,2/15/2016,83,70,0.26,74.148,85.52308,96.993
TJNR,2/16/2016,85,80,,65.1269,70.506485,72.1122
TJNR,2/17/2016,,,,,,
TJNR,2/18/2016,,,,,,
TJNR,2/19/2016,86,71,0.11,77.231,84.60604,96.4901
TJNR,2/20/2016,84,73,0.06,69.4343,82.06465,100
TJNR,2/21/2016,85,73,0.01,72.3041,95.435524,100
TJNR,2/22/2016,85,71,0.06,,,
TJNR,2/23/2016,87,70,0.02,,,
TJNR,2/24/2016,86,75,0,67.146,70.03933,79.116
TJNR,2/25/2016,86,76,0.01,60.9838,74.03078,87.5481
TJNR,2/26/2016,85,72,0.0001,60.7359,76.381096,90.6553
TJNR,2/27/2016,86,72,0,58.9106,75.97952,90.6553
TJNR,2/28/2016,86,71,0.0001,60.9838,77.02619,93.4658
TJNR,2/29/2016,85,71,0.0001,60.9838,77.11752,93.518
TJNR,3/1/2016,86,75,0.0001,59.135,74.165,87.5481
TJNR,3/2/2016,75,73,0.02,87.4073,87.45129,87.4515
TJNR,3/3/2016,82.94,75.02,0.01,,,
TJNR,3/4/2016,86,75,0,,,
TJNR,3/5/2016,86,73,0.13,,,
TJNR,3/6/2016,83,72,0.03,,,
TJNR,3/7/2016,85,73,0.86,71.9184,78.18894,96.4172
TJNR,3/8/2016,79,73,0.09,,,
TJNR,3/9/2016,83,72,0.02,55.9133,65.3196,75.7509
TJNR,3/10/2016,83,73,0.0001,52.4748,63.231705,86.7675
TJNR,3/11/2016,75,75,0,,,
TJNR,3/12/2016,,,,,,
TJNR,3/13/2016,,,,,,
TJNR,3/14/2016,82,73,0.09,,,
TJNR,3/15/2016,84,74,0,,,
TJNR,3/16/2016,85,73,0.0001,65.0019,70.67668,84.9155
TJNR,3/17/2016,84,73,0,60.7359,73.043816,84.9155
TJNR,3/18/2016,85,70,0,56.509,71.355125,86.7675
TJNR,3/19/2016,85,69,0,52.7537,74.18544,93.4658
TJNR,3/20/2016,86,74,0.0001,57.1246,72.156,83.3239
TJNR,3/21/2016,109,74,,30.0914,37.10561,42.2502
TJNR,3/22/2016,,,0,,,
TJNR,3/23/2016,,,0.0001,,,
TJNR,3/24/2016,,,0.05,,,
TJNR,3/25/2016,,,0.0001,,,
TJNR,3/26/2016,,,0.01,,,
TJNR,3/27/2016,,,0.24,,,
TJNR,3/28/2016,,,0,,,
TJNR,3/29/2016,84.02,77,0,65.0019,79.05171,87.6003
TJNR,3/30/2016,86,74,0.2,69.6411,83.3258,97.0415
TJNR,3/31/2016,85,74,0.14,69.5285,79.563576,100
TJNR,4/1/2016,80,70,0.82,81.4972,94.7901,100
TJNR,4/2/2016,85,73,0.22,71.782,86.65278,100
TJNR,4/3/2016,86,76,0.04,65.1269,82.47888,100
TJNR,4/4/2016,86,75,0,64.7712,82.58131,93.5928
TJNR,4/5/2016,87,72,0.17,56.9815,81.9435,100
TJNR,4/6/2016,86,69,0,49.2195,76.4807,100
TJNR,4/7/2016,87,74,0.0001,57.1246,73.67404,87.4515
TJNR,4/8/2016,88,74,0,53.181,71.23755,88.5888
TJNR,4/9/2016,87,76,0,57.1246,69.03118,79.3669
TJNR,4/10/2016,87,77,0.0001,51.4025,67.11314,76.569
TJNR,4/11/2016,89,75,0.01,55.1909,72.77455,88.5888
TJNR,4/12/2016,84,73,0.3,66.9263,82.435585,90.7287
TJNR,4/13/2016,85,71,0.0001,62.7745,76.93956,90.7287
TJNR,4/14/2016,88,71,0,49.6625,68.49095,87.3539
TJNR,4/15/2016,86,68,0,50.9659,67.30506,87.2551
TJNR,4/16/2016,86,69,0,53.2115,69.31783,87.2551
TJNR,4/17/2016,87,70,0,53.0308,70.447205,90.0191
TJNR,4/18/2016,85,71,0.2,60.8714,78.53401,90.6553
TJNR,4/19/2016,84,71,0.06,64.0289,76.05234,87.6003
TJNR,4/20/2016,86,74,0,51.1205,62.418945,76.3059
TJNR,4/21/2016,86,74,0.0001,52.7537,65.183426,73.7806
TJNR,4/22/2016,85,77,0.04,64.0289,72.96371,87.6003
TJNR,4/23/2016,87,77,0.31,65.0834,83.72653,90.3345
TJNR,4/24/2016,88,74,0.01,63.2495,79.3404,94.143
TJNR,4/25/2016,88,76,0.05,65.2306,82.74519,90.8013
TJNR,4/26/2016,88,75,0.0001,59.135,77.94526,90.8013
TJNR,4/27/2016,88,78,0.15,60.88,77.63595,90.3345
TJNR,4/28/2016,88,78,0.01,60.88,78.282616,90.3687
TJNR,4/29/2016,86,72,1.41,65.1269,86.55152,97.0415
TJNR,4/30/2016,80,74,0.03,78.9629,88.9202,100
TJNR,5/1/2016,81,70,0.06,79.116,92.77173,97.0174
TJNR,5/2/2016,84,70,0.02,69.4343,85.19406,96.993
TJNR,5/3/2016,86,73,0,67.6546,79.65975,96.4172
TJNR,5/4/2016,85,77,0.05,69.6411,79.855865,87.6951
TJNR,5/5/2016,86,77,0.03,67.3637,82.74643,90.3687
TJNR,5/6/2016,87,77,0,69.5389,80.58033,93.6205
TJNR,5/7/2016,88,78,0,69.846,78.15558,84.6941
TJNR,5/8/2016,84,77,0.0001,74.4271,84.70753,90.4094
TJNR,5/9/2016,86,77,0.04,69.846,81.57428,96.4747
TJNR,5/10/2016,86,75,0.15,64.8973,77.07857,93.5695
TJNR,5/11/2016,85,73,0.26,69.4343,78.13778,93.5415
TJNR,5/12/2016,85,77,0,69.1109,74.39749,84.5256
TJNR,5/13/2016,84,74,0.16,74.4271,84.316284,97.0415
TJNR,5/14/2016,86,77,0.0001,65.2306,78.73121,90.2933
TJNR,5/15/2016,86,76,0.02,67.6546,78.526726,90.3687
TJNR,5/16/2016,85,78,0.0001,71.782,77.925316,84.6417
TJNR,5/17/2016,88,79,0.0001,65.0834,76.674446,87.6951
TJNR,5/18/2016,88,79,0,65.0834,74.57251,81.6337
TJNR,5/19/2016,88,79,0.0001,63.1423,75.31272,84.5785
TJNR,5/20/2016,89,79,0.05,63.1423,73.80481,87.6951
TJNR,5/21/2016,87,79,0.2,69.7345,78.55123,90.4094
TJNR,5/22/2016,88,78,0,67.4817,78.0266,87.6951
TJNR,5/23/2016,91,79,0.04,63.2495,78.61567,87.789
TJNR,5/24/2016,88,80,0,65.5802,77.573235,87.789
TJNR,5/25/2016,88,78,0.04,63.013,74.88012,90.3345
TJNR,5/26/2016,87,75,0.01,65.2306,75.271164,84.5785
TJNR,5/27/2016,87,76,0.85,67.3637,80.80348,96.4901
TJNR,5/28/2016,85,76,1.15,77.231,90.587456,100
TJNR,5/29/2016,83,74,0.66,79.2676,92.79818,100
TJNR,5/30/2016,85,75,0.19,76.6961,87.38289,100
TJNR,5/31/2016,87,76,0.04,71.9753,83.28472,93.6709
TJNR,6/1/2016,86,78,0.0001,76.6961,84.383644,93.6709
TJNR,6/2/2016,86,79,0.03,80.0404,86.12008,93.6709
TJNR,6/3/2016,87,80,0.01,74.6054,83.52641,90.9823
TJNR,6/4/2016,86,78,0.45,76.6961,86.85497,96.4901
TJNR,6/5/2016,88,79,0.02,66.3535,80.19076,87.789
TJNR,6/6/2016,87,80,0,71.9753,79.21984,87.789
TJNR,6/7/2016,88,80,0.0001,69.5389,82.50727,93.6981
TJNR,6/8/2016,87,75,0.53,74.5084,87.19989,100
TJNR,6/9/2016,88,80,0,72.08,81.9787,90.4094
TJNR,6/10/2016,87,77,0,71.9753,80.6666,90.3345
TJNR,6/11/2016,87,77,0.0001,67.3637,78.991234,90.2933
TJNR,6/12/2016,87,74,0.01,65.0834,79.410095,93.5928
TJNR,6/13/2016,88,79,0,70.049,80.88978,90.4094
TJNR,6/14/2016,88,79,0,67.5795,77.7879,84.7566
TJNR,6/15/2016,88,80,0,60.88,73.694664,87.789
TJNR,6/16/2016,86,79,0,67.3637,78.0585,82.1885
TJNR,6/17/2016,87,79,0.0001,69.5389,77.10731,87.6951
TJNR,6/18/2016,88,79,0,63.2495,76.03628,82.1885
TJNR,6/19/2016,86,77,0.37,72.3041,81.79659,93.6981
TJNR,6/20/2016,84,77,0.14,79.4987,87.19824,100
TJNR,6/21/2016,87,75,0.13,71.9753,80.44179,97.0782
TJNR,6/22/2016,87,76,0.01,67.3637,79.30298,96.4901
TJNR,6/23/2016,87,76,0.0001,67.4817,78.45823,93.6205
TJNR,6/24/2016,87,80,0.0001,69.5389,79.47397,87.789
TJNR,6/25/2016,87,80,0,69.846,80.00927,87.2222
TJNR,6/26/2016,86,79,0,69.7345,79.07493,84.6417
TJNR,6/27/2016,87,78,0,61.1182,74.93537,84.5785
TJNR,6/28/2016,87,79,0,69.7345,75.61443,84.6417
TJNR,6/29/2016,,,,,,
TJNR,6/30/2016,,,,,,
TJNR,7/1/2016,,,,,,
TJNR,7/2/2016,,,,,,
TJNR,7/3/2016,,,,,,
TJNR,7/4/2016,,,,,,
TJNR,7/5/2016,,,,,,
TJNR,7/6/2016,,,,,,
TJNR,7/7/2016,,,,,,
TJNR,7/8/2016,,,,,,
TJNR,7/9/2016,,,,,,
TJNR,7/10/2016,,,,,,
TJNR,7/11/2016,,,,,,
TJNR,7/12/2016,,,,,,
TJNR,7/13/2016,,,,,,
TJNR,7/14/2016,,,,,,
TJNR,7/15/2016,,,,,,
TJNR,7/16/2016,,,,,,
TJNR,7/17/2016,,,,,,
TJNR,7/18/2016,88,80,,69.5389,75.6387,84.7566
TJNR,7/19/2016,87,76,,71.9753,81.35767,93.6709
TJNR,7/20/2016,88,78,0.01,72.08,83.54703,93.6709
TJNR,7/21/2016,89,79,0.07,70.1589,83.05747,97.1016
TJNR,7/22/2016,90,80,0,67.5795,76.83938,84.6417
TJNR,7/23/2016,89,74,0.73,65.0834,77.77083,96.4461
TJNR,7/24/2016,87,75,0.22,69.5389,77.96332,93.6205
TJNR,7/25/2016,90,75,0.0001,67.5795,80.64971,97.0415
TJNR,7/26/2016,89,76,0.0001,70.1589,84.7563,100
TJNR,7/27/2016,90,82,0.0001,67.6964,80.94539,88.9044
TJNR,7/28/2016,90,80,0.0001,67.5795,79.01961,87.8397
TJNR,7/29/2016,89,76,0.0001,65.5802,78.27261,96.4747
TJNR,7/30/2016,89,81,,65.5802,77.05783,90.4834
TJNR,7/31/2016,88,76,,77.3192,90.288086,97.0782
TJNR,8/1/2016,89,81,0.0001,72.08,81.81755,90.4834
TJNR,8/2/2016,89,80,,67.5795,78.19654,84.6941
TJNR,8/3/2016,89,76,0.0001,69.846,79.490364,90.4094
TJNR,8/4/2016,89,79,0.0001,70.049,80.93317,90.4094
TJNR,8/5/2016,85,75,0.0001,84.6941,92.980125,100
TJNR,8/6/2016,86,78,,80.0404,87.99402,97.1016
TJNR,8/7/2016,89,80,,70.44994,84.63509,93.7207
TJNR,8/8/2016,89,81,,70.049,83.03364,93.7476
TJNR,8/9/2016,88,80,,69.5389,79.781105,90.9823
TJNR,8/10/2016,88,75,,72.08,83.4566,97.0415
TJNR,8/11/2016,89,79,,67.5795,78.75908,90.9823
TJNR,8/12/2016,88,79,,69.5389,78.49235,87.2222
TJNR,8/13/2016,86,75.92,,79.6463,85.24634,97.0415
TJNR,8/14/2016,88,74,,76.6961,85.664764,87.8397
TJNR,8/15/2016,88,80,,69.846,77.839455,87.2222
TJNR,8/16/2016,88,78,0.0001,67.4378,76.24522,83.5503
TJNR,8/17/2016,88,81,0,74.6054,80.085815,87.8397
TJNR,8/18/2016,89,80,0.0001,70.049,81.4522,88.9044
TJNR,8/19/2016,89,81,0,67.5795,77.83206,84.7566
TJNR,8/20/2016,88,80,0,72.08,79.01399,84.6941
TJNR,8/21/2016,88,77,0.0001,71.9753,81.03361,93.0885
TJNR,8/22/2016,89,76,0.0001,69.7345,84.53689,100
TJNR,8/23/2016,87,75,0.0001,69.846,84.53451,100
TJNR,8/24/2016,86,76,,74.2799,87.28732,100
TJNR,8/25/2016,86,77,,77.231,86.15715,94.309654
TJNR,8/26/2016,86,76,,78.90113,89.3796,100
TJNR,8/27/2016,87,76,,69.846,87.47621,100
TJNR,8/28/2016,87,73,,74.5084,88.77892,100
TJNR,8/29/2016,89,76,,72.08,87.45598,100
TJNR,8/30/2016,89,80,,74.702,83.37514,91.052
TJNR,8/31/2016,88,81,,69.7345,79.420525,87.789
TJNR,9/1/2016,88,78,0.0001,70.049,80.41702,96.4901
TJNR,9/2/2016,88,78,0.0001,72.597,83.20307,97.0782
TJNR,9/3/2016,89,82,0,72.597,79.16717,85.314
TJNR,9/4/2016,89,82,0,72.08,78.37845,84.7566
TJNR,9/5/2016,87,77,0.0001,74.0652,81.34252,96.4747
TJNR,9/6/2016,89,78,,72.597,81.31561,96.4901
TJNR,9/7/2016,90,77,,63.3777,78.68256,93.6205
TJNR,9/8/2016,90,77,,61.1253,77.61572,93.6709
TJNR,9/9/2016,90,76,,70.049,82.216736,96.5182
TJNR,9/10/2016,90,76,,70.1589,87.546936,100
TJNR,9/11/2016,89,76,,67.5795,81.675575,97.0415
TJNR,9/12/2016,89,79,,70.049,79.96211,90.4094
TJNR,9/13/2016,90,77,,70.049,79.73314,87.789
TJNR,9/14/2016,89,75,,67.5795,72.33172,84.6417
TJNR,9/15/2016,89,75,,65.5802,79.22863,97.0415
TJNR,9/16/2016,89,75,,65.0834,79.77061,97.0415
TJNR,9/17/2016,89,74,,65.5802,79.871284,96.4461
TJNR,9/18/2016,88,77,,70.049,85.029495,100
TJNR,9/19/2016,90,76,,70.049,82.313644,100
TJNR,9/20/2016,89,76,,70.049,81.05416,96.4901
TJNR,9/21/2016,88,77,,72.08,87.9373,100
TJNR,9/22/2016,88,74,,72.597,89.26043,100
TJNR,9/23/2016,89,75,,67.5795,87.60466,100
TJNR,9/24/2016,89,76,,72.597,88.082,100
TJNR,9/25/2016,89,75,,67.5795,82.89167,100
TJNR,9/26/2016,89,76,,70.049,81.57915,97.0415
TJNR,9/27/2016,91,77,,72.2705,85.494354,100
TJNR,9/28/2016,90,78,0.12,72.08,79.99006,96.5182
TJNR,9/29/2016,87,80,0.02,67.3637,77.48014,90.9823
TJNR,9/30/2016,89,76,0.49,72.08,80.633385,90.3687
TJNR,10/1/2016,87,76,0.37,69.7345,81.58952,97.0782
TJNR,10/2/2016,88,77,0.27,74.5084,85.33292,100
TJNR,10/3/2016,85,75,0.71,80.0404,91.99994,100
TJNR,10/4/2016,89,77,0.19,77.1126,92.76582,100
TJNR,10/5/2016,87,78,0.02,82.4493,94.916954,100
TJNR,10/6/2016,88,79,0,76.9503,88.612976,100
TJNR,10/7/2016,88,78,0,72.08,84.463356,93.0885
TJNR,10/8/2016,88,73,0.79,77.231,91.89097,100
TJNR,10/9/2016,88,72,0.01,76.9503,91.19005,100
TJNR,10/10/2016,88,75,0.61,74.702,89.06019,100
TJNR,10/11/2016,87,75,1.32,82.4493,95.3883,100
TJNR,10/12/2016,87,75,0.04,74.6054,90.597466,100
TJNR,10/13/2016,87,75,0,79.6463,92.65259,100
TJNR,10/14/2016,88,76,0,74.702,92.05305,100
TJNR,10/15/2016,87,75,0.03,71.9753,85.9544,100
TJNR,10/16/2016,87,73,0,72.3041,89.47308,100
TJNR,10/17/2016,87,73,0,69.7345,85.95713,100
TJNR,10/18/2016,87,74,0.1,82.4493,92.970245,100
TJNR,10/19/2016,85,73,0.3,82.4493,93.35005,100
TJNR,10/20/2016,90,76,0.0001,72.2705,87.08453,100
TJNR,10/21/2016,91,74,0.02,65.925,85.255264,100
TJNR,10/22/2016,89,74,0.01,67.4817,87.10422,100
TJNR,10/23/2016,89,74,0,72.597,87.58438,100
TJNR,10/24/2016,88,74,0,67.4817,86.746826,100
TJNR,10/25/2016,84,75,0.17,77.068,93.95337,100
TJNR,10/26/2016,88,74,0.12,71.9753,87.0328,100
TJNR,10/27/2016,88,76,0.07,69.5389,88.29696,100
TJNR,10/28/2016,87,75,1.85,77.3192,95.35008,100
TJNR,10/29/2016,89,76,0.13,67.5795,90.750244,100
TJNR,10/30/2016,88,75,0,72.08,90.54675,100
TJNR,10/31/2016,87,73,0,65.3545,83.08739,100
TJNR,11/1/2016,,,0,,,
TJNR,11/2/2016,,,0,,,
TJNR,11/3/2016,,,0,,,
TJNR,11/4/2016,,,0,,,
TJNR,11/5/2016,,,0,,,
TJNR,11/6/2016,,,0,,,
TJNR,11/7/2016,,,0,,,
TJNR,11/8/2016,,,0,,,
TJNR,11/9/2016,,,0,,,
TJNR,11/10/2016,,,0,,,
TJNR,11/11/2016,,,0,,,
TJNR,11/12/2016,,,0,,,
TJNR,11/13/2016,,,0,,,
TJNR,11/14/2016,,,0,,,
TJNR,11/15/2016,,,0,,,
TJNR,11/16/2016,,,0,,,
TJNR,11/17/2016,,,0,,,
TJNR,11/18/2016,,,0,,,
TJNR,11/19/2016,,,0,,,
TJNR,11/20/2016,,,0,,,
TJNR,11/21/2016,81,73.4,0.58,84.5274,92.07345,100
TJNR,11/22/2016,85,74,0.49,76.6945,94.70379,100
TJNR,11/23/2016,86,75,0.29,74.3255,86.019485,100
TJNR,11/24/2016,86,77,0.22,74.4253,80.63218,92.9651
TJNR,11/25/2016,86,77,0,71.7319,79.21003,86.9497
TJNR,11/26/2016,85,77,0.04,69.5921,81.45375,90.2146
TJNR,11/27/2016,85,77,0,69.5921,77.06213,84.5762
TJNR,11/28/2016,81,68,0.61,75.924,92.822174,100
TJNR,11/29/2016,84,67,0,71.7771,88.25997,100
TJNR,11/30/2016,85,72,0.0001,76.6945,92.2318,100
TJNR,12/1/2016,86,73,0.36,94.1853,99.271126,100
TJNR,12/2/2016,85,74,0.4,80.1446,94.336174,100
TJNR,12/3/2016,85,74,0.13,76.6945,91.867165,100
TJNR,12/4/2016,85,72,0.01,71.7319,89.22198,100
TJNR,12/5/2016,84,73,0.03,79.3996,89.32905,100
TJNR,12/6/2016,85,77,0.01,72.3021,81.18978,88.8267
TJNR,12/7/2016,85,78,0.0001,71.7319,79.23588,90.2146
TJNR,12/8/2016,85,78,0,65.2575,74.04025,81.4174
TJNR,12/9/2016,87,78,0.0001,69.685555,80.16159,90.2911
TJNR,12/10/2016,86,77,0.02,69.5921,81.2778,94.1853
TJNR,12/11/2016,86,78,0.03,65.2665,76.898094,90.2146
TJNR,12/12/2016,86,77,0.04,69.6856,78.35842,87.4822
TJNR,12/13/2016,83,74,0.25,81.4174,87.82308,100
TJNR,12/14/2016,84,74,0.06,65.1306,78.55363,100
TJNR,12/15/2016,85,72,0.0001,60.8145,80.23783,100
TJNR,12/16/2016,85,73,0,74.3255,84.46324,100
TJNR,12/17/2016,85,72,0.43,69.5921,87.3506,100
TJNR,12/18/2016,83,73,0.06,71.9224,82.53349,97.0413
TJNR,12/19/2016,84,70,0.89,69.7129,81.22743,100
TJNR,12/20/2016,82,71,0.76,79.1019,86.44157,100
TJNR,12/21/2016,81,76,0,74.0689,79.24305,85.0877
TJNR,12/22/2016,83,76,0.0001,74.1517,79.807365,90.1721
TJNR,12/23/2016,83,75,0.04,77.1163,85.22092,94.143
TJNR,12/24/2016,84,74,0.13,72.1083,85.95136,100
TJNR,12/25/2016,83,75,0.03,71.9224,79.08247,90.1721
TJNR,12/26/2016,83,75,0.02,73.8834,78.11725,85.0877
TJNR,12/27/2016,83,72,0.21,74.1517,81.980675,90.7394
TJNR,12/28/2016,83,72,0,67.617,78.59766,96.9935
TJNR,12/29/2016,84,75,0.0001,67.617,78.727135,93.5059
TJNR,12/30/2016,83,69,0,67.059,80.791794,100
TJNR,12/31/2016,83,68,0.14,74.2434,86.67637,100
TJNR,1/1/2017,82,75,0,62.2774,77.503006,90.3998
TJNR,1/2/2017,82,72,0.18,71.7771,85.08785,100
TJNR,1/3/2017,82,71,0.03,69.2776,83.55108,93.7715
TJNR,1/4/2017,82,70,0.01,62.2774,80.883125,100
TJNR,1/5/2017,83,68,0,69.2776,84.29355,100
TJNR,1/6/2017,83,74,0.19,71.7771,82.20375,93.7942
TJNR,1/7/2017,83,75,0.11,74.1517,82.27795,93.5294
TJNR,1/8/2017,83,72,0.0001,65.1306,84.90129,100
TJNR,1/9/2017,81,71,0.06,74.1517,88.06235,100
TJNR,1/10/2017,82,72,0.16,71.3451,83.33947,100
TJNR,1/11/2017,80,72,0.04,66.6044,76.64852,90.3233
TJNR,1/12/2017,80,72,0.0001,46.6972,65.354,83.9864
TJNR,1/13/2017,82,69,0.09,66.6173,79.50441,100
TJNR,1/14/2017,82,73,0.03,69.1824,78.672646,90.9743
TJNR,1/15/2017,81,71,0.1,64.6867,74.54798,87.6289
TJNR,1/16/2017,82,71,0.03,62.2774,73.5034,93.4268
TJNR,1/17/2017,82,71,0.12,62.2774,78.90465,93.7715
TJNR,1/18/2017,81,63,0.11,62.1666,79.483574,96.9935
TJNR,1/19/2017,80,61,0,57.9792,83.05599,100
TJNR,1/20/2017,80,62,0.0001,66.3909,84.44991,100
TJNR,1/21/2017,82,62,0,60.365,83.00436,100
TJNR,1/22/2017,80,64,0,64.136,84.500404,100
TJNR,1/23/2017,82,63,0,64.6867,82.043335,100
TJNR,1/24/2017,85,72,0,71.7319,81.49993,96.9935
TJNR,1/25/2017,84,64,0,65.2575,77.50996,100
TJNR,1/26/2017,83,67,0,53.9536,69.24783,87.0332
TJNR,1/27/2017,82,67,0.0001,71.3451,85.72219,100
TJNR,1/28/2017,84,66,0.0001,67.617,86.83529,100
TJNR,1/29/2017,84,74,0.02,69.7129,82.730835,96.381
TJNR,1/30/2017,83,72,0.1,74.1149,86.42696,96.6781
TJNR,1/31/2017,84,70,0,69.7129,86.021286,100
TJNR,2/1/2017,84,75,0,69.5921,78.37617,87.7251
TJNR,2/2/2017,84,73,0.06,71.7319,85.078445,100
TJNR,2/3/2017,84,73,0,71.3451,82.43478,96.381
TJNR,2/4/2017,85,74,0.0001,69.7129,81.93193,94.1002
TJNR,2/5/2017,84,76,0,65.1306,79.64117,87.7251
TJNR,2/6/2017,85,73,0.04,69.7103,82.17864,93.7715
TJNR,2/7/2017,84,72,0.1,69.7129,81.37539,100
TJNR,2/8/2017,85,72,0.02,69.5921,80.48103,93.7715
TJNR,2/9/2017,88,72,0.0001,60.9237,76.090965,90.3233
TJNR,2/10/2017,86,72,0,56.2374,74.55587,93.7715
TJNR,2/11/2017,86,78,0,54.7712,66.67166,73.8834
TJNR,2/12/2017,85,74,0.0001,60.283,71.4733,87.6289
TJNR,2/13/2017,85,69,0.01,62.8578,80.1324,96.9686
TJNR,2/14/2017,86,69,0,54.8943,72.162025,87.5852
TJNR,2/15/2017,87,66,0,51.2104,72.94611,93.2642
TJNR,2/16/2017,88,68,0,52.9941,76.561226,96.2753
TJNR,2/17/2017,87,67,0,51.2104,75.84941,93.3733
TJNR,2/18/2017,86,66,0,58.5494,77.63599,96.9293
TJNR,2/19/2017,84,70,0.0001,65.0262,78.538086,90.3233
TJNR,2/20/2017,87,69,0,47.7338,75.10756,93.4028
TJNR,2/21/2017,86,70,0.01,47.9135,65.736626,86.5897
TJNR,2/22/2017,87,67,0.04,46.2549,71.08343,90.9743
TJNR,2/23/2017,85,71,0.08,60.8145,83.789665,93.7942
TJNR,2/24/2017,88,70,0.0001,54.7712,74.65036,93.4268
TJNR,2/25/2017,87,68,0.04,58.9508,78.79719,92.7057
TJNR,2/26/2017,87,72,0.0001,61.2014,74.92755,93.4268
TJNR,2/27/2017,88,74,0.02,55.1936,73.30208,90.3998
TJNR,2/28/2017,87,75,0.14,61.2014,73.44672,82.0334
TJNR,3/1/2017,89,76,0.11,53.6385,70.96511,87.7251
TJNR,3/2/2017,88,77,0.0001,56.9191,68.277725,76.6215
TJNR,3/3/2017,88,72,0.01,51.3668,64.940475,79.4743
TJNR,3/4/2017,89,77,0.06,57.4271,70.340965,79.1019
TJNR,3/5/2017,87,77,0.0001,54.8943,66.17103,73.8834
TJNR,3/6/2017,83,74,0.28,69.0655,78.31786,90.9743
TJNR,3/7/2017,77,73,0.43,64.2136,78.66012,94.1002
TJNR,3/8/2017,84,73,0.02,49.5088,65.06659,81.1965
TJNR,3/9/2017,86,76,0.06,57.0181,69.608696,87.7251
TJNR,3/10/2017,86,77,0.04,59.2136,69.97446,79.1711
TJNR,3/11/2017,87,74,0,55.1936,70.31704,82.0334
TJNR,3/12/2017,87,78,0,51.3668,70.61399,81.5538
TJNR,3/13/2017,87,77,0.0001,57.1638,68.807945,76.7909
TJNR,3/14/2017,87,77,0,57.1638,68.80325,76.1931
TJNR,3/15/2017,88,77,0,51.1676,69.49331,79.0168
TJNR,3/16/2017,87,77,0.03,61.2014,70.64111,82.0334
TJNR,3/17/2017,87,78,0,52.9941,67.15137,76.7909
TJNR,3/18/2017,87,76,0.28,61.2014,72.33385,87.7251
TJNR,3/19/2017,86,73,0.01,63.1562,76.456474,90.7394
TJNR,3/20/2017,87,73,0.01,63.0984,79.70187,96.6781
TJNR,3/21/2017,86,73,0.03,62.8578,78.706116,97.0169
TJNR,3/22/2017,87,75,0.04,67.6068,78.51932,96.381
TJNR,3/23/2017,87,74,0.21,69.6856,86.75654,97.0169
TJNR,3/24/2017,82,74,0.02,76.5262,88.70964,97.0169
TJNR,3/25/2017,83,73,0.04,74.2434,85.68356,96.381
TJNR,3/26/2017,83,75,0.06,76.5262,86.476456,93.5579
TJNR,3/27/2017,88,75,0,64.9547,80.37862,93.5579
TJNR,3/28/2017,88,73,0.01,60.9237,80.85638,96.6781
TJNR,3/29/2017,89,71,0.0001,60.9662,83.08299,96.3227
TJNR,3/30/2017,86,74,0,61.0647,71.53253,87.6819
TJNR,3/31/2017,86,73,0,56.5063,66.4091,87.5852
TJNR,4/1/2017,87,73,0.0001,67.2733,83.76794,97.0413
TJNR,4/2/2017,88,73,0,67.2733,81.230896,97.0413
TJNR,4/3/2017,86,77,0.0001,65.2665,76.17181,90.1721
TJNR,4/4/2017,86,77,0,59.2136,68.65144,79.0168
TJNR,4/5/2017,87,77,0,55.0443,67.16121,79.0168
TJNR,4/6/2017,87,75,0.0001,59.0921,70.504105,87.6819
TJNR,4/7/2017,87,77,0,58.9508,70.15364,79.1711
TJNR,4/8/2017,88,72,0,63.0171,77.37603,90.9743
TJNR,4/9/2017,87,74,0,63.0984,76.53661,93.5059
TJNR,4/10/2017,86,76,0.05,67.2733,80.05847,90.7394
TJNR,4/11/2017,84,72,0.41,62.6152,75.737915,96.6781
TJNR,4/12/2017,,,0.03,,,
TJNR,4/13/2017,,,0.01,,,
TJNR,4/14/2017,,,0,,,
TJNR,4/15/2017,,,0,,,
TJNR,4/16/2017,,,0.59,,,
TJNR,4/17/2017,,,1.58,,,
TJNR,4/18/2017,,,0.0001,,,
TJNR,4/19/2017,,,0.0001,,,
TJNR,4/20/2017,,,0,,,
TJNR,4/21/2017,,,0.0001,,,
TJNR,4/22/2017,,,0,,,
TJNR,4/23/2017,,,0.34,,,
TJNR,4/24/2017,84,78.1,1.07,79.3996,84.822296,96.4264
TJNR,4/25/2017,87,77,0.0001,71.9274,85.87446,100
TJNR,4/26/2017,87,78,0.03,67.6068,81.86803,90.2491
TJNR,4/27/2017,85,77,0,67.2803,79.54775,87.5789
TJNR,4/28/2017,87,78,0.0001,65.2665,81.47803,90.2491
TJNR,4/29/2017,83,73,0.59,79.4675,89.08875,100
TJNR,4/30/2017,81,73,0.45,79.0579,87.48683,100
TJNR,5/1/2017,85,74,0.26,74.3255,85.21,93.5294
TJNR,5/2/2017,85,74,0.03,67.617,78.893364,93.5059
TJNR,5/3/2017,86,76,0.01,65.2575,79.35754,90.2146
TJNR,5/4/2017,86,78,0,71.9274,81.83111,87.5789
TJNR,5/5/2017,85,78,0.0001,71.7319,79.86828,87.5789
TJNR,5/6/2017,85,77,0,69.5921,78.542435,90.1721
TJNR,5/7/2017,85,76,0.0001,69.5921,79.670456,90.7394
TJNR,5/8/2017,85,76,0.03,67.6068,81.26253,93.5294
TJNR,5/9/2017,84,73,0.77,76.5262,92.78962,100
TJNR,5/10/2017,83,73,0.13,79.4675,94.66415,100
TJNR,5/11/2017,83,73,0.07,79.3996,91.73782,100
TJNR,5/12/2017,84,72,0.0001,72.1083,84.83357,100
TJNR,5/13/2017,85,71,0.01,76.6945,87.656975,100
TJNR,5/14/2017,86,77,0.0001,77.2806,86.339836,93.6373
TJNR,5/15/2017,87,79,0.0001,74.6054,86.64724,97.0785
TJNR,5/16/2017,88,79,0,69.4484,82.981735,93.6373
TJNR,5/17/2017,87,79,0,69.4484,80.88964,90.2911
TJNR,5/18/2017,86,78,0,74.4253,82.155075,87.5789
TJNR,5/19/2017,87,77,0,65.2665,80.020424,90.2146
TJNR,5/20/2017,86,77,0.0001,71.7319,83.06398,92.9651
TJNR,5/21/2017,87,77,0,74.6054,83.57519,93.5579
TJNR,5/22/2017,87,78,0.0001,69.4484,81.62872,93.6093
TJNR,5/23/2017,88,79,0,69.7993,79.84349,87.05
TJNR,5/24/2017,88,80,0,71.9274,79.906746,87.05
TJNR,5/25/2017,87,79,0.0001,64.9547,77.29107,87.05
TJNR,5/26/2017,87,79,0,69.7993,77.22426,84.4745
TJNR,5/27/2017,88,77,0.03,67.2733,79.07037,93.5579
TJNR,5/28/2017,87,77,0.0001,64.9547,80.17453,90.2911
TJNR,5/29/2017,87,76,0.85,71.9274,85.06536,100
TJNR,5/30/2017,86,76,0.4,76.6945,86.1773,97.0785
TJNR,5/31/2017,85,75,0.52,74.4253,86.19389,100
TJNR,6/1/2017,86,79,0,67.2733,74.84043,84.4745
TJNR,6/2/2017,86,75,0.28,69.6856,84.05765,100
TJNR,6/3/2017,87,78,0.0001,71.9274,82.90721,90.9237
TJNR,6/4/2017,88,79,0.01,76.9519,86.59913,97.0785
TJNR,6/5/2017,87,80,0,71.9274,80.19796,90.2911
TJNR,6/6/2017,87,80,0,67.2733,76.56071,82.0264
TJNR,6/7/2017,87,77,0.03,66.3535,77.38239,93.5579
TJNR,6/8/2017,84,75,1.16,79.55,92.21922,100
TJNR,6/9/2017,88,75,0.11,76.6945,89.28557,100
TJNR,6/10/2017,86,75,0.38,74.6054,85.31109,100
TJNR,6/11/2017,86,76,0.05,69.5921,78.70853,97.0413
TJNR,6/12/2017,86,76,,71.7319,73.436646,77.1163
TJNR,6/13/2017,87.1,82,0,74.5066,75.50945,76.5262
TJNR,6/14/2017,88,81,0.03,72.5989,80.7459,87.6745
TJNR,6/15/2017,87,80,0,69.4484,80.48524,90.2911
TJNR,6/16/2017,87,80,0,71.9274,77.701866,84.5274
TJNR,6/17/2017,87,79,0.0001,71.7319,77.32113,82.0264
TJNR,6/18/2017,87,78,0.04,67.2733,76.44911,87.5789
TJNR,6/19/2017,88,74,0.15,74.5066,85.97309,96.381
TJNR,6/20/2017,88,80,0.0001,70.0046,81.8998,90.9237
TJNR,6/21/2017,86,78,0.21,69.5921,79.02728,92.9651
TJNR,6/22/2017,87,79,0,67.2733,75.71193,84.4095
TJNR,6/23/2017,86,75,0.63,72.1083,81.720726,97.0413
TJNR,6/24/2017,87,77,0.02,71.9274,81.11643,90.2146
TJNR,6/25/2017,88,74,0.34,72.0341,83.34927,100
TJNR,6/26/2017,87,74,0.06,77.3703,87.18274,100
TJNR,6/27/2017,87,79,0,77.3703,83.17946,90.2911
TJNR,6/28/2017,87,77,0.1,77.2806,83.93659,90.2491
TJNR,6/29/2017,86,76,0.13,76.6945,84.10972,100
TJNR,6/30/2017,88,77,0,72.0341,83.99809,96.4104
TJNR,7/1/2017,87,79,0.16,69.799286,82.167366,94.26866
TJNR,7/2/2017,88,77,0.36,70.26737,82.070465,96.42644
TJNR,7/3/2017,87,80,0,66.35352,79.518036,84.866806
TJNR,7/4/2017,86,77,0.22,77.2806,88.35038,100
TJNR,7/5/2017,87,78,0.03,66.35352,83.23588,100
TJNR,7/6/2017,88,80,0.02,62.467205,74.588875,84.4745
TJNR,7/7/2017,87,77,0.18,70.26737,80.635796,90.2911
TJNR,7/8/2017,87,76,0.1,70.26737,81.077034,96.42644
TJNR,7/9/2017,88,74,0.86,70.26737,85.721634,100
TJNR,7/10/2017,88,76,0,58.781776,80.059105,94.18534
TJNR,7/11/2017,89,75,0.0001,66.35352,83.01187,96.38104
TJNR,7/12/2017,87,76,0.03,62.467205,80.30146,94.14301
TJNR,7/13/2017,88,76,1.06,74.6054,86.57148,96.41042
TJNR,7/14/2017,88,80,0.02,70.00456,79.43937,88.90445
TJNR,7/15/2017,88,82,0.0001,70.44994,79.77196,84.866806
TJNR,7/16/2017,88,79,0.03,66.35352,77.75926,84.866806
TJNR,7/17/2017,88,74,0.46,66.35352,80.146385,100
TJNR,7/18/2017,88,80,0.0001,70.00456,80.97701,88.90445
TJNR,7/19/2017,89,81,0.01,66.35352,76.21388,88.90445
TJNR,7/20/2017,87,80,0.05,66.35352,77.05428,88.90445
TJNR,7/21/2017,89,81,0.01,66.35352,77.89953,88.90445
TJNR,7/22/2017,88,81,0.0001,74.76602,82.94423,90.6607
TJNR,7/23/2017,89,77,0.01,70.00456,80.89178,94.309654
TJNR,7/24/2017,89,81,0.0001,66.35352,77.90306,88.90445
TJNR,7/25/2017,88,76,0.32,70.44994,81.58789,96.41042
TJNR,7/26/2017,88,77,0.83,74.44338,84.31562,96.42644
TJNR,7/27/2017,89,77,0.1,66.35352,83.299774,100
TJNR,7/28/2017,89,78,0.04,70.44994,85.913895,100
TJNR,7/29/2017,90,76,0.0001,66.35352,82.47398,100
TJNR,7/30/2017,88,76,0.17,62.467205,80.50871,100
TJNR,7/31/2017,89,76,0.22,66.35352,80.78045,100
TJNR,8/1/2017,90,82,0.01,72.0341,78.49259,88.1039
TJNR,8/2/2017,88,80,0.19,71.9274,82.13327,96.4553
TJNR,8/3/2017,89,83,0,70.0046,79.03501,85.4809
TJNR,8/4/2017,89,78,0.0001,72.0341,81.81786,96.4264
TJNR,8/5/2017,90,81,0,67.611,80.36171,94.2687
TJNR,8/6/2017,89,76,0,63.1246,74.881096,90.7394
TJNR,8/7/2017,90,75,0,67.611,79.308075,97.0413
TJNR,8/8/2017,88,75,0.0001,69.6856,77.42651,90.3998
TJNR,8/9/2017,89,79,0.34,72.5989,81.85322,96.4553
TJNR,8/10/2017,89,79,0,67.3937,78.905876,90.2911
TJNR,8/11/2017,91,75,0.0001,60.9662,82.56853,100
TJNR,8/12/2017,90,77,0.05,65.184,81.52286,96.4264
TJNR,8/13/2017,91,81,0.0001,67.4917,78.42938,88.012
TJNR,8/14/2017,90,79,0.12,67.611,80.276215,93.66
TJNR,8/15/2017,90,82,0.0001,68.1568,78.62559,88.0535
TJNR,8/16/2017,89,79,0.09,72.0341,80.558174,90.2911
TJNR,8/17/2017,86,74,2.64,79.4675,89.957924,100
TJNR,8/18/2017,89,81,0.0001,67.4917,77.83006,87.6745
TJNR,8/19/2017,89,80,0.07,72.2268,84.10564,93.66
TJNR,8/20/2017,87,75,1.76,79.4675,93.04899,100
TJNR,8/21/2017,89,77,0.01,72.2268,80.54508,100
TJNR,8/22/2017,89,81,0,72.5989,81.14244,90.9237
TJNR,8/23/2017,89,76,0,63.1246,80.024445,97.0413
TJNR,8/24/2017,90,79,0.02,72.2268,82.280914,94.3097
TJNR,8/25/2017,90,82,0.02,68.1568,80.8697,90.6607
TJNR,8/26/2017,90,79,0.14,67.611,78.156876,90.9237
TJNR,8/27/2017,88,75,0.24,74.6054,86.810616,97.0785
TJNR,8/28/2017,88,77,0.45,74.7037,86.22642,100
TJNR,8/29/2017,90,76,0,65.184,82.26404,100
TJNR,8/30/2017,90,82,0,65.184,76.43992,85.4809
TJNR,8/31/2017,90,81,0,65.184,75.033714,82.0264
TJNR,9/1/2017,91,79,0.01,65.184,74.823586,90.2491
TJNR,9/2/2017,89,80,0.14,67.4917,78.913055,88.1039
TJNR,9/3/2017,90,77,0.24,67.611,83.59583,100
TJNR,9/4/2017,90,77,0.0001,70.1166,80.49808,96.4264
TJNR,9/5/2017,90,79,0.35,70.1166,84.30971,97.0785
TJNR,9/6/2017,84,74,3.78,82.4262,89.43746,97.0785
TJNR,9/7/2017,84.9,80.1,0,84.9808,87.746956,90.9237
TJNR,9/8/2017,,,,,,
TJNR,9/9/2017,89,80,0.02,,,
TJNR,9/10/2017,89,75,0.1,,,
TJNR,9/11/2017,89,79,0.14,74.76602,82.97373,88.012
TJNR,9/12/2017,89,77,0,67.4917,80.235916,90.2911
TJNR,9/13/2017,90,78,0.15,70.1166,83.53324,97.0785
TJNR,9/14/2017,88,76,0.81,81.8915,91.27804,100
TJNR,9/15/2017,85,76,0.01,69.6856,85.8869,97.0413
TJNR,9/16/2017,88,79,0.23,71.9274,82.37273,97.0785
TJNR,9/17/2017,90,79,0.01,67.611,83.98041,96.4553
TJNR,9/18/2017,88,78,0.07,72.5989,83.0971,94.2272
TJNR,9/19/2017,86,77,0.79,79.4675,86.814186,94.18534
TJNR,9/20/2017,79,79,0.11,,,
TJNR,9/21/2017,,,,,,
TJNR,9/22/2017,,,,,,
TJNR,9/23/2017,,,,,,
TJNR,9/24/2017,,,,,,
TJNR,9/25/2017,,,,,,
TJNR,9/26/2017,,,,,,
TJNR,9/27/2017,,,,,,
TJNR,9/28/2017,,,,,,
TJNR,9/29/2017,,,,,,
TJNR,9/30/2017,,,,,,
TJNR,10/1/2017,,,,,,
TJNR,10/2/2017,,,,,,
TJNR,10/3/2017,,,,,,
TJNR,10/4/2017,,,,,,
TJNR,10/5/2017,,,,,,
TJNR,10/6/2017,,,,,,
TJNR,10/7/2017,,,,,,
TJNR,10/8/2017,,,,,,
TJNR,10/9/2017,,,,,,
TJNR,10/10/2017,,,,,,
TJNR,10/11/2017,,,,,,
TJNR,10/12/2017,,,,,,
TJNR,10/13/2017,,,,,,
TJNR,10/14/2017,,,,,,
TJNR,10/15/2017,,,,,,
TJNR,10/16/2017,,,,,,
TJNR,10/17/2017,,,,,,
TJNR,10/18/2017,,,,,,
TJNR,10/19/2017,,,,,,
TJNR,10/20/2017,,,,,,
TJNR,10/21/2017,,,,,,
TJNR,10/22/2017,,,,,,
TJNR,10/23/2017,,,,,,
TJNR,10/24/2017,,,,,,
TJNR,10/25/2017,,,,,,
TJNR,10/26/2017,,,,,,
TJNR,10/27/2017,,,,,,
TJNR,10/28/2017,,,,,,
TJNR,10/29/2017,,,,,,
TJNR,10/30/2017,,,,,,
TJNR,10/31/2017,,,,,,
TJNR,11/1/2017,,,,,,
TJNR,11/2/2017,,,,,,
TJNR,11/3/2017,,,,,,
TJNR,11/4/2017,,,,,,
TJNR,11/5/2017,,,,,,
TJNR,11/6/2017,,,,,,
TJNR,11/7/2017,,,,,,
TJNR,11/8/2017,,,,,,
TJNR,11/9/2017,,,,,,
TJNR,11/10/2017,,,,,,
TJNR,11/11/2017,,,,,,
TJNR,11/12/2017,,,,,,
TJNR,11/13/2017,,,,,,
TJNR,11/14/2017,,,,,,
TJNR,11/15/2017,,,,,,
TJNR,11/16/2017,,,,,,
TJNR,11/17/2017,,,,,,
TJNR,11/18/2017,,,,,,
TJNR,11/19/2017,,,,,,
TJNR,11/20/2017,,,,,,
TJNR,11/21/2017,,,,,,
TJNR,11/22/2017,,,,,,
TJNR,11/23/2017,,,,,,
TJNR,11/24/2017,,,,,,
TJNR,11/25/2017,,,,,,
TJNR,11/26/2017,,,,,,
TJNR,11/27/2017,,,,,,
TJNR,11/28/2017,,,,,,
TJNR,11/29/2017,,,,,,
TJNR,11/30/2017,,,,,,
TJNR,12/1/2017,,,,,,
TJNR,12/2/2017,,,,,,
TJNR,12/3/2017,,,,,,
TJNR,12/4/2017,,,,,,
TJNR,12/5/2017,,,,,,
TJNR,12/6/2017,,,,,,
TJNR,12/7/2017,,,,,,
TJNR,12/8/2017,,,,,,
TJNR,12/9/2017,,,,,,
TJNR,12/10/2017,,,,,,
TJNR,12/11/2017,,,,,,
TJNR,12/12/2017,,,,,,
TJNR,12/13/2017,,,,,,
TJNR,12/14/2017,,,,,,
TJNR,12/15/2017,,,,,,
TJNR,12/16/2017,,,,,,
TJNR,12/17/2017,,,,,,
TJNR,12/18/2017,,,,,,
TJNR,12/19/2017,,,,,,
TJNR,12/20/2017,,,,,,
TJNR,12/21/2017,,,,,,
TJNR,12/22/2017,,,,,,
TJNR,12/23/2017,,,,,,
TJNR,12/24/2017,,,,,,
TJNR,12/25/2017,,,,,,
TJNR,12/26/2017,,,,,,
TJNR,12/27/2017,,,,,,
TJNR,12/28/2017,,,,,,
TJNR,12/29/2017,,,,,,
TJNR,12/30/2017,,,,,,
TJNR,12/31/2017,,,,,,
TJNR,1/1/2018,,,,,,
TJNR,1/2/2018,,,,,,
TJNR,1/3/2018,,,,,,
TJNR,1/4/2018,,,,,,
TJNR,1/5/2018,,,,,,
TJNR,1/6/2018,,,,,,
TJNR,1/7/2018,,,,,,
TJNR,1/8/2018,,,,,,
TJNR,1/9/2018,,,,,,
TJNR,1/10/2018,,,,,,
TJNR,1/11/2018,,,,,,
TJNR,1/12/2018,,,,,,
TJNR,1/13/2018,,,,,,
TJNR,1/14/2018,,,,,,
TJNR,1/15/2018,,,,,,
TJNR,1/16/2018,,,,,,
TJNR,1/17/2018,,,,,,
TJNR,1/18/2018,,,,,,
TJNR,1/19/2018,,,,,,
TJNR,1/20/2018,,,,,,
TJNR,1/21/2018,,,,,,
TJNR,1/22/2018,,,,,,
TJNR,1/23/2018,,,,,,
TJNR,1/24/2018,,,,,,
TJNR,1/25/2018,,,,,,
TJNR,1/26/2018,,,,,,
TJNR,1/27/2018,,,,,,
TJNR,1/28/2018,,,,,,
TJNR,1/29/2018,,,,,,
TJNR,1/30/2018,,,,,,
TJNR,1/31/2018,,,,,,
TJNR,2/1/2018,,,,,,
TJNR,2/2/2018,,,,,,
TJNR,2/3/2018,,,,,,
TJNR,2/4/2018,,,,,,
TJNR,2/5/2018,,,,,,
TJNR,2/6/2018,,,,,,
TJNR,2/7/2018,,,,,,
TJNR,2/8/2018,,,,,,
TJNR,2/9/2018,,,,,,
TJNR,2/10/2018,,,,,,
TJNR,2/11/2018,,,,,,
TJNR,2/12/2018,,,,,,
TJNR,2/13/2018,,,,,,
TJNR,2/14/2018,,,,,,
TJNR,2/15/2018,,,,,,
TJNR,2/16/2018,,,,,,
TJNR,2/17/2018,,,,,,
TJNR,2/18/2018,,,,,,
TJNR,2/19/2018,,,,,,
TJNR,2/20/2018,,,,,,
TJNR,2/21/2018,,,,,,
TJNR,2/22/2018,,,,,,
TJNR,2/23/2018,,,,,,
TJNR,2/24/2018,,,,,,
TJNR,2/25/2018,,,,,,
TJNR,2/26/2018,,,,,,
TJNR,2/27/2018,,,,,,
TJNR,2/28/2018,,,,,,
TJNR,3/1/2018,,,,,,
TJNR,3/2/2018,,,,,,
TJNR,3/3/2018,,,,,,
TJNR,3/4/2018,,,,,,
TJNR,3/5/2018,,,,,,
TJNR,3/6/2018,,,,,,
TJNR,3/7/2018,,,,,,
TJNR,3/8/2018,,,,,,
TJNR,3/9/2018,,,,,,
TJNR,3/10/2018,,,,,,
TJNR,3/11/2018,,,,,,
TJNR,3/12/2018,,,,,,
TJNR,3/13/2018,,,,,,
TJNR,3/14/2018,,,,,,
TJNR,3/15/2018,,,,,,
TJNR,3/16/2018,,,,,,
TJNR,3/17/2018,,,,,,
TJNR,3/18/2018,,,,,,
TJNR,3/19/2018,,,,,,
TJNR,3/20/2018,,,,,,
TJNR,3/21/2018,,,,,,
TJNR,3/22/2018,,,,,,
TJNR,3/23/2018,,,,,,
TJNR,3/24/2018,,,,,,
TJNR,3/25/2018,,,,,,
TJNR,3/26/2018,,,,,,
TJNR,3/27/2018,,,,,,
TJNR,3/28/2018,,,,,,
TJNR,3/29/2018,,,,,,
TJNR,3/30/2018,,,,,,
TJNR,3/31/2018,,,,,,
TJNR,4/1/2018,,,,,,
TJNR,4/2/2018,,,,,,
TJNR,4/3/2018,,,,,,
TJNR,4/4/2018,,,,,,
TJNR,4/5/2018,,,,,,
TJNR,4/6/2018,,,,,,
TJNR,4/7/2018,,,,,,
TJNR,4/8/2018,,,,,,
TJNR,4/9/2018,,,,,,
TJNR,4/10/2018,,,,,,
TJNR,4/11/2018,,,,,,
TJNR,4/12/2018,,,,,,
TJNR,4/13/2018,,,,,,
TJNR,4/14/2018,,,,,,
TJNR,4/15/2018,,,,,,
TJNR,4/16/2018,,,,,,
TJNR,4/17/2018,,,,,,
TJNR,4/18/2018,,,0.02,,,
TJNR,4/19/2018,,,0,,,
TJNR,4/20/2018,,,0.16,,,
TJNR,4/21/2018,,,0.02,,,
TJNR,4/22/2018,,,0.21,,,
TJNR,4/23/2018,,,0,,,
TJNR,4/24/2018,84,78.1,0,76.3647,77.01685,79.1711
TJNR,4/25/2018,86,77,0.0001,63.395924,81.15657,94.22723
TJNR,4/26/2018,86,75,0.44,77.28062,92.53942,100
TJNR,4/27/2018,86,77,0.0001,67.6068,79.72513,90.21457
TJNR,4/28/2018,86,77,0,69.685555,76.804596,84.35599
TJNR,4/29/2018,86,78,0,63.395924,75.41071,81.89149
TJNR,4/30/2018,86,76,0.22,61.20137,78.597946,93.52941
TJNR,5/1/2018,85,75,0.36,74.42529,90.35575,100
TJNR,5/2/2018,86,76,0.0001,67.280304,79.737785,96.41042
TJNR,5/3/2018,85,73,0.06,76.69446,91.98168,100
TJNR,5/4/2018,86,73,0.19,76.69446,89.09323,100
TJNR,5/5/2018,86,75,0.13,76.69446,84.462555,100
TJNR,5/6/2018,86,75,0.1,69.685555,80.895615,100
TJNR,5/7/2018,85,75,0.01,69.59207,79.47524,93.55792
TJNR,5/8/2018,85,71,0.16,69.59207,82.26367,100
TJNR,5/9/2018,85,76,0.0001,71.73187,81.297714,100
TJNR,5/10/2018,85,77,0,65.257545,76.76116,87.48222
TJNR,5/11/2018,85,75,0.18,69.59207,79.93693,93.52941
TJNR,5/12/2018,86,76,0.2,63.395924,81.01428,96.42644
TJNR,5/13/2018,85,78,0.0001,69.685555,79.73892,92.96513
TJNR,5/14/2018,86,76,0.02,71.73187,80.728035,93.52941
TJNR,5/15/2018,86,78,0,62.857838,75.0448,84.40946
TJNR,5/16/2018,86,75,0.03,67.6068,78.53023,93.55792
TJNR,5/17/2018,86,77,0.0001,69.685555,77.285835,86.949745
TJNR,5/18/2018,86,75,0.05,67.27328,82.12322,93.55792
TJNR,5/19/2018,86,76,0.02,71.92741,80.55957,90.21457
TJNR,5/20/2018,86,77,0.01,69.685555,79.83126,87.5789
TJNR,5/21/2018,85,77,0.09,74.325455,84.66385,90.29109
TJNR,5/22/2018,87,78,0,72.30214,79.04323,90.21457
TJNR,5/23/2018,87,78,0.0001,71.92741,80.85558,87.050026
TJNR,5/24/2018,87,79,0,71.92741,81.498405,90.29109
TJNR,5/25/2018,87,76,0.12,71.92741,83.03924,92.96513
TJNR,5/26/2018,87,75,0.14,87.5789,93.720894,100
TJNR,5/27/2018,87,77,0,79.77991,88.46886,96.45527
TJNR,5/28/2018,80,79,0.01,76.69446,91.01848,100
TJNR,5/29/2018,,,,,,
TJNR,5/30/2018,,,,,,
TJNR,5/31/2018,87,79,0,,,
TJNR,6/1/2018,87,79,0,84.52736,84.7909,87.6745
TJNR,6/2/2018,88,79,0.01,71.92741,85.67812,93.637276
TJNR,6/3/2018,88,78,0,63.01707,83.48258,96.42644
TJNR,6/4/2018,88,76,0,59.092064,78.09893,97.04129
TJNR,6/5/2018,88,78,0,65.26648,78.388985,86.949745
TJNR,6/6/2018,88,80,0,74.703735,84.681946,90.92372
TJNR,6/7/2018,89,80,0.0001,65.49481,79.81126,87.6745
TJNR,6/8/2018,88,78,0.03,69.448425,81.185104,93.637276
TJNR,6/9/2018,88,76,0.01,69.448425,79.83093,96.41042
TJNR,6/10/2018,88,75,0.17,72.03415,82.74655,100
TJNR,6/11/2018,88,77,0.22,69.448425,81.08886,100
TJNR,6/12/2018,88,80,0,74.703735,84.460945,93.637276
TJNR,6/13/2018,88,81,0,72.03415,82.17744,94.26866
TJNR,6/14/2018,89,80,0,67.49169,79.01169,87.6745
TJNR,6/15/2018,89,78,0.0001,63.01707,75.99331,84.52736
TJNR,6/16/2018,89,79,0,61.241543,78.59518,90.92372
TJNR,6/17/2018,90,80,0,70.00456,82.56407,93.637276
TJNR,6/18/2018,90,76,0.31,70.26737,89.28577,100
TJNR,6/19/2018,88,75,0.55,76.95193,91.943016,100
TJNR,6/20/2018,85,77,0.41,74.50657,94.07979,100
TJNR,6/21/2018,86,74,0,71.73187,85.114845,100
TJNR,6/22/2018,87,75,0.04,74.60542,87.5621,100
TJNR,6/23/2018,81,72,2.08,87.6745,96.183174,100
TJNR,6/24/2018,86,78,0.1,74.50657,86.98152,100
TJNR,6/25/2018,86,79,0.0001,76.69446,84.4601,90.92372
TJNR,6/26/2018,87,80,0,79.549965,86.51436,90.92372
TJNR,6/27/2018,86,80,0.01,77.28062,86.722206,93.992455
TJNR,6/28/2018,85,78,0,74.50657,86.11645,92.96513
TJNR,6/29/2018,86,80,0,77.3703,84.810265,93.66005
TJNR,6/30/2018,87,80,0.0001,74.50657,83.135864,93.637276
TJNR,7/1/2018,86,79,0.0001,74.50657,84.00732,90.29109
TJNR,7/2/2018,86,79,0,74.50657,88.29117,97.07845
TJNR,7/3/2018,87,79,0,69.799286,83.10827,93.637276
TJNR,7/4/2018,87,80,0,74.50657,82.95564,94.26866
TJNR,7/5/2018,86,79,0.04,79.46747,86.2518,94.26866
TJNR,7/6/2018,87,79,0,67.6068,82.18691,94.26866
TJNR,7/7/2018,87,80,0.04,71.92741,82.94306,100
TJNR,7/8/2018,87,79,0.06,77.3703,90.82313,100
TJNR,7/9/2018,81,74,0.62,96.45527,99.769806,100
TJNR,7/10/2018,85,76,0.1,82.498085,91.12731,100
TJNR,7/11/2018,85,79,0,84.98084,91.97807,100
TJNR,7/12/2018,79,77,0,81.82045,87.7279,92.96513
TJNR,7/13/2018,,,,,,
TJNR,7/14/2018,,,,,,
TJNR,7/15/2018,,,,,,
TJNR,7/16/2018,,,,,,
TJNR,7/17/2018,,,,,,
TJNR,7/18/2018,,,,,,
TJNR,7/19/2018,,,,,,
TJNR,7/20/2018,,,,,,
TJNR,7/21/2018,,,,,,
TJNR,7/22/2018,,,,,,
TJNR,7/23/2018,,,,,,
TJNR,7/24/2018,88,78,0.0001,,,
TJNR,7/25/2018,87,77,0.0001,76.95193,83.63015,93.66005
TJNR,7/26/2018,86,75,0.0001,77.28062,88.081474,100
TJNR,7/27/2018,88,80,0.0001,72.59893,82.2866,90.92372
TJNR,7/28/2018,88,79,0.0001,71.92741,80.35714,90.29109
TJNR,7/29/2018,88,79,0.0001,72.03415,80.671394,90.29109
TJNR,7/30/2018,89,81,0.01,77.5321,83.87342,90.66067
TJNR,7/31/2018,88,80,0.0001,74.50657,81.56007,88.01197
TJNR,8/1/2018,88,80,0.01,69.448425,80.54476,90.92372
TJNR,8/2/2018,88,80,0.0001,69.448425,78.022224,84.52736
TJNR,8/3/2018,88,80,0.09,74.60542,83.270424,100
TJNR,8/4/2018,88,79,0.02,74.50657,86.20788,93.992455
TJNR,8/5/2018,88,79,0.33,79.84597,89.56385,100
TJNR,8/6/2018,87,80,0.02,76.95193,88.122536,97.10205
TJNR,8/7/2018,90,78,0.0001,74.783775,85.20451,96.45527
TJNR,8/8/2018,88,80,0,76.95193,85.18851,90.92372
TJNR,8/9/2018,89,80,0,70.00456,81.939445,90.92372
TJNR,8/10/2018,89,79,0.0001,70.00456,81.00314,90.29109
TJNR,8/11/2018,90,81,0.0001,74.783775,84.228935,96.79759
TJNR,8/12/2018,88,79,0.43,67.49169,83.13622,93.66005
TJNR,8/13/2018,88,80,0.01,71.92741,81.72505,93.66005
TJNR,8/14/2018,89,80,0.0001,72.59893,82.818344,97.10205
TJNR,8/15/2018,90,79,0.07,72.03415,84.966034,96.45527
TJNR,8/16/2018,88,79,0.43,79.69874,90.59714,100
TJNR,8/17/2018,88,76,0.56,79.69874,90.35479,100
TJNR,8/18/2018,88,76,0.13,74.60542,85.48474,100
TJNR,8/19/2018,89,80,0,69.448425,78.23657,88.01197
TJNR,8/20/2018,89,81,0.0001,72.22678,80.48381,93.66005
TJNR,8/21/2018,88,79,0.0001,70.00456,81.61468,93.637276
TJNR,8/22/2018,86,76,0.13,82.55657,88.1357,100
TJNR,8/23/2018,,,0,,,
TJNR,8/24/2018,,,0,,,
TJNR,8/25/2018,,,0,,,
TJNR,8/26/2018,,,0,,,
TJNR,8/27/2018,,,0,,,
TJNR,8/28/2018,87.1,81,0,79.7799,85.48453,97.124214
TJNR,8/29/2018,89,77,0.59,79.69874,90.362175,100
TJNR,8/30/2018,84,75,0.42,87.050026,93.257996,100
TJNR,8/31/2018,87,74,0.1,79.69874,88.72119,100
TJNR,9/1/2018,88,80,0.0001,72.03415,82.08415,90.29109
TJNR,9/2/2018,88,79,0.0001,72.59893,83.45239,93.992455
TJNR,9/3/2018,88,79,0.15,79.31164,88.653145,100
TJNR,9/4/2018,88,78,0.3,79.69874,89.5299,100
TJNR,9/5/2018,87,75,0.19,74.50657,88.11538,100
TJNR,9/6/2018,87,76,0,74.60542,86.54631,100
TJNR,9/7/2018,88,77,0,74.42529,84.62361,100
TJNR,9/8/2018,88,79,0,76.95193,85.323715,100
TJNR,9/9/2018,88,75,0,72.03415,86.5639,100
TJNR,9/10/2018,90,77,0,74.60542,86.11953,96.42644
TJNR,9/11/2018,89,75,0,72.59893,88.723885,100
TJNR,9/12/2018,89,75,0.04,72.59893,88.09486,100
TJNR,9/13/2018,88,80,0.03,77.5321,87.157486,97.10205
TJNR,9/14/2018,85,75,0.0001,79.549965,91.59654,100
TJNR,9/15/2018,89,76,0,74.703735,89.857605,100
TJNR,9/16/2018,89,76,0.0001,76.95193,91.970665,100
TJNR,9/17/2018,90,78,0,72.22678,88.52028,100
TJNR,9/18/2018,90,80,0.04,74.88112,87.40986,100
TJNR,9/19/2018,89,81,0.03,74.88112,85.84436,93.992455
TJNR,9/20/2018,90,77,0.13,65.72114,84.02903,100
TJNR,9/21/2018,89,81,0.0001,72.59893,82.41911,90.66067
TJNR,9/22/2018,89,80,0.12,74.60542,83.74851,90.92372
TJNR,9/23/2018,89,76,0.12,70.00456,83.064186,100
TJNR,9/24/2018,89,76,0.18,70.00456,84.231224,100
TJNR,9/25/2018,89,77,0.0001,76.95193,86.81597,97.10205
TJNR,9/26/2018,89,81,0.03,74.783775,84.59541,90.66067
TJNR,9/27/2018,87,81,0.13,74.703735,85.34595,93.992455
TJNR,9/28/2018,89,76,0.29,72.03415,85.72237,100
TJNR,9/29/2018,87,76,0.45,74.50657,87.166626,100
TJNR,9/30/2018,87,75,0.35,74.60542,85.74812,100
TJNR,10/1/2018,87,75,0,76.95193,88.80109,100
TJNR,10/2/2018,88,73,0,64.954704,87.19608,100
TJNR,10/3/2018,88,73,0,71.92741,88.1083,100
TJNR,10/4/2018,86,76,0.02,74.42529,93.663086,100
TJNR,10/5/2018,87,75,0.41,82.498085,96.18515,100
TJNR,10/6/2018,85,75,1.12,79.39962,91.89956,100
TJNR,10/7/2018,85,76,0.09,87.6745,94.24263,100
TJNR,10/8/2018,87,77,0.09,79.69874,90.13623,100
TJNR,10/9/2018,87,75,0.24,79.69874,89.60328,100
TJNR,10/10/2018,87,79,0,76.95193,83.79093,93.637276
TJNR,10/11/2018,87,77,0.06,79.39962,88.06638,100
TJNR,10/12/2018,86,74,0.18,82.498085,92.733765,100
TJNR,10/13/2018,82,72,1.64,83.66177,97.97117,100
TJNR,10/14/2018,84,76,0,84.98084,90.59579,97.10205
TJNR,10/15/2018,85,75,0.75,84.98084,94.19501,100
TJNR,10/16/2018,84,77,0.11,86.949745,91.81838,97.10205
TJNR,10/17/2018,87,77,0.24,79.549965,87.46436,100
TJNR,10/18/2018,87,80,0.0001,71.92741,82.2757,90.92372
TJNR,10/19/2018,87,74,0.36,74.50657,84.49878,97.04129
TJNR,10/20/2018,86,76,0.02,77.28062,86.04215,100
TJNR,10/21/2018,86,76,0.13,77.3703,88.85719,100
TJNR,10/22/2018,87,77,0.09,84.98084,91.67477,100
TJNR,10/23/2018,86,75,0.0001,74.50657,91.59422,100
TJNR,10/24/2018,87,74,0.27,69.685555,87.97235,100
TJNR,10/25/2018,86,73,0.21,61.064674,85.56569,100
TJNR,10/26/2018,86,74,0.03,71.73187,81.996864,100
TJNR,10/27/2018,87,73,0,63.01707,81.07226,97.016945
TJNR,10/28/2018,86,76,0.08,65.36098,77.31805,87.48222
TJNR,10/29/2018,86,73,0.05,69.685555,87.11604,97.016945
TJNR,10/30/2018,86,71,0,63.0984,79.90315,100
TJNR,10/31/2018,87,72,0,71.92741,81.09424,93.79415
TJNR,11/1/2018,88,74,0,69.448425,81.48184,96.38104
TJNR,11/2/2018,87,76,0.17,71.92238,79.31224,93.60928
TJNR,11/3/2018,85,73,0.28,71.92238,79.62345,100
TJNR,11/4/2018,80,70,1.44,78.98865,89.17192,100
TJNR,11/5/2018,86,72,1.3,76.69446,87.296234,100
TJNR,11/6/2018,86,73,0.11,77.11626,88.23462,100
TJNR,11/7/2018,85,73,0.35,74.50657,84.33398,96.38104
TJNR,11/8/2018,85,76,0.03,67.280304,86.73145,100
TJNR,11/9/2018,86,76,0.01,87.05,,90.2911
TJNR,11/10/2018,87,77,0.03,74.50657,84.650764,93.60928
TJNR,11/11/2018,87,74,0.22,74.50657,84.13806,100
TJNR,11/12/2018,86,76,0.32,77.3703,84.86649,93.52941
TJNR,11/13/2018,86,74,0.89,74.50657,85.85827,97.04129
TJNR,11/14/2018,84,74,0.68,79.46747,89.804115,96.38104
TJNR,11/15/2018,84,76,0.11,74.114944,84.756744,94.18534
TJNR,11/16/2018,84,75,0.42,76.69446,86.87873,97.04129
TJNR,11/17/2018,85,76,0.03,65.36098,74.359665,81.89149
TJNR,11/18/2018,86,77,0.0001,63.395924,76.27907,84.35599
TJNR,11/19/2018,87,78,0,57.01807,71.96462,86.949745
TJNR,11/20/2018,85,75,0.35,62.857838,72.47383,90.172104
TJNR,11/21/2018,85,75,0.01,58.692406,72.42999,93.52941
TJNR,11/22/2018,85,77,0,62.857838,71.63734,79.10189
TJNR,11/23/2018,84,71,0.02,60.365044,77.47526,93.4268
TJNR,11/24/2018,85,70,0,69.59207,82.95846,93.77152
TJNR,11/25/2018,85,71,0,69.685555,83.66259,96.322716
TJNR,11/26/2018,85,74,0,67.617035,80.65479,93.79415
TJNR,11/27/2018,84,74,0,69.59207,79.039986,90.974266
TJNR,11/28/2018,84,69,0.26,71.14396,,93.50594
TJNR,11/29/2018,83,68,0,65.026215,80.388336,92.705696
TJNR,11/30/2018,85,71,0.04,69.71293,77.63053,93.40279
TJNR,12/1/2018,85,77,0.0001,69.61913,73.01948,82.03341
TJNR,12/2/2018,85,77,0,67.05904,71.06656,76.790886
TJNR,12/3/2018,85,73,0.55,67.280304,76.725624,90.39978
TJNR,12/4/2018,85,77,0.0001,65.257545,75.57512,81.89149
TJNR,12/5/2018,84,73,0.28,69.27759,77.49447,90.39978
TJNR,12/6/2018,84,73,0.01,65.257545,70.89787,84.35599
TJNR,12/7/2018,84,76,0.07,72.10829,78.47298,86.949745
TJNR,12/8/2018,82,75,0.13,71.032486,79.524895,93.52941
TJNR,12/9/2018,84,75,0,68.494095,70.68206,73.88337
TJNR,12/10/2018,84,74,0.06,65.13056,72.82297,81.95878
TJNR,12/11/2018,84,71,0,65.13056,75.65915,90.594666
TJNR,12/12/2018,83,67,0,65.026215,80.84162,93.319046
TJNR,12/13/2018,84,75,0,60.952366,72.966995,85.08769
TJNR,12/14/2018,83,74,0.01,69.27759,78.36738,84.972496
TJNR,12/15/2018,84,74,0.09,67.177505,75.284515,84.45763
TJNR,12/16/2018,84,73,0.07,67.617035,76.60404,90.32327
TJNR,12/17/2018,83,69,0.02,65.026215,79.62474,92.705696
TJNR,12/18/2018,83,68,0,60.283,77.41059,93.37325
TJNR,12/19/2018,82,68,0.15,73.88337,83.49753,93.37325
TJNR,12/20/2018,83,71,0.12,63.156197,74.816376,93.77152
TJNR,12/21/2018,84,72,0,58.549393,69.93584,87.23564
TJNR,12/22/2018,81,72,0.53,73.780556,87.5235,100
TJNR,12/23/2018,83,73,0.03,69.61913,79.59778,93.77152
TJNR,12/24/2018,83,74,0.12,65.026215,75.400276,88.588776
TJNR,12/25/2018,82,71,0.01,65.026215,78.33346,90.32327
TJNR,12/26/2018,84,74,0.06,65.13056,74.8673,83.437645
TJNR,12/27/2018,83,73,0.58,71.92238,82.23135,93.79415
TJNR,12/28/2018,82,72,0.23,71.032486,82.440025,96.678116
TJNR,12/29/2018,82,73,0.05,71.14396,76.41375,87.628876
TJNR,12/30/2018,83,75,0.0001,55.979965,68.1263,84.45763
TJNR,12/31/2018,82,72,0.0001,58.09791,71.311485,87.58521
TJNR,1/1/2019,82,74,0.0001,60.365044,70.293976,87.628876
TJNR,1/2/2019,81,73,0.0001,59.831806,73.27179,90.32327
TJNR,1/3/2019,82,75,0,64.68674,71.96105,79.47427
TJNR,1/4/2019,83,73,0.0001,65.026215,77.57978,96.678116
TJNR,1/5/2019,83,75,0,62.615204,74.18542,85.08769
TJNR,1/6/2019,81,71,0.23,69.06545,81.20712,96.99354
TJNR,1/7/2019,83,74,0.02,67.05904,77.04733,85.08769
TJNR,1/8/2019,83,74,0,60.283,69.99154,81.89738
TJNR,1/9/2019,82,70,0.04,67.177505,81.10497,93.40279
TJNR,1/10/2019,82,69,0.17,69.27759,87.75201,96.9686
TJNR,1/11/2019,82,68,0,64.68674,85.370804,96.9686
TJNR,1/12/2019,83,65,0,65.026215,79.492455,96.92933
TJNR,1/13/2019,83,71,0.33,67.05904,79.59682,96.322716
TJNR,1/14/2019,82,70,0,64.136,74.732025,93.37325
TJNR,1/15/2019,83,68,0.01,56.23738,71.652855,89.85901
TJNR,1/16/2019,83,67,0.01,62.277378,77.6647,93.28895
TJNR,1/17/2019,83,69,1.97,66.61727,87.17473,96.9686
TJNR,1/18/2019,82,67,0.04,62.277378,78.94052,96.92933
TJNR,1/19/2019,82,67,0.0001,64.136,76.55732,90.400345
TJNR,1/20/2019,83,69,0,58.43191,71.63294,89.85901
TJNR,1/21/2019,83,70,0.02,69.61913,83.337296,94.05696
TJNR,1/22/2019,83,70,0.11,65.026215,79.45536,93.4268
TJNR,1/23/2019,83,73,0.14,66.61727,77.693794,90.32327
TJNR,1/24/2019,82,72,0.13,67.177505,80.17761,90.73938
TJNR,1/25/2019,78,70,0.68,71.14396,83.48525,97.016945
TJNR,1/26/2019,83,68,0.02,60.283,71.22132,87.23564
TJNR,1/27/2019,83,71,0,60.283,71.146805,83.32391
TJNR,1/28/2019,83,73,0,62.615204,74.624374,87.58521
TJNR,1/29/2019,83,68,0,54.49604,73.712135,89.814255
TJNR,1/30/2019,83,70,0.07,65.0262,78.7489,96.9686
TJNR,1/31/2019,82,73,0.02,62.2774,74.967606,90.9743
TJNR,2/1/2019,82,73,0.04,66.3909,73.49661,84.9725
TJNR,2/2/2019,82,74,0.0001,62.2774,71.539474,78.8608
TJNR,2/3/2019,82,73,0,67.059,76.17918,84.3378
TJNR,2/4/2019,83,68,0.0001,64.6867,80.21084,93.4028
TJNR,2/5/2019,83,69,0.05,64.4512,83.13345,96.9686
TJNR,2/6/2019,82,68,0.11,76.1931,88.42436,100
TJNR,2/7/2019,81,68,0,66.6173,82.359726,100
TJNR,2/8/2019,81,71,0.09,71.3451,81.97469,90.9743
TJNR,2/9/2019,82,70,0.01,66.6173,79.66646,89.9397
TJNR,2/10/2019,81,71,1.11,73.9671,85.52769,100
TJNR,2/11/2019,80,69,0.2,73.8834,83.284744,93.4268
TJNR,2/12/2019,81,72,0,66.493,76.50151,87.5852
TJNR,2/13/2019,82,73,0.02,67.1775,75.57531,81.8974
TJNR,2/14/2019,82,71,0.09,71.9224,82.82522,93.4268
TJNR,2/15/2019,81,69,0.01,71.7248,86.09367,100
TJNR,2/16/2019,81,70,0.01,76.3647,88.06126,97.0169
TJNR,2/17/2019,80,70,0,78.9886,83.96765,100
TJNR,2/18/2019,81,72,0.04,69.1824,78.32667,94.1002
TJNR,2/19/2019,82,71,0.04,69.1824,76.4056,93.7715
TJNR,2/20/2019,79,69,0.18,75.9235,86.18092,100
TJNR,2/21/2019,80,71,0.01,62.1666,74.85189,86.5897
TJNR,2/22/2019,83,73,0,69.2776,78.50666,87.6819
TJNR,2/23/2019,80,72,0.0001,64.4512,78.34955,93.7715
TJNR,2/24/2019,79,72,0,61.9189,70.704124,87.5852
TJNR,2/25/2019,83,73,0.01,68.7568,75.55752,84.4576
TJNR,2/26/2019,83,71,0.08,59.8318,76.11661,93.4268
TJNR,2/27/2019,82,74,0,62.1666,75.63446,84.9725
TJNR,2/28/2019,83,72,0.0001,67.059,77.91438,88.5078
TJNR,3/1/2019,82,74,0,64.6867,75.87919,84.9725
TJNR,3/2/2019,84,74,0,62.6152,72.22168,78.86083
TJNR,3/3/2019,83,73,0.02,65.0262,73.12659,84.9725
TJNR,3/4/2019,82,72,0.24,65.0262,76.93308,90.5947
TJNR,3/5/2019,84,73,0.0001,64.136,75.454216,90.3233
TJNR,3/6/2019,83,69,0.04,67.059,78.3295,93.4028
TJNR,3/7/2019,82,74,0.12,67.1775,76.14954,90.3998
TJNR,3/8/2019,83,68,0.03,62.1666,73.88418,90.3233
TJNR,3/9/2019,82,70,0.08,64.6867,78.495026,93.3733
TJNR,3/10/2019,81,73,0.0001,67.1775,76.12221,81.8974
TJNR,3/11/2019,81,71,0.17,68.494095,77.744354,94.057
TJNR,3/12/2019,81,70,0.0001,64.136,74.83521,89.9397
TJNR,3/13/2019,80,67,0.1,73.88337,87.1879,100
TJNR,3/14/2019,82,66,0,62.277378,82.32385,100
TJNR,3/15/2019,73.9,68,,81.19648,86.791176,96.275345
TJNR,3/16/2019,,,,,,
TJNR,3/17/2019,,,,,,
TJNR,3/18/2019,,,,,,
TJNR,3/19/2019,,,,,,
TJNR,3/20/2019,86,74,0.14,,,
TJNR,3/21/2019,89,72,0,,,
TJNR,3/22/2019,88,77,0,59.092064,62.548595,71.72483
TJNR,3/23/2019,87,72,0.04,55.044296,71.1184,87.681946
TJNR,3/24/2019,87,75,0.31,58.9508,70.870674,85.0877
TJNR,3/25/2019,86,75,0.08,52.994083,68.281456,85.0877
TJNR,3/26/2019,88,76,0,59.092064,70.81144,79.4743
TJNR,3/27/2019,88,72,0.0001,58.9508,73.94842,87.58521
TJNR,3/28/2019,87,70,0.01,57.163784,74.65613,89.89542
TJNR,3/29/2019,88,73,0.09,63.3959,81.05983,90.9743
TJNR,3/30/2019,87,71,0,,,
TJNR,3/31/2019,88,73,0,59.092064,64.72501,84.9725
TJNR,4/1/2019,88,74,0,58.9508,71.05146,84.9725
TJNR,4/2/2019,88,76,0,55.1936,66.07774,76.1931
TJNR,4/3/2019,88,78,0,53.147194,65.79281,73.9671
TJNR,4/4/2019,88,74,0.09,56.919083,66.776566,88.507805
TJNR,4/5/2019,88,76,0.08,53.147194,67.10272,81.5538
TJNR,4/6/2019,87,77,0.05,55.044296,65.686356,79.17114
TJNR,4/7/2019,88,77,0.0001,55.044296,63.94547,73.9671
TJNR,4/8/2019,87,78,0,52.994083,62.274647,69.0655
TJNR,4/9/2019,89,76,0.03,55.044296,65.13814,76.6215
TJNR,4/10/2019,88,76,0.1,55.1936,72.48002,84.5762
TJNR,4/11/2019,91,74,0.12,48.4894,74.357506,87.72512
TJNR,4/12/2019,89,78,0.0001,55.315365,70.44121,79.17114
TJNR,4/13/2019,88,79,0,49.72598,65.285645,73.9671
TJNR,4/14/2019,88,77,0.0001,49.596455,64.852585,82.03341
TJNR,4/15/2019,88,77,0.0001,56.919083,64.756454,84.356
TJNR,4/16/2019,88,79,0.0001,51.649754,64.93286,76.7909
TJNR,4/17/2019,89,78,0.01,52.994083,66.41372,76.7909
TJNR,4/18/2019,89,78,0,53.6385,64.76433,73.8834
TJNR,4/19/2019,89,78,0.0001,53.6385,61.967617,69.1824
TJNR,4/20/2019,88,78,0.01,52.994083,63.91467,76.1931
TJNR,4/21/2019,88,74,0.04,56.919083,68.04485,83.209045
TJNR,4/22/2019,88,75,0.14,55.044296,67.69864,87.681946
TJNR,4/23/2019,88,73,0,47.733757,63.801903,78.774345
TJNR,4/24/2019,87,72,0,52.994083,66.16756,81.4075
TJNR,4/25/2019,87,72,0,54.8943,66.50947,81.4075
TJNR,4/26/2019,88,78,0,55.1936,67.08016,74.0689
TJNR,4/27/2019,89,79,0,63.3959,70.58393,74.0689
TJNR,4/28/2019,89,77,1.12,61.2415,72.14873,92.96513
TJNR,4/29/2019,87,78,0.01,60.9237,68.15203,81.8915
TJNR,4/30/2019,88,78,0.01,56.919083,65.765274,71.72483
TJNR,5/1/2019,88,77,0.02,60.9237,71.90695,86.949745
TJNR,5/2/2019,88,77,0.01,59.0921,70.530495,84.5762
TJNR,5/3/2019,88,79,0,55.315365,65.69666,71.9224
TJNR,5/4/2019,88,79,0,55.1936,65.86484,71.9224
TJNR,5/5/2019,88,78,0.02,59.092064,68.78842,79.17114
TJNR,5/6/2019,88,77,0.07,60.9237,70.6856,81.5538
TJNR,5/7/2019,88,75,0.0001,58.9508,67.63604,79.01681
TJNR,5/8/2019,88,79,0,55.1936,64.84252,73.9671
TJNR,5/9/2019,88,77,0.01,,,
TJNR,5/10/2019,90,78,0.0001,59.20717,68.63348,79.39962
TJNR,5/11/2019,89,81,0,63.124584,72.55629,79.057945
TJNR,5/12/2019,88,77,0.65,67.27328,77.69057,90.172104
TJNR,5/13/2019,88,80,0.0001,63.01707,74.41396,82.02644
TJNR,5/14/2019,90,79,0,60.9237,73.320694,81.8915
TJNR,5/15/2019,90,79,0,60.9662,73.2677,81.8915
TJNR,5/16/2019,90,78,0,61.2415,72.21326,84.4745
TJNR,5/17/2019,90,79,0.0001,55.5844,70.22866,81.4174
TJNR,5/18/2019,90,80,0,53.91329,68.880135,76.6996
TJNR,5/19/2019,89,80,0.0001,63.01707,72.01985,82.02644
TJNR,5/20/2019,90,80,0.0001,59.147587,70.764786,82.02644
TJNR,5/21/2019,91,79,0,59.147587,69.67586,81.8915
TJNR,5/22/2019,89,80,0.0001,63.01707,72.19194,78.98865
TJNR,5/23/2019,89,78,0.0001,57.4271,67.543976,76.6996
TJNR,5/24/2019,84,76,0.15,69.59207,78.28288,90.7394
TJNR,5/25/2019,89,80,0,59.092064,70.77487,79.39962
TJNR,5/26/2019,89,76,0.0001,61.2415,74.90368,84.5762
TJNR,5/27/2019,88,77,0.08,67.393654,80.61307,90.172104
TJNR,5/28/2019,86,77,0.53,69.799286,82.907906,92.96513
TJNR,5/29/2019,87,75,0.82,69.685555,83.62955,93.52941
TJNR,5/30/2019,84,74,0.35,67.059,82.53418,94.1002
TJNR,5/31/2019,88,79,0.04,63.01707,72.15561,82.02644
TJNR,6/1/2019,88,78,0,60.9237,69.65024,79.17114
TJNR,6/2/2019,88,78,0.0001,63.01707,74.262,86.949745
TJNR,6/3/2019,90,75,0.01,65.184,78.92811,90.7394
TJNR,6/4/2019,89,76,0.19,65.184,81.70607,93.55792
TJNR,6/5/2019,89,78,0.13,69.4484,80.68573,90.249115
TJNR,6/6/2019,89,77,0,60.9662,78.421684,93.55792
TJNR,6/7/2019,89,77,0.17,65.4948,79.0068,90.2146
TJNR,6/8/2019,89,78,0.04,65.184,78.92089,90.249115
TJNR,6/9/2019,90,82,0.0001,62.6837,72.393074,79.4675
TJNR,6/10/2019,90,81,0.0001,63.2554,73.59748,82.42622
TJNR,6/11/2019,88,81,0,61.2415,70.25881,79.39962
TJNR,6/12/2019,88,79,0.17,65.36098,72.946,84.5274
TJNR,6/13/2019,89,80,0.11,63.0984,71.8638,84.866806
TJNR,6/14/2019,90,81,0.01,59.147587,69.5083,81.82045
TJNR,6/15/2019,88,78,0.19,63.124584,72.598434,84.4745
TJNR,6/16/2019,89,82,0.01,63.2554,72.220146,82.42622
TJNR,6/17/2019,90,82,0,65.184,73.68006,79.55
TJNR,6/18/2019,90,81,0,63.2554,71.83362,79.39962
TJNR,6/19/2019,91,83,0,63.362,71.650955,79.4675
TJNR,6/20/2019,90,83,0,65.7211,72.66069,77.1163
TJNR,6/21/2019,,,,,,
TJNR,6/22/2019,,,,,,
TJNR,6/23/2019,,,,,,
TJNR,6/24/2019,,,,,,
TJNR,6/25/2019,,,,,,
TJNR,6/26/2019,,,,,,
TJNR,6/27/2019,,,,,,
TJNR,6/28/2019,,,,,,
TJNR,6/29/2019,,,,,,
TJNR,6/30/2019,,,,,,
TJNR,7/1/2019,95,83,0,63.124584,66.83704,77.1163
TJNR,7/2/2019,91,80,0,59.2621,72.99631,84.5274
TJNR,7/3/2019,91,80,0.03,55.5844,69.08557,81.4174
TJNR,7/4/2019,92,81,0.07,57.431393,68.9937,84.5274
TJNR,7/5/2019,91,80,0.33,59.147587,72.45444,88.012
TJNR,7/6/2019,91,81,0.02,59.147587,68.972374,79.39962
TJNR,7/7/2019,90,81,0.04,60.9662,70.33596,79.39962
TJNR,7/8/2019,90,79,0.03,63.362,72.1969,84.4745
TJNR,7/9/2019,90,87.1,0.06,65.7211,70.4067,72.03415
TJNR,7/10/2019,92,82,0.16,59.701164,70.48694,85.480934
TJNR,7/11/2019,90,76,0.18,60.9662,72.21227,90.7394
TJNR,7/12/2019,90,77,0.08,57.4943,74.618324,84.5274
TJNR,7/13/2019,91,80,0.0001,63.2554,72.47058,81.4174
TJNR,7/14/2019,90,79,0.05,60.9237,72.35359,84.5274
TJNR,7/15/2019,90,81,0.22,64.9547,77.44527,90.92372
TJNR,7/16/2019,90,77,0.09,63.362,72.493996,82.02644
TJNR,7/17/2019,90,77,0.0001,59.147587,74.20393,90.172104
TJNR,7/18/2019,91,81,0,61.4873,73.324326,82.4262
TJNR,7/19/2019,91,75,0.27,63.690865,79.744064,93.5059
TJNR,7/20/2019,89,78,0.26,63.124584,79.11031,93.6373
TJNR,7/21/2019,90,80,0,60.9237,71.98789,84.4745
TJNR,7/22/2019,90,76,0.02,59.147587,70.8148,81.9588
TJNR,7/23/2019,92,79,0.07,59.2621,74.05367,90.2911
TJNR,7/24/2019,91,82,0,59.2621,70.92609,79.39962
TJNR,7/25/2019,90,78,0.28,63.2554,75.34825,88.0535
TJNR,7/26/2019,91,80,0.37,63.362,77.92176,96.4553
TJNR,7/27/2019,91,83,0,63.362,75.79432,85.480934
TJNR,7/28/2019,90,80,0.1,61.4873,71.23104,84.866806
TJNR,7/29/2019,90,76,0.06,69.4484,81.19594,93.55792
TJNR,7/30/2019,83,76,2.65,90.21457,93.938576,100
TJNR,7/31/2019,86,75,1.81,82.498085,90.41329,97.0413
TJNR,8/1/2019,90,76,0.1,67.393654,80.460625,93.6093
TJNR,8/2/2019,89,79,0.22,74.6054,83.54119,93.66005
TJNR,8/3/2019,89,79,0.02,67.49169,77.22694,90.249115
TJNR,8/4/2019,89,80,0.08,67.393654,79.53658,88.0535
TJNR,8/5/2019,89,81,0.28,71.9274,77.65414,88.012
TJNR,8/6/2019,89,80,0.5,67.49169,79.44058,93.6373
TJNR,8/7/2019,90,77,0.34,64.9547,79.812584,93.6373
TJNR,8/8/2019,90,76,0.08,67.49169,80.929726,93.6093
TJNR,8/9/2019,91,77,0.02,67.61098,83.0631,97.0785
TJNR,8/10/2019,90,81,0,63.2554,74.414955,90.92372
TJNR,8/11/2019,90,79,0.02,63.124584,73.90234,87.050026
TJNR,8/12/2019,90,80,0.03,67.393654,76.30871,87.6745
TJNR,8/13/2019,90,80,0.01,63.2554,74.376076,88.012
TJNR,8/14/2019,90,81,0.0001,65.184,74.47901,84.5274
TJNR,8/15/2019,90,82,0.01,67.61098,77.98517,88.012
TJNR,8/16/2019,90,82,0.0001,67.61098,76.88869,85.480934
TJNR,8/17/2019,88,78,0.03,69.685555,77.1221,84.5274
TJNR,8/18/2019,89,81,0,65.184,74.34041,79.4675
TJNR,8/19/2019,87,76,0.48,77.11626,84.32245,93.55792
TJNR,8/20/2019,89,82,0.0001,69.4484,77.35062,88.012
TJNR,8/21/2019,89,80,0.01,59.20717,73.99201,87.050026
TJNR,8/22/2019,88,77,0.43,64.9547,80.703026,94.22723
TJNR,8/23/2019,89,78,0.2,69.4484,78.25495,90.2911
TJNR,8/24/2019,89,80,0.03,65.184,79.72118,93.6373
TJNR,8/25/2019,89,82,0.0001,57.18277,75.38514,88.012
TJNR,8/26/2019,90,82,0,63.2554,74.11644,82.42622
TJNR,8/27/2019,89,78,0.02,67.49169,75.763374,84.4745
TJNR,8/28/2019,86,75,0.01,72.3021,86.57333,97.0413
TJNR,8/29/2019,89,72,,76.790886,89.8596,100
TJNR,8/30/2019,89,74,0,70.00456,83.959114,100
TJNR,8/31/2019,89,79,0,70.00456,80.099525,90.92372
TJNR,9/1/2019,89,77,0,65.4948,80.96106,96.41042
TJNR,9/2/2019,88,77,0.37,70.00456,82.8021,96.41042
TJNR,9/3/2019,89,78,0.07,67.393654,78.960915,93.6373
TJNR,9/4/2019,89,82,0.0001,67.61098,75.553474,82.42622
TJNR,9/5/2019,89,78,0.11,70.00456,77.89001,90.92372
TJNR,9/6/2019,87,75,0.96,72.3021,88.565414,97.0413
TJNR,9/7/2019,88,76,0.25,74.7037,87.1166,97.0413
TJNR,9/8/2019,89,76,0.48,72.5989,87.175385,96.42644
TJNR,9/9/2019,89,76,0,70.00456,83.87524,97.0413
TJNR,9/10/2019,90,76,0.0001,67.61098,81.975945,96.41042
TJNR,9/11/2019,89,77,0.0001,70.630974,83.4519,93.6093
TJNR,9/12/2019,90,78,0,70.1166,81.64939,94.22723
TJNR,9/13/2019,90,77,0.1,70.630974,83.845,96.42644
TJNR,9/14/2019,90,81,0.02,70.1166,78.894135,91.28943
TJNR,9/15/2019,90,76,0.72,72.22678,82.56767,97.1021
TJNR,9/16/2019,90,77,0.39,72.5989,84.72706,96.41042
TJNR,9/17/2019,90,79,0.12,70.00456,80.6581,93.9925
TJNR,9/18/2019,89,81,0.0001,67.49169,77.67477,84.866806
TJNR,9/19/2019,89,78,0.05,64.9547,80.05125,97.0785
TJNR,9/20/2019,89,76,0,65.184,84.83069,100
TJNR,9/21/2019,89,78,0.01,70.00456,83.7327,97.0785
TJNR,9/22/2019,89,76,0.58,71.9274,82.890854,97.0785
TJNR,9/23/2019,89,78,0.22,67.61098,82.09383,93.66
TJNR,9/24/2019,87,76,0.29,76.9519,90.589066,96.42644
TJNR,9/25/2019,87,74,0.18,74.42529,87.983864,97.0413
TJNR,9/26/2019,89,77,0.41,74.7037,86.146194,97.0785
TJNR,9/27/2019,89,78,0,70.00456,85.17621,96.42644
TJNR,9/28/2019,89,78,0.23,74.50657,86.83899,96.42644
TJNR,9/29/2019,89,75,1.25,70.00456,86.44703,100
TJNR,9/30/2019,89,77,0,70.00456,83.873344,96.41042
TJNR,10/1/2019,89,77,0.11,69.4484,82.12716,94.2687
TJNR,10/2/2019,90,77,0,61.2415,78.57334,92.96513
TJNR,10/3/2019,92,76,0,57.4943,78.70417,93.55792
TJNR,10/4/2019,91,77,0.06,65.184,82.42879,96.41042
TJNR,10/5/2019,91,75,0,61.4046,82.99432,97.0413
TJNR,10/6/2019,92,76,0.0001,63.362,78.61925,93.6373
TJNR,10/7/2019,91,82,0.04,63.690865,74.408775,85.480934
TJNR,10/8/2019,91,77,0.16,59.147587,73.03141,92.96513
TJNR,10/9/2019,91,78,0.0001,63.362,74.15819,90.2146
TJNR,10/10/2019,90,75,0,61.2415,78.44119,93.5294
TJNR,10/11/2019,89,74,0.01,60.923714,80.11045,93.50594
TJNR,10/12/2019,89,73,0,56.919083,77.525505,93.79415
TJNR,10/13/2019,91,74,0.0001,46.683357,75.280525,93.52941
TJNR,10/14/2019,90,76,0.0001,63.25543,80.266685,93.55792
TJNR,10/15/2019,89,77,0.2,63.01707,82.03646,96.41042
TJNR,10/16/2019,89,75,0.0001,63.124584,79.36753,93.52941
TJNR,10/17/2019,90,76,0.0001,63.25543,77.954025,93.55792
TJNR,10/18/2019,90,75,0.43,63.362026,79.361855,97.04129
TJNR,10/19/2019,88,75,1.14,71.92741,85.892456,97.04129
TJNR,10/20/2019,89,77,0.04,65.18404,80.97521,96.41042
TJNR,10/21/2019,90,79,0.11,67.61098,77.68545,87.6745
TJNR,10/22/2019,87,76,0.22,74.50657,83.23823,93.52941
TJNR,10/23/2019,88,75,0.08,64.954704,81.0307,93.55792
TJNR,10/24/2019,83,76,0.14,76.790886,84.35706,94.22723
TJNR,10/25/2019,88,78,0.01,70.00456,79.77733,87.6745
TJNR,10/26/2019,88,75,0.14,67.393654,81.82279,93.52941
TJNR,10/27/2019,88,76,0,64.954704,77.29815,90.172104
TJNR,10/28/2019,89,78,0.02,69.448425,77.52553,87.6745
TJNR,10/29/2019,88,77,0.05,59.092064,71.63746,93.55792
TJNR,10/30/2019,88,76,0.1,63.124584,74.41857,87.48222
TJNR,10/31/2019,89,76,0.02,59.147587,72.81429,86.949745
TJNR,11/1/2019,89,76,0.1,61.064674,75.61456,90.21457
TJNR,11/2/2019,88,74,0.51,63.01707,78.1978,93.50594
TJNR,11/3/2019,88,74,0.0001,64.954704,82.15885,93.79415
TJNR,11/4/2019,88,76,0.08,61.241543,78.29589,93.55792
TJNR,11/5/2019,90,78,0.17,63.01707,74.66284,87.5789
TJNR,11/6/2019,89,81,0.01,63.01707,73.02671,79.39962
TJNR,11/7/2019,88,76,0.2,64.954704,74.85104,93.55792
TJNR,11/8/2019,88,79,0,63.124584,73.68218,82.02644
TJNR,11/9/2019,88,78,0.07,67.49169,78.871185,90.21457
TJNR,11/10/2019,89,77,0.01,67.393654,81.463196,93.55792
TJNR,11/11/2019,88,77,0,64.954704,75.10495,86.949745
TJNR,11/12/2019,88,74,0.0001,56.919083,72.97486,90.39978
TJNR,11/13/2019,88,74,0.0001,60.923714,79.8398,96.38104
TJNR,11/14/2019,89,73,0.05,63.0984,77.441986,93.79415
TJNR,11/15/2019,89,78,0.0001,60.923714,73.0363,84.35599
TJNR,11/16/2019,88,76,0.0001,64.954704,79.7287,90.21457
TJNR,11/17/2019,88,73,0.09,67.27328,82.44138,93.79415
TJNR,11/18/2019,88,74,0.7,69.448425,85.69299,97.04129
TJNR,11/19/2019,87,75,0.08,67.393654,84.45399,97.04129
TJNR,11/20/2019,90,73,0.01,63.124584,81.79712,97.016945
TJNR,11/21/2019,88,73,1.27,63.01707,82.100075,97.016945
TJNR,11/22/2019,86,73,0.86,61.064674,72.922066,100
TJNR,11/23/2019,86,74,0.02,58.95082,68.5483,76.62149
TJNR,11/24/2019,86,72,0,57.01807,73.29949,90.974266
TJNR,11/25/2019,86,72,0,69.799286,84.68076,100
TJNR,11/26/2019,87,77,0,71.92741,81.63475,93.55792
TJNR,11/27/2019,87,80,0,67.393654,78.10536,84.866806
TJNR,11/28/2019,87,76,0.0001,63.0984,76.19093,87.72512
TJNR,11/29/2019,85,71,0.0001,63.156197,83.38813,96.99354
TJNR,11/30/2019,86,72,0.0001,62.857838,86.15836,100
TJNR,12/1/2019,81,70,,78.98865,95.46154,100
TJNR,12/2/2019,84,67,,79.39962,93.9219,100
TJNR,12/3/2019,86,70,,69.59207,91.644485,100
TJNR,12/4/2019,88,74,0.01,69.448425,87.56977,100
TJNR,12/5/2019,88,74,0.0001,69.448425,84.77261,100
TJNR,12/6/2019,87,76,0.03,65.26648,78.11965,100
TJNR,12/7/2019,86,75,0.0001,69.685555,77.72989,84.474464
TJNR,12/8/2019,86,73,0.0001,62.857838,75.45532,93.79415
TJNR,12/9/2019,86,77,0.0001,65.257545,76.09908,93.55792
TJNR,12/10/2019,85,75,0.0001,69.59207,75.67198,88.668915
TJNR,12/11/2019,85,73,0.0001,67.05904,75.27377,87.628876
TJNR,12/12/2019,83,73,0.0001,69.61913,79.596664,96.678116
TJNR,12/13/2019,84,73,,65.13056,78.958885,97.016945
TJNR,12/14/2019,84,73,,74.325455,85.649734,97.016945
TJNR,12/15/2019,85,75,,74.325455,82.51056,94.18534
TJNR,12/16/2019,84,74,0.0001,71.777084,79.89116,84.57616
TJNR,12/17/2019,84,74,0.78,81.89149,87.38636,93.55792
TJNR,12/18/2019,85,76,0.0001,,,
TJNR,12/19/2019,84,77,0.0001,73.967064,75.326515,79.10189
TJNR,12/20/2019,84,73,0.0001,65.13056,78.677605,93.79415
TJNR,12/21/2019,83,73,0,71.72483,80.80879,96.678116
TJNR,12/22/2019,84,76,0.0001,69.897545,78.99574,84.57616
TJNR,12/23/2019,84,73,0.0001,65.13056,77.52175,93.79415
TJNR,12/24/2019,84,74,0.0001,71.73187,81.9577,90.39978
TJNR,12/25/2019,85,78,0.0001,74.42529,81.74986,88.74824
TJNR,12/26/2019,83,74,0.0001,82.42622,91.39001,100
TJNR,12/27/2019,84,75,,69.61913,82.66042,96.38104
TJNR,12/28/2019,84,73,,74.24337,83.652664,93.79415
TJNR,12/29/2019,84,74,,69.59207,82.50375,97.016945
TJNR,12/30/2019,82,74,0.0001,69.27759,83.30956,100
TJNR,12/31/2019,84,73,0.0001,76.526184,89.19032,100
TJNR,1/1/2020,85,74,0.0001,76.69446,88.91592,100
TJNR,1/2/2020,83,74,,79.39962,90.94411,100
TJNR,1/3/2020,81,74,,74.068855,86.199936,100
TJNR,1/4/2020,83,74,,67.05904,74.85873,84.57616
TJNR,1/5/2020,83,70,,74.151726,85.38174,97.016945
TJNR,1/6/2020,83,72,,76.6996,87.00678,97.016945
TJNR,1/7/2020,83,76,,67.05904,75.736496,86.949745
TJNR,1/8/2020,84,75,0.0001,71.777084,80.88472,93.50594
TJNR,1/9/2020,84,74,0.0001,72.10829,77.6348,85.08769
TJNR,1/10/2020,84,74,0.07,65.257545,75.375824,84.57616
TJNR,1/11/2020,83,72,0.02,63.156197,73.58901,90.974266
TJNR,1/12/2020,83,74,0.39,69.61913,79.97823,94.14301
TJNR,1/13/2020,82,73,0.01,56.23738,75.16505,85.08769
TJNR,1/14/2020,82,72,0.16,71.92238,78.6571,93.77152
TJNR,1/15/2020,82,70,0.08,68.85131,78.79672,93.40279
TJNR,1/16/2020,84,74,0.0001,62.277378,75.21204,90.974266
TJNR,1/17/2020,84,69,0,67.05904,79.53059,96.9686
TJNR,1/18/2020,83,75,0,64.68674,74.70543,81.95878
TJNR,1/19/2020,82,72,0.04,69.61913,80.243286,93.79415
TJNR,1/20/2020,81,72,0.46,76.6996,90.38287,100
TJNR,1/21/2020,82.9,73.9,0.03,67.05904,75.51061,97.016945
TJNR,1/22/2020,80.1,71.1,0.65,78.98865,88.67093,100
TJNR,1/23/2020,80.1,71.1,1.26,76.36474,90.8341,100
TJNR,1/24/2020,78.1,72,0.0001,84.35599,94.79674,100
TJNR,1/25/2020,79,69.1,0.41,79.10189,91.50361,100
TJNR,1/26/2020,79,68,0.35,84.57616,95.16148,100
TJNR,1/27/2020,80,66,0.07,86.949745,97.4566,100
TJNR,1/28/2020,79,66,0,81.89149,94.06532,100
TJNR,1/29/2020,86,65,0,69.71293,86.990845,100
TJNR,1/30/2020,86,70,0,67.6068,80.51491,90.974266
TJNR,1/31/2020,87,71,0.01,67.27328,80.05842,93.4268
TJNR,2/1/2020,86,78,0,63.0984,73.52582,81.55377
TJNR,2/2/2020,86,71,0,63.395924,77.32112,90.594666
TJNR,2/3/2020,87,72,0,62.857838,76.94867,93.77152
TJNR,2/4/2020,86,79,0,61.064674,70.24438,76.36474
TJNR,2/5/2020,87,78,0.01,65.36098,72.60825,79.10189
TJNR,2/6/2020,87,80,0.01,63.0984,71.16623,78.98865
TJNR,2/7/2020,86,77,0.06,65.26648,72.339066,84.57616
TJNR,2/8/2020,86,79,0.02,61.064674,69.292885,76.36474
TJNR,2/9/2020,86,77,0.01,61.064674,71.07339,81.55377
TJNR,2/10/2020,86,79,0,60.952366,69.03222,76.790886
TJNR,2/11/2020,87,79,0.0001,58.95082,68.053085,74.068855
TJNR,2/12/2020,86,77,0.14,65.36098,73.16542,87.48222
TJNR,2/13/2020,87,78,0.0001,54.89434,66.9582,73.967064
TJNR,2/14/2020,85,74,1.3,67.280304,76.170654,90.73938
TJNR,2/15/2020,85,73,0.07,67.617035,76.81332,87.628876
TJNR,2/16/2020,85,75,0.14,67.280304,75.63934,90.172104
TJNR,2/17/2020,86,75,0.03,61.064674,73.97309,88.588776
TJNR,2/18/2020,86,75,0.0001,62.857838,71.543785,84.57616
TJNR,2/19/2020,84,78,0.0001,67.05904,72.04698,79.17114
TJNR,2/20/2020,86,78,0,56.506313,66.033615,73.967064
TJNR,2/21/2020,85,77,0,59.21356,70.37908,84.972496
TJNR,2/22/2020,86,71,0,60.814526,74.530716,87.58521
TJNR,2/23/2020,85,71,0,58.692406,73.79368,87.23564
TJNR,2/24/2020,81,71,0.0001,76.36474,83.1326,90.73938
TJNR,2/25/2020,83,74,0.0001,76.6996,85.25749,94.14301
TJNR,2/26/2020,84,76,,69.71293,78.088196,93.52941
TJNR,2/27/2020,84,70,0.0001,58.549393,71.9387,90.32327
TJNR,2/28/2020,85,75,0.0001,65.257545,74.7418,82.03341
TJNR,2/29/2020,86,71,0,65.257545,79.09564,90.974266
TJNR,3/1/2020,86,73,0.07,65.257545,78.60569,93.77152
TJNR,3/2/2020,84,73,0.28,67.05904,79.603836,93.79415
TJNR,3/3/2020,85,76,0.18,63.395924,73.06369,87.72512
TJNR,3/4/2020,86,77,0.01,58.549393,69.87264,79.10189
TJNR,3/5/2020,86,77,0.18,61.20137,73.81577,84.57616
TJNR,3/6/2020,85,75,0.16,60.952366,75.89514,90.39978
TJNR,3/7/2020,85,72,0.0001,61.064674,77.600494,90.594666
TJNR,3/8/2020,85,72,0.05,58.692406,79.195305,94.10022
TJNR,3/9/2020,81,73,0.57,73.967064,85.20032,94.10022
TJNR,3/10/2020,86,75,0,57.01807,72.74584,84.57616
TJNR,3/11/2020,86,73,0.3,65.13056,76.2416,90.974266
TJNR,3/12/2020,86,74,0.0001,61.20137,73.860405,90.974266
TJNR,3/13/2020,86,72,0.05,62.857838,79.47432,93.77152
TJNR,3/14/2020,85,73,0.32,67.280304,78.71706,90.39978
TJNR,3/15/2020,85,74,0.0001,54.620113,64.5126,73.780556
TJNR,3/16/2020,85,74,0.08,63.156197,71.79565,79.01681
TJNR,3/17/2020,85,75,0.02,63.395924,75.16252,85.08769
TJNR,3/18/2020,84,76,0.08,69.71293,77.22563,86.949745
TJNR,3/19/2020,87,75,0.04,63.395924,72.91519,85.08769
TJNR,3/20/2020,85,73,0.58,60.283,74.08151,90.974266
TJNR,3/21/2020,86,75,0.01,56.23738,67.50313,79.47427
TJNR,3/22/2020,85,75,1.5,67.6068,79.03552,90.39978
TJNR,3/23/2020,83,74,0.58,66.493004,75.29693,90.974266
TJNR,3/24/2020,82,75,0.01,66.26546,73.57328,86.949745
TJNR,3/25/2020,85,77,0,60.814526,69.19955,76.62149
TJNR,3/26/2020,85,69,0,58.549393,75.68907,90.594666
TJNR,3/27/2020,85,70,0.11,69.59207,80.92075,93.50594
TJNR,3/28/2020,85,77,0.03,69.59207,77.376434,87.5789
TJNR,3/29/2020,85,78,0.0001,65.257545,72.670395,79.17114
TJNR,3/30/2020,85,78,0,62.857838,67.6664,73.967064
TJNR,3/31/2020,85,72,0.0001,62.857838,75.4266,87.628876
TJNR,4/1/2020,85,70,0,60.814526,74.4276,89.93965
TJNR,4/2/2020,87,72,0,58.95082,74.93828,90.974266
TJNR,4/3/2020,87,75,0.0001,58.549522,76.05503,90.73938
TJNR,4/4/2020,87,72,0,63.0984,77.93652,90.974266
TJNR,4/5/2020,87,72,0,63.0984,76.447296,90.974266
TJNR,4/6/2020,87,79,0,69.799286,77.5216,84.40946
TJNR,4/7/2020,87,79,0.0001,71.92741,78.095825,84.474464
TJNR,4/8/2020,85,78,1.71,74.42529,82.92342,90.29109
TJNR,4/9/2020,87,77,0.02,65.26648,76.436905,86.949745
TJNR,4/10/2020,87,76,0,61.20137,78.10008,90.73938
TJNR,4/11/2020,88,74,0,67.393654,79.82412,93.52941
TJNR,4/12/2020,87,77,0,67.27328,75.68901,86.949745
TJNR,4/13/2020,87,79,0.29,69.59207,77.44243,87.5789
TJNR,4/14/2020,87,78,0.56,65.257545,76.077576,90.21457
TJNR,4/15/2020,87,77,0.05,65.26648,74.72192,87.5789
TJNR,4/16/2020,87,78,0,63.01707,71.20696,79.10189
TJNR,4/17/2020,87,75,0.49,63.395924,73.36896,90.73938
TJNR,4/18/2020,87,74,0,69.59207,75.96037,85.08769
TJNR,4/19/2020,88,80,0,63.0984,72.635254,78.98865
TJNR,4/20/2020,87,76,0.15,65.36098,73.925156,86.949745
TJNR,4/21/2020,88,77,0.0001,64.954704,71.73745,79.10189
TJNR,4/22/2020,87,75,0,69.448425,78.76319,90.73938
TJNR,4/23/2020,88,77,0.06,63.01707,76.04658,90.172104
TJNR,4/24/2020,88,80,0.0001,63.0984,69.98328,74.151726
TJNR,4/25/2020,87,76,0.08,67.05904,75.375,90.21457
TJNR,4/26/2020,88,80,0,56.919083,68.39024,76.36474
TJNR,4/27/2020,89,78,0.02,60.923714,72.16146,84.474464
TJNR,4/28/2020,89,79,0,57.427124,68.55334,74.151726
TJNR,4/29/2020,89,78,0.07,57.427124,71.1961,84.35599
TJNR,4/30/2020,89,77,0.48,65.49481,77.47263,87.5789
TJNR,5/1/2020,90,77,0.1,63.01707,73.94141,87.48222
TJNR,5/2/2020,90,80,0.0001,59.147587,70.373795,79.057945
TJNR,5/3/2020,90,74,0,59.20717,74.57247,90.39978
TJNR,5/4/2020,90,78,0.0001,63.124584,75.53625,84.474464
TJNR,5/5/2020,89,77,0.02,65.18404,75.70403,87.48222
TJNR,5/6/2020,90,81,0,65.18404,73.42934,79.46747
TJNR,5/7/2020,91,79,0,59.147587,70.92614,82.02644
TJNR,5/8/2020,90,77,0,60.966244,75.40498,86.949745
TJNR,5/9/2020,89,81,0,59.147587,71.61231,81.82045
TJNR,5/10/2020,89,81,0,57.18277,66.873726,74.24337
TJNR,5/11/2020,88,78,0.0001,60.923714,71.75182,84.35599
TJNR,5/12/2020,89,78,0.08,63.124584,76.23292,87.5789
TJNR,5/13/2020,89,79,0.02,59.147587,71.448715,87.5789
TJNR,5/14/2020,89,75,0.02,53.638535,68.4696,87.72512
TJNR,5/15/2020,89,77,0.09,57.427124,69.41798,81.89149
TJNR,5/16/2020,89,77,0.27,59.092064,72.981735,86.949745
TJNR,5/17/2020,89,80,0.0001,65.49481,76.54696,84.474464
TJNR,5/18/2020,90,81,0.0001,61.241543,71.08708,82.02644
TJNR,5/19/2020,89,78,0.1,59.20717,70.59744,86.949745
TJNR,5/20/2020,88,77,0.45,63.01707,80.19717,90.172104
TJNR,5/21/2020,87,77,0,74.703735,80.67866,87.6745
TJNR,5/22/2020,90,79,0,65.72114,77.57855,87.6745
TJNR,5/23/2020,88,77,0.0001,70.00456,80.542625,92.96513
TJNR,5/24/2020,89,77,0,61.241543,76.191666,90.21457
TJNR,5/25/2020,89,79,0.0001,63.124584,74.92349,87.5789
TJNR,5/26/2020,90,80,0.06,64.954704,74.237175,82.02644
TJNR,5/27/2020,90,78,0.08,63.25543,76.1859,90.249115
TJNR,5/28/2020,90,75,0.71,71.92741,83.19139,96.38104
TJNR,5/29/2020,89,74,0.05,65.26648,80.09875,97.04129
TJNR,5/30/2020,90,76,0,65.18404,77.12147,94.14301
TJNR,5/31/2020,89,81,0.0001,65.18404,73.798386,84.52736
TJNR,6/1/2020,90,80,0,61.241543,70.821465,79.39962
TJNR,6/2/2020,90,81,0,63.124584,73.01217,82.02644
TJNR,6/3/2020,90,81,0.0001,63.25543,72.20232,84.52736
TJNR,6/4/2020,90,80,0.01,57.49431,67.88689,82.02644
TJNR,6/5/2020,91,82,0,57.18277,69.22351,76.526184
TJNR,6/6/2020,89,81,0.05,60.923714,71.21553,84.866806
TJNR,6/7/2020,90,80,0,60.966244,71.50071,79.46747
TJNR,6/8/2020,90,76,0.17,63.124584,80.855705,93.55792
TJNR,6/9/2020,89,77,0.01,65.49481,77.36943,90.21457
TJNR,6/10/2020,90,76,0.0001,60.966244,78.40811,90.172104
TJNR,6/11/2020,90,76,0.03,63.362026,79.33123,93.55792
TJNR,6/12/2020,90,76,0.14,65.18404,81.61235,96.42644
TJNR,6/13/2020,91,77,0,59.58785,77.36925,96.41042
TJNR,6/14/2020,91,77,0,59.58785,71.959526,90.172104
TJNR,6/15/2020,91,82,0,57.49431,68.88436,79.39962
TJNR,6/16/2020,91,79,0.02,60.966244,70.71701,84.474464
TJNR,6/17/2020,91,81,0.01,59.26213,70.865234,82.02644
TJNR,6/18/2020,91,79,0.05,61.404633,72.87563,87.5789
TJNR,6/19/2020,92,81,0,63.690865,72.65208,82.42622
TJNR,6/20/2020,92,81,0.0001,59.58785,71.77026,82.498085
TJNR,6/21/2020,92,81,0.02,61.92397,76.42481,90.92372
TJNR,6/22/2020,91,84,0,66.05125,75.43154,82.55657
TJNR,6/23/2020,91,83,0,63.25543,73.252464,79.549965
TJNR,6/24/2020,91,77,0.1,62.683746,75.17364,90.21457
TJNR,6/25/2020,92,83,0,57.93478,68.1599,77.11626
TJNR,6/26/2020,92,80,0.15,64.21887,76.63214,94.26866
TJNR,6/27/2020,93,83,0,59.58785,73.218124,83.88154
TJNR,6/28/2020,91,78,0,65.72114,75.484055,90.21457
TJNR,6/29/2020,91,77,0.07,60.966244,74.110725,87.5789
TJNR,6/30/2020,92,78,0.07,57.431393,72.417244,87.5789
TJNR,7/1/2020,92,77,0.01,61.404633,73.04239,87.5789
TJNR,7/2/2020,93,82,0.0001,63.690865,73.785484,83.88154
TJNR,7/3/2020,93,83,0,50.798344,71.19459,82.498085
TJNR,7/4/2020,92,80,0.0001,57.431393,71.70098,87.6745
TJNR,7/5/2020,91,79,0.17,59.147587,73.49652,90.249115
TJNR,7/6/2020,92,80,0.08,65.72114,74.253845,83.88154
TJNR,7/7/2020,91,80,0.04,63.362026,76.22401,90.92372
TJNR,7/8/2020,91,81,0.07,70.00456,79.528755,91.28943
TJNR,7/9/2020,92,82,0,55.71818,67.330666,77.11626
TJNR,7/10/2020,93,79,0.08,57.431393,68.49149,84.40946
TJNR,7/11/2020,92,77,0.78,52.247787,66.06731,90.172104
TJNR,7/12/2020,90,75,2.54,66.55361,81.343376,90.29109
TJNR,7/13/2020,91,81,0.08,63.362026,74.98706,87.6745
TJNR,7/14/2020,91,83,0,53.91329,69.35176,79.46747
TJNR,7/15/2020,90,82,0,55.58441,66.2174,74.2799
TJNR,7/16/2020,90,77,0.33,59.147587,70.125244,84.40946
TJNR,7/17/2020,90,75,0.33,60.966244,74.533165,90.73938
TJNR,7/18/2020,89,76,0.16,63.124584,75.63895,87.72512
TJNR,7/19/2020,89,77,0.0001,63.25543,72.4936,84.57616
TJNR,7/20/2020,89,81,0,63.01707,70.98104,77.11626
TJNR,7/21/2020,90,78,0.13,57.18277,75.60191,86.949745
TJNR,7/22/2020,89,81,0.06,63.25543,72.475044,82.02644
TJNR,7/23/2020,90,80,0.05,63.25543,73.667946,88.01197
TJNR,7/24/2020,89,78,0.32,67.49169,77.45753,90.21457
TJNR,7/25/2020,90,81,0.12,65.18404,73.85112,84.866806
TJNR,7/26/2020,90,83,0.02,65.18404,73.55162,82.42622
TJNR,7/27/2020,90,81,0.03,60.966244,69.85613,84.52736
TJNR,7/28/2020,90,81,0.11,69.448425,74.23889,87.6745
TJNR,7/29/2020,87,79,0.55,69.799286,78.27401,90.29109
TJNR,7/30/2020,82.9,78.1,0.37,77.11626,88.07549,90.92372
TJNR,7/31/2020,,,0,,,
TJNR,8/1/2020,,,0,,,
TJNR,8/2/2020,,,0,,,
TJNR,8/3/2020,,,0,,,
TJNR,8/4/2020,90,82.9,0,65.72114,70.08677,79.549965
TJNR,8/5/2020,90,82,0,63.124584,69.551346,76.526184
TJNR,8/6/2020,91,82,0,51.93074,66.04331,74.325455
TJNR,8/7/2020,92,82,0.0001,57.49431,70.009415,82.498085
TJNR,8/8/2020,91,83,0.0001,61.404633,71.290565,79.549965
TJNR,8/9/2020,91,83,0.0001,60.966244,68.92025,77.11626
TJNR,8/10/2020,91,81,0.0001,62.683746,71.05402,79.39962
TJNR,8/11/2020,91,76,0,57.18277,69.392166,84.57616
TJNR,8/12/2020,90,82,0.18,67.61098,76.584305,88.01197
TJNR,8/13/2020,91,83,0.0001,59.26213,69.36582,82.42622
TJNR,8/14/2020,91,82,0,59.26213,70.813255,79.46747
TJNR,8/15/2020,91,82,0,63.124584,71.667984,79.549965
TJNR,8/16/2020,92,81,0.01,57.93478,75.24354,84.866806
TJNR,8/17/2020,92,83,0,59.58785,69.6437,77.11626
TJNR,8/18/2020,92,83,0.0001,57.431393,67.206985,76.69446
TJNR,8/19/2020,91,83,0.0001,55.71818,67.13224,79.46747
TJNR,8/20/2020,91,78,0.31,59.147587,70.36186,87.5789
TJNR,8/21/2020,91,79,0.08,68.03905,78.5311,90.29109
TJNR,8/22/2020,82,77,2.09,76.6996,86.43275,93.637276
TJNR,8/23/2020,90,81,0,63.25543,74.844444,84.866806
TJNR,8/24/2020,86,76,0.21,67.27328,77.87679,90.172104
TJNR,8/25/2020,89,77,0.1,65.18404,76.88594,90.21457
TJNR,8/26/2020,90,80,0.0001,61.48733,74.0138,82.02644
TJNR,8/27/2020,88,82,0.06,71.92741,78.25753,88.01197
TJNR,8/28/2020,90,83,0,65.72114,73.12527,79.46747
TJNR,8/29/2020,89,83,0.0001,65.49481,72.14382,77.11626
TJNR,8/30/2020,90,80,0.01,63.25543,72.440735,84.474464
TJNR,8/31/2020,91,82,0.34,68.15676,79.89835,88.01197
TJNR,9/1/2020,88,82,0.13,69.448425,78.64109,84.866806
TJNR,9/2/2020,89,77,0.18,67.61098,78.447624,90.29109
TJNR,9/3/2020,88,77,0.07,69.59207,80.893,93.55792
TJNR,9/4/2020,89,80,0,63.25543,74.697914,81.82045
TJNR,9/5/2020,90,80,0.0001,63.362026,73.61941,84.52736
TJNR,9/6/2020,89,80,0.0001,63.01707,73.4507,82.02644
TJNR,9/7/2020,88,76,0.26,67.393654,79.31378,93.60928
TJNR,9/8/2020,88,74,0.54,74.60542,82.939674,93.55792
TJNR,9/9/2020,90,78,0,63.25543,76.00075,90.21457
TJNR,9/10/2020,89,80,0,67.393654,72.01133,79.39962
TJNR,9/11/2020,89,76,0,63.124584,74.038635,87.72512
TJNR,9/12/2020,88,75,0.0001,67.49169,80.00806,93.55792
TJNR,9/13/2020,88,76,0.79,65.49481,82.405426,97.04129
TJNR,9/14/2020,89,77,0.01,70.00456,81.74573,93.55792
TJNR,9/15/2020,89,77,0.08,61.241543,77.64533,94.22723
TJNR,9/16/2020,90,81,0,67.61098,75.642876,81.82045
TJNR,9/17/2020,90,77,0.41,63.124584,75.10518,87.5789
TJNR,9/18/2020,89,78,0,62.467205,75.90074,87.5789
TJNR,9/19/2020,90,74,0.04,59.20717,83.27675,93.50594
TJNR,9/20/2020,89,72,0,61.241543,78.23618,93.79415
TJNR,9/21/2020,90,73,0,53.424034,77.91987,93.79415
TJNR,9/22/2020,89,75,0.05,57.18277,77.928215,90.73938
TJNR,9/23/2020,90,78,0,63.01707,79.03565,90.249115
TJNR,9/24/2020,90,77,0,60.966244,75.74496,87.5789
TJNR,9/25/2020,90,76,0,67.61098,79.283295,92.96513
TJNR,9/26/2020,90,78,0.05,65.18404,74.83368,87.5789
TJNR,9/27/2020,90,76,0.12,65.49481,77.12892,90.249115
TJNR,9/28/2020,88,76,0.79,67.27328,77.035965,90.249115
TJNR,9/29/2020,90,75,0.85,65.18404,83.24946,93.55792
TJNR,9/30/2020,89,75,0.36,67.49169,80.55028,90.92372
TJNR,10/1/2020,87,75,0.13,67.280304,79.28169,93.55792
TJNR,10/2/2020,88,75,0.02,67.393654,77.42777,84.57616
TJNR,10/3/2020,86,74,0.0001,61.064674,80.00833,97.016945
TJNR,10/4/2020,84,73,0.03,79.39962,84.97361,93.79415
TJNR,10/5/2020,88,76,0.06,67.393654,82.18468,93.55792
TJNR,10/6/2020,88,74,0.02,59.092064,75.23057,90.39978
TJNR,10/7/2020,89,73,0.0001,64.954704,80.77624,93.79415
TJNR,10/8/2020,89,75,0,65.49481,81.7846,93.55792
TJNR,10/9/2020,89,75,0.0001,67.27328,81.493935,93.52941
TJNR,10/10/2020,89,78,0.01,67.61098,81.849724,96.42644
TJNR,10/11/2020,88,78,0.0001,67.393654,77.72698,90.29109
TJNR,10/12/2020,89,78,0.0001,63.124584,77.430664,90.21457
TJNR,10/13/2020,89,76,0.0001,67.393654,82.34215,93.55792
TJNR,10/14/2020,87,75,0.0001,72.30214,85.90627,97.04129
TJNR,10/15/2020,86,75,0.0001,74.50657,85.76995,97.04129
TJNR,10/16/2020,84,73,0.0001,79.057945,88.99239,97.04129
TJNR,10/17/2020,86,76,0.07,67.6068,83.28285,97.04129
TJNR,10/18/2020,87,74,0.03,67.393654,81.68194,97.016945
TJNR,10/19/2020,89,71,0,59.20717,78.00994,94.05696
TJNR,10/20/2020,88,71,0.87,59.21356,81.07168,93.79415
TJNR,10/21/2020,88,72,0,63.0984,80.95657,96.678116
TJNR,10/22/2020,89,74,0.02,65.49481,82.03692,93.55792
TJNR,10/23/2020,89,77,0,69.448425,78.89794,93.55792
TJNR,10/24/2020,88,79,0,65.49481,74.51741,87.6745
TJNR,10/25/2020,89,78,0.01,65.49481,75.00296,87.5789
TJNR,10/26/2020,88,81,0.0001,67.27328,72.963394,81.82045
TJNR,10/27/2020,88,77,0.15,65.49481,76.84013,93.55792
TJNR,10/28/2020,88,75,0.41,69.448425,77.26323,90.21457
TJNR,10/29/2020,86,76,0.2,71.92741,81.690605,93.55792
TJNR,10/30/2020,94,80,0,55.984222,69.781654,87.050026
TJNR,10/31/2020,93,84,0.0001,52.348576,57.21602,71.92741
TJNR,11/1/2020,,,0.0001,,,
TJNR,11/2/2020,,,0.22,,,
TJNR,11/3/2020,,,0.15,,,
TJNR,11/4/2020,,,0.04,,,
TJNR,11/5/2020,86,75.9,0.33,65.26648,71.26647,93.52941
TJNR,11/6/2020,86,74,0.41,65.257545,82.07957,94.14301
TJNR,11/7/2020,86,74,0.19,67.6068,80.87194,93.79415
TJNR,11/8/2020,87,74,1.94,72.30214,88.0732,100
TJNR,11/9/2020,86,76,1.19,74.42529,85.484955,100
TJNR,11/10/2020,79,74,0.78,84.40946,93.48257,100
TJNR,11/11/2020,77,72,1.93,93.50594,97.985115,100
TJNR,11/12/2020,82,71,0.5,76.790886,89.89615,100
TJNR,11/13/2020,83,74,0.02,69.61913,80.39028,90.73938
TJNR,11/14/2020,85,76,0.07,71.73187,79.94612,86.949745
TJNR,11/15/2020,85,76,0.0001,65.36098,73.19449,81.55377
TJNR,11/16/2020,86,75,0,65.36098,74.45413,84.45763
TJNR,11/17/2020,87,77,0.01,65.26648,77.53988,87.48222
TJNR,11/18/2020,88,75,0.0001,69.799286,80.897316,93.52941
TJNR,11/19/2020,86,76,0.17,67.27328,78.87231,88.588776
TJNR,11/20/2020,87,78,0.0001,67.27328,75.60274,82.02644
TJNR,11/21/2020,86,74,0.23,67.6068,78.15506,87.681946
TJNR,11/22/2020,86,76,0.34,65.36098,78.467606,92.96513
TJNR,11/23/2020,86,77,0,67.6068,77.617714,84.35599
TJNR,11/24/2020,86,73,0.0001,67.6068,81.995804,93.79415
TJNR,11/25/2020,85,74,0.44,60.283,83.96616,97.016945
TJNR,11/26/2020,86,73,0,63.395924,76.626366,90.974266
TJNR,11/27/2020,86,71,0,61.064674,79.77317,93.4268
TJNR,11/28/2020,84,70,,65.13056,77.442856,93.40279
TJNR,11/29/2020,85,73,0.0001,65.257545,74.15257,93.79415
TJNR,11/30/2020,84,73,,56.751534,64.48314,81.82193
TJNR,12/1/2020,85,70,0,56.751534,73.78469,90.594666
TJNR,12/2/2020,85,69,0.0001,58.549393,74.823586,90.594666
TJNR,12/3/2020,85,72,0.16,60.814526,74.548805,93.77152
TJNR,12/4/2020,85,76,0.07,60.952366,68.18021,81.95878
TJNR,12/5/2020,84,71,0.07,62.857838,79.49096,90.594666
TJNR,12/6/2020,82,71,0.21,71.92238,88.00955,96.678116
TJNR,12/7/2020,83,73,0.09,71.777084,84.14396,93.52941
TJNR,12/8/2020,83,70,0,60.814526,82.27546,96.678116
TJNR,12/9/2020,84,68,0,52.928852,81.34336,96.275345
TJNR,12/10/2020,84,72,0.05,62.615204,80.22781,93.77152
TJNR,12/11/2020,83,73,0.31,71.92238,80.67819,90.974266
TJNR,12/12/2020,85,74,0.01,67.280304,80.1504,87.72512
TJNR,12/13/2020,84,73,0.03,72.10829,80.54583,96.678116
TJNR,12/14/2020,85,76,0.05,67.05904,75.754715,88.588776
TJNR,12/15/2020,84,72,0.01,58.692406,77.04452,87.681946
TJNR,12/16/2020,84,73,0.22,69.71293,82.88367,97.016945
TJNR,12/17/2020,83,70,0.08,76.526184,86.38851,96.99354
TJNR,12/18/2020,82,75,0.03,74.24337,84.34742,90.73938
TJNR,12/19/2020,82,75,0.08,71.92238,82.50569,90.73938
TJNR,12/20/2020,84,76,0.01,69.59207,79.164505,87.72512
TJNR,12/21/2020,85,76,0.0001,62.857838,76.55183,85.08769
TJNR,12/22/2020,85,78,0,65.257545,73.208855,79.17114
TJNR,12/23/2020,85,75,0.09,65.13056,73.720184,82.03341
TJNR,12/24/2020,,,0,,,
TJNR,12/25/2020,,,0,,,
TJNR,12/26/2020,,,0,,,
TJNR,12/27/2020,,,0,,,
TJNR,12/28/2020,,,0,,,
TJNR,12/29/2020,84,75.9,0,62.857838,67.72446,76.62149
TJNR,12/30/2020,83,74,0.01,58.43191,69.50365,81.89738
TJNR,12/31/2020,83,73,0.09,60.1099,68.15978,81.89738
TJNR,1/1/2021,83,76,0,53.953564,62.452957,71.72483
TJNR,1/2/2021,82,72,0.01,51.718468,65.717636,78.335495
TJNR,1/3/2021,83,76,0.0001,54.357697,62.7078,71.414795
TJNR,1/4/2021,83,74,0.0001,57.979168,67.23815,78.774345
TJNR,1/5/2021,82,72,0.0001,66.61727,82.52177,93.77152
TJNR,1/6/2021,81,68,0,66.61727,82.608505,96.275345
TJNR,1/7/2021,80,70,0,66.61727,77.373535,84.972496
TJNR,1/8/2021,82,73,0,64.68674,75.80569,87.681946
TJNR,1/9/2021,83,69,0,67.617035,81.886215,96.322716
TJNR,1/10/2021,82,74,0,71.777084,86.25935,97.016945
TJNR,1/11/2021,82,72,0.0001,66.493004,79.63139,96.678116
TJNR,1/12/2021,84,75,0,63.156197,70.501144,76.62149
TJNR,1/13/2021,85,77,0.0001,63.395924,73.47809,79.10189
TJNR,1/14/2021,86,70,0.04,65.257545,80.66653,93.4268
TJNR,1/15/2021,86,69,0.03,61.064674,81.941574,93.79415
TJNR,1/16/2021,86,72,0,63.156197,75.473885,93.77152
TJNR,1/17/2021,84,69,0.24,67.05904,81.69269,94.14301
TJNR,1/18/2021,84,73,0.28,60.952366,76.71489,96.678116
TJNR,1/19/2021,84,73,0.27,67.280304,78.82423,90.974266
TJNR,1/20/2021,85,72,0,62.857838,74.17388,84.337776
TJNR,1/21/2021,84,71,0.08,65.13056,78.958305,90.594666
TJNR,1/22/2021,85,70,0,62.857838,81.04506,93.40279
TJNR,1/23/2021,85,70,0,65.13056,78.7473,94.05696
TJNR,1/24/2021,84,73,0,,,
TJNR,1/25/2021,85,77,0,60.952366,65.11634,73.88337
TJNR,1/26/2021,84,76,0,65.13056,69.07385,73.88337
TJNR,1/27/2021,84,76,0,56.23738,63.796196,73.88337
TJNR,1/28/2021,84,69,0,54.357697,68.35564,87.135025
TJNR,1/29/2021,84,65,0,58.692406,76.04033,90.400345
TJNR,1/30/2021,82,71,0.15,71.34513,80.638084,90.974266
TJNR,1/31/2021,81,74,0.17,74.068855,81.67246,93.79415
TJNR,2/1/2021,85,76,0.0001,58.549393,72.230995,82.03341
TJNR,2/2/2021,85,71,0,58.549393,72.63268,90.594666
TJNR,2/3/2021,85,70,0.07,60.814526,78.507576,96.9686
TJNR,2/4/2021,87,70,1.11,61.20137,83.63519,94.05696
TJNR,2/5/2021,85,70,0.0001,65.257545,77.05075,93.79415
TJNR,2/6/2021,85,75,0,54.77119,68.51051,85.08769
TJNR,2/7/2021,85,76,0.0001,54.77119,68.933846,84.57616
TJNR,2/8/2021,84,76,0.06,65.13056,70.480286,84.57616
TJNR,2/9/2021,84,73,0.07,65.026215,73.541016,90.974266
TJNR,2/10/2021,81,73,0.57,68.494095,78.136185,94.10022
TJNR,2/11/2021,84,73,0.32,67.05904,74.88185,90.39978
TJNR,2/12/2021,83,72,0.14,60.283,72.42846,90.974266
TJNR,2/13/2021,85,75,0.09,54.620113,68.45137,85.08769
TJNR,2/14/2021,85,75,0.1,61.999435,69.57382,87.681946
TJNR,2/15/2021,85,76,0.04,54.77119,68.96244,79.47427
TJNR,2/16/2021,86,76,0,47.913544,62.991085,71.414795
TJNR,2/17/2021,84,74,0.09,69.27759,78.02487,87.72512
TJNR,2/18/2021,85,76,0,56.506313,68.24827,85.08769
TJNR,2/19/2021,86,75,0.0001,54.77119,66.48112,76.193085
TJNR,2/20/2021,85,76,0.11,54.77119,70.41249,79.47427
TJNR,2/21/2021,84,74,0.06,58.692406,73.36255,81.82193
TJNR,2/22/2021,84,73,0.44,62.857838,75.28785,85.08769
TJNR,2/23/2021,85,73,0.01,58.692406,68.54655,79.47427
TJNR,2/24/2021,85,74,0.02,45.957172,63.027447,78.774345
TJNR,2/25/2021,85,77,0,49.320526,61.082413,71.032486
TJNR,2/26/2021,84,73,0.06,58.692406,66.86829,81.19648
TJNR,2/27/2021,83,72,0.04,60.283,72.70135,84.45763
TJNR,2/28/2021,83,72,0.21,52.928852,67.84031,81.82193
TJNR,3/1/2021,83,72,0.16,61.999435,69.5846,84.972496
TJNR,3/2/2021,84,75,0.0001,49.056587,62.137486,73.780556
TJNR,3/3/2021,85,70,0.05,56.506313,65.4091,87.135025
TJNR,3/4/2021,85,68,0,53.208717,75.10175,89.89542
TJNR,3/5/2021,85,70,0,60.814526,75.86441,87.135025
TJNR,3/6/2021,86,72,0,52.994083,73.83891,87.58521
TJNR,3/7/2021,86,73,0.0001,60.814526,73.76686,87.628876
TJNR,3/8/2021,87,74,0.0001,48.879707,74.70879,90.974266
TJNR,3/9/2021,85,77,0,59.21356,70.66012,76.62149
TJNR,3/10/2021,85,75,0.0001,58.692406,68.969086,79.01681
TJNR,3/11/2021,82,75,0,61.999435,68.33828,76.193085
TJNR,3/12/2021,85,74,0.0001,56.751534,70.41426,81.82193
TJNR,3/13/2021,84,69,0.04,58.549393,74.767,89.89542
TJNR,3/14/2021,84,70,0.0001,63.156197,74.15865,88.507805
TJNR,3/15/2021,84,73,0,65.026215,71.5221,84.337776
TJNR,3/16/2021,84,74,0.01,49.508762,62.558014,78.86083
TJNR,3/17/2021,83,72,0.09,59.922417,68.598976,87.58521
TJNR,3/18/2021,84,75,0.01,50.97468,62.506794,81.95878
TJNR,3/19/2021,85,74,0.01,51.0819,65.502235,81.82193
TJNR,3/20/2021,84,76,0.0001,62.857838,71.036255,79.17114
TJNR,3/21/2021,85,75,0,51.0819,62.609013,73.59218
TJNR,3/22/2021,85,75,0.0001,54.620113,66.87445,76.52757
TJNR,3/23/2021,86,74,0,59.21356,70.86357,81.82193
TJNR,3/24/2021,86,72,0.02,60.952366,74.77793,90.32327
TJNR,3/25/2021,85,76,0.04,62.615204,69.16667,76.790886
TJNR,3/26/2021,84,74,0.72,66.61727,73.73237,87.628876
TJNR,3/27/2021,84,73,0.65,62.857838,73.93337,87.628876
TJNR,3/28/2021,84,75,0.23,63.156197,71.59639,85.08769
TJNR,3/29/2021,85,77,0.0001,62.857838,70.60686,81.55377
TJNR,3/30/2021,85,75,0.63,67.05904,76.014206,87.72512
TJNR,3/31/2021,84,73,0.47,62.277378,72.87515,88.588776
TJNR,4/1/2021,85,76,0.0001,54.49604,65.474945,73.88337
TJNR,4/2/2021,84,72,0.18,69.61913,78.215256,90.974266
TJNR,4/3/2021,84,73,0.22,76.790886,80.655266,100
TJNR,4/4/2021,85,72,0,58.549393,74.70697,90.594666
TJNR,4/5/2021,84,70,0,65.026215,78.306915,90.594666
TJNR,4/6/2021,84,71,0,63.156197,76.38817,90.594666
TJNR,4/7/2021,84,77,0,62.857838,71.178566,79.01681
TJNR,4/8/2021,84,75,0,58.036343,65.0812,73.780556
TJNR,4/9/2021,82,75,0,55.979965,60.414036,66.2685
TJNR,4/10/2021,84,71,0,49.028793,56.870907,65.58198
TJNR,4/11/2021,84,68,0,56.23738,65.39115,76.355446
TJNR,4/12/2021,84,68,0,54.77119,68.53409,87.23564
TJNR,4/13/2021,87,72,0,65.26648,81.09924,90.974266
TJNR,4/14/2021,89,71,0,49.72598,71.679726,87.58521
TJNR,4/15/2021,84,70,0,50.97468,64.28288,75.57828
TJNR,4/16/2021,85,71,0,69.59207,76.95211,87.23564
TJNR,4/17/2021,88,76,0.0001,63.01707,76.161995,90.73938
TJNR,4/18/2021,88,75,0,58.95082,74.97168,87.72512
TJNR,4/19/2021,88,77,0,59.092064,72.69169,82.03341
TJNR,4/20/2021,88,78,0,57.427124,69.36333,79.10189
TJNR,4/21/2021,87,77,0,55.044296,69.47762,79.10189
TJNR,4/22/2021,87,76,0.07,56.919083,70.193596,87.72512
TJNR,4/23/2021,86,73,0.01,55.044296,72.59848,87.681946
TJNR,4/24/2021,88,78.1,,56.919083,67.85174,79.10189
TJNR,4/25/2021,87,76,0,52.928852,65.893585,76.193085
TJNR,4/26/2021,88,72,0.0001,53.147194,66.963425,90.594666
TJNR,4/27/2021,87,74,0.08,62.857838,74.47875,90.974266
TJNR,4/28/2021,86,73,0.03,62.277378,76.23284,93.77152
TJNR,4/29/2021,87,73,0.08,58.549393,74.79588,90.974266
TJNR,4/30/2021,87,74,0.0001,57.01807,68.82678,79.10189
TJNR,5/1/2021,87,72,0,55.044296,68.46227,83.98641
TJNR,5/2/2021,88,77,0.0001,58.95082,70.21686,79.10189
TJNR,5/3/2021,88,76,0.09,58.95082,71.25438,90.73938
TJNR,5/4/2021,89,78,0,59.092064,72.945206,84.35599
TJNR,5/5/2021,89,77,0.15,59.092064,73.459015,87.48222
TJNR,5/6/2021,87,76,0,63.0984,73.19914,85.08769
TJNR,5/7/2021,87,76,0.02,53.147194,69.8548,87.48222
TJNR,5/8/2021,87,74,0.41,61.20137,78.3425,93.50594
TJNR,5/9/2021,88,78,0,63.01707,75.57633,84.52736
TJNR,5/10/2021,88,75,0.08,65.13056,79.47047,93.52941
TJNR,5/11/2021,88,76,0.08,69.685555,81.862686,97.04129
TJNR,5/12/2021,89,78,0.0001,59.092064,71.78214,88.74824
TJNR,5/13/2021,88,76,0.04,59.20717,70.54143,81.95878
TJNR,5/14/2021,87,75,0.23,61.20137,76.34787,87.72512
TJNR,5/15/2021,88,74,0.2,63.0984,77.98191,93.79415
TJNR,5/16/2021,89,77,0,60.923714,74.160835,87.5789
TJNR,5/17/2021,89,73,0.0001,55.463593,75.668976,93.50594
TJNR,5/18/2021,89,76,0.01,63.124584,75.469894,84.35599
TJNR,5/19/2021,90,75,0,57.18277,77.14871,93.52941
TJNR,5/20/2021,89,75,0,61.241543,77.08771,93.52941
TJNR,5/21/2021,90,74,0,59.092064,74.86307,93.79415
TJNR,5/22/2021,89,80,0.0001,63.01707,73.05603,82.02644
TJNR,5/23/2021,82,71,3.23,76.790886,88.663315,100
TJNR,5/24/2021,89,73,0.0001,67.393654,80.85439,96.678116
TJNR,5/25/2021,88,79,0.06,60.923714,76.02026,87.5789
TJNR,5/26/2021,88,79,0,63.01707,73.855354,81.41737
TJNR,5/27/2021,88,76,0,60.923714,74.08854,87.72512
TJNR,5/28/2021,87,74,0.25,63.01707,84.45759,93.79415
TJNR,5/29/2021,87,72,0.03,63.01707,79.27021,97.016945
TJNR,5/30/2021,87,76,0.16,63.01707,73.35202,85.08769
TJNR,5/31/2021,88,76,0.49,63.0984,76.37462,90.73938
TJNR,6/1/2021,87,77,0.15,67.27328,77.15145,90.172104
TJNR,6/2/2021,86,78,0.0001,65.36098,74.41837,81.89149
TJNR,6/3/2021,87,79,0.01,65.26648,72.97182,78.98865
TJNR,6/4/2021,87,77,0.1,67.6068,76.59526,87.5789
TJNR,6/5/2021,86,74,0.91,65.257545,80.79716,97.016945
TJNR,6/6/2021,85,77,0.3,71.73187,77.64369,90.21457
TJNR,6/7/2021,83,75,0.75,78.98865,84.72155,97.04129
TJNR,6/8/2021,84,76,0.07,74.325455,83.224464,93.55792
TJNR,6/9/2021,87,74,1.42,74.50657,89.14534,100
TJNR,6/10/2021,84,76,0.14,81.82045,89.99485,100
TJNR,6/11/2021,86,77,0.0001,71.73187,84.78111,96.42644
TJNR,6/12/2021,87,74,0,71.92741,83.183174,97.04129
TJNR,6/13/2021,88,77,0.03,63.01707,78.437996,90.249115
TJNR,6/14/2021,89,80,0,69.448425,78.674484,88.01197
TJNR,6/15/2021,88,79,0.01,65.49481,78.354126,93.637276
TJNR,6/16/2021,89,80,0.0001,65.18404,78.52584,87.6745
TJNR,6/17/2021,87,77,0.25,72.03415,84.19508,96.45527
TJNR,6/18/2021,89,79,0.0001,66.35352,78.49268,90.29109
TJNR,6/19/2021,88,76,0.34,69.448425,80.60217,97.07845
TJNR,6/20/2021,87,77,0.68,77.3703,87.14911,100
TJNR,6/21/2021,86,77,0.35,76.69446,86.406494,96.42644
TJNR,6/22/2021,86,76,0.65,74.42529,86.33094,100
TJNR,6/23/2021,86,78,0,69.685555,78.21245,87.050026
TJNR,6/24/2021,86,78,0.05,71.73187,78.238815,87.050026
TJNR,6/25/2021,87,79,0.02,69.685555,79.27686,87.6745
TJNR,6/26/2021,85,73,1.89,77.11626,91.59218,100
TJNR,6/27/2021,87,72,1.86,67.27328,84.33673,100
TJNR,6/28/2021,87,79,0.0001,67.393654,78.07185,87.5789
TJNR,6/29/2021,87,78,0,67.393654,76.15593,90.21457
TJNR,6/30/2021,87,76,0.97,69.685555,82.09854,100
TJNR,7/1/2021,87,78,0.1,80.14464,84.1933,93.66005
TJNR,7/2/2021,88,81,0.01,69.448425,80.05643,90.92372
TJNR,7/3/2021,90,82,0,70.00456,81.99541,88.01197
TJNR,7/4/2021,88,80,0,64.954704,75.99687,87.6745
TJNR,7/5/2021,88,79,0.0001,67.27328,77.38016,87.6745
TJNR,7/6/2021,88,77,0.0001,64.954704,78.43655,93.55792
TJNR,7/7/2021,89,81,0,70.00456,78.85655,84.866806
TJNR,7/8/2021,89,80,0.01,67.393654,77.742546,90.92372
TJNR,7/9/2021,88,78,0.32,67.393654,77.817825,92.96513
TJNR,7/10/2021,87,75,0.17,69.799286,81.04001,93.52941
TJNR,7/11/2021,88,78,0.0001,72.59893,82.43638,97.07845
TJNR,7/12/2021,88,81,0.01,69.448425,80.23233,88.01197
TJNR,7/13/2021,89,80,0.0001,67.49169,80.27824,90.92372
TJNR,7/14/2021,88,75,0.0001,65.26648,79.92673,93.50594
TJNR,7/15/2021,88,76,0.0001,63.124584,76.66304,90.73938
TJNR,7/16/2021,89,77,0.23,62.467205,78.17034,88.01197
TJNR,7/17/2021,88,77,0.05,69.799286,80.773605,90.249115
TJNR,7/18/2021,89,78,0.08,74.703735,83.71803,97.07845
TJNR,7/19/2021,89,81,0.0001,67.49169,76.412056,84.866806
TJNR,7/20/2021,89,81,0,67.49169,76.16549,84.866806
TJNR,7/21/2021,88,77,1.1,69.448425,82.314415,92.96513
TJNR,7/22/2021,88,75,0.1,67.393654,80.990105,97.04129
TJNR,7/23/2021,88,80,0.11,72.03415,82.54426,91.28943
TJNR,7/24/2021,82,77,1.23,84.866806,96.50583,100
TJNR,7/25/2021,82,75,0.99,90.92372,98.04045,100
TJNR,7/26/2021,87,75,0.03,79.39962,88.52905,100
TJNR,7/27/2021,88,80,0.0001,69.448425,77.12,90.29109
TJNR,7/28/2021,87,76,0.74,67.393654,80.80949,93.60928
TJNR,7/29/2021,87,78,0.11,74.50657,82.12733,88.01197
TJNR,7/30/2021,87,77,0.31,69.448425,86.23067,100
TJNR,7/31/2021,87,78,0.03,74.60542,83.94475,100
TJNR,8/1/2021,87,77,0.14,71.92741,83.61648,100
TJNR,8/2/2021,86,75,0.01,71.73187,83.10701,93.55792
TJNR,8/3/2021,87,75,0.03,71.92741,84.3493,96.41042
TJNR,8/4/2021,87,75,0.22,77.28062,88.60496,100
TJNR,8/5/2021,88,78,0.01,72.03415,84.384254,96.42644
TJNR,8/6/2021,88,80,0,69.448425,80.614105,87.6745
TJNR,8/7/2021,87,79,0.0001,71.92741,81.15426,87.6745
TJNR,8/8/2021,84,75,0.34,77.11626,87.80484,100
TJNR,8/9/2021,88,79,0.01,67.393654,79.71483,90.29109
TJNR,8/10/2021,87,75,0.63,74.60542,89.88144,100
TJNR,8/11/2021,87,76,0.94,79.69874,90.871994,100
TJNR,8/12/2021,88,80,0.0001,69.448425,81.004036,100
TJNR,8/13/2021,88,79,0.01,72.03415,81.03772,100
TJNR,8/14/2021,89,79,0.09,76.95193,87.99432,100
TJNR,8/15/2021,83,74,2.32,90.66067,98.28984,100
TJNR,8/16/2021,88,77,0.0001,74.703735,88.31116,100
TJNR,8/17/2021,88,79,0.0001,67.27328,83.03865,93.637276
TJNR,8/18/2021,88,80,0,74.60542,82.138306,90.29109
TJNR,8/19/2021,88,80,0,74.50657,80.303444,93.637276
TJNR,8/20/2021,89,80,0.02,72.03415,83.28413,93.66005
TJNR,8/21/2021,89,81,0,74.703735,83.84221,90.92372
TJNR,8/22/2021,88,81,0.0001,74.703735,84.192696,91.28943
TJNR,8/23/2021,88,81,0.0001,72.03415,82.14286,88.01197
TJNR,8/24/2021,88,80,0.0001,69.448425,81.38382,90.92372
TJNR,8/25/2021,88,80,0,67.27328,78.88676,87.6745
TJNR,8/26/2021,88,79,0,61.241543,78.23001,87.5789
TJNR,8/27/2021,88,80,0.0001,70.00456,82.44535,93.992455
TJNR,8/28/2021,88,81,0,76.95193,85.04373,90.92372
TJNR,8/29/2021,87,78,0,72.03415,83.68796,92.96513
TJNR,8/30/2021,88,74,0,67.6068,82.92393,97.04129
TJNR,8/31/2021,88,72,0,64.954704,84.17702,100
TJNR,9/1/2021,87,73,0.01,69.448425,85.983215,100
TJNR,9/2/2021,88,74,0.07,72.03415,85.46077,100
TJNR,9/3/2021,89,81,0.0001,72.59893,83.94295,94.0139
TJNR,9/4/2021,89,81,0,71.92741,81.26367,93.992455
TJNR,9/5/2021,89,80,0.0001,72.03415,80.90869,88.01197
TJNR,9/6/2021,89,82,0,72.59893,82.166794,88.05347
TJNR,9/7/2021,89,81,0,84.866806,86.47838,90.92372
TJNR,9/8/2021,88,77,0.67,,,
TJNR,9/9/2021,89,74,0.0001,67.61098,77.75065,93.66005
TJNR,9/10/2021,91,77,0.01,65.72114,81.0483,100
TJNR,9/11/2021,89,79,0.01,70.00456,80.54798,90.249115
TJNR,9/12/2021,89,76,0.12,72.59893,82.978745,93.992455
TJNR,9/13/2021,89,81,0.11,72.03415,82.907845,93.66005
TJNR,9/14/2021,89,78,0.15,88.01197,92.393394,100
TJNR,9/15/2021,86,77,0.03,82.55657,92.33164,100
TJNR,9/16/2021,90,77,0.08,67.49169,83.3243,100
TJNR,9/17/2021,89,77,0.05,69.448425,82.35361,93.60928
TJNR,9/18/2021,89,77,0.03,61.241543,79.28926,93.55792
TJNR,9/19/2021,89,76,0.2,64.954704,78.75424,97.07845
TJNR,9/20/2021,89,78,0.05,74.703735,88.81755,100
TJNR,9/21/2021,90,76,1.94,65.18404,90.075,100
TJNR,9/22/2021,89,78,0.0001,67.61098,84.600395,97.07845
TJNR,9/23/2021,89,77,0.0001,70.00456,85.138405,97.07845
TJNR,9/24/2021,90,77,0,65.18404,83.97831,96.42644
TJNR,9/25/2021,90,76,0,70.00456,84.435524,100
TJNR,9/26/2021,90,77,0,70.00456,84.26723,100
TJNR,9/27/2021,90,76,0.06,67.61098,83.29174,100
TJNR,9/28/2021,90,76,0,65.18404,83.426476,100
TJNR,9/29/2021,92,77,0.03,63.362026,84.27633,100
TJNR,9/30/2021,90,75,0,67.49169,85.00415,100
TJNR,10/1/2021,91,73,0,59.26213,81.0211,97.04129
TJNR,10/2/2021,87,75,0.49,74.151726,89.71421,100
TJNR,10/3/2021,90,83,0,63.25543,75.41297,85.480934
TJNR,10/4/2021,91,80,0.02,61.48733,73.386894,87.6745
TJNR,10/5/2021,90,81,0.01,62.683746,72.39183,82.42622
TJNR,10/6/2021,89,76,0.27,63.124584,79.62928,94.18534
TJNR,10/7/2021,89,81,0.01,72.03415,81.86959,94.26866
TJNR,10/8/2021,90,82,0,70.00456,77.99675,90.66067
TJNR,10/9/2021,89,77,0.0001,65.18404,75.17168,93.637276
TJNR,10/10/2021,88,77,0.32,72.03415,83.29212,96.45527
TJNR,10/11/2021,86,76,1.13,76.69446,92.193794,100
TJNR,10/12/2021,88,78,0.11,77.53208,91.10008,100
TJNR,10/13/2021,88,77,0.54,79.31164,95.41035,100
TJNR,10/14/2021,87,76,0.22,79.549965,92.62417,100
TJNR,10/15/2021,89,76,0.1,67.61098,91.45103,100
TJNR,10/16/2021,89,75,0,72.03415,89.479256,100
TJNR,10/17/2021,88,76,0.14,79.77991,92.89413,100
TJNR,10/18/2021,89,75,0,69.448425,90.357574,100
TJNR,10/19/2021,88,76,0.0001,72.03415,87.94938,100
TJNR,10/20/2021,88,77,0.81,76.95193,92.305,100
TJNR,10/21/2021,88,75,0.7,69.799286,88.08131,100
TJNR,10/22/2021,88,79,0,64.954704,73.8573,93.60928
TJNR,10/23/2021,88,77,0.05,64.954704,73.63229,86.949745
TJNR,10/24/2021,87,74,0.23,65.36098,83.51614,97.07845
TJNR,10/25/2021,88,75,0.3,67.393654,84.04629,100
TJNR,10/26/2021,88,73,0.41,64.954704,86.61323,100
TJNR,10/27/2021,87,72,0.29,67.393654,85.203835,100
TJNR,10/28/2021,87,72,0,61.20137,84.909195,100
TJNR,10/29/2021,87,73,0,69.27759,81.59076,100
TJNR,10/30/2021,88,74,0.1,65.26648,85.66143,100
TJNR,10/31/2021,86,74,0.03,74.42529,86.156555,100
TJNR,11/1/2021,87,75,0,69.685555,81.76368,97.04129
TJNR,11/2/2021,88,79,0.08,72.30214,80.67286,90.92372
TJNR,11/3/2021,85,74,1.74,82.55657,92.671776,100
TJNR,11/4/2021,88,76,0.25,64.954704,84.56538,100
TJNR,11/5/2021,88,76,0.01,67.393654,83.80487,100
TJNR,11/6/2021,88,78,0.08,65.26648,77.829094,100
TJNR,11/7/2021,87,73,0,69.799286,82.654144,97.016945
TJNR,11/8/2021,88,75,0,63.01707,83.91555,100
TJNR,11/9/2021,88,74,0.11,63.01707,85.235756,100
TJNR,11/10/2021,88,75,0.16,63.01707,80.088844,100
TJNR,11/11/2021,88,78,0.28,67.393654,80.44147,100
TJNR,11/12/2021,88,78,0.06,66.35352,79.712234,93.60928
TJNR,11/13/2021,88,78,0.04,69.448425,80.62682,90.29109
TJNR,11/14/2021,88,80,0,67.393654,78.39051,87.6745
TJNR,11/15/2021,88,79,0.07,67.27328,78.88574,93.60928
TJNR,11/16/2021,86,75,0.0001,61.064674,73.66389,96.38104
TJNR,11/17/2021,87,75,0.35,71.92238,82.661026,97.04129
TJNR,11/18/2021,85,77,0.57,79.057945,87.38221,100
TJNR,11/19/2021,86,78,0.04,69.799286,78.68301,90.29109
TJNR,11/20/2021,87,73,0.0001,69.685555,80.265175,100
TJNR,11/21/2021,86,74,0.03,74.42529,83.8747,100
TJNR,11/22/2021,86,73,0,71.73187,86.0483,100
TJNR,11/23/2021,86,73,0,65.26648,84.93089,100
TJNR,11/24/2021,87,72,0,63.0984,87.90316,100
TJNR,11/25/2021,83,72,0.26,79.17114,90.67397,100
TJNR,11/26/2021,85,73,0,56.506313,71.20786,81.89149
TJNR,11/27/2021,86,72,0,71.92741,80.81507,94.10022
TJNR,11/28/2021,86,74,0.4,71.73187,89.90188,100
TJNR,11/29/2021,87,74,0.11,74.60542,89.81603,100
TJNR,11/30/2021,87,73,0,67.27328,82.99589,100
TJNR,12/1/2021,87,75,0.42,74.703735,86.09694,100
TJNR,12/2/2021,86,76,0.06,69.59207,81.606064,96.42644
TJNR,12/3/2021,87,75,0.11,71.92741,85.39409,100
TJNR,12/4/2021,87,76,0.03,74.42529,82.62314,92.96513
TJNR,12/5/2021,87,79,0,69.799286,76.69362,87.5789
TJNR,12/6/2021,87,79,0.0001,67.27328,75.522484,84.40946
TJNR,12/7/2021,86,78,0,65.36098,74.17995,81.89149
TJNR,12/8/2021,85,77,0.01,67.05904,75.126015,84.57616
TJNR,12/9/2021,86,75,0.02,69.59207,77.992035,93.50594
TJNR,12/10/2021,85,75,0.12,69.685555,79.53543,96.38104
TJNR,12/11/2021,85,77,0.0001,69.59207,76.177574,81.89149
TJNR,12/12/2021,85,77,0.05,74.325455,81.77123,90.249115
TJNR,12/13/2021,85,75,0.45,74.42529,83.75567,97.04129
TJNR,12/14/2021,85,76,0.05,71.73187,82.688736,90.29109
TJNR,12/15/2021,83,76,0.04,72.10829,82.59472,93.55792
TJNR,12/16/2021,84,74,0.36,71.72483,76.20467,97.016945
TJNR,12/17/2021,85,76,0.31,65.13056,78.34848,93.52941
TJNR,12/18/2021,83,75,0.09,71.14396,80.95776,93.55792
TJNR,12/19/2021,84,74,0.25,72.10829,82.342354,100
TJNR,12/20/2021,83,73,0.99,79.10189,90.22866,100
TJNR,12/21/2021,84,69,0.0001,69.71293,83.459694,100
TJNR,12/22/2021,84,72,0.0001,69.71293,86.39563,100
TJNR,12/23/2021,85,72,0.0001,72.10829,87.8689,100
TJNR,12/24/2021,85,72,0.38,71.73187,88.75489,100
TJNR,12/25/2021,83,73,0.23,72.10829,85.30132,100
TJNR,12/26/2021,84,72,0.0001,65.13056,83.95723,100
TJNR,12/27/2021,84,71,0,67.617035,79.994965,93.77152
TJNR,12/28/2021,83,77,0,69.61913,76.78831,84.35599
TJNR,12/29/2021,85,76,0,62.857838,74.498024,81.89149
TJNR,12/30/2021,83,77,0.0001,65.026215,70.83027,73.967064
TJNR,12/31/2021,84,77,0,66.39086,71.30535,76.193085
TJNR,1/1/2022,84,76,0,54.49604,66.04369,74.068855
TJNR,1/2/2022,84,76,0,54.620113,67.33823,79.10189
TJNR,1/3/2022,84,72,0.0001,67.05904,79.82985,100
TJNR,1/4/2022,84,70,0,69.71293,84.11111,100
TJNR,1/5/2022,84,72,0.13,65.13056,83.716606,100
TJNR,1/6/2022,84,72,0.17,67.617035,82.12748,100
TJNR,1/7/2022,84,71,0.12,74.2799,84.13943,100
TJNR,1/8/2022,83,70,0.45,73.88337,81.66868,97.04129
TJNR,1/9/2022,84,73,0.03,69.61913,77.03003,93.77152
TJNR,1/10/2022,83,72,0.29,71.777084,84.96682,96.99354
TJNR,1/11/2022,83,70,0.15,69.61913,85.3069,100
TJNR,1/12/2022,83,70,0.04,67.617035,83.00367,100
TJNR,1/13/2022,83,68,0.02,65.026215,83.17529,100
TJNR,1/14/2022,84,71,0.01,69.71293,84.56035,100
TJNR,1/15/2022,84,69,0,67.280304,87.43719,100
TJNR,1/16/2022,84,70,0,69.59207,84.653915,100
TJNR,1/17/2022,85,70,0.0001,65.257545,80.283295,96.9686
TJNR,1/18/2022,84,67,0,72.10829,84.69275,100
TJNR,1/19/2022,85,73,0.0001,67.617035,78.88642,96.678116
TJNR,1/20/2022,85,75,0.01,67.280304,77.25935,87.72512
TJNR,1/21/2022,84,75,0.02,58.43191,73.4653,90.73938
TJNR,1/22/2022,84,70,0.01,67.617035,77.66506,93.79415
TJNR,1/23/2022,83,68,0,56.23738,73.548515,96.29225
TJNR,1/24/2022,85,65,0,58.692406,84.23949,100
TJNR,1/25/2022,84,71,0.09,62.277378,80.9773,100
TJNR,1/26/2022,84,75,0,60.814526,73.609634,82.03341
TJNR,1/27/2022,84,76,0.0001,67.617035,76.78717,85.08769
TJNR,1/28/2022,84,72,0,63.156197,77.4123,93.4268
TJNR,1/29/2022,85,70,0.0001,53.208717,77.91911,96.9686
TJNR,1/30/2022,84,67,0,64.68674,84.233284,100
TJNR,1/31/2022,87,68,0.0001,59.21356,83.354324,100
TJNR,2/1/2022,85,71,0.3,67.280304,85.09361,100
TJNR,2/2/2022,85,73,0,69.71293,79.25622,93.79415
TJNR,2/3/2022,85,76,0,67.280304,78.88742,87.48222
TJNR,2/4/2022,82,73,0.28,78.98865,86.85151,100
TJNR,2/5/2022,79,71,0.43,81.89149,90.06204,100
TJNR,2/6/2022,83,71,2.88,76.6996,94.73575,100
TJNR,2/7/2022,82,72,0.14,71.92238,83.55738,100
TJNR,2/8/2022,83,72,0.01,65.13056,76.90631,96.678116
TJNR,2/9/2022,84,74,0,65.257545,74.26002,90.39978
TJNR,2/10/2022,85,74,0,60.814526,74.80725,93.50594
TJNR,2/11/2022,85,72,0.02,66.493004,78.49059,100
TJNR,2/12/2022,82,71,0.34,64.30781,85.30075,100
TJNR,2/13/2022,82,73,0.04,69.61913,85.64722,100
TJNR,2/14/2022,84,73,0.53,69.59207,79.79605,93.79415
TJNR,2/15/2022,85,75,0.0001,72.10829,82.762405,90.73938
TJNR,2/16/2022,85,76,0,69.59207,81.58705,90.73938
TJNR,2/17/2022,85,74,0,63.156197,74.46156,87.72512
TJNR,2/18/2022,83,73,0.07,74.151726,81.94572,97.016945
TJNR,2/19/2022,84,76,0.01,67.05904,76.70709,87.72512
TJNR,2/20/2022,84,74,0.0001,67.05904,76.58257,87.72512
TJNR,2/21/2022,83,73,0.22,69.71293,79.05573,96.678116
TJNR,2/22/2022,84,76,0.0001,67.617035,75.27779,82.03341
TJNR,2/23/2022,83,73,0.01,68.85131,76.23298,85.08769
TJNR,2/24/2022,83,72,0.0001,56.23738,68.43494,81.19648
TJNR,2/25/2022,84,69,0.12,73.677185,80.910866,96.9686
TJNR,2/26/2022,84,74,0,67.617035,77.279205,85.08769
TJNR,2/27/2022,84,75,0,71.777084,80.46346,96.38104
TJNR,2/28/2022,85,72,0.0001,71.73187,85.59991,100
TJNR,3/1/2022,84,73,0,69.59207,83.43006,96.678116
TJNR,3/2/2022,80.1,74,0.04,78.98865,83.44894,97.016945
TJNR,3/3/2022,,,0,,,
TJNR,3/4/2022,84,78.1,0.0001,69.59207,74.945366,86.949745
TJNR,3/5/2022,84,78.1,0.05,71.73187,75.89477,86.949745
TJNR,3/6/2022,83,73,0.19,71.777084,80.04644,96.678116
TJNR,3/7/2022,85,74,0.0001,63.156197,75.61051,93.50594
TJNR,3/8/2022,84,75,0.0001,67.617035,76.92354,87.48222
TJNR,3/9/2022,85,77,0.24,69.685555,80.67133,90.172104
TJNR,3/10/2022,82,78,0.16,74.24337,75.60545,81.55377
TJNR,3/11/2022,85,77,0.0001,63.156197,72.95105,84.57616
TJNR,3/12/2022,84,75,0.09,67.617035,79.86085,97.04129
TJNR,3/13/2022,86,76,0.0001,60.952366,72.59399,85.08769
TJNR,3/14/2022,85,75,0.0001,67.280304,74.235306,87.72512
TJNR,3/15/2022,85,77,0.0001,62.857838,73.73457,87.48222
TJNR,3/16/2022,87,74,0.01,57.163784,72.45973,90.73938
TJNR,3/17/2022,87,76,0.0001,58.95082,74.75089,90.73938
TJNR,3/18/2022,86,74,0.12,58.95082,74.72967,100
TJNR,3/19/2022,86,76,0.0001,62.857838,71.42308,79.10189
TJNR,3/20/2022,86,77,0.0001,60.952366,72.761055,81.89149
TJNR,3/21/2022,84,76,0.0001,65.13056,72.45675,79.47427
TJNR,3/22/2022,84,77,0.01,64.68674,73.580635,82.03341
TJNR,3/23/2022,87,76,0,58.95082,71.59822,79.10189
TJNR,3/24/2022,84,75,0.01,67.05904,75.76859,87.681946
TJNR,3/25/2022,86,77,0.0001,61.064674,73.07489,82.03341
TJNR,3/26/2022,87,70,0.01,59.21356,77.23306,93.4268
TJNR,3/27/2022,86,69,0,55.044296,79.98191,100
TJNR,3/28/2022,87,70,0,61.064674,78.10117,96.9686
TJNR,3/29/2022,85,73,0,65.36098,78.645546,93.79415
TJNR,3/30/2022,85,73,0.11,60.952366,73.008835,87.681946
TJNR,3/31/2022,86,76,0.0001,61.064674,71.07951,82.03341
TJNR,4/1/2022,86,77,0,61.064674,70.22485,76.790886
TJNR,4/2/2022,87,75,0.02,67.280304,78.97085,93.52941
TJNR,4/3/2022,86,77,0,61.20137,73.25897,84.35599
TJNR,4/4/2022,87,74,0.01,65.257545,77.29286,93.52941
TJNR,4/5/2022,87,75,0,60.923714,73.234314,84.45763
TJNR,4/6/2022,86,73,0.05,63.156197,76.58351,97.016945
TJNR,4/7/2022,86,77,0.0001,65.36098,76.05464,90.172104
TJNR,4/8/2022,86,75,0.03,61.20137,77.41898,90.73938
TJNR,4/9/2022,87,78,0,61.20137,72.73282,79.17114
TJNR,4/10/2022,87,76,0.0001,65.36098,76.25016,87.72512
TJNR,4/11/2022,86,73,0,67.6068,79.37035,96.678116
TJNR,4/12/2022,87,77,0.04,63.01707,74.970406,88.668915
TJNR,4/13/2022,87,76,0,57.163784,68.20446,87.48222
TJNR,4/14/2022,87,74,0.06,61.064674,77.19527,93.52941
TJNR,4/15/2022,86,76,0.15,67.6068,79.3202,97.04129
TJNR,4/16/2022,86,78,0,67.27328,76.73974,84.40946
TJNR,4/17/2022,86,77,0.0001,65.26648,74.586174,86.949745
TJNR,4/18/2022,84.9,78.1,,63.395924,77.37352,81.89149
TJNR,4/19/2022,,,,,,
TJNR,4/20/2022,,,,,,
TJNR,4/21/2022,,,,,,
TJNR,4/22/2022,,,,,,
TJNR,4/23/2022,86,76,0.04,,,
TJNR,4/24/2022,86,77,0.0001,59.21356,66.364006,79.10189
TJNR,4/25/2022,86,77,0.0001,61.20137,69.09943,73.967064
TJNR,4/26/2022,86,73,0,58.95082,66.97104,78.7032
TJNR,4/27/2022,84,73,0.09,52.928852,66.19317,87.681946
TJNR,4/28/2022,85,69,0,51.0819,60.585,75.57828
TJNR,4/29/2022,86,71,0,57.01807,69.03435,87.23564
TJNR,4/30/2022,80,75,0.8,79.17114,92.50255,100
TJNR,5/1/2022,83,76,0.1,84.35599,94.94758,100
TJNR,5/2/2022,87,79,0.04,74.60542,89.177704,97.07845
TJNR,5/3/2022,87,79,0,69.685555,81.36793,93.60928
TJNR,5/4/2022,86,79,0,71.92741,79.60705,88.74824
TJNR,5/5/2022,87,77,0.0001,65.26648,76.953545,87.5789
TJNR,5/6/2022,87,78,0,63.0984,76.94677,84.40946
TJNR,5/7/2022,87,78,0,63.01707,75.99519,84.474464
TJNR,5/8/2022,89,79,0.06,67.393654,83.6163,93.60928
TJNR,5/9/2022,89,76,0.0001,63.25543,81.360855,96.42644
TJNR,5/10/2022,88,73,0.0001,67.393654,80.73254,100
TJNR,5/11/2022,89,77,0.15,67.393654,82.53507,96.42644
TJNR,5/12/2022,86,79,0.0001,74.42529,77.648346,90.92372
TJNR,5/13/2022,87,75,0.12,67.393654,78.87071,96.41042
TJNR,5/14/2022,87,74,0.08,64.954704,78.32898,96.38104
TJNR,5/15/2022,89,74,0.19,63.01707,77.78147,100
TJNR,5/16/2022,88,78,0.04,69.448425,81.68054,90.29109
TJNR,5/17/2022,89,80,0,72.59893,82.09973,90.66067
TJNR,5/18/2022,88,80,0.07,82.42622,85.57063,100
TJNR,5/19/2022,89,81,0,63.25543,75.056694,84.866806
TJNR,5/20/2022,89,79,0.0001,64.954704,77.96892,87.6745
TJNR,5/21/2022,89,79,0,63.01707,75.57391,84.52736
TJNR,5/22/2022,89,76,0.01,66.35352,78.41472,90.172104
TJNR,5/23/2022,88,76,0.42,64.954704,79.9234,100
TJNR,5/24/2022,88,79,0,67.393654,75.87424,87.050026
TJNR,5/25/2022,89,79,0,63.124584,74.416885,84.40946
TJNR,5/26/2022,86,76,0.35,69.799286,79.515686,93.60928
TJNR,5/27/2022,88,79,0,63.124584,74.34871,84.474464
TJNR,5/28/2022,89,80,0,64.954704,74.47011,81.41737
TJNR,5/29/2022,90,80,0,60.923714,75.16053,82.42622
TJNR,5/30/2022,89,81,0,62.683746,74.70583,82.02644
TJNR,5/31/2022,88,78.8,0.17,64.954704,79.63392,97.07845
TJNR,6/1/2022,89,79,0,63.124584,75.72239,87.5789
TJNR,6/2/2022,89,76,0.01,63.124584,76.82716,87.6745
TJNR,6/3/2022,89,74,0,65.18404,78.714485,97.016945
TJNR,6/4/2022,91,77,0.03,61.48733,80.34036,93.992455
TJNR,6/5/2022,91,81,0,63.25543,77.89297,90.92372
TJNR,6/6/2022,91,81,0.0001,63.25543,76.6442,87.6745
TJNR,6/7/2022,91,81,0,57.49431,75.92425,84.866806
TJNR,6/8/2022,90,80,0.02,63.124584,74.61037,84.52736
TJNR,6/9/2022,90,80,0,65.18404,76.26377,84.52736
TJNR,6/10/2022,91,80,0.01,60.966244,74.70787,93.637276
TJNR,6/11/2022,91,82,0.01,70.116646,78.57391,84.866806
TJNR,6/12/2022,91,82,0.0001,63.25543,74.08807,82.42622
TJNR,6/13/2022,90,81,0.0001,59.26213,72.87735,79.46747
TJNR,6/14/2022,89,77,0.35,67.393654,76.251945,88.01197
TJNR,6/15/2022,88,73,0.74,74.60542,86.651566,100
TJNR,6/16/2022,87,81,0.02,76.69446,84.5217,93.992455
TJNR,6/17/2022,90,77,0,72.22678,83.771454,100
TJNR,6/18/2022,89,77,0,65.49481,78.982704,93.55792
TJNR,6/19/2022,89,77,0.06,60.966244,73.57091,96.41042
TJNR,6/20/2022,89,76,0.14,63.124584,79.51724,96.42644
TJNR,6/21/2022,88,76,0,65.49481,79.10432,100
TJNR,6/22/2022,91,75,0.0001,63.25543,77.811035,96.38104
TJNR,6/23/2022,90,76,0.0001,59.26213,77.392,97.04129
TJNR,6/24/2022,90,81,0.0001,60.966244,73.69262,87.6745
TJNR,6/25/2022,90,76,0.22,65.18404,77.266266,93.55792
TJNR,6/26/2022,91,80,0.0001,59.147587,74.84078,87.6745
TJNR,6/27/2022,90,82,0.0001,60.966244,71.365166,77.11626
TJNR,6/28/2022,90,81,0,65.18404,73.02357,84.52736
TJNR,6/29/2022,91,82,0.0001,65.72114,77.38008,88.05347
TJNR,6/30/2022,90,78,0.38,67.61098,81.66552,94.26866
TJNR,7/1/2022,89,81,0,67.49169,77.22528,84.866806
TJNR,7/2/2022,85,74,3.31,74.325455,91.711426,100
TJNR,7/3/2022,89,76,0.85,74.50657,85.561066,100
TJNR,7/4/2022,88,79,0.02,69.799286,80.84946,94.26866
TJNR,7/5/2022,89,81,0.0001,67.393654,76.71535,84.866806
TJNR,7/6/2022,88,75,1.16,74.783775,88.50988,100
TJNR,7/7/2022,88,77,0,70.00456,82.39254,100
TJNR,7/8/2022,88,79,0.07,67.280304,78.26119,88.01197
TJNR,7/9/2022,89,80,0.29,70.116646,83.65225,93.66005
TJNR,7/10/2022,89,80,0.02,72.59893,82.94419,93.637276
TJNR,7/11/2022,89,82,0,70.00456,80.89724,90.66067
TJNR,7/12/2022,88,81,0.09,71.92741,82.25811,91.28943
TJNR,7/13/2022,88,80,0.1,74.50657,83.29121,93.66005
TJNR,7/14/2022,88,78,0.32,69.448425,82.08862,100
TJNR,7/15/2022,88,81,0.0001,72.03415,81.79841,90.66067
TJNR,7/16/2022,89,81,0.08,72.22678,83.85327,97.10205
TJNR,7/17/2022,88,80,0.08,72.03415,80.0793,88.01197
TJNR,7/18/2022,87,80,0.0001,65.26648,79.155685,84.866806
TJNR,7/19/2022,89,81,0,71.92741,76.68829,82.42622
TJNR,7/20/2022,88,82,0,72.59893,79.46031,88.05347
TJNR,7/21/2022,84,78,0.66,82.42622,90.635376,100
TJNR,7/22/2022,88,81,0.0001,74.703735,81.07835,88.01197
TJNR,7/23/2022,88,77,0.16,69.448425,78.51434,90.249115
TJNR,7/24/2022,87,76,0.03,69.448425,80.229385,88.05347
TJNR,7/25/2022,82.9,82,0,81.82045,82.40382,82.42622
TJNR,7/26/2022,,,0,,,
TJNR,7/27/2022,,,0,,,
TJNR,7/28/2022,,,0,,,
TJNR,7/29/2022,88,82.9,0,69.448425,72.571915,82.42622
TJNR,7/30/2022,89,78,0.27,70.116646,84.64567,100
TJNR,7/31/2022,89,83,0,70.00456,82.18346,91.28943
TJNR,8/1/2022,89,83,0.0001,74.703735,82.206055,88.05347
TJNR,8/2/2022,89,79,0.4,74.703735,83.08777,93.637276
TJNR,8/3/2022,89,80,0.0001,74.60542,80.84928,88.01197
TJNR,8/4/2022,88,79,0.17,76.95193,82.463715,90.249115
TJNR,8/5/2022,89,81,0.05,74.50657,81.2529,88.05347
TJNR,8/6/2022,89,81,0,71.92741,81.3965,91.28943
TJNR,8/7/2022,90,78,0.06,72.59893,88.32934,100
TJNR,8/8/2022,89,81,0.0001,72.59893,82.19489,93.992455
TJNR,8/9/2022,89,80,0.01,74.703735,81.57897,88.01197
TJNR,8/10/2022,90,80,0.01,65.18404,80.06378,90.92372
TJNR,8/11/2022,90,81,0,65.72114,76.09376,84.866806
TJNR,8/12/2022,90,81,0,60.966244,73.81574,84.866806
TJNR,8/13/2022,90,81,0,63.25543,75.69128,87.6745
TJNR,8/14/2022,91,78,0.0001,70.116646,83.0339,100
TJNR,8/15/2022,91,77,0.06,68.15676,88.208984,100
TJNR,8/16/2022,92,76,0,59.147587,82.48,100
TJNR,8/17/2022,91,73,0,70.207924,85.45138,100
TJNR,8/18/2022,91,77,0.21,59.26213,83.470505,100
TJNR,8/19/2022,89,78,0.71,72.03415,86.292274,97.07845
TJNR,8/20/2022,90,77,0.24,68.15676,85.70157,100
TJNR,8/21/2022,91,72,0.07,61.48733,86.66655,100
TJNR,8/22/2022,90,72,0.11,72.59893,84.290535,96.45527
TJNR,8/23/2022,90,71,0.12,65.72114,82.40971,100
TJNR,8/24/2022,91,73,0.14,67.61098,83.96118,100
TJNR,8/25/2022,89,78,0.06,72.59893,83.86557,97.07845
TJNR,8/26/2022,90,81,0,68.15676,80.9014,88.10389
TJNR,8/27/2022,90,76,0.22,67.61098,82.833145,100
TJNR,8/28/2022,90,76,0.08,67.49169,83.416,96.41042
TJNR,8/29/2022,91,80,0.16,70.116646,83.60653,100
TJNR,8/30/2022,90,78,0.0001,72.22678,84.39834,100
TJNR,8/31/2022,90,78,0.01,67.61098,81.30538,100
TJNR,9/1/2022,90,79,0.06,70.00456,79.79936,90.29109
TJNR,9/2/2022,90,78,0.1,63.25543,79.934,100
TJNR,9/3/2022,91,77,0.2,70.207924,86.19253,100
TJNR,9/4/2022,89,74,4.6,72.22678,95.35105,100
TJNR,9/5/2022,91,77,0.46,70.116646,92.863205,100
TJNR,9/6/2022,90,76,0.25,67.49169,91.671394,100
TJNR,9/7/2022,90,74,0,76.95193,91.38744,100
TJNR,9/8/2022,90,78,0.01,72.59893,88.00726,100
TJNR,9/9/2022,90,78,0,70.207924,86.93927,100
TJNR,9/10/2022,88,77,0.05,79.69874,91.01349,100
TJNR,9/11/2022,89,77,0.14,74.783775,87.06155,100
TJNR,9/12/2022,89,76,0.42,74.703735,86.95357,100
TJNR,9/13/2022,90,81,0,67.49169,79.75915,90.66067
TJNR,9/14/2022,90,82,0,68.15676,79.88125,88.90445
TJNR,9/15/2022,90,82,0.02,72.22678,81.85816,94.0139
TJNR,9/16/2022,90,79,0.08,77.53208,89.67616,100
TJNR,9/17/2022,86,77,0.14,79.549965,88.69906,100
TJNR,9/18/2022,82,74,2.17,81.82045,97.866165,100
TJNR,9/19/2022,83,73,2.38,96.79759,99.86591,100
TJNR,9/20/2022,87,77,0.31,64.954704,86.54214,100
TJNR,9/21/2022,90,77,0.02,62.683746,76.00014,84.40946
TJNR,9/22/2022,90,78,0.21,65.49481,72.228195,84.52736
TJNR,9/23/2022,90,75,0.05,63.124584,77.88783,90.73938
TJNR,9/24/2022,89,77,0.06,60.923714,73.20322,90.21457
TJNR,9/25/2022,89,77,0.0001,59.20717,70.3976,84.35599
TJNR,9/26/2022,89,76,0.12,61.241543,73.838745,87.72512
TJNR,9/27/2022,89,75,0.72,64.954704,75.864075,90.39978
TJNR,9/28/2022,88,75,0.0001,59.20717,71.88318,87.72512
TJNR,9/29/2022,86,74,0.17,67.6068,79.19751,87.72512
TJNR,9/30/2022,87,73,0.03,63.01707,79.29626,90.974266
TJNR,10/1/2022,88,77,0.04,65.13056,78.29909,87.5789
TJNR,10/2/2022,89,78,0,64.954704,77.32431,87.5789
TJNR,10/3/2022,89,77,0.03,61.241543,76.99132,92.96513
TJNR,10/4/2022,89,78,0.05,65.49481,75.37396,86.949745
TJNR,10/5/2022,89,81,0,63.01707,71.60337,82.02644
TJNR,10/6/2022,89,80,0,61.241543,70.47357,76.6996
TJNR,10/7/2022,89,79,0.09,63.124584,74.03491,84.474464
TJNR,10/8/2022,88,78,0.17,64.954704,73.16113,81.89149
TJNR,10/9/2022,87,76,0.38,67.27328,79.83796,93.52941
TJNR,10/10/2022,87,73,0.06,65.26648,78.84273,93.77152
TJNR,10/11/2022,88,76,0.16,72.10829,78.03202,93.55792
TJNR,10/12/2022,88,76,0.03,63.01707,74.75917,87.72512
TJNR,10/13/2022,88,77,0,63.01707,74.04354,87.48222
TJNR,10/14/2022,89,76,0.02,56.919083,73.28958,90.73938
TJNR,10/15/2022,88,77,0.03,63.01707,74.06967,84.35599
TJNR,10/16/2022,87,74,0.17,67.27328,78.71088,90.39978
TJNR,10/17/2022,87,75,0.07,69.799286,83.657166,93.52941
TJNR,10/18/2022,87,74,0.15,63.01707,81.18289,94.14301
TJNR,10/19/2022,87,77,0.03,64.954704,75.99255,90.172104
TJNR,10/20/2022,88,75,0.39,67.27328,77.782295,94.14301
TJNR,10/21/2022,88,77,0.06,63.01707,72.148476,81.41737
TJNR,10/22/2022,86,74,0.16,69.59207,79.68161,93.79415
TJNR,10/23/2022,88,73,0.06,65.26648,78.47389,93.79415
TJNR,10/24/2022,88,74,0,67.27328,79.76153,93.79415
TJNR,10/25/2022,88,75,0.28,69.448425,81.30518,93.55792
TJNR,10/26/2022,83,74,3.24,77.11626,87.87395,97.04129
TJNR,10/27/2022,83,73,1.67,79.39962,89.42683,93.79415
TJNR,10/28/2022,87,76,0,69.685555,77.889046,97.04129
TJNR,10/29/2022,88,78,0.08,69.448425,77.2647,87.050026
TJNR,10/30/2022,86,74,0.52,71.73187,84.0023,93.52941
TJNR,10/31/2022,87,73,0,69.448425,83.80361,93.79415
TJNR,11/1/2022,88,77,0.0001,69.448425,80.50477,93.55792
TJNR,11/2/2022,87,78,0.15,67.393654,79.01001,87.5789
TJNR,11/3/2022,88,75,0,69.448425,80.314896,93.52941
TJNR,11/4/2022,84,70,1.46,65.13056,85.77598,93.79415
TJNR,11/5/2022,79,71,4.6,82.03341,91.17803,100
TJNR,11/6/2022,87,75,0.03,71.92741,82.48435,90.73938
TJNR,11/7/2022,86,74,1.08,71.73187,87.76,93.79415
TJNR,11/8/2022,84,74,0.14,77.11626,87.78552,97.016945
TJNR,11/9/2022,86,75,0.13,74.325455,85.232376,93.55792
TJNR,11/10/2022,87,75,0.0001,64.954704,79.398834,97.04129
TJNR,11/11/2022,87,76,0.11,69.685555,77.841064,87.5789
TJNR,11/12/2022,87,77,0.1,69.59207,77.025894,81.89149
TJNR,11/13/2022,88,76,0.01,67.27328,77.31375,90.249115
TJNR,11/14/2022,88,75,0.1,64.954704,80.42569,93.52941
TJNR,11/15/2022,85,74,1.48,69.27759,81.20918,97.016945
TJNR,11/16/2022,87,78,0.04,63.0984,72.38231,86.949745
TJNR,11/17/2022,86,73,0.09,63.395924,77.46866,93.79415
TJNR,11/18/2022,86,77,0.26,67.6068,74.686554,84.35599
TJNR,11/19/2022,86,79,0,61.064674,69.91788,76.790886
TJNR,11/20/2022,86,76,0.13,65.26648,77.2725,87.72512
TJNR,11/21/2022,87,76,0.49,67.27328,78.095,90.73938
TJNR,11/22/2022,86,78,0.0001,65.13056,72.655426,84.40946
TJNR,11/23/2022,86,76,0.27,69.59207,78.27375,87.48222
TJNR,11/24/2022,85,77,0.02,69.27759,76.748375,84.40946
TJNR,11/25/2022,86,75,0.01,67.27328,76.933624,93.52941
TJNR,11/26/2022,86,78,0.0001,60.814526,72.41947,81.55377
TJNR,11/27/2022,86,76,0.03,65.257545,74.36961,81.89149
TJNR,11/28/2022,86,75,0.03,63.395924,75.23389,87.72512
TJNR,11/29/2022,85,75,0.21,65.36098,76.24553,87.72512
TJNR,11/30/2022,84,74,0.05,62.857838,73.738075,90.974266
TJNR,12/1/2022,85,73,0.16,60.814526,72.45066,90.39978
TJNR,12/2/2022,84,77,0.02,60.283,71.8239,79.01681
TJNR,12/3/2022,85,73,0.15,76.62149,,76.62149
TJNR,12/4/2022,85,70,0.11,,,
TJNR,12/5/2022,,,,,,
TJNR,12/6/2022,84,72,0.03,,,
TJNR,12/7/2022,84,72,0.01,60.283,63.141754,68.85131
TJNR,12/8/2022,85,68,0.02,52.661106,67.58937,87.58521
TJNR,12/9/2022,84,68,0.01,51.10379,66.899155,84.03221
TJNR,12/10/2022,85,65,0,51.210354,75.727516,90.0483
TJNR,12/11/2022,85,68,0.0001,58.692406,73.474014,87.135025
TJNR,12/12/2022,84,69,0,54.620113,69.2937,86.48417
TJNR,12/13/2022,84,66,0.0001,56.23738,72.78963,87.03324
TJNR,12/14/2022,83,67,0,56.23738,70.97164,89.85901
TJNR,12/15/2022,85,77,0,65.257545,72.56999,79.17114
TJNR,12/16/2022,84,78,0,69.59207,75.44665,81.55377
TJNR,12/17/2022,83,74,0.1,62.615204,80.42579,90.974266
TJNR,12/18/2022,85,77,0.0001,58.549393,72.12589,82.03341
TJNR,12/19/2022,84,74,0,60.814526,70.56942,79.10189
TJNR,12/20/2022,85,78,0.01,67.280304,72.58431,79.10189
TJNR,12/21/2022,85,75,0.02,62.857838,72.66774,87.681946
TJNR,12/22/2022,85,77,0,62.857838,71.48972,79.10189
TJNR,12/23/2022,85,77,0,60.952366,69.68659,76.62149
TJNR,12/24/2022,85,73,0.02,60.814526,70.96112,90.32327
TJNR,12/25/2022,85,75,0.0001,60.814526,69.54542,84.57616
TJNR,12/26/2022,84,74,0.22,65.257545,77.46799,90.73938
TJNR,12/27/2022,84,75,0.13,65.13056,74.87268,88.668915
TJNR,12/28/2022,85,76,0.02,60.814526,73.67728,84.57616
TJNR,12/29/2022,84,72,1.01,67.05904,78.58785,94.14301
TJNR,12/30/2022,84,74,0.04,65.13056,76.504005,88.588776
TJNR,12/31/2022,84,76,0,67.05904,73.55601,79.10189
TJNR,1/1/2023,84,73,0.08,65.026215,77.518456,90.974266
TJNR,1/2/2023,84,72,0.06,62.615204,73.90157,84.45763
TJNR,1/3/2023,83,71,0.37,69.27759,76.754875,90.594666
TJNR,1/4/2023,83,70,0.11,69.18237,79.72096,90.73938
TJNR,1/5/2023,84,76,0.02,65.13056,73.78131,85.08769
TJNR,1/6/2023,84,73,0.05,62.857838,73.39746,85.08769
TJNR,1/7/2023,83,72,0.86,73.88337,83.14785,94.10022
TJNR,1/8/2023,83,72,0.18,67.617035,80.63803,90.73938
TJNR,1/9/2023,83,74,0.03,65.026215,75.06243,81.95878
TJNR,1/10/2023,81,71,0.67,74.068855,87.91725,96.322716
TJNR,1/11/2023,84,70,0,67.05904,82.58521,93.77152
TJNR,1/12/2023,84,71,0.02,67.617035,81.62479,93.77152
TJNR,1/13/2023,84,74,0.04,65.13056,74.129814,90.974266
TJNR,1/14/2023,83,70,0,67.05904,77.38188,90.32327
TJNR,1/15/2023,83,70,0.88,65.026215,86.2496,100
TJNR,1/16/2023,80,70,0.29,62.030624,75.806435,96.322716
TJNR,1/17/2023,82,72,0,54.357697,65.481735,78.350044
TJNR,1/18/2023,83,69,0,52.61694,64.2238,73.780556
TJNR,1/19/2023,83,72,0,67.177505,76.922615,87.58521
TJNR,1/20/2023,83,73,0,63.156197,73.800125,84.45763
TJNR,1/21/2023,84,72,0,60.283,70.90271,81.82193
TJNR,1/22/2023,83,74,0.02,62.277378,69.109085,76.52757
TJNR,1/23/2023,84,75,0,58.549393,68.02465,79.01681
TJNR,1/24/2023,84,74,0.03,64.68674,72.99071,85.08769
TJNR,1/25/2023,83,74,0.05,66.2685,70.52858,76.52757
TJNR,1/26/2023,83,73,0.0001,62.615204,66.05326,73.48776
TJNR,1/27/2023,83,72,0.05,63.89742,73.9511,96.99354
TJNR,1/28/2023,82,72,0.08,56.23738,70.96378,90.32327
TJNR,1/29/2023,83,71,0.05,63.156197,72.57981,90.594666
TJNR,1/30/2023,83,73,0.02,62.1666,71.19589,81.89738
TJNR,1/31/2023,83,74,0.01,60.283,69.31115,78.86083
TJNR,2/1/2023,83,72,0.11,60.283,74.75407,90.594666
TJNR,2/2/2023,83,72,0.08,65.026215,77.25284,88.507805
TJNR,2/3/2023,84,75,0,60.814526,71.86943,79.47427
TJNR,2/4/2023,83,73,0.07,67.177505,78.09206,90.32327
TJNR,2/5/2023,84,76,0.0001,60.283,70.8877,79.01681
TJNR,2/6/2023,84,76,0.01,63.156197,71.42667,85.08769
TJNR,2/7/2023,84,75,0.01,67.05904,75.881584,82.03341
TJNR,2/8/2023,84,72,0.13,62.615204,74.49531,85.08769
TJNR,2/9/2023,83,74,0.08,63.156197,73.402016,84.45763
TJNR,2/10/2023,85,74,0.09,58.692406,71.05193,88.588776
TJNR,2/11/2023,84,75,0.0001,56.506313,67.29641,73.677185
TJNR,2/12/2023,84,75,0,56.751534,67.53471,76.62149
TJNR,2/13/2023,83,73,0.11,63.156197,75.22692,84.972496
TJNR,2/14/2023,84,74,0.01,60.952366,74.860634,85.08769
TJNR,2/15/2023,83,73,0.04,62.615204,73.18394,85.08769
TJNR,2/16/2023,85,72,0.09,62.857838,75.15245,90.974266
TJNR,2/17/2023,83,72,0.03,56.23738,67.35574,93.77152
TJNR,2/18/2023,84,74,0.0001,56.23738,66.1004,81.89738
TJNR,2/19/2023,83,71,0.21,47.61883,68.78229,90.32327
TJNR,2/20/2023,83,73,0.02,56.23738,68.39422,84.45763
TJNR,2/21/2023,83,74,0.0001,62.615204,67.74056,73.677185
TJNR,2/22/2023,84,74,0.0001,60.814526,70.44823,85.08769
TJNR,2/23/2023,83,71,0.13,65.026215,75.189316,93.4268
TJNR,2/24/2023,84,75,0,58.549393,67.785706,81.95878
TJNR,2/25/2023,82,72,0.1,64.68674,77.384415,94.05696
TJNR,2/26/2023,83,70,0,58.09791,66.64991,80.778625
TJNR,2/27/2023,83,67,0,58.43191,71.68416,83.80627
TJNR,2/28/2023,82,64,0,56.23738,73.58148,90.642
TJNR,3/1/2023,83,65,0.02,56.23738,73.15429,93.56222
TJNR,3/2/2023,84,74,0.03,58.549393,69.70422,84.972496
TJNR,3/3/2023,85,75,0,60.814526,71.34321,79.47427
TJNR,3/4/2023,85,75,0,60.814526,71.06914,79.01681
TJNR,3/5/2023,85,76,0,58.692406,72.46794,79.47427
TJNR,3/6/2023,85,69,0,62.277378,73.00315,89.89542
TJNR,3/7/2023,84,68,0,58.43191,74.59339,89.85901
TJNR,3/8/2023,84,65,0,51.10379,74.81943,93.56222
TJNR,3/9/2023,87,67,0.0001,46.25494,72.03001,90.400345
TJNR,3/10/2023,85,72,0.0001,42.797188,62.844994,78.7032
TJNR,3/11/2023,83,65,0,52.928852,70.7058,90.642
TJNR,3/12/2023,84,64,0,42.797188,70.39072,93.56222
TJNR,3/13/2023,86,65,0,46.418087,72.95568,93.56222
TJNR,3/14/2023,86,69,0,65.257545,77.306114,89.93965
TJNR,3/15/2023,86,75,0,62.857838,76.41541,90.39978
TJNR,3/16/2023,86,70,0.67,55.044296,76.2196,96.322716
TJNR,3/17/2023,84,72,0.13,56.23738,70.267525,93.77152
TJNR,3/18/2023,84,74,0,40.834755,56.225937,68.732666
TJNR,3/19/2023,85,76,0.0001,54.77119,66.75679,79.10189
TJNR,3/20/2023,85,76,0,60.952366,71.900116,79.47427
TJNR,3/21/2023,85,76,0.02,61.064674,74.15829,84.57616
TJNR,3/22/2023,86,74,0.16,65.257545,74.827286,90.974266
TJNR,3/23/2023,84,76,0,51.10379,63.892036,76.62149
TJNR,3/24/2023,85,75,0,54.77119,66.89723,75.92354
TJNR,3/25/2023,86,74,0.03,54.77119,68.27979,81.95878
TJNR,3/26/2023,85,75,0,54.77119,66.06234,76.52757
TJNR,3/27/2023,86,75,0.02,54.89434,67.43707,84.45763
TJNR,3/28/2023,85,76,0,54.89434,69.54978,76.62149
TJNR,3/29/2023,85,72,0.04,49.624676,73.82551,93.77152
TJNR,3/30/2023,85,73,0.09,54.77119,70.72076,87.628876
TJNR,3/31/2023,85,76,0,56.751534,65.38065,73.88337
TJNR,4/1/2023,85,75,0.08,54.77119,68.722916,85.08769
TJNR,4/2/2023,86,76,0.04,58.692406,70.77656,81.95878
TJNR,4/3/2023,85,74,0.04,54.620113,67.233955,84.972496
TJNR,4/4/2023,86,76,0,58.549393,70.003494,76.790886
TJNR,4/5/2023,84,76,0.0001,65.257545,72.50452,78.47891
TJNR,4/6/2023,82,72,0.11,60.365044,69.88099,78.47891
TJNR,4/7/2023,85,71,0.49,62.615204,76.57832,90.594666
TJNR,4/8/2023,83,77,0.01,69.61913,75.93484,82.03341
TJNR,4/9/2023,86,75,0.0001,65.36098,74.99735,84.45763
TJNR,4/10/2023,86,71,0,63.395924,79.48879,93.4268
TJNR,4/11/2023,85,71,0,62.857838,76.02444,90.974266
TJNR,4/12/2023,85,74,0.0001,62.857838,74.38099,87.72512
TJNR,4/13/2023,86,75,0.0001,58.692406,72.11358,82.03341
TJNR,4/14/2023,86,77,0.03,59.21356,71.202774,81.89149
TJNR,4/15/2023,86,77,0,61.064674,71.4066,79.10189
TJNR,4/16/2023,86,77,0.0001,61.064674,71.92143,82.03341
TJNR,4/17/2023,86,72,0,59.21356,74.5073,87.628876
TJNR,4/18/2023,87,71,0.04,58.95082,76.94158,90.594666
TJNR,4/19/2023,87,72,0.03,57.163784,70.10859,90.594666
TJNR,4/20/2023,87,76,0,57.163784,68.53347,76.790886
TJNR,4/21/2023,86,73,0.0001,57.163784,70.21063,90.32327
TJNR,4/22/2023,86,71,0.42,61.064674,82.05781,93.79415
TJNR,4/23/2023,86,73,1.45,67.280304,88.083496,93.79415
TJNR,4/24/2023,85,68,0,65.13056,77.51417,96.275345
TJNR,4/25/2023,85,69,0.03,60.814526,73.62433,92.705696
TJNR,4/26/2023,86,72,0.0001,58.95082,76.040436,90.594666
TJNR,4/27/2023,87,73,0.0001,64.954704,78.4894,93.79415
TJNR,4/28/2023,88,73,1,58.95082,80.72131,97.016945
TJNR,4/29/2023,85,73,0.24,69.71293,85.18785,97.016945
TJNR,4/30/2023,87,78,0,69.685555,80.05407,87.5789
TJNR,5/1/2023,89,76,0.02,67.393654,79.08439,93.55792
TJNR,5/2/2023,89,75,0.01,59.20717,78.70745,93.52941
TJNR,5/3/2023,88,74,0,58.95082,75.12783,97.016945
TJNR,5/4/2023,90,73,0,59.20717,76.914246,93.79415
TJNR,5/5/2023,87,75,0.19,64.954704,82.72591,96.38104
TJNR,5/6/2023,88,71,0,,,
TJNR,5/7/2023,88,71,0,,,
TJNR,5/8/2023,89,75,0.14,63.25543,75.303,97.04129
TJNR,5/9/2023,89,75,0,63.25543,80.43798,96.38104
TJNR,5/10/2023,89,76,0,60.923714,75.002075,87.48222
TJNR,5/11/2023,88,75,0,56.919083,72.2852,87.48222
TJNR,5/12/2023,87,73,1.42,65.257545,77.80222,97.016945
TJNR,5/13/2023,87,74,0.03,65.26648,78.35026,93.52941
TJNR,5/14/2023,86,76,0.0001,69.59207,76.977234,84.40946
TJNR,5/15/2023,87,73,0,67.6068,78.46608,90.974266
TJNR,5/16/2023,87,71,0.0001,69.799286,83.19177,96.99354
TJNR,5/17/2023,87,75,0,64.954704,79.736435,96.38104
TJNR,5/18/2023,88,74,0.0001,63.124584,79.39234,97.016945
TJNR,5/19/2023,87,76,1.05,69.685555,82.101524,93.60928
TJNR,5/20/2023,87,74,0.55,67.393654,81.73566,93.50594
TJNR,5/21/2023,87,78,0.01,67.27328,76.997734,87.5789
TJNR,5/22/2023,86,72,1.3,74.50657,90.062546,100
TJNR,5/23/2023,83,73,0.43,79.057945,92.12205,100
TJNR,5/24/2023,86,73,0,67.27328,84.722664,100
TJNR,5/25/2023,88,75,0,69.448425,82.29682,96.38104
TJNR,5/26/2023,87,77,0.0001,67.27328,81.30509,93.55792
TJNR,5/27/2023,88,76,0,69.448425,82.67115,93.60928
TJNR,5/28/2023,87,77,0.02,65.26648,75.7434,96.41042
TJNR,5/29/2023,87,77,0.01,65.26648,73.3299,81.89149
TJNR,5/30/2023,84,75,0.35,76.36474,85.775215,97.04129
TJNR,5/31/2023,87,75,0.01,69.799286,82.93713,96.41042
TJNR,6/1/2023,88,76,0.0001,74.703735,84.13517,97.04129
TJNR,6/2/2023,88,80,0.01,74.60542,81.13116,93.637276
TJNR,6/3/2023,88,81,0,72.59893,81.45752,88.01197
TJNR,6/4/2023,88,81,0,74.703735,81.456726,88.05347
TJNR,6/5/2023,88,78,0.07,72.03415,82.6181,97.10205
TJNR,6/6/2023,89,78,0,67.61098,82.243416,93.60928
TJNR,6/7/2023,90,80,0,65.49481,79.98611,90.29109
TJNR,6/8/2023,90,80,0,63.25543,78.27101,84.866806
TJNR,6/9/2023,89,80,0.13,70.00456,82.594376,93.992455
TJNR,6/10/2023,89,81,0,70.44994,81.08741,90.92372
TJNR,6/11/2023,89,81,0,67.49169,76.22084,84.866806
TJNR,6/12/2023,89,82,0,64.954704,73.27777,84.866806
TJNR,6/13/2023,89,80,0.0001,67.393654,77.33212,84.866806
TJNR,6/14/2023,90,79,0.08,63.362026,78.49282,93.637276
TJNR,6/15/2023,90,81,0,67.49169,77.102974,88.01197
TJNR,6/16/2023,89,81,0,65.49481,74.326035,81.82045
TJNR,6/17/2023,89,75,0.07,63.25543,76.67025,97.04129
TJNR,6/18/2023,88,76,0.04,67.27328,80.291245,93.52941
TJNR,6/19/2023,89,74,0.02,63.25543,79.35268,97.04129
TJNR,6/20/2023,89,77,0,63.124584,75.61443,90.21457
TJNR,6/21/2023,89,77,0.02,70.116646,80.85734,97.10205
TJNR,6/22/2023,90,82,0,67.61098,76.88115,84.866806
TJNR,6/23/2023,90,77,0.01,65.49481,77.964,92.96513
TJNR,6/24/2023,89,76,0.0001,63.124584,76.84555,87.6745
TJNR,6/25/2023,89,78,0,64.954704,75.1618,90.21457
TJNR,6/26/2023,89,77,0,65.36098,71.39984,90.21457
TJNR,6/27/2023,87,79,0.0001,82.498085,83.475426,90.66067
TJNR,6/28/2023,90,79,0.0001,70.116646,86.65482,100
TJNR,6/29/2023,,,,,,
TJNR,6/30/2023,91,82,0,66.05125,78.02064,88.05347
TJNR,7/1/2023,92,79,0,59.58785,72.420334,87.050026
TJNR,7/2/2023,92,83,0.01,63.690865,72.9824,85.480934
TJNR,7/3/2023,92,82,0.0001,63.690865,74.89754,85.480934
TJNR,7/4/2023,90,83,0.01,72.22678,78.684006,85.59052
TJNR,7/5/2023,91,84,0.0001,61.404633,71.67261,80.14464
TJNR,7/6/2023,91,84,0,63.25543,71.62896,79.549965
TJNR,7/7/2023,91,80,0.02,67.49169,75.509094,85.480934
TJNR,7/8/2023,89,79,0.13,72.22678,80.91947,93.60928
TJNR,7/9/2023,90,78,0.04,70.207924,82.46086,93.66005
TJNR,7/10/2023,90,84,0,70.116646,75.2958,80.14464
TJNR,7/11/2023,91,83,0.0001,70.116646,77.56922,91.28943
TJNR,7/12/2023,89,78,0.38,67.49169,79.06914,90.21457
TJNR,7/13/2023,91,81,0.08,65.72114,76.22102,91.28943
TJNR,7/14/2023,100,83,0.0001,49.913555,63.906002,79.549965
TJNR,7/15/2023,,,0.0001,,,
TJNR,7/16/2023,,,0.02,,,
TJNR,7/17/2023,,,0.01,,,
TJNR,7/18/2023,92,86,0.0001,63.807842,74.1145,77.27863
TJNR,7/19/2023,92,84,0.0001,65.83355,74.82284,84.98084
TJNR,7/20/2023,92,83,0,63.690865,73.72147,79.549965
TJNR,7/21/2023,92,78,0,57.62457,72.78764,90.51289
TJNR,7/22/2023,92,81,0,59.713726,73.56674,84.80932
TJNR,7/23/2023,92,81,0.0001,59.58785,71.494286,83.772194
TJNR,7/24/2023,93,84,0.0001,61.731087,72.4826,82.29205
TJNR,7/25/2023,92,81,0.0001,63.807842,76.05162,88.90445
TJNR,7/26/2023,91,84,0.0001,67.93213,75.92583,82.29205
TJNR,7/27/2023,92,83,0.0001,67.71683,74.35647,82.22618
TJNR,7/28/2023,92,78,0.0001,63.690865,75.84489,90.51289
TJNR,7/29/2023,92,83,0,70.207924,76.20642,84.98084
TJNR,7/30/2023,92,82,,63.807842,75.10677,87.76903
TJNR,7/31/2023,91,82,,63.4554,75.127266,87.72189
TJNR,8/1/2023,91,78,,68.03905,82.43999,96.74529
TJNR,8/2/2023,91,79,,70.207924,82.86972,96.75849
TJNR,8/3/2023,92,81,,70.207924,81.36703,93.6852
TJNR,8/4/2023,91,79,,65.72114,84.776634,96.75849
TJNR,8/5/2023,92,80,0.13,68.03905,80.74303,93.66005
TJNR,8/6/2023,92,79,0.01,70.30889,81.597206,93.66005
TJNR,8/7/2023,92,83,0.0001,68.03905,79.87966,90.73329
TJNR,8/8/2023,91,83,0.08,72.550125,82.33101,90.73329
TJNR,8/9/2023,92,82,0.03,70.207924,80.69748,93.6852
TJNR,8/10/2023,93,80,0.01,63.92432,78.0193,94.309654
TJNR,8/11/2023,92,84,0.0001,63.807842,77.0197,87.862495
TJNR,8/12/2023,89,80,0.14,70.00456,77.94637,87.6745
TJNR,8/13/2023,91,80,0.14,65.83355,76.627144,90.62405
TJNR,8/14/2023,91,83,0.04,70.106476,76.14268,90.69709
TJNR,8/15/2023,91,84,0.0001,67.93213,74.48637,85.03739
TJNR,8/16/2023,91,78,0.0001,70.207924,78.14971,93.73507
TJNR,8/17/2023,92,81,0.0001,70.106476,77.97107,85.093636
TJNR,8/18/2023,90,80,0.0001,72.35965,78.76814,93.63474
TJNR,8/19/2023,91,83,,72.45512,77.86243,87.81589
TJNR,8/20/2023,91,79,,74.783775,83.312584,94.26866
TJNR,8/21/2023,86,78,,76.95029,80.56795,93.58368
TJNR,8/22/2023,74,74,0.06,96.69171,98.171555,100
TJNR,8/23/2023,89,79,0,74.783775,86.5662,100
TJNR,8/24/2023,89,79,0,74.69482,85.68866,100
TJNR,8/25/2023,86,78,0.29,79.62454,86.15286,100
TJNR,8/26/2023,87,76,1.18,77.115295,89.88377,100
TJNR,8/27/2023,90,79,0.0001,72.550125,86.13311,96.77161
TJNR,8/28/2023,92,82,0.0001,68.03905,84.130325,94.309654
TJNR,8/29/2023,91,78,0,70.106476,84.91152,100
TJNR,8/30/2023,91,80,0.0001,72.35965,82.96259,96.78464
TJNR,8/31/2023,91,79,0,63.573383,80.99127,96.78464
TJNR,9/1/2023,90,78,0.0001,67.82472,82.329285,96.78464
TJNR,9/2/2023,91,76,0.06,72.45512,84.31059,96.77161
TJNR,9/3/2023,89,77,0.0001,74.783775,88.789825,100
TJNR,9/4/2023,91,78,0,65.72114,80.99109,96.75849
TJNR,9/5/2023,90,76,0,65.49481,80.614784,100
TJNR,9/6/2023,90,76,0,70.00456,80.82962,93.60928
TJNR,9/7/2023,90,79,0,70.00456,78.68798,90.587204
TJNR,9/8/2023,90,76,0,70.106476,78.66129,93.53201
TJNR,9/9/2023,90,81,0.0001,74.87229,83.23043,93.6852
TJNR,9/10/2023,92,78,0.04,70.106476,85.10124,100
TJNR,9/11/2023,90,76,0.0001,70.106476,89.140755,100
TJNR,9/12/2023,90,76,0,70.106476,83.31969,96.74529
TJNR,9/13/2023,91,80,,72.550125,84.54086,96.79759
TJNR,9/14/2023,92,81,,70.630974,83.65486,96.78464
TJNR,9/15/2023,92,77,0,57.62457,82.08059,100
TJNR,9/16/2023,90,77,0,65.60822,81.9643,100
TJNR,9/17/2023,91,82,0,65.72114,77.40497,84.92398
TJNR,9/18/2023,91,78,0,70.00456,80.24068,96.74529
TJNR,9/19/2023,90,79,0.0001,69.38291,83.569725,96.77161
TJNR,9/20/2023,89,76,0.0001,74.783775,81.00301,100
TJNR,9/21/2023,89,80,0.0001,72.45512,83.53323,90.69709
TJNR,9/22/2023,91,78,0,67.82472,80.22458,94.26866
TJNR,9/23/2023,90,79,0.0001,77.115295,85.509964,100
TJNR,9/24/2023,91,79,,72.35965,84.38029,100
TJNR,9/25/2023,89,79,0.17,74.783775,86.7965,100
TJNR,9/26/2023,90,83,0,72.45512,80.12994,88.90445
TJNR,9/27/2023,90,82,0.0001,79.549965,86.13662,93.73507
TJNR,9/28/2023,90,82,0.0001,74.87229,81.55005,87.76903
TJNR,9/29/2023,90,81,0.0001,74.87229,84.43363,94.26866
TJNR,9/30/2023,89,81,0.0001,79.772545,87.42703,96.82327
TJNR,10/1/2023,89,79,1.28,79.84597,88.51476,100
TJNR,10/2/2023,90,81,0.0001,74.783775,87.719894,100
TJNR,10/3/2023,91,80,0.19,72.550125,89.4001,96.81047
TJNR,10/4/2023,85,75,0.06,84.92398,93.00409,100
TJNR,10/5/2023,89,77,0.0001,74.87229,91.12812,100
TJNR,10/6/2023,89,78,0,72.45512,86.184135,100
TJNR,10/7/2023,90,79,0,67.82472,82.00955,90.66067
TJNR,10/8/2023,90,75,0,72.35965,86.263855,100
TJNR,10/9/2023,90,78,0,72.550125,86.137314,96.75849
TJNR,10/10/2023,89,81,0,65.3809,78.03369,93.6852
TJNR,10/11/2023,89,77,0,65.49481,79.96336,96.74529
TJNR,10/12/2023,90,81,0.01,72.550125,84.09325,100
TJNR,10/13/2023,91,77,0,70.106476,86.696106,100
TJNR,10/14/2023,91,76,0,67.82472,86.94984,100
TJNR,10/15/2023,91,77,0,67.82472,86.225044,100
TJNR,10/16/2023,90,78,0.1,63.4554,84.79358,100
TJNR,10/17/2023,90,76,0.16,67.82472,82.76039,100
TJNR,10/18/2023,89,77,0.23,70.24432,82.39749,100
TJNR,10/19/2023,90,77,0.0001,70.106476,85.73481,100
TJNR,10/20/2023,88,78,0.14,77.115295,89.56809,96.81047
TJNR,10/21/2023,89,79,0.12,74.783775,87.97781,100
TJNR,10/22/2023,86,78,0.32,79.69874,92.85183,100
TJNR,10/23/2023,88,79,0.18,72.263725,91.3676,100
TJNR,10/24/2023,89,79,0.0001,77.033005,84.001045,96.75849
TJNR,10/25/2023,88,76,1.28,77.197174,91.95139,100
TJNR,10/26/2023,88,76,0.0001,72.263725,88.34501,100
TJNR,10/27/2023,87,77,0.43,82.29205,93.637634,100
TJNR,10/28/2023,86,78,0.93,84.98084,95.09971,100
TJNR,10/29/2023,87,76,0.39,79.772545,98.322205,100
TJNR,10/30/2023,82,76,0.22,90.62405,97.67688,100
TJNR,10/31/2023,87,77,0.02,74.60542,92.53075,100
TJNR,11/1/2023,89,78,0,72.263725,82.26908,96.77161
TJNR,11/2/2023,89,81,0,70.00456,77.505806,84.92398
TJNR,11/3/2023,88,81,0,69.90216,75.58882,82.093376
TJNR,11/4/2023,88,81,0.0001,67.49956,76.78602,82.093376
TJNR,11/5/2023,88,76,0,69.90216,81.4852,96.732025
TJNR,11/6/2023,89,75,0,72.263725,87.26546,100
TJNR,11/7/2023,89,76,0.0001,74.783775,90.59589,100
TJNR,11/8/2023,86,76,,77.033005,93.20111,100
TJNR,11/9/2023,86,77,0.21,82.35757,90.52768,100
TJNR,11/10/2023,83,74,0.54,79.47499,88.650246,96.77161
TJNR,11/11/2023,88,78,0.04,72.263725,82.60588,90.587204
TJNR,11/12/2023,88,81,0,69.90216,78.1874,84.866806
TJNR,11/13/2023,88,77,0.0001,74.42529,82.32467,96.74529
TJNR,11/14/2023,88,76,0.51,69.799286,82.50824,96.74529
TJNR,11/15/2023,87,74,0,63.21791,78.473305,100
TJNR,11/16/2023,88,79,0,67.280304,76.62861,84.80932
TJNR,11/17/2023,89,80,0,72.35965,84.27384,93.6852
TJNR,11/18/2023,88,81,0,74.69482,82.473785,90.66067
TJNR,11/19/2023,89,82,0,67.60844,75.98683,82.15996
TJNR,11/20/2023,84,76,0.0001,79.39962,89.53012,100
TJNR,11/21/2023,86,77,0.01,74.60542,89.64502,100
TJNR,11/22/2023,85,77,0.01,69.59207,82.02902,90.587204
TJNR,11/23/2023,86,75,0.07,76.95029,89.70269,100
TJNR,11/24/2023,88,76,0.05,74.60542,88.51575,100
TJNR,11/25/2023,87,75,0.01,74.60542,88.20862,100
TJNR,11/26/2023,86,76,0.0001,74.05962,84.3725,100
TJNR,11/27/2023,86,73,0,65.15156,80.320076,96.69171
TJNR,11/28/2023,87,75,0.0001,69.799286,83.86925,100
TJNR,11/29/2023,87,73,0,67.49956,81.10909,100
TJNR,11/30/2023,86,78,0,69.69592,76.74321,84.75151
TJNR,12/1/2023,86,80,0,69.799286,78.1552,82.02644
TJNR,12/2/2023,86,78,0,67.49956,77.71174,82.02644
TJNR,12/3/2023,85,73,0,62.736782,76.23092,93.50594
TJNR,12/4/2023,87,75,0.0001,69.90216,82.239655,93.53201
TJNR,12/5/2023,86,76,0.0001,63.0984,78.411545,96.75849
TJNR,12/6/2023,86,75,0.0001,71.87536,82.00986,87.5789
TJNR,12/7/2023,86,71,0.0001,,,
TJNR,12/8/2023,87,78,0,,,
TJNR,12/9/2023,88,80,0.0001,,,
TJNR,12/10/2023,,,0.0001,,,
TJNR,12/11/2023,86,76,0.0001,70.26737,78.056114,93.60928
TJNR,12/12/2023,85,78,0.0001,66.83575,74.02312,82.02644
TJNR,12/13/2023,85,73,0.09,67.280304,77.78933,93.55792
TJNR,12/14/2023,84,77,0.0001,,,
TJNR,12/15/2023,81,75,0.17,81.89149,87.19418,96.718666
TJNR,12/16/2023,84,78,0.1,71.97315,84.149574,93.58368
TJNR,12/17/2023,83,77,0.21,71.678345,81.492195,96.75849
TJNR,12/18/2023,84,77,0.0001,71.47941,74.89835,81.89149
TJNR,12/19/2023,84,74,0,62.736782,77.82043,94.14301
TJNR,12/20/2023,84,73,0,69.38291,77.180504,88.507805
TJNR,12/21/2023,85,72,0.57,71.87536,83.00668,96.69171
TJNR,12/22/2023,83,75,0.25,73.967064,82.16852,93.50594
TJNR,12/23/2023,84,73,0.34,71.87536,82.58224,100
TJNR,12/24/2023,84,73,0,71.97315,77.65463,87.28552
TJNR,12/25/2023,85,70,0.0001,69.59207,81.22477,94.14301
TJNR,12/26/2023,86,74,0.09,69.69592,79.13883,93.50594
TJNR,12/27/2023,84,73,0.1,67.16992,80.80237,93.45335
TJNR,12/28/2023,83,70,0.0001,64.92017,80.42444,96.6368
TJNR,12/29/2023,84,75,0,71.777084,76.589645,81.959145
TJNR,12/30/2023,84,71,0,67.05904,76.28221,96.65066
TJNR,12/31/2023,83,72,0.06,71.27854,81.5121,100
TJNR,1/1/2024,85,73,0.01,71.27854,79.94792,93.53201
TJNR,1/2/2024,84,72,0.02,67.16992,81.54948,96.70523
TJNR,1/3/2024,84,78,0,74.151726,77.311806,84.69338
TJNR,1/4/2024,85,73,0,72.07047,85.73882,100
TJNR,1/5/2024,85,72,0,72.07047,84.27139,93.53201
TJNR,1/6/2024,85,73,0,74.33456,83.01039,96.69171
TJNR,1/7/2024,85,72,0,69.59207,82.70954,96.678116
TJNR,1/8/2024,85,72,0.0001,71.97315,82.806694,100
TJNR,1/9/2024,85,78,0.0001,69.69592,78.81032,82.093376
TJNR,1/10/2024,86,77,0.03,71.97315,82.574066,90.51289
TJNR,1/11/2024,86,76,0.2,72.07047,85.01707,100
TJNR,1/12/2024,85,77,0.11,74.42529,87.93636,100
TJNR,1/13/2024,86,78,0,72.07047,80.03167,84.75151
TJNR,1/14/2024,85,77,0.0001,67.280304,77.75647,87.5307
TJNR,1/15/2024,84,76,0.1,76.95029,85.21281,100
TJNR,1/16/2024,86,78,0.0001,67.39018,76.62801,87.5307
TJNR,1/17/2024,84,75,0.07,71.777084,81.17609,100
TJNR,1/18/2024,86,77,0.08,62.97838,80.510056,100
TJNR,1/19/2024,86,77,0.03,71.97315,84.06682,93.58368
TJNR,1/20/2024,88,75,0.0001,72.167336,85.52564,100
TJNR,1/21/2024,86,78,0,69.69592,81.173706,93.53201
TJNR,1/22/2024,86,74,0.07,65.15156,75.95753,90.47541
TJNR,1/23/2024,85,77,0,62.736782,71.05411,81.89149
TJNR,1/24/2024,81,75,0.17,73.967064,86.84952,100
TJNR,1/25/2024,83,77,0.0001,66.83575,75.16141,84.63493
TJNR,1/26/2024,84,73,0.01,64.92017,74.60758,87.38443
TJNR,1/27/2024,84,76,0.0001,67.280304,76.0851,84.51706
TJNR,1/28/2024,85,71,0,64.92017,77.58335,93.4268
TJNR,1/29/2024,84,70,0,67.16992,76.39101,96.65066
TJNR,1/30/2024,86,75,0,62.736782,77.70077,94.14301
TJNR,1/31/2024,80,72,2.61,81.823456,87.35035,100
TJNR,2/1/2024,83,77,0.01,74.151726,84.696014,90.51289
TJNR,2/2/2024,82,73,0.19,66.83575,82.80692,90.39978
TJNR,2/3/2024,83,70,0.03,66.83575,80.91071,96.69171
TJNR,2/4/2024,84,71,0,71.97315,82.372444,90.51289
TJNR,2/5/2024,83,78,0.23,74.60542,88.65221,96.78464
TJNR,2/6/2024,82,74,0.53,84.63493,91.62427,96.78464
TJNR,2/7/2024,80,72,1.99,84.51706,88.79065,100
TJNR,2/8/2024,76,70,0.22,81.61716,89.1943,93.45335
TJNR,2/9/2024,83,71,0.01,48.882202,66.83983,93.4268
TJNR,2/10/2024,82,74,0,54.49604,65.16434,73.6866
TJNR,2/11/2024,83,76,0,64.451225,68.73742,73.780556
TJNR,2/12/2024,84,74,0.05,64.80371,75.886154,93.47972
TJNR,2/13/2024,86,72,0.0001,69.69592,84.19296,96.718666
TJNR,2/14/2024,85,72,0,69.69592,84.96627,100
TJNR,2/15/2024,85,76,0,71.777084,84.224014,93.50594
TJNR,2/16/2024,85,73,0,69.69592,81.73293,96.678116
TJNR,2/17/2024,86,72,0,69.69592,84.44944,100
TJNR,2/18/2024,86,71,0,65.26648,81.49302,96.66443
TJNR,2/19/2024,86,77,0,67.39018,78.4882,87.5307
TJNR,2/20/2024,84,72,0.01,74.24337,85.78195,100
TJNR,2/21/2024,84,73,0.28,79.32386,93.448524,100
TJNR,2/22/2024,84,69,0.02,56.56821,78.05613,96.66443
TJNR,2/23/2024,82,65,0,54.49604,72.00513,90.167534
TJNR,2/24/2024,85,67,0,71.87536,84.88666,96.732025
TJNR,2/25/2024,82,75,0.56,76.6996,90.5741,100
TJNR,2/26/2024,83,75,0.09,71.777084,90.771,100
TJNR,2/27/2024,81,74,0.1,79.17114,88.48761,96.70523
TJNR,2/28/2024,84,75,0.01,67.280304,80.31563,87.48222
TJNR,2/29/2024,85,75,0.0001,69.59207,79.36855,87.5307
TJNR,3/1/2024,83,74,0.01,73.967064,79.09841,90.39978
TJNR,3/2/2024,83,76,0.0001,58.56242,72.283585,81.823456
TJNR,3/3/2024,83,74,0.12,69.17177,79.84359,93.47972
TJNR,3/4/2024,84,75,0.01,64.68674,75.86192,87.433464
TJNR,3/5/2024,84,70,0.0001,62.615204,78.18296,93.47972
TJNR,3/6/2024,86,71,0,65.03612,80.384926,96.69171
TJNR,3/7/2024,87,77,0.24,65.26648,82.96806,100
TJNR,3/8/2024,85,72,0,72.07047,85.49652,100
TJNR,3/9/2024,85,79,0,76.95029,84.35845,96.70523
TJNR,3/10/2024,86,74,0,58.692406,82.32865,93.50594
TJNR,3/11/2024,86,78,0,67.39018,83.61785,96.69171
TJNR,3/12/2024,85,73,0,71.87536,80.10357,93.47972
TJNR,3/13/2024,85,75,0,64.80371,73.56344,84.69338
TJNR,3/14/2024,86,77,0.03,65.15156,78.75609,87.48222
TJNR,3/15/2024,85,75,0.42,69.48774,81.06772,93.55792
TJNR,3/16/2024,85,77,0,69.48774,78.36147,87.48222
TJNR,3/17/2024,86,77,0,67.39018,76.75799,81.959145
TJNR,3/18/2024,87,77,0.0001,63.0984,78.34753,87.5307
TJNR,3/19/2024,88,76,0,67.39018,79.24933,90.47541
TJNR,3/20/2024,87,79,0,63.0984,77.272156,93.47972
TJNR,3/21/2024,86,73,0.01,69.69592,78.94964,90.39978
TJNR,3/22/2024,86,76,0.09,67.39018,75.98784,88.668915
TJNR,3/23/2024,87,78,0,62.97838,72.67092,81.89149
TJNR,3/24/2024,87,78,0,63.0984,74.60695,84.63493
TJNR,3/25/2024,87,74,0.08,63.0984,78.92475,93.55792
TJNR,3/26/2024,88,73,0,58.95082,73.451195,87.33512
TJNR,3/27/2024,85,73,0,56.835377,69.09808,81.61716
TJNR,3/28/2024,87,68,0,44.352432,64.159966,84.09401
TJNR,3/29/2024,88,67,0,51.36681,69.38478,87.08428
TJNR,3/30/2024,87,69,0,56.433846,68.98862,81.686295
TJNR,3/31/2024,86,76,0.01,62.97838,73.02987,84.57616
TJNR,4/1/2024,87,77,0,62.97838,70.66042,76.53033
TJNR,4/2/2024,86,77,0.01,62.97838,69.6224,74.114944
TJNR,4/3/2024,86,79,0,60.743805,65.39627,74.05962
TJNR,4/4/2024,88,78,0,55.180084,70.90031,81.959145
TJNR,4/5/2024,89,76,0,65.15156,78.84292,93.53201
TJNR,4/6/2024,91,76,0,53.592926,77.03485,93.53201
TJNR,4/7/2024,90,79,0,59.33457,72.92966,87.5789
TJNR,4/8/2024,88,80,0.85,65.26648,79.57078,90.587204
TJNR,4/9/2024,83,78,0.26,67.05904,73.265785,79.17114
TJNR,4/10/2024,85,76,0.08,64.92017,70.69032,84.57616
TJNR,4/11/2024,86,79,0.0001,65.26648,76.39889,84.69338
TJNR,4/12/2024,86,78,0.34,69.799286,82.32786,90.51289
TJNR,4/13/2024,86,78,0.0001,60.993706,72.59464,84.63493
TJNR,4/14/2024,86,77,0.3,69.69592,81.781685,93.58368
TJNR,4/15/2024,86,77,0.25,71.97315,82.41946,90.550156
TJNR,4/16/2024,85,78,0.52,69.59207,79.54878,90.550156
TJNR,4/17/2024,86,77,0.3,69.59207,80.88558,90.47541
TJNR,4/18/2024,84,76,,71.678345,77.519264,87.433464
TJNR,4/19/2024,84,73,0.01,69.59207,80.5957,96.69171
TJNR,4/20/2024,85,75,0.03,67.280304,74.679924,90.39978
TJNR,4/21/2024,84,76,0.21,67.280304,79.16375,96.718666
TJNR,4/22/2024,87,74,1.51,69.799286,84.29296,100
TJNR,4/23/2024,87,74,0.0001,69.59207,85.90087,100
TJNR,4/24/2024,85,75,0.87,76.78359,91.51623,96.732025
TJNR,4/25/2024,86,75,0.02,69.69592,82.229164,96.718666
TJNR,4/26/2024,86,74,0.0001,63.0984,76.30823,90.47541
TJNR,4/27/2024,85,75,0.1,69.59207,80.72617,96.70523
TJNR,4/28/2024,85,73,0.38,67.280304,78.88982,100
TJNR,4/29/2024,84,75,0.1,74.151726,80.34023,93.50594
TJNR,4/30/2024,84,75,0.46,69.48774,82.48455,96.70523
TJNR,5/1/2024,86,77,0.05,72.07047,81.78879,94.18534
TJNR,5/2/2024,87,77,0.09,69.69592,82.53218,93.58368
TJNR,5/3/2024,87,74,1.2,72.07047,89.716064,100
TJNR,5/4/2024,86,74,0.11,67.280304,82.45028,96.718666
TJNR,5/5/2024,87,77,0,72.167336,84.33494,96.732025
TJNR,5/6/2024,87,76,0.18,74.60542,86.05027,96.74529
TJNR,5/7/2024,85,76,0.23,78.90113,92.15701,100
TJNR,5/8/2024,83,74,0.01,79.32386,89.575386,100
TJNR,5/9/2024,85,76,0,74.42529,80.82398,87.5789
TJNR,5/10/2024,86,76,0.0001,69.69592,84.6954,96.732025
TJNR,5/11/2024,88,75,,70.00456,83.61845,96.718666
TJNR,5/12/2024,88,77,0,67.60844,80.46444,93.55792
TJNR,5/13/2024,88,75,0,72.263725,83.70681,96.718666
TJNR,5/14/2024,87,78,0,67.49956,78.11863,90.587204
TJNR,5/15/2024,88,77,0,63.21791,75.849075,84.75151
TJNR,5/16/2024,88,75,0,63.21791,78.08146,93.53201
TJNR,5/17/2024,90,77,0.0001,61.364693,79.58484,93.58368
TJNR,5/18/2024,89,78,0.0001,70.00456,81.34702,94.26866
TJNR,5/19/2024,90,77,0.09,67.82472,82.22277,96.77161
TJNR,5/20/2024,89,77,0,65.60822,79.97784,93.58368
TJNR,5/21/2024,90,78,0,63.33691,75.61373,87.6745
TJNR,5/22/2024,89,75,0.62,70.00456,83.81462,100
TJNR,5/23/2024,88,75,3.09,74.42529,86.96924,100
TJNR,5/24/2024,88,77,0,72.167336,83.62025,93.60928
TJNR,5/25/2024,88,79,0,69.90216,80.76575,93.60928
TJNR,5/26/2024,89,80,0,70.00456,80.843025,90.66067
TJNR,5/27/2024,89,79,0.02,70.106476,83.83798,93.66005
TJNR,5/28/2024,89,80,0.05,74.51558,82.340614,96.77161
TJNR,5/29/2024,88,76,0.18,72.263725,81.92915,100
TJNR,5/30/2024,89,77,0.23,72.263725,80.433205,96.74529
TJNR,5/31/2024,89,81,0.02,69.90216,78.85833,87.72189
TJNR,6/1/2024,89,78,0,67.71683,78.19969,93.58368
TJNR,6/2/2024,87,78,0.94,79.549965,88.99279,96.75849
TJNR,6/3/2024,89,79,0.03,74.69482,85.94245,96.77161
TJNR,6/4/2024,89,81,0.1,67.71683,83.94317,93.6852
TJNR,6/5/2024,89,78,0.08,74.69482,87.8056,96.75849
TJNR,6/6/2024,86,75,1.34,76.95029,89.300804,100
TJNR,6/7/2024,92,79,0,65.72114,79.44132,93.60928
TJNR,6/8/2024,92,79,0.01,63.690865,75.36772,87.62684
TJNR,6/9/2024,91,83,0.01,63.690865,71.99007,82.22618
TJNR,6/10/2024,91,83,0,65.72114,72.23663,77.033005
TJNR,6/11/2024,91,83,0,63.573383,70.71945,77.033005
TJNR,6/12/2024,91,84,0,63.4554,69.67903,77.033005
TJNR,6/13/2024,91,83,0.18,65.60822,73.67685,84.98084
TJNR,6/14/2024,90,81,0.01,63.21791,74.208305,84.80932
TJNR,6/15/2024,92,79,0.17,65.60822,78.84361,90.587204
TJNR,6/16/2024,91,79,0.27,59.58785,78.08202,90.62405
TJNR,6/17/2024,91,79,0.24,63.573383,79.10353,90.62405
TJNR,6/18/2024,91,78,1.22,63.4554,77.45498,90.550156
TJNR,6/19/2024,92,79,0.38,65.83355,78.96235,90.550156
TJNR,6/20/2024,91,83,0.14,61.48733,72.50854,82.22618
TJNR,6/21/2024,91,81,0.04,63.573383,72.769585,84.866806
TJNR,6/22/2024,91,79,0.07,63.573383,75.666435,90.550156
TJNR,6/23/2024,91,78,0.76,67.82472,77.24235,90.587204
TJNR,6/24/2024,91,81,0.15,74.60542,79.2283,90.62405
TJNR,6/25/2024,92,84,0.0001,63.690865,72.342735,79.69874
TJNR,6/26/2024,92,82,0.04,63.807842,73.296326,84.98084
TJNR,6/27/2024,92,83,0,59.241306,71.18274,79.62454
TJNR,6/28/2024,92,81,0.06,59.58785,69.86161,82.15996
TJNR,6/29/2024,92,80,0.13,63.690865,72.14168,82.093376
TJNR,6/30/2024,93,83,0.02,59.713726,70.4824,84.92398
TJNR,7/1/2024,92,80,0.14,65.49481,70.92157,87.72189
TJNR,7/2/2024,91,80,0.43,67.93213,75.76445,88.90445
TJNR,7/3/2024,92,86,0.0001,63.573383,71.17913,79.69874
TJNR,7/4/2024,89,81,0.05,72.35965,76.509285,84.98084
TJNR,7/5/2024,92,79,1.42,68.03905,83.021675,90.66067
TJNR,7/6/2024,92,81,0,61.731087,74.810425,87.76903
TJNR,7/7/2024,91,84,0.0001,65.72114,71.987595,79.62454
TJNR,7/8/2024,92,83,0.05,55.71818,71.28978,82.29205
TJNR,7/9/2024,91,80,0.2,68.03905,77.81208,88.98136
TJNR,7/10/2024,89,80,0.41,70.00456,78.39355,90.62405
TJNR,7/11/2024,91,83,0.05,63.690865,71.7841,77.115295
TJNR,7/12/2024,91,82,0.05,67.93213,74.81392,82.22618
TJNR,7/13/2024,91,79,0.87,72.45512,80.75795,90.550156
TJNR,7/14/2024,92,84,0.02,68.03905,76.174095,84.98084
TJNR,7/15/2024,91,79,0,59.33457,68.74955,84.69338
TJNR,7/16/2024,92,77,0.95,67.93213,76.443794,90.51289
TJNR,7/17/2024,92,83,0.0001,65.83355,73.71632,79.69874
TJNR,7/18/2024,91,82,0.01,65.83355,74.000946,82.22618
TJNR,7/19/2024,87,78,0.95,70.44994,78.66207,87.62684
TJNR,7/20/2024,91,84,0.0001,65.72114,72.38835,83.88154
TJNR,7/21/2024,90,85,0,63.4554,69.84554,77.033005
TJNR,7/22/2024,91,81,0.0001,63.690865,71.79337,79.549965
TJNR,7/23/2024,92,84,0,63.573383,70.14468,74.60542
TJNR,7/24/2024,91,83,0,61.60946,69.4916,74.60542
TJNR,7/25/2024,92,84,0.01,63.690865,73.69152,83.88154
TJNR,7/26/2024,93,85,0,65.83355,72.61142,79.69874
TJNR,7/27/2024,91,84,0,61.60946,71.30765,79.549965
TJNR,7/28/2024,91,81,0.0001,59.58785,70.661476,79.47499
TJNR,7/29/2024,91,79,0.52,65.72114,73.200516,84.866806
TJNR,7/30/2024,91,84,0,61.60946,70.22068,79.62454
TJNR,7/31/2024,91,79,0.69,70.106476,81.45504,90.62405
TJNR,8/1/2024,88,77,0.67,74.51558,83.121994,90.62405
TJNR,8/2/2024,91,79,0.4,68.03905,77.92255,90.62405
TJNR,8/3/2024,91,83,0.0001,65.83355,72.16801,77.033005
TJNR,8/4/2024,91,83,0.08,70.00456,76.26502,85.03739
TJNR,8/5/2024,92,84,0.03,67.93213,74.860634,82.42274
TJNR,8/6/2024,92,83,0.0001,65.83355,73.21657,79.62454
TJNR,8/7/2024,91,82,0,61.60946,71.93949,79.47499
TJNR,8/8/2024,92,81,0.0001,65.72114,76.116325,84.98084
TJNR,8/9/2024,93,83,0,63.807842,73.991875,82.22618
TJNR,8/10/2024,92,80,,63.690865,76.35259,93.63474
TJNR,8/11/2024,93,77,0,61.731087,79.276115,100
TJNR,8/12/2024,93,83,0.0001,63.690865,73.60042,82.29205
TJNR,8/13/2024,90,81,,70.207924,78.77063,90.62405
TJNR,8/14/2024,88,77,,15.724079,32.713867,93.58368
TJNR,8/15/2024,91,79,0,43.5527,67.58507,100
TJNR,8/16/2024,91,78,0,68.03905,84.20926,100
TJNR,8/17/2024,90,75,1.87,74.783775,92.801025,100
TJNR,8/18/2024,91,79,0,70.207924,86.75525,100
TJNR,8/19/2024,90,82,0.0001,77.27863,82.58149,88.90445
TJNR,8/20/2024,89,79,0.03,74.51558,79.633865,90.550156
TJNR,8/21/2024,89,78,0.21,76.86715,85.45162,96.78464
TJNR,8/22/2024,90,82,0,72.45512,82.64282,90.69709
TJNR,8/23/2024,89,77,0.77,74.783775,84.17283,100
TJNR,8/24/2024,89,77,0.07,72.167336,79.52863,90.587204
TJNR,8/25/2024,90,76,0.0001,65.3809,81.61424,96.732025
TJNR,8/26/2024,89,77,0,72.263725,81.29728,96.74529
TJNR,8/27/2024,90,77,0.05,72.35965,83.55758,96.74529
TJNR,8/28/2024,89,79,0.0001,63.21791,82.44674,100
TJNR,8/29/2024,90,77,0.22,67.93213,81.34884,96.75849
TJNR,8/30/2024,89,77,0.74,72.167336,82.96883,93.63474
TJNR,8/31/2024,89,81,0.0001,74.60542,78.470505,87.6745
TJNR,9/1/2024,89,82,0.0001,72.35965,79.449,84.98084
TJNR,9/2/2024,89,78,0.06,77.197174,85.217064,96.74529
TJNR,9/3/2024,90,83,0.0001,70.00456,79.75065,87.81589
TJNR,9/4/2024,90,82,0,69.90216,76.118324,82.22618
TJNR,9/5/2024,90,82,0,72.35965,78.42286,84.92398
TJNR,9/6/2024,90,79,0.0001,70.00456,82.330925,96.75849
TJNR,9/7/2024,90,82,0.02,74.87229,85.535995,96.79759
TJNR,9/8/2024,87,79,0.02,79.69874,85.550575,93.6852
TJNR,9/9/2024,87,78,0.46,82.15996,89.78857,100
TJNR,9/10/2024,87,73,1.85,82.22618,93.43507,100
TJNR,9/11/2024,88,74,0,72.167336,86.256195,100
TJNR,9/12/2024,90,77,0.13,72.45512,90.04108,100
TJNR,9/13/2024,91,78,0.24,72.35965,88.58582,100
TJNR,9/14/2024,89,79,0.38,74.783775,86.31447,100
TJNR,9/15/2024,91,78,0.1,70.207924,86.46474,100
TJNR,9/16/2024,89,82,0,70.106476,79.70954,87.76903
TJNR,9/17/2024,90,80,0,67.82472,79.43609,93.6852
TJNR,9/18/2024,89,79,0,74.783775,82.72871,96.77161
TJNR,9/19/2024,90,77,0.0001,74.87229,88.285324,96.77161
TJNR,9/20/2024,89,76,0,74.69482,86.765205,100
TJNR,9/21/2024,90,76,0,63.4554,83.82177,96.75849
TJNR,9/22/2024,90,75,0,70.00456,84.63723,96.732025
TJNR,9/23/2024,90,77,0,67.93213,83.52333,96.75849
TJNR,9/24/2024,91,77,0,67.71683,83.74262,100
TJNR,9/25/2024,92,78,0,63.573383,80.4311,96.75849
TJNR,9/26/2024,87,78,0.57,74.60542,87.32923,100
TJNR,9/27/2024,90,77,0.0001,70.106476,83.15843,96.74529
TJNR,9/28/2024,90,82,0.02,72.550125,82.61722,87.81589
TJNR,9/29/2024,90,78,0,72.35965,82.87297,96.75849
TJNR,9/30/2024,89,77,0.18,74.69482,87.228584,100
TJNR,10/1/2024,90,77,0.07,72.263725,87.615036,100
TJNR,10/2/2024,91,75,0.0001,68.03905,85.70612,100
TJNR,10/3/2024,89,76,0.21,72.45512,85.88829,100
TJNR,10/4/2024,90,80,0.0001,70.106476,84.010086,96.77161
TJNR,10/5/2024,90,77,0.08,77.115295,87.66905,96.74529
TJNR,10/6/2024,90,77,0,70.00456,88.01958,100
TJNR,10/7/2024,92,76,0.02,61.60946,84.20306,100
TJNR,10/8/2024,92,78,0.18,65.83355,85.75735,96.78464
TJNR,10/9/2024,93,79,0.0001,66.7521,83.32496,100
TJNR,10/10/2024,93,78,0.0001,61.60946,81.36693,100
TJNR,10/11/2024,92,76,0,57.62457,80.47547,100
TJNR,10/12/2024,92,74,0.0001,59.58785,81.60218,100
TJNR,10/13/2024,92,78,0.27,59.58785,83.11512,100
TJNR,10/14/2024,91,77,0.25,65.72114,82.294914,100
TJNR,10/15/2024,93,77,0,59.07925,71.07532,87.5789
TJNR,10/16/2024,92,76,0,59.461464,74.25427,93.53201
TJNR,10/17/2024,92,80,0.0001,63.690865,77.872086,84.98084
TJNR,10/18/2024,92,78,0,61.60946,81.68216,100
TJNR,10/19/2024,91,78,0.09,68.03905,85.565834,96.77161
TJNR,10/20/2024,91,82,0.03,70.207924,80.337906,88.98136
TJNR,10/21/2024,92,79,0.16,67.71683,82.90017,93.63474
TJNR,10/22/2024,92,78,0.1,57.754322,85.6151,100
TJNR,10/23/2024,91,77,0,65.60822,85.86883,100
TJNR,10/24/2024,92,78,0.03,63.690865,85.42207,100
TJNR,10/25/2024,92,78,0.03,67.93213,85.43957,100
TJNR,10/26/2024,89,75,0.19,72.263725,86.85983,100
TJNR,10/27/2024,90,76,0.02,63.4554,84.29579,100
TJNR,10/28/2024,90,76,0.34,70.00456,86.93709,100
TJNR,10/29/2024,86,77,1.29,74.33456,88.631134,100
TJNR,10/30/2024,84,75,0.41,74.151726,79.64693,96.718666
TJNR,10/31/2024,79,73,4.67,84.63493,94.24011,100
TJNR,11/1/2024,82,73.4,3.17,87.6745,98.09123,100
TJNR,11/2/2024,87,76,0,79.62454,89.49104,100
TJNR,11/3/2024,88,73,0,77.115295,92.48086,100
TJNR,11/4/2024,89,76,0,74.783775,90.78268,100
TJNR,11/5/2024,83,75,0,87.72189,95.37893,100
TJNR,11/6/2024,83,74,0,84.92398,95.9839,100
TJNR,11/7/2024,86,73,0,82.22618,95.166664,100
TJNR,11/8/2024,85,75,0,87.76903,96.2745,100
TJNR,11/9/2024,84,77,0,90.69709,98.032,100
TJNR,11/10/2024,84,77,0,90.69709,96.640724,100
TJNR,11/11/2024,84,73,0,82.15996,94.13277,100
TJNR,11/12/2024,88,75,0.01,79.772545,93.88153,100
TJNR,11/13/2024,88,74,0.01,72.263725,92.127075,100
TJNR,11/14/2024,86,73,1.15,84.92398,96.12066,100
TJNR,11/15/2024,82,74,0.09,82.02644,95.27453,100
TJNR,11/16/2024,88,73,4.43,76.95029,96.171295,100
TJNR,11/17/2024,84,73,0.04,79.39962,93.45117,100
TJNR,11/18/2024,85,74,0,60.618076,73.72047,84.39787
TJNR,11/19/2024,86,72,0,65.03612,77.658005,90.36164
TJNR,11/20/2024,86,75,0,69.48774,79.526024,93.53201
TJNR,11/21/2024,86,72,0.01,69.799286,91.736115,100
TJNR,11/22/2024,87,73,0.0001,72.167336,91.07641,100
TJNR,11/23/2024,88,76,0.0001,74.69482,92.80632,100
TJNR,11/24/2024,84,77,0.05,82.15996,91.64892,100
TJNR,11/25/2024,88,78,0.08,72.263725,83.46521,96.77161
TJNR,11/26/2024,88,80,0,69.90216,80.654915,84.866806
TJNR,11/27/2024,87,77,0.13,74.60542,87.02086,96.75849
TJNR,11/28/2024,87,78,0.0001,77.115295,87.32093,100
TJNR,11/29/2024,87,76,0.0001,69.90216,88.65159,100
TJNR,11/30/2024,87,74,0.03,77.033005,90.34179,100
TJNR,12/1/2024,87,73,0.05,79.17114,88.72902,100
TJNR,12/2/2024,87,75,0.04,74.60542,90.03528,100
TJNR,12/3/2024,87,75,0.03,,,
TJNR,12/4/2024,87,76,0.0001,,,
TJNR,12/5/2024,87,77,0.0001,,,
TJNR,12/6/2024,85,77,0.0001,,,
TJNR,12/7/2024,86,74,0,,,
TJNR,12/8/2024,85,75,0.03,,,
TJNR,12/9/2024,86,76,0.13,,,
TJNR,12/10/2024,84,75,0.13,,,
TJNR,12/11/2024,85,78,0.01,,,
TJNR,12/12/2024,85,72,0.0001,79.01681,,81.823456
TJNR,12/13/2024,85,73,0.07,69.59207,89.73016,100
TJNR,12/14/2024,85,70,0.0001,69.59207,87.25592,100
TJNR,12/15/2024,86,72,0,71.97315,87.82936,100
TJNR,12/16/2024,85,73,0,74.42529,87.64755,100
TJNR,12/17/2024,85,76,0.16,76.95029,87.73463,96.74529
TJNR,12/18/2024,85,75,0.46,74.33456,88.00989,100
TJNR,12/19/2024,84,75,0.44,76.86715,87.60445,100
TJNR,12/20/2024,86,77,0.01,69.69592,80.68823,96.732025
TJNR,12/21/2024,85,75,0.34,82.15996,92.28812,100
TJNR,12/22/2024,85,78,0.0001,76.95029,90.47888,96.75849
TJNR,12/23/2024,85,76,0.01,74.33456,87.54121,100
TJNR,12/24/2024,85,77,0.02,77.033005,86.22106,93.55792
TJNR,12/25/2024,,,,,,
TJNR,12/26/2024,,,,,,
TJNR,12/27/2024,,,,,,
TJNR,12/28/2024,,,,,,
TJNR,12/29/2024,,,,,,
TJNR,12/30/2024,,,,,,
TJNR,12/31/2024,,,,,,
TJNR,1/1/2025,,,,,,
TJNR,1/2/2025,,,,,,
TJNR,1/3/2025,,,,,,
TJNR,1/4/2025,,,,,,
TJNR,1/5/2025,,,,,,
TJNR,1/6/2025,,,,,,
TJNR,1/7/2025,,,,,,
TJNR,1/8/2025,85,71,0.08,,,
TJNR,1/9/2025,84,70,0,,,
TJNR,1/10/2025,83,70,0.06,,,
TJNR,1/11/2025,82,68,0.0001,,,
TJNR,1/12/2025,82,64,0,,,
TJNR,1/13/2025,83,69,0,,,
TJNR,1/14/2025,83,72,0.01,,,
TJNR,1/15/2025,81,74,0.0001,,,
TJNR,1/16/2025,83,72,0.06,,,
TJNR,1/17/2025,84,74,0.0001,,,
TJNR,1/18/2025,83,75,0.1,,,
TJNR,1/19/2025,86,75,0.04,,,
TJNR,1/20/2025,84,74,0.04,,,
TJNR,1/21/2025,85,73,0.11,,,
TJNR,1/22/2025,84,74,0.14,,,
TJNR,1/23/2025,84,75,0.46,,,
TJNR,1/24/2025,84,76,0.0001,,,
TJNR,1/25/2025,85,75,0.02,,,
TJNR,1/26/2025,84,75,0.09,,,
TJNR,1/27/2025,84,74,0.25,,,
TJNR,1/28/2025,84,73,0,,,
TJNR,1/29/2025,85,73,0.31,,,
TJNR,1/30/2025,85,76,0.0001,,,
TJNR,1/31/2025,84,74,0.03,,,
TJNR,2/1/2025,85,76,0.1,,,
TJNR,2/2/2025,84,74,0.53,,,
TJNR,2/3/2025,84,73,0.01,,,
TJNR,2/4/2025,84,74,0.05,,,
TJNR,2/5/2025,83,71,1,,,
TJNR,2/6/2025,83,75,0.01,,,
TJNR,2/7/2025,83,74,0.02,,,
TJNR,2/8/2025,83,74,0.25,,,
TJNR,2/9/2025,83,73,0.24,,,
TJNR,2/10/2025,83,75,0.11,,,
TJNR,2/11/2025,83,71,0.12,,,
TJNR,2/12/2025,,,0.01,,,
TJNR,2/13/2025,,,0.07,,,
TJNR,2/14/2025,,,0.03,,,
TJNR,2/15/2025,,,0.43,,,
TJNR,2/16/2025,,,0.01,,,
TJNR,2/17/2025,,,0.0001,,,
TJNR,2/18/2025,,,0.01,,,
TJNR,2/19/2025,,,0.0001,,,
TJNR,2/20/2025,,,0.55,,,
TJNR,2/21/2025,,,0.0001,,,
TJNR,2/22/2025,,,0.01,,,
TJNR,2/23/2025,,,0.0001,,,
TJNR,2/24/2025,,,0.04,,,
TJNR,2/25/2025,84,75,0.2,74.42529,81.50766,96.732025
TJNR,2/26/2025,88,72,0.0001,82.093376,91.68358,100
TJNR,2/27/2025,85,71,0.02,,,
TJNR,2/28/2025,85,73,0.01,,,
TJNR,3/1/2025,85,73,0.03,,,
TJNR,3/2/2025,84,72,0,,,
TJNR,3/3/2025,85,70,0,,,
TJNR,3/4/2025,84,72,0,,,
TJNR,3/5/2025,84,70,0,,,
TJNR,3/6/2025,85,73,0,,,
TJNR,3/7/2025,86,74,0,,,
TJNR,3/8/2025,85,73,0,,,
TJNR,3/9/2025,84,72,0,,,
TJNR,3/10/2025,86,70,0,,,
TJNR,3/11/2025,85,69,,,,
TJNR,3/12/2025,87,69,0,,,
TJNR,3/13/2025,85,70,0,65.94849,75.05406,94.14301
TJNR,3/14/2025,81,67,0,69.17177,86.200775,96.69171
TJNR,3/15/2025,84,66,0,64.80371,79.89636,96.60884
TJNR,3/16/2025,84,69,0,54.633873,72.671844,90.24586
TJNR,3/17/2025,84,72,0,58.56242,74.61486,93.4268
TJNR,3/18/2025,86,69,0,53.177654,74.42708,93.34623
TJNR,3/19/2025,84,68,0,60.365044,76.09749,93.37325
TJNR,3/20/2025,85,65,0,49.320526,67.94294,90.08828
TJNR,3/21/2025,85,72,0,58.692406,72.1993,83.55026
TJNR,3/22/2025,87,78,0,65.3809,76.70231,84.69338
TJNR,3/23/2025,86,75,0,58.821873,76.35668,90.437706
TJNR,3/24/2025,87,76,0,56.835377,69.2184,81.75506
TJNR,3/25/2025,88,76,0,58.821873,73.48506,87.48222
TJNR,3/26/2025,86,77,0,58.821873,72.08293,84.63493
TJNR,3/27/2025,88,73,0,55.180084,75.376175,94.14301
TJNR,3/28/2025,86,77,0,60.869015,72.65394,84.57616
TJNR,3/29/2025,86,76,0,56.702053,71.48883,88.588776
TJNR,3/30/2025,86,74,0,56.835377,70.611984,88.588776
TJNR,3/31/2025,86,75,0,56.702053,69.02089,84.51706
TJNR,4/1/2025,86,76,0,60.743805,70.10735,79.17114
TJNR,4/2/2025,85,72,0,64.80371,76.4695,93.4268
TJNR,4/3/2025,84,74,0,56.56821,67.89425,84.45763
TJNR,4/4/2025,85,73,,54.633873,69.203285,90.36164
TJNR,4/5/2025,84,73,,64.92017,72.1753,84.337776
TJNR,4/6/2025,85,76,,51.0819,68.4988,76.53033
TJNR,4/7/2025,84,75,,58.56242,69.93316,84.45763
TJNR,4/8/2025,83,72,,67.16992,79.132286,94.10022
TJNR,4/9/2025,85,75,,64.80371,77.1984,93.50594
TJNR,4/10/2025,86,78,,69.69592,,84.63493
