Location,Year,Month,Day,Avg_Temp,Precip,Humidity,MoLS,Neural Network,Datetime
San_Juan,2017,1,1,27.19444444000001,0.376230864,75.17,4015.2,4274.335243655319,2017-01-01
San_Juan,2017,1,2,26.638888890000004,0.4064,78.18185,3970.4,4227.22795591234,2017-01-02
San_Juan,2017,1,3,25.83333333,0.762,78.81525,3929.6,4177.761750362459,2017-01-03
San_Juan,2017,1,4,25.805555560000002,0.0508,76.46445,3896.0,4126.145847125193,2017-01-04
San_Juan,2017,1,5,26.94444444,0.000265303,68.07005,3827.7,4072.440421156805,2017-01-05
San_Juan,2017,1,6,26.94444444,0.0254,70.41455,3760.1,4016.631706623764,2017-01-06
San_Juan,2017,1,7,26.638888890000004,0.0254,75.29145,3698.1000000000004,3958.9022787829444,2017-01-07
San_Juan,2017,1,8,26.94444444,0.867768675,76.89785,3645.9,3899.900389813694,2017-01-08
San_Juan,2017,1,9,25.77777778,0.0254,78.05245,3566.5,3839.572615303832,2017-01-09
San_Juan,2017,1,10,25.83333333,1.1938,78.326,3487.0000000000005,3778.1907723789986,2017-01-10
San_Juan,2017,1,11,25.527777780000005,0.4318000000000001,81.0153,3410.9,3715.712656831991,2017-01-11
San_Juan,2017,1,12,25.527777780000005,0.024115838,61.366899999999994,3342.4,3652.2721488225147,2017-01-12
San_Juan,2017,1,13,26.08333333,0.254,69.32445,3250.2,3588.644369102903,2017-01-13
San_Juan,2017,1,14,26.08333333,0.0254,71.16605,3160.3,3525.1471389351655,2017-01-14
San_Juan,2017,1,15,25.527777780000005,0.381,73.5374,3075.7,3461.8381765125896,2017-01-15
San_Juan,2017,1,16,25.83333333,0.1778,78.1187,3006.1,3399.2002413137634,2017-01-16
San_Juan,2017,1,17,25.250000000000004,0.2794,74.02345,2920.7,3337.443193568076,2017-01-17
San_Juan,2017,1,18,24.999999999999996,0.508,75.703,2836.2,3276.931238203984,2017-01-18
San_Juan,2017,1,19,23.61111111,2.173746503,69.0476,2756.2,3217.82143726332,2017-01-19
San_Juan,2017,1,20,24.19444444,0.0,70.92085,2690.1,3160.7489912564183,2017-01-20
San_Juan,2017,1,21,24.47222222,0.0,73.4457,2618.3,3105.8816797841637,2017-01-21
San_Juan,2017,1,22,24.72222222,0.000256343,71.7673,2547.7,3053.292990514467,2017-01-22
San_Juan,2017,1,23,26.69444444,0.0,64.01185,2482.9,3003.376210099215,2017-01-23
San_Juan,2017,1,24,27.5,0.0,63.1281,2432.3,2956.7268341859385,2017-01-24
San_Juan,2017,1,25,26.08333333,0.0,74.55425,2380.6,2913.5829966061037,2017-01-25
San_Juan,2017,1,26,26.08333333,0.0,56.92095,2334.1,2873.8136706181936,2017-01-26
San_Juan,2017,1,27,25.250000000000004,0.079966432,76.37565,2294.4,2837.9079492246346,2017-01-27
San_Juan,2017,1,28,26.11111111,0.154715568,77.67475,2267.2,2805.824731169651,2017-01-28
San_Juan,2017,1,29,27.25,0.026854614,69.42475,2237.0,2776.6982981692295,2017-01-29
San_Juan,2017,1,30,26.388888889999997,0.045025854,78.8992,2212.5,2750.3684681666136,2017-01-30
San_Juan,2017,1,31,26.33333333,0.3048,73.46935,2191.3,2726.1599095115926,2017-01-31
San_Juan,2017,2,1,26.94444444,0.0254,76.5075,2176.7,2703.8634853961244,2017-02-01
San_Juan,2017,2,2,26.638888890000004,0.6096,74.7941,2162.8,2683.3219042089654,2017-02-02
San_Juan,2017,2,3,26.638888890000004,0.32121865099999997,76.54305,2151.3,2664.0354673962947,2017-02-03
San_Juan,2017,2,4,26.94444444,0.0762,76.4697,2141.8,2645.8473684048163,2017-02-04
San_Juan,2017,2,5,26.888888889999997,0.000261335,74.2698,2128.7,2628.51273396718,2017-02-05
San_Juan,2017,2,6,26.33333333,0.9398,80.7056,2114.9,2611.97699876677,2017-02-06
San_Juan,2017,2,7,26.94444444,0.127,74.06905,2100.2,2595.1007204867274,2017-02-07
San_Juan,2017,2,8,27.80555556,0.02600631,67.72945,2083.6,2578.078580004801,2017-02-08
San_Juan,2017,2,9,27.5,0.9471627849999998,69.11745,2061.5,2561.260361032272,2017-02-09
San_Juan,2017,2,10,26.638888890000004,0.0,74.3733,2036.1000000000001,2544.4900480120627,2017-02-10
San_Juan,2017,2,11,26.33333333,0.000262265,71.575,2011.1999999999998,2527.883359201256,2017-02-11
San_Juan,2017,2,12,26.08333333,0.051418516,71.38715,1986.2,2511.5553519191926,2017-02-12
San_Juan,2017,2,13,26.08333333,0.141676688,77.4032,1952.3,2495.3850972385635,2017-02-13
San_Juan,2017,2,14,25.83333333,0.13143962,73.00855,1915.5000000000002,2479.0464737597504,2017-02-14
San_Juan,2017,2,15,25.805555560000002,0.000244243,65.8838,1878.1,2462.6323395325885,2017-02-15
San_Juan,2017,2,16,27.22222222,0.0,65.6707,1853.2,2446.282288032939,2017-02-16
San_Juan,2017,2,17,26.69444444,0.0,66.1223,1819.7000000000003,2429.7466481778893,2017-02-17
San_Juan,2017,2,18,25.805555560000002,0.0,72.964,1788.6,2413.4486182176674,2017-02-18
San_Juan,2017,2,19,25.250000000000004,1.0414,82.41335,1761.4,2398.163982156554,2017-02-19
San_Juan,2017,2,20,26.666666669999998,0.097897762,71.69535,1744.9999999999998,2384.0082430303096,2017-02-20
San_Juan,2017,2,21,25.527777780000005,0.381,72.666,1724.7,2371.1934965930354,2017-02-21
San_Juan,2017,2,22,25.250000000000004,0.0254,70.02835,1709.8,2359.9945938967658,2017-02-22
San_Juan,2017,2,23,25.527777780000005,0.8636000000000001,81.3757,1698.7,2350.545418803938,2017-02-23
San_Juan,2017,2,24,27.5,0.0,68.6441,1698.4,2342.82349989421,2017-02-24
San_Juan,2017,2,25,25.555555559999995,0.478988123,74.31605,1694.1,2336.7230588957364,2017-02-25
San_Juan,2017,2,26,26.33333333,0.0,75.96335,1695.3,2332.3236152275754,2017-02-26
San_Juan,2017,2,27,15.000000000000002,0.5842,78.7912,1700.9,2329.141115306152,2017-02-27
San_Juan,2017,2,28,25.527777780000005,0.0508,79.0759,1729.9,2329.05768071038,2017-02-28
San_Juan,2017,3,1,26.08333333,0.2286,77.06525,1757.5,2331.405687027622,2017-03-01
San_Juan,2017,3,2,25.83333333,1.05136287,74.31715,1786.5,2335.5430920236777,2017-03-02
San_Juan,2017,3,3,25.805555560000002,0.3556,75.15025,1802.0,2341.5140415260717,2017-03-03
San_Juan,2017,3,4,25.250000000000004,0.3302,81.06205,1834.3,2349.2498142092268,2017-03-04
San_Juan,2017,3,5,25.555555559999995,0.9398,74.58565,1861.0000000000002,2358.3266925146927,2017-03-05
San_Juan,2017,3,6,23.916666670000005,1.4732,85.4803,1888.0000000000002,2368.7096152689855,2017-03-06
San_Juan,2017,3,7,23.916666670000005,0.2794,85.41415,1905.5,2380.4826229274745,2017-03-07
San_Juan,2017,3,8,24.72222222,0.0,64.043,1933.7,2393.213326595173,2017-03-08
San_Juan,2017,3,9,25.277777779999997,0.2286,77.54325,1955.4,2407.2249683343834,2017-03-09
San_Juan,2017,3,10,24.999999999999996,0.1778,77.02725,1980.3,2422.292167449849,2017-03-10
San_Juan,2017,3,11,25.30555556,1.717694582,79.59025,1996.5000000000002,2437.6426279112457,2017-03-11
San_Juan,2017,3,12,25.555555559999995,0.40480242399999994,78.31465,2025.4,2452.8538799809558,2017-03-12
San_Juan,2017,3,13,26.08333333,0.025018671,72.2383,2046.1000000000001,2467.883562085647,2017-03-13
San_Juan,2017,3,14,26.08333333,0.0508,75.8944,2066.2,2482.932300765687,2017-03-14
San_Juan,2017,3,15,25.555555559999995,0.025050724000000003,77.81045,2070.5,2497.7031998257717,2017-03-15
San_Juan,2017,3,16,26.69444444,0.0,71.3631,2084.0,2512.0083155098278,2017-03-16
San_Juan,2017,3,17,26.33333333,0.137742607,71.20005,2095.9,2525.9316859590153,2017-03-17
San_Juan,2017,3,18,25.527777780000005,0.0508,79.4624,2115.9,2539.6879497789405,2017-03-18
San_Juan,2017,3,19,25.250000000000004,0.2286,83.08795,2126.9,2553.397262025832,2017-03-19
San_Juan,2017,3,20,25.527777780000005,0.0,79.4102,2149.6,2567.464715513965,2017-03-20
San_Juan,2017,3,21,24.999999999999996,1.8034,90.7087,2170.1,2581.0404354885995,2017-03-21
San_Juan,2017,3,22,26.972222219999995,0.2794,73.92285,2198.1,2594.0579967811127,2017-03-22
San_Juan,2017,3,23,24.999999999999996,4.4196,91.0132,2220.4,2606.831718331467,2017-03-23
San_Juan,2017,3,24,24.47222222,0.8128,90.7087,2252.7,2619.2773384460315,2017-03-24
San_Juan,2017,3,25,25.277777779999997,0.0254,84.80955,2278.4,2631.1289602054962,2017-03-25
San_Juan,2017,3,26,27.5,0.48260000000000003,76.66475,2311.7,2642.8245701106157,2017-03-26
San_Juan,2017,3,27,27.25,1.0414,82.98655,2337.5,2654.397544591612,2017-03-27
San_Juan,2017,3,28,26.69444444,2.5146,82.6805,2374.4,2665.6333713986232,2017-03-28
San_Juan,2017,3,29,25.83333333,0.409928231,84.85645,2407.6,2676.4922165360513,2017-03-29
San_Juan,2017,3,30,26.33333333,0.0,76.9269,2446.8,2686.409613717062,2017-03-30
San_Juan,2017,3,31,25.527777780000005,0.154153853,73.0673,2480.8,2695.427580160869,2017-03-31
San_Juan,2017,4,1,26.638888890000004,0.025545403,77.9804,2521.1,2703.843489252419,2017-04-01
San_Juan,2017,4,2,26.33333333,0.7990501930000001,84.24465,2556.8,2711.296641162355,2017-04-02
San_Juan,2017,4,3,27.19444444000001,0.0254,78.74745,2595.4,2717.704275192209,2017-04-03
San_Juan,2017,4,4,26.388888889999997,1.587953623,75.26985,2629.9,2722.9237588484675,2017-04-04
San_Juan,2017,4,5,25.805555560000002,0.0,73.16065,2664.6,2727.376457991642,2017-04-05
San_Juan,2017,4,6,26.08333333,0.41409054,76.49495,2693.4,2731.343834439697,2017-04-06
San_Juan,2017,4,7,26.33333333,0.747672685,77.3733,2720.3,2734.8179157468467,2017-04-07
San_Juan,2017,4,8,26.11111111,1.174699906,78.50905,2738.1,2737.694179330384,2017-04-08
San_Juan,2017,4,9,25.555555559999995,0.3556,86.05415,2757.6,2739.5597899625022,2017-04-09
San_Juan,2017,4,10,23.666666669999998,0.127,93.47485,2768.3,2739.893485301328,2017-04-10
San_Juan,2017,4,11,24.999999999999996,0.140511703,79.3462,2786.7,2738.828625272657,2017-04-11
San_Juan,2017,4,12,28.05555556,4.1656,74.8451,2795.9,2737.000220621788,2017-04-12
San_Juan,2017,4,13,27.19444444000001,0.0254,80.4191,2795.8,2734.297861884274,2017-04-13
San_Juan,2017,4,14,26.638888890000004,0.0762,77.82865,2790.4,2730.5642120903985,2017-04-14
San_Juan,2017,4,15,26.94444444,0.08292560199999999,76.4697,2787.8,2725.9596509302623,2017-04-15
San_Juan,2017,4,16,27.5,0.024003991,75.24965,2785.4,2720.1194435218295,2017-04-16
San_Juan,2017,4,17,26.638888890000004,6.4516,87.16275,2773.9,2712.8881704479454,2017-04-17
San_Juan,2017,4,18,27.25,0.0,70.96075,2757.3,2704.4214862492754,2017-04-18
San_Juan,2017,4,19,26.94444444,0.000255665,70.21335,2743.1,2695.3564386368,2017-04-19
San_Juan,2017,4,20,26.94444444,0.0254,71.96327,2735.4,2686.006556479947,2017-04-20
San_Juan,2017,4,21,27.19444444000001,0.078369895,70.4548,2722.7,2676.500188518996,2017-04-21
San_Juan,2017,4,22,27.19444444000001,0.026123192999999996,68.2462,2708.4,2667.33675699136,2017-04-22
San_Juan,2017,4,23,28.05555556,0.0762,74.62095,2705.9,2659.148258155287,2017-04-23
San_Juan,2017,4,24,28.61111111,0.127,79.63105,2711.6,2651.8546037594474,2017-04-24
San_Juan,2017,4,25,29.44444444,0.000263976,73.86125,2715.2,2645.4670968574596,2017-04-25
San_Juan,2017,4,26,28.111111110000003,1.5493999999999999,81.7043,2699.5,2639.728587772564,2017-04-26
San_Juan,2017,4,27,27.5,0.047187839,82.6805,2695.4,2634.5550416034907,2017-04-27
San_Juan,2017,4,28,27.5,0.635,88.2631,2721.3,2630.2101072481155,2017-04-28
San_Juan,2017,4,29,26.33333333,1.0414,85.86595,2745.8,2626.6401649751224,2017-04-29
San_Juan,2017,4,30,25.277777779999997,1.2446,88.2631,2755.3,2624.2466284712627,2017-04-30
San_Juan,2017,5,1,25.111111110000003,3.0987999999999998,89.450565,2785.7,2623.4440464037816,2017-05-01
San_Juan,2017,5,2,26.638888890000004,0.3048,84.8428,2833.2,2624.2438305940623,2017-05-02
San_Juan,2017,5,3,26.388888889999997,0.0254,85.7333,2883.1,2626.3127878863656,2017-05-03
San_Juan,2017,5,4,27.80555556,1.764270263,81.93635,2946.1,2629.4559407215065,2017-05-04
San_Juan,2017,5,5,27.750000000000004,0.312043241,83.24485,2993.6,2633.656107495276,2017-05-05
San_Juan,2017,5,6,28.05555556,1.8518323060000002,73.67745,3060.7,2638.7819647847186,2017-05-06
San_Juan,2017,5,7,27.5,1.00503189,75.83155,3159.1,2645.2142928000612,2017-05-07
San_Juan,2017,5,8,27.5,1.2192,80.28595,3236.6,2653.1219116100037,2017-05-08
San_Juan,2017,5,9,26.638888890000004,0.1778,88.55815,3303.7,2662.4882056655592,2017-05-09
San_Juan,2017,5,10,26.638888890000004,0.157900034,87.2533,3414.0,2672.722333653876,2017-05-10
San_Juan,2017,5,11,26.388888889999997,2.851389212,86.8679,3533.1,2683.742240709857,2017-05-11
San_Juan,2017,5,12,26.638888890000004,1.894279341,84.3866,3620.4000000000005,2695.528454163596,2017-05-12
San_Juan,2017,5,13,27.19444444000001,0.7941444,81.25825,3680.7,2707.7550479346123,2017-05-13
San_Juan,2017,5,14,28.66666667,2.790312502,78.7612,3776.8,2720.3663630116957,2017-05-14
San_Juan,2017,5,15,30.0,0.305752625,74.61085,3872.7000000000003,2733.6409258716703,2017-05-15
San_Juan,2017,5,16,30.0,0.0,75.1613,3899.6000000000004,2747.604429312101,2017-05-16
San_Juan,2017,5,17,29.166666669999998,0.000251306,78.1703,3924.4,2762.1486896735805,2017-05-17
San_Juan,2017,5,18,28.361111109999992,2.182631928,82.3083,3975.5000000000005,2776.9423480414544,2017-05-18
San_Juan,2017,5,19,28.61111111,0.000278736,74.5824,3966.6,2791.342783166735,2017-05-19
San_Juan,2017,5,20,28.361111109999992,0.000261481,72.63985,3961.4999999999995,2805.3678574935584,2017-05-20
San_Juan,2017,5,21,28.61111111,0.000264669,74.64985,3982.4000000000005,2818.9475722536545,2017-05-21
San_Juan,2017,5,22,29.222222220000003,0.0254,76.2724,3939.0000000000005,2831.8555275746617,2017-05-22
San_Juan,2017,5,23,28.91666667000001,0.04771179800000001,71.77855,3899.5,2843.5807542480507,2017-05-23
San_Juan,2017,5,24,30.0,0.049983005,63.55265,3893.3999999999996,2854.2809442430125,2017-05-24
San_Juan,2017,5,25,28.91666667000001,0.05269969100000001,71.77855,3818.3,2864.4470460937678,2017-05-25
San_Juan,2017,5,26,27.5,0.48260000000000003,77.37775,3736.2999999999997,2874.2317248473764,2017-05-26
San_Juan,2017,5,27,28.91666667000001,0.0508,69.99695,3721.0999999999995,2883.410450048518,2017-05-27
San_Juan,2017,5,28,28.361111109999992,0.0508,74.74915,3707.1,2891.55367326083,2017-05-28
San_Juan,2017,5,29,27.25,3.8862,81.1416,3621.4000000000005,2898.404692838177,2017-05-29
San_Juan,2017,5,30,27.750000000000004,1.2954,78.03825,3546.7000000000003,2903.942602227517,2017-05-30
San_Juan,2017,5,31,27.80555556,0.6604,79.96735,3548.7000000000003,2908.3603859922982,2017-05-31
San_Juan,2017,6,1,27.5,0.0,73.2165,3542.4,2911.5007617781084,2017-06-01
San_Juan,2017,6,2,26.94444444,0.762,79.4122,3475.0,2913.293089318282,2017-06-02
San_Juan,2017,6,3,28.91666667000001,0.000244232,72.06445,3476.4000000000005,2913.477398842465,2017-06-03
San_Juan,2017,6,4,29.472222219999995,1.9304000000000001,76.3146,3486.5999999999995,2911.892963066548,2017-06-04
San_Juan,2017,6,5,29.44444444,0.2286,72.6991,3410.0,2908.4919343562487,2017-06-05
San_Juan,2017,6,6,28.66666667,0.050173111,71.63395,3368.7,2903.249054522221,2017-06-06
San_Juan,2017,6,7,28.91666667000001,0.000234981,70.4918,3361.0,2896.1850912650425,2017-06-07
San_Juan,2017,6,8,28.111111110000003,0.0254,78.38145,3287.1,2887.574835467345,2017-06-08
San_Juan,2017,6,9,28.361111109999992,1.7272000000000003,77.4261,3242.8,2877.7888644601144,2017-06-09
San_Juan,2017,6,10,28.66666667,0.1016,71.13255,3214.8,2866.8618020315625,2017-06-10
San_Juan,2017,6,11,28.361111109999992,0.0,71.23875,3123.3,2854.806915534867,2017-06-11
San_Juan,2017,6,12,28.05555556,0.00026112,69.075,3042.3,2841.89447805624,2017-06-12
San_Juan,2017,6,13,28.361111109999992,0.000262963,74.74105,3009.8,2828.8179146479656,2017-06-13
San_Juan,2017,6,14,28.361111109999992,0.381,76.17925,3003.2,2815.51042801681,2017-06-14
San_Juan,2017,6,15,29.166666669999998,0.0,69.42725,2938.3,2801.8276509391135,2017-06-15
San_Juan,2017,6,16,29.472222219999995,0.0,67.4207,2879.5,2787.775863249097,2017-06-16
San_Juan,2017,6,17,28.91666667000001,0.0,69.18915,2876.4,2773.9925134785253,2017-06-17
San_Juan,2017,6,18,28.05555556,0.6604,72.6991,2826.6,2761.0162057166604,2017-06-18
San_Juan,2017,6,19,27.5,1.8796,79.06655,2777.4,2749.3985124102933,2017-06-19
San_Juan,2017,6,20,28.361111109999992,0.4318000000000001,81.52885,2799.6,2739.0133592225457,2017-06-20
San_Juan,2017,6,21,28.111111110000003,0.0762,74.9834,2829.5,2729.638134639185,2017-06-21
San_Juan,2017,6,22,28.111111110000003,0.0508,73.7133,2815.1,2721.691256682855,2017-06-22
San_Juan,2017,6,23,28.05555556,0.1524,72.63985,2847.3,2715.6611111340876,2017-06-23
San_Juan,2017,6,24,28.66666667,0.3048,76.13025,2881.8,2712.135839088102,2017-06-24
San_Juan,2017,6,25,27.80555556,0.9652000000000001,76.8276,2914.4,2711.137195023671,2017-06-25
San_Juan,2017,6,26,27.80555556,0.2032,79.84875,2968.6,2712.586125603183,2017-06-26
San_Juan,2017,6,27,29.222222220000003,0.000243726,75.9341,3010.4,2716.340727308575,2017-06-27
San_Juan,2017,6,28,28.91666667000001,0.2794,74.7146,3047.0,2722.496095565759,2017-06-28
San_Juan,2017,6,29,29.166666669999998,0.0254,71.67495,3059.5,2731.2967120781304,2017-06-29
San_Juan,2017,6,30,29.166666669999998,0.000280278,71.01085,3088.4,2742.7226459626436,2017-06-30
San_Juan,2017,7,1,28.91666667000001,0.049022676,71.654588,3121.8,2756.774484102391,2017-07-01
San_Juan,2017,7,2,28.86111111,0.0,73.0087325,3140.3,2773.694853594656,2017-07-02
San_Juan,2017,7,3,28.91666667000001,0.3048,74.7586155,3172.8,2793.59272492949,2017-07-03
San_Juan,2017,7,4,28.555555559999995,1.2954,80.31109,3206.7,2816.120939170071,2017-07-04
San_Juan,2017,7,5,29.19444444,0.3302,74.878998,3225.8,2841.2594566655875,2017-07-05
San_Juan,2017,7,6,29.222222220000003,0.0,71.9423025,3231.6,2868.9927102031756,2017-07-06
San_Juan,2017,7,7,28.305555560000002,1.1684,78.3013175,3261.4,2899.390986438552,2017-07-07
San_Juan,2017,7,8,28.05555556,0.127,78.28406,3288.5,2931.9477969322816,2017-07-08
San_Juan,2017,7,9,28.05555556,2.7178000000000004,81.3253425,3324.1,2966.123269872087,2017-07-09
San_Juan,2017,7,10,30.0,0.000255369,70.002633,3359.6,3001.2288604070404,2017-07-10
San_Juan,2017,7,11,29.472222219999995,0.305360657,73.172758,3393.1,3037.5987193120577,2017-07-11
San_Juan,2017,7,12,28.361111109999992,0.1778,78.28406,3432.5000000000005,3075.5826432579834,2017-07-12
San_Juan,2017,7,13,28.91666667000001,0.127,74.6134835,3465.0,3115.0445517363596,2017-07-13
San_Juan,2017,7,14,28.86111111,1.050266701,77.628985,3514.1,3155.5456621589574,2017-07-14
San_Juan,2017,7,15,28.61111111,1.143,80.1268375,3569.3999999999996,3196.407834815851,2017-07-15
San_Juan,2017,7,16,29.361111110000003,0.000276096,73.6670055,3613.2,3237.475896521592,2017-07-16
San_Juan,2017,7,17,29.19444444,1.2446,75.715993,3665.7999999999997,3278.608098810039,2017-07-17
San_Juan,2017,7,18,29.000000000000007,0.7636032109999998,79.351868,3721.0999999999995,3320.2057081843313,2017-07-18
San_Juan,2017,7,19,29.361111110000003,0.000249879,73.0644875,3764.6,3362.128879382801,2017-07-19
San_Juan,2017,7,20,28.91666667000001,0.1778,73.0644875,3814.9,3404.1677577301557,2017-07-20
San_Juan,2017,7,21,29.472222219999995,0.637460083,74.633497,3867.2,3446.4824910328775,2017-07-21
San_Juan,2017,7,22,29.222222220000003,0.0254,81.445,3909.8,3489.302381179879,2017-07-22
San_Juan,2017,7,23,29.75,0.2032,76.6405135,3958.4,3532.171541273263,2017-07-23
San_Juan,2017,7,24,29.722222220000003,0.024622907,75.11753,3998.6,3574.8509502143,2017-07-24
San_Juan,2017,7,25,29.111111109999996,0.9906,76.487423,4028.4,3617.6193834885717,2017-07-25
San_Juan,2017,7,26,27.5,4.0386,85.753915,4068.7,3660.5217626460485,2017-07-26
San_Juan,2017,7,27,28.805555560000002,0.764904064,79.659325,4117.0,3703.3826249160325,2017-07-27
San_Juan,2017,7,28,29.388888889999997,0.0,76.4664305,4173.9,3745.861661879559,2017-07-28
San_Juan,2017,7,29,29.111111109999996,2.3622,76.35816,4199.8,3787.9607975689732,2017-07-29
San_Juan,2017,7,30,29.30555556,0.2032,66.9447875,4232.0,3829.623295477924,2017-07-30
San_Juan,2017,7,31,28.88888889,0.7112,76.5988535,4273.0,3871.4794985946273,2017-07-31
San_Juan,2017,8,1,29.722222220000003,0.3048,76.2389,4291.4,3913.4443727428948,2017-08-01
San_Juan,2017,8,2,29.472222219999995,0.508,80.05455,4315.0,3955.27363246415,2017-08-02
San_Juan,2017,8,3,29.722222220000003,0.0254,79.26735,4334.8,3996.378894597042,2017-08-03
San_Juan,2017,8,4,28.66666667,0.7366,83.8063,4312.3,4036.6598317547187,2017-08-04
San_Juan,2017,8,5,29.222222220000003,0.025923677,77.5831,4333.9,4076.400716591908,2017-08-05
San_Juan,2017,8,6,28.91666667000001,0.7366,76.07005,4349.7,4115.915065944161,2017-08-06
San_Juan,2017,8,7,28.61111111,0.1016,77.83345,4323.7,4155.4203468418245,2017-08-07
San_Juan,2017,8,8,29.44444444,0.0,69.96025,4335.2,4194.597428181288,2017-08-08
San_Juan,2017,8,9,29.722222220000003,0.0254,80.46415,4343.6,4233.530590632686,2017-08-09
San_Juan,2017,8,10,29.222222220000003,0.1524,77.16165,4317.2,4271.781443171747,2017-08-10
San_Juan,2017,8,11,29.472222219999995,0.000254,78.0951,4321.8,4309.102269295446,2017-08-11
San_Juan,2017,8,12,30.30555556,0.049175356,70.45865,4311.7,4345.012408048807,2017-08-12
San_Juan,2017,8,13,29.472222219999995,0.02297264,76.117,4294.4,4379.592225388092,2017-08-13
San_Juan,2017,8,14,29.472222219999995,0.48260000000000003,78.20925,4308.7,4412.813101968582,2017-08-14
San_Juan,2017,8,15,29.472222219999995,0.3048,80.6355,4312.7,4444.339313816916,2017-08-15
San_Juan,2017,8,16,29.222222220000003,0.8128,78.7302,4307.7,4473.8712404523985,2017-08-16
San_Juan,2017,8,17,27.25,5.6134,88.29565,4332.8,4501.08008478838,2017-08-17
San_Juan,2017,8,18,28.361111109999992,0.127,80.9606,4373.9,4526.179656481243,2017-08-18
San_Juan,2017,8,19,28.61111111,1.4732,80.52685,4448.4,4549.487266741601,2017-08-19
San_Juan,2017,8,20,28.61111111,3.1241999999999996,84.12135,4476.4,4571.592714563127,2017-08-20
San_Juan,2017,8,21,28.66666667,0.000254,80.5505,4519.2,4591.71223146187,2017-08-21
San_Juan,2017,8,22,29.222222220000003,0.000254,81.10925,4592.2,4609.407199158352,2017-08-22
San_Juan,2017,8,23,29.361111110000003,0.0,74.8557,4585.3,4624.437740759812,2017-08-23
San_Juan,2017,8,24,29.166666669999998,0.000238842,76.18725,4620.2,4637.484036181749,2017-08-24
San_Juan,2017,8,25,29.722222220000003,0.000254,75.5605,4670.6,4648.367669261502,2017-08-25
San_Juan,2017,8,26,29.472222219999995,0.1778,77.6229,4663.9,4656.46373539913,2017-08-26
San_Juan,2017,8,27,28.88888889,2.032,74.66375,4696.4,4661.0275225324685,2017-08-27
San_Juan,2017,8,28,28.91666667000001,0.2794,79.2077,4737.8,4661.655794767566,2017-08-28
San_Juan,2017,8,29,29.44444444,3.0734,72.93775,4722.3,4658.273245932037,2017-08-29
San_Juan,2017,8,30,30.0,0.026009873,72.55295,4735.1,4651.042740712293,2017-08-30
San_Juan,2017,8,31,29.75,0.000246503,71.6962,4752.1,4640.197508670683,2017-08-31
San_Juan,2017,9,1,29.222222220000003,0.000254,74.82925,4716.1,4625.669272346683,2017-09-01
San_Juan,2017,9,2,29.166666669999998,0.0508,75.8892,4695.0,4607.582330616964,2017-09-02
San_Juan,2017,9,3,28.361111109999992,1.1684,82.8217,4657.1,4585.979302857603,2017-09-03
San_Juan,2017,9,4,28.91666667000001,0.1778,80.61015,4607.3,4560.623623344322,2017-09-04
San_Juan,2017,9,5,28.61111111,1.9812,82.84705,4571.9,4531.362084579759,2017-09-05
San_Juan,2017,9,6,26.94444444,2.8956,85.4816,4514.1,4498.658673651864,2017-09-06
San_Juan,2017,9,7,27.750000000000004,0.2032,83.52295,4508.0,4463.477855164751,2017-09-07
San_Juan,2017,9,8,28.61111111,0.0,77.787,4475.6,4426.1890016728385,2017-09-08
San_Juan,2017,9,9,29.222222220000003,0.000254,77.70285,4443.4,4386.690785125831,2017-09-09
San_Juan,2017,9,10,30.25,0.000254,67.0733025,4419.4,4344.56296205399,2017-09-10
San_Juan,2017,9,11,30.11111111,1.3716000000000002,74.5809,4373.7,4300.490901752333,2017-09-11
San_Juan,2017,9,12,30.25,0.0,68.55005,4335.1,4254.79852666025,2017-09-12
San_Juan,2017,9,13,30.25,0.0762,71.78155,4304.7,4208.098379805427,2017-09-13
San_Juan,2017,9,14,30.55555556,0.000254,72.01885,4265.2,4160.109497850255,2017-09-14
San_Juan,2017,9,15,29.75,0.0,67.59285,4240.2,4111.329907564856,2017-09-15
San_Juan,2017,9,16,29.44444444,0.0,73.44275,4213.7,4062.8280416518655,2017-09-16
San_Juan,2017,9,17,29.472222219999995,1.8034,77.435703,4150.8,4015.7997160667132,2017-09-17
San_Juan,2017,9,18,29.222222220000003,0.0762,83.1181,4132.5,3970.9176719354255,2017-09-18
San_Juan,2017,9,19,29.222222220000003,0.48260000000000003,83.09803,4121.0,3928.2171426085456,2017-09-19
San_Juan,2017,9,20,26.69444444,4.1148,94.006,4078.3000000000006,3887.3799920918045,2017-09-20
San_Juan,2017,9,21,29.500000000000004,2.134888164,96.35193,4093.6,3848.6530121307997,2017-09-21
San_Juan,2017,9,22,29.500000000000004,0.078061872,87.383,4104.9,3812.3018774808934,2017-09-22
San_Juan,2017,9,23,28.88888889,3.9948599539999994,89.0956,4063.0,3778.85811260692,2017-09-23
San_Juan,2017,9,24,30.69444444,0.0,76.236538,4042.6999999999994,3748.460477407097,2017-09-24
San_Juan,2017,9,25,30.0,0.146168907,77.88575,4059.8999999999996,3721.2491397436575,2017-09-25
San_Juan,2017,9,26,29.500000000000004,1.061478712,85.22495,4039.6,3697.774575591749,2017-09-26
San_Juan,2017,9,27,29.000000000000007,0.696475256,84.85515,4018.9000000000005,3677.9159073994747,2017-09-27
San_Juan,2017,9,28,28.5,0.000260224,87.383,4052.6,3660.938625983911,2017-09-28
San_Juan,2017,9,29,28.5,1.450752008,85.0416,4048.7,3645.8291259273587,2017-09-29
San_Juan,2017,9,30,26.444444440000005,0.1524,88.55815,4037.1,3632.5817513060133,2017-09-30
San_Juan,2017,10,1,27.750000000000004,0.3048,88.1452,4096.5,3621.2252214383707,2017-10-01
San_Juan,2017,10,2,28.05555556,0.000254,86.29945,4159.8,3611.938960556,2017-10-02
San_Juan,2017,10,3,28.66666667,0.000254,84.3481,4166.5,3605.0473668994077,2017-10-03
San_Juan,2017,10,4,29.472222219999995,1.076804363,81.72045,4176.9,3600.1050480401163,2017-10-04
San_Juan,2017,10,5,29.69444444,0.000254,76.4583,4229.4,3597.0676239527743,2017-10-05
San_Juan,2017,10,6,28.66666667,0.2032,79.55205,4221.0,3595.814243004611,2017-10-06
San_Juan,2017,10,7,27.750000000000004,0.1016,85.7519,4195.6,3596.2614150588674,2017-10-07
San_Juan,2017,10,8,27.750000000000004,0.6604,85.22497,4220.0,3597.433284055078,2017-10-08
San_Juan,2017,10,9,27.5,0.1778,87.3027,4262.3,3598.7054739583573,2017-10-09
San_Juan,2017,10,10,27.750000000000004,2.9464,84.89965,4256.4,3600.1300266731623,2017-10-10
San_Juan,2017,10,11,28.88888889,0.7112,80.74365,4275.6,3602.1756766532753,2017-10-11
San_Juan,2017,10,12,28.66666667,0.0762,87.35185,4340.6,3604.666400626876,2017-10-12
San_Juan,2017,10,13,28.61111111,0.000254,88.47595,4311.1,3607.124493345159,2017-10-13
San_Juan,2017,10,14,28.91666667000001,0.48260000000000003,88.47595,4305.7,3608.796583906147,2017-10-14
San_Juan,2017,10,15,28.58333333,5.0292,81.6277,4357.1,3609.7840327590434,2017-10-15
San_Juan,2017,10,16,26.13888889,4.9022,95.12455,4310.8,3610.68091370212,2017-10-16
San_Juan,2017,10,17,28.361111109999992,0.000254,86.1134,4290.5,3610.7616416004785,2017-10-17
San_Juan,2017,10,18,28.361111109999992,0.000254,88.47595,4276.8,3609.4123709902947,2017-10-18
San_Juan,2017,10,19,29.472222219999995,0.0,75.03565,4313.2,3606.978130348712,2017-10-19
San_Juan,2017,10,20,28.66666667,0.7112,81.28665,4275.3,3604.60062621348,2017-10-20
San_Juan,2017,10,21,28.05555556,0.0508,72.2034,4258.1,3602.123249201805,2017-10-21
San_Juan,2017,10,22,27.694444440000005,0.2032,79.4388025,4254.2,3599.792162520451,2017-10-22
San_Juan,2017,10,23,27.5,0.2794,82.9374,4284.9,3596.958082316245,2017-10-23
San_Juan,2017,10,24,28.05555556,0.000254,71.65965,4245.7,3593.04152911083,2017-10-24
San_Juan,2017,10,25,28.88888889,0.000254,76.96035,4231.7,3588.2521326385054,2017-10-25
San_Juan,2017,10,26,28.91666667000001,0.000254,80.8052,4214.3,3582.7983798777636,2017-10-26
San_Juan,2017,10,27,27.5,0.0508,88.6403,4151.2,3576.8152965211607,2017-10-27
San_Juan,2017,10,28,28.91666667000001,0.000254,83.69685,4149.6,3569.8587592517642,2017-10-28
San_Juan,2017,10,29,29.111111109999996,0.000254,81.5623,4151.0,3562.465106086578,2017-10-29
San_Juan,2017,10,30,28.86111111,0.0,73.765008,4050.0000000000005,3554.9576235206964,2017-10-30
San_Juan,2017,10,31,28.61111111,0.000254,82.8217,4031.4,3547.5962618851268,2017-10-31
San_Juan,2017,11,1,27.777777779999997,0.000254,75.6834,4011.5999999999995,3539.6979614642137,2017-11-01
San_Juan,2017,11,2,28.333333330000002,0.000254,70.6643,4011.7,3531.0366764593823,2017-11-02
San_Juan,2017,11,3,27.5,0.000254,75.33865,3959.6,3522.518027187955,2017-11-03
San_Juan,2017,11,4,28.05555556,0.7873999999999999,80.62075,3983.2000000000003,3514.7833389425628,2017-11-04
San_Juan,2017,11,5,26.11111111,3.1241999999999996,89.775,3993.9,3507.445225375465,2017-11-05
San_Juan,2017,11,6,28.05555556,0.000254,78.74715,4009.7999999999997,3499.6484205534875,2017-11-06
San_Juan,2017,11,7,26.11111111,6.9342,93.525,3980.9999999999995,3492.072279608479,2017-11-07
San_Juan,2017,11,8,25.83333333,1.7272000000000003,94.006,4013.3,3485.3631302246026,2017-11-08
San_Juan,2017,11,9,26.666666669999998,0.1778,85.9637,4028.7999999999997,3479.593409419439,2017-11-09
San_Juan,2017,11,10,27.777777779999997,1.1684,82.76455,4054.2000000000003,3474.3265872546062,2017-11-10
San_Juan,2017,11,11,27.5,1.016,87.35185,4075.5,3469.6618636349294,2017-11-11
San_Juan,2017,11,12,28.05555556,0.0762,82.47735,4105.8,3465.326004213926,2017-11-12
San_Juan,2017,11,13,27.777777779999997,0.1524,80.0292,4119.2,3461.532591392772,2017-11-13
San_Juan,2017,11,14,27.5,0.000254,80.998,4187.2,3458.5402772319158,2017-11-14
San_Juan,2017,11,15,30.0,0.000254,75.53435,4212.1,3456.2554561924094,2017-11-15
San_Juan,2017,11,16,28.333333330000002,0.3048,83.17676,4222.8,3454.318659140592,2017-11-16
San_Juan,2017,11,17,29.722222220000003,0.0,78.44635,4236.3,3452.122070512419,2017-11-17
San_Juan,2017,11,18,27.22222222,4.5974,88.6403,4230.9,3449.3408199689957,2017-11-18
San_Juan,2017,11,19,27.22222222,5.206999999999999,86.15105,4188.8,3445.6832155054663,2017-11-19
San_Juan,2017,11,20,26.94444444,0.2032,89.775,4187.7,3441.193560778325,2017-11-20
San_Juan,2017,11,21,27.22222222,0.0,82.63324,4182.0,3435.811652135133,2017-11-21
San_Juan,2017,11,22,27.777777779999997,0.0,71.94295,4153.8,3430.128122147201,2017-11-22
San_Juan,2017,11,23,27.22222222,0.0762,87.16095,4101.0,3425.1822241341647,2017-11-23
San_Juan,2017,11,24,28.333333330000002,0.2286,85.9029,4084.5000000000005,3420.222369134034,2017-11-24
San_Juan,2017,11,25,28.333333330000002,0.000254,78.3272,4067.1,3414.704541514087,2017-11-25
San_Juan,2017,11,26,27.777777779999997,0.000254,73.70645,4033.4999999999995,3408.911991512059,2017-11-26
San_Juan,2017,11,27,27.5,0.0,76.210552,3979.6,3403.467714506475,2017-11-27
San_Juan,2017,11,28,27.777777779999997,0.0,69.42725,3959.7,3398.1318257362664,2017-11-28
San_Juan,2017,11,29,27.777777779999997,0.000254,83.11285,3937.5,3392.9529309701825,2017-11-29
San_Juan,2017,11,30,26.94444444,0.0,79.1731,3903.2,3387.4989097613393,2017-11-30
San_Juan,2017,12,1,26.94444444,0.0,83.36345,3867.0000000000005,3381.5342229680273,2017-12-01
San_Juan,2017,12,2,26.388888889999997,0.0,81.56075,3841.3000000000006,3375.290432997315,2017-12-02
San_Juan,2017,12,3,26.94444444,0.000254,83.00028,3844.6000000000004,3368.8979556398663,2017-12-03
San_Juan,2017,12,4,26.94444444,0.000254,85.86595,3836.4999999999995,3362.3312054773573,2017-12-04
San_Juan,2017,12,5,26.666666669999998,3.0734,88.34725,3800.4000000000005,3355.609752376421,2017-12-05
San_Juan,2017,12,6,26.666666669999998,0.889,90.9102,3777.9,3348.936362131092,2017-12-06
San_Juan,2017,12,7,27.22222222,0.000254,79.9206075,3785.3999999999996,3342.799103475434,2017-12-07
San_Juan,2017,12,8,26.388888889999997,0.0508,73.18715,3780.6,3337.696937193831,2017-12-08
San_Juan,2017,12,9,27.22222222,0.127,73.5951,3751.6000000000004,3334.0825070534024,2017-12-09
San_Juan,2017,12,10,26.666666669999998,0.000254,75.6761,3734.7,3332.04785465148,2017-12-10
San_Juan,2017,12,11,26.666666669999998,0.8128,78.08655,3743.4,3331.509973057888,2017-12-11
San_Juan,2017,12,12,27.5,0.0,71.31205,3740.8,3332.049219108384,2017-12-12
San_Juan,2017,12,13,27.777777779999997,0.0,77.22655,3718.7,3333.242074266387,2017-12-13
San_Juan,2017,12,14,27.5,0.0,77.06765,3708.3,3333.9383425543438,2017-12-14
San_Juan,2017,12,15,26.666666669999998,0.000254,81.549,3720.2999999999997,3334.3033731921328,2017-12-15
San_Juan,2017,12,16,26.94444444,0.2286,84.3866,3724.1,3334.7957264504735,2017-12-16
San_Juan,2017,12,17,26.666666669999998,0.1778,85.3269,3710.1,3335.280910755968,2017-12-17
San_Juan,2017,12,18,26.666666669999998,0.1524,88.2631,3706.4,3335.597704046884,2017-12-18
San_Juan,2017,12,19,26.94444444,0.1778,80.97325,3720.0,3336.043331136029,2017-12-19
San_Juan,2017,12,20,26.666666669999998,0.000254,83.3771,3725.3,3336.3751144763905,2017-12-20
San_Juan,2017,12,21,26.388888889999997,0.000254,82.6189,3715.6000000000004,3336.754049800177,2017-12-21
San_Juan,2017,12,22,26.94444444,0.0508,82.1608,3715.0,3337.6286014152693,2017-12-22
San_Juan,2017,12,23,26.666666669999998,0.4572,81.08595,3729.1,3338.8495380961026,2017-12-23
San_Juan,2017,12,24,26.94444444,0.0762,76.51495,3735.7,3340.556110815788,2017-12-24
San_Juan,2017,12,25,26.666666669999998,0.1016,80.16575,3727.1,3342.9480833780335,2017-12-25
San_Juan,2017,12,26,26.666666669999998,0.2286,80.55945,3725.4999999999995,3345.627411582607,2017-12-26
San_Juan,2017,12,27,25.83333333,0.2032,85.63015,3737.7,3348.2769975888486,2017-12-27
San_Juan,2017,12,28,25.83333333,0.635,87.03445,3742.1,3350.5358342406093,2017-12-28
San_Juan,2017,12,29,25.555555559999995,0.9398,83.5295,3732.6,3352.2784905507715,2017-12-29
San_Juan,2017,12,30,24.999999999999996,0.0508,83.3302,3729.0,3353.6605733873216,2017-12-30
San_Juan,2017,12,31,25.83333333,0.000254,80.4762,3736.4,3354.52951073435,2017-12-31
San_Juan,2018,1,1,26.666666669999998,0.000254,81.562535,3734.5,3355.130889098045,2018-01-01
San_Juan,2018,1,2,25.277777779999997,0.0,73.00856,3719.0999999999995,3355.9836765146915,2018-01-02
San_Juan,2018,1,3,26.666666669999998,0.0,74.235548,3711.2000000000003,3357.714557210009,2018-01-03
San_Juan,2018,1,4,26.666666669999998,0.0,74.349787,3714.3999999999996,3360.907906600326,2018-01-04
San_Juan,2018,1,5,26.666666669999998,0.1778,80.568105,3706.3,3365.6605409564545,2018-01-05
San_Juan,2018,1,6,27.22222222,0.000254,71.943287,3685.9,3371.4761950832303,2018-01-06
San_Juan,2018,1,7,27.22222222,0.000254,76.240115,3674.5,3378.5100046759353,2018-01-07
San_Juan,2018,1,8,26.11111111,0.0508,86.315655,3675.3,3386.336314258526,2018-01-08
San_Juan,2018,1,9,26.388888889999997,0.000254,75.9556425,3669.0000000000005,3394.09561688066,2018-01-09
San_Juan,2018,1,10,26.33333333,0.0762,82.986555,3654.4999999999995,3402.164847002082,2018-01-10
San_Juan,2018,1,11,26.94444444,0.889,78.737547,3648.2,3410.3411582943263,2018-01-11
San_Juan,2018,1,12,26.888888889999997,0.000254,79.34424,3652.9999999999995,3417.904317922238,2018-01-12
San_Juan,2018,1,13,26.388888889999997,0.2032,87.212645,3651.3,3424.536380119429,2018-01-13
San_Juan,2018,1,14,26.08333333,1.0668,84.796035,3642.1999999999994,3429.8843546083253,2018-01-14
San_Juan,2018,1,15,25.527777780000005,0.9398,85.5843355,3641.1999999999994,3433.931022294552,2018-01-15
San_Juan,2018,1,16,25.83333333,4.1148,85.865935,3654.7,3437.595825332788,2018-01-16
San_Juan,2018,1,17,25.83333333,0.4064,84.856465,3663.7,3441.1050469593256,2018-01-17
San_Juan,2018,1,18,26.08333333,0.000254,80.404857,3661.6999999999994,3444.531642574288,2018-01-18
San_Juan,2018,1,19,26.388888889999997,0.127,84.079062,3663.4,3447.9452943623205,2018-01-19
San_Juan,2018,1,20,26.388888889999997,0.000254,80.294225,3681.3000000000006,3451.175406794517,2018-01-20
San_Juan,2018,1,21,26.33333333,0.000254,78.9846555,3692.1,3454.445741546377,2018-01-21
San_Juan,2018,1,22,25.83333333,0.0762,83.3649375,3690.3,3457.1491213123613,2018-01-22
San_Juan,2018,1,23,28.58333333,0.4064,75.453888,3690.1,3458.821001743284,2018-01-23
San_Juan,2018,1,24,26.08333333,0.381,84.856465,3703.4,3458.7344064025315,2018-01-24
San_Juan,2018,1,25,24.999999999999996,0.7112,82.068,3708.4999999999995,3456.4649572567537,2018-01-25
San_Juan,2018,1,26,25.527777780000005,0.1016,82.269213,3702.0,3451.9789997079547,2018-01-26
San_Juan,2018,1,27,25.277777779999997,1.524,88.310745,3697.1999999999994,3445.7114742966132,2018-01-27
San_Juan,2018,1,28,25.277777779999997,0.9652000000000001,85.96119,3705.2,3437.2526024005515,2018-01-28
San_Juan,2018,1,29,24.999999999999996,0.508,81.1441225,3705.1,3427.463446117738,2018-01-29
San_Juan,2018,1,30,25.250000000000004,0.000254,77.830503,3692.5,3417.302591038852,2018-01-30
San_Juan,2018,1,31,24.44444444,0.48260000000000003,73.757095,3682.0,3406.4362325944594,2018-01-31
San_Juan,2018,2,1,25.527777780000005,0.000254,67.965723,3680.4,3395.186599686702,2018-02-01
San_Juan,2018,2,2,24.999999999999996,0.762,79.804372,3671.8,3383.954929196855,2018-02-02
San_Juan,2018,2,3,24.75,0.2032,73.205545,3653.6,3372.869211162995,2018-02-03
San_Juan,2018,2,4,24.75,0.5588,80.6623775,3639.8,3362.256295497347,2018-02-04
San_Juan,2018,2,5,24.999999999999996,0.1016,80.0748685,3640.3999999999996,3351.85087401506,2018-02-05
San_Juan,2018,2,6,25.83333333,0.127,83.5887525,3635.8,3340.685363948467,2018-02-06
San_Juan,2018,2,7,25.250000000000004,0.127,78.63827,3622.5,3328.6331897032846,2018-02-07
San_Juan,2018,2,8,25.277777779999997,0.0508,80.426595,3611.5999999999995,3315.9430295672882,2018-02-08
San_Juan,2018,2,9,24.75,0.3556,84.45796,3614.0000000000005,3302.498439084997,2018-02-09
San_Juan,2018,2,10,25.77777778,0.0762,76.3756675,3611.5,3288.3711392581054,2018-02-10
San_Juan,2018,2,11,25.250000000000004,0.508,73.85605,3597.9999999999995,3273.827434306492,2018-02-11
San_Juan,2018,2,12,24.75,0.254,76.8549,3585.6,3259.714830624658,2018-02-12
San_Juan,2018,2,13,26.08333333,0.2032,74.82441,3586.8999999999996,3246.245967805534,2018-02-13
San_Juan,2018,2,14,25.527777780000005,0.1016,73.624937,3585.8,3233.3995208873093,2018-02-14
San_Juan,2018,2,15,24.999999999999996,0.2286,84.638795,3571.9,3221.2823349916134,2018-02-15
San_Juan,2018,2,16,24.47222222,0.48260000000000003,82.097225,3561.9999999999995,3209.6016105337476,2018-02-16
San_Juan,2018,2,17,25.277777779999997,0.000262893,77.229635,3567.3999999999996,3197.8175960402373,2018-02-17
San_Juan,2018,2,18,24.75,0.000254,79.300047,3570.3999999999996,3186.518156752734,2018-02-18
San_Juan,2018,2,19,25.77777778,0.000254,74.415845,3552.6000000000004,3174.905785661408,2018-02-19
San_Juan,2018,2,20,25.527777780000005,0.3556,77.555013,3530.8999999999996,3162.30363299575,2018-02-20
San_Juan,2018,2,21,24.47222222,0.6604,83.68185,3525.4999999999995,3148.377705809812,2018-02-21
San_Juan,2018,2,22,24.999999999999996,0.1016,76.300324,3516.3000000000006,3133.0391732381318,2018-02-22
San_Juan,2018,2,23,24.999999999999996,0.1016,71.093487,3486.0000000000005,3116.7058534606986,2018-02-23
San_Juan,2018,2,24,23.666666669999998,0.8128,78.754625,3448.2999999999997,3099.555721089332,2018-02-24
San_Juan,2018,2,25,24.222222220000003,3.4798000000000004,85.862415,3422.6,3081.2203320297726,2018-02-25
San_Juan,2018,2,26,24.222222220000003,0.9652000000000001,84.532725,3397.2,3061.891125880361,2018-02-26
San_Juan,2018,2,27,24.47222222,0.000254,78.965075,3352.9,3042.1287777927523,2018-02-27
San_Juan,2018,2,28,24.361111110000003,2.6924000000000006,85.57198,3296.9,3021.931049465187,2018-02-28
San_Juan,2018,3,1,24.47222222,0.701702903,79.5443805,3249.5,3000.840195690923,2018-03-01
San_Juan,2018,3,2,24.75,0.0,81.34019,3204.4,2978.91109559315,2018-03-02
San_Juan,2018,3,3,24.75,0.247087308,78.27846,3139.3,2955.73758395371,2018-03-03
San_Juan,2018,3,4,24.47222222,0.381,81.015312,3062.8,2930.8805907597684,2018-03-04
San_Juan,2018,3,5,23.916666670000005,0.3048,79.891922,2994.9,2903.700496752665,2018-03-05
San_Juan,2018,3,6,24.222222220000003,0.0,67.28792,2932.7,2874.3342854447305,2018-03-06
San_Juan,2018,3,7,24.166666669999998,0.10656226600000002,68.221389,2857.5,2843.6016043344257,2018-03-07
San_Juan,2018,3,8,27.25,0.383553703,71.5202425,2769.4,2811.937521706498,2018-03-08
San_Juan,2018,3,9,27.5,0.0,70.23268,2691.4,2779.680247919143,2018-03-09
San_Juan,2018,3,10,26.638888890000004,1.8859572589999998,81.56074,2629.4,2747.5791192845018,2018-03-10
San_Juan,2018,3,11,27.750000000000004,0.151607414,68.564112,2562.5,2715.163071404401,2018-03-11
San_Juan,2018,3,12,26.94444444,0.000254229,70.205946,2489.5,2682.8425114398506,2018-03-12
San_Juan,2018,3,13,27.5,0.000228595,66.2423365,2426.1,2651.023610625948,2018-03-13
San_Juan,2018,3,14,27.5,0.0,70.06288,2379.4,2620.202486974244,2018-03-14
San_Juan,2018,3,15,26.94444444,0.000254,73.4530465,2336.9,2590.5838654870754,2018-03-15
San_Juan,2018,3,16,26.972222219999995,0.0,63.14774499999999,2290.3,2561.881705454972,2018-03-16
San_Juan,2018,3,17,26.388888889999997,0.3167441550000001,75.363638,2251.6,2534.251646607668,2018-03-17
San_Juan,2018,3,18,27.25,0.000254,73.187176,2228.9,2508.0404877912565,2018-03-18
San_Juan,2018,3,19,26.33333333,0.000254,74.829618,2211.9,2483.1594360932804,2018-03-19
San_Juan,2018,3,20,26.638888890000004,0.37350337,75.894396,2189.4,2459.6263423868386,2018-03-20
San_Juan,2018,3,21,26.388888889999997,0.000254,77.322125,2175.9,2437.6857781665867,2018-03-21
San_Juan,2018,3,22,27.750000000000004,0.0,76.798609,2176.4,2417.890213329093,2018-03-22
San_Juan,2018,3,23,26.08333333,4.4958,77.229153,2182.2,2400.306752957224,2018-03-23
San_Juan,2018,3,24,25.527777780000005,0.762,79.016653,2182.7,2385.424065627701,2018-03-24
San_Juan,2018,3,25,24.72222222,0.7873999999999999,85.672565,2182.5,2373.432126971025,2018-03-25
San_Juan,2018,3,26,25.83333333,0.000254,82.31699,2191.4,2364.3139710671508,2018-03-26
San_Juan,2018,3,27,25.527777780000005,0.1778,82.615385,2202.2,2357.953560298323,2018-03-27
San_Juan,2018,3,28,25.527777780000005,0.000254,79.240445,2203.8,2353.9954712289127,2018-03-28
San_Juan,2018,3,29,25.250000000000004,0.000254,66.5035435,2200.8,2352.10217110076,2018-03-29
San_Juan,2018,3,30,24.47222222,0.000254,68.074445,2201.3,2352.337707002579,2018-03-30
San_Juan,2018,3,31,24.72222222,0.000254,71.736929,2208.2,2354.588892883434,2018-03-31
San_Juan,2018,4,1,25.250000000000004,0.000254,77.852089,2208.0,2359.4113015296775,2018-04-01
San_Juan,2018,4,2,26.08333333,0.081710365,72.893511,2207.2,2366.675849671483,2018-04-02
San_Juan,2018,4,3,25.527777780000005,0.348247815,76.135975,2211.0,2376.498087091605,2018-04-03
San_Juan,2018,4,4,26.33333333,0.000254,77.502712,2222.8,2388.9725038192037,2018-04-04
San_Juan,2018,4,5,26.94444444,0.0,77.8286625,2229.2,2403.7362292980256,2018-04-05
San_Juan,2018,4,6,26.94444444,0.000254,75.560522,2237.1,2421.0369689228987,2018-04-06
San_Juan,2018,4,7,26.33333333,0.1524,81.549005,2244.7,2440.689845263052,2018-04-07
San_Juan,2018,4,8,28.05555556,0.000250016,71.5202425,2260.6,2462.7783540093437,2018-04-08
San_Juan,2018,4,9,27.25,0.1778,78.652377,2274.3,2487.2850256701176,2018-04-09
San_Juan,2018,4,10,26.888888889999997,0.3556,75.845873,2288.8,2513.71840536249,2018-04-10
San_Juan,2018,4,11,26.638888890000004,0.1778,77.0903645,2303.9,2541.7397037134824,2018-04-11
San_Juan,2018,4,12,27.5,0.000254,72.422865,2329.6,2570.6654467642443,2018-04-12
San_Juan,2018,4,13,26.69444444,0.1524,75.272842,2354.9,2600.4656229426596,2018-04-13
San_Juan,2018,4,14,26.638888890000004,0.48260000000000003,80.0987435,2379.8,2630.9358858507844,2018-04-14
San_Juan,2018,4,15,26.638888890000004,0.000254,73.7402895,2399.4,2661.902829122949,2018-04-15
San_Juan,2018,4,16,26.94444444,0.127,78.32816,2428.1,2693.593999090047,2018-04-16
San_Juan,2018,4,17,26.638888890000004,1.8034,80.008485,2453.6,2725.8244535234912,2018-04-17
San_Juan,2018,4,18,26.638888890000004,0.6858000000000001,83.3045075,2472.6,2758.3642564414376,2018-04-18
San_Juan,2018,4,19,27.5,0.000254,74.361522,2488.8,2791.1219008285507,2018-04-19
San_Juan,2018,4,20,26.638888890000004,0.1524,80.165725,2510.1,2824.016783753693,2018-04-20
San_Juan,2018,4,21,26.08333333,2.3622,83.5887525,2524.6,2856.616118740981,2018-04-21
San_Juan,2018,4,22,26.08333333,0.000254,75.109125,2541.0,2888.4203622885166,2018-04-22
San_Juan,2018,4,23,26.388888889999997,0.127,86.0115375,2552.2,2919.3931517123633,2018-04-23
San_Juan,2018,4,24,26.33333333,0.000254,78.181889,2561.3,2949.1711924934066,2018-04-24
San_Juan,2018,4,25,27.80555556,0.000254,67.070905,2565.5,2977.3705469163297,2018-04-25
San_Juan,2018,4,26,27.750000000000004,0.000254,78.726204,2569.6,3004.4003706185795,2018-04-26
San_Juan,2018,4,27,27.750000000000004,0.000254,72.966507,2569.0,3029.5625994869642,2018-04-27
San_Juan,2018,4,28,27.25,0.4318000000000001,73.851447,2567.9,3052.761710892817,2018-04-28
San_Juan,2018,4,29,26.94444444,0.0,70.7394045,2564.4,3073.5876892390843,2018-04-29
San_Juan,2018,4,30,26.94444444,0.053827403,71.8185415,2562.9,3092.1596144010623,2018-04-30
San_Juan,2018,5,1,26.33333333,0.6858000000000001,77.6203925,2558.3,3108.9104404032773,2018-05-01
San_Juan,2018,5,2,26.33333333,0.125671769,74.28267,2554.9,3124.061423097047,2018-05-02
San_Juan,2018,5,3,26.08333333,1.8034,84.57479,2555.4,3138.2285657135267,2018-05-03
San_Juan,2018,5,4,26.638888890000004,0.508,79.577565,2557.0,3151.490658696324,2018-05-04
San_Juan,2018,5,5,26.94444444,0.000254,79.445195,2557.8,3164.0567263829803,2018-05-05
San_Juan,2018,5,6,26.94444444,0.0762,77.297042,2560.7,3175.957531537457,2018-05-06
San_Juan,2018,5,7,27.5,0.000254,70.797115,2562.7,3187.3114685667074,2018-05-07
San_Juan,2018,5,8,26.638888890000004,0.0762,73.289848,2569.8,3198.4549353413977,2018-05-08
San_Juan,2018,5,9,26.94444444,0.254,76.798609,2581.1,3209.690597839657,2018-05-09
San_Juan,2018,5,10,26.94444444,0.000254,74.00406,2595.0,3221.2401580920637,2018-05-10
San_Juan,2018,5,11,26.388888889999997,0.1778,75.4406585,2610.9,3233.2215559951637,2018-05-11
San_Juan,2018,5,12,26.08333333,0.6604,82.0379925,2630.4,3246.00372764379,2018-05-12
San_Juan,2018,5,13,27.19444444000001,0.000254,73.326567,2653.0,3259.584533784273,2018-05-13
San_Juan,2018,5,14,27.750000000000004,0.1016,74.8451,2677.0,3273.7263089808002,2018-05-14
San_Juan,2018,5,15,26.888888889999997,0.000254,74.302007,2701.9,3288.3487775312124,2018-05-15
San_Juan,2018,5,16,26.638888890000004,0.127,78.193624,2728.6,3303.3423815995257,2018-05-16
San_Juan,2018,5,17,26.94444444,0.0762,76.01947,2756.4,3318.8075115190413,2018-05-17
San_Juan,2018,5,18,26.638888890000004,0.5842,78.193624,2783.0,3335.208398295213,2018-05-18
San_Juan,2018,5,19,26.08333333,0.9906,83.854823,2825.8,3352.7278523084256,2018-05-19
San_Juan,2018,5,20,26.33333333,1.6002,80.283168,2865.4,3371.6665358957184,2018-05-20
San_Juan,2018,5,21,24.999999999999996,1.1176,84.215503,2906.9,3392.0331601979988,2018-05-21
San_Juan,2018,5,22,26.33333333,1.8796,85.6833725,2933.4,3413.7143989233405,2018-05-22
San_Juan,2018,5,23,26.638888890000004,1.778,81.574995,2968.2,3436.6050764196048,2018-05-23
San_Juan,2018,5,24,27.19444444000001,0.7179866859999999,81.6217375,2999.5,3460.5630503424845,2018-05-24
San_Juan,2018,5,25,27.19444444000001,0.127,85.042052,3029.3,3485.3915792436283,2018-05-25
San_Juan,2018,5,26,27.19444444000001,0.0508,75.618389,3043.5,3510.687032425234,2018-05-26
San_Juan,2018,5,27,26.94444444,0.0,82.715145,3066.9,3536.4278942347723,2018-05-27
San_Juan,2018,5,28,28.361111109999992,0.0508,76.926782,3087.0,3561.9471738896946,2018-05-28
San_Juan,2018,5,29,27.5,0.1524,81.84986,3108.5,3586.771025314082,2018-05-29
San_Juan,2018,5,30,27.25,0.000254,77.6019095,3145.0,3610.48703354026,2018-05-30
San_Juan,2018,5,31,27.80555556,0.000254,79.90332,3162.6,3632.803488049708,2018-05-31
San_Juan,2018,6,1,28.05555556,0.024679009000000002,75.297985,3180.0,3653.233086111135,2018-06-01
San_Juan,2018,6,2,29.44444444,0.0,71.2311785,3230.7,3671.5933547556465,2018-06-02
San_Juan,2018,6,3,28.88888889,0.0,66.44944,3229.2,3688.2004013429755,2018-06-03
San_Juan,2018,6,4,28.05555556,0.666419126,76.594587,3231.4,3703.7043386755213,2018-06-04
San_Juan,2018,6,5,28.361111109999992,0.12080148,70.879465,3260.3,3718.141372071088,2018-06-05
San_Juan,2018,6,6,28.05555556,0.240586194,78.209265,3305.8,3732.054454015347,2018-06-06
San_Juan,2018,6,7,28.61111111,0.000254,74.698351,3318.6,3744.8189316941634,2018-06-07
San_Juan,2018,6,8,28.05555556,0.5334,78.044857,3325.6,3756.335159023454,2018-06-08
San_Juan,2018,6,9,27.25,1.397,80.997997,3355.8,3766.492262308695,2018-06-09
San_Juan,2018,6,10,27.750000000000004,0.000254,82.217472,3402.3,3775.024521898892,2018-06-10
San_Juan,2018,6,11,28.91666667000001,0.5842,73.194582,3418.6,3781.824949654376,2018-06-11
San_Juan,2018,6,12,28.91666667000001,0.000254,76.11363,3430.7,3787.164052859185,2018-06-12
San_Juan,2018,6,13,28.361111109999992,1.908063279,78.7611975,3461.8999999999996,3791.1313395159787,2018-06-13
San_Juan,2018,6,14,28.361111109999992,0.000268586,74.5999675,3448.9,3793.4339091405977,2018-06-14
San_Juan,2018,6,15,28.111111110000003,0.000254,75.0240725,3463.4,3794.047746273274,2018-06-15
San_Juan,2018,6,16,28.66666667,0.0,72.725537,3470.3,3793.1329084663844,2018-06-16
San_Juan,2018,6,17,30.0,0.0,68.254622,3429.0999999999995,3790.917746932287,2018-06-17
San_Juan,2018,6,18,28.91666667000001,0.00025345,73.5668265,3424.8000000000006,3788.1772269085563,2018-06-18
San_Juan,2018,6,19,28.361111109999992,0.6096,78.959917,3426.8000000000006,3785.1595758752887,2018-06-19
San_Juan,2018,6,20,29.44444444,0.02510915,69.75482,3392.1,3781.7422815242185,2018-06-20
San_Juan,2018,6,21,28.361111109999992,0.0,70.6087175,3359.4,3778.108852200795,2018-06-21
San_Juan,2018,6,22,28.111111110000003,0.3556,78.9279575,3356.2,3774.555802718879,2018-06-22
San_Juan,2018,6,23,24.05555556,4.4196,88.395443,3392.5,3771.012756168653,2018-06-23
San_Juan,2018,6,24,28.05555556,0.000254,76.382545,3383.1,3767.5459498050673,2018-06-24
San_Juan,2018,6,25,28.361111109999992,0.000254,76.42269,3367.7,3764.0394149737563,2018-06-25
San_Juan,2018,6,26,28.361111109999992,0.187375931,77.22184,3376.7,3760.809463147579,2018-06-26
San_Juan,2018,6,27,28.305555560000002,0.000254,75.90032,3432.8,3757.4003573893015,2018-06-27
San_Juan,2018,6,28,28.361111109999992,0.000254,78.8213845,3432.7,3754.047825679987,2018-06-28
San_Juan,2018,6,29,28.361111109999992,0.000254,79.8314975,3457.9000000000005,3750.7694893233224,2018-06-29
San_Juan,2018,6,30,28.361111109999992,0.23814578799999997,75.074213,3476.1,3747.8127121370662,2018-06-30
San_Juan,2018,7,1,28.111111110000003,0.000254,77.47389,3538.4,3745.3676664593813,2018-07-01
San_Juan,2018,7,2,28.111111110000003,0.1016,81.5542375,3586.8999999999996,3743.3414775781343,2018-07-02
San_Juan,2018,7,3,28.91666667000001,0.144173158,75.396025,3626.0,3741.0994786393076,2018-07-03
San_Juan,2018,7,4,28.91666667000001,0.157609035,73.772215,3655.4999999999995,3738.5761155420823,2018-07-04
San_Juan,2018,7,5,28.91666667000001,0.282540536,74.714584,3702.5,3736.0972139303244,2018-07-05
San_Juan,2018,7,6,28.61111111,0.000254,72.699089,3748.3999999999996,3733.5576143513454,2018-07-06
San_Juan,2018,7,7,28.91666667000001,0.000254,74.251307,3782.3,3730.9902609413575,2018-07-07
San_Juan,2018,7,8,28.61111111,0.2794,82.782343,3794.5999999999995,3728.3031565358174,2018-07-08
San_Juan,2018,7,9,26.08333333,4.953,92.26368,3829.9,3725.1261871081356,2018-07-09
San_Juan,2018,7,10,28.66666667,0.000254,76.3784335,3868.5000000000005,3722.0421645958677,2018-07-10
San_Juan,2018,7,11,28.361111109999992,0.000254,83.2634375,3932.8999999999996,3719.7783399006676,2018-07-11
San_Juan,2018,7,12,27.80555556,0.267959863,74.83797,3912.3999999999996,3718.4783642303105,2018-07-12
San_Juan,2018,7,13,28.361111109999992,0.000254,74.689637,3938.9,3718.2600150239573,2018-07-13
San_Juan,2018,7,14,28.361111109999992,0.1524,82.782343,4020.1,3719.013105443951,2018-07-14
San_Juan,2018,7,15,28.361111109999992,0.0508,82.782343,4078.9,3720.3282438036526,2018-07-15
San_Juan,2018,7,16,28.61111111,0.5842,85.79251,4060.3000000000006,3721.7785022755866,2018-07-16
San_Juan,2018,7,17,28.05555556,2.145520578,82.9374325,4130.9,3723.196053586187,2018-07-17
San_Juan,2018,7,18,28.61111111,0.000254,78.89139,4207.3,3724.6753137099636,2018-07-18
San_Juan,2018,7,19,27.80555556,1.8542,83.696827,4266.5,3726.2559500195543,2018-07-19
San_Juan,2018,7,20,29.166666669999998,0.000232487,78.45774,4280.4,3727.7182007161796,2018-07-20
San_Juan,2018,7,21,28.91666667000001,0.000254,75.568277,4345.2,3728.3343215090886,2018-07-21
San_Juan,2018,7,22,28.61111111,0.0,72.8580035,4394.0,3728.1551138873674,2018-07-22
San_Juan,2018,7,23,28.361111109999992,0.127,71.047161,4392.1,3727.4120800886835,2018-07-23
San_Juan,2018,7,24,28.361111109999992,0.000254,80.952615,4448.2,3726.741933652414,2018-07-24
San_Juan,2018,7,25,28.66666667,0.3556,80.960625,4504.3,3726.1491224859033,2018-07-25
San_Juan,2018,7,26,27.19444444000001,1.8034,79.001082,4479.3,3725.3772258878425,2018-07-26
San_Juan,2018,7,27,28.91666667000001,0.000254,76.0563585,4558.3,3724.9447976513247,2018-07-27
San_Juan,2018,7,28,28.05555556,0.1778,80.89371,4617.8,3725.136335372073,2018-07-28
San_Juan,2018,7,29,27.80555556,0.381,76.61582,4577.8,3725.907973704546,2018-07-29
San_Juan,2018,7,30,28.66666667,0.2286,85.6813775,4611.8,3727.1782534607273,2018-07-30
San_Juan,2018,7,31,28.361111109999992,0.0762,78.842372,4691.2,3728.227354197289,2018-07-31
San_Juan,2018,8,1,28.111111110000003,0.4572,78.7611975,4651.4,3728.6457490778566,2018-08-01
San_Juan,2018,8,2,27.80555556,0.21401056799999998,75.1728345,4611.6,3728.33341711669,2018-08-02
San_Juan,2018,8,3,28.361111109999992,0.000254,72.89526,4643.8,3727.434611215586,2018-08-03
San_Juan,2018,8,4,28.61111111,0.127,80.088425,4712.9,3726.1633891139977,2018-08-04
San_Juan,2018,8,5,27.750000000000004,3.429,87.253285,4673.3,3724.493443823618,2018-08-05
San_Juan,2018,8,6,28.361111109999992,0.3048,84.7242125,4700.3,3722.492174331698,2018-08-06
San_Juan,2018,8,7,29.472222219999995,0.111232595,75.628667,4767.1,3720.361402698344,2018-08-07
San_Juan,2018,8,8,28.91666667000001,0.148690684,77.534077,4723.8,3718.360023975818,2018-08-08
San_Juan,2018,8,9,28.91666667000001,0.000262931,76.009525,4723.7,3716.4231801770034,2018-08-09
San_Juan,2018,8,10,28.61111111,0.000254,70.5603775,4767.5,3714.7554111676154,2018-08-10
San_Juan,2018,8,11,28.91666667000001,0.000254,78.327173,4693.9,3713.9842190144013,2018-08-11
San_Juan,2018,8,12,28.66666667,0.0762,77.4254115,4639.1,3713.96272094985,2018-08-12
San_Juan,2018,8,13,28.91666667000001,0.000254,75.535212,4665.8,3714.509553436276,2018-08-13
San_Juan,2018,8,14,28.66666667,0.000254,77.287762,4582.4,3715.4717177178577,2018-08-14
San_Juan,2018,8,15,28.91666667000001,0.000254,72.640935,4490.7,3717.1129270274487,2018-08-15
San_Juan,2018,8,16,27.80555556,3.937,79.832925,4464.6,3719.69715378917,2018-08-16
San_Juan,2018,8,17,28.05555556,1.0414,81.5031725,4478.1,3722.9202398237185,2018-08-17
San_Juan,2018,8,18,27.80555556,0.7366,80.682562,4387.7,3726.268595776523,2018-08-18
San_Juan,2018,8,19,28.61111111,0.0762,69.9457625,4311.2,3729.7102429988568,2018-08-19
San_Juan,2018,8,20,28.361111109999992,0.000254,75.368825,4316.6,3733.6729479870964,2018-08-20
San_Juan,2018,8,21,28.361111109999992,0.000254,74.741032,4228.8,3738.233511891846,2018-08-21
San_Juan,2018,8,22,28.91666667000001,0.1778,71.146965,4142.0,3743.46846463856,2018-08-22
San_Juan,2018,8,23,28.361111109999992,0.0508,74.952135,4111.8,3749.307362668233,2018-08-23
San_Juan,2018,8,24,27.5,0.3556,77.59285,4029.2,3755.6213370066785,2018-08-24
San_Juan,2018,8,25,28.66666667,0.0508,71.5665165,3961.2,3762.56404179336,2018-08-25
San_Juan,2018,8,26,28.05555556,1.27,73.799614,3972.1000000000004,3770.3606716612303,2018-08-26
San_Juan,2018,8,27,27.80555556,0.1016,78.7611975,3956.7999999999997,3779.19942261501,2018-08-27
San_Juan,2018,8,28,28.05555556,1.1938,82.796035,3914.3000000000006,3788.9279929382596,2018-08-28
San_Juan,2018,8,29,28.61111111,0.254,81.10925,3946.3,3799.652956527458,2018-08-29
San_Juan,2018,8,30,26.08333333,2.4892,85.295985,3976.6,3811.838101911531,2018-08-30
San_Juan,2018,8,31,28.05555556,1.950170094,73.677437,3985.6999999999994,3825.33783579954,2018-08-31
San_Juan,2018,9,1,28.361111109999992,0.000254,74.251307,3961.1,3840.076507664983,2018-09-01
San_Juan,2018,9,2,28.61111111,0.000254,72.45428,4006.5,3856.1008894983734,2018-09-02
San_Juan,2018,9,3,28.66666667,1.2954,80.483122,4017.7000000000003,3873.7571654922162,2018-09-03
San_Juan,2018,9,4,28.361111109999992,0.127,79.8102645,4007.1000000000004,3892.945086017042,2018-09-04
San_Juan,2018,9,5,27.5,0.1016,77.42609,4061.7,3913.191090107329,2018-09-05
San_Juan,2018,9,6,27.80555556,0.0,77.486277,4118.0,3934.2805109241376,2018-09-06
San_Juan,2018,9,7,28.361111109999992,0.000254,75.0371645,4191.7,3956.135355037018,2018-09-07
San_Juan,2018,9,8,28.91666667000001,0.000254,73.387577,4263.9,3978.972470194317,2018-09-08
San_Juan,2018,9,9,28.111111110000003,0.000254,75.297985,4319.7,4002.595895761386,2018-09-09
San_Juan,2018,9,10,28.361111109999992,0.155539801,75.901557,4371.2,4026.5588313457374,2018-09-10
San_Juan,2018,9,11,28.91666667000001,0.000254,75.934059,4460.4,4050.7864345422267,2018-09-11
San_Juan,2018,9,12,28.05555556,0.2794,76.75339,4495.4,4075.021764415638,2018-09-12
San_Juan,2018,9,13,28.66666667,0.6858000000000001,77.089575,4492.5,4099.285756215189,2018-09-13
San_Juan,2018,9,14,27.19444444000001,0.7366,81.6217375,4534.4,4123.372733336308,2018-09-14
San_Juan,2018,9,15,29.138888890000004,0.000254,74.571165,4609.7,4147.112110895445,2018-09-15
San_Juan,2018,9,16,28.61111111,0.000254,76.9878925,4635.0,4170.30218994835,2018-09-16
San_Juan,2018,9,17,29.44444444,0.272424006,72.9836475,4625.0,4193.019079234662,2018-09-17
San_Juan,2018,9,18,28.91666667000001,0.163822442,77.535295,4671.3,4214.982825337042,2018-09-18
San_Juan,2018,9,19,29.75,0.000254,75.88921,4688.6,4235.68942249816,2018-09-19
San_Juan,2018,9,20,30.0,0.000254,65.107605,4662.8,4254.496396652641,2018-09-20
San_Juan,2018,9,21,28.91666667000001,0.000254,74.8557,4647.1,4271.995816569141,2018-09-21
San_Juan,2018,9,22,28.361111109999992,0.2032,76.536855,4604.9,4288.090412392125,2018-09-22
San_Juan,2018,9,23,28.91666667000001,0.3556,76.6868495,4570.4,4302.821827827667,2018-09-23
San_Juan,2018,9,24,28.66666667,0.127,75.351742,4539.7,4315.797376992224,2018-09-24
San_Juan,2018,9,25,28.361111109999992,0.7873999999999999,81.5031725,4502.6,4326.960287740644,2018-09-25
San_Juan,2018,9,26,28.05555556,0.1778,77.7577975,4420.3,4336.282310075771,2018-09-26
San_Juan,2018,9,27,27.750000000000004,0.6858000000000001,79.8314975,4405.2,4343.594190246367,2018-09-27
San_Juan,2018,9,28,27.750000000000004,1.6256,79.767502,4401.6,4348.996963786862,2018-09-28
San_Juan,2018,9,29,27.19444444000001,0.6858000000000001,81.704283,4368.8,4352.763774789637,2018-09-29
San_Juan,2018,9,30,28.111111110000003,0.231950138,78.743925,4295.3,4355.420487167303,2018-09-30
San_Juan,2018,10,1,27.80555556,0.053894761,77.2782725,4285.5,4357.296201630568,2018-10-01
San_Juan,2018,10,2,27.5,0.025102072,74.341795,4286.0,4358.738339084576,2018-10-02
San_Juan,2018,10,3,28.05555556,1.9050000000000002,73.68653,4263.9,4359.928759233157,2018-10-03
San_Juan,2018,10,4,28.05555556,0.254,82.35819,4248.2,4360.879983791742,2018-10-04
San_Juan,2018,10,5,27.750000000000004,1.9050000000000002,77.7577975,4273.4,4361.518669036146,2018-10-05
San_Juan,2018,10,6,27.25,1.016,77.285307,4277.3,4361.846907935878,2018-10-06
San_Juan,2018,10,7,26.94444444,0.3302,82.339337,4297.7,4362.057810947292,2018-10-07
San_Juan,2018,10,8,29.19444444,0.4572,73.8927,4305.9,4361.732897101292,2018-10-08
San_Juan,2018,10,9,27.750000000000004,1.6256,79.8314975,4333.4,4360.96219648581,2018-10-09
San_Juan,2018,10,10,27.5,0.3556,76.266802,4301.2,4359.6321462968845,2018-10-10
San_Juan,2018,10,11,28.111111110000003,0.000254,75.84137,4339.2,4357.938260064225,2018-10-11
San_Juan,2018,10,12,27.80555556,0.000254,74.811235,4342.6,4355.387392144747,2018-10-12
San_Juan,2018,10,13,27.19444444000001,0.000254,75.224335,4368.8,4351.918783476144,2018-10-13
San_Juan,2018,10,14,27.750000000000004,0.492623483,74.3618815,4338.3,4347.4207763102995,2018-10-14
San_Juan,2018,10,15,26.638888890000004,0.254,86.078375,4369.4,4341.863638631394,2018-10-15
San_Juan,2018,10,16,27.19444444000001,1.3462000000000003,82.3082725,4368.0,4335.034999294602,2018-10-16
San_Juan,2018,10,17,27.5,0.8636000000000001,80.024193,4388.3,4327.449272438146,2018-10-17
San_Juan,2018,10,18,28.111111110000003,0.000254,75.33865,4346.4,4319.756380173705,2018-10-18
San_Juan,2018,10,19,28.05555556,0.000254,73.68653,4357.2,4312.031516666005,2018-10-19
San_Juan,2018,10,20,28.111111110000003,0.381,78.585485,4340.4,4303.924245134326,2018-10-20
San_Juan,2018,10,21,27.5,0.2286,80.401345,4347.9,4295.031900831199,2018-10-21
San_Juan,2018,10,22,28.111111110000003,0.254,78.736893,4299.3,4285.182186359316,2018-10-22
San_Juan,2018,10,23,27.000000000000004,2.5908,83.3634225,4297.0,4274.315462732937,2018-10-23
San_Juan,2018,10,24,27.80555556,0.000254,78.910685,4267.9,4262.703637331805,2018-10-24
San_Juan,2018,10,25,28.361111109999992,0.000254,74.095644,4300.3,4250.42787867944,2018-10-25
San_Juan,2018,10,26,27.80555556,0.000254,75.33865,4243.9,4237.626779125418,2018-10-26
San_Juan,2018,10,27,27.80555556,0.000254,72.45428,4230.8,4224.201970954033,2018-10-27
San_Juan,2018,10,28,28.361111109999992,0.0762,71.712642,4189.8,4210.231852119256,2018-10-28
San_Juan,2018,10,29,27.80555556,0.404027496,74.743275,4206.4,4196.134938766139,2018-10-29
San_Juan,2018,10,30,27.80555556,0.026054779,71.834112,4150.3,4182.170948879235,2018-10-30
San_Juan,2018,10,31,28.05555556,0.6604,72.56242,4133.9,4168.890920323336,2018-10-31
San_Juan,2018,11,1,28.361111109999992,0.2032,76.266802,4091.8,4156.235274282105,2018-11-01
San_Juan,2018,11,2,27.19444444000001,1.8034,79.677992,4109.2,4144.1724079341575,2018-11-02
San_Juan,2018,11,3,27.25,0.5588,77.83314,4066.8,4132.857609249648,2018-11-03
San_Juan,2018,11,4,24.75,1.6256,86.3914,4062.6000000000004,4122.450099426264,2018-11-04
San_Juan,2018,11,5,26.69444444,5.0038,81.9354475,4032.0000000000005,4113.289354231015,2018-11-05
San_Juan,2018,11,6,26.638888890000004,0.1778,82.445553,4056.6,4105.902402085863,2018-11-06
San_Juan,2018,11,7,26.638888890000004,0.000254,82.5324175,4026.7999999999997,4099.677699700884,2018-11-07
San_Juan,2018,11,8,27.80555556,2.2606,77.8050475,4032.7,4093.912068563699,2018-11-08
San_Juan,2018,11,9,27.80555556,0.000254,81.07099,4016.9999999999995,4088.1415970295325,2018-11-09
San_Juan,2018,11,10,27.80555556,0.0508,81.296615,4050.0000000000005,4082.400494643404,2018-11-10
San_Juan,2018,11,11,26.888888889999997,0.7112,81.3253425,4031.6,4076.8864882433354,2018-11-11
San_Juan,2018,11,12,27.19444444000001,0.7873999999999999,81.258355,4045.7,4071.523492231769,2018-11-12
San_Juan,2018,11,13,26.888888889999997,0.7366,81.296615,4039.0,4066.1821942323054,2018-11-13
San_Juan,2018,11,14,26.33333333,0.1778,83.349144,4070.4,4060.440082851586,2018-11-14
San_Juan,2018,11,15,27.750000000000004,1.229838001,78.05018,4050.1,4053.9724303059156,2018-11-15
San_Juan,2018,11,16,26.94444444,0.2032,79.9883225,4055.9000000000005,4046.758536469585,2018-11-16
San_Juan,2018,11,17,27.5,0.000254,76.25437,4045.0999999999995,4038.890781739942,2018-11-17
San_Juan,2018,11,18,26.638888890000004,0.000254,75.5124,4059.3000000000006,4030.2387817995486,2018-11-18
San_Juan,2018,11,19,27.5,0.1016,72.891838,4015.7,4020.2902904600246,2018-11-19
San_Juan,2018,11,20,27.19444444000001,0.0762,79.115805,3997.1,4008.922205752959,2018-11-20
San_Juan,2018,11,21,27.25,0.0508,73.689177,3963.2000000000003,3995.7381770153697,2018-11-21
San_Juan,2018,11,22,27.25,0.000254,72.422865,3952.7,3980.6435804568923,2018-11-22
San_Juan,2018,11,23,26.638888890000004,0.000254,73.447753,3891.6,3963.569657261781,2018-11-23
San_Juan,2018,11,24,27.5,0.283314462,71.4721205,3849.7,3944.4974730448585,2018-11-24
San_Juan,2018,11,25,26.94444444,0.000254,75.560522,3797.2,3923.241521836523,2018-11-25
San_Juan,2018,11,26,27.5,1.979069434,79.9288295,3766.6,3899.700872241693,2018-11-26
San_Juan,2018,11,27,26.888888889999997,0.000254,77.502712,3692.1,3873.4050939551285,2018-11-27
San_Juan,2018,11,28,27.750000000000004,0.000259405,70.31157,3633.4,3844.9073770548544,2018-11-28
San_Juan,2018,11,29,26.94444444,0.000247731,64.8462685,3564.2,3814.654676985281,2018-11-29
San_Juan,2018,11,30,26.33333333,0.000254,75.5124,3520.5,3783.195249470615,2018-11-30
San_Juan,2018,12,1,26.388888889999997,0.3302,75.363638,3443.0,3750.3689707721373,2018-12-01
San_Juan,2018,12,2,26.638888890000004,0.000254,71.575018,3376.0,3715.950133428451,2018-12-02
San_Juan,2018,12,3,26.638888890000004,0.2032,79.009842,3303.9,3680.1452416048296,2018-12-03
San_Juan,2018,12,4,26.638888890000004,0.0508,77.502712,3261.2,3642.800100562875,2018-12-04
San_Juan,2018,12,5,26.94444444,0.000254,74.37331,3189.7,3604.2049216773094,2018-12-05
San_Juan,2018,12,6,26.33333333,0.000254,75.269892,3125.7,3564.807884145614,2018-12-06
San_Juan,2018,12,7,27.19444444000001,0.254,78.05018,3056.7,3524.831376855234,2018-12-07
San_Juan,2018,12,8,26.638888890000004,0.1524,78.40626,3012.2,3484.119009810274,2018-12-08
San_Juan,2018,12,9,25.805555560000002,0.0,68.091425,2942.7,3442.6641805759496,2018-12-09
San_Juan,2018,12,10,26.94444444,0.000254,68.169653,2878.9,3400.98743871814,2018-12-10
San_Juan,2018,12,11,27.750000000000004,0.0,69.4762465,2813.5,3359.1650707076396,2018-12-11
San_Juan,2018,12,12,26.08333333,0.0762,72.627748,2772.2,3317.462429624931,2018-12-12
San_Juan,2018,12,13,26.08333333,0.000254,74.80667,2714.8,3276.487530981609,2018-12-13
San_Juan,2018,12,14,26.638888890000004,0.508,79.3817425,2665.0,3236.5361670958687,2018-12-14
San_Juan,2018,12,15,27.25,0.000254,69.825632,2613.8,3197.4765956731476,2018-12-15
San_Juan,2018,12,16,26.638888890000004,0.000254,77.185095,2581.5,3159.6659165611886,2018-12-16
San_Juan,2018,12,17,26.666666669999998,0.0,67.6594835,2535.5,3122.9081992100428,2018-12-17
San_Juan,2018,12,18,26.11111111,0.211008855,70.7394045,2495.4,3087.5442370966243,2018-12-18
San_Juan,2018,12,19,25.555555559999995,0.0508,75.85248,2455.2,3053.1259440546064,2018-12-19
San_Juan,2018,12,20,26.11111111,0.2032,74.904113,2432.0,3019.5518920599197,2018-12-20
San_Juan,2018,12,21,26.388888889999997,0.000254,68.9832895,2396.8,2986.9096488834234,2018-12-21
San_Juan,2018,12,22,24.72222222,0.127,82.451525,2371.2,2955.780578694288,2018-12-22
San_Juan,2018,12,23,26.08333333,0.000254,76.231963,2345.9,2926.4465640334515,2018-12-23
San_Juan,2018,12,24,26.08333333,0.48260000000000003,74.023495,2337.2,2898.813361566306,2018-12-24
San_Juan,2018,12,25,24.999999999999996,0.2032,78.691155,2319.1,2873.093442411454,2018-12-25
San_Juan,2018,12,26,26.08333333,0.000254,74.221701,2306.8,2849.038975281165,2018-12-26
San_Juan,2018,12,27,26.388888889999997,0.8382,80.179255,2290.4,2826.387615565067,2018-12-27
San_Juan,2018,12,28,25.527777780000005,1.7018,82.75949,2286.5,2804.877399571385,2018-12-28
San_Juan,2018,12,29,25.77777778,0.2032,78.72941,2273.0,2784.84275624281,2018-12-29
San_Juan,2018,12,30,26.33333333,0.000254,66.460225,2262.8,2766.503274275379,2018-12-30
San_Juan,2018,12,31,25.83333333,0.48260000000000003,72.4716915,2250.5,2749.824486784167,2018-12-31
San_Juan,2019,1,1,26.33333333,0.000254,71.5928,2249.1,2734.7151158604083,2019-01-01
San_Juan,2019,1,2,26.08333333,0.0762,74.703088,2241.0,2721.2586497894963,2019-01-02
San_Juan,2019,1,3,26.08333333,0.0508,71.355953,2235.0,2709.1180542936263,2019-01-03
San_Juan,2019,1,4,26.388888889999997,0.000254,73.708925,2227.7,2698.132177200143,2019-01-04
San_Juan,2019,1,5,26.388888889999997,0.000254,75.272842,2232.6,2688.416391486328,2019-01-05
San_Juan,2019,1,6,26.388888889999997,0.000254,73.187176,2227.0,2679.43865800754,2019-01-06
San_Juan,2019,1,7,26.638888890000004,0.000254,76.357885,2222.3,2671.3020700917627,2019-01-07
San_Juan,2019,1,8,26.08333333,0.000254,70.1856615,2215.3,2663.723084522557,2019-01-08
San_Juan,2019,1,9,25.277777779999997,0.0508,77.505005,2217.5,2656.8312973981947,2019-01-09
San_Juan,2019,1,10,25.805555560000002,0.050582322,76.436022,2212.3,2650.4077939199415,2019-01-10
San_Juan,2019,1,11,26.33333333,0.08219880399999999,72.150625,2210.9,2644.190678896574,2019-01-11
San_Juan,2019,1,12,26.08333333,0.0762,77.8104405,2206.2,2637.8397235178754,2019-01-12
San_Juan,2019,1,13,26.08333333,0.1016,75.4190715,2208.3,2630.9564938710255,2019-01-13
San_Juan,2019,1,14,26.33333333,0.000254,72.576151,2203.1,2623.4231060633037,2019-01-14
San_Juan,2019,1,15,26.08333333,0.000254,70.9278765,2196.7,2615.2445023168375,2019-01-15
San_Juan,2019,1,16,25.527777780000005,0.000254,74.0643465,2184.6,2606.7445444387713,2019-01-16
San_Juan,2019,1,17,23.80555556,0.5588,83.82457,2178.7,2597.9925304552594,2019-01-17
San_Juan,2019,1,18,25.527777780000005,0.000254,76.277427,2166.1,2589.1923786358093,2019-01-18
San_Juan,2019,1,19,26.08333333,0.096480964,71.2401065,2150.7,2580.189834072618,2019-01-19
San_Juan,2019,1,20,26.388888889999997,0.000254,68.7051115,2130.7,2570.822545370561,2019-01-20
San_Juan,2019,1,21,25.555555559999995,0.2032,76.820805,2117.2,2561.1514377520602,2019-01-21
San_Juan,2019,1,22,26.33333333,0.4572,77.0652315,2100.3,2551.252805093377,2019-01-22
San_Juan,2019,1,23,25.77777778,0.4572,80.125928,2085.5,2540.89058431616,2019-01-23
San_Juan,2019,1,24,26.08333333,0.8636000000000001,76.231963,2066.2,2529.924204886027,2019-01-24
San_Juan,2019,1,25,24.75,1.9812,83.911038,2054.5,2518.4258548118023,2019-01-25
San_Juan,2019,1,26,25.77777778,0.000254,70.257031,2039.0999999999997,2506.3728326408905,2019-01-26
San_Juan,2019,1,27,26.08333333,0.000254,70.9531075,2025.4,2494.5272412440468,2019-01-27
San_Juan,2019,1,28,26.388888889999997,0.0762,70.4220445,2009.9,2482.8823161919436,2019-01-28
San_Juan,2019,1,29,27.5,0.0,63.770484999999994,2004.2,2471.5650746297065,2019-01-29
San_Juan,2019,1,30,26.638888890000004,0.000254,72.4083,1999.4,2460.9280009490894,2019-01-30
San_Juan,2019,1,31,25.527777780000005,0.4064,77.2679,2000.2000000000003,2451.1841897162717,2019-01-31
San_Juan,2019,2,1,25.83333333,0.000254,73.9341,1997.6,2442.109479823492,2019-02-01
San_Juan,2019,2,2,25.83333333,0.026128878,73.0664,2002.5999999999997,2433.8398726333025,2019-02-02
San_Juan,2019,2,3,25.83333333,0.0,73.5364,2008.9,2426.685054967382,2019-02-03
San_Juan,2019,2,4,25.527777780000005,0.000254,73.7593,2018.4,2420.813231778003,2019-02-04
San_Juan,2019,2,5,26.638888890000004,0.000257729,77.20655,2024.1,2416.2212011272877,2019-02-05
San_Juan,2019,2,6,24.999999999999996,1.778,79.29565,2034.3,2412.685363334282,2019-02-06
San_Juan,2019,2,7,26.638888890000004,0.1524,77.02725,2042.4,2410.2467923471104,2019-02-07
San_Juan,2019,2,8,26.33333333,0.2286,77.18265,2058.4,2408.6701753535845,2019-02-08
San_Juan,2019,2,9,26.08333333,0.5842,78.6826,2063.1,2407.888255921648,2019-02-09
San_Juan,2019,2,10,26.08333333,0.7112,78.00025,2070.9,2407.7397212726255,2019-02-10
San_Juan,2019,2,11,26.08333333,0.0762,72.8935,2077.5,2407.7844942504585,2019-02-11
San_Juan,2019,2,12,26.08333333,0.0508,71.9113,2088.7,2407.9817901829947,2019-02-12
San_Juan,2019,2,13,26.94444444,0.0508,71.7022,2088.4,2408.465682234867,2019-02-13
San_Juan,2019,2,14,27.19444444000001,0.2286,73.5505,2091.8,2409.5517746570363,2019-02-14
San_Juan,2019,2,15,27.5,0.0508,71.0034,2093.0,2411.10438729899,2019-02-15
San_Juan,2019,2,16,28.61111111,0.33605756,72.1166,2100.1,2412.9277071725346,2019-02-16
San_Juan,2019,2,17,27.25,0.024577498,72.3005,2098.6,2414.4298011215906,2019-02-17
San_Juan,2019,2,18,26.08333333,0.000254,74.2482,2099.9,2415.7730510888255,2019-02-18
San_Juan,2019,2,19,26.08333333,0.000254,75.36155,2098.1,2417.167392283962,2019-02-19
San_Juan,2019,2,20,24.44444444,0.5334,80.30215,2103.4,2418.5733642245364,2019-02-20
San_Juan,2019,2,21,26.08333333,0.0508,69.7963,2101.6,2420.0652613112916,2019-02-21
San_Juan,2019,2,22,26.638888890000004,0.000254,74.5089,2100.6,2422.0020102275876,2019-02-22
San_Juan,2019,2,23,26.388888889999997,0.000254,71.22655,2087.6,2423.8363735006374,2019-02-23
San_Juan,2019,2,24,26.33333333,0.0762,72.16835,2090.3,2425.4261014068948,2019-02-24
San_Juan,2019,2,25,25.555555559999995,0.000254,74.5089,2088.2,2426.478500815219,2019-02-25
San_Juan,2019,2,26,25.555555559999995,0.3556,77.293,2086.8,2426.6987171244054,2019-02-26
San_Juan,2019,2,27,25.277777779999997,0.635,78.4703,2077.5,2425.7024330890636,2019-02-27
San_Juan,2019,2,28,25.555555559999995,0.0762,76.91605,2081.5,2423.465123198031,2019-02-28
San_Juan,2019,3,1,26.11111111,0.0254,73.42123,2078.0,2420.011720263039,2019-03-01
San_Juan,2019,3,2,25.555555559999995,0.000254,71.99357,2074.3,2415.268522320536,2019-03-02
San_Juan,2019,3,3,26.11111111,0.000254,68.6659415,2060.9,2409.455567022868,2019-03-03
San_Juan,2019,3,4,25.277777779999997,0.2032,74.7618465,2056.1,2402.9231481327083,2019-03-04
San_Juan,2019,3,5,26.11111111,0.1016,73.7403,2045.7000000000003,2395.576376188639,2019-03-05
San_Juan,2019,3,6,25.83333333,0.000254,74.199855,2036.3,2387.1835392857693,2019-03-06
San_Juan,2019,3,7,26.11111111,0.0,72.0676,2015.9,2377.35630873095,2019-03-07
San_Juan,2019,3,8,26.11111111,0.0254,66.1392,2002.4000000000003,2366.076672582223,2019-03-08
San_Juan,2019,3,9,25.83333333,0.7112,76.59055,1984.3,2353.67891398719,2019-03-09
San_Juan,2019,3,10,25.83333333,0.0254,72.5574985,1971.9999999999998,2340.232549433217,2019-03-10
San_Juan,2019,3,11,25.555555559999995,0.2794,70.875839,1943.7,2325.637320496848,2019-03-11
San_Juan,2019,3,12,25.277777779999997,0.127,73.934105,1920.8,2309.6678048270833,2019-03-12
San_Juan,2019,3,13,24.999999999999996,0.1778,80.125945,1892.8,2291.9337501612717,2019-03-13
San_Juan,2019,3,14,25.83333333,0.3048,75.8944,1867.0,2272.296888601766,2019-03-14
San_Juan,2019,3,15,25.83333333,0.000254,70.481965,1826.9,2250.524141472564,2019-03-15
San_Juan,2019,3,16,26.11111111,0.0254,68.7861,1792.6999999999998,2227.137238122668,2019-03-16
San_Juan,2019,3,17,26.11111111,0.0254,67.2007915,1755.1000000000001,2202.2335210737388,2019-03-17
San_Juan,2019,3,18,26.388888889999997,0.000254,66.516142,1725.4,2176.14145555503,2019-03-18
San_Juan,2019,3,19,25.83333333,0.0,64.58965,1687.9,2149.216414089599,2019-03-19
San_Juan,2019,3,20,26.666666669999998,0.000254,74.0643485,1656.6,2122.0358197507744,2019-03-20
San_Juan,2019,3,21,26.94444444,0.0,63.862215000000006,1623.8,2094.4552506995915,2019-03-21
San_Juan,2019,3,22,27.22222222,0.0254,69.488435,1600.8,2066.6317185281555,2019-03-22
San_Juan,2019,3,23,26.388888889999997,0.0,72.09303,1571.0,2038.6554430894366,2019-03-23
San_Juan,2019,3,24,26.666666669999998,0.381,73.9466915,1544.2,2010.2881475339263,2019-03-24
San_Juan,2019,3,25,27.777777779999997,0.0,64.17725,1517.0,1981.3773834244125,2019-03-25
San_Juan,2019,3,26,27.5,0.0,63.5872,1497.6,1952.0392383655383,2019-03-26
San_Juan,2019,3,27,28.333333330000002,0.000254,64.1738,1470.4,1922.4574916964855,2019-03-27
San_Juan,2019,3,28,27.777777779999997,0.0,63.5872,1446.2,1892.6892184922008,2019-03-28
San_Juan,2019,3,29,27.22222222,0.0508,69.561292,1424.4,1862.984760955851,2019-03-29
San_Juan,2019,3,30,26.94444444,0.127,73.34218,1410.9,1833.2366384843513,2019-03-30
San_Juan,2019,3,31,26.94444444,0.0,74.441658,1391.0,1803.4193413339706,2019-03-31
San_Juan,2019,4,1,26.94444444,0.000254,74.857565,1372.5,1773.4823269754713,2019-04-01
San_Juan,2019,4,2,27.22222222,1.016,72.4809,1353.0,1743.4973923165646,2019-04-02
San_Juan,2019,4,3,26.94444444,0.0254,69.488435,1337.2,1713.662729813878,2019-04-03
San_Juan,2019,4,4,26.94444444,0.127,71.575015,1313.3,1683.9712198071907,2019-04-04
San_Juan,2019,4,5,27.22222222,0.000254,69.561292,1289.7,1654.4846865886464,2019-04-05
San_Juan,2019,4,6,27.22222222,0.0254,68.559773,1263.5,1625.1350829613923,2019-04-06
San_Juan,2019,4,7,26.94444444,0.127,69.117447,1242.3,1596.0634029598361,2019-04-07
San_Juan,2019,4,8,26.94444444,0.000254,64.9923495,1218.7,1567.4294266628435,2019-04-08
San_Juan,2019,4,9,26.94444444,0.0762,65.32095,1194.2,1539.520542574493,2019-04-09
San_Juan,2019,4,10,27.22222222,0.2286,67.769765,1169.1,1512.370796856737,2019-04-10
San_Juan,2019,4,11,27.777777779999997,0.254,67.487402,1150.2,1486.1278905809568,2019-04-11
San_Juan,2019,4,12,28.333333330000002,0.000254,68.6607875,1130.1,1460.9942174165765,2019-04-12
San_Juan,2019,4,13,26.94444444,0.6858000000000001,70.14065,1110.3,1437.1276678918136,2019-04-13
San_Juan,2019,4,14,26.666666669999998,0.0254,68.9832915,1089.0,1414.8881614851641,2019-04-14
San_Juan,2019,4,15,26.388888889999997,0.000254,66.894,1073.6,1394.4989243644468,2019-04-15
San_Juan,2019,4,16,27.5,0.000254,69.929445,1061.4,1376.13452323911,2019-04-16
San_Juan,2019,4,17,26.94444444,0.0,72.445605,1045.1,1359.987024394958,2019-04-17
San_Juan,2019,4,18,27.22222222,0.0762,70.4548,1032.9,1346.3774917619364,2019-04-18
San_Juan,2019,4,19,27.777777779999997,0.2286,66.3607,1024.7,1335.3456607503922,2019-04-19
San_Juan,2019,4,20,26.94444444,0.127,68.613505,1020.3999999999999,1327.0212626083298,2019-04-20
San_Juan,2019,4,21,26.388888889999997,0.6858000000000001,77.429437,1015.6,1321.7431098508084,2019-04-21
San_Juan,2019,4,22,26.666666669999998,0.000254,70.797,1013.4,1319.4568357202404,2019-04-22
San_Juan,2019,4,23,26.388888889999997,0.0508,65.487773,1014.0,1320.0397390690014,2019-04-23
San_Juan,2019,4,24,26.666666669999998,0.000254,67.30797,1018.1000000000001,1323.405322215907,2019-04-24
San_Juan,2019,4,25,26.388888889999997,0.0,66.430873,1023.4,1329.7080863004671,2019-04-25
San_Juan,2019,4,26,27.22222222,0.0,70.083287,1033.9,1339.2110868576838,2019-04-26
San_Juan,2019,4,27,27.777777779999997,0.0254,70.04742,1045.5,1352.0316565359835,2019-04-27
San_Juan,2019,4,28,26.94444444,4.2672,80.2124775,1061.9,1367.9658474440005,2019-04-28
San_Juan,2019,4,29,27.22222222,0.000254,75.92825,1086.3,1386.659861182805,2019-04-29
San_Juan,2019,4,30,26.666666669999998,0.0508,69.34393,1111.3,1407.5266864534137,2019-04-30
San_Juan,2019,5,1,27.22222222,0.000254,72.37465,1137.7,1430.3582343210676,2019-05-01
San_Juan,2019,5,2,27.5,0.3302,77.38126,1177.4,1455.1240595311128,2019-05-02
San_Juan,2019,5,3,26.94444444,0.0762,71.2489,1209.7,1481.3232254285697,2019-05-03
San_Juan,2019,5,4,26.94444444,0.0508,71.835595,1253.1,1508.7792898700081,2019-05-04
San_Juan,2019,5,5,26.94444444,0.000254,72.15063,1300.9,1537.1864585312283,2019-05-05
San_Juan,2019,5,6,26.94444444,0.9652000000000001,76.49131,1342.4,1566.423273919864,2019-05-06
San_Juan,2019,5,7,27.22222222,0.0,74.2763,1375.5,1596.2743138395572,2019-05-07
San_Juan,2019,5,8,26.11111111,0.1016,75.490555,1417.1,1626.3988808530155,2019-05-08
San_Juan,2019,5,9,25.83333333,0.0254,78.374792,1460.5,1656.4226270905256,2019-05-09
San_Juan,2019,5,10,26.666666669999998,0.0508,75.10913,1500.8,1686.1139179417369,2019-05-10
San_Juan,2019,5,11,27.777777779999997,0.0508,77.0475275,1530.0,1715.3594965409563,2019-05-11
San_Juan,2019,5,12,28.61111111,0.3302,67.17913,1568.4,1743.8178601065865,2019-05-12
San_Juan,2019,5,13,29.44444444,0.0508,65.9282835,1602.8,1771.7432310739712,2019-05-13
San_Juan,2019,5,14,29.166666669999998,0.0,65.85561,1621.7,1799.500260087983,2019-05-14
San_Juan,2019,5,15,28.333333330000002,0.2286,73.8504,1641.3,1827.402764831179,2019-05-15
San_Juan,2019,5,16,28.61111111,0.0,73.86495,1658.6,1855.5211502152943,2019-05-16
San_Juan,2019,5,17,28.88888889,0.0762,69.6593,1666.7,1883.6026610127144,2019-05-17
San_Juan,2019,5,18,28.61111111,0.0,70.491782,1681.4,1911.5109642349132,2019-05-18
San_Juan,2019,5,19,28.333333330000002,0.7112,70.491782,1681.2,1939.336976774243,2019-05-19
San_Juan,2019,5,20,28.333333330000002,0.127,69.6593,1671.2,1967.449002715391,2019-05-20
San_Juan,2019,5,21,28.333333330000002,0.0,69.8356825,1689.2,1996.2987184866283,2019-05-21
San_Juan,2019,5,22,28.05555556,0.000254,72.74995,1716.2,2025.8617207669615,2019-05-22
San_Juan,2019,5,23,27.5,0.000254,72.6437,1733.2999999999997,2056.318495546487,2019-05-23
San_Juan,2019,5,24,28.333333330000002,0.0508,72.9502725,1760.1,2088.0018499710864,2019-05-24
San_Juan,2019,5,25,27.5,0.0254,72.74995,1791.7000000000003,2121.0672673300483,2019-05-25
San_Juan,2019,5,26,28.05555556,0.0,77.161653,1838.5999999999997,2155.8307027082324,2019-05-26
San_Juan,2019,5,27,28.05555556,0.0,77.2782725,1890.1,2192.360215104951,2019-05-27
San_Juan,2019,5,28,27.5,0.889,77.4296,1937.6000000000001,2230.649169223669,2019-05-28
San_Juan,2019,5,29,26.94444444,0.3302,74.8451,1989.1,2270.9254289045894,2019-05-29
San_Juan,2019,5,30,25.83333333,0.5334,81.258242,2046.3,2313.490802480439,2019-05-30
San_Juan,2019,5,31,28.333333330000002,0.000254,74.632084,2123.0,2358.449224262308,2019-05-31
San_Juan,2019,6,1,27.22222222,0.0508,76.7491,2184.1,2405.5228634242294,2019-06-01
San_Juan,2019,6,2,26.94444444,1.524,79.4334,2237.9,2454.811472966686,2019-06-02
San_Juan,2019,6,3,28.61111111,0.0,73.677437,2303.7,2506.05381169357,2019-06-03
San_Juan,2019,6,4,28.61111111,0.0508,75.351742,2391.7,2559.0684179447876,2019-06-04
San_Juan,2019,6,5,28.61111111,0.000254,77.42609,2441.8,2613.774274083168,2019-06-05
San_Juan,2019,6,6,29.44444444,0.0762,71.58165,2495.4,2669.7096285454672,2019-06-06
San_Juan,2019,6,7,29.166666669999998,0.000254,74.7146,2571.9,2726.678853480116,2019-06-07
San_Juan,2019,6,8,28.333333330000002,2.5908,74.0115015,2617.1,2784.4843011949947,2019-06-08
San_Juan,2019,6,9,28.88888889,0.000254,74.27255,2654.7,2843.155868014673,2019-06-09
San_Juan,2019,6,10,29.166666669999998,0.0254,73.128598,2684.1,2902.1926992071258,2019-06-10
San_Juan,2019,6,11,28.333333330000002,0.0,71.781585,2714.7,2961.0636493747534,2019-06-11
San_Juan,2019,6,12,28.05555556,0.8128,77.58465,2740.2,3019.736689419102,2019-06-12
San_Juan,2019,6,13,28.61111111,0.0254,73.0784575,2784.4,3077.591170105487,2019-06-13
San_Juan,2019,6,14,28.333333330000002,0.0762,74.7146,2842.6,3134.0679381052855,2019-06-14
San_Juan,2019,6,15,28.05555556,0.48260000000000003,78.7611975,2853.1,3188.8470676159377,2019-06-15
San_Juan,2019,6,16,28.333333330000002,1.0414,80.45529,2892.1,3241.61945129339,2019-06-16
San_Juan,2019,6,17,28.333333330000002,0.000254,81.910047,2968.5,3292.2055112426788,2019-06-17
San_Juan,2019,6,18,28.61111111,0.000254,78.51365,3026.7,3340.568231710433,2019-06-18
San_Juan,2019,6,19,28.61111111,0.000254,77.270858,3051.5,3386.5395248432956,2019-06-19
San_Juan,2019,6,20,29.166666669999998,0.1016,76.7522575,3114.1,3430.0620260589244,2019-06-20
San_Juan,2019,6,21,29.722222220000003,0.0,70.855085,3161.0,3470.8390608631225,2019-06-21
San_Juan,2019,6,22,28.61111111,0.0,75.351742,3171.6,3509.1429120001335,2019-06-22
San_Juan,2019,6,23,28.05555556,0.0,75.49026,3221.7,3544.934399469477,2019-06-23
San_Juan,2019,6,24,28.61111111,0.0,78.804127,3281.7,3578.308737647344,2019-06-24
San_Juan,2019,6,25,29.166666669999998,0.1016,83.59755,3338.9,3608.9983370028585,2019-06-25
San_Juan,2019,6,26,28.88888889,0.2286,74.5331,3372.5,3636.5722790886557,2019-06-26
San_Juan,2019,6,27,28.88888889,0.5842,75.829702,3417.2,3661.3406140570332,2019-06-27
San_Juan,2019,6,28,28.61111111,0.127,73.344695,3445.4,3683.7354044996823,2019-06-28
San_Juan,2019,6,29,29.166666669999998,0.000254,74.7146,3440.8,3703.9773378984933,2019-06-29
San_Juan,2019,6,30,29.722222220000003,0.000254,73.054153,3467.0,3721.924270983476,2019-06-30
San_Juan,2019,7,1,28.88888889,0.000254,71.393325,3480.3000000000006,3737.7228314964477,2019-07-01
San_Juan,2019,7,2,29.166666669999998,0.000254,71.296042,3452.8,3751.633966729126,2019-07-02
San_Juan,2019,7,3,29.166666669999998,0.0,69.537135,3442.0,3763.493919173741,2019-07-03
San_Juan,2019,7,4,29.722222220000003,0.000254,65.459675,3448.7999999999997,3773.8565643766633,2019-07-04
San_Juan,2019,7,5,28.88888889,2.7432000000000003,77.61745,3433.7,3783.8865324921817,2019-07-05
San_Juan,2019,7,6,28.333333330000002,0.0,74.65535,3431.2999999999997,3793.8973190651327,2019-07-06
San_Juan,2019,7,7,28.61111111,0.0254,72.56242,3445.9,3803.913597253134,2019-07-07
San_Juan,2019,7,8,28.88888889,0.000254,74.958955,3434.8,3813.6740582852135,2019-07-08
San_Juan,2019,7,9,30.0,0.0254,71.7563,3422.2,3823.1598626587124,2019-07-09
San_Juan,2019,7,10,29.722222220000003,0.0,74.061103,3410.0,3832.3162025280417,2019-07-10
San_Juan,2019,7,11,29.166666669999998,0.0254,71.208345,3403.9,3840.7066960641178,2019-07-11
San_Juan,2019,7,12,28.88888889,0.000254,73.4231,3397.9,3848.592970935747,2019-07-12
San_Juan,2019,7,13,28.61111111,0.4064,76.6330925,3395.8,3855.9185465879586,2019-07-13
San_Juan,2019,7,14,28.61111111,0.381,76.598,3403.9,3862.56782371395,2019-07-14
San_Juan,2019,7,15,29.166666669999998,0.0762,78.7302,3413.5,3868.4617480504266,2019-07-15
San_Juan,2019,7,16,29.166666669999998,0.0,73.76062,3408.1,3873.657865613618,2019-07-16
San_Juan,2019,7,17,28.05555556,1.2954,75.99045,3401.0,3878.5040731097833,2019-07-17
San_Juan,2019,7,18,29.166666669999998,0.000254,74.27255,3404.9,3883.045967837567,2019-07-18
San_Juan,2019,7,19,28.333333330000002,1.143,76.61875,3402.2,3886.8887931603017,2019-07-19
San_Juan,2019,7,20,28.88888889,0.254,77.2665,3388.3,3889.9535327677013,2019-07-20
San_Juan,2019,7,21,29.166666669999998,0.254,71.1918,3386.4,3892.150268579489,2019-07-21
San_Juan,2019,7,22,29.166666669999998,0.000254,70.5768,3380.1,3893.3847123654255,2019-07-22
San_Juan,2019,7,23,30.0,0.000254,65.518063,3370.2,3893.7013644896665,2019-07-23
San_Juan,2019,7,24,29.166666669999998,0.000254,73.8914,3374.3,3893.616278475226,2019-07-24
San_Juan,2019,7,25,28.88888889,0.3556,79.296,3381.0,3893.1815341795655,2019-07-25
San_Juan,2019,7,26,28.88888889,0.0254,80.045193,3386.2,3891.3445086418906,2019-07-26
San_Juan,2019,7,27,29.44444444,0.0254,78.7302,3403.6,3887.9561770639725,2019-07-27
San_Juan,2019,7,28,29.44444444,0.000254,74.4891,3419.6,3883.0408904657065,2019-07-28
San_Juan,2019,7,29,28.05555556,2.159,81.902037,3429.5,3877.1520703459005,2019-07-29
San_Juan,2019,7,30,25.83333333,5.969,90.708685,3446.9,3870.2769580142435,2019-07-30
San_Juan,2019,7,31,27.5,2.3622,83.52293,3491.6,3862.590536274742,2019-07-31
San_Juan,2019,8,1,27.777777779999997,0.000254,80.461532,3544.7,3854.6235381331708,2019-08-01
San_Juan,2019,8,2,29.166666669999998,0.0254,78.757517,3579.3,3846.2989615656893,2019-08-02
San_Juan,2019,8,3,30.0,0.0254,72.5844,3618.4999999999995,3837.480799655647,2019-08-03
San_Juan,2019,8,4,29.166666669999998,0.000254,75.7663,3654.2,3828.3957540480997,2019-08-04
San_Juan,2019,8,5,28.61111111,0.000254,75.983095,3663.9,3819.169382548751,2019-08-05
San_Juan,2019,8,6,29.722222220000003,0.0254,73.0988065,3685.0000000000005,3809.972781018227,2019-08-06
San_Juan,2019,8,7,29.166666669999998,0.000254,76.002363,3715.8000000000006,3800.4619832007525,2019-08-07
San_Juan,2019,8,8,28.61111111,0.381,78.804127,3722.3,3790.490805219563,2019-08-08
San_Juan,2019,8,9,30.277777779999997,0.0,70.352453,3735.9,3780.2199928724303,2019-08-09
San_Juan,2019,8,10,29.44444444,0.0254,71.317213,3756.7999999999997,3769.42737203039,2019-08-10
San_Juan,2019,8,11,28.61111111,0.3556,72.116398,3757.0999999999995,3758.3442764567817,2019-08-11
San_Juan,2019,8,12,29.166666669999998,0.2032,74.27255,3765.2000000000003,3747.2505346017224,2019-08-12
San_Juan,2019,8,13,30.277777779999997,0.0,71.317213,3782.2000000000003,3736.1405386769316,2019-08-13
San_Juan,2019,8,14,28.88888889,0.0254,75.8892,3784.1,3724.7935373283835,2019-08-14
San_Juan,2019,8,15,30.277777779999997,0.000254,73.63115,3759.9,3713.133726366186,2019-08-15
San_Juan,2019,8,16,29.722222220000003,0.3048,76.545957,3761.3,3701.5813677737365,2019-08-16
San_Juan,2019,8,17,27.777777779999997,4.318,81.26805,3761.4999999999995,3690.1263456860097,2019-08-17
San_Juan,2019,8,18,28.61111111,0.7873999999999999,76.77325,3749.5,3678.932248673607,2019-08-18
San_Juan,2019,8,19,28.05555556,2.2606,81.78124,3785.8999999999996,3667.6560306097645,2019-08-19
San_Juan,2019,8,20,28.61111111,0.000254,80.4588,3836.6,3656.339350937175,2019-08-20
San_Juan,2019,8,21,28.61111111,0.48260000000000003,75.7453075,3860.8000000000006,3645.0060996855473,2019-08-21
San_Juan,2019,8,22,29.166666669999998,0.4064,72.058201,3897.5,3633.6382658386046,2019-08-22
San_Juan,2019,8,23,29.722222220000003,0.0762,72.2107885,3924.4,3622.64571595842,2019-08-23
San_Juan,2019,8,24,29.44444444,0.0508,78.583313,3937.7999999999997,3612.4100018120944,2019-08-24
San_Juan,2019,8,25,30.0,0.0,73.4683,3935.2,3602.9028298953626,2019-08-25
San_Juan,2019,8,26,29.722222220000003,0.0254,72.84081,3951.5,3594.090236894912,2019-08-26
San_Juan,2019,8,27,29.722222220000003,0.000254,72.64092,3955.2999999999997,3586.067146985277,2019-08-27
San_Juan,2019,8,28,27.5,0.3048,80.0242005,3945.6,3579.1874802927173,2019-08-28
San_Juan,2019,8,29,28.88888889,0.2286,72.9484,3952.0,3573.2472014488144,2019-08-29
San_Juan,2019,8,30,29.722222220000003,0.000254,69.6513275,3989.5,3568.127428674455,2019-08-30
San_Juan,2019,8,31,29.722222220000003,1.0414,73.941938,3972.5,3564.229641842734,2019-08-31
San_Juan,2019,9,1,27.777777779999997,3.4798000000000004,78.689093,3974.7,3561.1783394513623,2019-09-01
San_Juan,2019,9,2,30.277777779999997,0.000254,66.7024,4005.6999999999994,3558.9011969532557,2019-09-02
San_Juan,2019,9,3,30.0,0.000254,71.63397,3981.2000000000003,3557.474606347084,2019-09-03
San_Juan,2019,9,4,29.44444444,0.1016,75.025403,3966.2000000000003,3557.168070087871,2019-09-04
San_Juan,2019,9,5,29.166666669999998,0.254,77.89295,3982.4000000000005,3558.140780677127,2019-09-05
San_Juan,2019,9,6,27.5,7.2644,84.057935,3963.4999999999995,3560.001065854313,2019-09-06
San_Juan,2019,9,7,28.333333330000002,0.0254,81.12435,3987.9,3562.6078922434863,2019-09-07
San_Juan,2019,9,8,28.333333330000002,0.6604,79.8487575,4014.4999999999995,3565.4810654339603,2019-09-08
San_Juan,2019,9,9,28.61111111,0.6858000000000001,77.772595,4060.4,3568.8838543306942,2019-09-09
San_Juan,2019,9,10,29.166666669999998,1.0668,76.77325,4085.1,3573.108024067511,2019-09-10
San_Juan,2019,9,11,28.91666667000001,1.1938,78.95104,4094.6999999999994,3577.942374488718,2019-09-11
San_Juan,2019,9,12,29.166666669999998,0.381,78.56145,4134.2,3582.7540211431224,2019-09-12
San_Juan,2019,9,13,30.277777779999997,0.000254,72.3462355,4150.8,3586.4630750739184,2019-09-13
San_Juan,2019,9,14,30.833333330000002,0.0762,73.442767,4133.2,3588.8378202106405,2019-09-14
San_Juan,2019,9,15,29.44444444,2.7432000000000003,79.02903,4164.2,3589.926758182691,2019-09-15
San_Juan,2019,9,16,30.0,0.127,79.207705,4170.0,3589.6399477677146,2019-09-16
San_Juan,2019,9,17,30.0,0.0254,72.0791935,4141.9,3587.519065669868,2019-09-17
San_Juan,2019,9,18,30.277777779999997,0.000254,70.855085,4147.0,3583.4376987522555,2019-09-18
San_Juan,2019,9,19,30.0,0.2032,70.9793965,4126.1,3577.9659571916336,2019-09-19
San_Juan,2019,9,20,29.722222220000003,0.000254,74.32035,4078.0,3571.442609533113,2019-09-20
San_Juan,2019,9,21,31.11111111,0.000254,64.084406,4061.5,3563.7267399625102,2019-09-21
San_Juan,2019,9,22,28.05555556,1.3716000000000002,80.082942,4012.9,3555.141792341046,2019-09-22
San_Juan,2019,9,23,30.55555556,0.0762,69.20521,3954.5999999999995,3545.583612507892,2019-09-23
San_Juan,2019,9,24,27.5,1.9304000000000001,87.72885,3902.9,3534.8870627617616,2019-09-24
San_Juan,2019,9,25,29.166666669999998,0.254,76.41001,3854.9000000000005,3522.505413829895,2019-09-25
San_Juan,2019,9,26,30.277777779999997,0.000254,68.192188,3831.0000000000005,3507.8271890715473,2019-09-26
San_Juan,2019,9,27,30.277777779999997,0.000254,72.0576,3789.4,3491.350272701643,2019-09-27
San_Juan,2019,9,28,29.166666669999998,0.000254,76.179248,3754.0,3473.481592238382,2019-09-28
San_Juan,2019,9,29,27.777777779999997,1.8542,83.696827,3739.0999999999995,3454.968155438039,2019-09-29
San_Juan,2019,9,30,29.722222220000003,0.6096,73.568796,3703.4,3435.8868217692557,2019-09-30
San_Juan,2019,10,1,30.0,0.0254,71.319838,3673.1,3416.0243180090133,2019-10-01
San_Juan,2019,10,2,29.44444444,0.000254,70.855085,3663.1000000000004,3395.6870346214355,2019-10-02
San_Juan,2019,10,3,29.166666669999998,0.000254,64.8904,3643.3000000000006,3375.5680291626118,2019-10-03
San_Juan,2019,10,4,28.88888889,0.4318000000000001,80.30545,3637.2000000000003,3356.85733715979,2019-10-04
San_Juan,2019,10,5,28.88888889,0.000254,78.891395,3649.0000000000005,3339.619854090253,2019-10-05
San_Juan,2019,10,6,29.44444444,0.000254,75.066643,3652.1,3323.6738442917053,2019-10-06
San_Juan,2019,10,7,29.44444444,0.0254,75.087305,3662.7,3309.0015675101818,2019-10-07
San_Juan,2019,10,8,29.166666669999998,0.0254,72.72035,3680.9,3296.2334606907325,2019-10-08
San_Juan,2019,10,9,29.166666669999998,0.000254,74.759065,3673.2000000000003,3285.562236245973,2019-10-09
San_Juan,2019,10,10,28.61111111,0.0254,75.35175,3673.4999999999995,3276.5789088641504,2019-10-10
San_Juan,2019,10,11,28.61111111,0.000254,73.423097,3686.5000000000005,3269.0848482405245,2019-10-11
San_Juan,2019,10,12,29.166666669999998,0.000254,68.1701,3676.1,3262.9187198428676,2019-10-12
San_Juan,2019,10,13,28.61111111,0.9144,72.116398,3657.8999999999996,3258.369798717436,2019-10-13
San_Juan,2019,10,14,28.333333330000002,0.0254,77.486277,3654.4999999999995,3255.716968191893,2019-10-14
San_Juan,2019,10,15,28.88888889,0.0508,76.536855,3652.4,3255.0383549950557,2019-10-15
San_Juan,2019,10,16,28.61111111,0.000254,76.735,3637.6,3256.2810230125842,2019-10-16
San_Juan,2019,10,17,28.88888889,0.000254,75.351742,3622.6,3259.9401256942288,2019-10-17
San_Juan,2019,10,18,28.88888889,1.2446,80.101517,3604.6,3266.0781966368154,2019-10-18
San_Juan,2019,10,19,28.61111111,0.3048,75.950575,3584.9000000000005,3274.6517768696863,2019-10-19
San_Juan,2019,10,20,28.61111111,0.000254,76.735,3557.9,3285.334503852774,2019-10-20
San_Juan,2019,10,21,28.61111111,0.381,78.209265,3514.8,3297.7135118107267,2019-10-21
San_Juan,2019,10,22,28.05555556,0.0762,81.5428505,3471.7,3311.575888999783,2019-10-22
San_Juan,2019,10,23,28.05555556,1.0414,78.667067,3454.8,3326.271793842694,2019-10-23
San_Juan,2019,10,24,28.05555556,0.3048,77.8719625,3448.2,3341.6145887222556,2019-10-24
San_Juan,2019,10,25,27.777777779999997,1.1176,84.168915,3421.6,3357.2869818671966,2019-10-25
San_Juan,2019,10,26,28.05555556,0.0762,77.584637,3380.0,3373.211531554199,2019-10-26
San_Juan,2019,10,27,28.05555556,0.9398,78.044857,3387.3,3389.2644235017005,2019-10-27
San_Juan,2019,10,28,28.333333330000002,0.254,80.179392,3406.6,3405.401103655923,2019-10-28
San_Juan,2019,10,29,28.05555556,0.000254,77.08325,3405.8,3421.138287675955,2019-10-29
San_Juan,2019,10,30,28.333333330000002,0.0254,73.9367295,3383.6,3436.3795814024816,2019-10-30
San_Juan,2019,10,31,28.05555556,0.2794,76.61582,3401.6,3451.3300491007008,2019-10-31
San_Juan,2019,11,1,28.05555556,0.0254,71.724027,3416.0,3465.840227198587,2019-11-01
San_Juan,2019,11,2,27.22222222,2.4384,76.74909,3433.3,3480.11938580255,2019-11-02
San_Juan,2019,11,3,27.5,0.000254,78.05018,3432.4,3493.3896997770485,2019-11-03
San_Juan,2019,11,4,26.666666669999998,2.54,84.259355,3457.2000000000003,3504.966996735327,2019-11-04
San_Juan,2019,11,5,28.05555556,0.4572,79.767502,3495.6999999999994,3514.831807247371,2019-11-05
San_Juan,2019,11,6,28.333333330000002,0.6604,77.7577975,3534.3999999999996,3523.626175398749,2019-11-06
San_Juan,2019,11,7,28.333333330000002,0.3048,74.5107565,3529.5,3531.324448196269,2019-11-07
San_Juan,2019,11,8,28.05555556,0.1524,76.635252,3550.8,3537.490154482427,2019-11-08
San_Juan,2019,11,9,28.05555556,0.1524,77.563404,3587.6999999999994,3541.3922836936176,2019-11-09
San_Juan,2019,11,10,28.88888889,0.000254,74.341655,3616.4999999999995,3542.83917267903,2019-11-10
San_Juan,2019,11,11,28.61111111,0.0762,72.699089,3593.0,3541.9581556302546,2019-11-11
San_Juan,2019,11,12,28.333333330000002,0.0,66.0448735,3581.3,3538.9172782820706,2019-11-12
San_Juan,2019,11,13,27.55555556,0.0,75.291479,3577.5000000000005,3534.4840092273794,2019-11-13
San_Juan,2019,11,14,27.5,0.0254,77.4992,3596.2,3528.4444119912155,2019-11-14
San_Juan,2019,11,15,27.22222222,0.9906,80.419112,3565.8,3520.3446958850836,2019-11-15
San_Juan,2019,11,16,27.5,0.0508,76.594587,3550.6,3510.0187234699392,2019-11-16
San_Juan,2019,11,17,27.777777779999997,0.000254,77.42609,3539.2999999999997,3497.901915715794,2019-11-17
San_Juan,2019,11,18,28.333333330000002,0.0508,78.31765,3544.8,3484.267732835809,2019-11-18
San_Juan,2019,11,19,28.333333330000002,0.000254,77.42609,3523.9,3469.153856149512,2019-11-19
San_Juan,2019,11,20,28.61111111,0.000254,76.669577,3522.0999999999995,3452.341966072408,2019-11-20
San_Juan,2019,11,21,28.05555556,1.2954,75.7068235,3495.8,3433.7391286486463,2019-11-21
San_Juan,2019,11,22,27.5,0.381,71.0995065,3510.8,3413.6920066489047,2019-11-22
San_Juan,2019,11,23,28.333333330000002,0.0,63.194713,3476.0,3392.2258545597933,2019-11-23
San_Juan,2019,11,24,26.94444444,0.0254,70.065993,3456.7000000000003,3370.2635502088574,2019-11-24
San_Juan,2019,11,25,28.05555556,0.000254,73.14453,3424.8999999999996,3348.770796764208,2019-11-25
San_Juan,2019,11,26,28.61111111,0.000254,77.811475,3441.3999999999996,3327.820514450011,2019-11-26
San_Juan,2019,11,27,28.61111111,0.0508,80.501467,3424.6999999999994,3306.8265931197916,2019-11-27
San_Juan,2019,11,28,27.22222222,0.5334,80.568105,3396.8,3285.49435544066,2019-11-28
San_Juan,2019,11,29,26.666666669999998,0.8382,78.1152525,3372.2,3264.1686391990406,2019-11-29
San_Juan,2019,11,30,26.666666669999998,0.2286,78.193624,3393.7,3243.675878076272,2019-11-30
San_Juan,2019,12,1,25.555555559999995,1.0414,85.6301575,3376.8,3224.2038617021913,2019-12-01
San_Juan,2019,12,2,28.333333330000002,0.0254,72.326335,3350.7,3205.7550820157303,2019-12-02
San_Juan,2019,12,3,30.0,0.0762,69.323463,3329.3,3188.266697630428,2019-12-03
San_Juan,2019,12,4,28.88888889,0.254,73.393035,3307.5,3171.5856014855394,2019-12-04
San_Juan,2019,12,5,28.88888889,0.000254,71.248451,3242.8,3156.096077501862,2019-12-05
San_Juan,2019,12,6,28.61111111,0.0,70.6087175,3224.6,3142.3127194001427,2019-12-06
San_Juan,2019,12,7,28.05555556,0.0254,78.7611975,3170.7,3130.4591824023228,2019-12-07
San_Juan,2019,12,8,27.5,0.0,74.63145,3163.5,3120.0838599692056,2019-12-08
San_Juan,2019,12,9,27.22222222,2.6162,79.45945,3122.6,3111.0505008038003,2019-12-09
San_Juan,2019,12,10,27.22222222,1.0414,78.05018,3124.0,3103.5815585913706,2019-12-10
San_Juan,2019,12,11,27.22222222,0.381,75.170029,3088.0,3098.015363103232,2019-12-11
San_Juan,2019,12,12,26.94444444,1.6002,78.30217,3084.5,3094.323259355868,2019-12-12
San_Juan,2019,12,13,26.94444444,0.889,76.91889,3067.3,3092.217237711831,2019-12-13
San_Juan,2019,12,14,27.5,0.1778,79.397945,3066.0,3091.6443254922992,2019-12-14
San_Juan,2019,12,15,28.05555556,0.2286,77.3854765,3031.8,3091.96423324404,2019-12-15
San_Juan,2019,12,16,26.666666669999998,1.7526000000000002,79.009842,3032.1,3092.7641386988075,2019-12-16
San_Juan,2019,12,17,27.5,0.4572,75.0240725,3018.6,3094.189662918036,2019-12-17
San_Juan,2019,12,18,27.5,0.3048,73.408592,3019.5,3096.214365152207,2019-12-18
San_Juan,2019,12,19,27.777777779999997,0.000254,72.9088515,3014.7,3099.039418094722,2019-12-19
San_Juan,2019,12,20,27.5,0.000254,72.019255,3043.1,3102.6237801963644,2019-12-20
San_Juan,2019,12,21,27.22222222,0.2032,75.618389,3029.3,3106.7766218839656,2019-12-21
San_Juan,2019,12,22,26.94444444,0.9906,80.165725,3047.8,3111.1793318249806,2019-12-22
San_Juan,2019,12,23,26.94444444,0.000254,72.891838,3035.5,3115.9630288663966,2019-12-23
San_Juan,2019,12,24,27.777777779999997,0.0,71.5202425,3052.1,3121.1341895500955,2019-12-24
San_Juan,2019,12,25,28.61111111,0.0,69.30007,3024.6,3126.462117908398,2019-12-25
San_Juan,2019,12,26,26.666666669999998,0.6096,78.207879,3027.4,3131.8562807446024,2019-12-26
San_Juan,2019,12,27,27.22222222,0.000254,77.651332,3014.4,3136.9585979125527,2019-12-27
San_Juan,2019,12,28,26.666666669999998,0.000254,77.6710775,3025.6,3141.7569429635055,2019-12-28
San_Juan,2019,12,29,26.94444444,0.0762,81.065825,3003.1,3146.495629589371,2019-12-29
San_Juan,2019,12,30,26.388888889999997,1.6256,81.085925,3005.2,3151.323232706388,2019-12-30
San_Juan,2019,12,31,26.94444444,0.3556,85.3679375,2991.5,3156.4707824538355,2019-12-31
San_Juan,2020,1,1,27.22222222,0.127,82.93003,3001.6,3161.623837238739,2020-01-01
San_Juan,2020,1,2,27.777777779999997,0.1524,81.2786,2981.2,3166.7753465956907,2020-01-02
San_Juan,2020,1,3,26.11111111,2.2352,82.050165,2981.3,3172.340491433499,2020-01-03
San_Juan,2020,1,4,26.666666669999998,0.0508,71.890048,2967.6,3178.3596324614523,2020-01-04
San_Juan,2020,1,5,26.11111111,0.127,82.81885,2977.9,3184.9845775440504,2020-01-05
San_Juan,2020,1,6,25.83333333,0.9144,85.312205,2961.1,3191.921521341895,2020-01-06
San_Juan,2020,1,7,26.94444444,0.0762,75.291479,2963.6,3198.7662360915792,2020-01-07
San_Juan,2020,1,8,26.666666669999998,0.3048,76.54305,2950.5,3206.01940157102,2020-01-08
San_Juan,2020,1,9,27.22222222,0.8636000000000001,74.88522,2961.4,3213.756941383232,2020-01-09
San_Juan,2020,1,10,26.388888889999997,0.254,75.291479,2945.7,3221.571575787596,2020-01-10
San_Juan,2020,1,11,26.94444444,0.3048,71.05288,2940.0,3229.3261963045584,2020-01-11
San_Juan,2020,1,12,26.388888889999997,0.5588,80.056355,2925.4,3237.2380283611765,2020-01-12
San_Juan,2020,1,13,25.83333333,0.9906,74.1219435,2930.0,3244.8205227322114,2020-01-13
San_Juan,2020,1,14,25.555555559999995,0.4318000000000001,76.507492,2913.6,3251.9651134511305,2020-01-14
San_Juan,2020,1,15,25.555555559999995,1.8796,80.343598,2908.7,3258.4916065808598,2020-01-15
San_Juan,2020,1,16,25.83333333,0.5334,74.585645,2895.6,3263.9451908672745,2020-01-16
San_Juan,2020,1,17,25.555555559999995,0.0254,82.0379925,2898.3,3268.378124824679,2020-01-17
San_Juan,2020,1,18,26.388888889999997,0.127,70.604582,2879.1,3271.3504743150575,2020-01-18
San_Juan,2020,1,19,25.277777779999997,1.2446,80.4745125,2865.3,3272.6230474511444,2020-01-19
San_Juan,2020,1,20,25.83333333,1.0414,86.054145,2843.8,3271.732469484365,2020-01-20
San_Juan,2020,1,21,27.22222222,0.1016,70.7837125,2832.1,3267.8238942788366,2020-01-21
San_Juan,2020,1,22,26.11111111,0.1524,77.229153,2803.5,3260.776027725262,2020-01-22
San_Juan,2020,1,23,27.5,3.4036,80.461857,2778.0,3250.4097316281527,2020-01-23
San_Juan,2020,1,24,25.277777779999997,3.302,84.481835,2746.3,3235.850427064766,2020-01-24
San_Juan,2020,1,25,25.277777779999997,1.2446,82.5131075,2722.8,3216.8355231930204,2020-01-25
San_Juan,2020,1,26,25.555555559999995,1.9558,83.0996575,2681.6,3193.5594324425642,2020-01-26
San_Juan,2020,1,27,26.388888889999997,0.6858000000000001,79.462355,2641.5,3166.379700840398,2020-01-27
San_Juan,2020,1,28,26.666666669999998,0.000254,78.595037,2589.9,3135.45600178041,2020-01-28
San_Juan,2020,1,29,26.11111111,0.0254,77.8286625,2542.5,3100.3921415029063,2020-01-29
San_Juan,2020,1,30,27.777777779999997,0.0,67.035395,2475.9,3061.027798635822,2020-01-30
San_Juan,2020,1,31,26.666666669999998,0.000254,71.158205,2408.2,3017.8390927327937,2020-01-31
San_Juan,2020,2,1,26.94444444,0.000254,71.504035,2332.9,2970.924835837421,2020-02-01
San_Juan,2020,2,2,27.5,0.000254,64.076553,2266.9,2920.363300473613,2020-02-02
San_Juan,2020,2,3,26.94444444,0.000254,66.553867,2192.8,2866.8182930740163,2020-02-03
San_Juan,2020,2,4,27.5,0.0508,62.635875,2119.1,2810.7673365278647,2020-02-04
San_Juan,2020,2,5,26.94444444,0.0254,65.511805,2044.9999999999998,2753.123453840309,2020-02-05
San_Juan,2020,2,6,27.5,0.0762,65.671708,1978.6,2694.6250050360113,2020-02-06
San_Juan,2020,2,7,28.05555556,0.0254,58.52369300000001,1911.4,2635.3062144709215,2020-02-07
San_Juan,2020,2,8,27.22222222,0.000254,64.168668,1842.9,2575.921383821383,2020-02-08
San_Juan,2020,2,9,26.94444444,0.3048,68.4023,1777.3000000000002,2517.2119436029334,2020-02-09
San_Juan,2020,2,10,27.5,0.1016,66.621882,1725.4,2459.7368458081196,2020-02-10
San_Juan,2020,2,11,26.666666669999998,0.1778,69.2698615,1670.4,2404.2075602929335,2020-02-11
San_Juan,2020,2,12,26.388888889999997,0.3556,75.051528,1622.2,2351.0585073639472,2020-02-12
San_Juan,2020,2,13,27.22222222,0.1016,66.621882,1579.6,2300.6749771595,2020-02-13
San_Juan,2020,2,14,26.388888889999997,1.524,75.269892,1553.7,2253.817175825653,2020-02-14
San_Juan,2020,2,15,25.83333333,1.0414,76.3756675,1530.3,2210.8355683764566,2020-02-15
San_Juan,2020,2,16,26.388888889999997,0.1524,79.1782075,1511.3,2171.5656595347014,2020-02-16
San_Juan,2020,2,17,26.388888889999997,0.1778,75.291479,1495.7,2135.8342762068623,2020-02-17
San_Juan,2020,2,18,27.22222222,0.2032,71.05288,1491.3,2103.8618522376564,2020-02-18
San_Juan,2020,2,19,26.11111111,0.635,74.829618,1489.6,2075.758716557099,2020-02-19
San_Juan,2020,2,20,26.388888889999997,0.0762,69.61441,1488.6,2051.629079792687,2020-02-20
San_Juan,2020,2,21,26.11111111,0.0,67.8962075,1491.0,2031.314142858232,2020-02-21
San_Juan,2020,2,22,27.5,0.0,62.558278,1500.5,2014.883749007239,2020-02-22
San_Juan,2020,2,23,27.22222222,1.3208,67.96336,1514.9,2002.7303564052122,2020-02-23
San_Juan,2020,2,24,23.888888889999997,11.049,85.360855,1530.0,1994.3748268458917,2020-02-24
San_Juan,2020,2,25,24.166666669999998,2.794,88.0940425,1552.1,1989.6498343131166,2020-02-25
San_Juan,2020,2,26,25.555555559999995,0.635,81.562535,1583.4,1987.9022672540543,2020-02-26
San_Juan,2020,2,27,24.72222222,0.000254,73.0664,1617.3,1988.8700513577987,2020-02-27
San_Juan,2020,2,28,25.555555559999995,0.0254,76.42784,1649.4,1993.0704962993423,2020-02-28
San_Juan,2020,2,29,25.555555559999995,0.0508,77.177578,1686.6,2000.0192902295225,2020-02-29
San_Juan,2020,3,1,25.555555559999995,0.000254,78.691155,1726.9999999999998,2008.831088531024,2020-03-01
San_Juan,2020,3,2,24.999999999999996,0.3048,82.748175,1769.5,2019.1980862959306,2020-03-02
San_Juan,2020,3,3,25.277777779999997,0.0254,79.27868,1807.7,2030.9340782010502,2020-03-03
San_Juan,2020,3,4,25.555555559999995,0.0508,77.6747425,1849.6,2043.8167674644058,2020-03-04
San_Juan,2020,3,5,26.11111111,0.0508,74.829008,1892.0,2057.6332900149146,2020-03-05
San_Juan,2020,3,6,26.11111111,0.1524,73.915167,1937.6999999999998,2072.041671666854,2020-03-06
San_Juan,2020,3,7,25.83333333,0.0254,73.0673015,1978.1,2086.8558158647984,2020-03-07
San_Juan,2020,3,8,24.72222222,0.1524,80.229358,2018.1000000000001,2102.236458224004,2020-03-08
San_Juan,2020,3,9,24.166666669999998,3.937,88.18237,2056.7,2118.2272789533918,2020-03-09
San_Juan,2020,3,10,24.72222222,0.0254,80.6744655,2099.6,2134.4271786356253,2020-03-10
San_Juan,2020,3,11,24.44444444,2.54,82.402003,2119.1,2150.952262926169,2020-03-11
San_Juan,2020,3,12,26.11111111,0.000254,72.318577,2142.3,2167.4054693117296,2020-03-12
San_Juan,2020,3,13,25.555555559999995,0.0,74.268788,2161.3,2183.664124878018,2020-03-13
San_Juan,2020,3,14,24.44444444,0.889,83.087955,2185.4,2199.5111856318654,2020-03-14
San_Juan,2020,3,15,25.277777779999997,0.1016,63.91246100000001,2186.0,2214.260317716455,2020-03-15
San_Juan,2020,3,16,25.277777779999997,0.1778,74.225892,2191.9,2228.598914895766,2020-03-16
San_Juan,2020,3,17,25.555555559999995,0.4064,78.453233,2195.7,2242.5097428016516,2020-03-17
San_Juan,2020,3,18,26.11111111,0.0254,79.513538,2205.4,2255.7872192492155,2020-03-18
San_Juan,2020,3,19,25.555555559999995,0.2794,78.052413,2194.5,2267.8465221800298,2020-03-19
San_Juan,2020,3,20,24.72222222,0.254,74.820085,2186.9,2278.02076263669,2020-03-20
San_Juan,2020,3,21,25.555555559999995,0.1778,71.702203,2174.4,2286.3976236376025,2020-03-21
San_Juan,2020,3,22,25.277777779999997,0.7873999999999999,78.7503875,2166.5,2293.5228027817006,2020-03-22
San_Juan,2020,3,23,24.72222222,1.2954,80.56477,2144.5,2299.3543842120707,2020-03-23
San_Juan,2020,3,24,25.555555559999995,0.0254,72.978965,2126.2,2304.049979826315,2020-03-24
San_Juan,2020,3,25,25.83333333,0.0762,71.44477,2100.9,2307.8117153085955,2020-03-25
San_Juan,2020,3,26,24.999999999999996,0.000254,70.411226,2096.6,2310.7798043424577,2020-03-26
San_Juan,2020,3,27,24.999999999999996,0.3556,77.830503,2068.9,2313.211260529244,2020-03-27
San_Juan,2020,3,28,25.83333333,0.1524,78.052413,2050.5,2315.2475361165007,2020-03-28
San_Juan,2020,3,29,26.388888889999997,0.3302,76.42784,2025.4999999999998,2316.67904302567,2020-03-29
San_Juan,2020,3,30,26.388888889999997,0.000254,67.973578,2021.6,2317.534337192179,2020-03-30
San_Juan,2020,3,31,25.83333333,0.000254,72.576151,1996.1,2318.133151876501,2020-03-31
San_Juan,2020,4,1,27.22222222,0.000254,63.067932,1978.1,2318.2100543894057,2020-04-01
San_Juan,2020,4,2,28.05555556,0.000254,62.230236,1957.4000000000003,2318.4041358873415,2020-04-02
San_Juan,2020,4,3,27.777777779999997,0.0,65.562012,1957.8000000000002,2319.0247749395107,2020-04-03
San_Juan,2020,4,4,27.777777779999997,0.254,68.861677,1944.4999999999998,2320.1922728600753,2020-04-04
San_Juan,2020,4,5,26.94444444,2.794,76.656485,1943.2,2322.1448032848757,2020-04-05
San_Juan,2020,4,6,27.22222222,0.0254,82.2487795,1942.2,2324.1318542842223,2020-04-06
San_Juan,2020,4,7,26.666666669999998,0.2286,81.258232,1961.4,2325.673321701529,2020-04-07
San_Juan,2020,4,8,25.83333333,4.7244,91.77513,1970.9,2326.819191961906,2020-04-08
San_Juan,2020,4,9,26.94444444,0.0254,83.37711,1988.5000000000002,2328.123715976225,2020-04-09
San_Juan,2020,4,10,28.333333330000002,0.000254,71.911907,1993.9000000000003,2329.756502032354,2020-04-10
San_Juan,2020,4,11,27.777777779999997,0.000254,80.2124675,2023.1,2331.8129126157824,2020-04-11
San_Juan,2020,4,12,28.05555556,0.000254,74.324417,2037.6000000000001,2333.972488267635,2020-04-12
San_Juan,2020,4,13,28.05555556,0.1016,79.607045,2056.5,2336.187077266728,2020-04-13
San_Juan,2020,4,14,27.777777779999997,0.000254,74.9168525,2060.4,2337.983065420761,2020-04-14
San_Juan,2020,4,15,26.666666669999998,0.5588,80.393122,2085.2,2339.1007477047488,2020-04-15
San_Juan,2020,4,16,26.666666669999998,0.8382,74.241807,2095.2,2339.3004619844105,2020-04-16
San_Juan,2020,4,17,26.666666669999998,0.000254,78.052413,2104.3,2338.302482097611,2020-04-17
San_Juan,2020,4,18,26.666666669999998,0.8128,81.99392,2096.7,2335.7872506636677,2020-04-18
San_Juan,2020,4,19,26.94444444,0.0254,79.31825,2103.4,2331.6326571207806,2020-04-19
San_Juan,2020,4,20,27.22222222,0.0508,73.3941165,2093.5,2325.607155724177,2020-04-20
San_Juan,2020,4,21,28.05555556,0.000254,64.187463,2080.7,2317.5427544287004,2020-04-21
San_Juan,2020,4,22,28.05555556,0.000254,70.918292,2058.4,2307.815613823014,2020-04-22
San_Juan,2020,4,23,27.777777779999997,0.1016,72.643707,2042.0000000000002,2296.114701605039,2020-04-23
San_Juan,2020,4,24,28.333333330000002,0.000254,66.124542,2016.0000000000002,2282.127682110877,2020-04-24
San_Juan,2020,4,25,27.777777779999997,0.0508,70.065993,2001.5999999999997,2265.783642460186,2020-04-25
San_Juan,2020,4,26,28.333333330000002,0.000254,63.3097715,1973.3,2246.9876362620366,2020-04-26
San_Juan,2020,4,27,27.5,0.000254,67.856777,1951.6,2226.19792386582,2020-04-27
San_Juan,2020,4,28,27.777777779999997,0.0,69.4389315,1929.3,2203.8544185816836,2020-04-28
San_Juan,2020,4,29,28.05555556,0.000254,69.2364265,1915.4,2180.07604384448,2020-04-29
San_Juan,2020,4,30,27.22222222,0.2794,74.394897,1884.0999999999997,2154.7421002963097,2020-04-30
San_Juan,2020,5,1,28.333333330000002,0.0762,68.446115,1860.2,2127.937021807863,2020-05-01
San_Juan,2020,5,2,28.333333330000002,0.000254,70.7476215,1843.8,2099.6869630925776,2020-05-02
San_Juan,2020,5,3,27.777777779999997,0.0254,71.257407,1832.2,2070.173545490884,2020-05-03
San_Juan,2020,5,4,28.05555556,0.1524,73.796615,1812.0,2039.5944560364328,2020-05-04
San_Juan,2020,5,5,28.05555556,0.000254,74.765432,1804.3000000000002,2008.291101008356,2020-05-05
San_Juan,2020,5,6,28.88888889,0.0254,67.198406,1793.0,1976.386722153216,2020-05-06
San_Juan,2020,5,7,29.722222220000003,0.0,64.6692785,1772.9999999999998,1944.1546329633989,2020-05-07
San_Juan,2020,5,8,29.722222220000003,0.0,62.783497,1756.0,1911.9057967775934,2020-05-08
San_Juan,2020,5,9,29.722222220000003,0.0,67.794916,1739.5,1879.9384983157693,2020-05-09
San_Juan,2020,5,10,28.88888889,0.000254,64.729202,1710.9,1848.5684968808068,2020-05-10
San_Juan,2020,5,11,28.333333330000002,0.0254,68.19035,1689.1,1818.1510173493098,2020-05-11
San_Juan,2020,5,12,28.88888889,0.127,68.865427,1664.7,1788.9741415620051,2020-05-12
San_Juan,2020,5,13,28.333333330000002,2.3876,67.90239,1635.8,1760.8898152994054,2020-05-13
San_Juan,2020,5,14,28.333333330000002,0.0508,66.1549585,1609.5,1734.0052641388982,2020-05-14
San_Juan,2020,5,15,28.333333330000002,0.0,67.22996,1596.5,1708.381236034591,2020-05-15
San_Juan,2020,5,16,28.61111111,0.0508,64.876415,1586.7,1684.1731115249484,2020-05-16
San_Juan,2020,5,17,29.166666669999998,0.000254,68.206282,1565.4,1661.778859829869,2020-05-17
San_Juan,2020,5,18,28.88888889,0.0,69.161375,1551.2,1641.278838574467,2020-05-18
San_Juan,2020,5,19,28.88888889,0.0762,68.6775415,1544.0,1622.8051469041443,2020-05-19
San_Juan,2020,5,20,28.61111111,0.2286,68.299132,1528.8,1606.569787079008,2020-05-20
San_Juan,2020,5,21,29.166666669999998,0.0,70.6744975,1521.1,1592.7852468799572,2020-05-21
San_Juan,2020,5,22,30.0,0.000254,67.969865,1524.8,1581.5236064737346,2020-05-22
San_Juan,2020,5,23,30.0,0.0254,69.604605,1513.7,1572.9052926045629,2020-05-23
San_Juan,2020,5,24,30.0,0.0,62.845654999999994,1512.7,1566.9137151797408,2020-05-24
San_Juan,2020,5,25,30.277777779999997,0.0,63.63349000000001,1517.3,1563.4338025318389,2020-05-25
San_Juan,2020,5,26,29.722222220000003,0.254,68.975697,1521.0,1562.4672690259763,2020-05-26
San_Juan,2020,5,27,29.44444444,0.1016,75.297985,1534.7,1563.9730129435357,2020-05-27
San_Juan,2020,5,28,28.05555556,0.7873999999999999,73.98687,1551.4,1567.7714295447413,2020-05-28
San_Juan,2020,5,29,29.166666669999998,0.000254,66.982075,1566.1,1573.7889173026595,2020-05-29
San_Juan,2020,5,30,29.44444444,0.000254,73.048666,1585.2,1582.0298727492222,2020-05-30
San_Juan,2020,5,31,28.61111111,0.0,73.1059375,1599.9,1592.3618727499395,2020-05-31
San_Juan,2020,6,1,28.61111111,0.2286,74.714584,1618.9,1604.754801593346,2020-06-01
San_Juan,2020,6,2,28.88888889,0.0254,70.76938,1639.1,1619.1479585351724,2020-06-02
San_Juan,2020,6,3,30.0,0.0254,66.605174,1653.9,1635.4384071507218,2020-06-03
San_Juan,2020,6,4,29.722222220000003,0.0254,64.508957,1670.3,1653.6679457351531,2020-06-04
San_Juan,2020,6,5,28.88888889,0.0254,71.7785235,1688.0,1673.9914581979417,2020-06-05
San_Juan,2020,6,6,27.777777779999997,1.3208,76.669577,1702.7,1696.5633248769507,2020-06-06
San_Juan,2020,6,7,28.333333330000002,0.0762,74.272572,1736.4999999999998,1721.212632271127,2020-06-07
San_Juan,2020,6,8,28.05555556,0.127,75.683012,1765.8,1747.677166291416,2020-06-08
San_Juan,2020,6,9,28.61111111,0.000254,73.9579945,1799.9999999999998,1775.5961525909686,2020-06-09
San_Juan,2020,6,10,29.166666669999998,0.0,71.7785235,1832.2,1804.7617012568949,2020-06-10
San_Juan,2020,6,11,28.61111111,0.8636000000000001,76.002365,1858.3000000000002,1835.1364373707784,2020-06-11
San_Juan,2020,6,12,28.88888889,0.254,77.678072,1888.2999999999997,1866.8154836661827,2020-06-12
San_Juan,2020,6,13,29.722222220000003,0.0508,67.5129835,1915.9,1899.4596119963323,2020-06-13
San_Juan,2020,6,14,30.0,0.2032,67.415489,1938.3,1932.9828601877234,2020-06-14
San_Juan,2020,6,15,29.722222220000003,0.000254,68.8690785,1967.1,1967.5344372495233,2020-06-15
San_Juan,2020,6,16,29.722222220000003,0.000254,69.7289165,1996.7,2003.2410011618115,2020-06-16
San_Juan,2020,6,17,28.88888889,0.48260000000000003,71.8374735,2025.9999999999998,2040.2985921679847,2020-06-17
San_Juan,2020,6,18,29.44444444,0.0508,74.272572,2062.6,2078.842808032759,2020-06-18
San_Juan,2020,6,19,30.277777779999997,0.0254,70.029437,2100.3,2118.5035287126057,2020-06-19
San_Juan,2020,6,20,28.88888889,4.2418,77.57369,2139.0,2159.0639333039862,2020-06-20
San_Juan,2020,6,21,30.0,0.0254,76.66922,2182.5,2200.4213473505242,2020-06-21
San_Juan,2020,6,22,29.722222220000003,0.000254,77.534077,2219.5,2242.5873284686922,2020-06-22
San_Juan,2020,6,23,29.44444444,0.000254,75.464965,2258.8,2285.275714684533,2020-06-23
San_Juan,2020,6,24,28.333333330000002,0.1016,78.85313,2297.7,2328.536924717168,2020-06-24
San_Juan,2020,6,25,29.722222220000003,0.2032,70.644285,2338.1,2372.0780562310733,2020-06-25
San_Juan,2020,6,26,29.166666669999998,0.5588,81.876961,2381.5,2415.8438149341855,2020-06-26
San_Juan,2020,6,27,29.722222220000003,0.000254,76.486312,2425.2,2459.2797957893945,2020-06-27
San_Juan,2020,6,28,29.44444444,0.000254,77.534077,2471.4,2502.1523563796836,2020-06-28
San_Juan,2020,6,29,28.88888889,0.000254,72.725537,2519.8,2544.3141261025416,2020-06-29
San_Juan,2020,6,30,29.166666669999998,1.0922,71.8374735,2566.9,2585.9918380762515,2020-06-30
San_Juan,2020,7,1,29.166666669999998,0.7112,78.05388,2615.3,2627.2728721579997,2020-07-01
San_Juan,2020,7,2,29.722222220000003,0.000254,78.32243,2662.8,2667.8161465205844,2020-07-02
San_Juan,2020,7,3,30.277777779999997,0.0254,71.487622,2708.9,2707.1352683792106,2020-07-03
San_Juan,2020,7,4,30.0,0.0,73.468315,2758.4,2745.4108746103216,2020-07-04
San_Juan,2020,7,5,29.166666669999998,0.0508,73.156078,2806.6,2782.8512568732776,2020-07-05
San_Juan,2020,7,6,29.44444444,0.0508,74.81871,2854.6,2819.5102158704444,2020-07-06
San_Juan,2020,7,7,28.61111111,1.9812,82.821715,2905.5,2855.306759420936,2020-07-07
San_Juan,2020,7,8,29.722222220000003,0.0762,75.2781795,2956.2,2890.1551924108244,2020-07-08
San_Juan,2020,7,9,29.44444444,0.0508,70.7869035,3008.3,2923.8935721340767,2020-07-09
San_Juan,2020,7,10,29.44444444,0.4318000000000001,74.268678,3064.8,2956.77082403586,2020-07-10
San_Juan,2020,7,11,29.44444444,0.0762,74.008135,3122.9,2988.8497677490823,2020-07-11
San_Juan,2020,7,12,28.333333330000002,3.1749999999999994,84.504675,3182.7,3020.111572565074,2020-07-12
San_Juan,2020,7,13,29.44444444,0.2286,78.446353,3246.2,3049.9862245781214,2020-07-13
San_Juan,2020,7,14,29.722222220000003,0.000254,77.089575,3308.7,3078.513057452102,2020-07-14
San_Juan,2020,7,15,28.88888889,0.127,74.698351,3372.4,3106.018185181169,2020-07-15
San_Juan,2020,7,16,28.05555556,1.2192,77.1115125,3422.7,3132.542788167004,2020-07-16
San_Juan,2020,7,17,29.166666669999998,0.0254,72.640935,3467.0,3157.8478078207127,2020-07-17
San_Juan,2020,7,18,28.61111111,0.2032,74.196713,3528.8,3182.3969910154806,2020-07-18
San_Juan,2020,7,19,28.88888889,0.0,73.423097,3575.7999999999997,3206.3138243410526,2020-07-19
San_Juan,2020,7,20,28.88888889,0.0508,73.387577,3615.9,3229.9389110464626,2020-07-20
San_Juan,2020,7,21,29.166666669999998,0.5588,75.518263,3670.0000000000005,3253.2779343631664,2020-07-21
San_Juan,2020,7,22,28.88888889,0.000254,77.737565,3708.8,3276.1750532253527,2020-07-22
San_Juan,2020,7,23,28.333333330000002,0.9652000000000001,77.85469,3738.7999999999997,3299.0625408176193,2020-07-23
San_Juan,2020,7,24,28.61111111,0.2286,80.203868,3773.2,3322.4541642256945,2020-07-24
San_Juan,2020,7,25,30.0,0.0762,76.866555,3793.9,3346.142677812132,2020-07-25
San_Juan,2020,7,26,29.44444444,0.0762,76.75339,3805.0,3369.8849786785313,2020-07-26
San_Juan,2020,7,27,28.88888889,0.7366,78.07774,3823.1,3393.6934705157264,2020-07-27
San_Juan,2020,7,28,29.166666669999998,0.254,80.520183,3827.2,3417.4610883523483,2020-07-28
San_Juan,2020,7,29,28.333333330000002,4.0894,83.2634375,3822.8999999999996,3440.6960889552247,2020-07-29
San_Juan,2020,7,30,26.94444444,11.455400000000001,87.097355,3823.3000000000006,3463.019301877061,2020-07-30
San_Juan,2020,7,31,29.44444444,0.0508,70.6251025,3842.1999999999994,3484.485814982585,2020-07-31
San_Juan,2020,8,1,28.88888889,0.0254,79.84877,3862.0,3505.666161948577,2020-08-01
San_Juan,2020,8,2,29.166666669999998,0.000254,76.47049,3852.2,3526.9772491571653,2020-08-02
San_Juan,2020,8,3,30.55555556,0.0254,68.0690405,3859.8999999999996,3548.681373083199,2020-08-03
San_Juan,2020,8,4,30.277777779999997,0.0254,73.4427835,3869.3,3570.460373201811,2020-08-04
San_Juan,2020,8,5,29.44444444,0.0254,69.726782,3849.5000000000005,3591.758864640318,2020-08-05
San_Juan,2020,8,6,29.166666669999998,0.000254,68.7450165,3846.5999999999995,3613.1226209036686,2020-08-06
San_Juan,2020,8,7,29.44444444,0.0762,77.748772,3849.3,3634.9448814339107,2020-08-07
San_Juan,2020,8,8,30.0,0.0254,75.6337,3813.5000000000005,3656.9796487215553,2020-08-08
San_Juan,2020,8,9,29.44444444,0.000254,73.799524,3806.5,3678.928211769563,2020-08-09
San_Juan,2020,8,10,29.166666669999998,0.2032,76.487418,3799.4999999999995,3700.3129046706586,2020-08-10
San_Juan,2020,8,11,29.44444444,0.0,71.393347,3762.4,3721.2649855871387,2020-08-11
San_Juan,2020,8,12,28.05555556,1.524,85.397422,3755.0999999999995,3742.3002710671385,2020-08-12
San_Juan,2020,8,13,28.88888889,0.0254,77.089575,3748.8999999999996,3762.8666272370583,2020-08-13
San_Juan,2020,8,14,29.166666669999998,1.0922,77.089575,3718.4,3782.38458572674,2020-08-14
San_Juan,2020,8,15,28.88888889,0.0508,78.842372,3702.0999999999995,3801.0003433725124,2020-08-15
San_Juan,2020,8,16,29.722222220000003,0.0508,81.443725,3683.4,3818.6286049555492,2020-08-16
San_Juan,2020,8,17,30.0,0.0,76.584655,3659.8,3834.860781356469,2020-08-17
San_Juan,2020,8,18,30.277777779999997,0.0508,70.4360515,3648.2,3849.757212765971,2020-08-18
San_Juan,2020,8,19,30.277777779999997,0.000254,66.412392,3639.4000000000005,3863.829484434693,2020-08-19
San_Juan,2020,8,20,29.44444444,0.254,77.4793495,3635.9999999999995,3877.7821578455755,2020-08-20
San_Juan,2020,8,21,29.44444444,1.0922,83.285958,3617.4999999999995,3891.8484625609685,2020-08-21
San_Juan,2020,8,22,26.666666669999998,2.0066,87.7566075,3628.2,3905.299039898776,2020-08-22
San_Juan,2020,8,23,29.722222220000003,0.0254,72.584405,3685.4,3917.892818835019,2020-08-23
San_Juan,2020,8,24,26.666666669999998,1.0668,82.833105,3698.4,3930.0606678301783,2020-08-24
San_Juan,2020,8,25,28.333333330000002,0.3556,81.07099,3704.7,3942.4285412088407,2020-08-25
San_Juan,2020,8,26,28.88888889,0.0254,78.89139,3772.5,3955.0710879083795,2020-08-26
San_Juan,2020,8,27,28.61111111,0.1778,84.408112,3795.1,3967.422705365944,2020-08-27
San_Juan,2020,8,28,29.44444444,0.000254,79.008265,3811.2,3979.269144225674,2020-08-28
San_Juan,2020,8,29,29.44444444,0.0,77.435683,3826.9,3990.6791123907446,2020-08-29
San_Juan,2020,8,30,29.722222220000003,0.0508,73.960515,3854.2,4002.037109928958,2020-08-30
San_Juan,2020,8,31,28.88888889,0.6858000000000001,84.664415,3879.4,4013.4409213756626,2020-08-31
San_Juan,2020,9,1,29.44444444,0.2286,80.635515,3904.6,4024.121312397421,2020-09-01
San_Juan,2020,9,2,29.166666669999998,0.2286,81.832305,3941.0000000000005,4033.1924301768913,2020-09-02
San_Juan,2020,9,3,28.333333330000002,1.3208,82.693182,3967.0,4040.6232661812487,2020-09-03
San_Juan,2020,9,4,28.333333330000002,0.4064,79.39666,3984.3999999999996,4046.707501708353,2020-09-04
San_Juan,2020,9,5,29.44444444,0.0254,77.583095,4063.7,4051.3433393865757,2020-09-05
San_Juan,2020,9,6,28.88888889,0.1016,76.707837,4077.5,4054.789710369821,2020-09-06
San_Juan,2020,9,7,28.05555556,2.2606,82.95571,4060.5,4057.1345980606648,2020-09-07
San_Juan,2020,9,8,28.05555556,2.0828,82.715145,4105.7,4057.9352130515367,2020-09-08
San_Juan,2020,9,9,28.88888889,0.000254,78.446353,4168.7,4057.032299431631,2020-09-09
San_Juan,2020,9,10,28.61111111,0.000254,76.6330925,4133.2,4054.4369417933513,2020-09-10
San_Juan,2020,9,11,28.333333330000002,0.2032,77.6019095,4154.6,4049.778534109535,2020-09-11
San_Juan,2020,9,12,28.05555556,0.2286,78.199085,4195.0,4043.191033371587,2020-09-12
San_Juan,2020,9,13,28.88888889,0.3302,73.7159425,4255.0,4034.4311034089583,2020-09-13
San_Juan,2020,9,14,30.277777779999997,0.0254,71.384103,4261.8,4023.1251625861305,2020-09-14
San_Juan,2020,9,15,29.44444444,0.0254,76.009525,4269.5,4009.154676255158,2020-09-15
San_Juan,2020,9,16,29.722222220000003,0.0254,74.8557,4304.9,3992.589172474449,2020-09-16
San_Juan,2020,9,17,30.277777779999997,0.000254,73.690462,4294.1,3973.4156453963037,2020-09-17
San_Juan,2020,9,18,29.44444444,0.0762,74.18998,4285.2,3951.676826867299,2020-09-18
San_Juan,2020,9,19,28.88888889,0.0254,74.320372,4288.1,3927.393574379273,2020-09-19
San_Juan,2020,9,20,28.88888889,0.0762,68.73795,4203.3,3900.8593882590394,2020-09-20
San_Juan,2020,9,21,28.88888889,0.000254,70.616805,4182.5,3872.8418329077035,2020-09-21
San_Juan,2020,9,22,30.833333330000002,0.0762,69.761551,4170.7,3844.165433710874,2020-09-22
San_Juan,2020,9,23,30.0,0.635,69.7697435,4083.2999999999997,3815.384454538985,2020-09-23
San_Juan,2020,9,24,28.333333330000002,0.000254,80.179392,4033.7,3787.101924248718,2020-09-24
San_Juan,2020,9,25,28.61111111,1.3208,80.109565,4035.2,3759.4812592336175,2020-09-25
San_Juan,2020,9,26,28.88888889,0.9652000000000001,79.57743,3974.9,3732.875673323728,2020-09-26
San_Juan,2020,9,27,29.166666669999998,0.127,77.7165775,3947.2000000000003,3707.168405479942,2020-09-27
San_Juan,2020,9,28,27.777777779999997,1.651,77.7577975,3914.6000000000004,3682.620096592872,2020-09-28
San_Juan,2020,9,29,28.88888889,0.7366,77.22623,3871.9999999999995,3659.8876706412384,2020-09-29
San_Juan,2020,9,30,29.722222220000003,0.0254,79.158687,3834.1,3639.0261391209156,2020-09-30
San_Juan,2020,10,1,27.777777779999997,2.3368,76.762182,3810.7999999999997,3619.3024762561663,2020-10-01
San_Juan,2020,10,2,28.333333330000002,0.0254,78.804112,3772.7,3600.572514770881,2020-10-02
San_Juan,2020,10,3,27.5,0.4572,78.32816,3751.6000000000004,3582.54607430072,2020-10-03
San_Juan,2020,10,4,27.5,0.1016,82.3082725,3730.3999999999996,3565.171992803025,2020-10-04
San_Juan,2020,10,5,27.5,1.778,83.2448575,3771.2,3548.717775108667,2020-10-05
San_Juan,2020,10,6,28.333333330000002,0.0762,72.2006515,3754.0,3533.186753214,2020-10-06
San_Juan,2020,10,7,28.333333330000002,0.127,70.879465,3752.0,3518.705800783269,2020-10-07
San_Juan,2020,10,8,28.88888889,0.000254,76.536855,3822.8,3505.493701168206,2020-10-08
San_Juan,2020,10,9,28.333333330000002,0.000254,77.535295,3806.4,3493.349699621331,2020-10-09
San_Juan,2020,10,10,29.44444444,1.9050000000000002,76.531336,3803.8999999999996,3482.1746564072273,2020-10-10
San_Juan,2020,10,11,28.88888889,0.0762,81.131245,3859.3999999999996,3471.2759115507006,2020-10-11
San_Juan,2020,10,12,29.166666669999998,0.000254,76.38147,3831.0000000000005,3459.787987908187,2020-10-12
San_Juan,2020,10,13,28.61111111,1.651,81.678603,3798.9,3447.534026778859,2020-10-13
San_Juan,2020,10,14,28.05555556,0.000254,79.8314975,3802.6,3434.5387647296293,2020-10-14
San_Juan,2020,10,15,28.333333330000002,0.635,81.478935,3841.5,3420.4604113228743,2020-10-15
San_Juan,2020,10,16,27.777777779999997,0.2032,83.3876495,3811.9,3405.1420669741437,2020-10-16
San_Juan,2020,10,17,28.05555556,0.0254,79.713745,3822.6,3388.272567008675,2020-10-17
San_Juan,2020,10,18,28.05555556,0.000254,78.722692,3848.0000000000005,3369.9426385537836,2020-10-18
San_Juan,2020,10,19,28.05555556,0.000254,76.4216,3875.7000000000003,3350.1875519873333,2020-10-19
San_Juan,2020,10,20,28.61111111,0.0,72.8255015,3838.5,3328.865836085274,2020-10-20
San_Juan,2020,10,21,28.333333330000002,0.000254,69.000097,3841.1,3305.99327189327,2020-10-21
San_Juan,2020,10,22,30.0,0.0,66.4100515,3855.0,3282.31090113995,2020-10-22
San_Juan,2020,10,23,29.44444444,0.0,72.8767575,3797.6,3258.549207675234,2020-10-23
San_Juan,2020,10,24,30.0,0.0,71.248451,3783.6,3235.1770467545507,2020-10-24
San_Juan,2020,10,25,29.166666669999998,1.1176,78.236735,3765.2000000000003,3212.563873318115,2020-10-25
San_Juan,2020,10,26,28.333333330000002,0.0762,80.179392,3716.1000000000004,3190.5736327765953,2020-10-26
San_Juan,2020,10,27,28.05555556,2.0828,82.477352,3708.2,3169.3317487116437,2020-10-27
San_Juan,2020,10,28,28.05555556,1.0668,80.524805,3712.5,3149.014093045894,2020-10-28
San_Juan,2020,10,29,27.22222222,2.6416,88.0496175,3715.6999999999994,3129.7536730198763,2020-10-29
San_Juan,2020,10,30,28.61111111,0.0254,75.745329,3679.6999999999994,3111.725036366537,2020-10-30
San_Juan,2020,10,31,28.61111111,0.127,75.33865,3682.0,3095.142430127525,2020-10-31
San_Juan,2020,11,1,28.333333330000002,0.1524,72.454672,3670.8,3080.516084353406,2020-11-01
San_Juan,2020,11,2,27.777777779999997,0.127,78.287495,3615.9,3068.2861692313904,2020-11-02
San_Juan,2020,11,3,28.05555556,0.0,72.639852,3589.9,3058.3386530990233,2020-11-03
San_Juan,2020,11,4,27.777777779999997,0.000254,72.019255,3602.7000000000003,3050.4779483719476,2020-11-04
San_Juan,2020,11,5,27.5,0.0508,76.299002,3599.6,3044.9070082950284,2020-11-05
San_Juan,2020,11,6,26.94444444,0.000254,77.36539,3554.5,3041.803814885547,2020-11-06
San_Juan,2020,11,7,27.777777779999997,1.524,76.42269,3569.0,3041.2013474556725,2020-11-07
San_Juan,2020,11,8,27.5,3.5052000000000003,80.483122,3586.0,3043.0553342849757,2020-11-08
San_Juan,2020,11,9,26.94444444,0.0508,85.865935,3593.2999999999997,3047.221102211528,2020-11-09
San_Juan,2020,11,10,25.277777779999997,6.1975999999999996,92.237232,3584.2000000000003,3053.350000097334,2020-11-10
San_Juan,2020,11,11,26.388888889999997,2.7178000000000004,84.796035,3602.2000000000003,3061.33616682191,2020-11-11
San_Juan,2020,11,12,26.94444444,1.0922,81.830672,3616.2,3070.850491954876,2020-11-12
San_Juan,2020,11,13,26.94444444,0.0508,77.9984625,3622.5,3081.228725198533,2020-11-13
San_Juan,2020,11,14,26.94444444,0.0254,79.17309,3616.6,3092.5547700071484,2020-11-14
San_Juan,2020,11,15,26.94444444,0.0508,75.970375,3635.7,3104.639589855737,2020-11-15
San_Juan,2020,11,16,26.666666669999998,0.5588,79.43346,3659.8999999999996,3117.2505716869014,2020-11-16
San_Juan,2020,11,17,27.22222222,0.000254,80.401345,3699.4,3129.7135636335533,2020-11-17
San_Juan,2020,11,18,27.22222222,0.2032,82.644895,3696.3000000000006,3141.581012259995,2020-11-18
San_Juan,2020,11,19,27.5,0.0254,80.4156,3711.8,3152.3754705830092,2020-11-19
San_Juan,2020,11,20,28.333333330000002,0.1778,75.370345,3733.1,3162.1212683317813,2020-11-20
San_Juan,2020,11,21,26.94444444,0.6096,81.62117,3771.0,3170.7683899221843,2020-11-21
San_Juan,2020,11,22,26.94444444,0.2794,75.970375,3772.7,3178.1191200872336,2020-11-22
San_Juan,2020,11,23,27.5,0.381,77.794105,3787.6999999999994,3184.004921554418,2020-11-23
San_Juan,2020,11,24,27.5,0.762,77.240817,3806.1000000000004,3188.33773871788,2020-11-24
San_Juan,2020,11,25,26.666666669999998,0.4064,81.7792725,3839.1,3191.169578768958,2020-11-25
San_Juan,2020,11,26,26.666666669999998,0.0508,82.986555,3832.0000000000005,3192.3769375299316,2020-11-26
San_Juan,2020,11,27,26.388888889999997,0.000254,78.325994,3835.1,3191.7812081474162,2020-11-27
San_Juan,2020,11,28,25.555555559999995,0.3302,84.244665,3841.6999999999994,3189.557715465328,2020-11-28
San_Juan,2020,11,29,26.388888889999997,0.000254,79.1782075,3861.5,3185.7747156534806,2020-11-29
San_Juan,2020,11,30,25.83333333,0.000254,73.955938,3844.5,3180.503442341413,2020-11-30
San_Juan,2020,12,1,25.83333333,0.000254,73.138808,3840.3999999999996,3174.2078224476772,2020-12-01
San_Juan,2020,12,2,25.83333333,0.000254,74.9993555,3839.7000000000003,3167.106722172642,2020-12-02
San_Juan,2020,12,3,26.11111111,0.0254,73.030393,3849.8,3159.292261796703,2020-12-03
San_Juan,2020,12,4,26.388888889999997,0.1524,74.50891,3828.4,3150.9682971057573,2020-12-04
San_Juan,2020,12,5,24.72222222,0.4064,83.0411975,3817.1,3141.9307510756444,2020-12-05
San_Juan,2020,12,6,24.72222222,0.0254,82.662585,3810.4,3132.1715471212283,2020-12-06
San_Juan,2020,12,7,26.666666669999998,0.000254,75.676073,3813.6,3122.0688837225407,2020-12-07
San_Juan,2020,12,8,26.666666669999998,0.000254,72.06073,3785.8999999999996,3112.2853889176295,2020-12-08
San_Juan,2020,12,9,26.11111111,0.0,70.797115,3767.3,3103.148213928573,2020-12-09
San_Juan,2020,12,10,26.666666669999998,0.000254,76.628809,3754.2,3095.009666341651,2020-12-10
San_Juan,2020,12,11,26.11111111,0.0254,79.462355,3755.4,3087.8279853518725,2020-12-11
San_Juan,2020,12,12,26.388888889999997,0.4318000000000001,78.450932,3732.0,3081.037493878893,2020-12-12
San_Juan,2020,12,13,26.11111111,0.3048,81.56074,3718.7999999999997,3074.0324244325525,2020-12-13
San_Juan,2020,12,14,26.388888889999997,1.7018,81.62117,3711.1,3066.6363080246106,2020-12-14
San_Juan,2020,12,15,26.388888889999997,0.0,74.269823,3717.4,3058.8344998854222,2020-12-15
San_Juan,2020,12,16,26.388888889999997,0.1016,79.009842,3701.4,3050.868800477254,2020-12-16
San_Juan,2020,12,17,26.388888889999997,0.000254,79.290533,3693.5,3042.681641567483,2020-12-17
San_Juan,2020,12,18,26.666666669999998,0.4572,81.065825,3688.7,3034.0277430510305,2020-12-18
San_Juan,2020,12,19,26.666666669999998,1.2446,81.56074,3693.9000000000005,3024.6674835236704,2020-12-19
San_Juan,2020,12,20,26.666666669999998,0.8382,80.711657,3677.0,3014.413229796013,2020-12-20
San_Juan,2020,12,21,26.666666669999998,0.0254,80.55637,3661.5,3003.1025277221083,2020-12-21
San_Juan,2020,12,22,26.666666669999998,0.0762,77.067652,3647.2999999999997,2990.4602610417096,2020-12-22
San_Juan,2020,12,23,26.388888889999997,0.4064,75.493315,3644.8000000000006,2976.244840348301,2020-12-23
San_Juan,2020,12,24,25.83333333,4.6228,81.5780985,3622.1,2960.633614954758,2020-12-24
San_Juan,2020,12,25,26.388888889999997,0.381,80.7558,3600.9999999999995,2943.787074707472,2020-12-25
San_Juan,2020,12,26,25.555555559999995,0.0254,79.016653,3576.8,2925.6379215186485,2020-12-26
San_Juan,2020,12,27,25.555555559999995,0.000254,79.9712,3560.7,2906.25535482919,2020-12-27
San_Juan,2020,12,28,25.555555559999995,0.000254,79.751102,3524.7,2885.426449010087,2020-12-28
San_Juan,2020,12,29,25.83333333,0.1524,80.143577,3488.1,2863.11456644952,2020-12-29
San_Juan,2020,12,30,25.277777779999997,0.1524,72.190205,3445.1000000000004,2839.3964425745935,2020-12-30
San_Juan,2020,12,31,25.555555559999995,0.3302,70.696583,3408.5,2814.4882803953697,2020-12-31
