Location,Datetime,Year,Month,Day,Avg_Temp,Humidity,Precip,MoLS,mols_run_0,mols_run_1,mols_run_2,mols_run_3,mols_run_4,mols_run_5,mols_run_6,mols_run_7,mols_run_8,mols_run_9,mols_run_10,mols_run_11,mols_run_12,mols_run_13,mols_run_14,mols_run_15,mols_run_16,mols_run_17,mols_run_18,mols_run_19,mols_run_20,mols_run_21,mols_run_22,mols_run_23,mols_run_24,mols_run_25,mols_run_26,mols_run_27,mols_run_28,mols_run_29,mols_run_30,mols_run_31,mols_run_32,mols_run_33,mols_run_34,mols_run_35,mols_run_36,mols_run_37,mols_run_38,mols_run_39,mols_run_40,mols_run_41,mols_run_42,mols_run_43,mols_run_44,mols_run_45,mols_run_46,mols_run_47,mols_run_48,mols_run_49,Ref,Ref_sd,True_mu,True_u_forecast_quant,True_l_forecast_quant
San_Juan,2017-01-05,2017,1,5,26.373015871428574,75.43823571428571,2.653495117,24963.4,13.0,3.0,17.0,13.0,19.0,9.0,8.0,16.0,12.0,10.0,9.0,5.0,7.0,10.0,10.0,6.0,9.0,9.0,7.0,12.0,17.0,10.0,16.0,10.0,7.0,9.0,13.0,13.0,11.0,10.0,19.0,12.0,10.0,8.0,11.0,6.0,5.0,9.0,14.0,9.0,9.0,6.0,6.0,13.0,14.0,19.0,9.0,6.0,13.0,12.0,10.6,3.838579669298401,9.0,13.0,5.0
San_Juan,2017-01-12,2017,1,12,25.615079364285716,71.89142142857143,1.6504607390000001,21022.5,16.0,3.0,7.0,6.0,8.0,12.0,2.0,4.0,6.0,16.0,5.0,13.0,10.0,16.0,12.0,6.0,5.0,10.0,13.0,7.0,9.0,9.0,4.0,5.0,14.0,3.0,4.0,11.0,13.0,3.0,13.0,5.0,6.0,1.0,13.0,11.0,11.0,13.0,2.0,5.0,5.0,6.0,7.0,11.0,4.0,5.0,5.0,10.0,8.0,8.0,8.02,4.078264937195619,7.0,11.0,3.0
San_Juan,2017-01-19,2017,1,19,25.32539682285714,69.55366428571429,2.397692416,17492.4,10.0,5.0,3.0,12.0,6.0,4.0,12.0,3.0,1.0,6.0,8.0,4.0,15.0,2.0,11.0,6.0,16.0,5.0,6.0,17.0,11.0,10.0,10.0,4.0,12.0,5.0,10.0,6.0,14.0,6.0,19.0,6.0,10.0,11.0,16.0,8.0,8.0,11.0,9.0,5.0,10.0,5.0,8.0,9.0,6.0,6.0,7.0,8.0,4.0,7.0,8.26,4.049741740316944,6.0,9.0,3.0
San_Juan,2017-01-26,2017,1,26,26.337301585714282,72.75316428571429,0.615542802,15547.4,4.0,18.0,2.0,6.0,1.0,4.0,2.0,7.0,1.0,7.0,6.0,9.0,5.0,5.0,3.0,12.0,2.0,8.0,12.0,3.0,6.0,6.0,11.0,6.0,1.0,6.0,7.0,9.0,11.0,13.0,12.0,8.0,6.0,12.0,5.0,3.0,5.0,4.0,4.0,5.0,7.0,1.0,2.0,2.0,9.0,6.0,10.0,1.0,11.0,4.0,6.2,3.838579669298401,5.0,8.0,2.0
San_Juan,2017-02-02,2017,2,2,26.884920634285717,74.94010714285714,2.053947013,14777.900000000001,4.0,2.0,3.0,5.0,2.0,6.0,6.0,7.0,3.0,2.0,6.0,5.0,14.0,17.0,9.0,2.0,3.0,9.0,4.0,2.0,12.0,10.0,3.0,5.0,2.0,7.0,3.0,16.0,4.0,5.0,9.0,0.0,5.0,3.0,5.0,6.0,7.0,6.0,3.0,7.0,4.0,2.0,3.0,13.0,5.0,8.0,2.0,3.0,10.0,3.0,5.64,3.7998925870962967,5.0,8.0,2.0
San_Juan,2017-02-09,2017,2,9,26.325396824285715,71.82120714285715,1.2310081659999998,13612.0,6.0,7.0,8.0,1.0,7.0,5.0,6.0,5.0,1.0,5.0,0.0,3.0,6.0,12.0,2.0,3.0,2.0,10.0,4.0,7.0,9.0,6.0,9.0,1.0,1.0,7.0,6.0,3.0,4.0,8.0,5.0,2.0,2.0,2.0,4.0,6.0,5.0,3.0,8.0,8.0,9.0,2.0,9.0,6.0,3.0,9.0,11.0,2.0,3.0,13.0,5.32,3.1521939233829266,5.0,8.0,2.0
San_Juan,2017-02-16,2017,2,16,26.05952381,71.65143571428571,1.5474073640000001,12215.0,3.0,4.0,3.0,4.0,14.0,1.0,3.0,7.0,5.0,3.0,3.0,3.0,9.0,7.0,2.0,3.0,3.0,5.0,0.0,1.0,9.0,0.0,2.0,13.0,10.0,3.0,3.0,2.0,2.0,7.0,1.0,3.0,8.0,14.0,8.0,11.0,1.0,11.0,2.0,9.0,4.0,1.0,10.0,11.0,6.0,4.0,2.0,5.0,1.0,9.0,5.1,3.850523420555301,4.0,7.0,1.0
San_Juan,2017-02-23,2017,2,23,24.503968254285716,76.46164999999999,2.172372531,12022.3,6.0,5.0,2.0,5.0,9.0,3.0,7.0,6.0,3.0,4.0,2.0,4.0,10.0,5.0,4.0,5.0,2.0,2.0,7.0,3.0,9.0,9.0,5.0,5.0,2.0,4.0,3.0,5.0,11.0,8.0,7.0,11.0,9.0,2.0,4.0,10.0,5.0,4.0,2.0,2.0,8.0,5.0,6.0,2.0,4.0,10.0,2.0,6.0,2.0,5.0,5.22,2.727711158327675,4.0,7.0,1.0
San_Juan,2017-03-02,2017,3,2,25.00000000142857,77.15036428571429,4.381131544,13134.4,6.0,1.0,5.0,2.0,7.0,3.0,6.0,5.0,3.0,0.0,6.0,3.0,7.0,10.0,5.0,8.0,8.0,3.0,3.0,10.0,3.0,2.0,1.0,2.0,0.0,5.0,9.0,4.0,2.0,3.0,3.0,9.0,8.0,4.0,6.0,11.0,9.0,9.0,4.0,1.0,5.0,5.0,9.0,3.0,7.0,8.0,5.0,2.0,4.0,3.0,4.94,2.8743055949326655,4.0,7.0,1.0
San_Juan,2017-03-09,2017,3,9,25.551587302857143,76.91693571428571,2.5727765820000004,14219.099999999999,8.0,7.0,5.0,2.0,5.0,3.0,2.0,6.0,3.0,6.0,4.0,9.0,6.0,4.0,6.0,2.0,6.0,10.0,11.0,3.0,7.0,6.0,7.0,2.0,7.0,6.0,3.0,6.0,4.0,3.0,8.0,8.0,15.0,4.0,10.0,5.0,6.0,4.0,4.0,8.0,7.0,4.0,9.0,17.0,7.0,18.0,12.0,3.0,4.0,4.0,6.32,3.588189242614766,5.0,8.0,2.0
San_Juan,2017-03-16,2017,3,16,25.90079365,78.45075,2.4958241479999996,15027.3,1.0,11.0,3.0,8.0,9.0,6.0,7.0,11.0,7.0,8.0,10.0,12.0,4.0,7.0,3.0,5.0,4.0,3.0,3.0,3.0,10.0,3.0,9.0,5.0,2.0,4.0,7.0,3.0,7.0,4.0,9.0,12.0,8.0,1.0,3.0,3.0,7.0,7.0,3.0,1.0,1.0,1.0,11.0,3.0,9.0,13.0,2.0,9.0,4.0,12.0,5.96,3.5164917582321,5.0,8.0,2.0
San_Juan,2017-03-23,2017,3,23,26.003968252857142,84.8171,9.702796197,16369.5,11.0,4.0,11.0,7.0,3.0,8.0,8.0,5.0,3.0,6.0,4.0,5.0,7.0,5.0,4.0,17.0,2.0,3.0,10.0,1.0,4.0,3.0,3.0,4.0,6.0,16.0,6.0,11.0,6.0,11.0,4.0,10.0,9.0,6.0,4.0,6.0,9.0,5.0,10.0,5.0,10.0,4.0,10.0,15.0,13.0,8.0,4.0,7.0,8.0,7.0,6.96,3.6419326558007294,6.0,9.0,3.0
San_Juan,2017-03-30,2017,3,30,26.317460317142856,77.05674285714285,2.4784569349999996,18117.0,9.0,10.0,8.0,7.0,13.0,5.0,7.0,8.0,6.0,2.0,14.0,6.0,1.0,10.0,12.0,15.0,2.0,12.0,5.0,12.0,1.0,13.0,4.0,5.0,14.0,10.0,16.0,6.0,16.0,7.0,10.0,4.0,6.0,3.0,4.0,7.0,15.0,5.0,11.0,6.0,9.0,5.0,7.0,8.0,13.0,7.0,5.0,12.0,6.0,7.0,8.12,4.0185285153363575,6.0,9.0,3.0
San_Juan,2017-04-06,2017,4,6,25.82936508,80.87108571428573,7.330957553,19352.6,11.0,8.0,8.0,10.0,10.0,8.0,4.0,7.0,2.0,7.0,1.0,9.0,11.0,5.0,6.0,4.0,17.0,5.0,6.0,10.0,8.0,6.0,7.0,5.0,5.0,11.0,6.0,15.0,6.0,5.0,8.0,10.0,5.0,14.0,6.0,16.0,6.0,4.0,7.0,12.0,6.0,10.0,2.0,6.0,4.0,11.0,7.0,4.0,7.0,14.0,7.64,3.5843195921646704,7.0,11.0,3.0
San_Juan,2017-04-13,2017,4,13,27.015873014285717,76.90056428571428,6.653415981,19376.3,4.0,6.0,6.0,7.0,8.0,8.0,7.0,18.0,8.0,8.0,8.0,10.0,5.0,16.0,13.0,7.0,7.0,3.0,6.0,4.0,7.0,1.0,11.0,8.0,11.0,15.0,13.0,9.0,9.0,8.0,2.0,9.0,7.0,5.0,10.0,5.0,12.0,5.0,8.0,5.0,3.0,3.0,12.0,6.0,4.0,3.0,21.0,4.0,1.0,5.0,7.62,4.188857912635005,7.0,11.0,3.0
San_Juan,2017-04-20,2017,4,20,27.936507934285714,74.3545457142857,1.8755940990000002,18968.7,2.0,4.0,3.0,6.0,4.0,5.0,2.0,3.0,11.0,6.0,2.0,7.0,12.0,0.0,7.0,10.0,8.0,3.0,4.0,1.0,5.0,5.0,8.0,9.0,7.0,4.0,2.0,10.0,9.0,6.0,5.0,3.0,8.0,6.0,8.0,11.0,9.0,4.0,6.0,8.0,5.0,4.0,5.0,6.0,3.0,5.0,15.0,7.0,3.0,6.0,5.84,3.05967852119487,6.0,9.0,3.0
San_Juan,2017-04-27,2017,4,27,26.392857142857142,86.44275928571427,6.398726031,19679.4,7.0,2.0,12.0,3.0,9.0,6.0,17.0,4.0,6.0,9.0,3.0,7.0,9.0,6.0,8.0,3.0,11.0,12.0,9.0,4.0,8.0,8.0,9.0,6.0,11.0,15.0,4.0,6.0,2.0,3.0,6.0,8.0,9.0,5.0,6.0,8.0,5.0,9.0,2.0,18.0,6.0,9.0,13.0,8.0,5.0,14.0,14.0,14.0,7.0,11.0,7.92,3.906248265305737,7.0,11.0,3.0
San_Juan,2017-05-04,2017,5,4,27.41269841428571,81.54108571428571,6.719839094,22700.9,13.0,2.0,5.0,4.0,8.0,14.0,17.0,4.0,12.0,19.0,15.0,7.0,16.0,11.0,17.0,20.0,8.0,11.0,16.0,9.0,4.0,9.0,9.0,9.0,11.0,7.0,4.0,12.0,8.0,5.0,10.0,8.0,18.0,24.0,2.0,5.0,5.0,6.0,6.0,4.0,7.0,15.0,10.0,11.0,13.0,6.0,9.0,6.0,8.0,14.0,9.86,5.042715497808371,8.0,12.0,4.0
San_Juan,2017-05-11,2017,5,11,28.293650794285718,79.88805714285715,8.391561852,26733.6,5.0,11.0,7.0,5.0,11.0,9.0,12.0,9.0,3.0,13.0,16.0,10.0,9.0,7.0,15.0,10.0,8.0,11.0,12.0,5.0,13.0,6.0,14.0,9.0,11.0,9.0,6.0,14.0,14.0,4.0,14.0,10.0,6.0,10.0,9.0,9.0,13.0,12.0,12.0,7.0,24.0,8.0,5.0,7.0,10.0,13.0,22.0,14.0,6.0,8.0,10.14,4.14044264615783,9.0,13.0,5.0
San_Juan,2017-05-18,2017,5,18,28.869047618571425,73.68342857142856,2.137824996,27435.3,15.0,17.0,14.0,6.0,2.0,5.0,2.0,4.0,10.0,15.0,6.0,13.0,5.0,11.0,11.0,20.0,10.0,5.0,7.0,9.0,9.0,18.0,11.0,9.0,11.0,4.0,9.0,6.0,19.0,7.0,7.0,7.0,9.0,8.0,9.0,11.0,11.0,10.0,6.0,11.0,6.0,6.0,10.0,12.0,11.0,9.0,19.0,4.0,16.0,12.0,9.68,4.405191742218979,10.0,14.0,6.0
San_Juan,2017-05-25,2017,5,25,28.071428572857144,76.14994285714286,6.475734243000001,25398.4,5.0,9.0,20.0,13.0,20.0,8.0,5.0,6.0,12.0,11.0,4.0,10.0,4.0,13.0,12.0,17.0,6.0,9.0,10.0,4.0,9.0,20.0,7.0,14.0,10.0,10.0,5.0,17.0,10.0,7.0,8.0,13.0,6.0,12.0,13.0,14.0,5.0,19.0,12.0,10.0,10.0,11.0,4.0,6.0,14.0,10.0,14.0,13.0,17.0,7.0,10.5,4.491488549217854,9.0,13.0,5.0
San_Juan,2017-06-01,2017,6,1,28.551587301428572,73.69037142857142,2.970218529,23840.7,6.0,23.0,5.0,14.0,8.0,9.0,9.0,8.0,5.0,8.0,15.0,14.0,6.0,4.0,12.0,10.0,6.0,8.0,1.0,10.0,19.0,3.0,11.0,7.0,14.0,10.0,7.0,10.0,11.0,10.0,3.0,11.0,4.0,8.0,10.0,10.0,12.0,12.0,11.0,11.0,7.0,11.0,9.0,3.0,15.0,12.0,8.0,12.0,8.0,2.0,9.24,4.201846047165653,8.0,12.0,4.0
San_Juan,2017-06-08,2017,6,8,28.325396825714286,74.02487857142857,2.2357310220000004,21567.8,4.0,5.0,6.0,10.0,7.0,4.0,17.0,4.0,8.0,8.0,7.0,9.0,6.0,6.0,10.0,8.0,3.0,8.0,5.0,18.0,10.0,8.0,4.0,17.0,1.0,5.0,7.0,11.0,4.0,3.0,7.0,6.0,8.0,5.0,5.0,6.0,3.0,9.0,10.0,5.0,6.0,1.0,1.0,6.0,7.0,3.0,9.0,6.0,6.0,4.0,6.72,3.631157683501087,7.0,11.0,3.0
San_Juan,2017-06-15,2017,6,15,28.511904762857142,73.47357142857143,3.048,19825.3,5.0,4.0,14.0,4.0,3.0,7.0,6.0,14.0,6.0,7.0,3.0,2.0,1.0,7.0,12.0,11.0,7.0,20.0,5.0,2.0,3.0,9.0,16.0,5.0,11.0,3.0,13.0,9.0,13.0,8.0,7.0,3.0,4.0,7.0,8.0,3.0,11.0,8.0,5.0,4.0,13.0,6.0,1.0,10.0,10.0,5.0,5.0,12.0,8.0,15.0,7.5,4.3248215723487435,7.0,11.0,3.0
San_Juan,2017-06-22,2017,6,22,28.36904762142857,75.68692142857142,1.956044346,20764.1,5.0,7.0,14.0,6.0,2.0,5.0,12.0,5.0,1.0,10.0,8.0,9.0,3.0,3.0,6.0,4.0,9.0,16.0,6.0,8.0,4.0,4.0,12.0,9.0,6.0,10.0,7.0,8.0,13.0,11.0,11.0,7.0,2.0,4.0,7.0,3.0,8.0,15.0,8.0,3.0,7.0,8.0,17.0,4.0,6.0,10.0,8.0,16.0,16.0,10.0,7.86,4.05074948973291,7.0,11.0,3.0
San_Juan,2017-06-29,2017,6,29,28.968253970000003,73.89968914285714,2.001029652,22213.5,7.0,13.0,6.0,4.0,2.0,5.0,9.0,5.0,8.0,9.0,15.0,2.0,16.0,8.0,8.0,2.0,5.0,3.0,9.0,12.0,5.0,9.0,4.0,8.0,2.0,6.0,6.0,15.0,4.0,3.0,14.0,6.0,6.0,3.0,12.0,19.0,4.0,3.0,10.0,7.0,9.0,7.0,5.0,4.0,16.0,4.0,13.0,9.0,7.0,6.0,7.48,4.2245154292823806,8.0,12.0,4.0
San_Juan,2017-07-06,2017,7,6,28.781746032857143,75.90178192857142,4.5108586939999995,23535.5,8.0,12.0,11.0,11.0,5.0,5.0,5.0,13.0,12.0,7.0,8.0,12.0,12.0,4.0,4.0,9.0,9.0,2.0,3.0,10.0,7.0,16.0,11.0,9.0,7.0,13.0,13.0,7.0,11.0,6.0,9.0,21.0,7.0,3.0,5.0,21.0,6.0,2.0,11.0,5.0,8.0,13.0,5.0,6.0,6.0,7.0,8.0,7.0,3.0,7.0,8.44,4.2047592083257275,8.0,12.0,4.0
San_Juan,2017-07-13,2017,7,13,29.043650792857143,76.30980857142858,4.265578298,25668.6,6.0,12.0,5.0,10.0,7.0,16.0,11.0,6.0,14.0,8.0,9.0,15.0,10.0,5.0,6.0,18.0,17.0,11.0,4.0,16.0,11.0,3.0,4.0,7.0,7.0,12.0,12.0,7.0,8.0,4.0,3.0,5.0,21.0,21.0,8.0,16.0,6.0,8.0,10.0,4.0,11.0,17.0,17.0,9.0,9.0,9.0,13.0,5.0,12.0,7.0,9.84,4.739585790909134,9.0,13.0,5.0
San_Juan,2017-07-20,2017,7,20,29.099206348571425,77.59176657142858,6.111613402,27953.8,7.0,15.0,13.0,7.0,5.0,21.0,14.0,14.0,3.0,8.0,9.0,14.0,16.0,11.0,7.0,17.0,18.0,7.0,8.0,14.0,7.0,8.0,10.0,19.0,11.0,7.0,20.0,12.0,9.0,10.0,19.0,27.0,13.0,6.0,6.0,8.0,6.0,15.0,8.0,12.0,16.0,3.0,18.0,14.0,10.0,12.0,15.0,10.0,17.0,7.0,11.66,5.101460375145893,10.0,14.0,6.0
San_Juan,2017-07-27,2017,7,27,29.24206349285714,76.04585807142858,4.943192569,29826.1,20.0,11.0,16.0,11.0,5.0,10.0,13.0,18.0,11.0,13.0,9.0,13.0,19.0,17.0,8.0,14.0,4.0,21.0,2.0,8.0,8.0,12.0,17.0,7.0,12.0,9.0,16.0,20.0,18.0,11.0,11.0,7.0,6.0,17.0,11.0,12.0,10.0,9.0,15.0,9.0,20.0,10.0,18.0,12.0,11.0,10.0,12.0,13.0,18.0,13.0,12.34,4.497663792663557,10.0,14.0,6.0
San_Juan,2017-08-03,2017,8,3,29.186507935714285,77.85495,1.653507646,30322.0,16.0,15.0,12.0,17.0,13.0,12.0,8.0,7.0,9.0,9.0,15.0,15.0,10.0,10.0,7.0,8.0,12.0,12.0,10.0,5.0,16.0,9.0,13.0,6.0,11.0,18.0,14.0,10.0,12.0,8.0,16.0,15.0,15.0,18.0,16.0,10.0,14.0,17.0,6.0,5.0,5.0,8.0,18.0,12.0,14.0,16.0,6.0,6.0,6.0,16.0,11.56,4.021168476744956,11.0,16.0,6.0
San_Juan,2017-08-10,2017,8,10,29.51984126857143,77.05819285714286,1.831726953,30187.5,17.0,4.0,10.0,10.0,15.0,15.0,14.0,6.0,8.0,11.0,8.0,5.0,24.0,9.0,9.0,11.0,19.0,16.0,12.0,10.0,13.0,15.0,19.0,12.0,8.0,9.0,17.0,16.0,10.0,9.0,11.0,8.0,14.0,2.0,7.0,6.0,10.0,17.0,4.0,15.0,12.0,11.0,17.0,13.0,9.0,13.0,12.0,20.0,6.0,12.0,11.6,4.562491263620375,11.0,16.0,6.0
San_Juan,2017-08-17,2017,8,17,28.58333333285714,81.48855714285715,10.338308000000001,31605.5,1.0,11.0,16.0,10.0,17.0,10.0,3.0,11.0,12.0,16.0,10.0,8.0,8.0,16.0,11.0,20.0,11.0,5.0,19.0,12.0,2.0,16.0,8.0,17.0,9.0,8.0,12.0,11.0,12.0,13.0,12.0,12.0,12.0,14.0,27.0,10.0,10.0,9.0,16.0,14.0,18.0,11.0,16.0,8.0,14.0,14.0,19.0,6.0,6.0,11.0,11.88,4.809174904836184,11.0,16.0,6.0
San_Juan,2017-08-24,2017,8,24,29.37301587285714,75.53325714285714,5.588537843,32980.3,9.0,14.0,18.0,12.0,22.0,7.0,9.0,19.0,9.0,7.0,11.0,17.0,14.0,14.0,17.0,11.0,14.0,28.0,7.0,16.0,11.0,9.0,7.0,20.0,13.0,20.0,12.0,27.0,7.0,12.0,11.0,7.0,8.0,12.0,13.0,13.0,12.0,13.0,8.0,11.0,13.0,9.0,5.0,15.0,16.0,9.0,20.0,19.0,7.0,19.0,13.06,5.203648641450869,12.0,17.0,7.0
San_Juan,2017-08-31,2017,8,31,28.71031746,79.16787857142857,6.274285453,32288.3,10.0,14.0,16.0,8.0,5.0,11.0,21.0,9.0,7.0,13.0,18.0,3.0,6.0,9.0,12.0,8.0,8.0,15.0,12.0,5.0,13.0,13.0,16.0,7.0,15.0,16.0,16.0,9.0,12.0,3.0,9.0,7.0,4.0,7.0,15.0,9.0,12.0,6.0,11.0,17.0,9.0,5.0,13.0,12.0,11.0,18.0,11.0,20.0,7.0,8.0,10.82,4.443247571269447,11.0,16.0,6.0
San_Juan,2017-09-07,2017,9,7,29.49206349142857,74.42837178571428,1.651508,30791.5,4.0,11.0,9.0,10.0,8.0,6.0,7.0,21.0,16.0,5.0,12.0,7.0,22.0,13.0,17.0,17.0,16.0,9.0,6.0,16.0,12.0,15.0,9.0,16.0,12.0,18.0,16.0,15.0,8.0,14.0,10.0,9.0,17.0,9.0,23.0,28.0,12.0,13.0,9.0,10.0,10.0,14.0,11.0,4.0,13.0,8.0,10.0,19.0,5.0,14.0,12.3,5.1478150704935,11.0,16.0,6.0
San_Juan,2017-09-14,2017,9,14,29.19444444285714,78.67318328571427,6.477253999999999,29741.0,11.0,14.0,4.0,14.0,15.0,9.0,10.0,7.0,5.0,14.0,10.0,16.0,4.0,23.0,9.0,19.0,8.0,14.0,10.0,10.0,10.0,6.0,11.0,10.0,7.0,12.0,12.0,9.0,11.0,6.0,19.0,6.0,8.0,10.0,22.0,20.0,16.0,3.0,18.0,14.0,11.0,14.0,6.0,6.0,10.0,8.0,23.0,8.0,10.0,22.0,11.48,5.171507497424553,10.0,14.0,6.0
San_Juan,2017-09-21,2017,9,21,29.583333332857144,84.86233052857142,7.814741142000001,29739.8,14.0,6.0,10.0,9.0,11.0,7.0,7.0,9.0,6.0,24.0,13.0,16.0,6.0,15.0,14.0,8.0,6.0,10.0,10.0,7.0,13.0,13.0,11.0,19.0,13.0,11.0,4.0,7.0,7.0,9.0,10.0,12.0,12.0,9.0,14.0,17.0,10.0,6.0,19.0,13.0,10.0,17.0,9.0,15.0,12.0,6.0,8.0,10.0,14.0,10.0,10.96,4.065584778581887,10.0,14.0,6.0
San_Juan,2017-09-28,2017,9,28,28.198412698571428,85.92799285714285,2.785419752,30430.9,9.0,6.0,22.0,5.0,16.0,12.0,13.0,24.0,5.0,3.0,10.0,11.0,9.0,26.0,3.0,11.0,10.0,17.0,24.0,14.0,7.0,11.0,12.0,10.0,12.0,7.0,22.0,7.0,14.0,5.0,26.0,12.0,9.0,14.0,12.0,17.0,25.0,22.0,12.0,8.0,13.0,21.0,16.0,9.0,19.0,8.0,10.0,17.0,16.0,17.0,13.2,6.187545093630776,11.0,16.0,6.0
San_Juan,2017-10-05,2017,10,5,28.285714285714285,82.84760285714286,4.800854,31067.1,17.0,13.0,18.0,11.0,21.0,13.0,20.0,21.0,6.0,8.0,19.0,9.0,5.0,14.0,15.0,15.0,8.0,16.0,12.0,18.0,13.0,13.0,4.0,16.0,17.0,8.0,17.0,8.0,16.0,17.0,10.0,11.0,11.0,14.0,21.0,13.0,11.0,8.0,4.0,12.0,13.0,14.0,12.0,10.0,17.0,4.0,9.0,11.0,6.0,7.0,12.52,4.678391490541969,11.0,16.0,6.0
San_Juan,2017-10-12,2017,10,12,28.234126984285716,87.94933571428571,10.490962,31226.5,7.0,19.0,8.0,9.0,9.0,9.0,6.0,9.0,9.0,29.0,9.0,10.0,6.0,9.0,16.0,12.0,12.0,16.0,28.0,18.0,8.0,10.0,18.0,4.0,8.0,13.0,14.0,7.0,14.0,15.0,10.0,18.0,18.0,11.0,4.0,15.0,24.0,17.0,12.0,9.0,9.0,11.0,10.0,11.0,10.0,22.0,8.0,10.0,3.0,10.0,12.06,5.665542105301025,11.0,16.0,6.0
San_Juan,2017-10-19,2017,10,19,28.333333334285715,77.0745575,1.245108,30629.7,5.0,12.0,10.0,33.0,15.0,21.0,14.0,4.0,10.0,14.0,12.0,8.0,10.0,10.0,5.0,20.0,8.0,30.0,11.0,15.0,17.0,16.0,16.0,17.0,20.0,12.0,11.0,7.0,7.0,19.0,9.0,14.0,11.0,10.0,13.0,20.0,6.0,9.0,4.0,12.0,20.0,19.0,13.0,10.0,12.0,20.0,15.0,16.0,6.0,16.0,13.28,5.996733804875001,11.0,16.0,6.0
San_Juan,2017-10-26,2017,10,26,28.527777778571426,80.996394,0.05207,29257.3,9.0,13.0,18.0,6.0,8.0,5.0,24.0,11.0,10.0,13.0,4.0,13.0,7.0,14.0,10.0,10.0,5.0,4.0,8.0,17.0,11.0,6.0,4.0,20.0,18.0,15.0,15.0,7.0,8.0,10.0,11.0,10.0,10.0,18.0,10.0,4.0,11.0,10.0,14.0,11.0,21.0,14.0,11.0,14.0,9.0,14.0,16.0,11.0,10.0,10.0,11.24,4.605054897853543,10.0,14.0,6.0
San_Juan,2017-11-02,2017,11,2,27.142857142857142,83.23955000000001,12.573762,28551.100000000002,21.0,20.0,14.0,10.0,7.0,9.0,9.0,16.0,27.0,9.0,17.0,8.0,5.0,12.0,15.0,9.0,14.0,15.0,21.0,14.0,14.0,11.0,10.0,13.0,7.0,6.0,7.0,19.0,14.0,2.0,17.0,15.0,16.0,10.0,4.0,14.0,9.0,14.0,10.0,11.0,16.0,9.0,5.0,6.0,18.0,15.0,15.0,11.0,15.0,8.0,12.26,5.005344082853355,10.0,14.0,6.0
San_Juan,2017-11-09,2017,11,9,27.89682539857143,82.15985714285715,2.591308,29482.4,13.0,16.0,11.0,3.0,9.0,9.0,12.0,14.0,30.0,12.0,12.0,10.0,12.0,7.0,9.0,13.0,7.0,12.0,5.0,17.0,16.0,13.0,14.0,10.0,13.0,5.0,7.0,13.0,14.0,13.0,7.0,9.0,18.0,7.0,6.0,17.0,16.0,13.0,7.0,12.0,11.0,5.0,8.0,12.0,5.0,12.0,4.0,11.0,7.0,20.0,11.16,4.782450912941385,10.0,14.0,6.0
San_Juan,2017-11-16,2017,11,16,27.777777775714288,82.96652142857144,10.3124,29706.7,8.0,13.0,7.0,12.0,17.0,6.0,6.0,6.0,9.0,12.0,5.0,16.0,9.0,7.0,7.0,9.0,10.0,9.0,8.0,15.0,11.0,13.0,6.0,3.0,5.0,11.0,8.0,7.0,19.0,16.0,5.0,12.0,7.0,7.0,12.0,8.0,14.0,6.0,13.0,15.0,17.0,12.0,7.0,14.0,18.0,12.0,12.0,13.0,8.0,13.0,10.3,3.93441124397726,10.0,14.0,6.0
San_Juan,2017-11-23,2017,11,23,27.817460317142856,79.12116457142858,0.305562,28296.4,6.0,10.0,26.0,13.0,12.0,13.0,14.0,7.0,8.0,14.0,15.0,12.0,10.0,4.0,10.0,11.0,10.0,16.0,9.0,16.0,18.0,8.0,16.0,15.0,13.0,17.0,31.0,6.0,14.0,4.0,10.0,15.0,5.0,5.0,13.0,9.0,8.0,8.0,8.0,9.0,17.0,14.0,7.0,15.0,10.0,8.0,14.0,3.0,12.0,3.0,11.42,5.330275483940195,10.0,14.0,6.0
San_Juan,2017-11-30,2017,11,30,26.785714284285717,84.60299714285715,3.9629079999999997,27015.1,11.0,10.0,2.0,10.0,11.0,10.0,2.0,13.0,9.0,8.0,5.0,13.0,9.0,10.0,12.0,7.0,3.0,14.0,9.0,11.0,9.0,13.0,6.0,15.0,8.0,11.0,5.0,8.0,12.0,10.0,6.0,8.0,20.0,10.0,10.0,10.0,10.0,16.0,2.0,8.0,5.0,13.0,5.0,7.0,11.0,10.0,1.0,7.0,14.0,8.0,9.14,3.817307524249766,9.0,13.0,5.0
San_Juan,2017-12-07,2017,12,7,27.063492064285715,75.57201535714286,0.991108,26398.6,6.0,23.0,6.0,7.0,14.0,11.0,8.0,12.0,10.0,7.0,2.0,4.0,7.0,7.0,11.0,5.0,16.0,4.0,9.0,14.0,9.0,15.0,10.0,17.0,13.0,11.0,13.0,6.0,11.0,2.0,6.0,6.0,6.0,7.0,7.0,15.0,7.0,13.0,15.0,13.0,10.0,3.0,5.0,14.0,12.0,10.0,11.0,4.0,9.0,18.0,9.62,4.480752487824211,9.0,13.0,5.0
San_Juan,2017-12-14,2017,12,14,26.865079365714287,82.99194285714285,0.737108,26211.2,12.0,8.0,14.0,7.0,8.0,9.0,6.0,7.0,14.0,12.0,15.0,8.0,21.0,14.0,16.0,6.0,9.0,10.0,9.0,10.0,9.0,9.0,9.0,9.0,13.0,15.0,14.0,5.0,13.0,5.0,9.0,10.0,20.0,8.0,8.0,4.0,11.0,11.0,15.0,12.0,16.0,13.0,5.0,13.0,13.0,4.0,10.0,10.0,16.0,12.0,10.72,3.8599989425820693,9.0,13.0,5.0
San_Juan,2017-12-21,2017,12,21,26.587301587142857,81.24799285714286,1.117854,26266.899999999998,9.0,2.0,16.0,8.0,11.0,15.0,5.0,4.0,5.0,5.0,7.0,6.0,5.0,15.0,23.0,8.0,7.0,5.0,13.0,15.0,8.0,11.0,1.0,15.0,15.0,7.0,9.0,5.0,6.0,4.0,17.0,7.0,4.0,6.0,16.0,9.0,12.0,6.0,17.0,5.0,14.0,12.0,7.0,9.0,16.0,6.0,11.0,16.0,5.0,14.0,9.48,4.88329096125194,9.0,13.0,5.0
San_Juan,2017-12-28,2017,12,28,25.833333334285715,80.45385614285715,1.6261079999999999,26185.0,15.0,5.0,13.0,11.0,11.0,8.0,7.0,16.0,8.0,14.0,12.0,8.0,6.0,9.0,14.0,6.0,9.0,10.0,11.0,8.0,11.0,1.0,6.0,17.0,12.0,15.0,9.0,6.0,12.0,11.0,8.0,5.0,7.0,8.0,16.0,5.0,7.0,7.0,15.0,4.0,6.0,25.0,9.0,8.0,17.0,12.0,12.0,8.0,9.0,13.0,10.04,4.261646706739218,9.0,13.0,5.0
San_Juan,2018-01-04,2018,1,4,26.658730158571426,78.33702092857142,0.305562,25769.4,15.0,5.0,11.0,8.0,11.0,4.0,6.0,9.0,15.0,11.0,6.0,7.0,10.0,16.0,10.0,12.0,8.0,11.0,4.0,13.0,14.0,19.0,8.0,9.0,11.0,19.0,14.0,8.0,24.0,9.0,9.0,12.0,3.0,10.0,14.0,4.0,10.0,9.0,14.0,5.0,9.0,12.0,15.0,8.0,13.0,13.0,17.0,7.0,10.0,9.0,10.6,4.266624149448022,9.0,13.0,5.0
San_Juan,2018-01-11,2018,1,11,26.21428571285714,83.77102892857144,7.620253999999999,25583.6,10.0,7.0,5.0,6.0,7.0,6.0,11.0,8.0,10.0,13.0,19.0,5.0,12.0,9.0,7.0,8.0,8.0,9.0,8.0,10.0,12.0,17.0,20.0,9.0,22.0,6.0,7.0,12.0,16.0,17.0,7.0,11.0,11.0,7.0,8.0,3.0,14.0,12.0,11.0,8.0,20.0,16.0,3.0,4.0,22.0,4.0,6.0,12.0,13.0,5.0,10.26,4.9148255517446024,9.0,13.0,5.0
San_Juan,2018-01-18,2018,1,18,26.527777775714288,81.06258428571428,0.991362,25823.0,14.0,9.0,11.0,10.0,9.0,11.0,12.0,9.0,18.0,6.0,8.0,14.0,7.0,14.0,8.0,9.0,10.0,7.0,22.0,8.0,6.0,10.0,9.0,8.0,7.0,12.0,6.0,3.0,9.0,13.0,9.0,2.0,5.0,2.0,11.0,6.0,11.0,9.0,12.0,6.0,17.0,10.0,4.0,6.0,14.0,9.0,7.0,22.0,14.0,14.0,9.78,4.320289105972385,9.0,13.0,5.0
San_Juan,2018-01-25,2018,1,25,25.111111111428574,81.62012407142856,4.292854,25854.4,10.0,15.0,19.0,10.0,8.0,6.0,10.0,20.0,9.0,11.0,8.0,6.0,10.0,9.0,4.0,16.0,13.0,14.0,3.0,10.0,10.0,19.0,10.0,2.0,6.0,10.0,6.0,8.0,14.0,5.0,13.0,17.0,7.0,12.0,11.0,15.0,23.0,26.0,9.0,9.0,11.0,2.0,9.0,5.0,14.0,5.0,5.0,8.0,11.0,5.0,10.36,5.193245220319116,9.0,13.0,5.0
San_Juan,2018-02-01,2018,2,1,25.158730158571426,77.70570121428571,1.879854,25468.2,22.0,13.0,4.0,5.0,14.0,14.0,16.0,15.0,13.0,6.0,7.0,20.0,6.0,14.0,9.0,16.0,4.0,6.0,14.0,5.0,10.0,12.0,14.0,9.0,1.0,5.0,24.0,2.0,11.0,8.0,4.0,8.0,6.0,6.0,4.0,4.0,14.0,11.0,11.0,3.0,8.0,12.0,4.0,16.0,4.0,7.0,8.0,8.0,8.0,6.0,9.42,5.233682123651433,9.0,13.0,5.0
San_Juan,2018-02-08,2018,2,8,25.345238095714286,77.20293135714284,1.5494,25141.6,14.0,12.0,11.0,6.0,10.0,10.0,12.0,13.0,14.0,7.0,9.0,5.0,5.0,8.0,9.0,16.0,13.0,3.0,10.0,11.0,8.0,19.0,8.0,6.0,10.0,15.0,8.0,10.0,8.0,6.0,13.0,10.0,10.0,5.0,8.0,8.0,7.0,9.0,9.0,12.0,12.0,9.0,7.0,18.0,7.0,11.0,2.0,15.0,8.0,4.0,9.6,3.6309328648968098,9.0,13.0,5.0
San_Juan,2018-02-15,2018,2,15,25.03968254,79.84548714285714,1.7279547,24810.2,13.0,10.0,9.0,11.0,9.0,20.0,16.0,11.0,6.0,17.0,7.0,7.0,15.0,14.0,12.0,11.0,12.0,12.0,5.0,8.0,7.0,6.0,3.0,11.0,17.0,11.0,12.0,15.0,13.0,6.0,9.0,12.0,10.0,17.0,11.0,4.0,13.0,11.0,9.0,11.0,20.0,8.0,10.0,20.0,13.0,10.0,11.0,16.0,4.0,13.0,11.16,4.1025626635266965,9.0,13.0,5.0
San_Juan,2018-02-22,2018,2,22,24.420634919999998,80.15437585714287,8.153654,23641.4,6.0,6.0,13.0,9.0,11.0,6.0,3.0,13.0,11.0,7.0,5.0,7.0,12.0,8.0,5.0,9.0,11.0,10.0,9.0,14.0,9.0,7.0,13.0,4.0,9.0,8.0,11.0,10.0,12.0,14.0,9.0,9.0,5.0,15.0,9.0,10.0,7.0,6.0,10.0,8.0,11.0,12.0,8.0,12.0,7.0,9.0,4.0,8.0,10.0,8.0,8.98,2.8247448864400813,8.0,12.0,4.0
San_Juan,2018-03-01,2018,3,1,24.392857142857142,76.51136764285715,1.66673975,20947.5,3.0,5.0,10.0,5.0,9.0,8.0,7.0,8.0,6.0,14.0,8.0,6.0,4.0,4.0,6.0,2.0,13.0,6.0,2.0,3.0,9.0,9.0,2.0,8.0,11.0,12.0,14.0,4.0,5.0,5.0,7.0,14.0,12.0,9.0,3.0,5.0,8.0,3.0,3.0,6.0,8.0,5.0,11.0,14.0,5.0,9.0,11.0,3.0,7.0,8.0,7.18,3.485772833231959,7.0,11.0,3.0
San_Juan,2018-03-08,2018,3,8,27.29761904714286,71.19841957142857,2.355216032,17501.7,7.0,9.0,5.0,5.0,5.0,7.0,13.0,5.0,10.0,6.0,11.0,9.0,11.0,6.0,4.0,7.0,4.0,7.0,1.0,3.0,8.0,4.0,11.0,10.0,3.0,10.0,4.0,6.0,16.0,4.0,11.0,4.0,7.0,7.0,3.0,8.0,15.0,12.0,11.0,9.0,6.0,6.0,12.0,15.0,3.0,3.0,13.0,4.0,5.0,8.0,7.46,3.6321130073222094,6.0,9.0,3.0
San_Juan,2018-03-15,2018,3,15,26.702380951428573,73.3139635,0.751692853,15515.8,2.0,4.0,8.0,7.0,7.0,4.0,4.0,10.0,4.0,10.0,3.0,5.0,0.0,6.0,1.0,4.0,11.0,9.0,6.0,5.0,2.0,4.0,4.0,3.0,4.0,3.0,7.0,3.0,2.0,5.0,13.0,6.0,2.0,3.0,3.0,6.0,7.0,4.0,7.0,3.0,8.0,2.0,3.0,12.0,13.0,6.0,3.0,6.0,0.0,11.0,5.3,3.2277495793414293,5.0,8.0,2.0
San_Juan,2018-03-22,2018,3,22,25.85317460285714,80.41282857142858,6.223508,15334.1,2.0,15.0,8.0,13.0,2.0,8.0,9.0,14.0,6.0,6.0,8.0,4.0,5.0,11.0,1.0,5.0,7.0,3.0,5.0,6.0,5.0,4.0,11.0,6.0,4.0,5.0,4.0,4.0,6.0,6.0,2.0,11.0,7.0,6.0,5.0,7.0,7.0,1.0,6.0,6.0,7.0,5.0,6.0,8.0,8.0,9.0,13.0,15.0,12.0,3.0,6.74,3.480616881754012,5.0,8.0,2.0
San_Juan,2018-03-29,2018,3,29,25.376984125714284,72.95702921428571,0.406173031,15451.8,3.0,10.0,4.0,13.0,14.0,1.0,6.0,5.0,1.0,4.0,8.0,6.0,3.0,8.0,4.0,7.0,7.0,5.0,13.0,14.0,4.0,9.0,11.0,8.0,5.0,5.0,0.0,6.0,8.0,5.0,15.0,9.0,6.0,4.0,3.0,2.0,5.0,5.0,7.0,0.0,2.0,7.0,4.0,4.0,2.0,5.0,4.0,9.0,9.0,8.0,6.14,3.6253641618632533,5.0,8.0,2.0
San_Juan,2018-04-05,2018,4,5,27.00793650714286,76.86386378571429,0.8641237800000001,15864.2,9.0,6.0,5.0,13.0,7.0,2.0,3.0,10.0,1.0,4.0,10.0,2.0,7.0,2.0,0.0,1.0,3.0,5.0,16.0,3.0,8.0,7.0,8.0,11.0,3.0,9.0,4.0,4.0,4.0,12.0,7.0,13.0,5.0,4.0,4.0,13.0,4.0,11.0,5.0,5.0,2.0,7.0,21.0,7.0,14.0,3.0,5.0,3.0,2.0,9.0,6.46,4.376234519701677,5.0,8.0,2.0
San_Juan,2018-04-12,2018,4,12,26.813492062857144,77.59655607142858,3.251708,16880.9,11.0,11.0,11.0,9.0,10.0,2.0,8.0,11.0,5.0,8.0,4.0,6.0,11.0,14.0,3.0,3.0,31.0,7.0,10.0,5.0,11.0,8.0,9.0,15.0,6.0,6.0,4.0,8.0,5.0,5.0,5.0,1.0,8.0,5.0,0.0,3.0,14.0,10.0,3.0,2.0,1.0,10.0,5.0,4.0,12.0,3.0,7.0,4.0,8.0,6.0,7.36,4.992892908108158,6.0,9.0,3.0
San_Juan,2018-04-19,2018,4,19,26.69047619,77.784208,2.6426160000000003,17738.5,9.0,1.0,6.0,9.0,5.0,5.0,3.0,4.0,6.0,8.0,2.0,6.0,6.0,5.0,7.0,9.0,2.0,5.0,8.0,2.0,10.0,16.0,3.0,6.0,25.0,4.0,1.0,11.0,9.0,8.0,3.0,5.0,12.0,12.0,5.0,9.0,8.0,5.0,7.0,8.0,12.0,7.0,5.0,9.0,10.0,10.0,7.0,10.0,8.0,4.0,7.14,4.090855905653037,6.0,9.0,3.0
San_Juan,2018-04-26,2018,4,26,27.043650791428572,74.28645235714285,1.301048431,17869.4,10.0,10.0,8.0,2.0,7.0,6.0,8.0,3.0,6.0,13.0,11.0,13.0,11.0,5.0,18.0,8.0,6.0,10.0,0.0,4.0,10.0,3.0,3.0,18.0,5.0,18.0,11.0,3.0,4.0,10.0,16.0,5.0,12.0,8.0,11.0,8.0,9.0,9.0,8.0,7.0,10.0,6.0,0.0,11.0,8.0,12.0,4.0,11.0,3.0,6.0,8.16,4.31116254031086,6.0,9.0,3.0
San_Juan,2018-05-03,2018,5,3,26.813492061428573,77.39716628571429,2.718308,17937.3,6.0,8.0,5.0,5.0,7.0,4.0,5.0,15.0,6.0,8.0,9.0,5.0,6.0,10.0,8.0,7.0,2.0,5.0,11.0,7.0,12.0,7.0,5.0,13.0,5.0,5.0,7.0,4.0,9.0,7.0,6.0,2.0,3.0,12.0,9.0,10.0,8.0,10.0,16.0,12.0,9.0,12.0,8.0,4.0,2.0,7.0,19.0,3.0,16.0,8.0,7.78,3.808100924747298,6.0,9.0,3.0
San_Juan,2018-05-10,2018,5,10,26.84126984,76.02142985714285,1.0675620000000001,18721.8,6.0,8.0,3.0,3.0,6.0,5.0,4.0,2.0,2.0,9.0,7.0,5.0,8.0,4.0,6.0,14.0,20.0,7.0,4.0,11.0,7.0,8.0,8.0,10.0,7.0,5.0,13.0,6.0,8.0,12.0,10.0,6.0,2.0,8.0,6.0,11.0,4.0,2.0,6.0,9.0,6.0,9.0,8.0,6.0,3.0,6.0,5.0,4.0,8.0,2.0,6.78,3.47169311161348,6.0,9.0,3.0
San_Juan,2018-05-17,2018,5,17,26.281746029999997,81.40356507142857,8.0264,20260.2,10.0,7.0,15.0,5.0,3.0,6.0,7.0,3.0,9.0,4.0,10.0,9.0,6.0,4.0,20.0,4.0,9.0,14.0,6.0,13.0,7.0,7.0,8.0,10.0,3.0,10.0,9.0,5.0,12.0,11.0,3.0,4.0,10.0,11.0,2.0,6.0,7.0,8.0,3.0,4.0,5.0,23.0,9.0,3.0,15.0,12.0,9.0,13.0,3.0,10.0,8.12,4.452195055961332,7.0,11.0,3.0
San_Juan,2018-05-24,2018,5,24,27.376984124285716,80.19655357142857,1.117744044,21642.6,12.0,7.0,6.0,9.0,3.0,12.0,10.0,2.0,5.0,7.0,6.0,9.0,6.0,9.0,4.0,5.0,0.0,9.0,4.0,7.0,14.0,9.0,13.0,3.0,7.0,7.0,8.0,12.0,5.0,5.0,7.0,7.0,7.0,3.0,2.0,5.0,11.0,15.0,8.0,11.0,7.0,4.0,6.0,10.0,17.0,6.0,10.0,6.0,14.0,15.0,7.72,3.758201914832818,7.0,11.0,3.0
San_Juan,2018-05-31,2018,5,31,28.380952382857142,74.08074864285713,1.0788923129999999,22768.5,12.0,9.0,12.0,18.0,9.0,15.0,6.0,18.0,3.0,11.0,6.0,3.0,8.0,7.0,8.0,11.0,12.0,7.0,9.0,9.0,4.0,1.0,9.0,13.0,7.0,11.0,9.0,8.0,5.0,12.0,16.0,16.0,11.0,7.0,9.0,10.0,7.0,11.0,9.0,15.0,10.0,8.0,6.0,13.0,8.0,4.0,4.0,9.0,4.0,6.0,9.1,3.8716657808193293,8.0,12.0,4.0
San_Juan,2018-06-07,2018,6,7,28.26587301714286,77.71829807142856,4.242004116,23854.1,6.0,19.0,15.0,9.0,5.0,9.0,8.0,6.0,13.0,7.0,14.0,13.0,8.0,13.0,10.0,7.0,8.0,3.0,12.0,12.0,4.0,5.0,7.0,14.0,5.0,14.0,16.0,12.0,11.0,4.0,5.0,9.0,5.0,1.0,5.0,8.0,11.0,10.0,8.0,10.0,10.0,7.0,11.0,8.0,10.0,5.0,8.0,6.0,13.0,18.0,9.14,3.9383514628455845,8.0,12.0,4.0
San_Juan,2018-06-14,2018,6,14,28.837301587142857,73.26939464285715,0.635587922,23969.2,10.0,13.0,13.0,5.0,15.0,11.0,3.0,4.0,5.0,7.0,7.0,10.0,5.0,12.0,9.0,11.0,11.0,5.0,11.0,3.0,9.0,4.0,3.0,9.0,7.0,5.0,5.0,11.0,10.0,10.0,6.0,8.0,6.0,13.0,5.0,13.0,6.0,4.0,13.0,3.0,10.0,8.0,5.0,5.0,13.0,2.0,8.0,9.0,2.0,8.0,7.8,3.4934340744678525,8.0,12.0,4.0
San_Juan,2018-06-21,2018,6,21,27.65873016,77.69421614285714,4.948947419,23734.9,9.0,11.0,7.0,4.0,10.0,14.0,9.0,10.0,8.0,12.0,9.0,6.0,2.0,3.0,6.0,6.0,7.0,9.0,6.0,12.0,9.0,12.0,12.0,3.0,14.0,11.0,7.0,8.0,6.0,2.0,5.0,10.0,5.0,13.0,6.0,3.0,14.0,6.0,7.0,10.0,9.0,1.0,5.0,14.0,7.0,8.0,4.0,15.0,5.0,12.0,8.06,3.5993763632164995,8.0,12.0,4.0
San_Juan,2018-06-28,2018,6,28,28.448412698571428,77.4176375,0.647773317,25022.0,23.0,11.0,16.0,12.0,5.0,14.0,13.0,12.0,6.0,11.0,20.0,7.0,3.0,14.0,5.0,7.0,12.0,3.0,6.0,10.0,8.0,3.0,13.0,12.0,6.0,24.0,14.0,7.0,12.0,9.0,6.0,11.0,13.0,5.0,11.0,5.0,5.0,7.0,7.0,8.0,15.0,8.0,10.0,6.0,11.0,5.0,19.0,10.0,3.0,12.0,9.9,4.937362759652987,9.0,13.0,5.0
San_Juan,2018-07-05,2018,7,5,28.30952381,79.47898199999999,5.511636129,26836.2,11.0,3.0,5.0,4.0,14.0,10.0,15.0,16.0,3.0,19.0,9.0,13.0,4.0,5.0,14.0,11.0,6.0,11.0,12.0,15.0,12.0,12.0,13.0,10.0,4.0,10.0,6.0,12.0,4.0,5.0,7.0,13.0,10.0,11.0,8.0,17.0,13.0,8.0,6.0,6.0,17.0,17.0,10.0,11.0,18.0,6.0,11.0,8.0,13.0,8.0,10.12,4.283999657005646,9.0,13.0,5.0
San_Juan,2018-07-12,2018,7,12,28.309523809999998,80.38766078571429,3.146202541,28671.0,15.0,17.0,8.0,10.0,7.0,10.0,6.0,11.0,12.0,16.0,5.0,13.0,10.0,10.0,14.0,10.0,9.0,12.0,8.0,9.0,4.0,8.0,8.0,13.0,12.0,2.0,6.0,11.0,7.0,15.0,21.0,8.0,15.0,7.0,6.0,3.0,18.0,14.0,17.0,6.0,9.0,9.0,12.0,8.0,16.0,11.0,9.0,16.0,17.0,8.0,10.56,4.2047592083257275,10.0,14.0,6.0
San_Juan,2018-07-19,2018,7,19,28.55555555714286,77.64874978571427,2.337551565,30818.4,7.0,17.0,17.0,5.0,14.0,9.0,16.0,13.0,18.0,15.0,9.0,19.0,9.0,14.0,7.0,5.0,9.0,13.0,3.0,9.0,19.0,6.0,8.0,8.0,7.0,11.0,6.0,14.0,4.0,13.0,26.0,7.0,8.0,8.0,10.0,13.0,14.0,25.0,13.0,5.0,20.0,6.0,6.0,12.0,16.0,17.0,7.0,8.0,12.0,17.0,11.48,5.349957085465876,11.0,16.0,6.0
San_Juan,2018-07-26,2018,7,26,28.15873016,79.40741678571429,3.124454,32313.2,25.0,6.0,16.0,10.0,19.0,10.0,9.0,16.0,14.0,14.0,9.0,9.0,29.0,9.0,9.0,11.0,30.0,13.0,16.0,8.0,13.0,11.0,10.0,10.0,8.0,13.0,18.0,14.0,11.0,11.0,14.0,1.0,26.0,20.0,8.0,11.0,9.0,5.0,11.0,19.0,9.0,10.0,12.0,10.0,19.0,17.0,16.0,16.0,15.0,6.0,13.1,5.856271712219894,11.0,16.0,6.0
San_Juan,2018-08-02,2018,8,2,28.468253968571428,79.04239442857143,4.337278079,32976.8,8.0,29.0,13.0,10.0,20.0,16.0,17.0,21.0,11.0,8.0,8.0,5.0,13.0,11.0,16.0,5.0,6.0,11.0,15.0,14.0,7.0,11.0,4.0,15.0,10.0,10.0,8.0,8.0,19.0,22.0,8.0,8.0,8.0,14.0,16.0,14.0,7.0,16.0,12.0,18.0,10.0,9.0,16.0,13.0,12.0,18.0,10.0,18.0,7.0,10.0,12.3,5.075953715554248,12.0,17.0,7.0
San_Juan,2018-08-09,2018,8,9,28.801587304285714,75.39805657142857,0.077709715,32375.4,8.0,11.0,29.0,10.0,6.0,9.0,7.0,17.0,17.0,13.0,9.0,11.0,12.0,9.0,11.0,16.0,9.0,24.0,3.0,8.0,7.0,9.0,11.0,15.0,46.0,6.0,5.0,14.0,7.0,14.0,16.0,16.0,11.0,6.0,14.0,13.0,11.0,16.0,11.0,12.0,17.0,4.0,15.0,7.0,8.0,23.0,11.0,8.0,10.0,16.0,12.36,7.024040351332191,11.0,16.0,6.0
San_Juan,2018-08-16,2018,8,16,28.273809525714285,76.17446342857144,5.969508,30052.300000000003,10.0,15.0,7.0,6.0,16.0,17.0,14.0,10.0,6.0,11.0,5.0,5.0,9.0,13.0,10.0,10.0,7.0,4.0,8.0,10.0,11.0,15.0,8.0,12.0,10.0,11.0,13.0,12.0,15.0,8.0,7.0,16.0,18.0,13.0,12.0,12.0,10.0,6.0,12.0,3.0,10.0,11.0,10.0,24.0,17.0,14.0,20.0,11.0,10.0,8.0,11.04,4.194067724969717,11.0,16.0,6.0
San_Juan,2018-08-23,2018,8,23,28.150793652857143,77.22537114285714,3.2766,27810.8,11.0,6.0,14.0,10.0,14.0,12.0,8.0,3.0,13.0,12.0,4.0,22.0,6.0,13.0,16.0,12.0,5.0,18.0,10.0,6.0,11.0,8.0,6.0,13.0,4.0,7.0,13.0,6.0,15.0,9.0,15.0,14.0,13.0,10.0,23.0,15.0,11.0,12.0,7.0,10.0,8.0,15.0,23.0,9.0,4.0,18.0,13.0,9.0,3.0,13.0,11.04,4.877938674715551,10.0,14.0,6.0
San_Juan,2018-08-30,2018,8,30,27.948412698571428,77.62835507142857,5.801046831,28202.8,8.0,9.0,4.0,6.0,16.0,5.0,15.0,13.0,7.0,9.0,9.0,14.0,10.0,16.0,13.0,5.0,26.0,16.0,10.0,9.0,9.0,5.0,8.0,9.0,3.0,9.0,17.0,1.0,16.0,17.0,18.0,6.0,15.0,4.0,16.0,15.0,13.0,13.0,10.0,14.0,9.0,11.0,10.0,28.0,8.0,16.0,9.0,13.0,5.0,10.0,11.14,5.364319003130494,10.0,14.0,6.0
San_Juan,2018-09-06,2018,9,6,28.36111111285714,75.68542992857144,0.420052058,30644.1,9.0,9.0,10.0,4.0,18.0,11.0,11.0,9.0,14.0,8.0,9.0,12.0,8.0,31.0,7.0,11.0,13.0,9.0,8.0,11.0,6.0,13.0,12.0,12.0,13.0,5.0,19.0,14.0,20.0,12.0,18.0,22.0,12.0,7.0,13.0,13.0,8.0,6.0,9.0,5.0,17.0,15.0,5.0,8.0,15.0,17.0,16.0,12.0,11.0,15.0,11.84,5.003508972792627,11.0,16.0,6.0
San_Juan,2018-09-13,2018,9,13,28.817460317142856,76.66836035714286,1.841695846,32475.0,17.0,8.0,7.0,13.0,6.0,12.0,9.0,15.0,3.0,11.0,12.0,13.0,17.0,16.0,7.0,19.0,9.0,13.0,8.0,7.0,14.0,8.0,13.0,11.0,15.0,9.0,8.0,8.0,27.0,13.0,14.0,11.0,6.0,18.0,15.0,16.0,18.0,11.0,16.0,10.0,14.0,16.0,6.0,21.0,14.0,10.0,21.0,20.0,11.0,16.0,12.64,4.767063871942947,11.0,16.0,6.0
San_Juan,2018-09-20,2018,9,20,28.753968255714287,75.39996021428571,1.651508,31728.899999999998,7.0,8.0,11.0,19.0,8.0,10.0,9.0,18.0,15.0,12.0,13.0,12.0,11.0,7.0,19.0,5.0,11.0,14.0,8.0,12.0,6.0,15.0,5.0,13.0,10.0,9.0,7.0,3.0,14.0,17.0,14.0,24.0,11.0,16.0,6.0,12.0,16.0,9.0,14.0,14.0,10.0,7.0,3.0,12.0,8.0,10.0,7.0,11.0,11.0,12.0,11.1,4.296415211949304,11.0,16.0,6.0
San_Juan,2018-09-27,2018,9,27,27.738095238571425,77.90768642857142,5.240235545,30166.6,14.0,21.0,14.0,13.0,22.0,16.0,10.0,18.0,12.0,24.0,9.0,15.0,21.0,21.0,11.0,6.0,8.0,26.0,8.0,23.0,5.0,12.0,10.0,8.0,13.0,9.0,12.0,19.0,9.0,12.0,14.0,2.0,10.0,12.0,7.0,10.0,9.0,11.0,19.0,14.0,12.0,12.0,11.0,15.0,6.0,19.0,12.0,12.0,16.0,10.0,13.08,5.2482844621760325,11.0,16.0,6.0
San_Juan,2018-10-04,2018,10,4,27.77777777714286,78.53309014285715,5.9436,30120.3,22.0,23.0,6.0,8.0,11.0,7.0,5.0,8.0,17.0,10.0,20.0,15.0,9.0,8.0,11.0,8.0,7.0,18.0,6.0,9.0,9.0,8.0,11.0,12.0,16.0,21.0,8.0,12.0,12.0,13.0,13.0,14.0,6.0,15.0,6.0,17.0,8.0,6.0,9.0,9.0,11.0,5.0,5.0,16.0,23.0,10.0,12.0,14.0,11.0,12.0,11.44,4.874590511321051,11.0,16.0,6.0
San_Juan,2018-10-11,2018,10,11,27.456349205714286,78.37852314285715,2.9674371,30504.9,5.0,6.0,14.0,15.0,12.0,10.0,7.0,19.0,19.0,3.0,18.0,9.0,10.0,5.0,7.0,12.0,14.0,6.0,11.0,14.0,20.0,11.0,12.0,16.0,8.0,5.0,14.0,9.0,13.0,10.0,6.0,18.0,16.0,9.0,22.0,21.0,16.0,16.0,13.0,13.0,9.0,12.0,11.0,12.0,10.0,7.0,25.0,13.0,8.0,14.0,12.1,4.904183969649106,11.0,16.0,6.0
San_Juan,2018-10-18,2018,10,18,27.813492064285715,78.43185864285715,3.455162,30200.0,21.0,9.0,5.0,14.0,18.0,8.0,8.0,5.0,13.0,15.0,12.0,16.0,10.0,8.0,24.0,18.0,9.0,11.0,9.0,10.0,16.0,15.0,8.0,16.0,11.0,10.0,12.0,12.0,6.0,18.0,19.0,15.0,11.0,12.0,12.0,24.0,7.0,10.0,10.0,7.0,10.0,10.0,14.0,11.0,13.0,23.0,11.0,14.0,13.0,12.0,12.5,4.590362575159894,11.0,16.0,6.0
San_Juan,2018-10-25,2018,10,25,28.000000002857142,73.24871757142857,1.202458729,29247.3,9.0,12.0,9.0,5.0,14.0,8.0,14.0,10.0,18.0,9.0,6.0,12.0,4.0,9.0,21.0,10.0,6.0,19.0,3.0,13.0,11.0,5.0,25.0,9.0,11.0,6.0,15.0,9.0,13.0,7.0,11.0,4.0,11.0,9.0,13.0,14.0,16.0,11.0,13.0,12.0,12.0,5.0,18.0,13.0,9.0,8.0,9.0,12.0,4.0,3.0,10.58,4.677737112086988,10.0,14.0,6.0
San_Juan,2018-11-01,2018,11,1,26.78968253857143,81.01182171428572,9.372854,28400.2,6.0,15.0,7.0,13.0,16.0,5.0,2.0,15.0,15.0,13.0,6.0,11.0,11.0,7.0,7.0,11.0,14.0,17.0,14.0,10.0,8.0,11.0,15.0,10.0,16.0,18.0,14.0,16.0,5.0,9.0,5.0,17.0,7.0,18.0,11.0,15.0,11.0,14.0,3.0,6.0,16.0,9.0,6.0,7.0,11.0,11.0,11.0,14.0,6.0,18.0,11.06,4.353792622999129,10.0,14.0,6.0
San_Juan,2018-11-08,2018,11,8,27.246031747142858,81.05744414285714,4.724654,28333.2,10.0,3.0,24.0,5.0,17.0,23.0,7.0,14.0,19.0,5.0,14.0,12.0,5.0,17.0,13.0,14.0,17.0,18.0,9.0,9.0,10.0,16.0,9.0,5.0,21.0,13.0,5.0,14.0,13.0,9.0,13.0,9.0,13.0,6.0,11.0,8.0,7.0,8.0,7.0,13.0,8.0,14.0,6.0,11.0,10.0,7.0,6.0,9.0,8.0,17.0,11.22,4.966376743581147,10.0,14.0,6.0
San_Juan,2018-11-15,2018,11,15,27.253968252857142,76.50029892857142,1.757042912,28128.5,16.0,9.0,14.0,12.0,10.0,5.0,14.0,7.0,10.0,10.0,16.0,5.0,19.0,15.0,11.0,4.0,8.0,14.0,16.0,21.0,11.0,6.0,10.0,6.0,13.0,13.0,8.0,7.0,5.0,20.0,18.0,18.0,10.0,16.0,11.0,14.0,6.0,9.0,11.0,8.0,8.0,7.0,8.0,13.0,15.0,4.0,11.0,15.0,3.0,7.0,10.94,4.532918148254556,10.0,14.0,6.0
San_Juan,2018-11-22,2018,11,22,27.21031746,74.37805314285715,2.082057725,26236.0,15.0,11.0,13.0,15.0,19.0,12.0,5.0,13.0,4.0,16.0,5.0,3.0,10.0,4.0,8.0,9.0,10.0,9.0,8.0,5.0,3.0,3.0,14.0,14.0,11.0,10.0,19.0,8.0,16.0,6.0,7.0,9.0,8.0,9.0,19.0,7.0,3.0,17.0,8.0,9.0,11.0,7.0,17.0,14.0,15.0,6.0,4.0,8.0,8.0,10.0,9.88,4.587649791804612,9.0,13.0,5.0
San_Juan,2018-11-29,2018,11,29,26.646825395714284,74.02616978571429,0.5852183599999999,23258.5,7.0,3.0,6.0,8.0,7.0,2.0,14.0,1.0,1.0,10.0,6.0,1.0,6.0,4.0,11.0,9.0,15.0,3.0,8.0,12.0,18.0,9.0,7.0,20.0,7.0,10.0,10.0,8.0,9.0,6.0,6.0,6.0,20.0,15.0,7.0,5.0,11.0,3.0,13.0,3.0,6.0,11.0,14.0,7.0,8.0,13.0,9.0,4.0,14.0,6.0,8.38,4.646218563388459,8.0,12.0,4.0
San_Juan,2018-12-06,2018,12,6,26.678571427142856,72.87020064285714,0.483108,20224.399999999998,11.0,8.0,5.0,3.0,3.0,6.0,15.0,7.0,8.0,14.0,6.0,14.0,12.0,7.0,8.0,1.0,3.0,20.0,5.0,9.0,8.0,9.0,5.0,1.0,7.0,0.0,9.0,17.0,12.0,8.0,7.0,9.0,12.0,6.0,0.0,13.0,10.0,7.0,3.0,15.0,11.0,8.0,8.0,9.0,1.0,15.0,5.0,11.0,7.0,5.0,8.06,4.496756200477253,7.0,11.0,3.0
San_Juan,2018-12-13,2018,12,13,26.42063492142857,73.63578678571427,0.801409037,17804.1,3.0,3.0,3.0,7.0,12.0,7.0,3.0,4.0,3.0,9.0,10.0,7.0,2.0,7.0,6.0,4.0,6.0,7.0,6.0,8.0,9.0,7.0,8.0,3.0,10.0,11.0,10.0,9.0,7.0,11.0,15.0,5.0,2.0,6.0,9.0,12.0,6.0,6.0,5.0,2.0,4.0,7.0,7.0,4.0,2.0,11.0,9.0,4.0,9.0,5.0,6.64,3.088887257540475,6.0,9.0,3.0
San_Juan,2018-12-20,2018,12,20,25.781746029999997,75.64389164285714,1.016762,16379.7,6.0,1.0,5.0,9.0,3.0,5.0,10.0,3.0,7.0,8.0,11.0,16.0,10.0,8.0,6.0,3.0,4.0,6.0,6.0,7.0,7.0,3.0,13.0,9.0,4.0,5.0,1.0,4.0,8.0,7.0,4.0,6.0,2.0,1.0,4.0,8.0,8.0,2.0,11.0,10.0,3.0,5.0,13.0,3.0,7.0,6.0,4.0,4.0,1.0,2.0,5.98,3.4195715210761573,6.0,9.0,3.0
San_Juan,2018-12-27,2018,12,27,26.03968253857143,75.27085135714286,3.302508,15797.6,4.0,11.0,4.0,11.0,4.0,3.0,5.0,3.0,10.0,7.0,15.0,7.0,6.0,6.0,6.0,5.0,8.0,9.0,4.0,8.0,4.0,5.0,9.0,10.0,8.0,7.0,8.0,9.0,9.0,3.0,10.0,2.0,5.0,4.0,4.0,5.0,6.0,9.0,3.0,6.0,9.0,3.0,5.0,4.0,8.0,5.0,2.0,9.0,2.0,9.0,6.36,2.855428056834054,5.0,8.0,2.0
San_Juan,2019-01-03,2019,1,3,26.178571428571427,73.93906392857141,0.10286999999999999,15550.0,4.0,4.0,5.0,10.0,3.0,9.0,0.0,5.0,9.0,5.0,8.0,6.0,6.0,2.0,9.0,5.0,6.0,4.0,0.0,8.0,9.0,8.0,10.0,9.0,20.0,1.0,9.0,13.0,10.0,2.0,6.0,5.0,9.0,13.0,11.0,9.0,3.0,4.0,6.0,15.0,5.0,7.0,11.0,3.0,0.0,1.0,1.0,7.0,6.0,6.0,6.54,4.061818231646854,5.0,8.0,2.0
San_Juan,2019-01-10,2019,1,10,26.035714284285714,74.19779042857144,0.303021292,15377.8,11.0,7.0,6.0,1.0,9.0,2.0,4.0,12.0,8.0,7.0,4.0,2.0,6.0,9.0,2.0,1.0,4.0,7.0,9.0,6.0,0.0,5.0,13.0,5.0,7.0,5.0,0.0,4.0,7.0,5.0,2.0,6.0,8.0,6.0,1.0,8.0,3.0,8.0,6.0,6.0,13.0,4.0,1.0,2.0,12.0,5.0,1.0,9.0,2.0,3.0,5.48,3.4240446306456143,5.0,8.0,2.0
San_Juan,2019-01-17,2019,1,17,25.63888889,76.2941685,1.781983951,14789.7,17.0,3.0,7.0,7.0,9.0,13.0,13.0,4.0,6.0,7.0,13.0,6.0,5.0,2.0,3.0,4.0,3.0,7.0,4.0,1.0,3.0,14.0,6.0,5.0,4.0,14.0,2.0,3.0,3.0,6.0,3.0,10.0,7.0,15.0,8.0,7.0,6.0,5.0,4.0,7.0,2.0,6.0,6.0,5.0,4.0,9.0,3.0,2.0,5.0,6.0,6.28,3.801396091556095,5.0,8.0,2.0
San_Juan,2019-01-24,2019,1,24,26.174603174285714,72.56485271428572,2.921762,14095.1,9.0,9.0,12.0,4.0,3.0,3.0,5.0,9.0,1.0,6.0,8.0,4.0,8.0,12.0,5.0,6.0,3.0,8.0,3.0,6.0,7.0,11.0,7.0,8.0,5.0,4.0,0.0,2.0,0.0,0.0,7.0,9.0,0.0,10.0,8.0,6.0,3.0,3.0,14.0,3.0,11.0,8.0,7.0,2.0,5.0,6.0,6.0,6.0,2.0,7.0,5.82,3.384779858997857,5.0,8.0,2.0
San_Juan,2019-01-31,2019,1,31,25.74206349142857,75.43804285714285,2.211595673,14098.6,15.0,2.0,10.0,6.0,4.0,2.0,3.0,19.0,10.0,6.0,5.0,8.0,11.0,6.0,11.0,9.0,6.0,3.0,3.0,16.0,3.0,6.0,6.0,3.0,9.0,3.0,5.0,7.0,6.0,3.0,8.0,3.0,9.0,12.0,4.0,2.0,13.0,11.0,5.0,12.0,3.0,4.0,4.0,6.0,12.0,10.0,4.0,7.0,5.0,9.0,6.98,3.992288484934271,5.0,8.0,2.0
San_Juan,2019-02-07,2019,2,7,26.321428568571427,75.34282142857144,1.8542,14526.9,4.0,8.0,9.0,7.0,5.0,2.0,3.0,9.0,3.0,6.0,11.0,8.0,5.0,4.0,23.0,10.0,3.0,7.0,6.0,12.0,8.0,3.0,4.0,7.0,5.0,3.0,4.0,7.0,3.0,5.0,11.0,0.0,3.0,1.0,7.0,11.0,1.0,7.0,3.0,11.0,0.0,12.0,3.0,7.0,11.0,5.0,9.0,5.0,9.0,9.0,6.38,4.040054556107694,5.0,8.0,2.0
San_Juan,2019-02-14,2019,2,14,26.738095235714287,74.12612857142857,1.1756364000000001,14700.800000000001,2.0,6.0,6.0,13.0,1.0,0.0,2.0,6.0,10.0,8.0,6.0,1.0,6.0,2.0,6.0,1.0,3.0,5.0,14.0,6.0,7.0,3.0,12.0,7.0,7.0,4.0,5.0,5.0,8.0,4.0,1.0,3.0,7.0,4.0,4.0,5.0,10.0,6.0,10.0,7.0,7.0,9.0,5.0,6.0,0.0,2.0,5.0,12.0,4.0,9.0,5.64,3.342735040505066,5.0,8.0,2.0
San_Juan,2019-02-21,2019,2,21,25.976190477142858,73.99604285714285,1.118362,14631.5,9.0,5.0,5.0,0.0,4.0,5.0,3.0,9.0,9.0,9.0,7.0,7.0,5.0,7.0,13.0,10.0,9.0,4.0,14.0,4.0,2.0,3.0,6.0,5.0,3.0,8.0,2.0,13.0,3.0,2.0,6.0,5.0,4.0,12.0,7.0,7.0,11.0,9.0,6.0,5.0,3.0,3.0,7.0,9.0,8.0,12.0,6.0,7.0,8.0,5.0,6.5,3.215079267121971,5.0,8.0,2.0
San_Juan,2019-02-28,2019,2,28,25.793650794285714,73.38554185714285,0.40716199999999997,14389.8,7.0,12.0,2.0,7.0,9.0,5.0,7.0,5.0,9.0,6.0,12.0,4.0,1.0,3.0,6.0,22.0,2.0,0.0,5.0,5.0,3.0,10.0,7.0,6.0,3.0,10.0,2.0,4.0,5.0,3.0,10.0,3.0,12.0,10.0,12.0,7.0,2.0,6.0,3.0,8.0,8.0,2.0,11.0,7.0,4.0,0.0,10.0,15.0,3.0,7.0,6.44,4.2047592083257275,5.0,8.0,2.0
San_Juan,2019-03-07,2019,3,7,25.674603174285714,73.18439107142856,1.3462,13606.6,7.0,9.0,2.0,4.0,6.0,2.0,11.0,16.0,1.0,6.0,3.0,7.0,6.0,1.0,1.0,6.0,5.0,11.0,6.0,7.0,10.0,2.0,4.0,9.0,6.0,5.0,6.0,6.0,16.0,2.0,8.0,17.0,5.0,8.0,7.0,1.0,1.0,2.0,6.0,7.0,2.0,12.0,12.0,4.0,6.0,3.0,11.0,4.0,8.0,7.0,6.28,3.9746133170923885,5.0,8.0,2.0
San_Juan,2019-03-14,2019,3,14,26.11111111,69.64762814285714,0.356362,12103.3,3.0,5.0,7.0,4.0,4.0,13.0,4.0,3.0,3.0,4.0,3.0,15.0,15.0,2.0,9.0,6.0,7.0,6.0,6.0,3.0,2.0,11.0,4.0,8.0,2.0,5.0,5.0,6.0,7.0,9.0,9.0,2.0,2.0,3.0,3.0,5.0,7.0,8.0,1.0,3.0,0.0,1.0,7.0,2.0,3.0,6.0,3.0,1.0,4.0,9.0,5.2,3.434518651477517,4.0,7.0,1.0
San_Juan,2019-03-21,2019,3,21,27.261904761428575,67.33266021428571,0.40665399999999996,10686.7,5.0,0.0,7.0,11.0,4.0,3.0,1.0,2.0,4.0,2.0,1.0,3.0,3.0,1.0,5.0,4.0,3.0,5.0,3.0,5.0,2.0,0.0,4.0,2.0,1.0,1.0,10.0,8.0,0.0,7.0,10.0,6.0,2.0,3.0,4.0,3.0,3.0,0.0,3.0,2.0,1.0,9.0,2.0,1.0,5.0,5.0,3.0,11.0,2.0,7.0,3.78,2.9087482404860365,3.0,5.0,1.0
San_Juan,2019-03-28,2019,3,28,27.14285714,71.10846142857143,1.219454,9622.0,8.0,4.0,1.0,2.0,2.0,0.0,3.0,1.0,1.0,1.0,5.0,19.0,0.0,8.0,6.0,3.0,1.0,4.0,8.0,1.0,8.0,2.0,2.0,4.0,5.0,2.0,0.0,2.0,2.0,1.0,5.0,4.0,7.0,8.0,12.0,3.0,0.0,5.0,1.0,2.0,7.0,2.0,1.0,5.0,0.0,6.0,3.0,2.0,5.0,4.0,3.76,3.508357368993562,3.0,5.0,1.0
San_Juan,2019-04-04,2019,4,4,27.063492059999998,68.1280845,0.584708,8518.9,1.0,2.0,5.0,7.0,1.0,6.0,5.0,1.0,4.0,6.0,3.0,8.0,3.0,5.0,8.0,7.0,1.0,3.0,1.0,2.0,9.0,5.0,0.0,4.0,1.0,6.0,9.0,6.0,5.0,1.0,0.0,3.0,2.0,8.0,6.0,3.0,3.0,5.0,4.0,5.0,4.0,5.0,3.0,3.0,4.0,2.0,2.0,4.0,7.0,0.0,3.96,2.4408095010484048,3.0,5.0,1.0
San_Juan,2019-04-11,2019,4,11,27.222222221428574,69.22016871428572,0.965962,7521.9,4.0,0.0,6.0,1.0,1.0,3.0,3.0,4.0,3.0,2.0,4.0,1.0,1.0,3.0,2.0,4.0,5.0,0.0,2.0,6.0,1.0,1.0,7.0,2.0,1.0,5.0,2.0,1.0,4.0,1.0,1.0,5.0,4.0,3.0,9.0,0.0,2.0,1.0,4.0,2.0,2.0,2.0,3.0,4.0,9.0,2.0,4.0,0.0,3.0,4.0,2.88,2.1057743740215176,2.0,4.0,0.0
San_Juan,2019-04-18,2019,4,18,26.865079365714287,69.49302642857143,1.1689079999999998,7113.5,2.0,3.0,2.0,0.0,3.0,4.0,2.0,3.0,5.0,5.0,8.0,2.0,8.0,4.0,6.0,4.0,2.0,4.0,4.0,1.0,1.0,2.0,1.0,3.0,4.0,6.0,1.0,6.0,3.0,6.0,0.0,0.0,0.0,8.0,3.0,2.0,0.0,6.0,2.0,3.0,4.0,5.0,7.0,1.0,3.0,2.0,2.0,5.0,1.0,1.0,3.2,2.2131333406899527,2.0,4.0,0.0
San_Juan,2019-04-25,2019,4,25,27.063492062857144,72.06012678571429,4.343908,7641.200000000001,1.0,1.0,6.0,5.0,7.0,0.0,4.0,1.0,7.0,3.0,6.0,2.0,0.0,2.0,9.0,1.0,1.0,2.0,0.0,4.0,1.0,6.0,3.0,3.0,2.0,1.0,3.0,0.0,5.0,5.0,2.0,3.0,3.0,2.0,8.0,3.0,0.0,7.0,4.0,6.0,2.0,3.0,6.0,2.0,4.0,2.0,0.0,4.0,0.0,6.0,3.16,2.384987057681052,2.0,4.0,0.0
San_Juan,2019-05-02,2019,5,2,26.944444441428573,74.12493571428571,1.524254,9344.3,1.0,18.0,2.0,6.0,2.0,1.0,7.0,2.0,1.0,1.0,6.0,2.0,2.0,0.0,10.0,5.0,5.0,5.0,3.0,2.0,1.0,3.0,7.0,4.0,0.0,3.0,7.0,10.0,8.0,2.0,4.0,4.0,5.0,2.0,5.0,4.0,1.0,7.0,2.0,5.0,0.0,2.0,2.0,2.0,1.0,3.0,0.0,3.0,2.0,2.0,3.64,3.2435807877299148,3.0,5.0,1.0
San_Juan,2019-05-09,2019,5,9,27.976190475714287,71.90641042857143,0.7365999999999999,11107.0,7.0,2.0,3.0,6.0,7.0,3.0,2.0,2.0,4.0,5.0,7.0,2.0,3.0,11.0,4.0,5.0,5.0,4.0,6.0,4.0,13.0,4.0,6.0,2.0,5.0,3.0,6.0,7.0,2.0,4.0,8.0,3.0,5.0,4.0,21.0,7.0,10.0,5.0,2.0,5.0,6.0,22.0,4.0,8.0,4.0,1.0,4.0,4.0,4.0,5.0,5.52,4.066990061859668,4.0,7.0,1.0
San_Juan,2019-05-16,2019,5,16,28.452380951428573,70.96467807142857,0.9146540000000001,11818.6,7.0,6.0,3.0,5.0,10.0,7.0,6.0,2.0,1.0,7.0,1.0,3.0,4.0,7.0,6.0,6.0,4.0,10.0,8.0,1.0,11.0,4.0,3.0,4.0,6.0,7.0,2.0,11.0,3.0,0.0,7.0,6.0,5.0,6.0,1.0,4.0,5.0,5.0,5.0,3.0,9.0,4.0,4.0,6.0,7.0,5.0,7.0,3.0,6.0,4.0,5.14,2.579431989364151,4.0,7.0,1.0
San_Juan,2019-05-23,2019,5,23,27.698412698571428,75.008364,1.295654,13223.0,3.0,4.0,2.0,5.0,0.0,4.0,7.0,15.0,4.0,7.0,9.0,2.0,1.0,5.0,11.0,8.0,6.0,6.0,3.0,4.0,15.0,1.0,11.0,7.0,2.0,1.0,1.0,3.0,6.0,0.0,4.0,5.0,7.0,6.0,2.0,8.0,2.0,5.0,3.0,6.0,4.0,1.0,10.0,6.0,5.0,6.0,2.0,6.0,5.0,10.0,5.12,3.456080120008558,4.0,7.0,1.0
San_Juan,2019-05-30,2019,5,30,27.738095235714287,76.932585,2.159508,16126.8,7.0,3.0,1.0,1.0,4.0,2.0,6.0,4.0,13.0,9.0,5.0,8.0,6.0,2.0,1.0,6.0,6.0,2.0,3.0,5.0,5.0,6.0,6.0,12.0,9.0,3.0,9.0,9.0,9.0,3.0,6.0,7.0,4.0,8.0,6.0,4.0,8.0,5.0,5.0,18.0,6.0,7.0,8.0,1.0,10.0,0.0,7.0,5.0,5.0,4.0,5.78,3.364217469735491,5.0,8.0,2.0
San_Juan,2019-06-06,2019,6,6,28.76984127,73.86787635714286,3.5057080000000003,18694.1,5.0,9.0,6.0,6.0,5.0,10.0,7.0,9.0,5.0,18.0,8.0,4.0,10.0,2.0,6.0,13.0,5.0,6.0,4.0,8.0,5.0,2.0,2.0,2.0,7.0,6.0,6.0,2.0,2.0,10.0,6.0,5.0,4.0,10.0,2.0,9.0,6.0,5.0,9.0,15.0,2.0,6.0,2.0,10.0,4.0,8.0,5.0,14.0,6.0,4.0,6.44,3.5865963627634145,6.0,9.0,3.0
San_Juan,2019-06-13,2019,6,13,28.412698411428572,77.81487142857144,1.626362,20668.8,5.0,12.0,6.0,6.0,9.0,9.0,8.0,5.0,9.0,6.0,10.0,4.0,5.0,8.0,4.0,12.0,8.0,7.0,7.0,7.0,8.0,5.0,5.0,10.0,3.0,10.0,4.0,4.0,4.0,13.0,11.0,5.0,10.0,7.0,5.0,3.0,5.0,12.0,6.0,9.0,6.0,5.0,10.0,5.0,5.0,11.0,18.0,12.0,8.0,8.0,7.48,3.0986501340198487,7.0,11.0,3.0
San_Juan,2019-06-20,2019,6,20,28.88888889,76.48344592857143,0.43179999999999996,22899.3,12.0,8.0,6.0,11.0,5.0,5.0,3.0,9.0,5.0,8.0,13.0,12.0,9.0,4.0,6.0,6.0,1.0,13.0,4.0,6.0,7.0,10.0,16.0,11.0,15.0,8.0,5.0,9.0,7.0,12.0,4.0,8.0,8.0,5.0,9.0,4.0,3.0,14.0,8.0,8.0,23.0,6.0,13.0,12.0,16.0,3.0,11.0,3.0,10.0,9.0,8.46,4.253258054907162,8.0,12.0,4.0
San_Juan,2019-06-27,2019,6,27,29.087301588571428,72.73852171428572,0.7122160000000001,24133.3,9.0,11.0,1.0,7.0,7.0,10.0,6.0,8.0,3.0,14.0,13.0,9.0,6.0,15.0,7.0,12.0,12.0,14.0,9.0,13.0,11.0,11.0,8.0,8.0,9.0,6.0,11.0,16.0,5.0,12.0,21.0,3.0,10.0,12.0,10.0,13.0,9.0,16.0,7.0,4.0,11.0,11.0,4.0,5.0,3.0,14.0,14.0,5.0,12.0,8.0,9.5,4.046918706918656,8.0,12.0,4.0
San_Juan,2019-07-04,2019,7,4,29.166666665714285,73.01017900000001,2.794508,23942.7,10.0,5.0,10.0,10.0,15.0,7.0,12.0,6.0,3.0,10.0,24.0,4.0,7.0,4.0,24.0,10.0,8.0,4.0,9.0,9.0,3.0,8.0,23.0,10.0,1.0,16.0,7.0,14.0,13.0,2.0,13.0,4.0,7.0,6.0,6.0,14.0,15.0,8.0,7.0,5.0,12.0,6.0,7.0,10.0,11.0,14.0,8.0,16.0,6.0,2.0,9.3,5.319390789117391,8.0,12.0,4.0
San_Juan,2019-07-11,2019,7,11,28.80952381142857,75.1919725,2.184654,23772.9,5.0,10.0,10.0,13.0,9.0,12.0,14.0,7.0,8.0,10.0,7.0,5.0,12.0,8.0,8.0,8.0,19.0,14.0,26.0,6.0,8.0,4.0,12.0,14.0,9.0,11.0,5.0,14.0,15.0,15.0,6.0,9.0,7.0,12.0,8.0,4.0,11.0,5.0,9.0,10.0,10.0,5.0,7.0,14.0,13.0,13.0,8.0,4.0,12.0,6.0,9.82,4.197618372363071,8.0,12.0,4.0
San_Juan,2019-07-18,2019,7,18,29.12698412857143,72.76226614285714,1.652016,23624.0,16.0,6.0,6.0,4.0,8.0,10.0,3.0,3.0,18.0,10.0,11.0,10.0,8.0,6.0,13.0,5.0,5.0,6.0,11.0,10.0,8.0,9.0,9.0,6.0,10.0,10.0,10.0,5.0,14.0,10.0,5.0,9.0,3.0,6.0,7.0,0.0,11.0,10.0,13.0,9.0,8.0,18.0,10.0,19.0,8.0,11.0,3.0,9.0,6.0,6.0,8.62,3.9943327199359624,8.0,12.0,4.0
San_Juan,2019-07-25,2019,7,25,28.293650792857143,81.24202071428572,10.896854000000001,24069.6,10.0,8.0,12.0,11.0,12.0,9.0,7.0,12.0,6.0,15.0,7.0,12.0,7.0,15.0,4.0,13.0,11.0,8.0,7.0,8.0,8.0,13.0,6.0,14.0,6.0,11.0,9.0,8.0,8.0,2.0,5.0,13.0,16.0,7.0,11.0,18.0,2.0,10.0,2.0,23.0,9.0,6.0,4.0,11.0,12.0,8.0,7.0,2.0,9.0,8.0,9.24,4.201846047165654,8.0,12.0,4.0
San_Juan,2019-08-01,2019,8,1,29.087301588571428,76.0934305,0.07721599999999999,25587.3,9.0,9.0,12.0,4.0,17.0,5.0,5.0,9.0,10.0,14.0,13.0,4.0,13.0,4.0,8.0,16.0,14.0,12.0,20.0,10.0,8.0,9.0,4.0,10.0,14.0,4.0,11.0,11.0,16.0,6.0,9.0,8.0,14.0,7.0,18.0,13.0,19.0,8.0,3.0,14.0,12.0,5.0,2.0,10.0,14.0,8.0,13.0,10.0,7.0,7.0,10.04,4.3983299242381735,9.0,13.0,5.0
San_Juan,2019-08-08,2019,8,8,29.325396825714286,73.43845057142858,0.9906,26287.3,12.0,10.0,9.0,15.0,12.0,6.0,17.0,19.0,16.0,6.0,16.0,22.0,17.0,10.0,4.0,12.0,19.0,16.0,13.0,2.0,13.0,8.0,18.0,6.0,18.0,9.0,8.0,13.0,8.0,14.0,7.0,16.0,14.0,8.0,6.0,16.0,10.0,19.0,4.0,12.0,9.0,21.0,5.0,6.0,8.0,11.0,11.0,10.0,9.0,14.0,11.68,4.875762630039509,9.0,13.0,5.0
San_Juan,2019-08-15,2019,8,15,28.809523809999998,78.02910778571429,8.153908,26601.2,4.0,13.0,13.0,13.0,5.0,8.0,12.0,6.0,10.0,7.0,4.0,4.0,9.0,6.0,26.0,13.0,6.0,5.0,4.0,18.0,5.0,12.0,9.0,8.0,5.0,19.0,11.0,7.0,13.0,8.0,10.0,10.0,5.0,13.0,12.0,9.0,10.0,20.0,9.0,9.0,11.0,10.0,8.0,10.0,11.0,4.0,5.0,10.0,9.0,6.0,9.48,4.4959846030675426,9.0,13.0,5.0
San_Juan,2019-08-22,2019,8,22,29.325396824285715,74.54664757142858,0.863854,27557.6,14.0,3.0,10.0,11.0,13.0,6.0,12.0,9.0,10.0,13.0,11.0,10.0,14.0,20.0,11.0,12.0,6.0,15.0,7.0,4.0,9.0,10.0,12.0,3.0,9.0,15.0,15.0,12.0,16.0,15.0,8.0,7.0,11.0,11.0,7.0,11.0,7.0,11.0,6.0,9.0,14.0,15.0,9.0,11.0,11.0,7.0,5.0,7.0,10.0,7.0,10.22,3.5816425373431837,10.0,14.0,6.0
San_Juan,2019-08-29,2019,8,29,29.404761904285717,72.65607592857143,4.852162,27843.4,12.0,11.0,16.0,5.0,8.0,13.0,13.0,9.0,9.0,4.0,8.0,5.0,12.0,9.0,13.0,8.0,19.0,9.0,9.0,12.0,8.0,16.0,13.0,18.0,13.0,11.0,19.0,21.0,9.0,9.0,9.0,19.0,14.0,8.0,10.0,7.0,17.0,16.0,10.0,16.0,16.0,7.0,20.0,8.0,9.0,11.0,18.0,15.0,10.0,12.0,11.86,4.261886139890149,10.0,14.0,6.0
San_Juan,2019-09-05,2019,9,5,28.575396825714286,79.48869678571428,11.150599999999999,28320.3,10.0,6.0,10.0,6.0,10.0,24.0,12.0,4.0,16.0,5.0,10.0,2.0,6.0,10.0,32.0,13.0,15.0,12.0,15.0,7.0,11.0,3.0,10.0,11.0,9.0,10.0,7.0,11.0,12.0,12.0,12.0,6.0,6.0,5.0,14.0,12.0,3.0,14.0,12.0,9.0,6.0,16.0,6.0,10.0,12.0,21.0,9.0,10.0,6.0,7.0,10.34,5.343735603871287,10.0,14.0,6.0
San_Juan,2019-09-12,2019,9,12,30.0,75.07449514285715,3.353308,29011.300000000003,15.0,3.0,8.0,9.0,10.0,15.0,9.0,7.0,4.0,8.0,7.0,11.0,6.0,7.0,18.0,7.0,12.0,7.0,5.0,15.0,11.0,5.0,13.0,10.0,12.0,9.0,5.0,11.0,6.0,16.0,13.0,14.0,19.0,19.0,13.0,7.0,21.0,13.0,15.0,9.0,10.0,9.0,8.0,12.0,7.0,11.0,12.0,10.0,20.0,12.0,10.7,4.301162633521314,10.0,14.0,6.0
San_Juan,2019-09-19,2019,9,19,29.444444445714286,74.68730921428572,3.835908,27677.6,13.0,9.0,12.0,11.0,12.0,13.0,16.0,8.0,8.0,17.0,11.0,9.0,13.0,9.0,15.0,12.0,10.0,6.0,17.0,13.0,7.0,8.0,7.0,9.0,8.0,13.0,5.0,16.0,12.0,4.0,6.0,10.0,19.0,10.0,10.0,15.0,11.0,12.0,13.0,16.0,13.0,12.0,6.0,14.0,11.0,14.0,13.0,21.0,12.0,10.0,11.42,3.61453979908697,10.0,14.0,6.0
San_Juan,2019-09-26,2019,9,26,29.523809524285717,73.69565457142858,2.490216,25957.8,12.0,5.0,11.0,14.0,6.0,15.0,6.0,13.0,12.0,18.0,9.0,15.0,8.0,14.0,9.0,13.0,9.0,10.0,10.0,5.0,7.0,10.0,11.0,7.0,12.0,8.0,7.0,9.0,4.0,4.0,10.0,9.0,13.0,13.0,13.0,11.0,6.0,11.0,14.0,10.0,15.0,12.0,8.0,12.0,13.0,13.0,15.0,7.0,30.0,8.0,10.72,4.285904757672146,9.0,13.0,5.0
San_Juan,2019-10-03,2019,10,3,29.16666666714286,74.53151542857142,0.483616,25626.7,20.0,14.0,20.0,8.0,19.0,9.0,12.0,14.0,12.0,14.0,9.0,16.0,9.0,7.0,7.0,8.0,16.0,6.0,13.0,5.0,5.0,18.0,7.0,11.0,10.0,11.0,3.0,10.0,8.0,8.0,12.0,5.0,7.0,3.0,11.0,12.0,10.0,6.0,6.0,9.0,11.0,12.0,8.0,10.0,7.0,15.0,22.0,14.0,6.0,8.0,10.46,4.477654269268903,9.0,13.0,5.0
San_Juan,2019-10-10,2019,10,10,28.69047619,74.25992528571429,1.016762,25592.1,19.0,6.0,12.0,6.0,12.0,12.0,8.0,11.0,11.0,3.0,10.0,4.0,10.0,18.0,4.0,10.0,11.0,5.0,3.0,7.0,21.0,11.0,8.0,8.0,5.0,13.0,6.0,7.0,9.0,12.0,19.0,7.0,9.0,15.0,12.0,14.0,8.0,14.0,6.0,10.0,8.0,7.0,9.0,9.0,19.0,4.0,7.0,9.0,13.0,9.0,9.8,4.323641700120445,9.0,13.0,5.0
San_Juan,2019-10-17,2019,10,17,28.531746032857143,78.07971664285715,3.048508,24645.9,2.0,11.0,6.0,6.0,7.0,9.0,14.0,11.0,13.0,19.0,9.0,14.0,3.0,9.0,10.0,13.0,5.0,16.0,8.0,12.0,11.0,18.0,9.0,1.0,14.0,4.0,7.0,7.0,6.0,5.0,8.0,5.0,13.0,1.0,10.0,19.0,5.0,4.0,10.0,10.0,7.0,4.0,19.0,10.0,9.0,14.0,8.0,6.0,18.0,11.0,9.4,4.712120714991612,9.0,13.0,5.0
San_Juan,2019-10-24,2019,10,24,28.095238097142857,78.40996328571428,2.718054,23785.0,7.0,11.0,9.0,4.0,9.0,15.0,4.0,6.0,2.0,5.0,8.0,10.0,9.0,9.0,11.0,5.0,12.0,8.0,8.0,7.0,16.0,11.0,6.0,15.0,7.0,13.0,6.0,0.0,5.0,12.0,10.0,7.0,10.0,11.0,13.0,14.0,17.0,8.0,4.0,5.0,10.0,10.0,14.0,16.0,8.0,6.0,10.0,7.0,10.0,12.0,9.04,3.7686136681267604,8.0,12.0,4.0
San_Juan,2019-10-31,2019,10,31,27.6984127,77.84625307142856,6.401054,24277.6,10.0,18.0,9.0,6.0,6.0,7.0,4.0,7.0,11.0,8.0,7.0,5.0,6.0,9.0,10.0,12.0,7.0,11.0,5.0,12.0,7.0,7.0,8.0,9.0,5.0,9.0,12.0,8.0,5.0,12.0,9.0,4.0,11.0,10.0,8.0,9.0,15.0,9.0,9.0,13.0,6.0,4.0,11.0,6.0,6.0,8.0,7.0,11.0,7.0,11.0,8.52,2.9083974127006926,8.0,12.0,4.0
San_Juan,2019-11-07,2019,11,7,28.261904762857142,73.86950128571428,0.686054,25061.8,11.0,21.0,21.0,5.0,8.0,9.0,5.0,9.0,14.0,5.0,4.0,11.0,9.0,5.0,8.0,6.0,11.0,9.0,8.0,8.0,10.0,10.0,12.0,8.0,6.0,19.0,13.0,14.0,8.0,12.0,9.0,12.0,9.0,7.0,7.0,5.0,6.0,13.0,6.0,7.0,12.0,9.0,9.0,6.0,9.0,9.0,4.0,12.0,9.0,10.0,9.38,3.822009301668537,9.0,13.0,5.0
San_Juan,2019-11-14,2019,11,14,27.896825395714284,77.76461514285714,1.118362,24685.8,7.0,18.0,15.0,10.0,2.0,17.0,5.0,11.0,13.0,8.0,10.0,12.0,7.0,14.0,7.0,7.0,18.0,13.0,5.0,11.0,15.0,15.0,8.0,4.0,7.0,7.0,10.0,8.0,7.0,9.0,16.0,12.0,9.0,13.0,11.0,11.0,7.0,6.0,15.0,14.0,10.0,12.0,8.0,14.0,13.0,7.0,15.0,5.0,9.0,9.0,10.32,3.846227942771346,9.0,13.0,5.0
San_Juan,2019-11-21,2019,11,21,28.015873015714284,73.07492971428572,1.753108,24072.8,4.0,11.0,25.0,8.0,11.0,14.0,8.0,11.0,9.0,7.0,7.0,10.0,7.0,4.0,6.0,10.0,7.0,7.0,12.0,4.0,11.0,9.0,8.0,7.0,4.0,6.0,10.0,13.0,11.0,10.0,14.0,15.0,8.0,8.0,7.0,6.0,9.0,4.0,14.0,10.0,7.0,8.0,12.0,17.0,7.0,8.0,8.0,14.0,8.0,8.0,9.26,3.8055276659520594,8.0,12.0,4.0
San_Juan,2019-11-28,2019,11,28,27.61904762,76.79285314285714,2.9972,23324.3,5.0,7.0,8.0,8.0,2.0,6.0,9.0,6.0,6.0,3.0,8.0,9.0,10.0,6.0,10.0,7.0,5.0,6.0,17.0,8.0,7.0,6.0,12.0,9.0,10.0,4.0,8.0,7.0,12.0,7.0,5.0,4.0,11.0,11.0,3.0,5.0,6.0,5.0,5.0,10.0,21.0,14.0,8.0,10.0,8.0,16.0,11.0,11.0,8.0,8.0,8.16,3.627333872199823,8.0,12.0,4.0
San_Juan,2019-12-05,2019,12,5,27.817460317142856,75.41849642857143,4.064254,21945.1,11.0,9.0,5.0,16.0,8.0,4.0,11.0,11.0,10.0,13.0,6.0,12.0,3.0,12.0,9.0,8.0,8.0,14.0,7.0,4.0,4.0,16.0,6.0,8.0,9.0,11.0,10.0,5.0,12.0,9.0,5.0,12.0,7.0,14.0,9.0,6.0,4.0,3.0,8.0,8.0,17.0,17.0,11.0,6.0,7.0,9.0,9.0,8.0,3.0,10.0,8.88,3.673623579530384,8.0,12.0,4.0
San_Juan,2019-12-12,2019,12,12,27.301587301428572,77.06385542857143,5.4102,21234.8,11.0,3.0,2.0,6.0,7.0,12.0,8.0,8.0,14.0,10.0,15.0,9.0,4.0,4.0,2.0,12.0,4.0,5.0,12.0,12.0,3.0,7.0,2.0,4.0,5.0,4.0,8.0,16.0,7.0,7.0,13.0,5.0,4.0,5.0,7.0,9.0,12.0,3.0,5.0,10.0,8.0,15.0,11.0,13.0,4.0,12.0,10.0,13.0,10.0,9.0,8.02,3.9252713411993336,7.0,11.0,3.0
San_Juan,2019-12-19,2019,12,19,27.53968253857143,73.48919585714285,1.1945620000000001,21259.5,5.0,7.0,2.0,7.0,10.0,11.0,12.0,9.0,6.0,6.0,3.0,8.0,9.0,8.0,5.0,8.0,7.0,7.0,4.0,10.0,13.0,4.0,11.0,11.0,3.0,14.0,19.0,7.0,4.0,7.0,11.0,10.0,13.0,6.0,10.0,7.0,9.0,9.0,10.0,9.0,12.0,8.0,11.0,13.0,19.0,5.0,8.0,6.0,9.0,6.0,8.56,3.5809017220327535,7.0,11.0,3.0
San_Juan,2019-12-26,2019,12,26,26.865079364285716,80.56857228571428,2.794508,21032.0,11.0,13.0,11.0,10.0,11.0,6.0,5.0,7.0,6.0,9.0,7.0,15.0,5.0,13.0,6.0,2.0,11.0,10.0,8.0,10.0,10.0,7.0,19.0,5.0,8.0,8.0,8.0,11.0,8.0,8.0,14.0,12.0,10.0,14.0,15.0,9.0,14.0,8.0,8.0,6.0,18.0,6.0,3.0,7.0,13.0,9.0,3.0,10.0,2.0,7.0,9.12,3.783098826979528,7.0,11.0,3.0
San_Juan,2020-01-02,2020,1,2,26.587301587142857,79.31205671428572,3.8608000000000002,20775.3,7.0,2.0,4.0,7.0,4.0,7.0,8.0,9.0,5.0,8.0,5.0,21.0,3.0,21.0,6.0,7.0,6.0,11.0,11.0,11.0,9.0,9.0,4.0,11.0,7.0,9.0,6.0,9.0,5.0,13.0,6.0,4.0,13.0,9.0,3.0,3.0,2.0,7.0,3.0,12.0,6.0,6.0,15.0,9.0,12.0,10.0,13.0,7.0,3.0,13.0,8.02,4.2498019161521645,7.0,11.0,3.0
San_Juan,2020-01-09,2020,1,9,26.26984127,76.03699535714286,5.2832,20461.3,7.0,3.0,19.0,10.0,2.0,10.0,2.0,7.0,13.0,6.0,15.0,8.0,3.0,12.0,7.0,4.0,7.0,9.0,16.0,7.0,2.0,3.0,12.0,12.0,7.0,8.0,5.0,12.0,12.0,1.0,10.0,2.0,12.0,9.0,7.0,9.0,9.0,9.0,8.0,11.0,5.0,8.0,9.0,12.0,4.0,7.0,8.0,12.0,7.0,4.0,8.06,3.940423679696157,7.0,11.0,3.0
San_Juan,2020-01-16,2020,1,16,26.031746031428572,77.3956775,3.2258,19888.6,6.0,4.0,11.0,8.0,12.0,5.0,5.0,3.0,8.0,6.0,6.0,8.0,4.0,5.0,1.0,4.0,9.0,5.0,1.0,6.0,5.0,11.0,9.0,7.0,8.0,5.0,16.0,5.0,10.0,12.0,14.0,8.0,15.0,2.0,5.0,8.0,12.0,14.0,9.0,9.0,9.0,8.0,7.0,5.0,3.0,16.0,6.0,4.0,1.0,8.0,7.36,3.7891359200229497,7.0,11.0,3.0
San_Juan,2020-01-23,2020,1,23,26.111111112857145,80.92035878571428,10.617454,18387.2,7.0,13.0,8.0,7.0,5.0,4.0,5.0,5.0,3.0,5.0,4.0,4.0,5.0,6.0,6.0,11.0,7.0,6.0,6.0,21.0,11.0,0.0,4.0,12.0,11.0,1.0,7.0,5.0,2.0,5.0,3.0,14.0,6.0,9.0,7.0,16.0,5.0,13.0,3.0,7.0,11.0,5.0,5.0,11.0,3.0,3.0,9.0,9.0,5.0,4.0,6.88,4.038791494332664,6.0,9.0,3.0
San_Juan,2020-01-30,2020,1,30,27.182539681428572,66.925105,0.077216,15334.9,6.0,3.0,2.0,7.0,5.0,4.0,8.0,7.0,1.0,7.0,4.0,5.0,4.0,11.0,8.0,7.0,4.0,7.0,12.0,6.0,6.0,2.0,3.0,11.0,6.0,7.0,2.0,5.0,6.0,14.0,3.0,4.0,4.0,13.0,3.0,9.0,8.0,4.0,5.0,3.0,7.0,5.0,3.0,12.0,8.0,4.0,7.0,2.0,3.0,3.0,5.8,3.077237032648288,5.0,8.0,2.0
San_Juan,2020-02-06,2020,2,6,27.182539682857144,66.81566292857143,1.041654,12118.7,8.0,3.0,6.0,5.0,4.0,1.0,8.0,10.0,2.0,3.0,4.0,3.0,1.0,3.0,6.0,9.0,7.0,1.0,3.0,1.0,2.0,7.0,1.0,5.0,2.0,7.0,4.0,13.0,1.0,7.0,2.0,3.0,5.0,3.0,1.0,3.0,6.0,1.0,6.0,5.0,3.0,9.0,6.0,1.0,4.0,5.0,1.0,3.0,1.0,9.0,4.28,2.8787752497851424,4.0,7.0,1.0
San_Juan,2020-02-13,2020,2,13,26.50793650714286,74.08851800000001,3.8354,10547.6,7.0,0.0,10.0,7.0,6.0,6.0,9.0,1.0,5.0,9.0,3.0,4.0,7.0,2.0,4.0,4.0,1.0,2.0,4.0,5.0,5.0,4.0,2.0,8.0,4.0,2.0,4.0,1.0,5.0,6.0,11.0,4.0,2.0,2.0,5.0,5.0,5.0,7.0,6.0,5.0,5.0,0.0,2.0,4.0,5.0,6.0,1.0,0.0,5.0,4.0,4.42,2.56419617830156,3.0,5.0,1.0
San_Juan,2020-02-20,2020,2,20,25.833333334285715,74.72138400000001,15.875,10776.4,1.0,1.0,6.0,2.0,0.0,4.0,0.0,6.0,4.0,1.0,5.0,5.0,4.0,3.0,3.0,3.0,7.0,2.0,1.0,0.0,1.0,2.0,2.0,2.0,10.0,5.0,7.0,2.0,2.0,5.0,12.0,6.0,2.0,2.0,0.0,7.0,2.0,2.0,2.0,6.0,3.0,4.0,2.0,2.0,3.0,3.0,5.0,4.0,5.0,5.0,3.46,2.5006937812845265,3.0,5.0,1.0
San_Juan,2020-02-27,2020,2,27,25.317460320000002,77.8663672142857,0.457708,12368.8,1.0,13.0,4.0,1.0,4.0,4.0,4.0,11.0,4.0,5.0,4.0,2.0,1.0,7.0,2.0,1.0,8.0,2.0,6.0,1.0,10.0,5.0,1.0,7.0,5.0,1.0,10.0,4.0,6.0,9.0,12.0,3.0,4.0,9.0,9.0,10.0,4.0,9.0,2.0,7.0,4.0,4.0,7.0,8.0,2.0,1.0,3.0,9.0,7.0,7.0,5.28,3.3076287825669475,4.0,7.0,1.0
San_Juan,2020-03-05,2020,3,5,25.158730157142855,79.04281042857143,6.8834,14335.9,11.0,6.0,5.0,6.0,3.0,5.0,11.0,4.0,4.0,6.0,6.0,2.0,4.0,7.0,5.0,3.0,11.0,4.0,4.0,0.0,6.0,7.0,5.0,3.0,3.0,9.0,6.0,5.0,4.0,3.0,7.0,8.0,3.0,9.0,2.0,12.0,6.0,2.0,2.0,7.0,2.0,8.0,6.0,4.0,2.0,13.0,7.0,7.0,7.0,4.0,5.52,2.8730983062803506,5.0,8.0,2.0
San_Juan,2020-03-12,2020,3,12,25.476190477142858,75.111492,1.600454,15303.1,9.0,2.0,7.0,4.0,4.0,4.0,3.0,15.0,4.0,6.0,6.0,3.0,6.0,12.0,6.0,5.0,3.0,5.0,7.0,7.0,5.0,6.0,3.0,6.0,18.0,9.0,10.0,2.0,13.0,3.0,0.0,4.0,6.0,2.0,4.0,6.0,8.0,5.0,9.0,7.0,6.0,6.0,12.0,7.0,7.0,7.0,8.0,12.0,12.0,5.0,6.52,3.55849085187206,5.0,8.0,2.0
San_Juan,2020-03-19,2020,3,19,25.317460318571428,75.4733705,2.8956,14979.9,9.0,5.0,1.0,11.0,5.0,1.0,6.0,6.0,8.0,8.0,2.0,4.0,5.0,6.0,10.0,4.0,10.0,7.0,3.0,3.0,2.0,6.0,3.0,6.0,3.0,7.0,22.0,5.0,11.0,2.0,1.0,4.0,4.0,4.0,3.0,7.0,4.0,2.0,7.0,13.0,5.0,2.0,9.0,5.0,11.0,5.0,6.0,14.0,7.0,0.0,5.88,3.972558934716503,5.0,8.0,2.0
San_Juan,2020-03-26,2020,3,26,25.952380951428573,72.33423471428571,0.8392160000000001,14073.9,4.0,5.0,11.0,5.0,8.0,2.0,9.0,12.0,10.0,1.0,1.0,7.0,3.0,7.0,4.0,3.0,3.0,8.0,3.0,3.0,5.0,3.0,10.0,4.0,4.0,2.0,9.0,7.0,4.0,11.0,2.0,10.0,7.0,5.0,6.0,14.0,8.0,10.0,5.0,4.0,1.0,7.0,2.0,3.0,6.0,5.0,10.0,10.0,3.0,5.0,5.82,3.2619638506987334,5.0,8.0,2.0
San_Juan,2020-04-02,2020,4,2,27.182539682857144,75.51322164285715,8.026654,13666.4,10.0,17.0,2.0,4.0,10.0,6.0,3.0,8.0,11.0,2.0,6.0,8.0,8.0,2.0,21.0,6.0,3.0,12.0,2.0,2.0,3.0,4.0,3.0,7.0,5.0,8.0,18.0,0.0,3.0,7.0,13.0,2.0,5.0,3.0,7.0,1.0,8.0,1.0,2.0,5.0,3.0,6.0,5.0,6.0,12.0,5.0,4.0,4.0,1.0,2.0,5.92,4.548334523622412,5.0,8.0,2.0
San_Juan,2020-04-09,2020,4,9,27.65873016,77.82041728571429,0.686816,14291.4,6.0,3.0,12.0,11.0,2.0,9.0,8.0,2.0,6.0,3.0,8.0,6.0,5.0,6.0,7.0,1.0,7.0,13.0,8.0,2.0,3.0,12.0,4.0,7.0,7.0,5.0,6.0,2.0,2.0,6.0,8.0,3.0,9.0,5.0,7.0,7.0,2.0,1.0,3.0,6.0,9.0,4.0,10.0,6.0,4.0,9.0,9.0,5.0,3.0,3.0,5.84,3.039602551892169,5.0,8.0,2.0
San_Juan,2020-04-16,2020,4,16,27.182539684285718,74.58660878571428,1.7279619999999998,14516.2,7.0,9.0,7.0,5.0,7.0,7.0,1.0,17.0,9.0,12.0,10.0,1.0,5.0,7.0,7.0,3.0,3.0,4.0,11.0,3.0,4.0,1.0,2.0,11.0,5.0,0.0,0.0,4.0,3.0,7.0,9.0,3.0,9.0,6.0,4.0,8.0,3.0,15.0,5.0,7.0,14.0,5.0,3.0,2.0,7.0,12.0,11.0,4.0,11.0,2.0,6.24,3.997754471741171,5.0,8.0,2.0
San_Juan,2020-04-23,2020,4,23,27.936507937142856,68.38230692857142,0.153416,13628.1,2.0,4.0,4.0,5.0,1.0,4.0,1.0,0.0,5.0,2.0,11.0,9.0,11.0,9.0,13.0,14.0,15.0,4.0,10.0,5.0,5.0,5.0,6.0,5.0,10.0,4.0,6.0,7.0,3.0,13.0,3.0,4.0,5.0,7.0,4.0,5.0,7.0,9.0,4.0,3.0,5.0,7.0,10.0,4.0,6.0,10.0,6.0,11.0,9.0,6.0,6.36,3.5153308550416935,5.0,8.0,2.0
San_Juan,2020-04-30,2020,4,30,28.095238095714283,71.51521335714285,0.559308,12700.4,7.0,4.0,5.0,1.0,7.0,9.0,1.0,0.0,4.0,7.0,2.0,5.0,7.0,2.0,3.0,4.0,8.0,5.0,2.0,2.0,6.0,5.0,5.0,3.0,10.0,3.0,3.0,4.0,8.0,4.0,1.0,5.0,4.0,0.0,4.0,8.0,4.0,2.0,3.0,1.0,6.0,7.0,6.0,1.0,10.0,4.0,3.0,2.0,6.0,2.0,4.3,2.5495097567963922,4.0,7.0,1.0
San_Juan,2020-05-07,2020,5,7,29.087301585714282,66.41929435714285,2.540254,11800.3,3.0,3.0,4.0,2.0,2.0,9.0,0.0,5.0,4.0,12.0,7.0,7.0,7.0,10.0,8.0,2.0,4.0,6.0,8.0,3.0,4.0,5.0,2.0,4.0,5.0,2.0,3.0,2.0,8.0,0.0,5.0,4.0,7.0,2.0,4.0,7.0,4.0,2.0,7.0,4.0,8.0,1.0,3.0,7.0,3.0,7.0,7.0,3.0,3.0,9.0,4.76,2.6920896973866806,4.0,7.0,1.0
San_Juan,2020-05-14,2020,5,14,28.69047619,67.51509485714287,0.406654,10902.3,5.0,14.0,2.0,5.0,8.0,11.0,7.0,4.0,6.0,0.0,1.0,0.0,6.0,3.0,0.0,7.0,3.0,6.0,6.0,1.0,6.0,0.0,5.0,9.0,5.0,7.0,7.0,5.0,7.0,13.0,5.0,6.0,7.0,10.0,9.0,1.0,10.0,0.0,9.0,5.0,6.0,9.0,5.0,2.0,4.0,6.0,1.0,1.0,6.0,0.0,5.22,3.4775665899814343,4.0,7.0,1.0
San_Juan,2020-05-21,2020,5,21,29.801587301428572,68.42882778571429,0.381254,10701.9,1.0,4.0,4.0,5.0,4.0,0.0,9.0,4.0,2.0,7.0,3.0,5.0,2.0,3.0,0.0,0.0,4.0,8.0,4.0,4.0,5.0,4.0,2.0,7.0,1.0,5.0,5.0,3.0,7.0,3.0,2.0,12.0,0.0,12.0,11.0,3.0,7.0,1.0,1.0,4.0,2.0,3.0,3.0,4.0,4.0,6.0,3.0,0.0,3.0,1.0,3.94,2.91659572314109,3.0,5.0,1.0
San_Juan,2020-05-28,2020,5,28,28.968253968571428,71.31609807142857,1.067308,11369.5,9.0,1.0,8.0,2.0,4.0,5.0,0.0,5.0,3.0,2.0,9.0,6.0,2.0,1.0,5.0,12.0,6.0,2.0,8.0,3.0,4.0,3.0,4.0,5.0,10.0,3.0,4.0,4.0,5.0,5.0,5.0,6.0,1.0,8.0,2.0,10.0,4.0,6.0,2.0,1.0,9.0,9.0,7.0,5.0,5.0,7.0,3.0,8.0,2.0,5.0,4.9,2.815771906346718,4.0,7.0,1.0
San_Juan,2020-06-04,2020,6,4,28.650793651428568,72.66416564285714,1.575054,12424.3,8.0,8.0,0.0,8.0,7.0,3.0,4.0,0.0,4.0,4.0,0.0,8.0,18.0,3.0,4.0,3.0,3.0,17.0,1.0,3.0,4.0,6.0,5.0,9.0,2.0,1.0,1.0,8.0,5.0,13.0,1.0,0.0,4.0,2.0,10.0,5.0,0.0,4.0,10.0,9.0,4.0,2.0,4.0,2.0,5.0,2.0,4.0,10.0,10.0,2.0,5.0,4.120630029101703,4.0,7.0,1.0
San_Juan,2020-06-11,2020,6,11,29.365079364285716,71.292054,1.854708,13834.1,5.0,6.0,4.0,11.0,3.0,3.0,3.0,6.0,3.0,10.0,5.0,2.0,5.0,10.0,4.0,7.0,4.0,9.0,4.0,5.0,8.0,6.0,5.0,7.0,8.0,12.0,9.0,2.0,1.0,6.0,4.0,2.0,7.0,6.0,4.0,3.0,10.0,9.0,13.0,4.0,5.0,7.0,7.0,5.0,4.0,2.0,6.0,7.0,5.0,4.0,5.74,2.7613217775521335,5.0,8.0,2.0
San_Juan,2020-06-18,2020,6,18,29.444444442857144,75.77101300000001,4.445507999999999,15570.1,7.0,4.0,8.0,2.0,8.0,6.0,6.0,5.0,14.0,9.0,7.0,6.0,9.0,10.0,8.0,8.0,6.0,7.0,2.0,13.0,8.0,6.0,5.0,2.0,7.0,6.0,1.0,5.0,5.0,13.0,2.0,6.0,8.0,5.0,8.0,5.0,3.0,4.0,3.0,8.0,3.0,7.0,5.0,5.0,11.0,9.0,4.0,13.0,9.0,6.0,6.54,3.0183790757454507,5.0,8.0,2.0
San_Juan,2020-06-25,2020,6,25,29.325396825714286,75.59407507142858,2.5661620000000003,17683.1,5.0,4.0,11.0,7.0,5.0,5.0,10.0,12.0,10.0,4.0,7.0,1.0,3.0,7.0,3.0,8.0,2.0,13.0,8.0,6.0,10.0,12.0,6.0,9.0,6.0,8.0,5.0,9.0,2.0,11.0,10.0,13.0,7.0,0.0,4.0,13.0,4.0,4.0,7.0,5.0,9.0,4.0,9.0,2.0,2.0,6.0,7.0,17.0,17.0,3.0,7.04,3.9277141921873855,6.0,9.0,3.0
San_Juan,2020-07-02,2020,7,2,29.563492062857144,75.62186421428571,2.184654,20050.9,3.0,11.0,21.0,11.0,7.0,3.0,4.0,6.0,11.0,10.0,12.0,11.0,4.0,6.0,2.0,3.0,3.0,7.0,9.0,13.0,6.0,10.0,7.0,1.0,6.0,5.0,5.0,6.0,3.0,7.0,4.0,8.0,9.0,8.0,6.0,6.0,9.0,13.0,3.0,9.0,6.0,8.0,14.0,4.0,13.0,10.0,6.0,9.0,6.0,9.0,7.46,3.7699672493570136,7.0,11.0,3.0
San_Juan,2020-07-09,2020,7,9,29.246031742857145,76.25752435714286,4.089654,22777.4,16.0,9.0,10.0,24.0,5.0,5.0,14.0,10.0,8.0,11.0,4.0,15.0,3.0,7.0,11.0,9.0,10.0,11.0,5.0,10.0,9.0,7.0,10.0,6.0,5.0,4.0,13.0,15.0,7.0,18.0,8.0,12.0,13.0,11.0,9.0,12.0,10.0,8.0,17.0,13.0,11.0,11.0,13.0,10.0,13.0,5.0,6.0,13.0,16.0,9.0,10.22,4.127014041405624,8.0,12.0,4.0
San_Juan,2020-07-16,2020,7,16,28.80952381142857,74.85938035714285,2.057654,25357.2,14.0,7.0,11.0,12.0,11.0,8.0,13.0,18.0,8.0,11.0,16.0,5.0,11.0,6.0,15.0,7.0,5.0,6.0,11.0,6.0,16.0,9.0,10.0,2.0,13.0,5.0,13.0,6.0,8.0,13.0,14.0,9.0,9.0,9.0,4.0,3.0,5.0,5.0,11.0,10.0,7.0,6.0,16.0,10.0,9.0,12.0,8.0,15.0,11.0,11.0,9.6,3.779644730092272,9.0,13.0,5.0
San_Juan,2020-07-23,2020,7,23,28.968253967142857,79.07712335714287,6.426200000000001,26722.8,8.0,13.0,20.0,9.0,18.0,12.0,18.0,19.0,8.0,18.0,8.0,6.0,12.0,9.0,20.0,13.0,6.0,8.0,5.0,11.0,10.0,3.0,7.0,14.0,9.0,3.0,5.0,4.0,21.0,8.0,13.0,6.0,10.0,9.0,2.0,13.0,9.0,12.0,8.0,12.0,11.0,2.0,16.0,13.0,11.0,8.0,2.0,25.0,7.0,9.0,10.46,5.346026561849464,9.0,13.0,5.0
San_Juan,2020-07-30,2020,7,30,29.246031745714284,75.04004621428571,11.608054,27050.7,6.0,8.0,13.0,13.0,5.0,8.0,15.0,6.0,7.0,11.0,12.0,6.0,11.0,8.0,8.0,12.0,5.0,11.0,14.0,13.0,10.0,8.0,17.0,9.0,7.0,6.0,8.0,16.0,11.0,11.0,10.0,12.0,7.0,9.0,3.0,10.0,14.0,9.0,16.0,16.0,5.0,8.0,8.0,8.0,12.0,10.0,13.0,7.0,10.0,10.0,9.84,3.2972468416383203,9.0,13.0,5.0
San_Juan,2020-08-06,2020,8,6,29.246031745714284,75.60074278571429,1.8293080000000002,26616.3,14.0,8.0,12.0,19.0,10.0,8.0,8.0,5.0,7.0,18.0,15.0,11.0,9.0,6.0,6.0,16.0,4.0,5.0,6.0,11.0,21.0,8.0,14.0,7.0,10.0,13.0,7.0,19.0,9.0,12.0,4.0,8.0,8.0,9.0,15.0,7.0,11.0,18.0,2.0,10.0,13.0,15.0,9.0,8.0,7.0,7.0,19.0,13.0,9.0,8.0,10.36,4.498344366632719,9.0,13.0,5.0
San_Juan,2020-08-13,2020,8,13,29.603174604285716,75.41404935714286,1.2702540000000002,25766.7,14.0,11.0,5.0,2.0,11.0,16.0,11.0,4.0,7.0,13.0,11.0,11.0,21.0,11.0,14.0,8.0,13.0,12.0,12.0,8.0,3.0,8.0,17.0,8.0,6.0,15.0,3.0,1.0,10.0,17.0,5.0,10.0,9.0,10.0,4.0,4.0,7.0,13.0,6.0,10.0,10.0,14.0,10.0,4.0,6.0,18.0,11.0,11.0,7.0,11.0,9.66,4.424468145138683,9.0,13.0,5.0
San_Juan,2020-08-20,2020,8,20,28.452380951428573,80.5574007142857,4.8260000000000005,25971.5,5.0,12.0,14.0,13.0,5.0,6.0,13.0,7.0,8.0,13.0,5.0,9.0,10.0,12.0,12.0,7.0,8.0,6.0,11.0,5.0,12.0,6.0,7.0,17.0,8.0,12.0,23.0,11.0,18.0,16.0,13.0,8.0,6.0,15.0,13.0,11.0,13.0,11.0,8.0,7.0,12.0,16.0,17.0,10.0,14.0,13.0,22.0,13.0,4.0,15.0,11.04,4.361052110466473,9.0,13.0,5.0
San_Juan,2020-08-27,2020,8,27,29.246031744285716,80.27783,1.371854,27247.7,18.0,12.0,2.0,14.0,13.0,6.0,21.0,19.0,13.0,14.0,15.0,13.0,7.0,18.0,16.0,11.0,6.0,11.0,3.0,17.0,7.0,17.0,18.0,18.0,19.0,11.0,14.0,17.0,16.0,19.0,13.0,5.0,8.0,9.0,15.0,10.0,6.0,5.0,16.0,6.0,4.0,9.0,9.0,14.0,7.0,8.0,13.0,7.0,2.0,10.0,11.62,5.1185536860264245,10.0,14.0,6.0
San_Juan,2020-09-03,2020,9,3,28.571428571428573,80.07114028571428,6.197854,28645.9,21.0,12.0,14.0,5.0,10.0,10.0,11.0,9.0,13.0,11.0,5.0,12.0,15.0,18.0,5.0,6.0,12.0,11.0,13.0,9.0,16.0,16.0,4.0,10.0,11.0,11.0,9.0,12.0,13.0,9.0,5.0,7.0,12.0,11.0,9.0,7.0,1.0,10.0,10.0,10.0,7.0,7.0,14.0,11.0,18.0,10.0,13.0,13.0,10.0,11.0,10.58,3.801664511924282,10.0,14.0,6.0
San_Juan,2020-09-10,2020,9,10,29.047619047142856,75.48562249999999,0.838454,29769.7,20.0,12.0,13.0,12.0,9.0,11.0,16.0,12.0,16.0,14.0,6.0,5.0,16.0,14.0,12.0,12.0,14.0,6.0,9.0,9.0,6.0,4.0,9.0,3.0,14.0,10.0,9.0,8.0,8.0,2.0,16.0,13.0,9.0,21.0,4.0,16.0,22.0,12.0,18.0,10.0,9.0,9.0,25.0,10.0,12.0,8.0,20.0,13.0,9.0,22.0,11.78,5.187465269123963,10.0,14.0,6.0
San_Juan,2020-09-17,2020,9,17,29.60317460285714,71.58383764285715,0.889508,29266.7,14.0,6.0,10.0,4.0,14.0,11.0,8.0,14.0,13.0,12.0,4.0,14.0,4.0,13.0,12.0,10.0,7.0,13.0,6.0,12.0,17.0,10.0,14.0,9.0,16.0,8.0,13.0,6.0,11.0,17.0,18.0,10.0,12.0,30.0,12.0,8.0,18.0,7.0,10.0,9.0,7.0,17.0,8.0,3.0,12.0,15.0,2.0,5.0,23.0,10.0,11.16,5.187740650921603,10.0,14.0,6.0
San_Juan,2020-09-24,2020,9,24,28.76984127,78.81795414285715,4.8262540000000005,27389.8,8.0,8.0,8.0,14.0,7.0,7.0,11.0,10.0,5.0,8.0,6.0,24.0,12.0,13.0,9.0,16.0,15.0,7.0,7.0,15.0,14.0,10.0,5.0,24.0,7.0,9.0,13.0,17.0,7.0,7.0,5.0,10.0,8.0,15.0,5.0,16.0,10.0,3.0,11.0,2.0,10.0,13.0,11.0,9.0,8.0,7.0,10.0,5.0,7.0,12.0,10.0,4.562491263620375,10.0,14.0,6.0
San_Juan,2020-10-01,2020,10,1,27.896825395714284,77.50395721428572,4.902200000000001,26337.9,4.0,11.0,12.0,10.0,10.0,21.0,9.0,4.0,12.0,6.0,11.0,2.0,7.0,10.0,5.0,8.0,12.0,13.0,17.0,3.0,14.0,16.0,8.0,16.0,8.0,12.0,8.0,6.0,7.0,11.0,15.0,23.0,10.0,4.0,10.0,12.0,12.0,12.0,3.0,6.0,7.0,24.0,17.0,11.0,15.0,10.0,19.0,19.0,11.0,5.0,10.76,5.168823337460621,9.0,13.0,5.0
San_Juan,2020-10-08,2020,10,8,28.76984127,78.51804307142856,3.633216,26732.7,12.0,11.0,13.0,4.0,9.0,14.0,10.0,18.0,24.0,15.0,8.0,6.0,11.0,4.0,5.0,8.0,5.0,9.0,8.0,6.0,8.0,2.0,8.0,6.0,21.0,20.0,14.0,4.0,11.0,14.0,9.0,6.0,18.0,13.0,4.0,10.0,13.0,11.0,5.0,11.0,14.0,11.0,10.0,6.0,8.0,8.0,16.0,10.0,8.0,10.0,10.18,4.745309176826466,9.0,13.0,5.0
San_Juan,2020-10-15,2020,10,15,28.174603175714285,77.36431714285713,0.864362,26907.9,12.0,14.0,3.0,16.0,11.0,11.0,18.0,16.0,11.0,14.0,15.0,5.0,6.0,9.0,11.0,14.0,3.0,13.0,14.0,6.0,14.0,3.0,15.0,7.0,11.0,8.0,4.0,7.0,6.0,4.0,15.0,8.0,15.0,6.0,18.0,8.0,18.0,10.0,11.0,5.0,12.0,9.0,8.0,9.0,7.0,8.0,7.0,6.0,6.0,15.0,10.04,4.323452890683462,9.0,13.0,5.0
San_Juan,2020-10-22,2020,10,22,29.007936508571426,75.99336342857143,4.3434,26237.1,14.0,17.0,10.0,8.0,10.0,6.0,11.0,12.0,18.0,12.0,20.0,6.0,13.0,4.0,14.0,9.0,15.0,9.0,10.0,14.0,16.0,6.0,5.0,10.0,15.0,6.0,19.0,9.0,12.0,6.0,6.0,8.0,13.0,8.0,9.0,10.0,13.0,13.0,6.0,3.0,14.0,12.0,12.0,7.0,7.0,18.0,11.0,8.0,3.0,12.0,10.58,4.19470025199437,9.0,13.0,5.0
San_Juan,2020-10-29,2020,10,29,28.055555555714285,76.36212435714286,3.073654,25483.3,10.0,6.0,10.0,12.0,6.0,18.0,9.0,6.0,8.0,13.0,15.0,14.0,9.0,2.0,9.0,4.0,10.0,4.0,9.0,15.0,5.0,10.0,9.0,7.0,11.0,14.0,7.0,8.0,16.0,25.0,13.0,14.0,6.0,8.0,13.0,4.0,9.0,4.0,10.0,11.0,11.0,16.0,3.0,6.0,7.0,10.0,9.0,8.0,9.0,5.0,9.54,4.334060640167955,9.0,13.0,5.0
San_Juan,2020-11-05,2020,11,5,26.904761904285717,81.92420085714286,14.046454,25138.4,5.0,11.0,8.0,10.0,5.0,6.0,8.0,1.0,12.0,9.0,4.0,7.0,7.0,4.0,16.0,12.0,5.0,7.0,17.0,15.0,13.0,8.0,19.0,10.0,8.0,5.0,15.0,8.0,17.0,10.0,13.0,9.0,6.0,5.0,13.0,6.0,12.0,2.0,13.0,9.0,9.0,7.0,17.0,3.0,4.0,11.0,10.0,12.0,10.0,6.0,9.18,4.250762236568488,9.0,13.0,5.0
San_Juan,2020-11-12,2020,11,12,26.984126981428574,79.63604278571428,1.981454,25661.5,8.0,10.0,8.0,8.0,11.0,17.0,7.0,12.0,11.0,13.0,14.0,10.0,16.0,7.0,14.0,13.0,16.0,7.0,14.0,5.0,12.0,10.0,12.0,7.0,8.0,6.0,9.0,12.0,6.0,10.0,9.0,17.0,11.0,12.0,7.0,4.0,12.0,18.0,8.0,17.0,4.0,5.0,6.0,8.0,11.0,16.0,13.0,8.0,4.0,12.0,10.3,3.786388080199592,9.0,13.0,5.0
San_Juan,2020-11-19,2020,11,19,27.34126984,78.59881207142858,2.6416,26551.4,17.0,7.0,8.0,7.0,8.0,13.0,11.0,6.0,9.0,13.0,5.0,10.0,11.0,5.0,10.0,15.0,5.0,3.0,16.0,14.0,9.0,7.0,18.0,17.0,7.0,8.0,14.0,16.0,14.0,10.0,5.0,2.0,12.0,9.0,12.0,11.0,5.0,12.0,14.0,19.0,12.0,4.0,11.0,6.0,16.0,8.0,8.0,10.0,14.0,17.0,10.4,4.285714285714286,9.0,13.0,5.0
San_Juan,2020-11-26,2020,11,26,26.071428571428573,78.11850328571428,0.38227,26925.0,11.0,4.0,12.0,16.0,7.0,9.0,15.0,7.0,10.0,20.0,24.0,12.0,12.0,3.0,10.0,21.0,7.0,16.0,5.0,4.0,12.0,7.0,9.0,6.0,10.0,8.0,17.0,7.0,8.0,5.0,10.0,10.0,13.0,10.0,8.0,14.0,11.0,6.0,14.0,13.0,12.0,12.0,13.0,8.0,9.0,11.0,16.0,6.0,5.0,15.0,10.6,4.5175395145262565,9.0,13.0,5.0
San_Juan,2020-12-03,2020,12,3,25.912698412857143,75.96814335714285,0.610108,26603.0,5.0,14.0,7.0,7.0,4.0,13.0,6.0,10.0,9.0,8.0,4.0,7.0,6.0,3.0,15.0,12.0,15.0,4.0,17.0,9.0,4.0,10.0,7.0,16.0,7.0,8.0,9.0,6.0,19.0,11.0,15.0,6.0,7.0,12.0,8.0,7.0,11.0,10.0,12.0,18.0,12.0,14.0,0.0,7.0,9.0,7.0,7.0,7.0,10.0,10.0,9.22,4.117112124402001,9.0,13.0,5.0
San_Juan,2020-12-10,2020,12,10,26.34920635,78.71481014285715,2.565654,26064.5,16.0,8.0,14.0,5.0,6.0,6.0,6.0,15.0,9.0,12.0,5.0,15.0,8.0,8.0,21.0,7.0,7.0,16.0,7.0,10.0,19.0,5.0,11.0,9.0,8.0,8.0,7.0,9.0,8.0,8.0,13.0,14.0,12.0,4.0,14.0,10.0,4.0,12.0,10.0,24.0,6.0,9.0,10.0,1.0,10.0,13.0,14.0,16.0,10.0,3.0,10.04,4.650916082683418,9.0,13.0,5.0
San_Juan,2020-12-17,2020,12,17,26.587301590000003,79.39229885714285,3.048254,25672.1,11.0,13.0,5.0,5.0,14.0,10.0,11.0,4.0,5.0,11.0,10.0,13.0,16.0,18.0,10.0,4.0,17.0,7.0,13.0,8.0,10.0,4.0,8.0,4.0,14.0,6.0,7.0,6.0,10.0,5.0,9.0,15.0,4.0,1.0,11.0,16.0,18.0,11.0,5.0,10.0,11.0,10.0,12.0,17.0,11.0,16.0,10.0,13.0,7.0,9.0,9.9,4.267819784654187,9.0,13.0,5.0
San_Juan,2020-12-24,2020,12,24,25.714285715714286,79.05809078571428,5.334508,24645.2,12.0,18.0,14.0,11.0,5.0,10.0,5.0,20.0,7.0,8.0,11.0,18.0,29.0,6.0,14.0,19.0,13.0,22.0,10.0,6.0,8.0,5.0,14.0,9.0,6.0,17.0,7.0,10.0,10.0,9.0,10.0,16.0,6.0,10.0,7.0,14.0,14.0,6.0,15.0,9.0,13.0,8.0,35.0,4.0,15.0,13.0,12.0,5.0,5.0,7.0,11.54,6.168418578136704,9.0,13.0,5.0
San_Juan,2020-12-31,2020,12,31,24.92063492142857,74.0402375,1.270254,22604.3,19.0,12.0,3.0,7.0,8.0,11.0,8.0,4.0,9.0,13.0,13.0,4.0,5.0,3.0,8.0,15.0,7.0,5.0,2.0,7.0,8.0,3.0,9.0,3.0,10.0,12.0,16.0,14.0,5.0,7.0,8.0,13.0,7.0,7.0,4.0,2.0,9.0,13.0,6.0,4.0,5.0,7.0,7.0,8.0,13.0,18.0,3.0,18.0,7.0,9.0,8.36,4.39740183030194,8.0,12.0,4.0
San_Juan,2021-01-07,2021,1,7,25.714285715714286,76.68202857142856,0.127762,21099.1,7.0,3.0,4.0,4.0,14.0,3.0,2.0,12.0,7.0,8.0,7.0,5.0,8.0,10.0,13.0,11.0,6.0,9.0,20.0,3.0,5.0,11.0,5.0,5.0,8.0,1.0,11.0,4.0,13.0,6.0,8.0,4.0,6.0,3.0,9.0,3.0,16.0,5.0,7.0,10.0,5.0,10.0,1.0,7.0,9.0,7.0,6.0,4.0,3.0,10.0,7.16,3.940164712189539,7.0,11.0,3.0
San_Juan,2021-01-14,2021,1,14,26.150793651428575,77.75755892857144,0.9405620000000001,20341.9,12.0,1.0,9.0,12.0,9.0,7.0,12.0,7.0,6.0,9.0,6.0,4.0,6.0,13.0,10.0,3.0,16.0,7.0,5.0,12.0,9.0,9.0,3.0,8.0,4.0,14.0,6.0,3.0,11.0,3.0,6.0,3.0,11.0,11.0,17.0,5.0,7.0,7.0,7.0,9.0,7.0,9.0,13.0,6.0,6.0,8.0,10.0,3.0,7.0,10.0,7.96,3.5740561762541465,7.0,11.0,3.0
San_Juan,2021-01-21,2021,1,21,25.873015874285716,74.96477164285714,0.229362,19261.3,6.0,10.0,7.0,4.0,9.0,8.0,13.0,6.0,3.0,2.0,11.0,9.0,10.0,2.0,16.0,12.0,5.0,6.0,16.0,6.0,5.0,3.0,11.0,17.0,3.0,7.0,12.0,2.0,9.0,8.0,7.0,8.0,6.0,3.0,6.0,24.0,4.0,11.0,6.0,9.0,3.0,7.0,8.0,5.0,4.0,3.0,8.0,10.0,2.0,8.0,7.6,4.421653583012046,7.0,11.0,3.0
San_Juan,2021-01-28,2021,1,28,25.753968254285716,74.4683085,2.997708,17520.2,5.0,4.0,4.0,6.0,3.0,8.0,4.0,14.0,11.0,4.0,10.0,2.0,5.0,8.0,6.0,5.0,8.0,3.0,14.0,3.0,6.0,3.0,4.0,17.0,6.0,20.0,3.0,3.0,11.0,17.0,12.0,15.0,4.0,8.0,8.0,7.0,2.0,1.0,9.0,10.0,23.0,1.0,11.0,12.0,7.0,4.0,4.0,12.0,6.0,10.0,7.66,5.012677804877369,6.0,9.0,3.0
San_Juan,2021-02-04,2021,2,4,26.07142857,75.59356821428571,2.6675079999999998,15903.0,11.0,2.0,2.0,6.0,6.0,3.0,9.0,10.0,7.0,5.0,3.0,7.0,3.0,9.0,6.0,7.0,4.0,2.0,6.0,9.0,1.0,6.0,7.0,6.0,4.0,4.0,9.0,5.0,6.0,6.0,4.0,5.0,9.0,2.0,6.0,1.0,6.0,5.0,2.0,14.0,11.0,9.0,8.0,11.0,7.0,4.0,7.0,13.0,0.0,2.0,5.94,3.197001145844432,5.0,8.0,2.0
San_Juan,2021-02-11,2021,2,11,25.555555557142856,74.59235164285714,1.9052540000000002,14801.4,4.0,3.0,18.0,6.0,10.0,5.0,3.0,12.0,6.0,2.0,12.0,4.0,10.0,5.0,8.0,8.0,7.0,1.0,3.0,5.0,6.0,5.0,2.0,8.0,2.0,0.0,8.0,6.0,7.0,7.0,7.0,10.0,3.0,0.0,1.0,7.0,3.0,8.0,2.0,7.0,10.0,1.0,3.0,7.0,6.0,4.0,6.0,10.0,1.0,13.0,5.84,3.716263209851794,5.0,8.0,2.0
San_Juan,2021-02-18,2021,2,18,26.031746032857143,71.31560871428572,0.30530799999999997,13355.8,10.0,3.0,5.0,6.0,3.0,4.0,3.0,1.0,3.0,1.0,5.0,6.0,2.0,8.0,11.0,5.0,0.0,12.0,5.0,8.0,5.0,4.0,6.0,0.0,3.0,1.0,9.0,2.0,5.0,3.0,8.0,8.0,2.0,5.0,3.0,5.0,5.0,4.0,1.0,9.0,4.0,5.0,3.0,2.0,3.0,4.0,4.0,5.0,2.0,8.0,4.58,2.792774934851481,4.0,7.0,1.0
San_Juan,2021-02-25,2021,2,25,25.555555555714285,71.04825821428571,4.013454,11483.0,3.0,5.0,9.0,3.0,6.0,5.0,9.0,5.0,2.0,3.0,5.0,3.0,12.0,10.0,0.0,6.0,3.0,0.0,1.0,8.0,1.0,5.0,4.0,2.0,3.0,1.0,6.0,8.0,3.0,2.0,6.0,0.0,5.0,5.0,8.0,3.0,0.0,2.0,7.0,2.0,8.0,7.0,2.0,1.0,4.0,5.0,5.0,4.0,2.0,5.0,4.28,2.821491861857945,4.0,7.0,1.0
San_Juan,2021-03-04,2021,3,4,26.666666665714285,70.76818385714286,0.254508,10286.4,1.0,2.0,4.0,3.0,1.0,4.0,0.0,3.0,2.0,2.0,2.0,5.0,8.0,0.0,1.0,7.0,2.0,4.0,2.0,2.0,2.0,7.0,3.0,2.0,10.0,3.0,2.0,4.0,3.0,5.0,8.0,9.0,1.0,5.0,7.0,3.0,1.0,2.0,0.0,5.0,0.0,10.0,4.0,1.0,5.0,3.0,3.0,1.0,1.0,7.0,3.44,2.6431273993093094,3.0,5.0,1.0
San_Juan,2021-03-11,2021,3,11,25.99206349142857,71.73040814285714,0.584962,10045.7,0.0,3.0,10.0,4.0,4.0,3.0,9.0,4.0,1.0,2.0,1.0,2.0,3.0,4.0,2.0,2.0,9.0,3.0,7.0,6.0,2.0,5.0,5.0,2.0,10.0,1.0,5.0,2.0,3.0,2.0,5.0,1.0,11.0,3.0,5.0,6.0,4.0,11.0,6.0,4.0,6.0,3.0,1.0,1.0,4.0,3.0,4.0,5.0,4.0,3.0,4.12,2.7153381418323934,3.0,5.0,1.0
San_Juan,2021-03-18,2021,3,18,26.26984127,69.8133035,0.737108,10280.2,3.0,3.0,6.0,3.0,8.0,3.0,11.0,1.0,5.0,0.0,1.0,7.0,0.0,2.0,0.0,7.0,0.0,9.0,3.0,5.0,2.0,5.0,2.0,0.0,4.0,2.0,1.0,2.0,3.0,1.0,6.0,8.0,6.0,3.0,4.0,0.0,4.0,4.0,8.0,2.0,12.0,2.0,8.0,0.0,4.0,5.0,6.0,5.0,3.0,3.0,3.84,2.944105144528778,3.0,5.0,1.0
San_Juan,2021-03-25,2021,3,25,26.30952381,76.07748092857142,2.641854,10929.0,8.0,8.0,2.0,1.0,4.0,6.0,8.0,2.0,1.0,2.0,1.0,11.0,5.0,8.0,7.0,2.0,10.0,7.0,4.0,7.0,3.0,4.0,4.0,8.0,1.0,2.0,2.0,6.0,3.0,10.0,0.0,3.0,4.0,4.0,1.0,7.0,12.0,6.0,4.0,3.0,1.0,3.0,5.0,4.0,9.0,3.0,6.0,2.0,2.0,5.0,4.62,2.975340831102294,4.0,7.0,1.0
San_Juan,2021-04-01,2021,4,1,26.26984127142857,75.39114742857143,2.7945079999999995,11505.3,3.0,4.0,7.0,9.0,3.0,1.0,2.0,3.0,4.0,2.0,7.0,3.0,5.0,5.0,3.0,2.0,6.0,11.0,10.0,9.0,3.0,4.0,9.0,6.0,3.0,4.0,5.0,3.0,4.0,2.0,4.0,2.0,5.0,4.0,7.0,4.0,4.0,7.0,2.0,1.0,16.0,8.0,4.0,3.0,2.0,1.0,2.0,8.0,11.0,11.0,4.96,3.206880358331608,4.0,7.0,1.0
San_Juan,2021-04-08,2021,4,8,25.87301587285714,68.91299685714286,0.000254,11223.0,10.0,4.0,2.0,4.0,15.0,5.0,9.0,4.0,5.0,8.0,3.0,6.0,6.0,4.0,2.0,1.0,5.0,1.0,1.0,0.0,6.0,1.0,6.0,3.0,6.0,2.0,2.0,6.0,6.0,7.0,5.0,6.0,4.0,1.0,4.0,5.0,3.0,2.0,6.0,4.0,5.0,15.0,5.0,1.0,5.0,8.0,3.0,1.0,6.0,6.0,4.7,3.111860130113138,4.0,7.0,1.0
San_Juan,2021-04-15,2021,4,15,27.85714285857143,68.16047585714286,0.0254,10156.6,0.0,9.0,2.0,3.0,8.0,1.0,4.0,0.0,2.0,10.0,7.0,4.0,5.0,2.0,9.0,3.0,0.0,2.0,4.0,0.0,4.0,8.0,4.0,3.0,6.0,7.0,8.0,5.0,6.0,1.0,0.0,5.0,0.0,1.0,2.0,4.0,3.0,8.0,6.0,10.0,1.0,1.0,2.0,3.0,5.0,0.0,3.0,5.0,3.0,1.0,3.8,2.913725436338734,3.0,5.0,1.0
San_Juan,2021-04-22,2021,4,22,27.460317462857144,70.167695,1.626362,9255.0,3.0,1.0,0.0,0.0,5.0,6.0,8.0,4.0,2.0,3.0,2.0,9.0,2.0,2.0,4.0,7.0,4.0,0.0,1.0,4.0,10.0,1.0,1.0,7.0,7.0,0.0,5.0,5.0,4.0,1.0,1.0,6.0,7.0,9.0,4.0,5.0,10.0,1.0,8.0,1.0,3.0,2.0,3.0,3.0,4.0,2.0,5.0,1.0,1.0,5.0,3.78,2.801530194120961,3.0,5.0,1.0
San_Juan,2021-04-29,2021,4,29,26.865079365714287,75.14666157142857,1.803654,9632.5,6.0,0.0,0.0,8.0,4.0,1.0,5.0,1.0,1.0,3.0,11.0,5.0,11.0,0.0,3.0,7.0,12.0,4.0,5.0,4.0,1.0,5.0,7.0,4.0,3.0,5.0,3.0,4.0,4.0,4.0,1.0,9.0,1.0,3.0,7.0,1.0,2.0,3.0,7.0,8.0,3.0,2.0,1.0,3.0,8.0,3.0,2.0,5.0,9.0,7.0,4.32,3.0334193005684567,3.0,5.0,1.0
San_Juan,2021-05-06,2021,5,6,27.5,73.41269150000001,0.711454,11235.8,5.0,1.0,0.0,0.0,5.0,5.0,3.0,4.0,1.0,10.0,2.0,2.0,11.0,7.0,8.0,7.0,2.0,4.0,5.0,10.0,11.0,5.0,4.0,2.0,3.0,3.0,7.0,4.0,3.0,3.0,4.0,4.0,6.0,1.0,9.0,2.0,1.0,3.0,2.0,3.0,11.0,4.0,3.0,3.0,8.0,6.0,3.0,4.0,11.0,2.0,4.54,3.0519983416691137,4.0,7.0,1.0
San_Juan,2021-05-13,2021,5,13,28.61111111,67.95804071428572,0.686562,12759.9,3.0,4.0,3.0,4.0,6.0,6.0,6.0,3.0,0.0,4.0,8.0,7.0,1.0,10.0,3.0,2.0,7.0,4.0,0.0,4.0,2.0,5.0,1.0,4.0,5.0,6.0,7.0,1.0,4.0,3.0,2.0,3.0,3.0,12.0,5.0,4.0,8.0,5.0,4.0,3.0,3.0,0.0,2.0,6.0,1.0,4.0,1.0,4.0,4.0,8.0,4.1,2.5414924106653136,4.0,7.0,1.0
San_Juan,2021-05-20,2021,5,20,28.055555555714285,75.33393964285713,3.6329619999999996,13524.1,5.0,9.0,2.0,2.0,4.0,3.0,1.0,2.0,1.0,7.0,3.0,8.0,1.0,1.0,4.0,4.0,8.0,8.0,3.0,3.0,8.0,5.0,3.0,3.0,2.0,0.0,5.0,0.0,4.0,3.0,2.0,5.0,1.0,10.0,9.0,5.0,4.0,2.0,7.0,2.0,5.0,5.0,8.0,6.0,6.0,3.0,1.0,5.0,4.0,10.0,4.24,2.6920896973866806,4.0,7.0,1.0
San_Juan,2021-05-27,2021,5,27,27.698412698571428,75.88698471428572,5.969254,14777.8,7.0,1.0,7.0,12.0,4.0,7.0,8.0,3.0,4.0,6.0,9.0,2.0,0.0,8.0,5.0,6.0,9.0,11.0,4.0,19.0,6.0,6.0,13.0,7.0,4.0,3.0,5.0,6.0,10.0,11.0,6.0,2.0,6.0,13.0,3.0,3.0,17.0,4.0,10.0,5.0,4.0,4.0,1.0,7.0,6.0,4.0,8.0,1.0,6.0,9.0,6.44,3.923555239102122,5.0,8.0,2.0
San_Juan,2021-06-03,2021,6,3,27.182539681428572,80.259265,6.1468,17350.0,17.0,6.0,4.0,10.0,7.0,4.0,15.0,6.0,6.0,9.0,13.0,8.0,1.0,5.0,5.0,5.0,4.0,9.0,12.0,8.0,13.0,4.0,9.0,6.0,4.0,3.0,4.0,4.0,2.0,5.0,14.0,9.0,5.0,4.0,2.0,7.0,20.0,5.0,0.0,5.0,3.0,6.0,17.0,4.0,9.0,19.0,6.0,10.0,1.0,7.0,7.22,4.691677390304439,6.0,9.0,3.0
San_Juan,2021-06-10,2021,6,10,27.857142857142858,79.57291964285714,9.017508000000001,20203.7,7.0,13.0,9.0,9.0,8.0,5.0,7.0,10.0,9.0,8.0,9.0,7.0,8.0,6.0,4.0,8.0,5.0,5.0,15.0,12.0,3.0,15.0,5.0,10.0,5.0,9.0,3.0,13.0,4.0,5.0,6.0,5.0,13.0,4.0,4.0,5.0,14.0,11.0,5.0,11.0,7.0,9.0,8.0,4.0,11.0,5.0,8.0,10.0,4.0,4.0,7.68,3.285341593769985,7.0,11.0,3.0
San_Juan,2021-06-17,2021,6,17,28.134920634285713,79.62323185714286,3.9370000000000003,22981.8,3.0,11.0,9.0,8.0,13.0,8.0,6.0,3.0,7.0,5.0,4.0,6.0,9.0,6.0,9.0,8.0,10.0,11.0,17.0,8.0,3.0,4.0,13.0,5.0,13.0,3.0,10.0,10.0,8.0,5.0,12.0,7.0,10.0,13.0,5.0,12.0,9.0,8.0,7.0,8.0,10.0,14.0,13.0,14.0,9.0,5.0,4.0,15.0,6.0,6.0,8.44,3.523449145021256,8.0,12.0,4.0
San_Juan,2021-06-24,2021,6,24,28.01587301714286,77.59107464285715,6.274054,26318.5,15.0,7.0,14.0,14.0,8.0,5.0,17.0,10.0,7.0,13.0,14.0,16.0,11.0,19.0,7.0,6.0,9.0,8.0,2.0,11.0,18.0,13.0,16.0,8.0,21.0,7.0,12.0,13.0,9.0,13.0,13.0,19.0,7.0,11.0,8.0,8.0,2.0,4.0,11.0,12.0,14.0,9.0,13.0,9.0,22.0,8.0,5.0,5.0,19.0,13.0,11.1,4.790509324887776,9.0,13.0,5.0
San_Juan,2021-07-01,2021,7,1,29.087301587142857,76.03172028571429,0.330708,28535.6,32.0,3.0,6.0,11.0,7.0,8.0,11.0,14.0,9.0,23.0,6.0,6.0,12.0,11.0,15.0,14.0,15.0,19.0,11.0,9.0,24.0,16.0,4.0,11.0,14.0,15.0,16.0,7.0,12.0,15.0,14.0,9.0,7.0,25.0,9.0,12.0,14.0,10.0,17.0,18.0,13.0,8.0,13.0,11.0,11.0,17.0,10.0,12.0,1.0,16.0,12.46,5.707889277132134,10.0,14.0,6.0
San_Juan,2021-07-08,2021,7,8,28.373015874285716,79.54051164285714,3.6576,29219.7,9.0,6.0,14.0,15.0,12.0,9.0,2.0,11.0,6.0,9.0,13.0,11.0,4.0,15.0,15.0,5.0,10.0,6.0,8.0,17.0,9.0,9.0,17.0,10.0,10.0,9.0,4.0,13.0,15.0,6.0,14.0,6.0,8.0,13.0,10.0,8.0,6.0,11.0,19.0,21.0,7.0,11.0,7.0,8.0,7.0,19.0,13.0,12.0,10.0,7.0,10.32,4.215810862039448,10.0,14.0,6.0
San_Juan,2021-07-15,2021,7,15,28.650793651428575,76.77993378571429,2.286508,30212.0,32.0,8.0,18.0,14.0,6.0,6.0,19.0,6.0,15.0,10.0,15.0,9.0,7.0,19.0,7.0,16.0,20.0,12.0,6.0,18.0,10.0,9.0,12.0,17.0,11.0,16.0,5.0,18.0,16.0,9.0,8.0,13.0,17.0,17.0,9.0,6.0,9.0,9.0,7.0,7.0,9.0,3.0,8.0,11.0,8.0,14.0,11.0,7.0,9.0,13.0,11.62,5.337162740862318,11.0,16.0,6.0
San_Juan,2021-07-22,2021,7,22,28.21428571285714,81.06036107142857,6.020054,31120.4,9.0,9.0,11.0,10.0,14.0,16.0,15.0,10.0,9.0,12.0,4.0,8.0,9.0,7.0,13.0,3.0,19.0,12.0,11.0,21.0,13.0,11.0,12.0,17.0,11.0,14.0,10.0,11.0,13.0,11.0,15.0,10.0,14.0,13.0,13.0,6.0,13.0,22.0,13.0,8.0,8.0,19.0,20.0,10.0,15.0,10.0,11.0,17.0,19.0,10.0,12.22,4.107186335173599,11.0,16.0,6.0
San_Juan,2021-07-29,2021,7,29,28.293650794285714,78.38601492857143,2.7180540000000004,33359.1,18.0,7.0,9.0,14.0,9.0,12.0,18.0,10.0,14.0,10.0,7.0,7.0,20.0,17.0,2.0,8.0,4.0,8.0,18.0,8.0,12.0,12.0,10.0,14.0,3.0,8.0,20.0,16.0,11.0,14.0,14.0,19.0,6.0,17.0,17.0,14.0,11.0,9.0,11.0,12.0,14.0,34.0,15.0,16.0,12.0,11.0,24.0,14.0,24.0,12.0,12.92,5.759960317323624,12.0,17.0,7.0
San_Juan,2021-08-05,2021,8,5,28.571428571428573,78.47503035714286,3.0993079999999997,36936.8,3.0,11.0,11.0,9.0,11.0,29.0,14.0,2.0,28.0,19.0,12.0,7.0,14.0,14.0,9.0,20.0,6.0,13.0,10.0,10.0,20.0,16.0,12.0,17.0,10.0,8.0,16.0,19.0,10.0,20.0,28.0,9.0,11.0,7.0,17.0,10.0,13.0,23.0,14.0,24.0,7.0,23.0,12.0,14.0,26.0,13.0,11.0,7.0,10.0,24.0,14.06,6.544697183559358,13.0,18.0,8.0
San_Juan,2021-08-12,2021,8,12,28.80952381,75.70721742857143,1.981962,38257.9,13.0,19.0,20.0,14.0,18.0,7.0,21.0,11.0,8.0,21.0,16.0,22.0,13.0,9.0,19.0,28.0,15.0,16.0,11.0,10.0,19.0,14.0,17.0,38.0,13.0,19.0,13.0,14.0,22.0,11.0,21.0,8.0,11.0,15.0,16.0,13.0,15.0,13.0,14.0,12.0,10.0,11.0,16.0,13.0,12.0,11.0,4.0,18.0,15.0,23.0,15.24,5.705564773776134,14.0,19.0,9.0
San_Juan,2021-08-19,2021,8,19,29.64285714142857,71.79071214285715,0.178816,34822.0,17.0,14.0,13.0,24.0,12.0,21.0,12.0,11.0,8.0,18.0,12.0,11.0,9.0,6.0,7.0,12.0,5.0,12.0,3.0,12.0,20.0,12.0,11.0,6.0,9.0,14.0,12.0,18.0,11.0,14.0,8.0,8.0,23.0,11.0,11.0,19.0,11.0,6.0,13.0,24.0,13.0,10.0,20.0,14.0,5.0,14.0,13.0,17.0,10.0,13.0,12.58,4.928426498904295,12.0,17.0,7.0
San_Juan,2021-08-26,2021,8,26,29.365079364285716,70.62887321428572,0.635762,27986.2,22.0,1.0,7.0,17.0,6.0,5.0,10.0,8.0,5.0,6.0,11.0,17.0,8.0,14.0,8.0,11.0,6.0,9.0,28.0,6.0,8.0,13.0,9.0,8.0,15.0,8.0,13.0,11.0,21.0,19.0,2.0,7.0,10.0,14.0,14.0,8.0,13.0,16.0,14.0,9.0,12.0,7.0,14.0,10.0,10.0,0.0,6.0,17.0,7.0,11.0,10.62,5.37526458769753,10.0,14.0,6.0
San_Juan,2021-09-02,2021,9,2,30.03968254,70.55536371428572,0.051815999999999994,21982.2,6.0,22.0,4.0,8.0,14.0,11.0,6.0,13.0,10.0,7.0,10.0,12.0,3.0,5.0,6.0,5.0,9.0,8.0,0.0,9.0,9.0,7.0,8.0,15.0,6.0,5.0,8.0,13.0,27.0,5.0,18.0,17.0,21.0,11.0,7.0,5.0,6.0,23.0,10.0,3.0,8.0,10.0,7.0,11.0,5.0,2.0,1.0,17.0,8.0,5.0,9.32,5.7585428995997425,8.0,12.0,4.0
San_Juan,2021-09-09,2021,9,9,29.246031745714284,74.38268935714287,4.851908,19265.5,3.0,8.0,3.0,17.0,9.0,6.0,2.0,1.0,15.0,11.0,6.0,15.0,23.0,5.0,5.0,13.0,8.0,4.0,6.0,6.0,3.0,5.0,6.0,6.0,18.0,3.0,5.0,11.0,5.0,6.0,15.0,8.0,9.0,2.0,3.0,11.0,12.0,7.0,12.0,14.0,9.0,5.0,6.0,8.0,9.0,7.0,14.0,2.0,7.0,7.0,8.02,4.740145524331161,7.0,11.0,3.0
San_Juan,2021-09-16,2021,9,16,28.928571425714285,74.17021364285714,5.6134,19171.4,8.0,7.0,7.0,8.0,5.0,10.0,10.0,3.0,6.0,12.0,15.0,11.0,11.0,8.0,7.0,14.0,1.0,8.0,17.0,13.0,6.0,11.0,10.0,8.0,14.0,6.0,7.0,5.0,5.0,4.0,6.0,9.0,10.0,12.0,6.0,8.0,9.0,15.0,9.0,5.0,10.0,7.0,11.0,1.0,10.0,12.0,10.0,18.0,12.0,9.0,8.92,3.6858250260218512,7.0,11.0,3.0
San_Juan,2021-09-23,2021,9,23,29.563492064285715,70.86390814285714,0.07747000000000001,19380.2,7.0,12.0,9.0,16.0,7.0,5.0,3.0,14.0,4.0,13.0,7.0,7.0,8.0,12.0,4.0,10.0,10.0,6.0,6.0,18.0,13.0,7.0,10.0,23.0,4.0,14.0,4.0,5.0,7.0,17.0,13.0,3.0,7.0,10.0,9.0,6.0,22.0,12.0,10.0,9.0,10.0,11.0,4.0,11.0,6.0,4.0,7.0,9.0,5.0,10.0,9.2,4.59813626840888,7.0,11.0,3.0
San_Juan,2021-09-30,2021,9,30,29.166666665714285,69.26187,1.7528540000000001,18494.1,16.0,18.0,11.0,3.0,3.0,3.0,2.0,4.0,6.0,9.0,7.0,8.0,4.0,18.0,4.0,10.0,8.0,11.0,8.0,1.0,4.0,1.0,4.0,7.0,9.0,13.0,13.0,6.0,4.0,11.0,10.0,7.0,3.0,7.0,7.0,5.0,2.0,12.0,4.0,5.0,9.0,4.0,2.0,10.0,10.0,5.0,5.0,7.0,6.0,6.0,7.04,4.095592454214702,6.0,9.0,3.0
San_Juan,2021-10-07,2021,10,7,28.650793652857143,76.45725778571429,6.908799999999999,18514.4,11.0,12.0,7.0,4.0,6.0,12.0,8.0,8.0,14.0,20.0,7.0,2.0,3.0,7.0,8.0,7.0,5.0,5.0,3.0,13.0,2.0,9.0,11.0,8.0,13.0,9.0,8.0,13.0,7.0,9.0,18.0,10.0,12.0,9.0,1.0,9.0,13.0,6.0,10.0,6.0,13.0,3.0,5.0,11.0,4.0,4.0,10.0,6.0,4.0,3.0,8.16,4.112499612306911,6.0,9.0,3.0
San_Juan,2021-10-14,2021,10,14,29.12698412714286,75.18466742857143,4.597654,19822.2,7.0,2.0,4.0,3.0,7.0,4.0,10.0,11.0,6.0,4.0,6.0,13.0,14.0,6.0,4.0,4.0,13.0,9.0,18.0,3.0,12.0,8.0,12.0,3.0,8.0,3.0,9.0,10.0,14.0,10.0,17.0,7.0,15.0,11.0,7.0,6.0,1.0,18.0,2.0,2.0,11.0,6.0,6.0,18.0,4.0,8.0,8.0,10.0,6.0,2.0,8.04,4.628924148817974,7.0,11.0,3.0
San_Juan,2021-10-21,2021,10,21,28.84920635142857,68.45665657142857,2.032254,18839.9,11.0,3.0,4.0,8.0,9.0,4.0,12.0,11.0,10.0,10.0,12.0,5.0,14.0,4.0,4.0,3.0,7.0,7.0,16.0,6.0,10.0,12.0,6.0,6.0,10.0,11.0,6.0,9.0,3.0,8.0,9.0,4.0,7.0,2.0,6.0,2.0,4.0,8.0,7.0,6.0,2.0,6.0,6.0,8.0,9.0,10.0,3.0,4.0,5.0,6.0,7.1,3.3089242348287056,6.0,9.0,3.0
San_Juan,2021-10-28,2021,10,28,28.73015873,67.28306842857144,1.016508,15012.8,1.0,8.0,4.0,10.0,3.0,5.0,5.0,1.0,8.0,14.0,5.0,8.0,8.0,10.0,4.0,7.0,8.0,7.0,2.0,1.0,4.0,9.0,5.0,4.0,1.0,6.0,7.0,2.0,7.0,5.0,17.0,3.0,3.0,3.0,2.0,6.0,1.0,10.0,4.0,3.0,2.0,3.0,8.0,5.0,7.0,8.0,12.0,5.0,2.0,8.0,5.62,3.481085920179717,5.0,8.0,2.0
San_Juan,2021-11-04,2021,11,4,28.174603174285714,70.39263371428571,1.016508,11736.1,7.0,5.0,3.0,9.0,6.0,10.0,8.0,2.0,2.0,9.0,0.0,4.0,4.0,2.0,3.0,6.0,2.0,3.0,8.0,7.0,11.0,3.0,1.0,2.0,7.0,1.0,5.0,3.0,6.0,6.0,4.0,4.0,3.0,2.0,9.0,4.0,7.0,7.0,2.0,5.0,10.0,7.0,2.0,2.0,2.0,3.0,10.0,5.0,5.0,8.0,4.92,2.8344815600539217,4.0,7.0,1.0
San_Juan,2021-11-11,2021,11,11,28.174603175714285,71.53821757142858,1.7526,10351.9,5.0,4.0,3.0,1.0,4.0,2.0,9.0,3.0,1.0,0.0,3.0,0.0,1.0,10.0,2.0,0.0,1.0,7.0,5.0,9.0,2.0,1.0,9.0,1.0,9.0,5.0,1.0,6.0,1.0,1.0,3.0,3.0,4.0,6.0,2.0,7.0,4.0,6.0,1.0,7.0,6.0,3.0,2.0,9.0,7.0,1.0,1.0,2.0,2.0,2.0,3.68,2.874518593235595,3.0,5.0,1.0
San_Juan,2021-11-18,2021,11,18,27.698412698571428,71.91143857142858,0.762508,9976.9,7.0,3.0,7.0,5.0,1.0,1.0,0.0,6.0,4.0,5.0,5.0,8.0,2.0,1.0,2.0,5.0,7.0,3.0,8.0,7.0,5.0,2.0,1.0,10.0,1.0,2.0,4.0,1.0,5.0,1.0,6.0,4.0,3.0,0.0,1.0,1.0,4.0,9.0,7.0,0.0,4.0,3.0,6.0,2.0,1.0,1.0,5.0,7.0,0.0,5.0,3.76,2.6768851835135337,3.0,5.0,1.0
San_Juan,2021-11-25,2021,11,25,27.301587301428572,71.22063307142857,3.9634159999999996,10055.8,4.0,4.0,10.0,4.0,5.0,2.0,2.0,1.0,9.0,12.0,4.0,3.0,6.0,1.0,3.0,6.0,1.0,2.0,4.0,1.0,0.0,4.0,2.0,4.0,4.0,5.0,14.0,4.0,2.0,3.0,6.0,4.0,8.0,0.0,5.0,6.0,3.0,5.0,9.0,6.0,7.0,7.0,6.0,2.0,5.0,6.0,1.0,3.0,0.0,3.0,4.36,2.9744490143176954,3.0,5.0,1.0
San_Juan,2021-12-02,2021,12,2,27.22222222,73.52453107142857,3.8608000000000007,10462.0,0.0,1.0,4.0,2.0,3.0,4.0,0.0,1.0,7.0,7.0,0.0,18.0,2.0,5.0,3.0,3.0,3.0,0.0,7.0,0.0,7.0,10.0,3.0,1.0,3.0,3.0,2.0,4.0,3.0,1.0,2.0,5.0,5.0,5.0,3.0,0.0,3.0,3.0,2.0,4.0,0.0,3.0,4.0,4.0,7.0,3.0,3.0,0.0,6.0,3.0,3.44,3.0915289130797663,3.0,5.0,1.0
San_Juan,2021-12-09,2021,12,9,26.66666666714286,75.46667607142857,3.9116,11127.9,8.0,7.0,8.0,4.0,2.0,4.0,5.0,8.0,2.0,10.0,4.0,2.0,11.0,2.0,4.0,2.0,9.0,8.0,2.0,6.0,12.0,2.0,12.0,2.0,5.0,8.0,14.0,2.0,8.0,4.0,9.0,7.0,3.0,4.0,2.0,7.0,9.0,6.0,0.0,3.0,10.0,11.0,4.0,7.0,2.0,0.0,6.0,3.0,8.0,4.0,5.64,3.439031662475675,4.0,7.0,1.0
San_Juan,2021-12-16,2021,12,16,25.952380952857144,74.72702642857143,3.937254,11701.7,2.0,3.0,0.0,8.0,13.0,3.0,2.0,6.0,3.0,4.0,2.0,11.0,7.0,9.0,17.0,1.0,1.0,7.0,9.0,2.0,6.0,11.0,3.0,6.0,7.0,6.0,11.0,3.0,2.0,11.0,8.0,17.0,8.0,10.0,4.0,4.0,10.0,6.0,3.0,1.0,11.0,3.0,11.0,9.0,3.0,6.0,11.0,1.0,9.0,7.0,6.36,4.14905939672488,4.0,7.0,1.0
San_Juan,2021-12-23,2021,12,23,26.26984127,73.56051664285714,1.2961619999999998,11767.0,6.0,4.0,5.0,4.0,2.0,7.0,3.0,11.0,2.0,2.0,2.0,6.0,4.0,9.0,3.0,4.0,4.0,10.0,7.0,1.0,6.0,3.0,5.0,3.0,0.0,4.0,4.0,8.0,13.0,4.0,2.0,6.0,3.0,3.0,7.0,4.0,6.0,9.0,1.0,2.0,15.0,3.0,4.0,3.0,3.0,10.0,6.0,7.0,4.0,4.0,4.96,3.103388536449032,4.0,7.0,1.0
San_Juan,2021-12-30,2021,12,30,25.95238095285714,68.14209092857143,1.7526000000000002,11558.0,1.0,0.0,6.0,2.0,8.0,9.0,13.0,3.0,4.0,9.0,5.0,9.0,1.0,5.0,0.0,3.0,12.0,4.0,4.0,1.0,4.0,8.0,2.0,2.0,2.0,12.0,14.0,6.0,8.0,6.0,4.0,1.0,12.0,3.0,7.0,10.0,6.0,3.0,7.0,10.0,1.0,3.0,9.0,2.0,4.0,2.0,3.0,4.0,11.0,5.0,5.4,3.747107728172572,4.0,7.0,1.0
San_Juan,2022-01-06,2022,1,6,25.158730157142855,74.17626642857144,2.6421080000000003,11644.2,9.0,0.0,5.0,6.0,6.0,4.0,3.0,9.0,2.0,1.0,1.0,3.0,15.0,5.0,9.0,5.0,4.0,1.0,4.0,3.0,8.0,14.0,6.0,4.0,3.0,0.0,5.0,9.0,7.0,4.0,8.0,3.0,15.0,8.0,0.0,3.0,7.0,3.0,5.0,2.0,10.0,4.0,7.0,6.0,7.0,3.0,5.0,3.0,5.0,4.0,5.26,3.492323944111176,4.0,7.0,1.0
San_Juan,2022-01-13,2022,1,13,25.714285714285715,70.93303357142858,0.457708,11627.6,10.0,0.0,7.0,2.0,1.0,7.0,3.0,5.0,4.0,5.0,4.0,4.0,1.0,4.0,2.0,8.0,1.0,2.0,5.0,1.0,6.0,10.0,8.0,2.0,3.0,3.0,9.0,4.0,5.0,5.0,4.0,3.0,3.0,5.0,17.0,2.0,7.0,2.0,5.0,11.0,9.0,5.0,9.0,4.0,4.0,2.0,5.0,3.0,3.0,2.0,4.72,3.2010202455224954,4.0,7.0,1.0
San_Juan,2022-01-20,2022,1,20,25.198412697142857,70.89284742857143,0.711708,11293.9,4.0,4.0,9.0,6.0,5.0,3.0,3.0,7.0,3.0,9.0,5.0,2.0,9.0,6.0,4.0,2.0,13.0,2.0,7.0,7.0,2.0,8.0,3.0,3.0,3.0,4.0,2.0,7.0,2.0,5.0,6.0,0.0,2.0,1.0,5.0,4.0,7.0,8.0,5.0,9.0,5.0,6.0,4.0,9.0,5.0,6.0,1.0,6.0,2.0,3.0,4.86,2.672688778388245,4.0,7.0,1.0
San_Juan,2022-01-27,2022,1,27,25.1984127,74.65643357142856,2.514854,11180.8,7.0,1.0,3.0,6.0,12.0,7.0,0.0,10.0,6.0,13.0,4.0,6.0,1.0,0.0,9.0,4.0,6.0,5.0,3.0,3.0,6.0,4.0,5.0,2.0,7.0,6.0,7.0,3.0,3.0,1.0,6.0,5.0,2.0,5.0,4.0,14.0,9.0,7.0,1.0,8.0,8.0,2.0,6.0,3.0,14.0,4.0,3.0,8.0,3.0,5.0,5.34,3.378261840240405,4.0,7.0,1.0
San_Juan,2022-02-03,2022,2,3,24.285714285714285,81.10928514285715,23.5712,11694.1,12.0,4.0,6.0,3.0,4.0,3.0,2.0,4.0,15.0,9.0,5.0,7.0,1.0,6.0,0.0,5.0,2.0,4.0,8.0,10.0,7.0,5.0,6.0,6.0,12.0,3.0,6.0,9.0,3.0,2.0,3.0,11.0,7.0,5.0,2.0,4.0,3.0,8.0,3.0,3.0,5.0,5.0,1.0,11.0,1.0,4.0,5.0,2.0,3.0,9.0,5.28,3.3014529887209805,4.0,7.0,1.0
San_Juan,2022-02-10,2022,2,10,25.27777778,75.67119971428572,1.371854,12989.7,6.0,3.0,8.0,3.0,8.0,9.0,8.0,4.0,3.0,1.0,3.0,9.0,5.0,8.0,6.0,2.0,5.0,9.0,2.0,11.0,4.0,2.0,6.0,2.0,9.0,2.0,1.0,4.0,7.0,3.0,7.0,3.0,3.0,3.0,1.0,4.0,3.0,5.0,5.0,4.0,5.0,2.0,5.0,6.0,8.0,6.0,1.0,8.0,0.0,5.0,4.74,2.6635100364529727,4.0,7.0,1.0
San_Juan,2022-02-17,2022,2,17,25.11904762,75.03692857142858,2.286,14385.6,4.0,10.0,2.0,7.0,6.0,14.0,10.0,10.0,5.0,16.0,4.0,3.0,7.0,4.0,6.0,5.0,7.0,8.0,4.0,6.0,4.0,4.0,3.0,5.0,7.0,5.0,4.0,6.0,2.0,9.0,9.0,1.0,11.0,3.0,3.0,10.0,11.0,1.0,4.0,5.0,6.0,2.0,4.0,6.0,8.0,11.0,11.0,1.0,4.0,2.0,6.0,3.4345186514775166,5.0,8.0,2.0
San_Juan,2022-02-24,2022,2,24,25.317460317142856,77.17292478571429,1.3723619999999999,15430.3,2.0,8.0,10.0,7.0,7.0,3.0,7.0,4.0,16.0,5.0,4.0,9.0,0.0,8.0,3.0,3.0,2.0,6.0,7.0,5.0,5.0,6.0,10.0,9.0,3.0,2.0,3.0,5.0,9.0,3.0,2.0,2.0,2.0,4.0,2.0,3.0,6.0,8.0,10.0,6.0,3.0,9.0,13.0,5.0,4.0,9.0,7.0,7.0,4.0,1.0,5.56,3.258646269573315,5.0,8.0,2.0
San_Juan,2022-03-03,2022,3,3,25.47619047857143,82.21733657142856,4.3180000000000005,16588.6,4.0,5.0,18.0,9.0,9.0,3.0,2.0,10.0,8.0,3.0,11.0,15.0,5.0,5.0,7.0,6.0,14.0,3.0,8.0,10.0,7.0,5.0,9.0,6.0,9.0,4.0,8.0,1.0,4.0,3.0,6.0,10.0,7.0,4.0,4.0,6.0,7.0,13.0,5.0,3.0,5.0,4.0,5.0,4.0,5.0,10.0,6.0,4.0,8.0,2.0,6.58,3.5230436748206624,6.0,9.0,3.0
San_Juan,2022-03-10,2022,3,10,25.595238095714283,77.672465,1.879854,17746.8,16.0,9.0,3.0,3.0,10.0,12.0,16.0,7.0,6.0,6.0,4.0,8.0,9.0,4.0,7.0,5.0,7.0,5.0,3.0,3.0,12.0,2.0,4.0,4.0,16.0,10.0,2.0,10.0,5.0,3.0,2.0,13.0,0.0,9.0,12.0,8.0,11.0,8.0,9.0,8.0,6.0,6.0,15.0,18.0,11.0,14.0,3.0,13.0,13.0,2.0,7.84,4.519165536120263,6.0,9.0,3.0
San_Juan,2022-03-17,2022,3,17,25.476190475714283,75.7788957857143,0.9146540000000001,18496.3,7.0,13.0,1.0,11.0,3.0,9.0,9.0,6.0,3.0,4.0,8.0,3.0,2.0,6.0,10.0,2.0,15.0,6.0,2.0,5.0,4.0,6.0,4.0,5.0,15.0,9.0,8.0,11.0,6.0,9.0,4.0,11.0,7.0,4.0,5.0,0.0,6.0,1.0,8.0,6.0,9.0,6.0,14.0,7.0,12.0,6.0,14.0,10.0,8.0,3.0,6.86,3.7850942888533443,6.0,9.0,3.0
San_Juan,2022-03-24,2022,3,24,25.357142857142858,76.78919678571428,1.219454,18664.6,4.0,10.0,6.0,8.0,13.0,11.0,10.0,1.0,5.0,4.0,9.0,4.0,3.0,5.0,11.0,2.0,9.0,7.0,2.0,8.0,8.0,5.0,5.0,8.0,10.0,4.0,7.0,20.0,13.0,11.0,9.0,3.0,4.0,8.0,5.0,6.0,9.0,7.0,7.0,5.0,8.0,19.0,4.0,7.0,6.0,7.0,4.0,9.0,12.0,3.0,7.3,3.861109071925594,6.0,9.0,3.0
San_Juan,2022-03-31,2022,3,31,26.349206347142857,73.26937057142857,1.676908,17809.8,5.0,6.0,15.0,4.0,3.0,5.0,13.0,13.0,2.0,3.0,4.0,5.0,19.0,9.0,5.0,8.0,5.0,8.0,9.0,11.0,8.0,11.0,22.0,6.0,3.0,10.0,7.0,5.0,6.0,14.0,10.0,8.0,4.0,5.0,5.0,1.0,2.0,7.0,5.0,16.0,3.0,19.0,10.0,11.0,2.0,5.0,6.0,11.0,7.0,8.0,7.78,4.734976240700686,6.0,9.0,3.0
San_Juan,2022-04-07,2022,4,7,26.58730158571429,73.87163435714285,0.406908,16494.5,6.0,2.0,5.0,16.0,2.0,14.0,2.0,5.0,8.0,6.0,11.0,4.0,5.0,14.0,6.0,0.0,8.0,8.0,7.0,5.0,7.0,2.0,10.0,16.0,8.0,10.0,11.0,7.0,6.0,12.0,2.0,6.0,6.0,6.0,4.0,11.0,6.0,7.0,13.0,8.0,9.0,14.0,6.0,6.0,7.0,7.0,4.0,8.0,4.0,9.0,7.32,3.7276681993012244,6.0,9.0,3.0
San_Juan,2022-04-14,2022,4,14,26.388888888571426,74.18440307142858,2.362454,15182.099999999999,2.0,10.0,6.0,0.0,2.0,4.0,8.0,6.0,4.0,15.0,9.0,16.0,10.0,8.0,1.0,2.0,3.0,7.0,9.0,5.0,5.0,13.0,4.0,3.0,1.0,13.0,12.0,15.0,1.0,3.0,4.0,2.0,8.0,4.0,8.0,11.0,7.0,2.0,10.0,7.0,2.0,5.0,2.0,17.0,2.0,1.0,2.0,5.0,14.0,1.0,6.22,4.617137553037972,5.0,8.0,2.0
San_Juan,2022-04-21,2022,4,21,25.634920635714284,70.67128164285714,1.727708,13616.2,3.0,4.0,3.0,10.0,12.0,11.0,12.0,4.0,3.0,10.0,9.0,7.0,4.0,4.0,4.0,3.0,2.0,2.0,9.0,4.0,5.0,10.0,6.0,5.0,5.0,11.0,4.0,4.0,6.0,4.0,4.0,6.0,2.0,4.0,10.0,5.0,6.0,10.0,4.0,3.0,6.0,1.0,7.0,0.0,11.0,1.0,5.0,2.0,17.0,4.0,5.76,3.54884286976554,5.0,8.0,2.0
San_Juan,2022-04-28,2022,4,28,25.51587301714286,79.25301164285715,2.768854,12696.3,9.0,0.0,3.0,4.0,4.0,2.0,4.0,1.0,8.0,7.0,10.0,1.0,2.0,6.0,11.0,6.0,5.0,6.0,2.0,3.0,10.0,4.0,1.0,17.0,7.0,17.0,0.0,8.0,9.0,6.0,2.0,6.0,4.0,7.0,11.0,3.0,3.0,3.0,10.0,3.0,2.0,3.0,1.0,2.0,3.0,4.0,11.0,10.0,2.0,7.0,5.4,3.9744079266410157,4.0,7.0,1.0
San_Juan,2022-05-05,2022,5,5,26.944444444285715,75.78027328571429,0.35687,13669.3,4.0,14.0,2.0,13.0,6.0,8.0,8.0,7.0,5.0,2.0,1.0,9.0,13.0,14.0,9.0,8.0,7.0,7.0,5.0,1.0,3.0,7.0,10.0,7.0,5.0,14.0,11.0,1.0,3.0,2.0,1.0,1.0,1.0,5.0,8.0,12.0,7.0,3.0,7.0,4.0,7.0,3.0,3.0,6.0,4.0,4.0,2.0,4.0,4.0,8.0,6.0,3.779644730092272,5.0,8.0,2.0
San_Juan,2022-05-12,2022,5,12,28.015873014285713,73.48030078571428,0.406654,15513.3,7.0,7.0,10.0,3.0,5.0,5.0,3.0,6.0,5.0,9.0,3.0,16.0,3.0,5.0,9.0,7.0,8.0,9.0,5.0,2.0,7.0,9.0,19.0,1.0,3.0,3.0,11.0,5.0,2.0,1.0,11.0,7.0,7.0,6.0,2.0,8.0,12.0,4.0,13.0,1.0,3.0,4.0,5.0,6.0,6.0,5.0,7.0,6.0,6.0,5.0,6.24,3.7008548378195334,5.0,8.0,2.0
San_Juan,2022-05-19,2022,5,19,28.05555555714286,73.34094864285714,0.10236200000000001,16690.6,7.0,8.0,7.0,8.0,0.0,5.0,5.0,7.0,6.0,3.0,16.0,6.0,9.0,3.0,8.0,13.0,3.0,9.0,3.0,13.0,9.0,8.0,6.0,5.0,3.0,4.0,11.0,7.0,3.0,8.0,10.0,9.0,8.0,7.0,3.0,12.0,2.0,2.0,10.0,9.0,7.0,9.0,6.0,4.0,8.0,3.0,6.0,7.0,6.0,1.0,6.64,3.305900723227595,6.0,9.0,3.0
San_Juan,2022-05-26,2022,5,26,27.936507938571427,74.04834957142857,0.787654,17544.7,7.0,4.0,7.0,9.0,7.0,1.0,3.0,7.0,11.0,13.0,13.0,6.0,3.0,8.0,7.0,6.0,5.0,7.0,4.0,9.0,3.0,5.0,11.0,11.0,3.0,4.0,5.0,12.0,2.0,6.0,12.0,10.0,13.0,11.0,3.0,6.0,16.0,10.0,5.0,6.0,4.0,8.0,9.0,7.0,5.0,10.0,8.0,25.0,6.0,5.0,7.56,4.190173149215694,6.0,9.0,3.0
San_Juan,2022-06-02,2022,6,2,28.849206348571432,70.12520157142858,0.0012699999999999999,17882.8,12.0,5.0,5.0,10.0,7.0,7.0,6.0,8.0,4.0,15.0,6.0,4.0,4.0,13.0,4.0,7.0,7.0,18.0,4.0,9.0,6.0,9.0,9.0,6.0,1.0,3.0,2.0,18.0,10.0,4.0,9.0,10.0,9.0,2.0,5.0,7.0,6.0,14.0,12.0,14.0,6.0,7.0,2.0,4.0,11.0,9.0,3.0,3.0,6.0,14.0,7.52,4.126766783043676,6.0,9.0,3.0
San_Juan,2022-06-09,2022,6,9,28.412698412857143,74.828716,2.794254,17537.2,10.0,9.0,13.0,6.0,3.0,5.0,5.0,5.0,6.0,4.0,7.0,11.0,0.0,14.0,10.0,2.0,7.0,5.0,18.0,13.0,8.0,2.0,21.0,8.0,14.0,11.0,15.0,4.0,7.0,7.0,7.0,7.0,4.0,9.0,10.0,3.0,8.0,4.0,6.0,5.0,4.0,9.0,13.0,15.0,6.0,9.0,16.0,11.0,13.0,7.0,8.32,4.460438342145492,6.0,9.0,3.0
San_Juan,2022-06-16,2022,6,16,28.214285715714286,76.0317555,0.482854,17645.7,12.0,7.0,10.0,7.0,11.0,6.0,7.0,1.0,3.0,10.0,6.0,3.0,7.0,9.0,13.0,4.0,7.0,13.0,5.0,18.0,9.0,10.0,9.0,16.0,5.0,2.0,4.0,7.0,5.0,5.0,10.0,3.0,20.0,10.0,6.0,13.0,4.0,8.0,15.0,2.0,6.0,6.0,6.0,2.0,6.0,6.0,12.0,13.0,11.0,5.0,7.9,4.267819784654187,6.0,9.0,3.0
San_Juan,2022-06-23,2022,6,23,28.49206349142857,74.0494615,0.8394699999999999,18560.2,7.0,7.0,5.0,4.0,5.0,4.0,11.0,5.0,10.0,8.0,9.0,2.0,7.0,2.0,2.0,7.0,6.0,7.0,6.0,5.0,2.0,6.0,2.0,8.0,16.0,6.0,10.0,7.0,5.0,6.0,4.0,10.0,7.0,7.0,8.0,1.0,9.0,5.0,6.0,3.0,9.0,7.0,5.0,10.0,7.0,4.0,5.0,6.0,7.0,13.0,6.4,2.920721185751553,6.0,9.0,3.0
San_Juan,2022-06-30,2022,6,30,27.579365080000002,82.55311385714286,8.382000000000001,20335.3,10.0,4.0,10.0,11.0,11.0,0.0,6.0,14.0,4.0,8.0,18.0,8.0,7.0,10.0,8.0,9.0,3.0,14.0,7.0,7.0,7.0,4.0,5.0,4.0,15.0,5.0,4.0,4.0,13.0,21.0,11.0,11.0,13.0,10.0,6.0,7.0,8.0,15.0,17.0,4.0,6.0,11.0,4.0,12.0,7.0,9.0,11.0,3.0,15.0,16.0,8.94,4.528413697117888,7.0,11.0,3.0
San_Juan,2022-07-07,2022,7,7,27.936507937142856,82.97483764285714,3.0225999999999997,23142.4,8.0,5.0,8.0,7.0,5.0,10.0,8.0,11.0,19.0,24.0,18.0,9.0,6.0,1.0,7.0,6.0,10.0,10.0,16.0,6.0,8.0,4.0,12.0,10.0,3.0,12.0,14.0,6.0,7.0,10.0,11.0,20.0,9.0,10.0,6.0,10.0,7.0,14.0,7.0,10.0,6.0,16.0,3.0,6.0,18.0,13.0,5.0,9.0,7.0,13.0,9.6,4.746642207381757,8.0,12.0,4.0
San_Juan,2022-07-14,2022,7,14,28.69047619,77.72293985714285,3.378454,25456.6,2.0,14.0,8.0,16.0,8.0,6.0,7.0,16.0,13.0,10.0,7.0,12.0,9.0,16.0,4.0,18.0,35.0,10.0,16.0,3.0,10.0,13.0,8.0,12.0,17.0,4.0,3.0,18.0,11.0,8.0,5.0,5.0,7.0,12.0,9.0,7.0,15.0,6.0,6.0,13.0,11.0,7.0,21.0,13.0,8.0,9.0,7.0,12.0,11.0,10.0,10.56,5.635745971303286,9.0,13.0,5.0
San_Juan,2022-07-21,2022,7,21,28.293650792857143,78.44665692857143,3.3782,27428.6,4.0,9.0,9.0,4.0,7.0,12.0,6.0,14.0,11.0,12.0,14.0,13.0,12.0,15.0,11.0,16.0,10.0,12.0,4.0,10.0,17.0,10.0,11.0,15.0,19.0,11.0,3.0,13.0,16.0,14.0,15.0,5.0,12.0,6.0,7.0,8.0,10.0,8.0,12.0,14.0,6.0,13.0,20.0,5.0,12.0,11.0,10.0,11.0,6.0,10.0,10.7,3.9808213694550787,10.0,14.0,6.0
San_Juan,2022-07-28,2022,7,28,28.76984127,79.20019828571428,2.5910539999999997,30686.2,14.0,10.0,11.0,12.0,13.0,6.0,7.0,20.0,7.0,17.0,1.0,16.0,17.0,21.0,8.0,21.0,11.0,8.0,10.0,11.0,17.0,11.0,16.0,22.0,8.0,12.0,12.0,13.0,8.0,15.0,8.0,15.0,15.0,14.0,20.0,14.0,5.0,16.0,9.0,11.0,14.0,17.0,11.0,9.0,10.0,18.0,12.0,7.0,12.0,13.0,12.5,4.527692569068709,11.0,16.0,6.0
San_Juan,2022-08-04,2022,8,4,29.246031745714284,76.46324657142857,0.661162,33380.9,11.0,8.0,7.0,9.0,12.0,7.0,16.0,13.0,12.0,17.0,6.0,13.0,17.0,13.0,3.0,16.0,10.0,12.0,12.0,28.0,15.0,11.0,23.0,14.0,20.0,5.0,8.0,21.0,20.0,28.0,12.0,15.0,9.0,6.0,10.0,17.0,11.0,13.0,22.0,14.0,12.0,7.0,12.0,13.0,8.0,15.0,11.0,11.0,12.0,9.0,12.92,5.3674757492109215,12.0,17.0,7.0
San_Juan,2022-08-11,2022,8,11,29.12698412714286,77.47403614285714,3.480308,33734.9,12.0,7.0,6.0,16.0,15.0,11.0,15.0,13.0,16.0,12.0,13.0,17.0,9.0,8.0,16.0,18.0,18.0,8.0,12.0,9.0,8.0,10.0,14.0,8.0,8.0,9.0,11.0,6.0,26.0,6.0,14.0,21.0,16.0,16.0,19.0,7.0,16.0,28.0,8.0,19.0,13.0,7.0,9.0,6.0,14.0,17.0,9.0,4.0,16.0,26.0,12.84,5.511990640079728,12.0,17.0,7.0
San_Juan,2022-08-18,2022,8,18,27.936507937142856,81.57155078571428,14.5288,34133.8,14.0,6.0,10.0,14.0,7.0,12.0,17.0,13.0,21.0,18.0,14.0,13.0,21.0,6.0,13.0,12.0,20.0,20.0,22.0,11.0,17.0,9.0,7.0,21.0,18.0,11.0,15.0,17.0,6.0,24.0,10.0,19.0,15.0,17.0,11.0,12.0,11.0,26.0,19.0,18.0,12.0,17.0,12.0,19.0,5.0,8.0,8.0,16.0,18.0,4.0,14.12,5.297823966074203,12.0,17.0,7.0
San_Juan,2022-08-25,2022,8,25,29.246031745714284,76.9858395,6.0198,36730.8,19.0,5.0,15.0,13.0,9.0,11.0,18.0,13.0,14.0,22.0,16.0,12.0,10.0,12.0,18.0,11.0,14.0,15.0,27.0,26.0,17.0,7.0,20.0,13.0,11.0,7.0,16.0,17.0,20.0,15.0,14.0,10.0,21.0,7.0,5.0,10.0,13.0,16.0,18.0,20.0,10.0,4.0,7.0,14.0,9.0,21.0,15.0,9.0,16.0,20.0,14.04,5.279764991677843,13.0,18.0,8.0
San_Juan,2022-09-01,2022,9,1,28.88888889,79.24992007142858,5.1562,38957.4,9.0,15.0,12.0,24.0,13.0,12.0,8.0,12.0,5.0,12.0,23.0,20.0,10.0,18.0,11.0,18.0,16.0,11.0,21.0,12.0,13.0,17.0,10.0,21.0,12.0,14.0,31.0,13.0,18.0,17.0,12.0,16.0,6.0,15.0,13.0,12.0,18.0,24.0,17.0,13.0,19.0,9.0,11.0,6.0,19.0,15.0,15.0,27.0,7.0,17.0,14.78,5.42966154468176,14.0,19.0,9.0
San_Juan,2022-09-08,2022,9,8,28.928571428571427,78.88772957142858,6.985507999999999,39131.4,12.0,13.0,15.0,15.0,10.0,17.0,9.0,16.0,8.0,17.0,12.0,18.0,15.0,5.0,12.0,15.0,11.0,8.0,20.0,16.0,16.0,14.0,14.0,19.0,5.0,14.0,8.0,17.0,21.0,19.0,31.0,18.0,15.0,10.0,15.0,9.0,16.0,31.0,21.0,10.0,19.0,9.0,8.0,6.0,14.0,19.0,19.0,20.0,17.0,24.0,14.84,5.611067780080104,14.0,19.0,9.0
San_Juan,2022-09-15,2022,9,15,28.095238094285715,82.98219264285714,19.6342,38941.1,20.0,22.0,17.0,8.0,18.0,9.0,17.0,18.0,14.0,19.0,19.0,9.0,12.0,10.0,7.0,17.0,18.0,20.0,16.0,18.0,18.0,18.0,8.0,12.0,11.0,5.0,17.0,10.0,13.0,20.0,7.0,20.0,18.0,11.0,9.0,18.0,19.0,22.0,13.0,20.0,9.0,12.0,14.0,12.0,13.0,9.0,15.0,16.0,7.0,18.0,14.44,4.643010986462143,14.0,19.0,9.0
San_Juan,2022-09-22,2022,9,22,29.12698412714286,76.35866457142858,0.787654,39400.8,17.0,19.0,16.0,23.0,9.0,21.0,11.0,14.0,15.0,16.0,16.0,17.0,15.0,15.0,18.0,8.0,20.0,11.0,27.0,20.0,11.0,16.0,7.0,15.0,28.0,17.0,19.0,10.0,16.0,14.0,9.0,18.0,18.0,19.0,19.0,22.0,15.0,10.0,14.0,17.0,10.0,13.0,19.0,15.0,18.0,15.0,17.0,7.0,20.0,9.0,15.7,4.669702608194616,14.0,19.0,9.0
San_Juan,2022-09-29,2022,9,29,28.928571428571427,76.15716078571428,2.311908,39039.4,15.0,10.0,18.0,18.0,17.0,8.0,16.0,12.0,14.0,5.0,16.0,20.0,9.0,14.0,19.0,15.0,8.0,17.0,18.0,16.0,17.0,22.0,7.0,9.0,8.0,16.0,21.0,7.0,12.0,12.0,9.0,16.0,24.0,18.0,21.0,28.0,14.0,19.0,13.0,16.0,14.0,16.0,14.0,8.0,24.0,11.0,12.0,15.0,14.0,12.0,14.68,4.921589257173594,14.0,19.0,9.0
San_Juan,2022-10-06,2022,10,6,28.49206349285714,79.80333057142857,4.3688,37955.8,17.0,15.0,7.0,17.0,14.0,11.0,16.0,18.0,3.0,17.0,25.0,11.0,14.0,18.0,29.0,8.0,12.0,14.0,21.0,5.0,22.0,10.0,8.0,15.0,8.0,15.0,15.0,8.0,9.0,13.0,13.0,24.0,15.0,12.0,13.0,13.0,17.0,16.0,11.0,17.0,15.0,7.0,15.0,14.0,12.0,10.0,6.0,20.0,12.0,15.0,13.84,5.148251139553934,13.0,18.0,8.0
San_Juan,2022-10-13,2022,10,13,28.65079365,76.07783142857143,0.203708,37360.4,9.0,21.0,32.0,24.0,14.0,19.0,13.0,7.0,13.0,17.0,20.0,19.0,16.0,8.0,8.0,19.0,10.0,9.0,16.0,16.0,17.0,18.0,15.0,16.0,15.0,21.0,11.0,25.0,10.0,10.0,8.0,9.0,14.0,15.0,13.0,14.0,23.0,17.0,20.0,18.0,15.0,11.0,16.0,7.0,9.0,13.0,9.0,16.0,14.0,15.0,14.88,5.19277362872518,13.0,18.0,8.0
San_Juan,2022-10-20,2022,10,20,28.21428571285714,79.88727514285713,7.5946,35902.2,10.0,13.0,17.0,12.0,12.0,9.0,14.0,15.0,11.0,10.0,16.0,14.0,2.0,18.0,15.0,12.0,8.0,13.0,8.0,17.0,13.0,16.0,13.0,16.0,17.0,15.0,15.0,11.0,6.0,12.0,14.0,9.0,28.0,16.0,6.0,12.0,11.0,12.0,11.0,14.0,14.0,22.0,2.0,13.0,10.0,8.0,12.0,13.0,8.0,9.0,12.48,4.427373109763986,13.0,18.0,8.0
San_Juan,2022-10-27,2022,10,27,27.936507937142856,82.2689467142857,5.08,34750.4,7.0,25.0,21.0,17.0,17.0,13.0,8.0,13.0,6.0,19.0,8.0,21.0,2.0,26.0,23.0,17.0,5.0,10.0,19.0,10.0,16.0,9.0,11.0,12.0,8.0,13.0,6.0,17.0,6.0,9.0,12.0,14.0,16.0,21.0,13.0,16.0,17.0,11.0,20.0,25.0,13.0,10.0,21.0,3.0,9.0,14.0,9.0,20.0,12.0,23.0,13.86,6.060948938971217,12.0,17.0,7.0
San_Juan,2022-11-03,2022,11,3,27.936507935714285,77.279177,8.636508000000001,34402.3,10.0,9.0,16.0,8.0,14.0,12.0,6.0,13.0,10.0,16.0,10.0,7.0,7.0,18.0,13.0,21.0,8.0,12.0,18.0,20.0,15.0,10.0,13.0,11.0,19.0,12.0,16.0,12.0,11.0,8.0,16.0,16.0,18.0,13.0,18.0,9.0,13.0,16.0,10.0,11.0,11.0,12.0,12.0,7.0,8.0,14.0,5.0,13.0,21.0,10.0,12.56,4.021168476744956,12.0,17.0,7.0
San_Juan,2022-11-10,2022,11,10,27.89682539714286,78.83555235714286,2.895854,33503.2,7.0,9.0,18.0,9.0,8.0,14.0,13.0,17.0,12.0,9.0,8.0,9.0,12.0,9.0,15.0,10.0,7.0,13.0,15.0,17.0,8.0,19.0,17.0,20.0,21.0,8.0,10.0,20.0,13.0,7.0,9.0,23.0,17.0,14.0,11.0,13.0,13.0,11.0,7.0,10.0,13.0,12.0,13.0,16.0,15.0,12.0,13.0,9.0,10.0,18.0,12.66,4.1236500574028305,12.0,17.0,7.0
San_Juan,2022-11-17,2022,11,17,27.579365080000002,78.55618942857143,2.7686,32595.699999999997,27.0,7.0,8.0,14.0,13.0,8.0,11.0,17.0,22.0,16.0,25.0,16.0,10.0,10.0,23.0,19.0,12.0,8.0,13.0,7.0,10.0,14.0,6.0,7.0,8.0,13.0,17.0,14.0,16.0,15.0,6.0,7.0,14.0,12.0,13.0,18.0,9.0,7.0,8.0,1.0,8.0,12.0,10.0,14.0,16.0,12.0,15.0,4.0,5.0,15.0,12.24,5.374011537017761,11.0,16.0,6.0
San_Juan,2022-11-24,2022,11,24,27.38095238,77.902422,1.092454,30976.5,14.0,3.0,21.0,10.0,14.0,12.0,12.0,14.0,10.0,12.0,14.0,10.0,17.0,15.0,9.0,12.0,7.0,13.0,11.0,6.0,18.0,7.0,5.0,6.0,20.0,21.0,9.0,12.0,4.0,13.0,10.0,13.0,5.0,10.0,10.0,16.0,12.0,16.0,8.0,10.0,19.0,11.0,13.0,18.0,11.0,16.0,9.0,4.0,11.0,17.0,11.8,4.462999814803803,11.0,16.0,6.0
San_Juan,2022-12-01,2022,12,1,26.666666665714285,71.7775235,1.7526,26825.8,15.0,8.0,6.0,8.0,4.0,6.0,5.0,17.0,10.0,8.0,18.0,10.0,10.0,3.0,6.0,9.0,11.0,13.0,6.0,11.0,15.0,12.0,13.0,7.0,4.0,5.0,6.0,7.0,13.0,1.0,11.0,4.0,6.0,3.0,15.0,14.0,7.0,8.0,8.0,9.0,15.0,14.0,8.0,14.0,7.0,9.0,14.0,9.0,9.0,4.0,9.1,4.051958458195096,9.0,13.0,5.0
San_Juan,2022-12-08,2022,12,8,25.793650794285714,70.30165185714286,0.305562,22194.4,12.0,9.0,11.0,13.0,20.0,3.0,11.0,8.0,5.0,13.0,4.0,13.0,15.0,17.0,6.0,5.0,6.0,8.0,8.0,6.0,14.0,10.0,5.0,1.0,13.0,12.0,11.0,6.0,5.0,3.0,20.0,2.0,11.0,10.0,7.0,4.0,5.0,9.0,9.0,10.0,19.0,15.0,12.0,6.0,4.0,5.0,12.0,9.0,9.0,1.0,9.04,4.7249230638375135,8.0,12.0,4.0
San_Juan,2022-12-15,2022,12,15,26.23015873142857,79.80297350000001,5.715762,19834.1,2.0,3.0,8.0,12.0,13.0,6.0,6.0,12.0,5.0,10.0,5.0,10.0,17.0,7.0,6.0,6.0,6.0,7.0,6.0,11.0,7.0,6.0,9.0,6.0,8.0,6.0,9.0,10.0,12.0,10.0,13.0,17.0,8.0,11.0,6.0,1.0,4.0,10.0,8.0,7.0,7.0,5.0,8.0,6.0,8.0,7.0,6.0,7.0,10.0,9.0,7.98,3.2355802558176077,7.0,11.0,3.0
San_Juan,2022-12-22,2022,12,22,26.666666664285714,75.24349300000002,0.7876540000000001,19717.6,14.0,8.0,6.0,1.0,10.0,9.0,8.0,10.0,4.0,4.0,4.0,12.0,3.0,5.0,11.0,6.0,7.0,17.0,8.0,5.0,1.0,6.0,9.0,10.0,9.0,4.0,6.0,18.0,5.0,3.0,7.0,5.0,8.0,5.0,7.0,9.0,10.0,7.0,1.0,13.0,2.0,6.0,6.0,7.0,6.0,7.0,4.0,3.0,11.0,2.0,6.98,3.7714826835944852,7.0,11.0,3.0
San_Juan,2022-12-29,2022,12,29,25.83333333285714,80.21788142857143,5.5118,20531.9,4.0,8.0,6.0,7.0,10.0,3.0,5.0,11.0,2.0,3.0,8.0,10.0,8.0,14.0,12.0,7.0,8.0,9.0,8.0,9.0,8.0,12.0,4.0,5.0,8.0,11.0,11.0,7.0,15.0,9.0,4.0,6.0,9.0,7.0,7.0,4.0,7.0,10.0,9.0,18.0,13.0,2.0,8.0,10.0,4.0,8.0,9.0,17.0,5.0,8.0,8.14,3.539918135799649,7.0,11.0,3.0
San_Juan,2023-01-05,2023,1,5,25.83333333285714,80.428655,3.403854,20926.6,13.0,10.0,5.0,10.0,11.0,10.0,9.0,3.0,8.0,4.0,9.0,7.0,6.0,9.0,9.0,7.0,13.0,10.0,5.0,9.0,4.0,9.0,8.0,7.0,10.0,6.0,11.0,5.0,14.0,1.0,6.0,11.0,4.0,13.0,4.0,6.0,1.0,9.0,12.0,8.0,13.0,11.0,6.0,12.0,11.0,7.0,3.0,12.0,5.0,13.0,8.18,3.3544974379516956,7.0,11.0,3.0
San_Juan,2023-01-12,2023,1,12,25.555555554285714,71.42856528571428,3.3530539999999998,20089.0,5.0,10.0,10.0,3.0,7.0,0.0,4.0,6.0,2.0,11.0,4.0,9.0,9.0,7.0,11.0,7.0,8.0,10.0,11.0,10.0,13.0,2.0,7.0,22.0,15.0,8.0,6.0,6.0,13.0,6.0,10.0,3.0,6.0,10.0,7.0,2.0,4.0,4.0,3.0,7.0,6.0,16.0,7.0,6.0,5.0,6.0,10.0,10.0,3.0,9.0,7.52,4.046868277710908,7.0,11.0,3.0
San_Juan,2023-01-19,2023,1,19,25.83333333285714,74.30905714285714,0.508508,18477.9,3.0,4.0,4.0,13.0,7.0,7.0,1.0,12.0,7.0,1.0,3.0,7.0,7.0,5.0,7.0,3.0,6.0,5.0,2.0,7.0,3.0,4.0,7.0,10.0,9.0,8.0,11.0,6.0,7.0,1.0,8.0,2.0,6.0,4.0,7.0,4.0,8.0,5.0,5.0,5.0,9.0,13.0,7.0,9.0,15.0,12.0,8.0,5.0,13.0,6.0,6.56,3.345176240743177,6.0,9.0,3.0
San_Juan,2023-01-26,2023,1,26,25.714285715714286,73.48587078571428,3.4036,17186.0,15.0,9.0,6.0,5.0,1.0,2.0,3.0,10.0,11.0,1.0,9.0,9.0,4.0,7.0,4.0,7.0,9.0,0.0,6.0,4.0,4.0,3.0,10.0,7.0,11.0,1.0,1.0,5.0,7.0,4.0,4.0,4.0,5.0,11.0,8.0,10.0,4.0,9.0,10.0,5.0,8.0,16.0,6.0,16.0,10.0,4.0,9.0,11.0,4.0,12.0,6.82,3.8949994105472294,6.0,9.0,3.0
San_Juan,2023-02-02,2023,2,2,25.87301587142857,77.16301878571429,1.905,16798.7,9.0,4.0,6.0,8.0,1.0,16.0,16.0,6.0,5.0,4.0,8.0,10.0,4.0,4.0,10.0,11.0,6.0,9.0,7.0,4.0,3.0,13.0,5.0,4.0,5.0,2.0,9.0,4.0,8.0,7.0,12.0,3.0,8.0,5.0,4.0,11.0,8.0,5.0,5.0,2.0,9.0,13.0,9.0,3.0,7.0,11.0,7.0,3.0,6.0,3.0,6.84,3.541935363956968,6.0,9.0,3.0
San_Juan,2023-02-09,2023,2,9,25.912698411428572,74.93608257142857,1.524,16105.7,10.0,9.0,1.0,2.0,2.0,13.0,8.0,9.0,2.0,4.0,6.0,5.0,9.0,7.0,4.0,1.0,8.0,16.0,2.0,11.0,12.0,4.0,1.0,18.0,4.0,7.0,16.0,8.0,4.0,5.0,12.0,9.0,2.0,12.0,7.0,3.0,8.0,6.0,5.0,11.0,6.0,4.0,9.0,3.0,11.0,13.0,8.0,1.0,2.0,8.0,6.96,4.304530124396475,5.0,8.0,2.0
San_Juan,2023-02-16,2023,2,16,25.634920634285713,71.35275535714285,1.727454,14039.5,8.0,3.0,10.0,3.0,15.0,9.0,12.0,10.0,9.0,6.0,5.0,3.0,8.0,1.0,2.0,4.0,6.0,7.0,4.0,7.0,5.0,8.0,3.0,7.0,4.0,2.0,4.0,7.0,9.0,3.0,4.0,6.0,6.0,13.0,5.0,2.0,14.0,1.0,1.0,1.0,8.0,9.0,5.0,9.0,5.0,4.0,4.0,7.0,4.0,7.0,5.98,3.3775368394794474,5.0,8.0,2.0
San_Juan,2023-02-23,2023,2,23,25.595238095714286,71.08228764285714,0.508,11454.8,2.0,4.0,1.0,6.0,0.0,2.0,1.0,4.0,7.0,5.0,0.0,4.0,1.0,7.0,4.0,3.0,2.0,4.0,4.0,8.0,11.0,5.0,3.0,8.0,1.0,7.0,1.0,2.0,7.0,16.0,5.0,8.0,6.0,5.0,9.0,2.0,2.0,4.0,4.0,4.0,7.0,5.0,5.0,7.0,9.0,4.0,9.0,5.0,5.0,4.0,4.78,3.059211583105046,4.0,7.0,1.0
San_Juan,2023-03-02,2023,3,2,26.150793651428568,71.20892114285714,0.203962,9718.5,13.0,1.0,4.0,7.0,11.0,2.0,3.0,3.0,1.0,1.0,5.0,2.0,5.0,2.0,2.0,1.0,6.0,4.0,2.0,8.0,8.0,5.0,0.0,7.0,5.0,2.0,3.0,6.0,1.0,6.0,0.0,3.0,5.0,6.0,8.0,1.0,4.0,1.0,3.0,2.0,2.0,1.0,5.0,8.0,3.0,9.0,1.0,6.0,2.0,9.0,4.1,3.0050977097089473,3.0,5.0,1.0
San_Juan,2023-03-09,2023,3,9,25.317460317142856,71.89161935714286,4.039362000000001,9180.6,2.0,3.0,8.0,4.0,2.0,4.0,2.0,0.0,4.0,4.0,2.0,2.0,4.0,1.0,3.0,5.0,3.0,6.0,2.0,2.0,6.0,2.0,5.0,5.0,0.0,0.0,0.0,3.0,1.0,2.0,5.0,5.0,1.0,6.0,7.0,3.0,7.0,7.0,4.0,0.0,8.0,0.0,3.0,3.0,3.0,1.0,3.0,2.0,4.0,4.0,3.26,2.164745354303732,3.0,5.0,1.0
San_Juan,2023-03-16,2023,3,16,25.753968252857142,73.88977042857142,0.534162,9385.3,1.0,3.0,2.0,1.0,5.0,0.0,3.0,2.0,5.0,5.0,3.0,8.0,3.0,7.0,3.0,1.0,7.0,3.0,14.0,6.0,5.0,1.0,1.0,9.0,5.0,1.0,0.0,2.0,4.0,4.0,4.0,5.0,0.0,6.0,3.0,2.0,1.0,3.0,2.0,0.0,3.0,7.0,5.0,3.0,0.0,1.0,10.0,6.0,5.0,0.0,3.6,2.906712849910829,3.0,5.0,1.0
San_Juan,2023-03-23,2023,3,23,25.714285714285715,69.46767742857142,0.48336199999999996,9586.8,8.0,6.0,5.0,2.0,3.0,7.0,1.0,6.0,4.0,4.0,3.0,5.0,7.0,2.0,4.0,0.0,0.0,2.0,0.0,5.0,17.0,7.0,3.0,1.0,3.0,4.0,2.0,4.0,5.0,0.0,2.0,3.0,4.0,4.0,5.0,2.0,1.0,4.0,11.0,3.0,5.0,8.0,3.0,4.0,9.0,12.0,7.0,6.0,2.0,1.0,4.32,3.266652783532903,3.0,5.0,1.0
San_Juan,2023-03-30,2023,3,30,26.031746031428572,72.5995915,0.737108,9755.5,2.0,2.0,5.0,5.0,1.0,16.0,1.0,5.0,5.0,7.0,4.0,3.0,2.0,2.0,1.0,7.0,3.0,3.0,3.0,9.0,6.0,5.0,4.0,2.0,1.0,3.0,8.0,3.0,0.0,3.0,9.0,9.0,1.0,2.0,1.0,8.0,3.0,4.0,6.0,7.0,2.0,3.0,1.0,6.0,4.0,5.0,1.0,6.0,4.0,4.0,4.14,2.9416779884540563,3.0,5.0,1.0
San_Juan,2023-04-06,2023,4,6,25.11904762142857,78.056642,6.24967,10402.9,6.0,2.0,6.0,3.0,0.0,0.0,2.0,0.0,2.0,4.0,11.0,2.0,1.0,2.0,9.0,4.0,3.0,3.0,8.0,3.0,4.0,6.0,4.0,1.0,9.0,3.0,8.0,6.0,5.0,2.0,8.0,5.0,7.0,0.0,8.0,6.0,6.0,2.0,1.0,6.0,5.0,0.0,4.0,3.0,8.0,5.0,3.0,1.0,4.0,4.0,4.1,2.7497680792743084,3.0,5.0,1.0
San_Juan,2023-04-13,2023,4,13,26.031746032857143,76.19855657142857,0.686562,11307.4,6.0,4.0,4.0,5.0,13.0,6.0,2.0,4.0,7.0,2.0,3.0,8.0,3.0,1.0,11.0,7.0,10.0,5.0,9.0,5.0,3.0,5.0,3.0,5.0,7.0,8.0,2.0,7.0,2.0,7.0,7.0,5.0,5.0,6.0,6.0,5.0,7.0,1.0,6.0,2.0,2.0,4.0,11.0,3.0,5.0,6.0,2.0,5.0,8.0,3.0,5.26,2.701549064321945,4.0,7.0,1.0
San_Juan,2023-04-20,2023,4,20,26.26984127142857,74.38026114285715,4.547108,12114.4,6.0,5.0,5.0,3.0,3.0,3.0,6.0,1.0,1.0,2.0,7.0,4.0,2.0,8.0,9.0,5.0,4.0,4.0,2.0,4.0,3.0,4.0,7.0,2.0,5.0,4.0,0.0,12.0,1.0,0.0,9.0,2.0,4.0,5.0,4.0,9.0,5.0,6.0,4.0,7.0,5.0,10.0,5.0,1.0,5.0,7.0,9.0,2.0,3.0,13.0,4.74,2.9402901425622914,4.0,7.0,1.0
San_Juan,2023-04-27,2023,4,27,27.976190475714287,74.618161,2.08407,12432.6,4.0,3.0,0.0,4.0,6.0,2.0,5.0,8.0,4.0,10.0,3.0,3.0,1.0,4.0,5.0,14.0,4.0,6.0,5.0,4.0,9.0,4.0,2.0,2.0,5.0,6.0,5.0,2.0,2.0,6.0,6.0,3.0,4.0,2.0,1.0,4.0,7.0,6.0,7.0,3.0,3.0,3.0,4.0,8.0,3.0,3.0,7.0,5.0,4.0,5.0,4.52,2.4927650412785414,4.0,7.0,1.0
San_Juan,2023-05-04,2023,5,4,28.73015873,68.09206071428572,0.001016,11774.6,6.0,3.0,6.0,6.0,5.0,7.0,4.0,5.0,3.0,4.0,4.0,4.0,5.0,1.0,4.0,9.0,2.0,8.0,3.0,5.0,2.0,3.0,11.0,15.0,1.0,6.0,0.0,4.0,3.0,6.0,5.0,2.0,4.0,5.0,2.0,6.0,6.0,4.0,4.0,2.0,10.0,3.0,5.0,8.0,5.0,5.0,7.0,7.0,2.0,2.0,4.78,2.727711158327675,4.0,7.0,1.0
San_Juan,2023-05-11,2023,5,11,27.976190474285715,71.82179092857143,1.677416,11553.3,1.0,9.0,4.0,5.0,3.0,9.0,4.0,9.0,7.0,9.0,4.0,8.0,12.0,1.0,14.0,6.0,2.0,4.0,6.0,3.0,4.0,1.0,2.0,4.0,9.0,4.0,3.0,4.0,4.0,7.0,4.0,5.0,2.0,2.0,4.0,4.0,8.0,11.0,6.0,8.0,2.0,7.0,7.0,5.0,3.0,8.0,5.0,5.0,6.0,3.0,5.34,2.931949271493667,4.0,7.0,1.0
San_Juan,2023-05-18,2023,5,18,28.055555554285714,75.476674,7.849107999999999,12772.9,2.0,2.0,9.0,5.0,1.0,10.0,9.0,6.0,7.0,4.0,1.0,9.0,6.0,10.0,2.0,5.0,1.0,2.0,7.0,2.0,1.0,2.0,5.0,2.0,9.0,1.0,5.0,3.0,1.0,3.0,7.0,2.0,7.0,6.0,11.0,7.0,6.0,7.0,12.0,6.0,3.0,3.0,7.0,1.0,4.0,1.0,5.0,3.0,3.0,5.0,4.76,3.047648809378489,4.0,7.0,1.0
San_Juan,2023-05-25,2023,5,25,28.611111112857145,73.42127685714286,0.636016,13768.0,7.0,3.0,7.0,4.0,10.0,5.0,5.0,14.0,9.0,7.0,5.0,6.0,9.0,2.0,9.0,5.0,6.0,3.0,8.0,14.0,2.0,12.0,5.0,4.0,5.0,2.0,3.0,4.0,10.0,4.0,9.0,6.0,6.0,8.0,2.0,4.0,8.0,6.0,4.0,7.0,6.0,2.0,1.0,5.0,4.0,10.0,4.0,4.0,5.0,8.0,5.96,3.0099155863137916,5.0,8.0,2.0
San_Juan,2023-06-01,2023,6,1,30.476190475714283,68.88214578571429,0.000508,13569.0,6.0,4.0,15.0,5.0,3.0,4.0,5.0,3.0,2.0,7.0,3.0,3.0,3.0,6.0,3.0,2.0,2.0,5.0,2.0,8.0,9.0,6.0,4.0,1.0,4.0,5.0,6.0,5.0,9.0,13.0,6.0,2.0,6.0,5.0,5.0,7.0,6.0,1.0,5.0,5.0,4.0,9.0,6.0,7.0,8.0,5.0,7.0,3.0,5.0,0.0,5.1,2.815771906346718,4.0,7.0,1.0
San_Juan,2023-06-08,2023,6,8,30.277777775714288,70.00317457142857,0.6609079999999999,13005.7,5.0,5.0,3.0,6.0,6.0,1.0,1.0,7.0,3.0,2.0,5.0,6.0,9.0,3.0,2.0,3.0,9.0,7.0,5.0,7.0,5.0,5.0,4.0,2.0,2.0,7.0,7.0,0.0,5.0,5.0,5.0,2.0,9.0,2.0,5.0,4.0,1.0,6.0,7.0,4.0,2.0,7.0,8.0,1.0,4.0,0.0,6.0,3.0,3.0,4.0,4.4,2.3819045715047236,4.0,7.0,1.0
San_Juan,2023-06-15,2023,6,15,29.722222221428574,72.08359028571428,1.702562,13591.3,3.0,9.0,7.0,6.0,6.0,11.0,6.0,4.0,3.0,8.0,4.0,6.0,7.0,6.0,3.0,5.0,6.0,1.0,4.0,5.0,7.0,4.0,4.0,1.0,5.0,2.0,3.0,7.0,6.0,2.0,7.0,1.0,1.0,3.0,3.0,1.0,8.0,5.0,2.0,5.0,11.0,3.0,4.0,2.0,3.0,9.0,5.0,2.0,10.0,6.0,4.84,2.6214188399975074,4.0,7.0,1.0
San_Juan,2023-06-22,2023,6,22,28.968253968571428,76.8194297142857,3.378454,15426.7,4.0,1.0,8.0,4.0,4.0,10.0,5.0,5.0,4.0,5.0,6.0,6.0,7.0,10.0,5.0,3.0,5.0,5.0,6.0,10.0,6.0,6.0,13.0,6.0,2.0,10.0,1.0,6.0,6.0,5.0,3.0,11.0,3.0,9.0,5.0,3.0,5.0,7.0,4.0,8.0,4.0,7.0,5.0,5.0,0.0,11.0,1.0,10.0,5.0,9.0,5.78,2.8734534438333177,5.0,8.0,2.0
San_Juan,2023-06-29,2023,6,29,29.206349205714286,76.54649942857144,0.737362,17426.3,5.0,8.0,9.0,8.0,11.0,15.0,4.0,7.0,3.0,3.0,5.0,11.0,3.0,12.0,4.0,4.0,3.0,7.0,4.0,7.0,12.0,7.0,7.0,1.0,4.0,7.0,5.0,6.0,4.0,2.0,9.0,5.0,3.0,3.0,15.0,8.0,8.0,6.0,5.0,4.0,5.0,4.0,4.0,12.0,6.0,9.0,10.0,11.0,2.0,8.0,6.5,3.363974811233319,6.0,9.0,3.0
San_Juan,2023-07-06,2023,7,6,28.76984127,80.45432485714286,6.121908,19937.3,9.0,5.0,4.0,13.0,10.0,5.0,13.0,6.0,13.0,9.0,11.0,5.0,7.0,12.0,7.0,9.0,3.0,7.0,5.0,8.0,5.0,5.0,12.0,9.0,8.0,5.0,6.0,1.0,6.0,8.0,5.0,5.0,12.0,9.0,16.0,2.0,5.0,6.0,6.0,10.0,6.0,9.0,14.0,10.0,23.0,5.0,9.0,7.0,12.0,3.0,8.0,3.9641248358604595,7.0,11.0,3.0
San_Juan,2023-07-13,2023,7,13,29.48412698285714,77.91294957142857,1.067308,23363.3,7.0,8.0,8.0,10.0,14.0,7.0,8.0,8.0,11.0,6.0,5.0,13.0,11.0,10.0,6.0,9.0,12.0,11.0,6.0,8.0,13.0,16.0,14.0,4.0,3.0,4.0,6.0,5.0,12.0,5.0,18.0,11.0,10.0,6.0,19.0,14.0,5.0,10.0,12.0,9.0,13.0,9.0,12.0,8.0,18.0,5.0,10.0,8.0,9.0,16.0,9.64,3.9006017327523987,8.0,12.0,4.0
San_Juan,2023-07-20,2023,7,20,29.246031747142858,75.20888971428572,2.08407,26479.8,9.0,9.0,7.0,7.0,12.0,12.0,8.0,18.0,7.0,17.0,10.0,1.0,15.0,11.0,17.0,12.0,8.0,27.0,9.0,10.0,11.0,11.0,12.0,7.0,15.0,7.0,7.0,15.0,6.0,8.0,7.0,12.0,8.0,23.0,12.0,8.0,2.0,5.0,13.0,8.0,12.0,7.0,11.0,5.0,7.0,5.0,8.0,10.0,15.0,7.0,10.2,4.772369453854304,9.0,13.0,5.0
San_Juan,2023-07-27,2023,7,27,29.00793650714286,78.65846599999999,1.474216,29039.6,9.0,9.0,14.0,13.0,9.0,11.0,14.0,13.0,3.0,18.0,4.0,6.0,12.0,7.0,10.0,16.0,11.0,13.0,8.0,8.0,8.0,18.0,7.0,18.0,9.0,9.0,16.0,7.0,11.0,9.0,12.0,8.0,8.0,6.0,16.0,7.0,15.0,8.0,19.0,10.0,11.0,16.0,11.0,19.0,12.0,19.0,7.0,11.0,12.0,8.0,11.1,4.092053024972144,10.0,14.0,6.0
San_Juan,2023-08-03,2023,8,3,29.722222221428574,79.13130014285714,4.166362,31389.399999999998,16.0,15.0,11.0,16.0,9.0,10.0,9.0,3.0,10.0,3.0,9.0,13.0,7.0,9.0,13.0,20.0,20.0,9.0,23.0,10.0,14.0,14.0,6.0,10.0,14.0,11.0,18.0,18.0,15.0,17.0,9.0,23.0,15.0,11.0,8.0,8.0,7.0,15.0,10.0,11.0,12.0,19.0,14.0,3.0,10.0,13.0,9.0,6.0,20.0,12.0,12.14,4.852981410579333,11.0,16.0,6.0
San_Juan,2023-08-10,2023,8,10,29.722222222857145,76.39174271428571,2.337562,32517.1,4.0,17.0,9.0,12.0,12.0,9.0,6.0,19.0,12.0,9.0,17.0,17.0,13.0,28.0,14.0,10.0,16.0,19.0,12.0,4.0,20.0,16.0,13.0,5.0,12.0,11.0,10.0,10.0,4.0,7.0,18.0,12.0,23.0,10.0,5.0,10.0,13.0,16.0,21.0,9.0,10.0,7.0,7.0,14.0,9.0,14.0,13.0,14.0,12.0,13.0,12.34,5.081418731666445,11.0,16.0,6.0
San_Juan,2023-08-17,2023,8,17,28.452380952857144,81.42426928571429,2.8702,32472.4,12.0,23.0,7.0,8.0,13.0,8.0,13.0,13.0,14.0,5.0,4.0,6.0,9.0,20.0,11.0,10.0,10.0,13.0,11.0,11.0,11.0,10.0,10.0,17.0,17.0,14.0,4.0,18.0,18.0,19.0,10.0,9.0,11.0,15.0,12.0,15.0,10.0,13.0,5.0,13.0,11.0,9.0,15.0,21.0,12.0,20.0,16.0,11.0,4.0,15.0,12.12,4.53395353900738,11.0,16.0,6.0
San_Juan,2023-08-24,2023,8,24,30.436507938571427,72.44002935714285,0.5344159999999999,31866.0,17.0,4.0,8.0,14.0,10.0,18.0,5.0,9.0,18.0,6.0,8.0,20.0,8.0,7.0,5.0,11.0,9.0,14.0,7.0,18.0,6.0,13.0,7.0,11.0,10.0,7.0,4.0,3.0,11.0,11.0,12.0,12.0,9.0,16.0,16.0,7.0,12.0,12.0,11.0,7.0,9.0,17.0,15.0,9.0,25.0,7.0,16.0,16.0,10.0,6.0,10.86,4.755276339102123,11.0,16.0,6.0
San_Juan,2023-08-31,2023,8,31,30.238095238571425,70.92989692857142,0.026162,29782.100000000002,12.0,8.0,12.0,8.0,8.0,11.0,11.0,3.0,4.0,12.0,14.0,5.0,27.0,9.0,10.0,7.0,20.0,15.0,10.0,11.0,9.0,12.0,7.0,10.0,11.0,5.0,16.0,7.0,7.0,15.0,9.0,7.0,4.0,11.0,11.0,9.0,9.0,4.0,10.0,14.0,11.0,9.0,7.0,9.0,7.0,2.0,13.0,18.0,21.0,7.0,10.16,4.705012524653133,10.0,14.0,6.0
San_Juan,2023-09-07,2023,9,7,29.642857144285717,76.19514607142857,3.378454,26755.3,9.0,9.0,16.0,7.0,6.0,15.0,12.0,18.0,11.0,7.0,10.0,6.0,9.0,5.0,8.0,5.0,7.0,5.0,8.0,10.0,3.0,7.0,12.0,12.0,11.0,6.0,16.0,6.0,7.0,7.0,3.0,22.0,10.0,9.0,7.0,6.0,6.0,7.0,8.0,19.0,9.0,7.0,12.0,12.0,11.0,9.0,7.0,15.0,11.0,7.0,9.34,4.0386399003746245,9.0,13.0,5.0
San_Juan,2023-09-14,2023,9,14,30.198412697142857,72.17908557142857,0.076962,24825.5,7.0,5.0,13.0,16.0,12.0,11.0,18.0,8.0,6.0,14.0,7.0,16.0,13.0,11.0,10.0,11.0,14.0,14.0,12.0,15.0,10.0,12.0,16.0,6.0,18.0,7.0,9.0,15.0,9.0,14.0,7.0,8.0,11.0,11.0,6.0,8.0,8.0,15.0,14.0,8.0,8.0,10.0,10.0,5.0,11.0,9.0,11.0,14.0,11.0,13.0,10.94,3.4131199444353024,9.0,13.0,5.0
San_Juan,2023-09-21,2023,9,21,29.444444444285715,78.06145792857141,3.251454,25014.2,12.0,13.0,7.0,12.0,11.0,4.0,18.0,3.0,10.0,6.0,11.0,9.0,4.0,4.0,6.0,22.0,6.0,9.0,11.0,8.0,10.0,6.0,15.0,3.0,6.0,2.0,4.0,9.0,9.0,3.0,13.0,9.0,13.0,7.0,10.0,9.0,13.0,10.0,10.0,11.0,2.0,13.0,6.0,3.0,10.0,19.0,4.0,17.0,6.0,18.0,9.12,4.714891735939719,9.0,13.0,5.0
San_Juan,2023-09-28,2023,9,28,29.682539682857144,81.54071185714285,6.5278,25177.600000000002,12.0,11.0,7.0,7.0,13.0,22.0,3.0,11.0,5.0,11.0,2.0,13.0,5.0,3.0,7.0,4.0,15.0,14.0,8.0,9.0,11.0,11.0,13.0,11.0,9.0,2.0,12.0,10.0,21.0,10.0,9.0,12.0,11.0,17.0,10.0,8.0,11.0,11.0,7.0,2.0,6.0,7.0,12.0,8.0,15.0,12.0,7.0,6.0,11.0,7.0,9.62,4.323122454326507,9.0,13.0,5.0
San_Juan,2023-10-05,2023,10,5,30.674603174285714,69.29788192857143,0.0012699999999999999,23768.3,13.0,9.0,9.0,4.0,7.0,16.0,3.0,7.0,8.0,12.0,4.0,5.0,5.0,10.0,8.0,16.0,7.0,9.0,4.0,11.0,6.0,15.0,7.0,8.0,2.0,18.0,14.0,2.0,6.0,12.0,8.0,7.0,5.0,10.0,5.0,5.0,7.0,15.0,12.0,5.0,3.0,16.0,14.0,19.0,5.0,9.0,7.0,10.0,11.0,5.0,8.7,4.338955013853554,8.0,12.0,4.0
San_Juan,2023-10-12,2023,10,12,30.39682539714286,72.78058978571428,1.499362,22302.2,7.0,11.0,7.0,8.0,10.0,5.0,9.0,9.0,12.0,7.0,6.0,3.0,9.0,15.0,4.0,8.0,4.0,7.0,9.0,16.0,21.0,7.0,23.0,7.0,6.0,15.0,12.0,11.0,20.0,18.0,4.0,7.0,11.0,3.0,7.0,7.0,6.0,3.0,18.0,9.0,13.0,4.0,9.0,12.0,6.0,10.0,16.0,5.0,2.0,8.0,9.32,4.966993095240144,8.0,12.0,4.0
San_Juan,2023-10-19,2023,10,19,29.04761904714286,79.33373621428572,2.743708,22502.3,14.0,5.0,11.0,7.0,8.0,7.0,12.0,12.0,9.0,7.0,11.0,4.0,15.0,10.0,4.0,7.0,5.0,11.0,11.0,10.0,9.0,9.0,13.0,14.0,18.0,2.0,8.0,9.0,4.0,16.0,5.0,7.0,5.0,13.0,9.0,7.0,9.0,7.0,9.0,6.0,1.0,4.0,9.0,7.0,7.0,14.0,10.0,8.0,1.0,7.0,8.54,3.7591249524541297,8.0,12.0,4.0
San_Juan,2023-10-26,2023,10,26,28.650793651428575,78.56609157142857,14.961108,24019.5,6.0,8.0,8.0,9.0,9.0,11.0,10.0,8.0,11.0,9.0,7.0,8.0,10.0,12.0,10.0,4.0,10.0,10.0,6.0,8.0,9.0,5.0,12.0,8.0,7.0,4.0,4.0,2.0,7.0,6.0,4.0,6.0,8.0,7.0,12.0,8.0,11.0,11.0,9.0,8.0,4.0,7.0,6.0,14.0,8.0,13.0,13.0,12.0,9.0,17.0,8.5,2.9640705601780613,8.0,12.0,4.0
San_Juan,2023-11-02,2023,11,2,28.571428571428573,78.1716985,2.794254,25475.100000000002,7.0,14.0,14.0,10.0,9.0,18.0,8.0,5.0,8.0,9.0,6.0,19.0,12.0,5.0,14.0,7.0,4.0,14.0,25.0,14.0,10.0,8.0,14.0,8.0,8.0,5.0,13.0,23.0,15.0,20.0,12.0,17.0,7.0,8.0,6.0,14.0,13.0,12.0,9.0,11.0,15.0,22.0,13.0,13.0,7.0,5.0,4.0,12.0,12.0,18.0,11.52,5.0839483290298,9.0,13.0,5.0
San_Juan,2023-11-09,2023,11,9,28.174603174285714,78.26620128571429,5.385054,25644.6,12.0,9.0,8.0,14.0,4.0,7.0,8.0,7.0,14.0,11.0,9.0,10.0,18.0,11.0,9.0,2.0,6.0,7.0,5.0,8.0,12.0,11.0,4.0,10.0,9.0,16.0,8.0,7.0,17.0,11.0,2.0,9.0,9.0,12.0,5.0,10.0,11.0,17.0,9.0,8.0,10.0,21.0,6.0,2.0,12.0,16.0,12.0,12.0,6.0,13.0,9.72,4.155350620045222,9.0,13.0,5.0
San_Juan,2023-11-16,2023,11,16,28.412698411428572,76.10480607142857,3.5311079999999997,24330.0,10.0,11.0,14.0,15.0,3.0,4.0,6.0,3.0,11.0,8.0,8.0,9.0,14.0,6.0,3.0,2.0,5.0,8.0,12.0,13.0,7.0,6.0,6.0,6.0,15.0,6.0,5.0,15.0,7.0,5.0,2.0,1.0,5.0,13.0,6.0,3.0,19.0,7.0,14.0,9.0,7.0,11.0,3.0,6.0,16.0,12.0,14.0,5.0,6.0,5.0,8.14,4.393919732112194,8.0,12.0,4.0
San_Juan,2023-11-23,2023,11,23,27.38095238,79.317761,0.914654,22573.1,5.0,6.0,4.0,11.0,13.0,7.0,6.0,7.0,4.0,10.0,9.0,9.0,10.0,15.0,9.0,17.0,13.0,5.0,10.0,6.0,13.0,8.0,7.0,4.0,16.0,15.0,9.0,10.0,12.0,4.0,4.0,4.0,6.0,5.0,10.0,8.0,9.0,4.0,13.0,15.0,8.0,18.0,4.0,10.0,5.0,14.0,11.0,6.0,6.0,8.0,8.84,3.903739703600816,8.0,12.0,4.0
San_Juan,2023-11-30,2023,11,30,27.61904762,73.25001335714286,0.6604,20867.7,10.0,12.0,10.0,6.0,8.0,6.0,7.0,8.0,14.0,11.0,5.0,7.0,8.0,5.0,6.0,6.0,7.0,10.0,8.0,10.0,12.0,2.0,4.0,9.0,5.0,10.0,9.0,8.0,12.0,12.0,8.0,5.0,6.0,3.0,10.0,4.0,6.0,8.0,11.0,3.0,3.0,9.0,7.0,8.0,9.0,6.0,6.0,7.0,5.0,7.0,7.56,2.719243592303881,7.0,11.0,3.0
San_Juan,2023-12-07,2023,12,7,27.301587301428572,75.86507992857142,7.9502,19253.6,8.0,7.0,9.0,6.0,1.0,1.0,10.0,5.0,12.0,21.0,5.0,6.0,6.0,3.0,7.0,12.0,3.0,7.0,9.0,10.0,6.0,10.0,9.0,13.0,6.0,8.0,7.0,9.0,12.0,7.0,4.0,8.0,6.0,14.0,6.0,9.0,7.0,8.0,13.0,8.0,1.0,12.0,6.0,9.0,5.0,3.0,4.0,4.0,15.0,9.0,7.72,3.8281449655872515,7.0,11.0,3.0
San_Juan,2023-12-14,2023,12,14,26.031746031428572,78.50051142857144,5.7404,18379.6,12.0,1.0,14.0,2.0,14.0,4.0,7.0,12.0,6.0,3.0,5.0,5.0,2.0,8.0,3.0,3.0,6.0,4.0,10.0,6.0,15.0,8.0,8.0,5.0,4.0,12.0,7.0,9.0,8.0,4.0,6.0,7.0,3.0,6.0,10.0,3.0,3.0,12.0,6.0,8.0,13.0,7.0,4.0,6.0,9.0,13.0,3.0,10.0,2.0,4.0,6.84,3.694231576224684,6.0,9.0,3.0
San_Juan,2023-12-21,2023,12,21,25.714285714285715,80.92710692857143,5.2832,18948.3,7.0,6.0,6.0,5.0,6.0,13.0,4.0,10.0,11.0,2.0,7.0,8.0,7.0,9.0,8.0,6.0,12.0,4.0,11.0,6.0,2.0,5.0,8.0,7.0,10.0,8.0,9.0,7.0,6.0,7.0,12.0,14.0,13.0,17.0,14.0,11.0,3.0,11.0,11.0,3.0,8.0,8.0,4.0,7.0,2.0,6.0,10.0,12.0,19.0,9.0,8.22,3.748686844913094,6.0,9.0,3.0
San_Juan,2023-12-28,2023,12,28,25.873015874285716,76.96438742857143,0.533908,20128.9,9.0,6.0,9.0,5.0,12.0,4.0,7.0,15.0,4.0,5.0,14.0,11.0,4.0,6.0,4.0,2.0,5.0,6.0,6.0,12.0,16.0,14.0,11.0,13.0,8.0,5.0,6.0,4.0,7.0,15.0,9.0,11.0,6.0,12.0,10.0,9.0,12.0,14.0,4.0,14.0,7.0,9.0,3.0,10.0,11.0,16.0,2.0,19.0,8.0,8.0,8.78,4.176171471966316,7.0,11.0,3.0
San_Juan,2024-01-04,2024,1,4,26.904761902857143,77.23665571428572,0.559308,21221.1,4.0,5.0,9.0,4.0,7.0,8.0,8.0,10.0,5.0,4.0,11.0,3.0,4.0,14.0,3.0,3.0,9.0,10.0,5.0,14.0,4.0,2.0,7.0,4.0,17.0,9.0,15.0,6.0,12.0,14.0,7.0,0.0,4.0,6.0,5.0,11.0,15.0,9.0,8.0,11.0,6.0,12.0,3.0,12.0,6.0,13.0,3.0,11.0,4.0,12.0,7.76,4.113491986929185,7.0,11.0,3.0
San_Juan,2024-01-11,2024,1,11,26.70634920714286,78.50143428571428,1.1181079999999999,21588.600000000002,7.0,7.0,9.0,6.0,11.0,7.0,1.0,4.0,13.0,3.0,9.0,9.0,10.0,9.0,6.0,6.0,2.0,17.0,11.0,11.0,10.0,3.0,12.0,0.0,3.0,8.0,15.0,4.0,8.0,6.0,4.0,15.0,6.0,10.0,11.0,8.0,11.0,3.0,6.0,11.0,8.0,2.0,6.0,8.0,4.0,12.0,8.0,14.0,4.0,10.0,7.76,3.8838230691746323,7.0,11.0,3.0
San_Juan,2024-01-18,2024,1,18,27.26190476142857,73.90980950000001,1.2446000000000002,20688.2,17.0,10.0,4.0,10.0,9.0,8.0,8.0,3.0,10.0,13.0,6.0,6.0,15.0,10.0,4.0,8.0,4.0,6.0,2.0,3.0,6.0,12.0,9.0,6.0,8.0,14.0,9.0,8.0,6.0,13.0,11.0,7.0,13.0,0.0,12.0,7.0,11.0,9.0,3.0,11.0,5.0,12.0,2.0,11.0,13.0,3.0,3.0,5.0,4.0,0.0,7.78,4.042074634013921,7.0,11.0,3.0
San_Juan,2024-01-25,2024,1,25,26.19047619,73.56099714285713,5.816853999999999,19080.5,3.0,5.0,8.0,21.0,8.0,13.0,7.0,5.0,4.0,6.0,13.0,14.0,9.0,9.0,19.0,5.0,6.0,9.0,11.0,12.0,10.0,6.0,11.0,7.0,4.0,16.0,5.0,11.0,3.0,8.0,9.0,13.0,5.0,8.0,11.0,11.0,5.0,12.0,13.0,10.0,11.0,9.0,8.0,9.0,10.0,6.0,9.0,5.0,9.0,9.0,9.0,3.806546455564065,7.0,11.0,3.0
San_Juan,2024-02-01,2024,2,1,26.42857143,76.80116685714286,6.731254,17776.7,10.0,10.0,5.0,6.0,10.0,6.0,5.0,7.0,12.0,4.0,7.0,2.0,10.0,8.0,5.0,13.0,10.0,2.0,10.0,6.0,4.0,9.0,8.0,6.0,5.0,12.0,1.0,3.0,10.0,6.0,12.0,7.0,7.0,18.0,9.0,6.0,3.0,14.0,11.0,4.0,3.0,6.0,9.0,6.0,3.0,13.0,7.0,6.0,7.0,17.0,7.6,3.763411392091283,6.0,9.0,3.0
San_Juan,2024-02-08,2024,2,8,25.634920634285717,70.29322464285714,1.981454,16590.8,13.0,4.0,12.0,14.0,8.0,14.0,7.0,10.0,11.0,1.0,8.0,9.0,5.0,1.0,2.0,6.0,5.0,10.0,5.0,5.0,3.0,22.0,11.0,6.0,12.0,5.0,6.0,11.0,8.0,1.0,3.0,9.0,7.0,6.0,2.0,3.0,6.0,3.0,4.0,6.0,7.0,2.0,11.0,6.0,2.0,4.0,7.0,6.0,4.0,5.0,6.76,4.138224010271033,6.0,9.0,3.0
San_Juan,2024-02-15,2024,2,15,27.063492064285718,72.4267905,0.153162,15574.7,1.0,14.0,10.0,11.0,7.0,2.0,4.0,7.0,7.0,6.0,6.0,5.0,2.0,9.0,9.0,7.0,6.0,7.0,10.0,6.0,3.0,7.0,3.0,6.0,5.0,2.0,3.0,7.0,13.0,5.0,13.0,10.0,2.0,5.0,4.0,7.0,7.0,2.0,5.0,1.0,2.0,7.0,10.0,10.0,6.0,2.0,6.0,8.0,4.0,7.0,6.16,3.2094248960312663,5.0,8.0,2.0
San_Juan,2024-02-22,2024,2,22,25.555555555714285,76.1205155,5.791454,15150.0,3.0,3.0,7.0,9.0,7.0,4.0,2.0,4.0,6.0,11.0,3.0,2.0,2.0,3.0,10.0,3.0,4.0,2.0,1.0,2.0,9.0,4.0,3.0,2.0,2.0,9.0,6.0,7.0,5.0,6.0,4.0,10.0,7.0,11.0,4.0,7.0,7.0,19.0,7.0,12.0,4.0,5.0,4.0,2.0,7.0,2.0,3.0,2.0,4.0,5.0,5.34,3.4618032342484546,5.0,8.0,2.0
San_Juan,2024-02-29,2024,2,29,26.30952380857143,73.64718728571428,2.8450539999999997,15121.7,4.0,6.0,4.0,13.0,14.0,10.0,8.0,12.0,6.0,2.0,10.0,2.0,10.0,7.0,10.0,9.0,6.0,4.0,10.0,2.0,10.0,10.0,6.0,17.0,6.0,8.0,7.0,9.0,8.0,1.0,9.0,4.0,3.0,2.0,4.0,4.0,4.0,4.0,6.0,8.0,6.0,1.0,9.0,3.0,4.0,7.0,4.0,1.0,6.0,8.0,6.56,3.5637632024680466,5.0,8.0,2.0
San_Juan,2024-03-07,2024,3,7,27.34126984,74.00733757142858,0.203454,15423.7,10.0,11.0,6.0,7.0,5.0,7.0,2.0,3.0,7.0,4.0,2.0,8.0,3.0,7.0,12.0,2.0,5.0,7.0,13.0,5.0,7.0,2.0,8.0,5.0,11.0,7.0,7.0,2.0,12.0,1.0,7.0,9.0,9.0,8.0,13.0,9.0,7.0,6.0,9.0,7.0,11.0,10.0,7.0,2.0,3.0,6.0,1.0,5.0,1.0,4.0,6.44,3.3145320105528615,5.0,8.0,2.0
San_Juan,2024-03-14,2024,3,14,27.738095237142858,74.73677807142857,1.422654,15533.6,6.0,6.0,17.0,5.0,8.0,2.0,9.0,1.0,13.0,7.0,11.0,7.0,8.0,6.0,5.0,7.0,5.0,3.0,1.0,11.0,3.0,2.0,1.0,15.0,6.0,8.0,5.0,11.0,2.0,4.0,6.0,7.0,4.0,4.0,8.0,14.0,10.0,10.0,7.0,3.0,3.0,11.0,6.0,4.0,2.0,12.0,3.0,7.0,7.0,2.0,6.5,3.8399085873473178,5.0,8.0,2.0
San_Juan,2024-03-21,2024,3,21,27.6984127,71.8890447142857,1.8034,14610.1,6.0,4.0,4.0,1.0,3.0,9.0,8.0,9.0,5.0,9.0,7.0,5.0,3.0,3.0,5.0,4.0,4.0,3.0,11.0,10.0,4.0,13.0,2.0,3.0,2.0,7.0,4.0,4.0,8.0,10.0,5.0,14.0,7.0,14.0,5.0,6.0,6.0,13.0,1.0,7.0,9.0,4.0,9.0,2.0,9.0,8.0,3.0,4.0,5.0,5.0,6.12,3.342002332709649,5.0,8.0,2.0
San_Juan,2024-03-28,2024,3,28,26.706349205714286,70.06300878571429,1.4478,13517.5,6.0,6.0,2.0,7.0,1.0,6.0,1.0,6.0,4.0,2.0,4.0,3.0,4.0,2.0,8.0,3.0,8.0,3.0,6.0,8.0,2.0,5.0,6.0,2.0,1.0,6.0,0.0,5.0,6.0,12.0,5.0,4.0,9.0,3.0,7.0,4.0,2.0,14.0,5.0,8.0,6.0,6.0,5.0,0.0,3.0,1.0,1.0,7.0,3.0,8.0,4.72,2.9349408087762874,4.0,7.0,1.0
San_Juan,2024-04-04,2024,4,4,28.134920635714284,73.55765757142856,4.369054,13815.3,6.0,3.0,12.0,1.0,2.0,18.0,9.0,7.0,7.0,6.0,5.0,8.0,4.0,3.0,1.0,4.0,7.0,3.0,4.0,15.0,4.0,4.0,9.0,12.0,3.0,6.0,6.0,0.0,6.0,7.0,1.0,9.0,7.0,8.0,12.0,8.0,7.0,12.0,8.0,2.0,10.0,7.0,7.0,4.0,10.0,11.0,5.0,2.0,9.0,5.0,6.52,3.764712635047965,5.0,8.0,2.0
San_Juan,2024-04-11,2024,4,11,27.57936507857143,79.44991014285714,7.0612,15425.9,5.0,6.0,2.0,3.0,6.0,6.0,5.0,11.0,10.0,7.0,7.0,13.0,8.0,4.0,7.0,7.0,8.0,6.0,9.0,4.0,3.0,6.0,8.0,2.0,1.0,6.0,1.0,0.0,3.0,13.0,13.0,8.0,8.0,0.0,0.0,2.0,8.0,4.0,14.0,2.0,3.0,5.0,10.0,6.0,8.0,2.0,3.0,2.0,2.0,2.0,5.58,3.631438687183843,5.0,8.0,2.0
San_Juan,2024-04-18,2024,4,18,27.420634919999998,78.64280135714286,7.7218539999999996,17766.2,17.0,0.0,9.0,4.0,5.0,3.0,6.0,5.0,6.0,6.0,6.0,6.0,4.0,6.0,4.0,9.0,1.0,14.0,8.0,5.0,4.0,16.0,3.0,4.0,5.0,10.0,3.0,4.0,6.0,8.0,9.0,4.0,10.0,4.0,7.0,7.0,12.0,7.0,6.0,4.0,10.0,8.0,6.0,12.0,3.0,28.0,11.0,1.0,7.0,10.0,7.06,4.692199345070237,6.0,9.0,3.0
San_Juan,2024-04-25,2024,4,25,27.26190476,80.7109485,6.070854000000001,20729.2,9.0,3.0,16.0,9.0,7.0,15.0,2.0,8.0,8.0,1.0,8.0,10.0,11.0,10.0,4.0,8.0,4.0,2.0,14.0,8.0,5.0,14.0,0.0,8.0,11.0,10.0,13.0,12.0,8.0,12.0,10.0,3.0,22.0,9.0,7.0,5.0,5.0,12.0,6.0,11.0,4.0,4.0,5.0,6.0,5.0,5.0,8.0,3.0,4.0,9.0,7.86,4.295275049994126,7.0,11.0,3.0
San_Juan,2024-05-02,2024,5,2,28.015873015714284,80.034012,11.633454,24479.4,18.0,10.0,7.0,9.0,13.0,10.0,5.0,12.0,4.0,7.0,9.0,6.0,2.0,9.0,5.0,4.0,10.0,10.0,10.0,9.0,4.0,5.0,15.0,7.0,12.0,14.0,6.0,5.0,4.0,9.0,4.0,4.0,7.0,9.0,16.0,7.0,2.0,12.0,4.0,2.0,7.0,10.0,12.0,14.0,10.0,16.0,14.0,8.0,6.0,13.0,8.54,4.021422227855946,8.0,12.0,4.0
San_Juan,2024-05-09,2024,5,9,29.16666666714286,74.81938935714285,5.5372,27662.1,9.0,11.0,19.0,6.0,16.0,10.0,3.0,4.0,10.0,8.0,17.0,7.0,10.0,9.0,9.0,3.0,7.0,16.0,12.0,20.0,16.0,17.0,7.0,14.0,11.0,8.0,12.0,11.0,10.0,18.0,10.0,16.0,8.0,13.0,4.0,13.0,6.0,13.0,15.0,24.0,12.0,17.0,11.0,5.0,9.0,10.0,9.0,14.0,10.0,10.0,11.18,4.59231834209063,10.0,14.0,6.0
San_Juan,2024-05-16,2024,5,16,29.563492062857144,74.23668457142857,2.642362,28517.8,6.0,9.0,15.0,9.0,12.0,8.0,9.0,8.0,9.0,18.0,13.0,7.0,12.0,8.0,15.0,14.0,13.0,14.0,15.0,15.0,6.0,15.0,7.0,12.0,11.0,11.0,13.0,15.0,11.0,14.0,5.0,18.0,8.0,11.0,18.0,11.0,12.0,16.0,13.0,11.0,6.0,7.0,26.0,11.0,12.0,17.0,10.0,17.0,11.0,7.0,11.82,4.059204707469538,10.0,14.0,6.0
San_Juan,2024-05-23,2024,5,23,29.801587301428572,77.8360615,6.655562,27821.0,7.0,3.0,8.0,9.0,14.0,7.0,19.0,13.0,12.0,17.0,5.0,12.0,10.0,19.0,12.0,6.0,11.0,9.0,12.0,14.0,12.0,5.0,26.0,18.0,10.0,6.0,10.0,3.0,13.0,9.0,9.0,3.0,6.0,9.0,21.0,12.0,13.0,7.0,9.0,15.0,9.0,5.0,7.0,17.0,8.0,10.0,3.0,10.0,16.0,12.0,10.64,4.947726750741192,10.0,14.0,6.0
San_Juan,2024-05-30,2024,5,30,30.0,74.8575785,4.2420539999999995,26799.7,15.0,1.0,6.0,12.0,11.0,7.0,2.0,26.0,5.0,12.0,7.0,15.0,6.0,8.0,11.0,11.0,13.0,13.0,11.0,10.0,11.0,12.0,2.0,6.0,8.0,12.0,11.0,6.0,12.0,12.0,8.0,16.0,5.0,9.0,11.0,7.0,9.0,9.0,12.0,17.0,7.0,9.0,12.0,6.0,12.0,8.0,2.0,10.0,25.0,5.0,9.86,4.865580905813858,9.0,13.0,5.0
San_Juan,2024-06-06,2024,6,6,30.35714285857143,72.46447157142858,0.305054,25846.3,12.0,17.0,12.0,19.0,10.0,12.0,8.0,20.0,9.0,11.0,5.0,17.0,5.0,13.0,7.0,11.0,8.0,13.0,10.0,7.0,15.0,9.0,6.0,7.0,5.0,16.0,14.0,13.0,8.0,17.0,16.0,9.0,3.0,9.0,9.0,13.0,13.0,17.0,8.0,13.0,15.0,9.0,19.0,12.0,8.0,13.0,3.0,14.0,10.0,8.0,11.14,4.223404178757091,9.0,13.0,5.0
San_Juan,2024-06-13,2024,6,13,30.11904762,72.19931707142857,1.854454,25704.7,6.0,24.0,9.0,9.0,21.0,8.0,10.0,10.0,13.0,14.0,17.0,8.0,13.0,8.0,13.0,15.0,5.0,9.0,8.0,9.0,13.0,8.0,13.0,9.0,9.0,8.0,3.0,4.0,12.0,7.0,7.0,10.0,7.0,6.0,7.0,15.0,10.0,12.0,14.0,12.0,11.0,11.0,17.0,7.0,11.0,8.0,11.0,4.0,16.0,8.0,10.38,4.159523128083461,9.0,13.0,5.0
San_Juan,2024-06-20,2024,6,20,29.88095237857143,76.34065307142858,0.9652000000000001,26787.1,11.0,12.0,8.0,10.0,9.0,6.0,12.0,15.0,8.0,7.0,9.0,19.0,10.0,9.0,10.0,10.0,4.0,5.0,21.0,6.0,12.0,10.0,8.0,9.0,6.0,11.0,4.0,16.0,13.0,20.0,11.0,9.0,7.0,7.0,7.0,9.0,6.0,14.0,3.0,13.0,10.0,9.0,11.0,12.0,5.0,6.0,10.0,11.0,7.0,4.0,9.62,3.9429089023517774,9.0,13.0,5.0
San_Juan,2024-06-27,2024,6,27,29.96031746142857,77.36492014285714,3.0734,28666.6,14.0,6.0,16.0,16.0,7.0,10.0,7.0,11.0,12.0,6.0,13.0,11.0,19.0,7.0,12.0,18.0,12.0,16.0,8.0,11.0,7.0,12.0,11.0,13.0,6.0,23.0,16.0,15.0,8.0,5.0,19.0,11.0,11.0,13.0,2.0,17.0,11.0,12.0,10.0,9.0,12.0,7.0,8.0,16.0,6.0,21.0,14.0,19.0,6.0,7.0,11.58,4.6339034543772915,10.0,14.0,6.0
San_Juan,2024-07-04,2024,7,4,30.11904762,74.85529435714285,1.117854,30673.8,22.0,19.0,13.0,12.0,14.0,10.0,15.0,5.0,13.0,14.0,3.0,13.0,11.0,9.0,15.0,17.0,13.0,11.0,15.0,13.0,8.0,8.0,19.0,18.0,6.0,16.0,15.0,14.0,8.0,19.0,18.0,14.0,8.0,11.0,9.0,20.0,7.0,10.0,20.0,25.0,16.0,20.0,14.0,17.0,17.0,9.0,8.0,10.0,6.0,14.0,13.22,4.794937806836349,11.0,16.0,6.0
San_Juan,2024-07-11,2024,7,11,29.84126984,77.5016382142857,4.013453999999999,32738.8,10.0,16.0,13.0,6.0,15.0,19.0,12.0,9.0,18.0,16.0,13.0,12.0,3.0,18.0,26.0,10.0,13.0,13.0,17.0,6.0,13.0,7.0,8.0,12.0,7.0,13.0,6.0,5.0,9.0,11.0,8.0,25.0,9.0,15.0,17.0,4.0,10.0,21.0,10.0,24.0,12.0,23.0,9.0,11.0,13.0,8.0,15.0,13.0,8.0,8.0,12.38,5.397996604939538,12.0,17.0,7.0
San_Juan,2024-07-18,2024,7,18,29.523809524285717,77.83046371428573,2.54,34976.9,18.0,15.0,9.0,12.0,23.0,10.0,13.0,12.0,8.0,24.0,14.0,7.0,12.0,12.0,14.0,8.0,11.0,8.0,15.0,8.0,14.0,9.0,7.0,13.0,23.0,11.0,16.0,15.0,6.0,18.0,12.0,17.0,18.0,17.0,7.0,16.0,9.0,18.0,15.0,11.0,4.0,11.0,10.0,10.0,13.0,6.0,17.0,8.0,12.0,11.0,12.54,4.536518488885502,12.0,17.0,7.0
San_Juan,2024-07-25,2024,7,25,29.8015873,78.79709328571428,3.327654,36761.9,12.0,16.0,20.0,18.0,9.0,8.0,12.0,11.0,5.0,9.0,9.0,8.0,21.0,18.0,19.0,21.0,18.0,26.0,9.0,12.0,16.0,10.0,14.0,12.0,9.0,19.0,11.0,6.0,24.0,18.0,24.0,7.0,23.0,16.0,17.0,22.0,11.0,22.0,23.0,17.0,23.0,11.0,15.0,19.0,14.0,11.0,13.0,15.0,15.0,21.0,15.18,5.476070392058114,13.0,18.0,8.0
San_Juan,2024-08-01,2024,8,1,30.039682541428572,76.97965264285713,3.022854,37497.7,17.0,15.0,11.0,12.0,14.0,18.0,15.0,11.0,17.0,15.0,9.0,13.0,20.0,12.0,20.0,9.0,19.0,12.0,11.0,19.0,19.0,16.0,8.0,12.0,22.0,23.0,13.0,13.0,14.0,17.0,16.0,10.0,10.0,17.0,18.0,18.0,17.0,5.0,8.0,10.0,19.0,12.0,6.0,15.0,14.0,18.0,18.0,14.0,13.0,9.0,14.26,4.14438395510683,13.0,18.0,8.0
San_Juan,2024-08-08,2024,8,8,29.523809522857142,79.75788992857143,10.363454,36995.2,18.0,24.0,8.0,8.0,12.0,12.0,16.0,9.0,12.0,13.0,17.0,16.0,21.0,20.0,21.0,20.0,10.0,10.0,20.0,5.0,18.0,9.0,17.0,17.0,9.0,15.0,14.0,16.0,16.0,12.0,20.0,19.0,17.0,10.0,16.0,4.0,7.0,16.0,11.0,15.0,12.0,21.0,15.0,13.0,11.0,11.0,13.0,4.0,16.0,16.0,14.04,4.7249230638375135,13.0,18.0,8.0
San_Juan,2024-08-15,2024,8,15,30.317460317142856,76.04659135714284,5.436362,36008.8,11.0,16.0,3.0,14.0,15.0,14.0,20.0,14.0,18.0,8.0,17.0,10.0,14.0,7.0,15.0,11.0,21.0,19.0,7.0,8.0,15.0,6.0,16.0,21.0,21.0,12.0,9.0,8.0,13.0,20.0,23.0,16.0,13.0,10.0,18.0,15.0,12.0,15.0,12.0,10.0,9.0,8.0,22.0,7.0,13.0,19.0,17.0,14.0,24.0,16.0,13.92,4.931531202375181,13.0,18.0,8.0
San_Juan,2024-08-22,2024,8,22,29.801587301428572,75.61390842857143,0.787908,35730.0,4.0,18.0,23.0,11.0,6.0,12.0,22.0,10.0,15.0,13.0,15.0,11.0,9.0,10.0,8.0,13.0,10.0,9.0,18.0,17.0,20.0,12.0,14.0,13.0,14.0,17.0,13.0,12.0,11.0,12.0,18.0,22.0,17.0,13.0,17.0,12.0,13.0,15.0,7.0,21.0,6.0,19.0,13.0,13.0,8.0,10.0,15.0,14.0,10.0,8.0,13.26,4.402272140611028,13.0,18.0,8.0
San_Juan,2024-08-29,2024,8,29,29.722222221428574,79.00603514285714,4.5974,36514.9,10.0,16.0,24.0,5.0,10.0,17.0,17.0,19.0,18.0,22.0,13.0,10.0,18.0,23.0,20.0,15.0,23.0,13.0,17.0,7.0,7.0,20.0,21.0,10.0,12.0,4.0,12.0,7.0,20.0,9.0,19.0,28.0,12.0,23.0,13.0,15.0,8.0,16.0,13.0,12.0,8.0,6.0,10.0,9.0,10.0,7.0,10.0,4.0,3.0,15.0,13.6,6.040678431961707,13.0,18.0,8.0
San_Juan,2024-09-05,2024,9,5,29.603174604285716,80.47712892857143,3.581654,37585.8,19.0,13.0,7.0,19.0,14.0,14.0,8.0,17.0,22.0,12.0,25.0,7.0,9.0,15.0,19.0,12.0,16.0,21.0,12.0,8.0,16.0,12.0,26.0,15.0,26.0,5.0,8.0,13.0,17.0,6.0,11.0,15.0,6.0,5.0,6.0,12.0,14.0,15.0,3.0,20.0,11.0,25.0,16.0,17.0,11.0,9.0,18.0,17.0,8.0,24.0,13.92,5.955069868847648,13.0,18.0,8.0
San_Juan,2024-09-12,2024,9,12,30.39682539714286,78.39329928571429,1.7526000000000002,37961.9,16.0,10.0,11.0,14.0,18.0,12.0,15.0,18.0,14.0,22.0,11.0,16.0,15.0,10.0,6.0,9.0,6.0,22.0,16.0,13.0,12.0,13.0,8.0,16.0,10.0,20.0,12.0,20.0,22.0,13.0,23.0,7.0,15.0,24.0,12.0,15.0,9.0,10.0,15.0,14.0,11.0,20.0,5.0,15.0,6.0,15.0,15.0,7.0,5.0,15.0,13.56,4.899645968051661,13.0,18.0,8.0
San_Juan,2024-09-19,2024,9,19,30.07936508142857,74.80194157142857,1.8796,37938.9,13.0,13.0,5.0,12.0,19.0,17.0,3.0,15.0,6.0,18.0,23.0,20.0,12.0,26.0,17.0,23.0,8.0,7.0,9.0,17.0,10.0,8.0,16.0,20.0,8.0,9.0,21.0,8.0,4.0,29.0,10.0,15.0,7.0,21.0,12.0,6.0,12.0,11.0,17.0,14.0,14.0,7.0,12.0,12.0,17.0,19.0,11.0,8.0,20.0,12.0,13.46,5.935744369873908,13.0,18.0,8.0
San_Juan,2024-09-26,2024,9,26,29.92063491857143,77.12871042857144,0.686054,37301.9,10.0,20.0,19.0,20.0,17.0,13.0,13.0,16.0,11.0,21.0,16.0,8.0,9.0,23.0,19.0,20.0,11.0,6.0,23.0,14.0,27.0,7.0,11.0,11.0,27.0,10.0,11.0,10.0,23.0,12.0,5.0,21.0,9.0,14.0,20.0,12.0,14.0,11.0,9.0,9.0,20.0,12.0,21.0,9.0,14.0,15.0,7.0,9.0,13.0,13.0,14.3,5.566847933828204,13.0,18.0,8.0
San_Juan,2024-10-03,2024,10,3,30.27777777714286,75.81547392857144,3.175254,33978.7,19.0,16.0,15.0,10.0,18.0,15.0,19.0,12.0,26.0,10.0,11.0,14.0,18.0,11.0,11.0,17.0,12.0,10.0,7.0,16.0,12.0,24.0,7.0,18.0,8.0,15.0,19.0,11.0,5.0,14.0,13.0,19.0,6.0,17.0,12.0,8.0,19.0,8.0,13.0,13.0,8.0,14.0,14.0,16.0,19.0,18.0,22.0,19.0,24.0,11.0,14.26,4.898187919829045,12.0,17.0,7.0
San_Juan,2024-10-10,2024,10,10,30.277777777142855,68.74942121428572,0.3302,28172.2,10.0,8.0,11.0,17.0,9.0,12.0,14.0,8.0,10.0,14.0,14.0,11.0,8.0,6.0,3.0,4.0,5.0,16.0,6.0,13.0,4.0,8.0,5.0,10.0,17.0,9.0,13.0,7.0,4.0,13.0,12.0,10.0,15.0,12.0,14.0,8.0,7.0,13.0,19.0,11.0,10.0,20.0,11.0,11.0,16.0,6.0,14.0,16.0,7.0,7.0,10.56,4.146107099633661,10.0,14.0,6.0
San_Juan,2024-10-17,2024,10,17,30.07936507857143,74.73304064285715,1.905,23488.9,9.0,6.0,9.0,8.0,7.0,20.0,13.0,10.0,11.0,6.0,6.0,5.0,11.0,11.0,13.0,9.0,13.0,12.0,11.0,6.0,9.0,5.0,10.0,3.0,17.0,21.0,10.0,6.0,12.0,13.0,10.0,5.0,5.0,10.0,12.0,17.0,3.0,6.0,4.0,17.0,6.0,4.0,12.0,10.0,8.0,13.0,10.0,19.0,12.0,5.0,9.8,4.389226141639205,8.0,12.0,4.0
San_Juan,2024-10-24,2024,10,24,29.246031745714284,77.36010921428571,5.3848,21158.1,4.0,8.0,7.0,8.0,6.0,6.0,5.0,1.0,4.0,2.0,5.0,6.0,10.0,6.0,6.0,11.0,10.0,5.0,5.0,9.0,10.0,3.0,2.0,15.0,16.0,8.0,4.0,11.0,6.0,12.0,7.0,3.0,7.0,15.0,3.0,7.0,11.0,7.0,18.0,4.0,3.0,6.0,6.0,4.0,4.0,7.0,7.0,14.0,4.0,9.0,7.14,3.849251186124069,7.0,11.0,3.0
San_Juan,2024-10-31,2024,10,31,27.698412697142857,80.23245514285715,25.9842,20467.9,7.0,6.0,7.0,8.0,8.0,4.0,10.0,6.0,8.0,8.0,8.0,14.0,3.0,7.0,4.0,9.0,7.0,4.0,13.0,6.0,6.0,8.0,9.0,1.0,8.0,4.0,6.0,15.0,3.0,10.0,1.0,8.0,6.0,4.0,7.0,20.0,6.0,8.0,4.0,13.0,3.0,5.0,13.0,5.0,13.0,6.0,2.0,5.0,8.0,1.0,7.1,3.8239310898069068,7.0,11.0,3.0
San_Juan,2024-11-07,2024,11,7,27.817460315714282,81.42265678571428,10.744454000000001,20740.4,9.0,13.0,7.0,12.0,7.0,2.0,8.0,11.0,7.0,7.0,10.0,17.0,16.0,11.0,6.0,11.0,5.0,7.0,4.0,3.0,2.0,9.0,4.0,4.0,16.0,15.0,14.0,7.0,7.0,4.0,15.0,9.0,12.0,6.0,7.0,2.0,7.0,3.0,5.0,12.0,4.0,11.0,7.0,12.0,2.0,8.0,6.0,6.0,8.0,6.0,8.06,4.0325714690580785,7.0,11.0,3.0
San_Juan,2024-11-14,2024,11,14,27.38095238,75.58298442857142,3.454654,22515.1,2.0,11.0,10.0,10.0,7.0,18.0,7.0,8.0,10.0,5.0,7.0,5.0,5.0,5.0,21.0,7.0,7.0,16.0,4.0,16.0,14.0,8.0,7.0,6.0,6.0,6.0,7.0,5.0,12.0,13.0,12.0,10.0,13.0,4.0,7.0,12.0,4.0,6.0,4.0,5.0,9.0,4.0,19.0,10.0,1.0,23.0,6.0,9.0,14.0,10.0,8.94,4.84624828594033,8.0,12.0,4.0
San_Juan,2024-11-21,2024,11,21,28.452380952857144,76.25168971428572,3.226054,24748.6,19.0,5.0,3.0,8.0,8.0,19.0,9.0,14.0,18.0,18.0,12.0,13.0,10.0,9.0,17.0,7.0,2.0,4.0,10.0,11.0,10.0,6.0,8.0,9.0,13.0,7.0,7.0,12.0,8.0,13.0,18.0,4.0,18.0,10.0,6.0,8.0,9.0,18.0,7.0,10.0,10.0,22.0,7.0,12.0,10.0,3.0,12.0,12.0,7.0,4.0,10.32,4.82104231257016,9.0,13.0,5.0
San_Juan,2024-11-28,2024,11,28,28.571428571428573,74.58240714285715,0.661162,25041.7,3.0,11.0,7.0,12.0,8.0,15.0,16.0,5.0,7.0,5.0,15.0,6.0,17.0,17.0,12.0,9.0,9.0,3.0,14.0,8.0,12.0,9.0,13.0,2.0,5.0,6.0,12.0,18.0,8.0,5.0,8.0,3.0,4.0,5.0,11.0,10.0,8.0,9.0,6.0,12.0,9.0,12.0,21.0,19.0,14.0,8.0,11.0,11.0,9.0,7.0,9.72,4.49961449595906,9.0,13.0,5.0
San_Juan,2024-12-05,2024,12,5,27.57936508,76.42813292857143,3.7846,23815.2,7.0,5.0,9.0,2.0,12.0,11.0,7.0,7.0,13.0,12.0,10.0,6.0,15.0,4.0,4.0,10.0,12.0,15.0,5.0,8.0,10.0,4.0,5.0,2.0,8.0,11.0,12.0,19.0,18.0,8.0,7.0,10.0,7.0,16.0,12.0,5.0,3.0,11.0,12.0,5.0,8.0,1.0,11.0,18.0,7.0,11.0,7.0,4.0,6.0,14.0,8.92,4.3558077579812675,8.0,12.0,4.0
San_Juan,2024-12-12,2024,12,12,27.182539681428572,77.67130985714286,5.689854,23457.0,10.0,16.0,5.0,12.0,6.0,3.0,20.0,11.0,7.0,4.0,8.0,6.0,6.0,10.0,11.0,8.0,8.0,7.0,7.0,2.0,18.0,9.0,9.0,11.0,9.0,2.0,5.0,7.0,5.0,1.0,9.0,10.0,15.0,11.0,21.0,11.0,19.0,5.0,8.0,5.0,12.0,10.0,16.0,24.0,6.0,17.0,13.0,11.0,9.0,13.0,9.76,5.1052593929581835,8.0,12.0,4.0
San_Juan,2024-12-19,2024,12,19,27.777777777142855,79.4278095,3.556254,23760.0,12.0,11.0,4.0,13.0,3.0,6.0,17.0,5.0,9.0,17.0,10.0,7.0,7.0,9.0,9.0,4.0,17.0,5.0,14.0,7.0,1.0,8.0,6.0,6.0,7.0,15.0,13.0,6.0,4.0,6.0,13.0,9.0,6.0,4.0,9.0,7.0,12.0,13.0,9.0,2.0,7.0,8.0,8.0,8.0,10.0,9.0,9.0,10.0,15.0,15.0,8.82,3.9779494256027266,8.0,12.0,4.0
San_Juan,2024-12-26,2024,12,26,26.031746032857143,73.75219607142857,2.5654,22790.5,9.0,3.0,24.0,20.0,8.0,14.0,7.0,7.0,13.0,8.0,5.0,6.0,2.0,7.0,17.0,19.0,4.0,4.0,7.0,7.0,6.0,15.0,2.0,8.0,17.0,13.0,11.0,3.0,9.0,7.0,17.0,4.0,15.0,12.0,5.0,3.0,13.0,13.0,28.0,16.0,8.0,4.0,7.0,5.0,15.0,4.0,11.0,8.0,7.0,10.0,9.74,5.837283405062702,8.0,12.0,4.0
San_Juan,2025-01-02,2025,1,2,25.99206349142857,79.95529842857142,2.972562,20569.1,4.0,5.0,14.0,5.0,3.0,4.0,12.0,4.0,12.0,13.0,3.0,7.0,6.0,12.0,13.0,12.0,6.0,4.0,8.0,4.0,10.0,2.0,11.0,8.0,10.0,2.0,8.0,13.0,6.0,4.0,7.0,8.0,7.0,13.0,13.0,5.0,18.0,11.0,13.0,12.0,5.0,13.0,8.0,8.0,15.0,6.0,12.0,6.0,13.0,10.0,8.56,3.970092272612971,7.0,11.0,3.0
San_Juan,2025-01-09,2025,1,9,26.805555554999998,73.886589,0.267589,19017.600000000002,1.0,9.0,4.0,4.0,4.0,8.0,6.0,11.0,1.0,9.0,6.0,8.0,11.0,12.0,5.0,7.0,13.0,7.0,3.0,10.0,3.0,5.0,11.0,8.0,8.0,4.0,9.0,9.0,9.0,6.0,9.0,2.0,3.0,5.0,4.0,10.0,6.0,7.0,10.0,7.0,5.0,2.0,5.0,5.0,1.0,6.0,4.0,8.0,22.0,4.0,6.72,3.7364175792502916,6.0,9.0,3.0
