Location,Year,Month,Day,Avg_Temp,Precip,Humidity,Ref
West_SJ,2011,4,9,26.0,0.0,65.32855,0
West_SJ,2011,4,10,26.5,0.0,65.4327075,0
West_SJ,2011,4,11,26.0,0.2794,65.32855,0
West_SJ,2011,4,12,26.0,0.0,73.9485,0
West_SJ,2011,4,13,25.833333333333336,0.6095999999999999,76.43729844622737,0
West_SJ,2011,4,14,25.27777777777778,0.6121439684608967,77.55775183724673,0
West_SJ,2011,4,15,26.5,0.1016,76.367962,0
West_SJ,2011,4,16,26.0,0.254,69.52137,0
West_SJ,2011,4,17,25.55555555555556,0.0,78.34570910458712,0
West_SJ,2011,4,18,26.5,0.0,65.4327075,0
West_SJ,2011,4,19,25.500000000000004,0.0254,74.4303875,0
West_SJ,2011,4,20,27.5,0.1523999999999999,67.717205,0
West_SJ,2011,4,21,25.55555555555556,0.0,75.97917764269727,0
West_SJ,2011,4,22,26.5,0.0,71.82938,0
West_SJ,2011,4,23,26.5,0.0,69.615815,0
West_SJ,2011,4,24,27.0,0.0,69.71026,0
West_SJ,2011,4,25,28.500000000000007,0.0,67.9230175,0
West_SJ,2011,4,26,26.500000000000004,0.8128,78.8587725,0
West_SJ,2011,4,27,26.000000000000007,0.7112,81.434338,0
West_SJ,2011,4,28,27.0,1.0921999999999998,65.758927,0
West_SJ,2011,4,29,26.500000000000004,0.0,65.569229,0
West_SJ,2011,4,30,26.5,0.0,71.91260199999999,0
West_SJ,2011,5,1,25.500000000000004,0.3302,83.675243,0
West_SJ,2011,5,2,27.5,3.81,76.43832699999999,0
West_SJ,2011,5,3,27.0,0.0508,74.2592625,0
West_SJ,2011,5,4,26.5,0.0,74.16562,0
West_SJ,2011,5,5,25.55555555555556,0.0,83.5554575471829,0
West_SJ,2011,5,6,26.0,0.0,63.343975,0
West_SJ,2011,5,7,26.0,0.0,65.457607,0
West_SJ,2011,5,8,27.0,0.0,65.664482,0
West_SJ,2011,5,9,27.5,0.0,69.929227,0
West_SJ,2011,5,10,26.666666666666668,0.0,66.01538071038397,0
West_SJ,2011,5,11,26.5,0.0,71.91260199999999,0
West_SJ,2011,5,12,27.0,0.0,74.114944,0
West_SJ,2011,5,13,27.0,0.1523999999999999,78.76171,0
West_SJ,2011,5,14,25.0,0.4318000000000001,88.668915,0
West_SJ,2011,5,15,28.5,3.8354,69.540513,0
West_SJ,2011,5,16,30.500000000000004,0.254,59.72270949999999,0
West_SJ,2011,5,17,25.500000000000004,0.4826,84.12897699999999,0
West_SJ,2011,5,18,29.000000000000004,0.4571999999999999,72.526475,0
West_SJ,2011,5,19,25.500000000000004,0.127,83.68460999999999,0
West_SJ,2011,5,20,25.833333333333336,0.635,90.73180823084668,0
West_SJ,2011,5,21,23.88888888888889,0.699427253734691,84.496737026327,0
West_SJ,2011,5,22,26.666666666666668,0.0761999999999999,68.29573376865004,0
West_SJ,2011,5,23,27.222222222222225,1.3716,80.97543398925245,0
West_SJ,2011,5,24,27.0,0.3047999999999999,86.56418,0
West_SJ,2011,5,25,26.944444444444446,1.7525999999999995,79.40334299923688,0
West_SJ,2011,5,26,27.222222222222225,1.8373913085366167,92.74122455404252,0
West_SJ,2011,5,27,29.000000000000004,4.013199999999999,74.3993375,0
West_SJ,2011,5,28,28.5,0.0254,79.547057,0
West_SJ,2011,5,29,28.333333333333336,0.0,82.31195098847002,0
West_SJ,2011,5,30,27.77777777777778,0.0,78.68973031912223,0
West_SJ,2011,5,31,26.944444444444446,1.143,75.48792009837608,0
West_SJ,2011,6,1,28.000000000000004,0.0,81.350508,0
West_SJ,2011,6,2,27.77777777777778,0.2285999999999999,69.13121357342725,0
West_SJ,2011,6,3,26.666666666666668,1.0921999999999998,81.37561298828422,0
West_SJ,2011,6,4,26.500000000000004,1.2446,81.4744075,0
West_SJ,2011,6,5,27.0,1.2718987421611705,88.999712,0
West_SJ,2011,6,6,27.0,0.7365999999999999,75.41889,0
West_SJ,2011,6,7,29.000000000000004,0.254,74.58425,0
West_SJ,2011,6,8,27.0,1.1684,83.661227,0
West_SJ,2011,6,9,27.222222222222225,0.1523999999999999,81.64585027439514,0
West_SJ,2011,6,10,30.500000000000004,0.3809999999999999,72.4187295,0
West_SJ,2011,6,11,30.500000000000004,0.0,72.796428,0
West_SJ,2011,6,12,29.444444444444446,0.3302,77.81570376225085,0
West_SJ,2011,6,13,29.000000000000004,0.5841999999999999,77.01978199999999,0
West_SJ,2011,6,14,29.000000000000004,0.0,79.039246,0
West_SJ,2011,6,15,30.0,0.0,71.3922805,0
West_SJ,2011,6,16,25.0,0.0,81.268638,0
West_SJ,2011,6,17,30.0,1.016,74.60542,0
West_SJ,2011,6,18,28.88888888888889,0.8889999999999999,78.88822779464856,0
West_SJ,2011,6,19,26.666666666666668,0.2794,70.01782114085422,0
West_SJ,2011,6,20,27.5,1.4731999999999998,78.96183273831831,0
West_SJ,2011,6,21,27.77777777777778,1.2446,82.43220783498208,0
West_SJ,2011,6,22,30.0,0.0,74.60542,0
West_SJ,2011,6,23,30.0,0.0,70.39845,0
West_SJ,2011,6,24,30.0,0.0,70.26737,0
West_SJ,2011,6,25,29.000000000000004,0.0,72.263312,0
West_SJ,2011,6,26,28.000000000000004,0.0705153053383655,81.67683,0
West_SJ,2011,6,27,28.05555555555556,0.254,81.43461510811785,0
West_SJ,2011,6,28,24.722222222222225,0.2794,71.39707597083627,0
West_SJ,2011,6,29,27.77777777777778,0.0508,61.561508995000686,0
West_SJ,2011,6,30,28.500000000000007,0.0,76.672255,0
West_SJ,2011,7,1,28.333333333333336,0.0,71.3439497519033,0
West_SJ,2011,7,2,26.944444444444446,2.667,85.5574,0
West_SJ,2011,7,3,26.000000000000007,0.3809999999999999,83.86393699999999,0
West_SJ,2011,7,4,29.5,3.81,73.9195555,0
West_SJ,2011,7,5,30.0,0.0,70.26737,0
West_SJ,2011,7,6,28.333333333333336,0.508,80.08028793215054,0
West_SJ,2011,7,7,25.500000000000004,3.8862,88.936207,0
West_SJ,2011,7,8,28.500000000000007,0.9906,72.42481000000001,0
West_SJ,2011,7,9,28.500000000000007,0.0,81.40572,0
West_SJ,2011,7,10,28.000000000000004,0.0,81.635062,0
West_SJ,2011,7,11,28.61111111111111,0.0,71.06397641935877,0
West_SJ,2011,7,12,27.0,1.3208,83.82468499999999,0
West_SJ,2011,7,13,30.0,0.3809999999999999,70.26737,0
West_SJ,2011,7,14,28.000000000000004,1.7018,75.63626099999999,0
West_SJ,2011,7,15,28.000000000000004,1.6539567795335812,81.67683,0
West_SJ,2011,7,16,28.5,1.5995357855333354,72.3551,0
West_SJ,2011,7,17,32.04011885491105,2.836007665143183,66.96868691129691,0
West_SJ,2011,7,18,28.5,1.2072603797473669,79.3621445,0
West_SJ,2011,7,19,30.500000000000004,1.0856228855715702,72.60798,0
West_SJ,2011,7,20,28.000000000000004,0.8128,83.772194,0
West_SJ,2011,7,21,29.5,0.0761999999999999,76.741313,0
West_SJ,2011,7,22,30.0,0.3302,66.15182,0
West_SJ,2011,7,23,28.500000000000007,1.0668,86.392995,0
West_SJ,2011,7,24,29.000000000000004,1.7272000000000003,83.88154,0
West_SJ,2011,7,25,28.88888888888889,0.0761999999999999,80.39426384492187,0
West_SJ,2011,7,26,28.05555555555556,0.0,75.37676084932347,0
West_SJ,2011,7,27,28.000000000000004,0.0,79.052575,0
West_SJ,2011,7,28,28.000000000000004,2.1844,79.50780499999999,0
West_SJ,2011,7,29,29.5,2.5908,79.24348,0
West_SJ,2011,7,30,27.5,3.048,82.226355,0
West_SJ,2011,7,31,29.5,0.5588,72.35537500000001,0
West_SJ,2011,8,1,28.333333333333336,0.7112,66.00840880579725,0
West_SJ,2011,8,2,28.61111111111111,1.27,85.24026121517608,0
West_SJ,2011,8,3,27.5,3.81,65.69152708584566,0
West_SJ,2011,8,4,27.5,3.790246992642678,79.89562318777021,0
West_SJ,2011,8,5,30.0,0.2794,84.49077604167954,0
West_SJ,2011,8,6,30.833333333333336,0.0,75.21395957683379,0
West_SJ,2011,8,7,29.722222222222225,0.0,73.3144686057906,0
West_SJ,2011,8,8,28.88888888888889,0.0,78.33839232968492,0
West_SJ,2011,8,9,29.444444444444446,0.0,65.64968453209384,0
West_SJ,2011,8,10,29.722222222222225,0.127,63.19450626986787,0
West_SJ,2011,8,11,29.722222222222225,1.4986,81.8699386074099,0
West_SJ,2011,8,12,28.61111111111111,0.254,78.02130995140384,0
West_SJ,2011,8,13,29.104830998883845,0.306870354674481,68.22756262904171,0
West_SJ,2011,8,14,29.166666666666668,0.4064,65.69634495352386,0
West_SJ,2011,8,15,30.0,0.0,58.25045344703316,0
West_SJ,2011,8,16,30.0,0.9144,84.22365568935177,0
West_SJ,2011,8,17,29.444444444444446,0.9144,82.93703086136546,0
West_SJ,2011,8,18,29.444444444444446,0.508,72.33251646375594,0
West_SJ,2011,8,19,28.05555555555556,1.4477999999999998,74.68434112601824,0
West_SJ,2011,8,20,28.333333333333336,3.683,72.67313350247315,0
West_SJ,2011,8,21,30.27777777777778,0.0508,64.17527972855018,0
West_SJ,2011,8,22,29.722222222222225,4.013199999999999,71.71850340083361,0
West_SJ,2011,8,23,28.26742949468486,3.977390739506316,79.30535547164236,0
West_SJ,2011,8,24,26.944444444444446,3.556,85.3889142566305,0
West_SJ,2011,8,25,30.0,0.0761999999999999,68.08153022202357,0
West_SJ,2011,8,26,26.944444444444446,3.556,81.396652545992,0
West_SJ,2011,8,27,28.61111111111111,0.0,67.65682606563814,0
West_SJ,2011,8,28,29.722222222222225,0.0,65.8119303383586,0
West_SJ,2011,8,29,28.333333333333336,0.1016,88.07157579588974,0
West_SJ,2011,8,30,28.333333333333336,0.3302,86.27997904906351,0
West_SJ,2011,8,31,28.333333333333336,0.0508,66.66905030477618,0
West_SJ,2011,9,1,28.61111111111111,0.0508,68.59530260659352,0
West_SJ,2011,9,2,28.05555555555556,0.2032,76.6420168404179,0
West_SJ,2011,9,3,28.88888888888889,0.0254,74.48064982251701,0
West_SJ,2011,9,4,28.88888888888889,0.0254,81.80487669295805,0
West_SJ,2011,9,5,28.333333333333336,0.508,89.29828970832615,0
West_SJ,2011,9,6,28.333333333333336,0.0,90.81423262677292,0
West_SJ,2011,9,7,28.88888888888889,0.0,76.79251473713045,0
West_SJ,2011,9,8,29.166666666666668,0.0508,75.79341809690752,0
West_SJ,2011,9,9,27.77777777777778,1.2191999999999998,84.74839361381018,0
West_SJ,2011,9,10,27.5,0.0,72.26772318912377,0
West_SJ,2011,9,11,28.88888888888889,0.5841999999999999,80.29194625341799,0
West_SJ,2011,9,12,28.61111111111111,0.0,68.51004683171085,0
West_SJ,2011,9,13,30.0,0.0508,75.71304785615816,0
West_SJ,2011,9,14,24.444444444444446,1.27,85.5437175104696,0
West_SJ,2011,9,15,26.11111111111111,0.4064,92.19655703747132,0
West_SJ,2011,9,16,28.61111111111111,0.0,83.43576181709156,0
West_SJ,2011,9,17,27.222222222222225,0.2285999999999999,88.42260020096094,0
West_SJ,2011,9,18,26.944444444444446,0.0761999999999999,60.792703126515576,0
West_SJ,2011,9,19,27.222222222222225,1.143,69.7403923323404,0
West_SJ,2011,9,20,27.5,2.6162,68.95172892610331,0
West_SJ,2011,9,21,27.77777777777778,0.0,69.23330245520164,0
West_SJ,2011,9,22,28.05555555555556,0.0,63.06056215270162,0
West_SJ,2011,9,23,28.05555555555556,0.1016,77.96333863310191,0
West_SJ,2011,9,24,28.05555555555556,0.0,84.70062558719329,0
West_SJ,2011,9,25,28.333333333333336,3.81,83.981987606992,0
West_SJ,2011,9,26,27.222222222222225,0.8889999999999999,72.9529943815053,0
West_SJ,2011,9,27,28.05555555555556,2.159,66.90030294792342,0
West_SJ,2011,9,28,28.61111111111111,0.254,73.86522644975487,0
West_SJ,2011,9,29,28.333333333333336,0.0508,79.4921780345769,0
West_SJ,2011,9,30,27.77777777777778,0.0,62.78972565083888,0
West_SJ,2011,10,1,28.05555555555556,0.0,70.31616138006706,0
West_SJ,2011,10,2,29.166666666666668,0.0,79.29184616700672,0
West_SJ,2011,10,3,29.166666666666668,0.4571999999999999,66.1364590736145,0
West_SJ,2011,10,4,28.05555555555556,0.0,80.02597481597208,0
West_SJ,2011,10,5,26.944444444444446,0.635,73.49625767102489,0
West_SJ,2011,10,6,27.77777777777778,2.9972,88.84458517874157,0
West_SJ,2011,10,7,28.05555555555556,0.3809999999999999,70.42609761312953,0
West_SJ,2011,10,8,28.333333333333336,0.0,81.89190274491283,0
West_SJ,2011,10,9,28.333333333333336,2.9972,72.81246736109195,0
West_SJ,2011,10,10,28.05555555555556,0.9144,87.79396572036889,0
West_SJ,2011,10,11,26.944444444444446,0.0,70.95783376111815,0
West_SJ,2011,10,12,27.77777777777778,1.0668,83.00430335317321,0
West_SJ,2011,10,13,27.77777777777778,0.2285999999999999,61.954054423011975,0
West_SJ,2011,10,14,27.5,0.0,66.49913706602212,0
West_SJ,2011,10,15,28.333333333333336,0.0761999999999999,81.36499096245412,0
West_SJ,2011,10,16,27.222222222222225,0.0,64.03472010651245,0
West_SJ,2011,10,17,26.944444444444446,0.6858,64.53812756382398,0
West_SJ,2011,10,18,26.666666666666668,0.8889999999999999,82.80159915714788,0
West_SJ,2011,10,19,26.944444444444446,0.0,83.26856815003967,0
West_SJ,2011,10,20,27.77777777777778,0.7619999999999999,68.66192488915495,0
West_SJ,2011,10,21,27.222222222222225,0.6095999999999999,81.26249978992628,0
West_SJ,2011,10,22,26.38888888888889,0.2794,84.1398588586541,0
West_SJ,2011,10,23,26.944444444444446,0.0,64.174706788744,0
West_SJ,2011,10,24,27.5,0.0943464480308784,71.82704871364662,0
West_SJ,2011,10,25,29.000000000000004,0.1778,76.35815,0
West_SJ,2011,10,26,29.0,0.1016,76.305214,0
West_SJ,2011,10,27,29.0,0.0508,76.1674,0
West_SJ,2011,10,28,28.000000000000004,0.4064,74.88695,0
West_SJ,2011,10,29,27.5,0.3809999999999999,80.04238,0
West_SJ,2011,10,30,28.000000000000004,0.0,73.53807,0
West_SJ,2011,10,31,28.000000000000004,1.506038524088755,76.8933,0
West_SJ,2011,11,1,27.5,0.8889999999999999,80.2495,0
West_SJ,2011,11,2,28.000000000000004,0.0,76.609436,0
West_SJ,2011,11,3,26.500000000000004,0.127,80.87486,0
West_SJ,2011,11,4,28.5,0.0,74.388084,0
West_SJ,2011,11,5,28.5,0.0,76.05995,0
West_SJ,2011,11,6,28.5,0.0,77.25887,0
West_SJ,2011,11,7,28.000000000000004,0.0,83.24516,0
West_SJ,2011,11,8,27.0,1.5239999999999998,86.79053,0
West_SJ,2011,11,9,27.5,0.6095999999999999,83.20769,0
West_SJ,2011,11,10,27.0,2.794,82.2473,0
West_SJ,2011,11,11,28.000000000000004,2.9972,79.2264,0
West_SJ,2011,11,12,27.5,0.0,76.6757,0
West_SJ,2011,11,13,28.000000000000004,0.2794,74.48118,0
West_SJ,2011,11,14,27.5,0.1016,83.13627,0
West_SJ,2011,11,15,28.5,1.0414,73.94663,0
West_SJ,2011,11,16,27.0,0.6095999999999999,71.95221,0
West_SJ,2011,11,17,27.5,0.3809999999999999,75.95404,0
West_SJ,2011,11,18,27.0,0.0721883594369519,74.94603,0
West_SJ,2011,11,19,28.000000000000004,0.0210166300995107,65.47303,0
West_SJ,2011,11,20,28.000000000000004,0.0,75.7419,0
West_SJ,2011,11,21,27.5,0.0,74.85816,0
West_SJ,2011,11,22,28.000000000000004,0.1064205682773605,75.83508,0
West_SJ,2011,11,23,27.5,0.0,73.32885,0
West_SJ,2011,11,24,26.500000000000004,0.2714309724627148,79.14191,0
West_SJ,2011,11,25,25.500000000000004,0.0258235357857255,83.54283,0
West_SJ,2011,11,26,25.500000000000004,0.0168757032706443,89.04075,0
West_SJ,2011,11,27,26.500000000000004,0.0002594869735967,80.97062,0
West_SJ,2011,11,28,26.000000000000007,2.159,81.78232,0
West_SJ,2011,11,29,27.0,1.016,76.29215,0
West_SJ,2011,11,30,26.000000000000007,0.1523999999999999,78.32675,0
West_SJ,2011,12,1,26.000000000000007,0.508,77.47241,0
West_SJ,2011,12,2,26.500000000000004,0.0,78.03387,0
West_SJ,2011,12,3,26.5,0.0254,65.67636,0
West_SJ,2011,12,4,25.0,0.0,70.38376,0
West_SJ,2011,12,5,25.500000000000004,0.0,78.0703,0
West_SJ,2011,12,6,28.5,0.1523999999999999,68.181974,0
West_SJ,2011,12,7,29.0,0.0,71.5384,0
West_SJ,2011,12,8,27.5,0.0,79.48245,0
West_SJ,2011,12,9,26.5,0.7619999999999999,89.50228461172283,0
West_SJ,2011,12,10,26.000000000000007,0.7314629294694506,85.45987,0
West_SJ,2011,12,11,26.500000000000004,2.4384,79.4106,0
West_SJ,2011,12,12,26.500000000000004,0.1523999999999999,74.43705,0
West_SJ,2011,12,13,26.944444444444446,0.0,72.5482753362336,0
West_SJ,2011,12,14,28.05555555555556,0.0,66.71571763806702,0
West_SJ,2011,12,15,27.0,0.5841999999999999,67.34552791105986,0
West_SJ,2011,12,16,26.500000000000004,0.0761999999999999,64.2594,0
West_SJ,2011,12,17,26.500000000000004,0.0254,66.10599,0
West_SJ,2011,12,18,27.5,0.0,60.155586,0
West_SJ,2011,12,19,27.0,0.2285999999999999,64.04383212221714,0
West_SJ,2011,12,20,25.0,0.0,74.813675,0
West_SJ,2011,12,21,26.500000000000004,0.4064,65.003426,0
West_SJ,2011,12,22,26.500000000000004,0.2285999999999999,65.587135,0
West_SJ,2011,12,23,26.000000000000007,0.1523999999999999,69.1031,0
West_SJ,2011,12,24,27.0,0.0254,66.73677,0
West_SJ,2011,12,25,26.500000000000004,0.3809999999999999,71.03632,0
West_SJ,2011,12,26,27.5,0.3809999999999999,61.221878,0
West_SJ,2011,12,27,26.500000000000004,0.0,69.56928,0
West_SJ,2011,12,28,25.500000000000004,0.3047999999999999,82.111275,0
West_SJ,2011,12,29,26.500000000000004,0.0254,75.3177,0
West_SJ,2011,12,30,26.500000000000004,0.0,76.628174,0
West_SJ,2011,12,31,26.000000000000007,0.6604,79.59492,0
West_SJ,2012,1,1,26.000000000000007,1.0668,78.30823,0
West_SJ,2012,1,2,25.500000000000004,0.0254,82.25894,0
West_SJ,2012,1,3,26.0,0.0,78.43865,0
West_SJ,2012,1,4,25.500000000000004,0.6604,79.29642,0
West_SJ,2012,1,5,26.000000000000007,0.0,83.94257,0
West_SJ,2012,1,6,26.000000000000007,0.5334,84.791534,0
West_SJ,2012,1,7,26.000000000000007,2.286,81.768196,0
West_SJ,2012,1,8,26.000000000000007,0.0761999999999999,74.59206,0
West_SJ,2012,1,9,25.500000000000004,0.0,76.394966,0
West_SJ,2012,1,10,26.000000000000007,0.0,72.750916,0
West_SJ,2012,1,11,27.0,0.0,72.78410769217109,0
West_SJ,2012,1,12,26.000000000000007,0.0,67.68486,0
West_SJ,2012,1,13,26.500000000000004,0.0,77.874725,0
West_SJ,2012,1,14,26.500000000000004,0.0,74.58736,0
West_SJ,2012,1,15,26.500000000000004,0.0,76.04548,0
West_SJ,2012,1,16,26.500000000000004,0.0761999999999999,69.29976,0
West_SJ,2012,1,17,24.5,0.3809999999999999,74.068924,0
West_SJ,2012,1,18,26.000000000000007,1.1176,67.65357,0
West_SJ,2012,1,19,25.0,0.9906,76.71107,0
West_SJ,2012,1,20,26.000000000000007,0.0,74.03726,0
West_SJ,2012,1,21,25.0,0.0,79.586716,0
West_SJ,2012,1,22,26.000000000000007,0.2032,70.633965,0
West_SJ,2012,1,23,26.000000000000007,0.0,66.13796,0
West_SJ,2012,1,24,27.0,0.0254,60.570314967493005,0
West_SJ,2012,1,25,26.500000000000004,0.0,63.27866,0
West_SJ,2012,1,26,25.0,0.0,67.5107,0
West_SJ,2012,1,27,25.500000000000004,0.3047999999999999,72.39513,0
West_SJ,2012,1,28,24.5,0.2285999999999999,76.5071,0
West_SJ,2012,1,29,26.500000000000004,1.5494,71.75957,0
West_SJ,2012,1,30,25.0,0.6095999999999999,81.61718,0
West_SJ,2012,1,31,26.500000000000004,1.5494,74.99135,0
West_SJ,2012,2,1,25.500000000000004,0.127,73.18689,0
West_SJ,2012,2,2,25.500000000000004,0.7112,77.194786,0
West_SJ,2012,2,3,25.500000000000004,0.9398,73.342384,0
West_SJ,2012,2,4,26.000000000000007,1.4477999999999998,68.995705,0
West_SJ,2012,2,5,25.500000000000004,1.0414,79.59941,0
West_SJ,2012,2,6,25.0,0.0,79.17022,0
West_SJ,2012,2,7,25.0,0.3047999999999999,80.03564,0
West_SJ,2012,2,8,26.000000000000007,0.3809999999999999,79.18649,0
West_SJ,2012,2,9,26.500000000000004,0.3047999999999999,80.150215,0
West_SJ,2012,2,10,28.000000000000004,0.0,69.47213,0
West_SJ,2012,2,11,27.0,0.0,70.28404,0
West_SJ,2012,2,12,26.500000000000004,0.0,69.10719,0
West_SJ,2012,2,13,25.0,0.0,75.19367,0
West_SJ,2012,2,14,25.0,0.3047999999999999,81.37332,0
West_SJ,2012,2,15,25.500000000000004,0.3809999999999999,78.7949,0
West_SJ,2012,2,16,26.000000000000007,0.1778,74.91028,0
West_SJ,2012,2,17,26.500000000000004,0.0,68.23032,0
West_SJ,2012,2,18,25.500000000000004,0.0,72.10798,0
West_SJ,2012,2,19,25.500000000000004,0.1761762531990233,78.8173,0
West_SJ,2012,2,20,25.0,0.9906,70.10483,0
West_SJ,2012,2,21,25.500000000000004,0.0,74.92495,0
West_SJ,2012,2,22,26.500000000000004,0.0508,66.56752,0
West_SJ,2012,2,23,26.500000000000004,0.3302,74.97838,0
West_SJ,2012,2,24,26.000000000000007,0.2032,78.496704,0
West_SJ,2012,2,25,26.000000000000007,0.0,73.16255,0
West_SJ,2012,2,26,26.500000000000004,0.3809999999999999,74.94717,0
West_SJ,2012,2,27,27.0,0.0761999999999999,68.00961,0
West_SJ,2012,2,28,26.000000000000007,0.1016,76.57617,0
West_SJ,2012,2,29,26.500000000000004,0.0,67.2482,0
West_SJ,2012,3,1,25.0,0.0,80.47531,0
West_SJ,2012,3,2,26.000000000000007,0.9398,74.4552,0
West_SJ,2012,3,3,26.000000000000007,0.8382,80.08498,0
West_SJ,2012,3,4,26.500000000000004,0.0,77.97031,0
West_SJ,2012,3,5,26.000000000000007,0.3809999999999999,73.026344,0
West_SJ,2012,3,6,26.500000000000004,0.0761999999999999,70.17277,0
West_SJ,2012,3,7,25.500000000000004,0.5841999999999999,73.46312,0
West_SJ,2012,3,8,26.000000000000007,1.2446,70.097664,0
West_SJ,2012,3,9,26.000000000000007,0.0,72.761444,0
West_SJ,2012,3,10,25.500000000000004,0.5334,74.52639,0
West_SJ,2012,3,11,26.500000000000004,0.7874,74.514206,0
West_SJ,2012,3,12,26.000000000000007,0.0508,71.65482,0
West_SJ,2012,3,13,25.500000000000004,0.0,70.47117,0
West_SJ,2012,3,14,26.500000000000004,0.1016,70.92289,0
West_SJ,2012,3,15,26.500000000000004,0.0,65.92775,0
West_SJ,2012,3,16,26.500000000000004,0.0,65.796364,0
West_SJ,2012,3,17,26.500000000000004,0.0,69.07387,0
West_SJ,2012,3,18,26.500000000000004,0.0,72.52941,0
West_SJ,2012,3,19,26.500000000000004,0.0,71.78024,0
West_SJ,2012,3,20,26.500000000000004,0.0,70.46906,0
West_SJ,2012,3,21,27.0,0.0,70.21844,0
West_SJ,2012,3,22,24.5,2.286,88.563255,0
West_SJ,2012,3,23,24.5,2.384459093908872,80.67965,0
West_SJ,2012,3,24,26.500000000000004,1.4477999999999998,76.098785,0
West_SJ,2012,3,25,24.5,3.683,89.644745,0
West_SJ,2012,3,26,26.500000000000004,1.6001999999999998,77.17424,0
West_SJ,2012,3,27,25.0,0.635,72.01503,0
West_SJ,2012,3,28,26.500000000000004,0.0508,78.83774,0
West_SJ,2012,3,29,31.55572000842237,0.9144,84.779205,0
West_SJ,2012,3,30,25.0,0.991207328578906,87.840416,0
West_SJ,2012,3,31,26.500000000000004,1.7525999999999995,75.99377,0
West_SJ,2012,4,1,27.5,1.0414,71.8887,0
West_SJ,2012,4,2,28.000000000000004,0.0,70.8901,0
West_SJ,2012,4,3,27.5,0.0,73.64546,0
West_SJ,2012,4,4,27.5,0.0,73.716774,0
West_SJ,2012,4,5,27.5,0.0,72.72046,0
West_SJ,2012,4,6,27.5,0.0,73.6106,0
West_SJ,2012,4,7,28.000000000000004,0.0,72.35691,0
West_SJ,2012,4,8,28.000000000000004,0.0,71.531364,0
West_SJ,2012,4,9,26.000000000000007,0.1523999999999999,80.54492,0
West_SJ,2012,4,10,27.0,0.5841999999999999,78.28362,0
West_SJ,2012,4,11,28.000000000000004,0.0,73.96631,0
West_SJ,2012,4,12,28.000000000000004,0.0,74.689606,0
West_SJ,2012,4,13,28.000000000000004,0.4318000000000001,76.929726,0
West_SJ,2012,4,14,25.500000000000004,1.4986,90.00862,0
West_SJ,2012,4,15,26.000000000000007,2.032,59.983124,0
West_SJ,2012,4,16,27.0,0.0,54.39080943800437,0
West_SJ,2012,4,17,27.0,0.5203971814619878,49.350672956703534,0
West_SJ,2012,4,18,26.000000000000007,0.0,62.91824,0
West_SJ,2012,4,19,26.0,0.0,64.313126,0
West_SJ,2012,4,20,26.500000000000004,0.0,67.95453,0
West_SJ,2012,4,21,26.500000000000004,0.0,77.15995,0
West_SJ,2012,4,22,28.000000000000004,0.100903598384109,75.85363,0
West_SJ,2012,4,23,29.5,0.0,67.48014,0
West_SJ,2012,4,24,30.0,0.0,58.99796369925943,0
West_SJ,2012,4,25,28.5,0.0,78.82935,0
West_SJ,2012,4,26,28.5,0.2794,75.55248,0
West_SJ,2012,4,27,27.0,0.2285999999999999,78.14569,0
West_SJ,2012,4,28,28.5,0.0,67.19714,0
West_SJ,2012,4,29,27.5,0.0761999999999999,73.879036,0
West_SJ,2012,4,30,27.0,0.1016,74.81441,0
West_SJ,2012,5,1,27.5,1.5239999999999998,70.88493,0
West_SJ,2012,5,2,26.500000000000004,0.3809999999999999,86.29706,0
West_SJ,2012,5,3,26.500000000000004,2.9718,83.38619,0
West_SJ,2012,5,4,27.5,0.1523999999999999,86.25554,0
West_SJ,2012,5,5,26.500000000000004,0.3047999999999999,83.00781,0
West_SJ,2012,5,6,26.500000000000004,3.81,80.2821,0
West_SJ,2012,5,7,27.0,0.635,77.681755,0
West_SJ,2012,5,8,28.000000000000004,0.0,76.67526,0
West_SJ,2012,5,9,28.5,0.6095999999999999,79.78943,0
West_SJ,2012,5,10,28.000000000000004,2.286,78.439285,0
West_SJ,2012,5,11,28.5,0.0,83.88748,0
West_SJ,2012,5,12,29.5,-0.0760581956678025,77.51702,0
West_SJ,2012,5,13,29.0,0.0,76.77844,0
West_SJ,2012,5,14,28.5,0.127,75.11286,0
West_SJ,2012,5,15,28.5,0.0,73.056885,0
West_SJ,2012,5,16,28.5,0.0,73.3859,0
West_SJ,2012,5,17,28.000000000000004,0.3556,78.953186,0
West_SJ,2012,5,18,27.5,0.8889999999999999,82.57361,0
West_SJ,2012,5,19,29.0,0.8461425084278635,65.469154,0
West_SJ,2012,5,20,27.5,0.0,79.510506,0
West_SJ,2012,5,21,28.000000000000004,0.0,74.70171,0
West_SJ,2012,5,22,27.5,0.0,80.34989,0
West_SJ,2012,5,23,29.0,0.2794,73.017815,0
West_SJ,2012,5,24,28.5,0.0,69.85232,0
West_SJ,2012,5,25,28.5,0.0,66.5486,0
West_SJ,2012,5,26,27.5,0.0,67.73151,0
West_SJ,2012,5,27,27.5,0.0,72.090256,0
West_SJ,2012,5,28,29.0,0.0,72.031425,0
West_SJ,2012,5,29,28.000000000000004,0.8636000000000001,75.00818,0
West_SJ,2012,5,30,29.5,0.0,70.90015,0
West_SJ,2012,5,31,29.5,0.0,74.13365,0
West_SJ,2012,6,1,30.500000000000004,0.2032,66.81464,0
West_SJ,2012,6,2,30.500000000000004,0.0,63.63951,0
West_SJ,2012,6,3,29.5,0.0,70.54318,0
West_SJ,2012,6,4,29.5,0.0,68.47535,0
West_SJ,2012,6,5,30.0,0.0,61.373184,0
West_SJ,2012,6,6,30.500000000000004,0.0,68.32785,0
West_SJ,2012,6,7,30.0,0.0,70.18657,0
West_SJ,2012,6,8,29.5,0.0,71.724,0
West_SJ,2012,6,9,30.0,0.0,68.321365,0
West_SJ,2012,6,10,30.0,0.0,67.44023,0
West_SJ,2012,6,11,31.000000000000007,0.3809999999999999,65.86287,0
West_SJ,2012,6,12,31.0,0.0,68.0466,0
West_SJ,2012,6,13,31.000000000000007,0.0,63.993427,0
West_SJ,2012,6,14,29.5,0.0,69.85397,0
West_SJ,2012,6,15,30.0,0.0,66.38649,0
West_SJ,2012,6,16,29.5,0.0,71.37678,0
West_SJ,2012,6,17,30.0,0.0,72.11318,0
West_SJ,2012,6,18,29.722222222222225,0.1778,63.805763,0
West_SJ,2012,6,19,29.5,0.0,70.058334,0
West_SJ,2012,6,20,29.5,0.0,75.23337,0
West_SJ,2012,6,21,30.500000000000004,0.5841999999999999,66.8533,0
West_SJ,2012,6,22,30.500000000000004,0.0,66.17129,0
West_SJ,2012,6,23,30.0,0.0,66.63271,0
West_SJ,2012,6,24,30.0,0.0,65.43112,0
West_SJ,2012,6,25,28.5,0.0,68.54168,0
West_SJ,2012,6,26,30.500000000000004,0.2794,62.84763,0
West_SJ,2012,6,27,30.500000000000004,0.0,71.909485,0
West_SJ,2012,6,28,30.500000000000004,0.0,65.68597,0
West_SJ,2012,6,29,30.0,0.1778,68.25414,0
West_SJ,2012,6,30,30.500000000000004,1.7525999999999995,66.95193,0
West_SJ,2012,7,1,30.0,0.0,70.68633,0
West_SJ,2012,7,2,28.5,0.5334,83.42974,0
West_SJ,2012,7,3,30.0,0.9398,74.783295,0
West_SJ,2012,7,4,28.500000000000007,0.0,72.14354,0
West_SJ,2012,7,5,26.000000000000007,1.7525999999999995,86.40313,0
West_SJ,2012,7,6,28.5,1.0414,75.88772,0
West_SJ,2012,7,7,30.0,0.0,72.378105,0
West_SJ,2012,7,8,30.0,0.1523999999999999,72.91736,0
West_SJ,2012,7,9,28.000000000000004,0.127,80.3529,0
West_SJ,2012,7,10,29.5,1.1176,74.42768,0
West_SJ,2012,7,11,30.0,0.1016,70.588974,0
West_SJ,2012,7,12,29.5,0.0244070639999407,75.598785,0
West_SJ,2012,7,13,29.0,0.1125258755277904,76.26561,0
West_SJ,2012,7,14,29.0,0.212711289058982,74.47095,0
West_SJ,2012,7,15,29.5,1.698217589128872,76.561264,0
West_SJ,2012,7,16,30.0,0.3242525638712178,73.19444,0
West_SJ,2012,7,17,30.0,0.5171556916668716,67.18806918566223,0
West_SJ,2012,7,18,30.500000000000004,0.7365999999999999,64.848015,0
West_SJ,2012,7,19,29.0,0.4571999999999999,77.49506,0
West_SJ,2012,7,20,28.5,0.3809999999999999,85.27518,0
West_SJ,2012,7,21,29.5,2.3876,79.340416,0
West_SJ,2012,7,22,29.5,0.0761999999999999,77.907616,0
West_SJ,2012,7,23,29.5,0.1016,68.22568,0
West_SJ,2012,7,24,29.5,0.0761999999999999,75.12315,0
West_SJ,2012,7,25,30.0,0.0508,71.92552,0
West_SJ,2012,7,26,30.0,0.0,69.52612,0
West_SJ,2012,7,27,30.500000000000004,0.0,66.15084,0
West_SJ,2012,7,28,29.5,0.0761999999999999,74.49051,0
West_SJ,2012,7,29,30.0,0.0508,75.66922,0
West_SJ,2012,7,30,30.0,0.127,77.03636,0
West_SJ,2012,7,31,26.500000000000004,0.1523999999999999,86.842285,0
West_SJ,2012,8,1,29.5,0.4318000000000001,78.02531,0
West_SJ,2012,8,2,30.0,0.000254,72.04501,0
West_SJ,2012,8,3,30.0,0.0,71.198906,0
West_SJ,2012,8,4,30.0,0.5334,70.72097,0
West_SJ,2012,8,5,30.500000000000004,0.0,71.914055,0
West_SJ,2012,8,6,30.0,0.0,72.78074,0
West_SJ,2012,8,7,28.5,0.1016,78.87693,0
West_SJ,2012,8,8,29.0,0.3556,76.9412,0
West_SJ,2012,8,9,30.500000000000004,0.7619999999999999,71.4374,0
West_SJ,2012,8,10,30.500000000000004,0.0,69.964,0
West_SJ,2012,8,11,30.500000000000004,0.0508,68.97219,0
West_SJ,2012,8,12,30.500000000000004,0.0508,71.11448,0
West_SJ,2012,8,13,29.0,2.0828,76.98213,0
West_SJ,2012,8,14,30.0,0.0508,71.59362,0
West_SJ,2012,8,15,29.5,1.3462,79.36951,0
West_SJ,2012,8,16,29.5,0.4064,78.46196,0
West_SJ,2012,8,17,29.5,0.6095999999999999,77.969696,0
West_SJ,2012,8,18,30.0,0.4064,78.05204,0
West_SJ,2012,8,19,30.500000000000004,0.0,73.431335,0
West_SJ,2012,8,20,30.500000000000004,0.0,67.56483,0
West_SJ,2012,8,21,29.0,0.7764538096972804,74.808495,0
West_SJ,2012,8,22,30.0,1.5494,65.03879240780573,0
West_SJ,2012,8,23,28.61111111111111,0.9144,68.70153636571568,0
West_SJ,2012,8,24,27.5,0.508,66.12680163146243,0
West_SJ,2012,8,25,29.0,3.4798,65.627144,0
West_SJ,2012,8,26,29.5,0.4064,72.143585,0
West_SJ,2012,8,27,28.5,0.0,72.44513190548045,0
West_SJ,2012,8,28,30.500000000000004,0.0254,69.1772,0
West_SJ,2012,8,29,31.000000000000007,0.0254,63.723675,0
West_SJ,2012,8,30,29.5,0.0,72.187775,0
West_SJ,2012,8,31,29.0,0.0,71.36684,0
West_SJ,2012,9,1,29.5,0.0,71.52501,0
West_SJ,2012,9,2,30.0,0.0,73.36283,0
West_SJ,2012,9,3,29.5,0.0,64.4383,0
West_SJ,2012,9,4,30.500000000000004,0.0,65.131836,0
West_SJ,2012,9,5,30.500000000000004,0.0,67.15317,0
West_SJ,2012,9,6,30.500000000000004,0.0,65.28904,0
West_SJ,2012,9,7,30.500000000000004,0.0,64.55851,0
West_SJ,2012,9,8,30.500000000000004,0.0,72.207466,0
West_SJ,2012,9,9,30.500000000000004,0.0,67.75792,0
West_SJ,2012,9,10,30.0,0.0,68.81685,0
West_SJ,2012,9,11,30.0,0.3047999999999999,66.59027,0
West_SJ,2012,9,12,30.500000000000004,0.0,67.579796,0
West_SJ,2012,9,13,30.0,0.0,69.1319,0
West_SJ,2012,9,14,29.0,0.0,79.25538,0
West_SJ,2012,9,15,30.0,2.9718,75.410835,0
West_SJ,2012,9,16,30.0,0.5841999999999999,72.012924,0
West_SJ,2012,9,17,30.500000000000004,0.0,73.155655,0
West_SJ,2012,9,18,29.0,0.0761999999999999,78.15142,0
West_SJ,2012,9,19,30.0,0.5588,75.94434,0
West_SJ,2012,9,20,31.000000000000007,0.0,72.013016,0
West_SJ,2012,9,21,29.5,0.6001035486589683,76.81415,0
West_SJ,2012,9,22,30.0,0.0,71.86708,0
West_SJ,2012,9,23,30.500000000000004,0.0,67.96085,0
West_SJ,2012,9,24,30.500000000000004,0.0,69.26376,0
West_SJ,2012,9,25,28.5,1.016,77.84179,0
West_SJ,2012,9,26,28.5,0.3302,77.59808,0
West_SJ,2012,9,27,29.5,0.508,71.896965,0
West_SJ,2012,9,28,29.5,0.0,78.34909,0
West_SJ,2012,9,29,30.0,3.429,70.224495,0
West_SJ,2012,9,30,30.0,0.127,70.9382,0
West_SJ,2012,10,1,31.500000000000004,0.0,69.608116,0
West_SJ,2012,10,2,30.0,0.4318000000000001,72.80072,0
West_SJ,2012,10,3,31.000000000000007,0.3556,64.60657,0
West_SJ,2012,10,4,30.0,0.2794,70.37912,0
West_SJ,2012,10,5,29.5,0.1523999999999999,74.087296,0
West_SJ,2012,10,6,30.0,0.0,68.67753,0
West_SJ,2012,10,7,28.5,0.0,75.15885,0
West_SJ,2012,10,8,29.0,0.0761999999999999,79.071434,0
West_SJ,2012,10,9,30.0,0.0105126651733695,73.815506,0
West_SJ,2012,10,10,29.5,0.000254,76.76273,0
West_SJ,2012,10,11,28.5,1.143,81.79717,0
West_SJ,2012,10,12,29.0,3.302,78.41935,0
West_SJ,2012,10,13,29.0,1.143,80.88898,0
West_SJ,2012,10,14,29.0,0.635,83.469604,0
West_SJ,2012,10,15,30.500000000000004,0.1523999999999999,73.32143,0
West_SJ,2012,10,16,29.000000000000004,0.0,74.77533,0
West_SJ,2012,10,17,30.0,1.8796,77.34995,0
West_SJ,2012,10,18,29.5,0.0254,77.15591,0
West_SJ,2012,10,19,28.000000000000004,0.9398,79.506905,0
West_SJ,2012,10,20,28.5,0.1016,74.50735,0
West_SJ,2012,10,21,29.0,0.6604,76.411804,0
West_SJ,2012,10,22,28.5,0.4318000000000001,78.176956,0
West_SJ,2012,10,23,29.0,2.5908,72.66463,0
West_SJ,2012,10,24,30.0,0.7493260013516374,67.97605,0
West_SJ,2012,10,25,30.0,0.0,66.86406,0
West_SJ,2012,10,26,29.000000000000004,1.1016948664616408,81.06416,0
West_SJ,2012,10,27,31.5,0.2285999999999999,68.73183,0
West_SJ,2012,10,28,31.000000000000007,0.3300190684015575,70.687096,0
West_SJ,2012,10,29,30.0,0.0,72.16589,0
West_SJ,2012,10,30,30.500000000000004,0.0,71.27312,0
West_SJ,2012,10,31,29.5,0.0,75.38237,0
West_SJ,2012,11,1,30.500000000000004,0.0,71.91338,0
West_SJ,2012,11,2,29.5,0.508,70.10599,0
West_SJ,2012,11,3,29.0,0.000254,72.55186,0
West_SJ,2012,11,4,29.0,0.0,72.56117,0
West_SJ,2012,11,5,28.5,0.3809999999999999,79.33224,0
West_SJ,2012,11,6,29.0,0.4318000000000001,72.52804,0
West_SJ,2012,11,7,30.0,0.0,72.449,0
West_SJ,2012,11,8,29.5,0.0,74.824684,0
West_SJ,2012,11,9,29.0,0.0,74.61784,0
West_SJ,2012,11,10,29.0,0.0,72.96613,0
West_SJ,2012,11,11,29.5,0.6095999999999999,73.28505,0
West_SJ,2012,11,12,28.5,2.7432,77.42606,0
West_SJ,2012,11,13,28.5,4.038600000000001,80.12037,0
West_SJ,2012,11,14,28.000000000000004,0.0254,82.276115,0
West_SJ,2012,11,15,28.5,0.8128,76.04311,0
West_SJ,2012,11,16,28.000000000000004,0.3047999999999999,82.759224,0
West_SJ,2012,11,17,30.0,0.8382,68.10538,0
West_SJ,2012,11,18,29.0,0.0,76.14177,0
West_SJ,2012,11,19,28.5,0.0,82.21975,0
West_SJ,2012,11,20,28.5,1.143,77.32717,0
West_SJ,2012,11,21,28.5,0.0,75.3693,0
West_SJ,2012,11,22,28.000000000000004,2.4384,82.07339,0
West_SJ,2012,11,23,28.5,2.8702,84.17156,0
West_SJ,2012,11,24,27.5,2.6162,76.915726,0
West_SJ,2012,11,25,28.000000000000004,0.2285999999999999,75.08675,0
West_SJ,2012,11,26,29.5,0.000254,68.63714,0
West_SJ,2012,11,27,29.0,0.0,72.536705,0
West_SJ,2012,11,28,27.5,0.8889999999999999,78.57884,0
West_SJ,2012,11,29,27.5,0.9398,76.6567,0
West_SJ,2012,11,30,28.5,0.0761999999999999,71.167915,0
West_SJ,2012,12,1,27.5,0.0,80.3412,0
West_SJ,2012,12,2,27.0,0.0,82.85485,0
West_SJ,2012,12,3,25.500000000000004,0.000254,83.39789145565904,0
West_SJ,2012,12,4,28.000000000000004,-0.0225932922890159,66.77338,0
West_SJ,2012,12,5,28.000000000000004,0.0508,65.1703,0
West_SJ,2012,12,6,26.500000000000004,1.0668,76.76295,0
West_SJ,2012,12,7,26.500000000000004,0.4826,62.12578,0
West_SJ,2012,12,8,28.000000000000004,0.0761999999999999,70.13677,0
West_SJ,2012,12,9,27.5,0.000254,71.56742,0
West_SJ,2012,12,10,28.000000000000004,0.4826,64.9035,0
West_SJ,2012,12,11,26.500000000000004,0.2794,75.41317,0
West_SJ,2012,12,12,28.5,0.0761999999999999,69.857765,0
West_SJ,2012,12,13,25.500000000000004,0.1523999999999999,84.3099,0
West_SJ,2012,12,14,26.500000000000004,1.7525999999999995,73.567795,0
West_SJ,2012,12,15,26.000000000000007,0.0,79.35735,0
West_SJ,2012,12,16,26.0,0.0365531657706776,78.66269,0
West_SJ,2012,12,17,26.0,0.0,75.71719,0
West_SJ,2012,12,18,26.0,0.4736290418185816,72.50721,0
West_SJ,2012,12,19,25.500000000000004,1.705428404077956,83.86983,0
West_SJ,2012,12,20,27.5,0.0,62.927116,0
West_SJ,2012,12,21,26.000000000000007,0.0,82.38611,0
West_SJ,2012,12,22,25.500000000000004,0.5875109405372375,74.02808,0
West_SJ,2012,12,23,26.000000000000007,0.0508,71.15196,0
West_SJ,2012,12,24,25.500000000000004,0.0,71.01901,0
West_SJ,2012,12,25,26.500000000000004,0.0,78.486664,0
West_SJ,2012,12,26,26.0,0.0,79.35562,0
West_SJ,2012,12,27,27.0,0.127,77.915695,0
West_SJ,2012,12,28,27.5,0.0,71.49315,0
West_SJ,2012,12,29,27.0,0.0254,67.36896,0
West_SJ,2012,12,30,26.5,0.0,70.43039,0
West_SJ,2012,12,31,26.000000000000007,0.0,68.72926,0
West_SJ,2013,1,1,26.000000000000007,0.2285999999999999,77.82868,0
West_SJ,2013,1,2,27.5,0.0761999999999999,65.461876,0
West_SJ,2013,1,3,25.500000000000004,0.0254,82.662735,0
West_SJ,2013,1,4,26.000000000000007,0.254,75.43502,0
West_SJ,2013,1,5,28.000000000000004,0.0761999999999999,67.715576,0
West_SJ,2013,1,6,27.5,0.0,65.49233,0
West_SJ,2013,1,7,26.500000000000004,0.2032,74.73734,0
West_SJ,2013,1,8,26.500000000000004,0.2285999999999999,73.26433,0
West_SJ,2013,1,9,27.0,0.2285999999999999,62.699646,0
West_SJ,2013,1,10,26.500000000000004,0.0761999999999999,69.77664,0
West_SJ,2013,1,11,26.500000000000004,0.127,67.8859,0
West_SJ,2013,1,12,26.500000000000004,0.5841999999999999,78.177574,0
West_SJ,2013,1,13,26.000000000000007,0.2285999999999999,82.91186105468046,0
West_SJ,2013,1,14,26.000000000000007,0.0761999999999999,65.90378,0
West_SJ,2013,1,15,25.500000000000004,1.016,75.197365,0
West_SJ,2013,1,16,25.0,0.0761999999999999,76.6981,0
West_SJ,2013,1,17,26.000000000000007,0.254,68.58697,0
West_SJ,2013,1,18,25.500000000000004,0.1523999999999999,76.29879,0
West_SJ,2013,1,19,27.0,0.0254,68.21429,0
West_SJ,2013,1,20,26.000000000000007,0.0,75.12872,0
West_SJ,2013,1,21,25.0,0.1016,77.50868,0
West_SJ,2013,1,22,26.500000000000004,0.2032,72.11569,0
West_SJ,2013,1,23,26.500000000000004,0.0,75.34208,0
West_SJ,2013,1,24,27.0,0.0,69.24135,0
West_SJ,2013,1,25,28.000000000000004,0.0,71.64775,0
West_SJ,2013,1,26,27.5,1.8796,81.57041,0
West_SJ,2013,1,27,27.0,0.508,74.54825,0
West_SJ,2013,1,28,27.5,0.1016,72.71727,0
West_SJ,2013,1,29,25.500000000000004,0.7874,78.564125,0
West_SJ,2013,1,30,26.000000000000007,0.254,73.72969,0
West_SJ,2013,1,31,26.000000000000007,0.8636000000000001,81.26799,0
West_SJ,2013,2,1,25.0,1.397,81.19843,0
West_SJ,2013,2,2,25.500000000000004,0.0,66.91585,0
West_SJ,2013,2,3,25.500000000000004,0.0,67.5993,0
West_SJ,2013,2,4,25.0,0.0,68.953445,0
West_SJ,2013,2,5,25.500000000000004,0.0,65.640656,0
West_SJ,2013,2,6,25.0,0.3809999999999999,74.00574,0
West_SJ,2013,2,7,26.500000000000004,0.0508,73.666016,0
West_SJ,2013,2,8,25.500000000000004,0.254,76.44962,0
West_SJ,2013,2,9,27.0,0.508,70.33316,0
West_SJ,2013,2,10,26.0,0.0,73.08614,0
West_SJ,2013,2,11,26.000000000000007,0.0508,73.94537,0
West_SJ,2013,2,12,26.500000000000004,0.1523999999999999,78.67125150668727,0
West_SJ,2013,2,13,26.0,0.0,64.64494,0
West_SJ,2013,2,14,26.500000000000004,0.0508,73.220985,0
West_SJ,2013,2,15,26.500000000000004,0.0,70.89365,0
West_SJ,2013,2,16,27.5,0.0,63.23189,0
West_SJ,2013,2,17,26.500000000000004,0.0,73.78743,0
West_SJ,2013,2,18,26.0,0.0,75.900185,0
West_SJ,2013,2,19,25.0,0.0,80.29358,0
West_SJ,2013,2,20,26.500000000000004,0.254,72.27492,0
West_SJ,2013,2,21,26.500000000000004,0.5588,72.620605,0
West_SJ,2013,2,22,26.500000000000004,0.0,70.86093,0
West_SJ,2013,2,23,27.0,0.0,64.77609,0
West_SJ,2013,2,24,26.500000000000004,0.1016,73.21536,0
West_SJ,2013,2,25,26.000000000000007,0.0254,72.45217,0
West_SJ,2013,2,26,26.500000000000004,0.0254,71.18472,0
West_SJ,2013,2,27,27.5,0.0,68.57232,0
West_SJ,2013,2,28,27.5,0.0,63.504654,0
West_SJ,2013,3,1,28.000000000000004,0.0,66.601524,0
West_SJ,2013,3,2,26.500000000000004,0.0,64.205315,0
West_SJ,2013,3,3,26.500000000000004,0.0,70.70673,0
West_SJ,2013,3,4,27.5,0.0,74.51834,0
West_SJ,2013,3,5,26.0,0.8889999999999999,74.26382,0
West_SJ,2013,3,6,26.000000000000007,1.016,65.62342,0
West_SJ,2013,3,7,26.500000000000004,0.0,75.24683,0
West_SJ,2013,3,8,26.000000000000007,0.2032,74.86439,0
West_SJ,2013,3,9,25.500000000000004,0.0254,72.80912,0
West_SJ,2013,3,10,27.0,0.1016,71.9840919360002,0
West_SJ,2013,3,11,26.000000000000007,0.0,67.59099279091876,0
West_SJ,2013,3,12,26.500000000000004,0.0,55.309643340897736,0
West_SJ,2013,3,13,27.0,0.0,63.66972990361607,0
West_SJ,2013,3,14,26.500000000000004,0.0,72.42684010418895,0
West_SJ,2013,3,15,26.500000000000004,0.0,71.77068316786058,0
West_SJ,2013,3,16,26.000000000000007,0.0,66.69909,0
West_SJ,2013,3,17,27.0,0.1523999999999999,69.30131,0
West_SJ,2013,3,18,26.500000000000004,0.2285999999999999,72.56331,0
West_SJ,2013,3,19,27.0,0.8128,75.47409,0
West_SJ,2013,3,20,27.5,0.0254,70.24679,0
West_SJ,2013,3,21,29.5,0.0,63.774254,0
West_SJ,2013,3,22,28.000000000000004,0.0,72.97177,0
West_SJ,2013,3,23,28.000000000000004,0.2285999999999999,79.5686,0
West_SJ,2013,3,24,27.5,0.0,73.94069,0
West_SJ,2013,3,25,27.0,0.0,71.39153,0
West_SJ,2013,3,26,29.000000000000004,0.0,65.09515,0
West_SJ,2013,3,27,28.500000000000007,0.0,71.64677,0
West_SJ,2013,3,28,28.5,0.0,71.40899,0
West_SJ,2013,3,29,24.000000000000004,0.0,83.4645,0
West_SJ,2013,3,30,25.500000000000004,0.1523999999999999,78.81161,0
West_SJ,2013,3,31,25.0,1.7272000000000003,81.66832,0
West_SJ,2013,4,1,24.722222222222225,2.032,85.37194286634292,0
West_SJ,2013,4,2,28.000000000000004,0.0254,65.37096,0
West_SJ,2013,4,3,27.5,0.0,74.2598,0
West_SJ,2013,4,4,27.0,0.0,75.166306,0
West_SJ,2013,4,5,27.5,0.0508,73.66652,0
West_SJ,2013,4,6,28.5,0.1523999999999999,69.178566,0
West_SJ,2013,4,7,28.000000000000004,0.2285999999999999,76.09525,0
West_SJ,2013,4,8,28.000000000000004,0.1523999999999999,75.06303,0
West_SJ,2013,4,9,27.5,0.8408131247467635,78.14384,0
West_SJ,2013,4,10,27.5,1.4986,72.804794,0
West_SJ,2013,4,11,27.5,0.3302,67.35385,0
West_SJ,2013,4,12,28.000000000000004,0.0,66.35661,0
West_SJ,2013,4,13,26.000000000000007,0.0002605043423961,79.80116,0
West_SJ,2013,4,14,27.5,0.1231833532238727,72.951454,0
West_SJ,2013,4,15,27.0,0.0,77.17884,0
West_SJ,2013,4,16,26.0,0.0,77.34658,0
West_SJ,2013,4,17,26.38888888888889,0.9652,77.9027,0
West_SJ,2013,4,18,26.500000000000004,0.3047999999999999,73.29299,0
West_SJ,2013,4,19,27.0,0.127,68.74465,0
West_SJ,2013,4,20,27.5,0.3047999999999999,71.75258,0
West_SJ,2013,4,21,27.5,0.0508,67.675026,0
West_SJ,2013,4,22,26.500000000000004,0.0,64.78903,0
West_SJ,2013,4,23,27.0,0.4064,70.87006,0
West_SJ,2013,4,24,27.5,0.000254,68.84947,0
West_SJ,2013,4,25,27.5,0.0,69.57423,0
West_SJ,2013,4,26,28.000000000000004,0.0,69.45334,0
West_SJ,2013,4,27,27.5,0.0,72.617065,0
West_SJ,2013,4,28,27.0,1.2191999999999998,76.5184,0
West_SJ,2013,4,29,27.5,1.0414,74.317696,0
West_SJ,2013,4,30,27.5,0.0,78.05498,0
West_SJ,2013,5,1,27.5,2.3622,72.323906,0
West_SJ,2013,5,2,28.5,0.0,70.455696,0
West_SJ,2013,5,3,26.0,0.0,73.77923,0
West_SJ,2013,5,4,30.0,0.0,66.446144,0
West_SJ,2013,5,5,29.0,0.0,75.34999,0
West_SJ,2013,5,6,28.5,3.0988,81.73919,0
West_SJ,2013,5,7,27.0,0.1016,83.66626,0
West_SJ,2013,5,8,27.0,3.683,86.373566,0
West_SJ,2013,5,9,26.500000000000004,3.601631564285723,83.71073,0
West_SJ,2013,5,10,28.5,2.921,71.565674,0
West_SJ,2013,5,11,27.0,1.397,77.78754,0
West_SJ,2013,5,12,28.000000000000004,0.2794,74.183784,0
West_SJ,2013,5,13,28.000000000000004,0.3450598704100039,79.3573,0
West_SJ,2013,5,14,28.5,0.1016,75.08814,0
West_SJ,2013,5,15,28.000000000000004,0.0,77.724594,0
West_SJ,2013,5,16,28.000000000000004,0.1523999999999999,74.2212,0
West_SJ,2013,5,17,28.5,0.0,73.84065,0
West_SJ,2013,5,18,28.5,0.7112,68.093185,0
West_SJ,2013,5,19,29.0,0.0,70.0019,0
West_SJ,2013,5,20,28.000000000000004,0.7365999999999999,71.35831,0
West_SJ,2013,5,21,28.000000000000004,0.0761999999999999,73.924835,0
West_SJ,2013,5,22,25.500000000000004,0.0639921225866936,89.21121,0
West_SJ,2013,5,23,28.000000000000004,3.7592,73.79922,0
West_SJ,2013,5,24,27.5,0.0761999999999999,79.427315,0
West_SJ,2013,5,25,28.000000000000004,0.8636000000000001,79.24949,0
West_SJ,2013,5,26,28.5,0.127,78.33857,0
West_SJ,2013,5,27,27.0,0.0,80.47508,0
West_SJ,2013,5,28,28.000000000000004,0.8636000000000001,81.382095,0
West_SJ,2013,5,29,29.0,0.2032,74.52854,0
West_SJ,2013,5,30,27.5,0.1778,74.884705,0
West_SJ,2013,5,31,26.500000000000004,1.7272000000000003,86.462715,0
West_SJ,2013,6,1,28.000000000000004,0.2285999999999999,75.55001,0
West_SJ,2013,6,2,28.5,0.0,76.76819,0
West_SJ,2013,6,3,28.5,3.8608,77.14301,0
West_SJ,2013,6,4,29.0,0.2794,71.08723,0
West_SJ,2013,6,5,29.0,0.0,78.39229,0
West_SJ,2013,6,6,28.000000000000004,2.159,72.17501,0
West_SJ,2013,6,7,27.5,0.5588,75.06846,0
West_SJ,2013,6,8,29.0,0.5841999999999999,72.65094,0
West_SJ,2013,6,9,29.0,0.000254,72.4361,0
West_SJ,2013,6,10,28.5,0.0,78.26613,0
West_SJ,2013,6,11,28.000000000000004,0.127,81.22814,0
West_SJ,2013,6,12,27.0,0.3047999999999999,87.60086,0
West_SJ,2013,6,13,29.0,0.3123502032534634,78.189644,0
West_SJ,2013,6,14,29.5,0.1523999999999999,75.292435,0
West_SJ,2013,6,15,30.500000000000004,0.254,74.53758,0
West_SJ,2013,6,16,29.0,0.0508,77.26387,0
West_SJ,2013,6,17,29.0,0.0,77.013145,0
West_SJ,2013,6,18,29.0,0.0,74.61845,0
West_SJ,2013,6,19,25.500000000000004,1.016,87.08755,0
West_SJ,2013,6,20,28.5,1.0140939451954487,76.99739,0
West_SJ,2013,6,21,29.0,0.0,68.3955,0
West_SJ,2013,6,22,27.5,0.4064,76.313225,0
West_SJ,2013,6,23,27.5,2.1336,82.273315,0
West_SJ,2013,6,24,26.000000000000007,2.54,88.89426,0
West_SJ,2013,6,25,29.5,3.0988,77.705635,0
West_SJ,2013,6,26,27.0,1.397,84.21623,0
West_SJ,2013,6,27,26.500000000000004,2.9464,90.11077,0
West_SJ,2013,6,28,28.000000000000004,0.7874,80.05872,0
West_SJ,2013,6,29,29.5,0.000254,72.76331,0
West_SJ,2013,6,30,28.000000000000004,0.0,79.75744,0
West_SJ,2013,7,1,27.88225490277256,1.2446,80.097115,0
West_SJ,2013,7,2,27.5,1.3462,76.459946,0
West_SJ,2013,7,3,27.5,2.0828,77.42733,0
West_SJ,2013,7,4,29.5,1.6256,76.60802,0
West_SJ,2013,7,5,29.0,0.0508,69.56511,0
West_SJ,2013,7,6,29.0,0.0,73.717636,0
West_SJ,2013,7,7,28.5,0.9652,82.72811,0
West_SJ,2013,7,8,29.0,0.9779476870745482,77.0469,0
West_SJ,2013,7,9,29.0,0.0508,79.60109,0
West_SJ,2013,7,10,29.0,1.1684,81.3012,0
West_SJ,2013,7,11,29.5,0.127,75.301155,0
West_SJ,2013,7,12,29.5,0.0,70.44312,0
West_SJ,2013,7,13,28.5,0.0,74.83159,0
West_SJ,2013,7,14,28.000000000000004,0.2171874848973964,76.82126,0
West_SJ,2013,7,15,28.000000000000004,0.5358907231748208,80.83169,0
West_SJ,2013,7,16,29.0,1.8796,77.77123,0
West_SJ,2013,7,17,29.5,0.1778,73.060486,0
West_SJ,2013,7,18,25.595027966472333,1.143,91.65938,0
West_SJ,2013,7,19,29.0,1.0962500493329053,73.261925,0
West_SJ,2013,7,20,29.5,0.0,75.28878,0
West_SJ,2013,7,21,30.0,0.9144,69.28349,0
West_SJ,2013,7,22,26.500000000000004,0.7112,87.27923,0
West_SJ,2013,7,23,29.5,2.667,78.029205,0
West_SJ,2013,7,24,30.0,0.0254,74.93633,0
West_SJ,2013,7,25,30.0,0.0,73.747185,0
West_SJ,2013,7,26,28.000000000000004,0.0,77.506874,0
West_SJ,2013,7,27,28.5,1.8034,77.79548,0
West_SJ,2013,7,28,28.5,0.2285999999999999,78.3959,0
West_SJ,2013,7,29,31.0,0.0,63.110275,0
West_SJ,2013,7,30,28.5,0.0,78.627075,0
West_SJ,2013,7,31,29.0,0.2032,74.01484,0
West_SJ,2013,8,1,27.5,0.1523999999999999,83.01483,0
West_SJ,2013,8,2,29.0,0.3047999999999999,76.55537,0
West_SJ,2013,8,3,30.0,0.0,76.54809,0
West_SJ,2013,8,4,30.500000000000004,0.0,75.28034,0
West_SJ,2013,8,5,30.0,0.3809999999999999,73.20181,0
West_SJ,2013,8,6,29.5,0.0,72.71442,0
West_SJ,2013,8,7,29.000000000000004,-0.0205029440644753,77.70103,0
West_SJ,2013,8,8,29.5,1.7018,72.13715,0
West_SJ,2013,8,9,29.0,0.7619999999999999,74.805885,0
West_SJ,2013,8,10,30.0,1.3716,74.33286,0
West_SJ,2013,8,11,30.0,0.5841999999999999,72.23324,0
West_SJ,2013,8,12,29.0,1.143,73.88192,0
West_SJ,2013,8,13,29.5,0.3047999999999999,73.73092,0
West_SJ,2013,8,14,30.500000000000004,0.0,70.47266,0
West_SJ,2013,8,15,30.500000000000004,0.0,70.40291,0
West_SJ,2013,8,16,29.5,0.7619999999999999,79.72198,0
West_SJ,2013,8,17,30.0,1.5748,73.39579,0
West_SJ,2013,8,18,29.5,0.9144,75.87564,0
West_SJ,2013,8,19,29.5,0.5588,78.32071,0
West_SJ,2013,8,20,29.5,1.016,76.62061,0
West_SJ,2013,8,21,29.0,0.254,79.16761,0
West_SJ,2013,8,22,28.000000000000004,0.0,75.88281,0
West_SJ,2013,8,23,29.0,1.0921999999999998,81.38985,0
West_SJ,2013,8,24,30.0,0.2648367900664199,72.49484,0
West_SJ,2013,8,25,31.000000000000007,0.0,67.416046,0
West_SJ,2013,8,26,29.5,0.508,78.19263,0
West_SJ,2013,8,27,29.0,0.7365999999999999,77.23969,0
West_SJ,2013,8,28,29.5,0.0761999999999999,73.67163,0
West_SJ,2013,8,29,29.0,0.000254,79.401215,0
West_SJ,2013,8,30,30.0,2.921,77.60682,0
West_SJ,2013,8,31,29.5,0.0,76.3284,0
West_SJ,2013,9,1,29.5,0.8382,78.88624,0
West_SJ,2013,9,2,29.0,0.0,73.17253,0
West_SJ,2013,9,3,29.0,1.8034,74.391556,0
West_SJ,2013,9,4,28.000000000000004,0.6095999999999999,84.43621,0
West_SJ,2013,9,5,27.0,1.7018,85.040596,0
West_SJ,2013,9,6,28.000000000000004,0.1016,78.99879,0
West_SJ,2013,9,7,28.5,0.0,74.514626,0
West_SJ,2013,9,8,30.0,0.1523999999999999,65.26125,0
West_SJ,2013,9,9,31.000000000000007,0.0,67.06083,0
West_SJ,2013,9,10,30.0,0.0,71.16968,0
West_SJ,2013,9,11,28.5,0.1778,73.50247,0
West_SJ,2013,9,12,27.5,1.2446,86.2721,0
West_SJ,2013,9,13,30.500000000000004,2.3876,68.40945,0
West_SJ,2013,9,14,27.5,0.0761999999999999,79.50835,0
West_SJ,2013,9,15,29.5,0.254,76.80977,0
West_SJ,2013,9,16,30.500000000000004,0.02465156173104,78.10701,0
West_SJ,2013,9,17,29.5,0.0,78.49196,0
West_SJ,2013,9,18,30.500000000000004,0.0261634710956287,77.99197,0
West_SJ,2013,9,19,31.500000000000004,0.0,73.01267,0
West_SJ,2013,9,20,31.000000000000007,0.2725586085994774,74.492386,0
West_SJ,2013,9,21,30.500000000000004,0.0450457217241071,72.88208,0
West_SJ,2013,9,22,31.500000000000004,0.0,68.35877,0
West_SJ,2013,9,23,30.500000000000004,0.6018317046089391,71.50117,0
West_SJ,2013,9,24,31.000000000000007,0.0,70.08803,0
West_SJ,2013,9,25,30.500000000000004,0.0,68.73158,0
West_SJ,2013,9,26,31.500000000000004,0.0,64.195816,0
West_SJ,2013,9,27,31.500000000000004,0.0,65.2748,0
West_SJ,2013,9,28,31.500000000000004,0.0,61.84911,0
West_SJ,2013,9,29,31.0,0.0,68.2621,0
West_SJ,2013,9,30,30.500000000000004,0.0,69.98251,0
West_SJ,2013,10,1,31.000000000000007,0.0,73.126144,0
West_SJ,2013,10,2,29.5,0.635,75.46844,0
West_SJ,2013,10,3,29.0,0.0254,76.77704,0
West_SJ,2013,10,4,30.0,0.4296403124173841,73.21898,0
West_SJ,2013,10,5,28.000000000000004,1.0414,75.38609,0
West_SJ,2013,10,6,29.5,0.7619999999999999,76.39758,0
West_SJ,2013,10,7,30.500000000000004,0.4571999999999999,74.04911,0
West_SJ,2013,10,8,30.0,0.0,74.10021,0
West_SJ,2013,10,9,30.0,0.0,71.86151,0
West_SJ,2013,10,10,29.0,1.3462,76.53396,0
West_SJ,2013,10,11,29.0,1.3500376375719854,77.660255,0
West_SJ,2013,10,12,28.5,0.635,81.54272,0
West_SJ,2013,10,13,27.5,0.7228200547976515,80.74395,0
West_SJ,2013,10,14,30.0,0.3302,67.61062,0
West_SJ,2013,10,15,30.500000000000004,0.0,67.592735,0
West_SJ,2013,10,16,30.0,0.0,68.635544,0
West_SJ,2013,10,17,29.0,0.0,71.78668,0
West_SJ,2013,10,18,28.5,0.0,70.87229,0
West_SJ,2013,10,19,29.5,0.0,76.92963,0
West_SJ,2013,10,20,29.5,0.4064,75.665535,0
West_SJ,2013,10,21,29.5,0.000254,79.410706,0
West_SJ,2013,10,22,30.0,2.159,71.62939,0
West_SJ,2013,10,23,29.5,0.0,70.01723,0
West_SJ,2013,10,24,29.5,0.1523999999999999,71.47933,0
West_SJ,2013,10,25,30.500000000000004,0.0,67.03844,0
West_SJ,2013,10,26,29.0,0.4826,72.90383,0
West_SJ,2013,10,27,29.0,0.635,74.36503,0
West_SJ,2013,10,28,29.0,2.286,75.096695,0
West_SJ,2013,10,29,28.500000000000007,2.8955999999999995,83.564125,0
West_SJ,2013,10,30,29.0,0.0,73.73365,0
West_SJ,2013,10,31,29.0,0.254,72.21813,0
West_SJ,2013,11,1,27.5,1.2446,77.51562,0
West_SJ,2013,11,2,28.000000000000004,1.2446,81.04688,0
West_SJ,2013,11,3,28.000000000000004,0.0508,74.69494,0
West_SJ,2013,11,4,29.0,0.0,76.17201,0
West_SJ,2013,11,5,28.5,0.1523999999999999,75.01781,0
West_SJ,2013,11,6,28.5,3.2512,74.29448,0
West_SJ,2013,11,7,28.5,0.0508,74.68989,0
West_SJ,2013,11,8,28.5,0.0,74.80052,0
West_SJ,2013,11,9,28.5,0.0,76.2665,0
West_SJ,2013,11,10,29.0,0.0761999999999999,74.12037,0
West_SJ,2013,11,11,29.0,0.0,74.2991,0
West_SJ,2013,11,12,28.5,0.0761999999999999,77.76201,0
West_SJ,2013,11,13,29.0,0.0926358297340197,71.857445,0
West_SJ,2013,11,14,28.5,0.0761999999999999,75.15766,0
West_SJ,2013,11,15,27.5,0.254,79.45312,0
West_SJ,2013,11,16,28.000000000000004,2.8448,79.65454,0
West_SJ,2013,11,17,28.5,0.1778,65.142456,0
West_SJ,2013,11,18,28.000000000000004,0.7619999999999999,63.33908,0
West_SJ,2013,11,19,26.500000000000004,0.3556,73.94243,0
West_SJ,2013,11,20,29.0,0.7619999999999999,64.22528,0
West_SJ,2013,11,21,26.500000000000004,2.5654,82.69321,0
West_SJ,2013,11,22,27.0,2.542058907678646,78.26902,0
West_SJ,2013,11,23,27.0,0.1523999999999999,74.58589,0
West_SJ,2013,11,24,27.0,0.000254,75.909706,0
West_SJ,2013,11,25,27.0,0.1778,80.71409,0
West_SJ,2013,11,26,28.000000000000004,0.7619999999999999,76.26684,0
West_SJ,2013,11,27,27.5,1.1938,74.56621,0
West_SJ,2013,11,28,28.000000000000004,0.5334,75.79326,0
West_SJ,2013,11,29,26.000000000000007,0.2285999999999999,73.502335,0
West_SJ,2013,11,30,25.0,1.3716,80.50864,0
West_SJ,2013,12,1,26.000000000000007,1.4526291302569154,83.77391,0
West_SJ,2013,12,2,27.5,0.0761999999999999,75.16303,0
West_SJ,2013,12,3,28.000000000000004,0.0,79.24451,0
West_SJ,2013,12,4,25.500000000000004,0.0,91.5891,0
West_SJ,2013,12,5,25.0,1.016,86.6172,0
West_SJ,2013,12,6,26.0,0.9804295938542876,82.26779,0
West_SJ,2013,12,7,26.500000000000004,1.016,75.49913,0
West_SJ,2013,12,8,26.000000000000007,0.5334,68.10287,0
West_SJ,2013,12,9,27.5,1.016,67.03192,0
West_SJ,2013,12,10,27.0,0.3556,78.22841,0
West_SJ,2013,12,11,26.500000000000004,1.4477999999999998,79.65064,0
West_SJ,2013,12,12,27.0,0.1016,75.84594,0
West_SJ,2013,12,13,26.500000000000004,2.7432,75.25753,0
West_SJ,2013,12,14,26.500000000000004,0.0,78.79498,0
West_SJ,2013,12,15,26.500000000000004,0.2794,74.34729,0
West_SJ,2013,12,16,26.000000000000007,0.2032,85.56913,0
West_SJ,2013,12,17,25.500000000000004,0.7619999999999999,79.45087116503572,0
West_SJ,2013,12,18,25.0,0.3809999999999999,67.45055850381075,0
West_SJ,2013,12,19,25.55555555555556,0.3809999999999999,62.44259815669827,0
West_SJ,2013,12,20,25.500000000000004,0.2285999999999999,73.90483,0
West_SJ,2013,12,21,26.500000000000004,1.0668,72.0528,0
West_SJ,2013,12,22,27.0,0.3302,68.54104,0
West_SJ,2013,12,23,25.500000000000004,0.4826,73.66983,0
West_SJ,2013,12,24,24.0,1.8542,87.79283,0
West_SJ,2013,12,25,25.968630654518183,0.4064,73.87215,0
West_SJ,2013,12,26,25.500000000000004,0.0,80.19802,0
West_SJ,2013,12,27,26.500000000000004,0.0,81.61221,0
West_SJ,2013,12,28,27.0,0.1016,78.462166,0
West_SJ,2013,12,29,26.500000000000004,0.3809999999999999,79.28503,0
West_SJ,2013,12,30,26.000000000000007,0.7365999999999999,78.41773,0
West_SJ,2013,12,31,27.0,0.1778,72.214615,0
West_SJ,2014,1,1,26.000000000000007,0.254,75.04081,0
West_SJ,2014,1,2,25.500000000000004,1.3716,79.87083,0
West_SJ,2014,1,3,26.000000000000007,0.1016,78.10817,0
West_SJ,2014,1,4,25.500000000000004,0.8128,82.57385,0
West_SJ,2014,1,5,27.5,0.4318000000000001,68.37555,0
West_SJ,2014,1,6,26.500000000000004,0.1016,77.837364,0
West_SJ,2014,1,7,27.0,0.0,74.85623,0
West_SJ,2014,1,8,27.0,0.0508,70.60704,0
West_SJ,2014,1,9,26.500000000000004,0.2032,67.685684,0
West_SJ,2014,1,10,26.500000000000004,0.127,69.35661,0
West_SJ,2014,1,11,25.500000000000004,0.1523999999999999,76.44815,0
West_SJ,2014,1,12,26.000000000000007,0.508,76.740005,0
West_SJ,2014,1,13,25.500000000000004,0.127,80.47705,0
West_SJ,2014,1,14,24.5,0.9906,77.07611,0
West_SJ,2014,1,15,25.500000000000004,0.0761999999999999,61.22266,0
West_SJ,2014,1,16,24.5,0.0,73.80232,0
West_SJ,2014,1,17,25.500000000000004,0.0748252050667779,78.35484,0
West_SJ,2014,1,18,26.5,0.0,70.30338,0
West_SJ,2014,1,19,26.500000000000004,0.0,79.217354,0
West_SJ,2014,1,20,26.500000000000004,0.0,79.114075,0
West_SJ,2014,1,21,26.000000000000007,0.1554975733689091,74.87934,0
West_SJ,2014,1,22,27.5,0.0,73.3315,0
West_SJ,2014,1,23,26.500000000000004,0.4957694612448132,75.96864,0
West_SJ,2014,1,24,27.0,0.127,76.29132,0
West_SJ,2014,1,25,26.000000000000007,0.2794,74.78324,0
West_SJ,2014,1,26,26.0,0.1778,74.011154,0
West_SJ,2014,1,27,27.0,0.0,68.24874,0
West_SJ,2014,1,28,27.0,0.0,67.35486,0
West_SJ,2014,1,29,26.500000000000004,0.0,65.37963,0
West_SJ,2014,1,30,25.0,0.127,77.003136,0
West_SJ,2014,1,31,26.000000000000007,0.9906,78.893654,0
West_SJ,2014,2,1,25.500000000000004,0.7365999999999999,79.293365,0
West_SJ,2014,2,2,25.500000000000004,0.2794,81.09028,0
West_SJ,2014,2,3,26.000000000000007,0.3556,77.714874,0
West_SJ,2014,2,4,26.500000000000004,0.3302,73.579895,0
West_SJ,2014,2,5,26.000000000000007,0.0,72.99475,0
West_SJ,2014,2,6,26.000000000000007,3.556,81.275154,0
West_SJ,2014,2,7,26.000000000000007,1.8796,77.88579,0
West_SJ,2014,2,8,26.000000000000007,0.2032,80.71943,0
West_SJ,2014,2,9,25.500000000000004,0.1523999999999999,80.73743,0
West_SJ,2014,2,10,26.500000000000004,0.0,76.75376,0
West_SJ,2014,2,11,26.000000000000007,0.0,76.51728,0
West_SJ,2014,2,12,26.500000000000004,0.0,74.63869,0
West_SJ,2014,2,13,28.000000000000004,0.0,69.01431,0
West_SJ,2014,2,14,28.000000000000004,0.0,67.9199,0
West_SJ,2014,2,15,27.0,0.0,69.03331,0
West_SJ,2014,2,16,26.500000000000004,0.0,71.677925,0
West_SJ,2014,2,17,25.500000000000004,0.0,76.25682,0
West_SJ,2014,2,18,26.500000000000004,0.6604,77.382324,0
West_SJ,2014,2,19,26.500000000000004,2.286,74.71346,0
West_SJ,2014,2,20,27.0,0.2032,69.98975,0
West_SJ,2014,2,21,25.500000000000004,0.9398,77.669205,0
West_SJ,2014,2,22,24.5,0.8128,77.22073,0
West_SJ,2014,2,23,25.0,1.0668,72.35543,0
West_SJ,2014,2,24,25.0,0.1016,74.728806,0
West_SJ,2014,2,25,25.0,0.4318000000000001,74.565956,0
West_SJ,2014,2,26,24.5,0.3047999999999999,71.41007,0
West_SJ,2014,2,27,26.000000000000007,0.0,75.184944,0
West_SJ,2014,2,28,25.500000000000004,0.2032,77.256966,0
West_SJ,2014,3,1,26.000000000000007,0.0,70.09957,0
West_SJ,2014,3,2,24.5,0.0,75.51568,0
West_SJ,2014,3,3,26.0,0.0,66.42664,0
West_SJ,2014,3,4,24.5,0.0,71.34205,0
West_SJ,2014,3,5,25.0,0.7112,78.24319,0
West_SJ,2014,3,6,25.500000000000004,0.0,70.692825,0
West_SJ,2014,3,7,25.0,0.0,72.25434,0
West_SJ,2014,3,8,25.500000000000004,0.0,76.638115,0
West_SJ,2014,3,9,25.0,0.0,74.91566,0
West_SJ,2014,3,10,25.0,0.0,77.87346,0
West_SJ,2014,3,11,25.500000000000004,0.0,70.85655,0
West_SJ,2014,3,12,26.000000000000007,0.0,71.715355,0
West_SJ,2014,3,13,26.000000000000007,0.0,71.65419,0
West_SJ,2014,3,14,25.0,0.0,75.781815,0
West_SJ,2014,3,15,25.500000000000004,0.0,74.64554,0
West_SJ,2014,3,16,25.500000000000004,0.0,76.7671,0
West_SJ,2014,3,17,26.000000000000007,0.000254,72.6903,0
West_SJ,2014,3,18,26.000000000000007,0.0,71.587715,0
West_SJ,2014,3,19,26.000000000000007,0.0,72.31646,0
West_SJ,2014,3,20,25.0,0.0,73.60736,0
West_SJ,2014,3,21,26.5,0.0,68.59417,0
West_SJ,2014,3,22,27.5,0.0,65.42666,0
West_SJ,2014,3,23,27.0,0.0,65.99793,0
West_SJ,2014,3,24,26.000000000000007,0.0,70.14455,0
West_SJ,2014,3,25,27.0,0.0,67.580414,0
West_SJ,2014,3,26,26.500000000000004,0.0,73.13245,0
West_SJ,2014,3,27,27.0,0.0,68.2974,0
West_SJ,2014,3,28,26.500000000000004,0.4064,74.453865,0
West_SJ,2014,3,29,26.000000000000007,0.4064,69.436424,0
West_SJ,2014,3,30,26.000000000000007,0.1523999999999999,72.11348,0
West_SJ,2014,3,31,25.500000000000004,0.1016,75.224724,0
West_SJ,2014,4,1,26.000000000000007,0.0,75.82607,0
West_SJ,2014,4,2,26.000000000000007,0.0,73.69849,0
West_SJ,2014,4,3,26.000000000000007,0.0761999999999999,76.91215,0
West_SJ,2014,4,4,25.500000000000004,0.254,72.47276,0
West_SJ,2014,4,5,27.0,2.2098,67.85212,0
West_SJ,2014,4,6,26.500000000000004,0.0761999999999999,72.05426,0
West_SJ,2014,4,7,26.0,0.0254,75.047104,0
West_SJ,2014,4,8,27.5,0.0,67.18955,0
West_SJ,2014,4,9,26.500000000000004,0.0,80.117035,0
West_SJ,2014,4,10,26.000000000000007,0.0508,78.28757,0
West_SJ,2014,4,11,26.500000000000004,0.0,71.21266,0
West_SJ,2014,4,12,25.500000000000004,0.0508,67.60499,0
West_SJ,2014,4,13,26.000000000000007,0.1523999999999999,72.1783,0
West_SJ,2014,4,14,26.000000000000007,0.1778,70.09461,0
West_SJ,2014,4,15,26.000000000000007,0.0,72.029495,0
West_SJ,2014,4,16,26.000000000000007,0.0,75.87427,0
West_SJ,2014,4,17,26.000000000000007,0.2032,75.02026,0
West_SJ,2014,4,18,25.500000000000004,2.6162,76.66417,0
West_SJ,2014,4,19,25.500000000000004,0.127,80.13113,0
West_SJ,2014,4,20,25.500000000000004,1.7525999999999995,78.62916,0
West_SJ,2014,4,21,27.5,0.5841999999999999,70.33857,0
West_SJ,2014,4,22,28.5,0.0,69.19513,0
West_SJ,2014,4,23,28.5,0.0,68.91249,0
West_SJ,2014,4,24,27.0,0.8889999999999999,77.460884,0
West_SJ,2014,4,25,27.0,0.0,78.43356,0
West_SJ,2014,4,26,27.0,0.0,76.58182,0
West_SJ,2014,4,27,27.0,0.0,73.328,0
West_SJ,2014,4,28,27.0,0.0,72.421074,0
West_SJ,2014,4,29,27.0,0.0,71.941765,0
West_SJ,2014,4,30,27.5,0.0,73.118454,0
West_SJ,2014,5,1,27.0,0.0,72.25255,0
West_SJ,2014,5,2,27.0,0.0,72.84529,0
West_SJ,2014,5,3,28.000000000000004,0.0,72.26082,0
West_SJ,2014,5,4,27.5,0.0,72.452385,0
West_SJ,2014,5,5,27.5,0.0,72.23246,0
West_SJ,2014,5,6,27.0,0.0508,71.81688,0
West_SJ,2014,5,7,26.500000000000004,0.0,73.89992,0
West_SJ,2014,5,8,25.500000000000004,0.9906,80.38821,0
West_SJ,2014,5,9,26.500000000000004,3.2512,72.35271,0
West_SJ,2014,5,10,24.37575286252307,3.556,90.344955,0
West_SJ,2014,5,11,25.0,3.5051999999999994,73.8132,0
West_SJ,2014,5,12,25.500000000000004,0.1016,82.18664,0
West_SJ,2014,5,13,26.500000000000004,1.016,78.262054,0
West_SJ,2014,5,14,27.0,0.9398,74.322105,0
West_SJ,2014,5,15,26.500000000000004,0.2285999999999999,76.6093,0
West_SJ,2014,5,16,27.0,0.1778,75.72742,0
West_SJ,2014,5,17,27.0,0.3556,71.9434,0
West_SJ,2014,5,18,26.500000000000004,0.0,72.4724,0
West_SJ,2014,5,19,26.500000000000004,0.0,78.89776,0
West_SJ,2014,5,20,27.0,0.0254,79.352875,0
West_SJ,2014,5,21,28.5,0.254,76.39586,0
West_SJ,2014,5,22,27.5,0.0254,72.17063,0
West_SJ,2014,5,23,27.5,0.508,70.7965,0
West_SJ,2014,5,24,27.0,0.0,72.03114,0
West_SJ,2014,5,25,27.5,0.0,74.35171,0
West_SJ,2014,5,26,27.0,0.7619999999999999,76.19367,0
West_SJ,2014,5,27,27.0,0.0508,73.74816,0
West_SJ,2014,5,28,28.000000000000004,0.1016,70.16501,0
West_SJ,2014,5,29,27.0,0.0761999999999999,75.95326,0
West_SJ,2014,5,30,27.5,0.0,73.22144,0
West_SJ,2014,5,31,27.5,0.0,73.14887,0
West_SJ,2014,6,1,28.5,0.0,68.59692,0
West_SJ,2014,6,2,28.5,0.0,72.47391,0
West_SJ,2014,6,3,28.5,0.0,70.77072,0
West_SJ,2014,6,4,28.5,0.0,70.91221,0
West_SJ,2014,6,5,27.0,0.0761999999999999,74.94679,0
West_SJ,2014,6,6,27.5,1.143,73.49558,0
West_SJ,2014,6,7,28.000000000000004,0.1016,70.75165,0
West_SJ,2014,6,8,26.500000000000004,0.127,76.93418,0
West_SJ,2014,6,9,28.5,0.0254,70.87338,0
West_SJ,2014,6,10,28.000000000000004,0.0,78.25042,0
West_SJ,2014,6,11,28.000000000000004,0.254,76.159966,0
West_SJ,2014,6,12,27.5,0.0,73.40083,0
West_SJ,2014,6,13,27.5,0.0,74.22655,0
West_SJ,2014,6,14,27.5,0.0,72.094246,0
West_SJ,2014,6,15,28.000000000000004,0.127,76.068634,0
West_SJ,2014,6,16,28.000000000000004,0.0254,74.87288,0
West_SJ,2014,6,17,28.000000000000004,0.0,75.90634,0
West_SJ,2014,6,18,27.5,0.0,74.08579,0
West_SJ,2014,6,19,28.5,0.1016,71.167175,0
West_SJ,2014,6,20,28.5,0.0,75.36647,0
West_SJ,2014,6,21,29.0,0.0,80.46478,0
West_SJ,2014,6,22,28.5,0.0,76.09447,0
West_SJ,2014,6,23,28.5,0.0,74.63301,0
West_SJ,2014,6,24,28.000000000000004,0.1016,75.97884,0
West_SJ,2014,6,25,28.000000000000004,0.0508,71.92026,0
West_SJ,2014,6,26,28.5,0.0508,77.252396,0
West_SJ,2014,6,27,28.5,0.0,74.8525,0
West_SJ,2014,6,28,28.5,0.127,70.78525,0
West_SJ,2014,6,29,28.000000000000004,0.0,74.43459,0
West_SJ,2014,6,30,27.5,0.1523999999999999,76.18644,0
West_SJ,2014,7,1,28.5,0.1016,73.62657,0
West_SJ,2014,7,2,28.5,0.0,72.65256,0
West_SJ,2014,7,3,28.5,0.0,70.715546,0
West_SJ,2014,7,4,28.5,0.1778,69.84074,0
West_SJ,2014,7,5,28.5,0.1523999999999999,71.8694,0
West_SJ,2014,7,6,28.000000000000004,1.0414,75.58676,0
West_SJ,2014,7,7,28.5,0.1016,74.487976,0
West_SJ,2014,7,8,28.5,0.0,69.451584,0
West_SJ,2014,7,9,28.000000000000004,0.2794,75.93995,0
West_SJ,2014,7,10,28.5,0.0,70.194565,0
West_SJ,2014,7,11,28.5,1.27,75.7132,0
West_SJ,2014,7,12,28.5,0.000254,73.14383,0
West_SJ,2014,7,13,28.5,0.0,70.04951,0
West_SJ,2014,7,14,27.5,0.0,75.65411,0
West_SJ,2014,7,15,28.000000000000004,2.286,76.06018,0
West_SJ,2014,7,16,28.5,0.0,70.04194,0
West_SJ,2014,7,17,28.000000000000004,0.0,77.12597,0
West_SJ,2014,7,18,27.5,0.0,77.73728,0
West_SJ,2014,7,19,27.5,0.0,79.87801,0
West_SJ,2014,7,20,28.5,0.0,69.39431,0
West_SJ,2014,7,21,28.5,0.4605205262051702,73.76934,0
West_SJ,2014,7,22,27.5,0.0490621775628504,75.24996,0
West_SJ,2014,7,23,29.000000000000004,0.2032,73.89812,0
West_SJ,2014,7,24,29.000000000000004,0.0,73.83906,0
West_SJ,2014,7,25,29.000000000000004,0.0,76.98121,0
West_SJ,2014,7,26,29.000000000000004,0.0,74.67977,0
West_SJ,2014,7,27,29.000000000000004,0.0,76.49686,0
West_SJ,2014,7,28,28.5,0.0,73.603615,0
West_SJ,2014,7,29,28.5,0.0,73.42535,0
West_SJ,2014,7,30,28.5,0.0,71.1432,0
West_SJ,2014,7,31,28.000000000000004,2.2352,75.33577,0
West_SJ,2014,8,1,28.5,0.0,73.86278,0
West_SJ,2014,8,2,25.500000000000004,0.1016,84.57026,0
West_SJ,2014,8,3,28.000000000000004,0.0697382631383266,74.661644,0
West_SJ,2014,8,4,28.000000000000004,0.000254,80.56804,0
West_SJ,2014,8,5,28.5,0.254,81.444275,0
West_SJ,2014,8,6,28.5,0.5588,76.24306,0
West_SJ,2014,8,7,28.5,1.0668,73.58684,0
West_SJ,2014,8,8,27.0,0.0,76.74979,0
West_SJ,2014,8,9,28.5,1.1176,73.70841,0
West_SJ,2014,8,10,28.5,0.0508,69.861725,0
West_SJ,2014,8,11,28.000000000000004,0.8382,81.21334,0
West_SJ,2014,8,12,28.5,0.0508,80.2519,0
West_SJ,2014,8,13,28.5,1.5239999999999998,73.600586,0
West_SJ,2014,8,14,28.5,0.0,72.79661,0
West_SJ,2014,8,15,28.5,0.0254,74.08578,0
West_SJ,2014,8,16,27.0,0.2285999999999999,84.75817,0
West_SJ,2014,8,17,28.5,1.3208,81.49919,0
West_SJ,2014,8,18,29.000000000000004,0.1016,74.987015,0
West_SJ,2014,8,19,29.0,0.0,77.63541,0
West_SJ,2014,8,20,28.000000000000004,2.54,80.4757,0
West_SJ,2014,8,21,28.5,0.0,76.91685,0
West_SJ,2014,8,22,25.0,2.8955999999999995,90.10761,0
West_SJ,2014,8,23,27.0,3.429,86.15,0
West_SJ,2014,8,24,28.000000000000004,3.2512,76.93568,0
West_SJ,2014,8,25,29.0,0.0,69.0116,0
West_SJ,2014,8,26,29.5,0.0,71.384415,0
West_SJ,2014,8,27,29.5,0.0,75.39974,0
West_SJ,2014,8,28,29.000000000000004,0.1778,73.38299,0
West_SJ,2014,8,29,28.000000000000004,0.0,76.06831,0
West_SJ,2014,8,30,28.000000000000004,0.1402070675205726,77.551445,0
West_SJ,2014,8,31,29.0,0.8382,71.64472,0
West_SJ,2014,9,1,28.000000000000004,0.254,76.599846,0
West_SJ,2014,9,2,28.000000000000004,1.6256,81.25107,0
West_SJ,2014,9,3,28.5,1.6004487910512837,76.543465,0
West_SJ,2014,9,4,28.5,0.3809999999999999,76.869865,0
West_SJ,2014,9,5,28.000000000000004,0.254,79.822365,0
West_SJ,2014,9,6,28.5,0.0,77.121414,0
West_SJ,2014,9,7,26.500000000000004,0.0990784562118223,82.36586,0
West_SJ,2014,9,8,28.000000000000004,1.1772095328971972,78.22911,0
West_SJ,2014,9,9,28.5,0.127,79.023315,0
West_SJ,2014,9,10,28.000000000000004,0.0,75.63388,0
West_SJ,2014,9,11,28.000000000000004,0.9398,74.82755,0
West_SJ,2014,9,12,29.0,0.0,75.66959,0
West_SJ,2014,9,13,29.5,0.0761999999999999,74.915276,0
West_SJ,2014,9,14,28.000000000000004,0.9144,80.784195,0
West_SJ,2014,9,15,28.000000000000004,0.7365999999999999,79.77265,0
West_SJ,2014,9,16,28.000000000000004,0.0,76.69456,0
West_SJ,2014,9,17,28.000000000000004,0.0,75.320564,0
West_SJ,2014,9,18,28.5,0.0508,80.55531,0
West_SJ,2014,9,19,30.0,1.8288,85.92572363381517,0
West_SJ,2014,9,20,26.500000000000004,0.0254,78.88496,0
West_SJ,2014,9,21,29.0,2.0574000000000003,74.966034,0
West_SJ,2014,9,22,29.5,0.0,75.771706,0
West_SJ,2014,9,23,27.0,0.0761999999999999,64.37849644590241,0
West_SJ,2014,9,24,28.000000000000004,0.9398,81.96828,0
West_SJ,2014,9,25,27.0,4.140199999999999,83.26157,0
West_SJ,2014,9,26,27.5,0.8128,79.83105,0
West_SJ,2014,9,27,27.5,2.3876,83.95657,0
West_SJ,2014,9,28,29.0,0.254,75.48001,0
West_SJ,2014,9,29,29.5,0.0,67.640366,0
West_SJ,2014,9,30,29.5,0.0,71.36208,0
West_SJ,2014,10,1,29.0,0.0,75.065216,0
West_SJ,2014,10,2,29.0,0.0,74.14438,0
West_SJ,2014,10,3,29.0,0.0,75.32292,0
West_SJ,2014,10,4,28.5,0.0,75.7857,0
West_SJ,2014,10,5,28.5,0.0,74.290924,0
West_SJ,2014,10,6,28.5,0.0,71.5267,0
West_SJ,2014,10,7,29.5,0.0,66.01337,0
West_SJ,2014,10,8,29.0,0.0,75.044754,0
West_SJ,2014,10,9,28.5,0.0,77.64296,0
West_SJ,2014,10,10,28.000000000000004,0.0,78.214066,0
West_SJ,2014,10,11,29.0,0.3302,74.84826,0
West_SJ,2014,10,12,29.5,0.0,74.00655,0
West_SJ,2014,10,13,29.0,2.3622,74.291,0
West_SJ,2014,10,14,26.500000000000004,0.3556,81.96025,0
West_SJ,2014,10,15,30.0,0.5334,69.74299,0
West_SJ,2014,10,16,28.5,0.0,75.86667,0
West_SJ,2014,10,17,28.5,0.0,77.20114,0
West_SJ,2014,10,18,29.0,0.0,73.36196,0
West_SJ,2014,10,19,28.5,0.0,74.88932,0
West_SJ,2014,10,20,28.5,0.0,77.68547,0
West_SJ,2014,10,21,28.000000000000004,0.0,74.40214,0
West_SJ,2014,10,22,28.5,0.0761999999999999,71.987564,0
West_SJ,2014,10,23,28.5,0.0,73.149055,0
West_SJ,2014,10,24,29.5,0.0,71.258736,0
West_SJ,2014,10,25,29.5,0.0,69.807465,0
West_SJ,2014,10,26,29.5,0.0,73.38501,0
West_SJ,2014,10,27,28.5,0.0,77.22666,0
West_SJ,2014,10,28,28.5,0.2032,77.27365,0
West_SJ,2014,10,29,29.5,0.0254,72.04412,0
West_SJ,2014,10,30,28.000000000000004,0.1778,83.18893,0
West_SJ,2014,10,31,27.5,0.4571999999999999,81.6375,0
West_SJ,2014,11,1,29.0,0.5841999999999999,78.00845,0
West_SJ,2014,11,2,29.0,0.0,78.238754,0
West_SJ,2014,11,3,27.5,0.0069743036198439,81.19819,0
West_SJ,2014,11,4,24.5,1.7018,83.94899,0
West_SJ,2014,11,5,24.5,3.4544000000000006,80.88723,0
West_SJ,2014,11,6,27.5,0.1523999999999999,74.06378,0
West_SJ,2014,11,7,23.5,0.0508,91.21989,0
West_SJ,2014,11,8,27.5,0.0866096027076744,77.69134,0
West_SJ,2014,11,9,28.000000000000004,0.0,82.64052,0
West_SJ,2014,11,10,28.5,0.0,74.82663,0
West_SJ,2014,11,11,27.5,1.1176,77.28017,0
West_SJ,2014,11,12,27.5,0.0508,77.44566,0
West_SJ,2014,11,13,27.0,0.0,76.4806,0
West_SJ,2014,11,14,27.5,0.0,76.824585,0
West_SJ,2014,11,15,27.5,0.0,76.453636,0
West_SJ,2014,11,16,27.5,1.6764,75.931175,0
West_SJ,2014,11,17,29.000000000000004,0.3302,72.5684,0
West_SJ,2014,11,18,28.000000000000004,0.0254,73.73853,0
West_SJ,2014,11,19,28.000000000000004,0.2285999999999999,76.66824,0
West_SJ,2014,11,20,27.5,0.5334,72.85175,0
West_SJ,2014,11,21,28.000000000000004,0.0,71.416275,0
West_SJ,2014,11,22,28.500000000000007,0.8382,88.31239,0
West_SJ,2014,11,23,27.0,0.7743274486087858,74.819786,0
West_SJ,2014,11,24,27.5,0.0761999999999999,74.72561,0
West_SJ,2014,11,25,26.500000000000004,0.3556,79.6021,0
West_SJ,2014,11,26,26.500000000000004,0.6604,79.27622,0
West_SJ,2014,11,27,26.500000000000004,0.2794,69.18537,0
West_SJ,2014,11,28,26.000000000000007,0.0,75.89485,0
West_SJ,2014,11,29,26.000000000000007,0.0,81.46781,0
West_SJ,2014,11,30,26.500000000000004,0.0282454928540783,82.86409,0
West_SJ,2014,12,1,26.500000000000004,0.3047999999999999,80.184044,0
West_SJ,2014,12,2,27.5,0.3809999999999999,70.163475,0
West_SJ,2014,12,3,26.500000000000004,0.127,79.54457,0
West_SJ,2014,12,4,26.500000000000004,0.0508,79.09352,0
West_SJ,2014,12,5,27.0,0.4826,72.4092,0
West_SJ,2014,12,6,27.0,0.0,69.33019,0
West_SJ,2014,12,7,25.500000000000004,0.1016,71.243324,0
West_SJ,2014,12,8,24.5,0.0,71.839966,0
West_SJ,2014,12,9,25.500000000000004,0.0,71.88297,0
West_SJ,2014,12,10,26.000000000000007,0.0,78.01506,0
West_SJ,2014,12,11,26.500000000000004,0.0,75.70753,0
West_SJ,2014,12,12,26.500000000000004,0.0,77.971985,0
West_SJ,2014,12,13,26.500000000000004,0.1778,77.071335,0
West_SJ,2014,12,14,25.500000000000004,0.0,75.66568,0
West_SJ,2014,12,15,25.500000000000004,2.8448,83.74894,0
West_SJ,2014,12,16,24.000000000000004,0.3047999999999999,75.9731684178946,0
West_SJ,2014,12,17,26.000000000000007,0.0,74.76045,0
West_SJ,2014,12,18,26.500000000000004,0.1285235409651022,67.82217,0
West_SJ,2014,12,19,25.500000000000004,0.3809999999999999,71.59075,0
West_SJ,2014,12,20,25.500000000000004,0.0,73.451935,0
West_SJ,2014,12,21,26.500000000000004,0.0,67.47089,0
West_SJ,2014,12,22,26.000000000000007,0.0,76.00975,0
West_SJ,2014,12,23,26.000000000000007,0.0761999999999999,77.37133,0
West_SJ,2014,12,24,26.000000000000007,0.0508,67.58636,0
West_SJ,2014,12,25,26.500000000000004,0.1016,70.271,0
West_SJ,2014,12,26,25.500000000000004,0.2426197759449607,76.45312,0
West_SJ,2014,12,27,26.500000000000004,0.1778,64.95765,0
West_SJ,2014,12,28,25.0,0.1016,73.65699,0
West_SJ,2014,12,29,26.000000000000007,0.0,75.68044,0
West_SJ,2014,12,30,26.000000000000007,0.0,72.93037,0
West_SJ,2014,12,31,26.000000000000007,0.0,76.09203,0
West_SJ,2015,1,1,26.000000000000007,0.0,79.24393,0
West_SJ,2015,1,2,26.000000000000007,0.0,80.03171,0
West_SJ,2015,1,3,27.0,0.0,67.67928,0
West_SJ,2015,1,4,26.500000000000004,0.127,70.170235,0
West_SJ,2015,1,5,26.500000000000004,0.0,68.87931,0
West_SJ,2015,1,6,26.000000000000007,0.0508,70.55471,0
West_SJ,2015,1,7,26.000000000000007,0.1523999999999999,72.98463,0
West_SJ,2015,1,8,25.500000000000004,0.2032,69.570564,0
West_SJ,2015,1,9,25.500000000000004,0.000254,77.19289,0
West_SJ,2015,1,10,25.500000000000004,0.0761999999999999,79.669876,0
West_SJ,2015,1,11,27.98419568254871,0.8889999999999999,74.91391,0
West_SJ,2015,1,12,27.0,0.3809999999999999,76.528015,0
West_SJ,2015,1,13,26.000000000000007,0.1523999999999999,74.529564,0
West_SJ,2015,1,14,26.000000000000007,0.0,77.45506,0
West_SJ,2015,1,15,26.500000000000004,0.254,75.87297,0
West_SJ,2015,1,16,26.500000000000004,0.0,75.69629,0
West_SJ,2015,1,17,26.500000000000004,0.0,78.488686,0
West_SJ,2015,1,18,25.500000000000004,2.54,80.33677,0
West_SJ,2015,1,19,25.0,0.0,77.39876,0
West_SJ,2015,1,20,25.500000000000004,0.0,74.60055,0
West_SJ,2015,1,21,25.500000000000004,0.0,76.46307,0
West_SJ,2015,1,22,25.0,0.3556,81.83274,0
West_SJ,2015,1,23,25.0,2.7178,84.94218,0
West_SJ,2015,1,24,26.000000000000007,0.0254,76.7954,0
West_SJ,2015,1,25,25.500000000000004,0.7874,77.58105,0
West_SJ,2015,1,26,26.500000000000004,0.0761999999999999,73.204414,0
West_SJ,2015,1,27,27.0,0.0,76.406845,0
West_SJ,2015,1,28,26.000000000000007,0.254,73.2314,0
West_SJ,2015,1,29,26.000000000000007,0.0002366776741418,75.302895,0
West_SJ,2015,1,30,25.0,2.37426560305774,82.221016,0
West_SJ,2015,1,31,25.500000000000004,0.1016,77.26203,0
West_SJ,2015,2,1,26.0,0.3047999999999999,67.524796,0
West_SJ,2015,2,2,25.500000000000004,0.000254,70.67773,0
West_SJ,2015,2,3,25.500000000000004,0.0,77.11063,0
West_SJ,2015,2,4,26.000000000000007,0.1016,79.00929,0
West_SJ,2015,2,5,25.500000000000004,0.1016,75.15122,0
West_SJ,2015,2,6,25.0,0.0,78.268265,0
West_SJ,2015,2,7,25.0,0.0,73.95844,0
West_SJ,2015,2,8,26.000000000000007,0.0,75.67443,0
West_SJ,2015,2,9,26.000000000000007,0.0,75.724846,0
West_SJ,2015,2,10,27.0,0.0,65.71769,0
West_SJ,2015,2,11,27.5,0.0,65.99411,0
West_SJ,2015,2,12,25.500000000000004,0.5334,78.539085,0
West_SJ,2015,2,13,25.500000000000004,0.0761999999999999,84.381676,0
West_SJ,2015,2,14,26.500000000000004,1.27,81.78219,0
West_SJ,2015,2,15,25.500000000000004,0.0254,83.59503,0
West_SJ,2015,2,16,25.500000000000004,1.8542,70.01951,0
West_SJ,2015,2,17,26.000000000000007,2.8702,77.768486,0
West_SJ,2015,2,18,26.500000000000004,0.0,74.405556,0
West_SJ,2015,2,19,27.0,0.4064,75.73982,0
West_SJ,2015,2,20,25.500000000000004,0.0,76.975975,0
West_SJ,2015,2,21,25.500000000000004,0.4571999999999999,81.01878,0
West_SJ,2015,2,22,25.500000000000004,0.4571999999999999,77.68012,0
West_SJ,2015,2,23,25.500000000000004,0.3556,74.2745,0
West_SJ,2015,2,24,25.0,0.0,75.96285,0
West_SJ,2015,2,25,26.000000000000007,0.0,73.64316,0
West_SJ,2015,2,26,26.500000000000004,0.9652,70.8975,0
West_SJ,2015,2,27,26.000000000000007,0.254,69.932884,0
West_SJ,2015,2,28,25.500000000000004,0.9906,80.753685,0
West_SJ,2015,3,1,26.500000000000004,0.5841999999999999,67.362976,0
West_SJ,2015,3,2,24.0,0.2794,72.94688,0
West_SJ,2015,3,3,25.0,1.3462,71.33158,0
West_SJ,2015,3,4,27.0,0.2856026234850581,64.24515,0
West_SJ,2015,3,5,26.000000000000007,0.2521001385146119,67.40465,0
West_SJ,2015,3,6,26.000000000000007,0.1523999999999999,68.62109,0
West_SJ,2015,3,7,25.500000000000004,0.1778,70.39229,0
West_SJ,2015,3,8,25.0,0.0,73.454254,0
West_SJ,2015,3,9,26.000000000000007,0.6604,74.02202,0
West_SJ,2015,3,10,26.000000000000007,1.0414,74.85639,0
West_SJ,2015,3,11,25.0,0.2285999999999999,71.38966,0
West_SJ,2015,3,12,26.500000000000004,0.7365999999999999,64.20612,0
West_SJ,2015,3,13,24.5,0.3302,76.83674,0
West_SJ,2015,3,14,25.0,0.1523999999999999,73.96778,0
West_SJ,2015,3,15,25.500000000000004,0.1778,71.280106,0
West_SJ,2015,3,16,25.0,0.1523999999999999,76.90395,0
West_SJ,2015,3,17,25.0,0.0,74.1224,0
West_SJ,2015,3,18,25.0,0.0761999999999999,72.32569,0
West_SJ,2015,3,19,26.000000000000007,0.0,73.58441,0
West_SJ,2015,3,20,25.0,0.1523999999999999,76.84051,0
West_SJ,2015,3,21,26.0,0.0,67.51002,0
West_SJ,2015,3,22,25.500000000000004,0.0,75.41193,0
West_SJ,2015,3,23,25.500000000000004,0.0,73.353935,0
West_SJ,2015,3,24,25.500000000000004,0.0,79.372025,0
West_SJ,2015,3,25,26.000000000000007,0.127,74.53808,0
West_SJ,2015,3,26,26.500000000000004,0.1523999999999999,72.71672,0
West_SJ,2015,3,27,27.0,0.0,69.76484,0
West_SJ,2015,3,28,26.500000000000004,0.0,70.640656,0
West_SJ,2015,3,29,26.000000000000007,0.3090296417463115,69.906654,0
West_SJ,2015,3,30,25.500000000000004,0.0,72.87431,0
West_SJ,2015,3,31,24.5,0.0,71.78611,0
West_SJ,2015,4,1,25.500000000000004,0.0,75.5256,0
West_SJ,2015,4,2,26.000000000000007,0.0508,74.27282,0
West_SJ,2015,4,3,26.500000000000004,0.0,62.658993,0
West_SJ,2015,4,4,25.500000000000004,0.1016,69.28468,0
West_SJ,2015,4,5,25.0,0.0,76.49553,0
West_SJ,2015,4,6,26.000000000000007,1.8288,75.89201,0
West_SJ,2015,4,7,26.500000000000004,0.000254,72.3409,0
West_SJ,2015,4,8,26.000000000000007,0.2285999999999999,73.01033,0
West_SJ,2015,4,9,25.500000000000004,0.0761999999999999,75.21368,0
West_SJ,2015,4,10,25.500000000000004,0.8128,80.38272,0
West_SJ,2015,4,11,26.000000000000007,0.508,75.19746,0
West_SJ,2015,4,12,26.500000000000004,0.9906,72.11264,0
West_SJ,2015,4,13,26.500000000000004,0.0508,71.67814,0
West_SJ,2015,4,14,25.500000000000004,0.2794,75.81534,0
West_SJ,2015,4,15,26.000000000000007,0.0,71.40335,0
West_SJ,2015,4,16,26.000000000000007,0.0,67.34286,0
West_SJ,2015,4,17,26.0,0.1778,73.75819,0
West_SJ,2015,4,18,27.0,0.8636000000000001,73.199295,0
West_SJ,2015,4,19,27.0,0.0,75.81786,0
West_SJ,2015,4,20,27.0,0.0,74.49214,0
West_SJ,2015,4,21,26.500000000000004,0.0,72.2069,0
West_SJ,2015,4,22,26.000000000000007,0.0,69.95434,0
West_SJ,2015,4,23,26.500000000000004,0.0,75.00097,0
West_SJ,2015,4,24,27.0,0.0,73.293884,0
West_SJ,2015,4,25,28.000000000000004,0.0,70.37757,0
West_SJ,2015,4,26,29.0,0.0,68.14254,0
West_SJ,2015,4,27,29.5,0.0,68.83904,0
West_SJ,2015,4,28,29.0,0.0,63.368053,0
West_SJ,2015,4,29,29.0,0.0,60.58473,0
West_SJ,2015,4,30,29.0,0.0,45.006914167254216,0
West_SJ,2015,5,1,29.0,0.0,61.70872,0
West_SJ,2015,5,2,28.5,0.0,63.64522,0
West_SJ,2015,5,3,28.5,0.0,69.112495,0
West_SJ,2015,5,4,28.000000000000004,0.0,74.15745,0
West_SJ,2015,5,5,27.5,0.0,72.86117,0
West_SJ,2015,5,6,27.5,0.0,68.473816,0
West_SJ,2015,5,7,28.5,0.0,57.26083387211672,0
West_SJ,2015,5,8,28.5,0.0,66.5888,0
West_SJ,2015,5,9,28.000000000000004,0.0,69.611694,0
West_SJ,2015,5,10,27.5,0.0508,72.46597,0
West_SJ,2015,5,11,27.5,0.127,69.22471,0
West_SJ,2015,5,12,27.0,0.0,76.54151,0
West_SJ,2015,5,13,28.000000000000004,0.0,69.406235,0
West_SJ,2015,5,14,27.0,0.0,72.53117,0
West_SJ,2015,5,15,26.500000000000004,0.127,74.8192,0
West_SJ,2015,5,16,26.500000000000004,0.0761999999999999,79.22997,0
West_SJ,2015,5,17,27.0,0.1016,77.41741,0
West_SJ,2015,5,18,27.0,0.4318000000000001,73.84854,0
West_SJ,2015,5,19,27.0,0.0,73.78798,0
West_SJ,2015,5,20,25.500000000000004,0.0,82.41557,0
West_SJ,2015,5,21,27.5,4.1656,78.496635,0
West_SJ,2015,5,22,28.5,0.0,73.96755,0
West_SJ,2015,5,23,28.000000000000004,0.0,76.51097,0
West_SJ,2015,5,24,28.000000000000004,0.0,70.4353,0
West_SJ,2015,5,25,28.000000000000004,0.0,72.66596,0
West_SJ,2015,5,26,27.5,0.508,71.565834,0
West_SJ,2015,5,27,27.5,0.0,71.16327,0
West_SJ,2015,5,28,29.000000000000004,0.0,64.88844,0
West_SJ,2015,5,29,27.0,0.0,80.57645,0
West_SJ,2015,5,30,28.000000000000004,4.140199999999999,78.651146,0
West_SJ,2015,5,31,28.000000000000004,0.4826,81.07735,0
West_SJ,2015,6,1,28.5,0.000254,75.02267,0
West_SJ,2015,6,2,27.0,0.0,78.23611,0
West_SJ,2015,6,3,27.5,0.0508,79.24778,0
West_SJ,2015,6,4,28.5,0.0,73.20955,0
West_SJ,2015,6,5,29.0,0.0,72.1447,0
West_SJ,2015,6,6,29.5,0.0,67.00971,0
West_SJ,2015,6,7,30.0,0.0,66.1383,0
West_SJ,2015,6,8,29.5,0.0,71.083405,0
West_SJ,2015,6,9,28.5,0.0,74.141525,0
West_SJ,2015,6,10,28.5,0.0,70.00706,0
West_SJ,2015,6,11,27.5,0.2794,76.534744,0
West_SJ,2015,6,12,28.000000000000004,0.0,77.98525,0
West_SJ,2015,6,13,28.5,0.0,73.61612,0
West_SJ,2015,6,14,28.5,0.000254,73.82106,0
West_SJ,2015,6,15,28.000000000000004,0.0,73.44348,0
West_SJ,2015,6,16,28.5,0.0,71.803055,0
West_SJ,2015,6,17,28.000000000000004,0.0,81.96522,0
West_SJ,2015,6,18,29.000000000000004,0.7365999999999999,76.77907,0
West_SJ,2015,6,19,28.5,0.0,73.522804,0
West_SJ,2015,6,20,28.000000000000004,0.0,72.05765,0
West_SJ,2015,6,21,28.000000000000004,0.0,71.10005,0
West_SJ,2015,6,22,27.0,0.0,76.690445,0
West_SJ,2015,6,23,28.5,0.7874,77.059616,0
West_SJ,2015,6,24,29.5,0.0254,69.71221,0
West_SJ,2015,6,25,28.5,0.0,68.83918,0
West_SJ,2015,6,26,28.000000000000004,0.0,73.30987,0
West_SJ,2015,6,27,29.0,0.1778,73.16325,0
West_SJ,2015,6,28,29.000000000000004,0.0,70.02431,0
West_SJ,2015,6,29,28.5,0.0,71.853065,0
West_SJ,2015,6,30,27.0,0.508,75.54478,0
West_SJ,2015,7,1,27.5,0.7619999999999999,76.92167,0
West_SJ,2015,7,2,29.000000000000004,0.0508,69.50325,0
West_SJ,2015,7,3,28.5,0.0,73.90697,0
West_SJ,2015,7,4,28.5,0.0254,73.59351,0
West_SJ,2015,7,5,28.5,0.0,70.97656,0
West_SJ,2015,7,6,28.5,0.0,74.9299,0
West_SJ,2015,7,7,28.5,0.0,73.37316,0
West_SJ,2015,7,8,29.000000000000004,0.0,71.22494,0
West_SJ,2015,7,9,28.000000000000004,0.127,76.611206,0
West_SJ,2015,7,10,27.5,0.0,77.67191,0
West_SJ,2015,7,11,28.000000000000004,0.508,73.60429,0
West_SJ,2015,7,12,26.000000000000007,0.6858,83.36921,0
West_SJ,2015,7,13,28.000000000000004,0.2794,70.795364,0
West_SJ,2015,7,14,27.5,0.0,80.68365,0
West_SJ,2015,7,15,28.5,0.2032,71.270706,0
West_SJ,2015,7,16,29.000000000000004,0.0,75.603294,0
West_SJ,2015,7,17,28.5,0.0,70.04524,0
West_SJ,2015,7,18,28.5,0.0,72.92782,0
West_SJ,2015,7,19,28.000000000000004,0.0,71.02599,0
West_SJ,2015,7,20,27.0,0.0,78.550804,0
West_SJ,2015,7,21,28.000000000000004,2.364169687101408,78.570946,0
West_SJ,2015,7,22,30.0,0.2285999999999999,71.90643,0
West_SJ,2015,7,23,29.000000000000004,0.0,72.89917,0
West_SJ,2015,7,24,29.000000000000004,0.0,73.079956,0
West_SJ,2015,7,25,28.5,0.0,71.77051,0
West_SJ,2015,7,26,28.5,0.0508,72.29105,0
West_SJ,2015,7,27,28.5,0.0,72.08983,0
West_SJ,2015,7,28,32.11414245985168,-0.0343367612031494,70.11235559693338,0
West_SJ,2015,7,29,29.444444444444446,0.0,75.04147776188626,0
West_SJ,2015,7,30,29.5,0.0,70.701706,0
West_SJ,2015,7,31,28.5,0.0508,79.496605,0
West_SJ,2015,8,1,29.000000000000004,0.0,69.95995,0
West_SJ,2015,8,2,28.000000000000004,0.0508,78.30606,0
West_SJ,2015,8,3,29.5,0.000254,71.69698,0
West_SJ,2015,8,4,28.5,0.0,73.55055,0
West_SJ,2015,8,5,28.000000000000004,0.1778,75.269585,0
West_SJ,2015,8,6,28.5,0.0,70.50499,0
West_SJ,2015,8,7,28.000000000000004,0.127,72.65914,0
West_SJ,2015,8,8,28.000000000000004,0.0761999999999999,78.75627,0
West_SJ,2015,8,9,28.5,0.0,73.55747,0
West_SJ,2015,8,10,28.5,0.0,71.97144,0
West_SJ,2015,8,11,28.000000000000004,0.0,73.962654,0
West_SJ,2015,8,12,29.000000000000004,0.0,70.858894,0
West_SJ,2015,8,13,29.000000000000004,0.0,69.16697,0
West_SJ,2015,8,14,29.0,0.0761999999999999,70.46002,0
West_SJ,2015,8,15,28.5,0.7619999999999999,79.50144,0
West_SJ,2015,8,16,27.5,0.2032,81.66987,0
West_SJ,2015,8,17,27.5,0.2368950939300159,74.68089,0
West_SJ,2015,8,18,28.000000000000004,0.127,75.04778,0
West_SJ,2015,8,19,29.0,0.0761999999999999,72.58007,0
West_SJ,2015,8,20,28.5,0.0,74.714806,0
West_SJ,2015,8,21,29.5,0.0,73.845566,0
West_SJ,2015,8,22,29.0,0.0,74.68366,0
West_SJ,2015,8,23,28.5,0.0761999999999999,72.482994,0
West_SJ,2015,8,24,28.5,0.1778,78.29643,0
West_SJ,2015,8,25,28.000000000000004,0.6095999999999999,84.37908,0
West_SJ,2015,8,26,29.5,0.3047999999999999,77.507515,0
West_SJ,2015,8,27,29.000000000000004,0.3047999999999999,78.91114,0
West_SJ,2015,8,28,27.0,0.7365999999999999,72.73214,0
West_SJ,2015,8,29,28.5,0.127,77.63328,0
West_SJ,2015,8,30,27.5,0.4826,89.28515,0
West_SJ,2015,8,31,28.5,2.9718,83.11104,0
West_SJ,2015,9,1,29.0,0.7619999999999999,82.52377,0
West_SJ,2015,9,2,29.0,0.7810522459286036,78.35114,0
West_SJ,2015,9,3,29.0,0.0,75.979095,0
West_SJ,2015,9,4,28.5,0.0,79.058556,0
West_SJ,2015,9,5,28.000000000000004,0.0254,82.4803,0
West_SJ,2015,9,6,28.5,1.0668,73.078476,0
West_SJ,2015,9,7,29.0,0.0,76.41099,0
West_SJ,2015,9,8,28.5,-0.0142440355747204,77.043015,0
West_SJ,2015,9,9,29.0,0.0,70.713875,0
West_SJ,2015,9,10,30.0,0.0,75.31985,0
West_SJ,2015,9,11,29.5,0.0746754268554879,77.62726,0
West_SJ,2015,9,12,27.0,0.0761999999999999,71.1519,0
West_SJ,2015,9,13,29.5,0.0761999999999999,74.17432,0
West_SJ,2015,9,14,29.5,0.0,71.154945,0
West_SJ,2015,9,15,29.0,0.1523999999999999,78.80726,0
West_SJ,2015,9,16,29.0,0.1778,75.25469,0
West_SJ,2015,9,17,29.0,0.0508,76.83566,0
West_SJ,2015,9,18,28.5,0.0761999999999999,78.44253,0
West_SJ,2015,9,19,28.5,0.5338718337430104,78.18638,0
West_SJ,2015,9,20,28.5,0.0,75.76099,0
West_SJ,2015,9,21,28.000000000000004,1.1397244254514962,77.928375,0
West_SJ,2015,9,22,28.000000000000004,1.1909480933604673,76.64513,0
West_SJ,2015,9,23,28.5,0.0254,79.27823,0
West_SJ,2015,9,24,28.5,0.3047999999999999,78.70051,0
West_SJ,2015,9,25,29.5,0.1016,73.63224,0
West_SJ,2015,9,26,29.0,0.000254,73.70305,0
West_SJ,2015,9,27,29.5,0.0,72.998566,0
West_SJ,2015,9,28,29.0,0.0,74.503815,0
West_SJ,2015,9,29,30.0,0.0,70.3656,0
West_SJ,2015,9,30,29.5,0.0,69.118324,0
West_SJ,2015,10,1,30.500000000000004,0.0,65.42817,0
West_SJ,2015,10,2,30.0,0.0,69.04014,0
West_SJ,2015,10,3,28.000000000000004,0.2359373567707778,69.21889887160155,0
West_SJ,2015,10,4,31.000000000000007,0.3768837114786997,64.414536,0
West_SJ,2015,10,5,29.5,0.0,72.95583,0
West_SJ,2015,10,6,31.000000000000007,0.0,67.991196,0
West_SJ,2015,10,7,29.5,0.0,76.736206,0
West_SJ,2015,10,8,29.5,0.5588,76.81493,0
West_SJ,2015,10,9,27.5,0.0,80.49913,0
West_SJ,2015,10,10,29.5,0.0761999999999999,72.90317,0
West_SJ,2015,10,11,29.5,0.3047999999999999,72.67402,0
West_SJ,2015,10,12,28.5,0.0,74.03986,0
West_SJ,2015,10,13,29.0,0.0,73.75866,0
West_SJ,2015,10,14,29.0,0.0,75.435905,0
West_SJ,2015,10,15,29.0,0.0508,76.927185,0
West_SJ,2015,10,16,28.000000000000004,0.000254,81.35663,0
West_SJ,2015,10,17,28.000000000000004,1.8542,79.12139,0
West_SJ,2015,10,18,28.5,0.0,78.664085,0
West_SJ,2015,10,19,28.5,0.000254,74.555405,0
West_SJ,2015,10,20,29.0,0.0,72.20728,0
West_SJ,2015,10,21,29.0,0.0,72.524925,0
West_SJ,2015,10,22,29.5,0.0,76.16609,0
West_SJ,2015,10,23,28.000000000000004,0.6095999999999999,75.13712,0
West_SJ,2015,10,24,26.500000000000004,0.2285999999999999,79.63769,0
West_SJ,2015,10,25,27.0,0.3556,79.044914,0
West_SJ,2015,10,26,25.500000000000004,1.2954,83.10629,0
West_SJ,2015,10,27,27.5,0.0254,82.82317,0
West_SJ,2015,10,28,28.000000000000004,0.6095999999999999,81.29265,0
West_SJ,2015,10,29,28.000000000000004,0.2794,80.43507,0
West_SJ,2015,10,30,28.5,0.1612115077132274,78.29806,0
West_SJ,2015,10,31,28.000000000000004,0.1213955838004044,80.34917,0
West_SJ,2015,11,1,26.500000000000004,2.2098,84.77294,0
West_SJ,2015,11,2,27.5,1.2446,81.864365,0
West_SJ,2015,11,3,27.5,0.0269676954964925,82.79489,0
West_SJ,2015,11,4,28.000000000000004,0.2426624226245816,76.83195,0
West_SJ,2015,11,5,28.000000000000004,0.2032,76.75399,0
West_SJ,2015,11,6,27.5,0.508,78.50309,0
West_SJ,2015,11,7,25.500000000000004,0.4571999999999999,86.967964,0
West_SJ,2015,11,8,28.000000000000004,2.0066,81.45852,0
West_SJ,2015,11,9,28.000000000000004,0.0508,76.15555,0
West_SJ,2015,11,10,28.000000000000004,1.016,78.22611,0
West_SJ,2015,11,11,27.5,0.2794,81.54699,0
West_SJ,2015,11,12,28.000000000000004,0.000254,73.80826,0
West_SJ,2015,11,13,27.5,0.000254,75.94062,0
West_SJ,2015,11,14,27.0,0.0,78.32453,0
West_SJ,2015,11,15,27.5,0.2032,77.24496,0
West_SJ,2015,11,16,27.5,0.0508,77.61131,0
West_SJ,2015,11,17,27.5,0.2794,75.355545,0
West_SJ,2015,11,18,27.5,0.5588,78.27782,0
West_SJ,2015,11,19,27.5,0.0,74.98643,0
West_SJ,2015,11,20,28.000000000000004,0.3773554150544684,60.696854,0
West_SJ,2015,11,21,25.500000000000004,0.0,76.669846,0
West_SJ,2015,11,22,26.500000000000004,0.0,72.15396,0
West_SJ,2015,11,23,27.5,0.048902356296222,77.14232,0
West_SJ,2015,11,24,28.000000000000004,1.7939644771168175,71.15619,0
West_SJ,2015,11,25,27.0,2.4879454695881056,77.4775,0
West_SJ,2015,11,26,27.0,0.0,80.48821,0
West_SJ,2015,11,27,27.5,0.5811161157242692,74.60259,0
West_SJ,2015,11,28,26.000000000000007,0.0,82.333984,0
West_SJ,2015,11,29,25.0,3.048,83.58996,0
West_SJ,2015,11,30,28.000000000000004,0.0761999999999999,75.902145,0
West_SJ,2015,12,1,28.000000000000004,0.0,79.87137,0
West_SJ,2015,12,2,27.5,0.7365999999999999,80.15317,0
West_SJ,2015,12,3,28.000000000000004,0.0,71.990364,0
West_SJ,2015,12,4,27.0,0.0,77.14936,0
West_SJ,2015,12,5,27.5,0.0254,79.01958,0
West_SJ,2015,12,6,26.500000000000004,0.1502566766551503,76.80442,0
West_SJ,2015,12,7,26.000000000000007,2.7686,82.93789,0
West_SJ,2015,12,8,27.0,2.0574000000000003,78.868576,0
West_SJ,2015,12,9,27.5,0.0,72.55034,0
West_SJ,2015,12,10,27.0,0.0,72.34102,0
West_SJ,2015,12,11,27.5,0.0,74.292854,0
West_SJ,2015,12,12,28.000000000000004,0.0,66.160225,0
West_SJ,2015,12,13,26.500000000000004,0.0761999999999999,72.558586,0
West_SJ,2015,12,14,27.0,0.0,73.79419,0
West_SJ,2015,12,15,26.500000000000004,0.0,71.79497,0
West_SJ,2015,12,16,26.500000000000004,0.0,73.50563,0
West_SJ,2015,12,17,26.500000000000004,0.2794,74.34319,0
West_SJ,2015,12,18,27.0,0.0,72.487434,0
West_SJ,2015,12,19,26.500000000000004,0.0,77.29002,0
West_SJ,2015,12,20,26.000000000000007,0.1016,79.58028,0
West_SJ,2015,12,21,27.0,0.3556,75.461975,0
West_SJ,2015,12,22,26.000000000000007,0.000254,79.34546,0
West_SJ,2015,12,23,27.0,0.3302,72.82053,0
West_SJ,2015,12,24,26.500000000000004,0.0254,78.17004,0
West_SJ,2015,12,25,27.0,0.6858,71.89948,0
West_SJ,2015,12,26,26.500000000000004,0.4064,78.08999,0
West_SJ,2015,12,27,25.500000000000004,0.4571999999999999,74.03542,0
West_SJ,2015,12,28,25.500000000000004,0.6984319300458139,82.087105,0
West_SJ,2015,12,29,26.000000000000007,0.0,75.79919,0
West_SJ,2015,12,30,26.0,0.0254,76.97131,0
West_SJ,2015,12,31,26.000000000000007,1.0668,75.61595,0
West_SJ,2016,1,1,26.000000000000007,0.4826,72.49403,0
West_SJ,2016,1,2,23.38424956884608,0.0761999999999999,74.77566,0
West_SJ,2016,1,3,25.0,0.2794,77.80088,0
West_SJ,2016,1,4,26.000000000000007,0.1523999999999999,69.69283,0
West_SJ,2016,1,5,26.000000000000007,0.0,78.00911,0
West_SJ,2016,1,6,25.500000000000004,0.0,81.288185,0
West_SJ,2016,1,7,27.0,0.508,74.257484,0
West_SJ,2016,1,8,26.500000000000004,0.0,77.09735,0
West_SJ,2016,1,9,25.500000000000004,0.0,79.87172,0
West_SJ,2016,1,10,26.000000000000007,0.0,80.18019,0
West_SJ,2016,1,11,26.500000000000004,0.3556,73.57388,0
West_SJ,2016,1,12,25.500000000000004,0.0,75.53133,0
West_SJ,2016,1,13,26.000000000000007,0.0508,68.37898,0
West_SJ,2016,1,14,25.500000000000004,0.0,72.216064,0
West_SJ,2016,1,15,25.0,0.0,69.99617,0
West_SJ,2016,1,16,25.0,0.0,79.130775,0
West_SJ,2016,1,17,25.500000000000004,0.0,75.055374,0
West_SJ,2016,1,18,25.500000000000004,0.0,75.62593,0
West_SJ,2016,1,19,25.500000000000004,1.896666232361289,80.90715,0
West_SJ,2016,1,20,26.500000000000004,0.0,77.271355,0
West_SJ,2016,1,21,25.0,0.000254,78.31547,0
West_SJ,2016,1,22,25.500000000000004,0.0,76.40347,0
West_SJ,2016,1,23,26.000000000000007,0.000254,70.46425,0
West_SJ,2016,1,24,27.0,0.0,74.59694,0
West_SJ,2016,1,25,25.0,0.8128,84.35456,0
West_SJ,2016,1,26,26.000000000000007,2.0066,74.72993,0
West_SJ,2016,1,27,27.0,0.127,67.62542,0
West_SJ,2016,1,28,26.500000000000004,0.0,72.10726,0
West_SJ,2016,1,29,26.500000000000004,0.0,70.60275,0
West_SJ,2016,1,30,25.500000000000004,0.0,80.54306,0
West_SJ,2016,1,31,26.000000000000007,0.3809999999999999,75.109146,0
West_SJ,2016,2,1,26.000000000000007,0.0,72.30065,0
West_SJ,2016,2,2,25.500000000000004,0.127,74.003265,0
West_SJ,2016,2,3,26.000000000000007,0.0254,74.855835,0
West_SJ,2016,2,4,26.0,0.0254,62.5573,0
West_SJ,2016,2,5,24.5,0.254,78.38146,0
West_SJ,2016,2,6,26.0,1.0414,72.64784,0
West_SJ,2016,2,7,25.500000000000004,0.0,77.20591,0
West_SJ,2016,2,8,26.500000000000004,0.0,74.77018,0
West_SJ,2016,2,9,26.500000000000004,0.0,78.13105,0
West_SJ,2016,2,10,26.500000000000004,0.0,76.26198,0
West_SJ,2016,2,11,25.500000000000004,0.0,76.02158,0
West_SJ,2016,2,12,26.000000000000007,0.0,74.64211,0
West_SJ,2016,2,13,26.000000000000007,0.0,72.94475,0
West_SJ,2016,2,14,25.0,0.2285999999999999,75.73976,0
West_SJ,2016,2,15,25.0,2.159,77.53186,0
West_SJ,2016,2,16,26.500000000000004,0.0,74.116844,0
West_SJ,2016,2,17,26.500000000000004,0.0,76.579735,0
West_SJ,2016,2,18,27.0,0.0,75.877,0
West_SJ,2016,2,19,26.500000000000004,0.0,79.93322,0
West_SJ,2016,2,20,26.0,0.508,65.96837,0
West_SJ,2016,2,21,25.500000000000004,0.7619999999999999,74.22379,0
West_SJ,2016,2,22,26.000000000000007,0.4318000000000001,80.138466,0
West_SJ,2016,2,23,26.000000000000007,0.000254,75.610275,0
West_SJ,2016,2,24,26.500000000000004,0.0,73.41017,0
West_SJ,2016,2,25,26.500000000000004,0.0,73.078575,0
West_SJ,2016,2,26,26.000000000000007,0.0,73.99565,0
West_SJ,2016,2,27,25.500000000000004,0.1016,75.52634,0
West_SJ,2016,2,28,26.000000000000007,0.0,75.65228,0
West_SJ,2016,2,29,25.500000000000004,0.2285999999999999,77.41488,0
West_SJ,2016,3,1,26.000000000000007,0.2285999999999999,73.44153,0
West_SJ,2016,3,2,26.000000000000007,0.0,75.20527,0
West_SJ,2016,3,3,26.500000000000004,0.0508,71.346436,0
West_SJ,2016,3,4,26.000000000000007,0.5841999999999999,72.231544,0
West_SJ,2016,3,5,27.0,1.1556143216294847,78.00257,0
West_SJ,2016,3,6,26.000000000000007,0.0,81.18872,0
West_SJ,2016,3,7,25.500000000000004,0.254,82.44973,0
West_SJ,2016,3,8,25.500000000000004,0.127,68.120316,0
West_SJ,2016,3,9,25.500000000000004,0.0,57.05621787837015,0
West_SJ,2016,3,10,25.0,0.0,59.790283,0
West_SJ,2016,3,11,26.0,0.508,63.522774,0
West_SJ,2016,3,12,25.0,0.254,71.41905,0
West_SJ,2016,3,13,25.0,0.7619999999999999,80.88584,0
West_SJ,2016,3,14,25.500000000000004,1.4731999999999998,83.78688,0
West_SJ,2016,3,15,26.000000000000007,0.3302,77.11225,0
West_SJ,2016,3,16,26.000000000000007,0.0,77.395836,0
West_SJ,2016,3,17,25.0,0.0,73.10949,0
West_SJ,2016,3,18,25.500000000000004,0.0,69.7626,0
West_SJ,2016,3,19,25.0,0.0,70.8043,0
West_SJ,2016,3,20,26.500000000000004,0.0,69.92904,0
West_SJ,2016,3,21,28.000000000000004,0.0,66.07695,0
West_SJ,2016,3,22,26.000000000000007,0.0,75.68845,0
West_SJ,2016,3,23,26.0,0.1523999999999999,78.48539,0
West_SJ,2016,3,24,26.500000000000004,0.1016,70.846466,0
West_SJ,2016,3,25,26.000000000000007,0.1523999999999999,73.38669,0
West_SJ,2016,3,26,25.500000000000004,0.0254,80.0521,0
West_SJ,2016,3,27,25.27777777777778,0.508,73.57074189640153,0
West_SJ,2016,3,28,25.833333333333336,0.635,76.76310589414136,0
West_SJ,2016,3,29,26.11111111111111,0.0,83.50710411830443,0
West_SJ,2016,3,30,26.000000000000007,0.000254,75.54558,0
West_SJ,2016,3,31,26.000000000000007,0.4571999999999999,73.80013,0
West_SJ,2016,4,1,25.500000000000004,2.6924,80.65795,0
West_SJ,2016,4,2,26.000000000000007,0.254,80.15477,0
West_SJ,2016,4,3,26.000000000000007,0.9144,78.0603,0
West_SJ,2016,4,4,26.000000000000007,0.000254,78.48904,0
West_SJ,2016,4,5,27.0,0.0,73.51877,0
West_SJ,2016,4,6,26.500000000000004,0.0,73.15309,0
West_SJ,2016,4,7,26.500000000000004,1.27,78.88248,0
West_SJ,2016,4,8,26.000000000000007,0.0,78.40681,0
West_SJ,2016,4,9,26.500000000000004,0.0,74.29449,0
West_SJ,2016,4,10,26.500000000000004,0.0,72.52863,0
West_SJ,2016,4,11,26.000000000000007,0.0,81.580025,0
West_SJ,2016,4,12,26.500000000000004,0.127,79.61677,0
West_SJ,2016,4,13,26.000000000000007,0.0,78.02748,0
West_SJ,2016,4,14,26.000000000000007,0.0,72.53241,0
West_SJ,2016,4,15,26.500000000000004,0.0,71.02942,0
West_SJ,2016,4,16,26.500000000000004,0.0,68.18134,0
West_SJ,2016,4,17,27.5,0.0,72.32537,0
West_SJ,2016,4,18,26.000000000000007,0.0,79.36674,0
West_SJ,2016,4,19,25.500000000000004,2.794,77.86666,0
West_SJ,2016,4,20,27.0,0.0254,61.20433,0
West_SJ,2016,4,21,27.0,0.0,60.798904,0
West_SJ,2016,4,22,26.0,0.0,76.13191,0
West_SJ,2016,4,23,27.0,0.044288472094094,85.6818,0
West_SJ,2016,4,24,29.0,0.2032,74.21061,0
West_SJ,2016,4,25,26.500000000000004,0.0,80.753006,0
West_SJ,2016,4,26,26.500000000000004,0.7365999999999999,83.26433,0
West_SJ,2016,4,27,27.0,1.0921999999999998,77.968636,0
West_SJ,2016,4,28,28.000000000000004,0.1778,78.99479,0
West_SJ,2016,4,29,27.0,0.000254,78.74238,0
West_SJ,2016,4,30,26.500000000000004,0.0,78.870346,0
West_SJ,2016,5,1,25.500000000000004,0.254,79.14324,0
West_SJ,2016,5,2,25.500000000000004,1.8542,80.90567,0
West_SJ,2016,5,3,27.0,1.8428241683042863,76.94897,0
West_SJ,2016,5,4,28.000000000000004,0.0,70.62774,0
West_SJ,2016,5,5,28.5,0.0,71.63141,0
West_SJ,2016,5,6,29.5,0.0,68.95438,0
West_SJ,2016,5,7,29.5,0.0,67.736046,0
West_SJ,2016,5,8,25.500000000000004,0.0,75.1275,0
West_SJ,2016,5,9,28.000000000000004,0.000254,77.042854,0
West_SJ,2016,5,10,27.0,3.2004,76.1285,0
West_SJ,2016,5,11,27.0,0.2794,77.078964,0
West_SJ,2016,5,12,27.5,0.1523999999999999,71.35225,0
West_SJ,2016,5,13,26.500000000000004,0.0,81.742355,0
West_SJ,2016,5,14,27.0,2.6162,77.47042,0
West_SJ,2016,5,15,27.5,0.0,75.81897,0
West_SJ,2016,5,16,27.5,0.0,74.56061,0
West_SJ,2016,5,17,27.5,0.0,79.51814,0
West_SJ,2016,5,18,28.000000000000004,0.0,74.78436,0
West_SJ,2016,5,19,27.5,2.949091087700677,76.66855,0
West_SJ,2016,5,20,27.5,0.8636000000000001,77.0614,0
West_SJ,2016,5,21,27.5,0.3302,78.59815,0
West_SJ,2016,5,22,29.0,0.0254,67.25896,0
West_SJ,2016,5,23,30.0,0.0,65.249466,0
West_SJ,2016,5,24,29.5,0.0,69.33161,0
West_SJ,2016,5,25,27.5,0.0,74.34214,0
West_SJ,2016,5,26,28.000000000000004,0.000254,68.1253,0
West_SJ,2016,5,27,28.000000000000004,0.0,72.169655,0
West_SJ,2016,5,28,27.5,0.0,78.56949,0
West_SJ,2016,5,29,27.5,0.1016,79.88693,0
West_SJ,2016,5,30,28.39099106333964,1.0921999999999998,86.44969,0
West_SJ,2016,5,31,27.5,0.7619999999999999,83.21927,0
West_SJ,2016,6,1,27.5,0.7874,85.64569,0
West_SJ,2016,6,2,27.5,0.70673967719716,85.27537,0
West_SJ,2016,6,3,28.5,1.016,82.11445,0
West_SJ,2016,6,4,27.5,0.1016,86.029366,0
West_SJ,2016,6,5,28.5,1.8796,73.27251,0
West_SJ,2016,6,6,28.5,0.0,77.15755,0
West_SJ,2016,6,7,28.000000000000004,0.0,79.474884,0
West_SJ,2016,6,8,28.5,0.127,75.33147,0
West_SJ,2016,6,9,29.5,0.0761999999999999,77.6282,0
West_SJ,2016,6,10,28.5,0.0,75.20124,0
West_SJ,2016,6,11,28.5,0.0,74.844154,0
West_SJ,2016,6,12,29.0,0.0,73.086136,0
West_SJ,2016,6,13,30.0,0.0,68.95805,0
West_SJ,2016,6,14,30.0,0.0,64.407364,0
West_SJ,2016,6,15,28.5,0.0,74.09361,0
West_SJ,2016,6,16,28.5,0.0,73.42036,0
West_SJ,2016,6,17,28.5,0.0,73.64373,0
West_SJ,2016,6,18,28.5,0.0,73.34067,0
West_SJ,2016,6,19,28.5,0.0,75.8709,0
West_SJ,2016,6,20,27.5,2.2606,83.2414,0
West_SJ,2016,6,21,28.000000000000004,0.1016,75.8511,0
West_SJ,2016,6,22,27.5,1.905,77.21614,0
West_SJ,2016,6,23,28.000000000000004,0.4318000000000001,74.98761,0
West_SJ,2016,6,24,28.5,0.0,75.96915,0
West_SJ,2016,6,25,28.5,0.0,76.83119,0
West_SJ,2016,6,26,28.5,0.0,74.2333,0
West_SJ,2016,6,27,28.5,0.0,68.76659,0
West_SJ,2016,6,28,28.5,0.0,73.22409,0
West_SJ,2016,6,29,29.0,0.1016,73.1102,0
West_SJ,2016,6,30,28.5,0.9144,71.0349,0
West_SJ,2016,7,1,27.5,0.3809999999999999,77.46444567059831,0
West_SJ,2016,7,2,26.500000000000004,0.4571999999999999,87.86408,0
West_SJ,2016,7,3,28.000000000000004,1.2446,76.218925,0
West_SJ,2016,7,4,28.5,0.0761999999999999,76.886185,0
West_SJ,2016,7,5,28.500000000000007,2.3114,74.06410885966125,0
West_SJ,2016,7,6,29.000000000000004,0.7365999999999999,80.83643,0
West_SJ,2016,7,7,29.5,0.0508,75.27963,0
West_SJ,2016,7,8,28.000000000000004,0.0,73.63295,0
West_SJ,2016,7,9,27.5,0.7112,84.93256,0
West_SJ,2016,7,10,29.000000000000004,3.3782,77.55623,0
West_SJ,2016,7,11,29.000000000000004,0.127,76.85099,0
West_SJ,2016,7,12,29.000000000000004,0.0508,70.793304,0
West_SJ,2016,7,13,27.5,0.0761999999999999,80.56987,0
West_SJ,2016,7,14,28.000000000000004,2.7432,78.75136,0
West_SJ,2016,7,15,28.000000000000004,0.8382,76.73049,0
West_SJ,2016,7,16,29.0,0.0,79.03833,0
West_SJ,2016,7,17,28.5,0.0,76.30199,0
West_SJ,2016,7,18,27.5,0.176430034881213,78.7751,0
West_SJ,2016,7,19,28.5,0.254,78.488495,0
West_SJ,2016,7,20,29.5,0.0,76.83344,0
West_SJ,2016,7,21,29.0,0.9652,81.722084,0
West_SJ,2016,7,22,29.0,0.0,74.30279,0
West_SJ,2016,7,23,28.5,0.0,73.8483,0
West_SJ,2016,7,24,29.000000000000004,0.2285999999999999,69.68775,0
West_SJ,2016,7,25,28.000000000000004,0.635,76.14903,0
West_SJ,2016,7,26,28.000000000000004,0.4826,86.48573,0
West_SJ,2016,7,27,29.0,0.0508,81.42635,0
West_SJ,2016,7,28,29.0,0.0,75.95749,0
West_SJ,2016,7,29,29.0,0.2032,75.96623,0
West_SJ,2016,7,30,28.000000000000004,0.2285999999999999,72.61382,0
West_SJ,2016,7,31,27.0,0.9652,86.019035,0
West_SJ,2016,8,1,28.5,3.2766,83.15895,0
West_SJ,2016,8,2,28.5,0.0254,77.00727,0
West_SJ,2016,8,3,28.000000000000004,0.254,77.06252,0
West_SJ,2016,8,4,29.0,0.0,77.10867,0
West_SJ,2016,8,5,27.0,1.2954,88.37555,0
West_SJ,2016,8,6,27.0,3.048,88.20598,0
West_SJ,2016,8,7,30.0,2.0066,75.4893,0
West_SJ,2016,8,8,29.0,0.0,80.97723,0
West_SJ,2016,8,9,29.5,0.0,76.432274,0
West_SJ,2016,8,10,27.5,0.4826,80.41063,0
West_SJ,2016,8,11,28.000000000000004,2.3114,78.55083,0
West_SJ,2016,8,12,28.000000000000004,0.1778,78.855034,0
West_SJ,2016,8,13,28.000000000000004,0.127,81.32943,0
West_SJ,2016,8,14,28.5,1.7779999999999998,77.85718,0
West_SJ,2016,8,15,29.0,1.5239999999999998,76.369,0
West_SJ,2016,8,16,29.0,0.0,72.718864,0
West_SJ,2016,8,17,29.0,0.127,76.59264,0
West_SJ,2016,8,18,30.0,0.0,76.157295,0
West_SJ,2016,8,19,29.0,0.2794,76.03161,0
West_SJ,2016,8,20,29.0,0.0,75.12088,0
West_SJ,2016,8,21,29.0,0.0,75.027214,0
West_SJ,2016,8,22,29.0,1.8034,80.110275,0
West_SJ,2016,8,23,28.000000000000004,1.7779999999999998,76.88999,0
West_SJ,2016,8,24,27.5,1.6001999999999998,85.068054,0
West_SJ,2016,8,25,30.0,2.4384,68.905106,0
West_SJ,2016,8,26,29.0,0.0,77.68237,0
West_SJ,2016,8,27,29.0,0.8889999999999999,74.76937,0
West_SJ,2016,8,28,28.5,0.0,77.49504,0
West_SJ,2016,8,29,30.0,0.0,69.46594,0
West_SJ,2016,8,30,29.5,0.0,77.82888,0
West_SJ,2016,8,31,29.5,0.0,73.81999,0
West_SJ,2016,9,1,29.0,0.0,72.53695,0
West_SJ,2016,9,2,28.000000000000004,1.016,81.79611,0
West_SJ,2016,9,3,30.0,0.7619999999999999,71.41269,0
West_SJ,2016,9,4,30.0,0.0,71.859344,0
West_SJ,2016,9,5,27.0,0.0761999999999999,73.45595,0
West_SJ,2016,9,6,28.5,0.9652,79.089226,0
West_SJ,2016,9,7,29.0,0.0761999999999999,70.41128,0
West_SJ,2016,9,8,28.5,0.0,74.05228,0
West_SJ,2016,9,9,28.5,0.254,77.93789,0
West_SJ,2016,9,10,29.0,0.0,78.52137,0
West_SJ,2016,9,11,29.0,0.127,76.78781,0
West_SJ,2016,9,12,28.5,0.5841999999999999,76.93164,0
West_SJ,2016,9,13,28.5,0.0,77.71506,0
West_SJ,2016,9,14,28.5,0.635,74.975494,0
West_SJ,2016,9,15,29.0,0.0,72.11567,0
West_SJ,2016,9,16,28.5,0.0,73.190155,0
West_SJ,2016,9,17,28.5,0.0,72.17643,0
West_SJ,2016,9,18,28.5,0.127,78.04791,0
West_SJ,2016,9,19,29.0,0.0,76.203636,0
West_SJ,2016,9,20,28.000000000000004,1.5334350520946067,80.25894,0
West_SJ,2016,9,21,28.000000000000004,0.1778,81.84084,0
West_SJ,2016,9,22,28.000000000000004,1.0323626447218084,81.77916,0
West_SJ,2016,9,23,30.0,0.0,71.145,0
West_SJ,2016,9,24,29.0,0.0,77.317215,0
West_SJ,2016,9,25,29.0,0.635,73.534096,0
West_SJ,2016,9,26,29.0,0.0,74.81647,0
West_SJ,2016,9,27,29.0,0.0,81.529594,0
West_SJ,2016,9,28,29.5,0.0254,75.66383,0
West_SJ,2016,9,29,28.5,0.3809999999999999,72.318214,0
West_SJ,2016,9,30,28.000000000000004,2.2098,73.18504,0
West_SJ,2016,10,1,28.000000000000004,0.3556,76.17306,0
West_SJ,2016,10,2,27.5,0.4318000000000001,76.46174,0
West_SJ,2016,10,3,28.5,0.3556,76.95043,0
West_SJ,2016,10,4,29.0,0.0254,79.37787,0
West_SJ,2016,10,5,29.5,0.000254,75.25968,0
West_SJ,2016,10,6,30.0,0.1778,74.86535,0
West_SJ,2016,10,7,29.0,0.2551037199352425,77.71032,0
West_SJ,2016,10,8,28.5,0.0,75.81063,0
West_SJ,2016,10,9,29.0,0.0508,73.944435,0
West_SJ,2016,10,10,28.000000000000004,0.508,75.56338,0
West_SJ,2016,10,11,29.0,0.0,77.84519,0
West_SJ,2016,10,12,29.5,1.1176,74.70408,0
West_SJ,2016,10,13,29.0,0.0,77.23366,0
West_SJ,2016,10,14,29.0,0.0,78.84016,0
West_SJ,2016,10,15,28.5,0.0508,76.771805,0
West_SJ,2016,10,16,28.5,0.0252888506289016,73.20067,0
West_SJ,2016,10,17,29.0,0.0,69.22548,0
West_SJ,2016,10,18,27.5,0.0761999999999999,80.61574,0
West_SJ,2016,10,19,27.0,0.8382,80.37262,0
West_SJ,2016,10,20,29.5,1.27,73.77163,0
West_SJ,2016,10,21,30.0,0.0,73.27378,0
West_SJ,2016,10,22,28.5,0.0,78.28209,0
West_SJ,2016,10,23,28.000000000000004,0.0,80.27674,0
West_SJ,2016,10,24,28.000000000000004,-0.006216538050723,81.05796,0
West_SJ,2016,10,25,27.0,1.27,87.05991,0
West_SJ,2016,10,26,27.0,1.2901288302948222,82.43455,0
West_SJ,2016,10,27,28.000000000000004,2.4209312559067984,78.40361,0
West_SJ,2016,10,28,28.000000000000004,0.0,80.41137,0
West_SJ,2016,10,29,28.5,0.0,80.406075,0
West_SJ,2016,10,30,29.5,0.1016,80.023964,0
West_SJ,2016,10,31,28.000000000000004,0.0,77.11418,0
West_SJ,2016,11,1,27.5,0.127,79.66292,0
West_SJ,2016,11,2,27.0,1.7272000000000003,77.79511,0
West_SJ,2016,11,3,25.500000000000004,1.0921999999999998,87.96411,0
West_SJ,2016,11,4,27.0,1.026389122831134,77.90397,0
West_SJ,2016,11,5,28.5,0.0,67.65763,0
West_SJ,2016,11,6,28.000000000000004,0.0,80.20066,0
West_SJ,2016,11,7,26.000000000000007,0.4064,80.803444,0
West_SJ,2016,11,8,27.0,1.27,85.59074,0
West_SJ,2016,11,9,27.0,1.2551595079956228,81.645676,0
West_SJ,2016,11,10,26.38888888888889,0.1016,65.3422971832887,0
West_SJ,2016,11,11,27.5,1.2191999999999998,84.90737,0
West_SJ,2016,11,12,28.000000000000004,0.5334,80.83078,0
West_SJ,2016,11,13,28.000000000000004,0.0254,81.62805,0
West_SJ,2016,11,14,27.5,1.2446,79.22524,0
West_SJ,2016,11,15,27.5,0.8190971841415665,80.862526,0
West_SJ,2016,11,16,27.0,0.8525956262630773,82.426834,0
West_SJ,2016,11,17,27.0,0.3809999999999999,87.21939,0
West_SJ,2016,11,18,26.500000000000004,0.8636000000000001,82.62752,0
West_SJ,2016,11,19,25.500000000000004,0.0508,83.20482,0
West_SJ,2016,11,20,26.000000000000007,0.1523999999999999,87.77726,0
West_SJ,2016,11,21,25.0,0.7619999999999999,93.02492976757576,0
West_SJ,2016,11,22,26.500000000000004,1.27,91.32492,0
West_SJ,2016,11,23,27.0,1.265809817062307,82.586205,0
West_SJ,2016,11,24,28.5,0.0761999999999999,76.03657,0
West_SJ,2016,11,25,28.000000000000004,0.0,75.72464,0
West_SJ,2016,11,26,26.500000000000004,0.3142314061766439,83.09898,0
West_SJ,2016,11,27,27.5,1.5494,71.6225,0
West_SJ,2016,11,28,25.0,1.27,82.82911,0
West_SJ,2016,11,29,26.500000000000004,0.1778,74.09998,0
West_SJ,2016,11,30,26.000000000000007,0.0,81.066536,0
West_SJ,2016,12,1,27.0,0.254,81.92442,0
West_SJ,2016,12,2,27.0,0.0508,82.03575,0
West_SJ,2016,12,3,27.0,0.8382,82.202034,0
West_SJ,2016,12,4,27.5,0.5588,77.80499,0
West_SJ,2016,12,5,28.000000000000004,0.508,77.73886,0
West_SJ,2016,12,6,27.0,1.4731999999999998,78.37758,0
West_SJ,2016,12,7,28.000000000000004,0.2032,69.26481,0
West_SJ,2016,12,8,27.5,0.0,65.60543,0
West_SJ,2016,12,9,27.0,0.7365999999999999,79.45744,0
West_SJ,2016,12,10,27.0,1.3716,80.17447,0
West_SJ,2016,12,11,28.000000000000004,0.3809999999999999,69.952286,0
West_SJ,2016,12,12,27.5,0.1016,69.707085,0
West_SJ,2016,12,13,26.500000000000004,1.3462,81.51473,0
West_SJ,2016,12,14,27.0,0.4064,72.4262,0
West_SJ,2016,12,15,26.500000000000004,0.0,73.93506,0
West_SJ,2016,12,16,26.500000000000004,0.0,78.18541,0
West_SJ,2016,12,17,27.0,1.5748,80.57189,0
West_SJ,2016,12,18,28.000000000000004,1.8288,68.70807,0
West_SJ,2016,12,19,26.500000000000004,0.1016,72.353546,0
West_SJ,2016,12,20,26.000000000000007,2.2606,77.277176,0
West_SJ,2016,12,21,27.0,0.4064,69.03957,0
West_SJ,2016,12,22,26.500000000000004,0.0,70.74473,0
West_SJ,2016,12,23,26.500000000000004,0.127,78.897766,0
West_SJ,2016,12,24,26.500000000000004,1.0668,78.972275,0
West_SJ,2016,12,25,27.0,0.8889999999999999,70.90543,0
West_SJ,2016,12,26,27.5,0.000254,69.59386,0
West_SJ,2016,12,27,27.0,0.2794,68.69602,0
West_SJ,2016,12,28,25.500000000000004,0.0,77.17846,0
West_SJ,2016,12,29,27.0,0.0,66.697845,0
West_SJ,2016,12,30,26.000000000000007,0.0,75.7,0
West_SJ,2016,12,31,25.0,0.0,78.47729,0
West_SJ,2017,1,1,27.0,0.3302,71.14455,0
West_SJ,2017,1,2,27.0,0.0761999999999999,68.38063,0
West_SJ,2017,1,3,26.000000000000007,0.4571999999999999,74.45689,0
West_SJ,2017,1,4,25.0,0.0761999999999999,71.32599,0
West_SJ,2017,1,5,26.500000000000004,0.0,70.257866,0
West_SJ,2017,1,6,26.000000000000007,0.0,74.864075,0
West_SJ,2017,1,7,27.0,0.0508,74.45211,0
West_SJ,2017,1,8,26.000000000000007,0.0,78.0061,0
West_SJ,2017,1,9,25.0,0.0,76.60645,0
West_SJ,2017,1,10,25.500000000000004,0.8382,79.201965,0
West_SJ,2017,1,11,25.0,0.4809097143997577,75.03356,0
West_SJ,2017,1,12,24.5,0.0,59.154137,0
West_SJ,2017,1,13,26.0,0.0,66.52371,0
West_SJ,2017,1,14,24.5,0.1922688607212313,73.104645,0
West_SJ,2017,1,15,26.0,0.0002100052873651,66.29409,0
West_SJ,2017,1,16,26.0,0.0,60.155342,0
West_SJ,2017,1,17,24.5,0.2269916372223771,76.11499,0
West_SJ,2017,1,18,25.500000000000004,0.0732310577311567,66.41713,0
West_SJ,2017,1,19,22.5,0.8345916509752949,68.897644,0
West_SJ,2017,1,20,23.5,0.0,73.0013,0
West_SJ,2017,1,21,23.5,0.0,75.53323,0
West_SJ,2017,1,22,24.5,0.0,71.65897,0
West_SJ,2017,1,23,25.500000000000004,0.0,66.074104,0
West_SJ,2017,1,24,26.500000000000004,0.0,65.195244,0
West_SJ,2017,1,25,25.500000000000004,0.0,75.09835,0
West_SJ,2017,1,26,25.500000000000004,0.0,61.2192,0
West_SJ,2017,1,27,24.5,0.0,74.83274,0
West_SJ,2017,1,28,25.500000000000004,0.0,77.24984,0
West_SJ,2017,1,29,26.000000000000007,0.0,74.894615,0
West_SJ,2017,1,30,25.500000000000004,0.0,77.71178,0
West_SJ,2017,1,31,25.500000000000004,0.3047999999999999,78.69003,0
West_SJ,2017,2,1,26.000000000000007,0.0,79.20881,0
West_SJ,2017,2,2,26.500000000000004,0.0,74.24565,0
West_SJ,2017,2,3,26.000000000000007,1.5494,76.54649,0
West_SJ,2017,2,4,25.0,0.4080604992459661,80.541115,0
West_SJ,2017,2,5,25.500000000000004,0.3185006521400049,75.79433,0
West_SJ,2017,2,6,26.000000000000007,0.0,78.910675,0
West_SJ,2017,2,7,26.500000000000004,0.0,73.51205,0
West_SJ,2017,2,8,26.500000000000004,0.0,70.70242,0
West_SJ,2017,2,9,27.0,0.0,70.184784,0
West_SJ,2017,2,10,25.500000000000004,0.0,77.23517,0
West_SJ,2017,2,11,26.000000000000007,0.0,67.04604,0
West_SJ,2017,2,12,25.0,0.0,75.10449,0
West_SJ,2017,2,13,25.0,0.1016,78.44279,0
West_SJ,2017,2,14,24.5,0.0,74.556,0
West_SJ,2017,2,15,25.0,0.0,69.75862,0
West_SJ,2017,2,16,25.0,0.0,72.77619,0
West_SJ,2017,2,17,25.0,0.0,71.60886,0
West_SJ,2017,2,18,24.5,0.0,72.889,0
West_SJ,2017,2,19,24.5,0.0,78.3497,0
West_SJ,2017,2,20,25.0,1.143,75.97881,0
West_SJ,2017,2,21,24.5,0.127,61.739964,0
West_SJ,2017,2,22,24.0,0.0508,69.89912,0
West_SJ,2017,2,23,24.5,0.0,79.239586,0
West_SJ,2017,2,24,26.500000000000004,0.0,68.54846,0
West_SJ,2017,2,25,25.0,0.0,74.31744,0
West_SJ,2017,2,26,25.500000000000004,0.0646954506323342,74.716446,0
West_SJ,2017,2,27,25.500000000000004,0.0002639399215244,79.94772,0
West_SJ,2017,2,28,26.000000000000007,0.508,75.87781,0
West_SJ,2017,3,1,27.0,0.5588,69.70392,0
West_SJ,2017,3,2,26.500000000000004,0.0508,70.7277,0
West_SJ,2017,3,3,25.500000000000004,0.1016,73.32532,0
West_SJ,2017,3,4,25.500000000000004,0.4826,76.834755,0
West_SJ,2017,3,5,25.500000000000004,0.0271361859018485,72.82728,0
West_SJ,2017,3,6,23.5,1.062152507039926,81.15926,0
West_SJ,2017,3,7,23.5,2.159,76.424805,0
West_SJ,2017,3,8,25.500000000000004,1.0414,78.16702142038042,0
West_SJ,2017,3,9,25.500000000000004,0.3302,70.690765,0
West_SJ,2017,3,10,25.0,0.4064,76.931725,0
West_SJ,2017,3,11,24.5,0.1523999999999999,77.59874,0
West_SJ,2017,3,12,26.000000000000007,0.0,75.00744,0
West_SJ,2017,3,13,26.000000000000007,0.0,69.79724,0
West_SJ,2017,3,14,26.000000000000007,0.0,72.17479,0
West_SJ,2017,3,15,25.0,0.0,73.8079,0
West_SJ,2017,3,16,26.000000000000007,0.1016,71.598366,0
West_SJ,2017,3,17,25.500000000000004,0.0,70.60605,0
West_SJ,2017,3,18,26.0,0.2032,73.82879,0
West_SJ,2017,3,19,24.5,0.3556,79.19918,0
West_SJ,2017,3,20,25.0,0.3302,79.048164,0
West_SJ,2017,3,21,25.500000000000004,0.0761999999999999,81.395004,0
West_SJ,2017,3,22,26.500000000000004,0.2032,74.345406,0
West_SJ,2017,3,23,25.0,0.1523999999999999,83.34416,0
West_SJ,2017,3,24,25.0,2.3368,82.17985,0
West_SJ,2017,3,25,25.0,0.0,74.42246,0
West_SJ,2017,3,26,26.500000000000004,0.0,76.83577,0
West_SJ,2017,3,27,26.500000000000004,0.127,78.06738,0
West_SJ,2017,3,28,26.000000000000007,0.0,79.28505,0
West_SJ,2017,3,29,25.0,1.6509999999999998,78.99348,0
West_SJ,2017,3,30,26.500000000000004,0.0,67.18527,0
West_SJ,2017,3,31,25.500000000000004,0.0,67.98927,0
West_SJ,2017,4,1,26.000000000000007,0.0,76.06021,0
West_SJ,2017,4,2,26.500000000000004,0.0,79.823715,0
West_SJ,2017,4,3,27.0,0.0,72.242256,0
West_SJ,2017,4,4,26.500000000000004,0.0,67.56464,0
West_SJ,2017,4,5,26.000000000000007,0.0,69.21663,0
West_SJ,2017,4,6,26.000000000000007,0.0,70.33958,0
West_SJ,2017,4,7,26.000000000000007,0.0,69.47289,0
West_SJ,2017,4,8,27.0,0.0,71.54475,0
West_SJ,2017,4,9,26.500000000000004,0.0,75.0821,0
West_SJ,2017,4,10,26.000000000000007,0.1523999999999999,80.99732,0
West_SJ,2017,4,11,26.000000000000007,0.9652,73.86966,0
West_SJ,2017,4,12,26.000000000000007,0.0,81.50036,0
West_SJ,2017,4,13,25.0,2.4384,81.479485,0
West_SJ,2017,4,14,25.500000000000004,0.1778,78.294945,0
West_SJ,2017,4,15,25.0,0.254,75.79969,0
West_SJ,2017,4,16,26.500000000000004,0.0,75.48237,0
West_SJ,2017,4,17,25.0,0.9144,84.93235,0
West_SJ,2017,4,18,26.5,2.0828,67.58536,0
West_SJ,2017,4,19,25.500000000000004,0.0,68.34648,0
West_SJ,2017,4,20,25.500000000000004,0.0,69.98776,0
West_SJ,2017,4,21,26.000000000000007,0.000254,69.83264,0
West_SJ,2017,4,22,25.500000000000004,0.0,68.04035,0
West_SJ,2017,4,23,26.500000000000004,0.0,70.483215,0
West_SJ,2017,4,24,27.0,0.2285999999999999,77.38522,0
West_SJ,2017,4,25,28.000000000000004,0.000254,78.010826,0
West_SJ,2017,4,26,26.500000000000004,1.0074702448083,80.43237,0
West_SJ,2017,4,27,27.0,0.0,71.404854,0
West_SJ,2017,4,28,27.0,0.000254,75.81585,0
West_SJ,2017,4,29,25.500000000000004,2.921,83.19539,0
West_SJ,2017,4,30,26.0,0.254,69.64705449216528,0
West_SJ,2017,5,1,25.0,0.2526509147579259,82.438126,0
West_SJ,2017,5,2,26.5,1.7272000000000003,73.36396,0
West_SJ,2017,5,3,26.000000000000007,0.0254,80.21684,0
West_SJ,2017,5,4,28.500000000000007,0.000254,76.999146,0
West_SJ,2017,5,5,28.000000000000004,-0.0490263412959788,74.2047,0
West_SJ,2017,5,6,27.0,0.2794,73.57936,0
West_SJ,2017,5,7,27.0,0.0,74.36906,0
West_SJ,2017,5,8,27.0,0.0,75.37911,0
West_SJ,2017,5,9,26.000000000000007,0.0508,83.73656,0
West_SJ,2017,5,10,26.500000000000004,4.013199999999999,80.63028,0
West_SJ,2017,5,11,26.000000000000007,0.8382,80.05148,0
West_SJ,2017,5,12,26.000000000000007,0.0,77.34958,0
West_SJ,2017,5,13,27.0,0.0,77.14277,0
West_SJ,2017,5,14,28.000000000000004,0.0,76.91481,0
West_SJ,2017,5,15,29.0,0.0,72.00987,0
West_SJ,2017,5,16,29.5,0.0,65.164345,0
West_SJ,2017,5,17,28.5,0.0,76.38896,0
West_SJ,2017,5,18,28.000000000000004,0.0,77.86037,0
West_SJ,2017,5,19,27.5,0.0,75.87487,0
West_SJ,2017,5,20,28.000000000000004,0.0,72.03579,0
West_SJ,2017,5,21,28.000000000000004,0.0,75.74127,0
West_SJ,2017,5,22,27.5,0.0508,79.25602,0
West_SJ,2017,5,23,28.000000000000004,0.0,78.53511,0
West_SJ,2017,5,24,29.0,0.0,70.67703,0
West_SJ,2017,5,25,28.000000000000004,0.0,75.038704,0
West_SJ,2017,5,26,27.0,0.0,78.51426,0
West_SJ,2017,5,27,27.0,1.5748,79.0858,0
West_SJ,2017,5,28,27.0,0.8128,75.89049,0
West_SJ,2017,5,29,27.0,0.4064,83.05981,0
West_SJ,2017,5,30,27.5,1.7779999999999998,81.41553,0
West_SJ,2017,5,31,27.0,0.1016,79.38137,0
West_SJ,2017,6,1,28.000000000000004,0.5588,66.89766,0
West_SJ,2017,6,2,26.500000000000004,0.4064,77.04089,0
West_SJ,2017,6,3,27.5,0.5841999999999999,79.033516,0
West_SJ,2017,6,4,28.5,0.0,79.99517,0
West_SJ,2017,6,5,29.0,0.0,74.92885,0
West_SJ,2017,6,6,28.5,0.0,72.028755,0
West_SJ,2017,6,7,28.5,0.0,73.38883,0
West_SJ,2017,6,8,27.5,0.9398,78.92293,0
West_SJ,2017,6,9,28.000000000000004,0.2794,77.65167,0
West_SJ,2017,6,10,27.5,0.1778,77.28938,0
West_SJ,2017,6,11,28.500000000000007,3.175,68.83941,0
West_SJ,2017,6,12,27.5,0.0,72.73535,0
West_SJ,2017,6,13,28.000000000000004,2.6162,75.339005,0
West_SJ,2017,6,14,28.5,0.0,79.05627,0
West_SJ,2017,6,15,28.5,1.3208,75.424446,0
West_SJ,2017,6,16,28.5,1.0668,72.81871,0
West_SJ,2017,6,17,27.5,0.0,73.82403,0
West_SJ,2017,6,18,28.000000000000004,0.1016,73.04569,0
West_SJ,2017,6,19,27.0,2.54,81.05128,0
West_SJ,2017,6,20,28.000000000000004,1.4224,81.60666,0
West_SJ,2017,6,21,28.000000000000004,0.254,72.86396,0
West_SJ,2017,6,22,29.000000000000004,0.1523999999999999,68.27474,0
West_SJ,2017,6,23,28.000000000000004,0.1523999999999999,71.676605,0
West_SJ,2017,6,24,28.000000000000004,0.0,74.78423,0
West_SJ,2017,6,25,28.000000000000004,1.9304,76.70661,0
West_SJ,2017,6,26,28.5,0.4826,78.3478,0
West_SJ,2017,6,27,29.000000000000004,0.0508,75.86821,0
West_SJ,2017,6,28,28.5,0.2285999999999999,75.2108,0
West_SJ,2017,6,29,28.5,0.0,73.09589,0
West_SJ,2017,6,30,27.5,0.127,80.17792,0
West_SJ,2017,7,1,28.000000000000004,0.5588,76.16605,0
West_SJ,2017,7,2,28.5,0.0,74.700745,0
West_SJ,2017,7,3,28.000000000000004,0.3047999999999999,79.93136,0
West_SJ,2017,7,4,27.5,0.0254,78.820076,0
West_SJ,2017,7,5,28.5,1.6764,79.84071,0
West_SJ,2017,7,6,28.5,0.000254,74.46063,0
West_SJ,2017,7,7,27.0,0.3809999999999999,84.10247,0
West_SJ,2017,7,8,27.5,0.4405008373987308,81.560646,0
West_SJ,2017,7,9,27.5,1.8796,85.93841,0
West_SJ,2017,7,10,29.0,0.0,72.82417,0
West_SJ,2017,7,11,29.0,0.0,74.22346,0
West_SJ,2017,7,12,27.5,0.0,79.25381,0
West_SJ,2017,7,13,27.5,3.3274,79.2117,0
West_SJ,2017,7,14,29.0,0.0,77.51129,0
West_SJ,2017,7,15,28.000000000000004,0.633040045211809,81.2772,0
West_SJ,2017,7,16,28.5,0.2424199535813388,77.43899,0
West_SJ,2017,7,17,27.5,0.9005415079515448,80.24687,0
West_SJ,2017,7,18,28.000000000000004,0.8207076239181236,81.890114,0
West_SJ,2017,7,19,29.5,0.2794,73.44057,0
West_SJ,2017,7,20,28.5,0.0,74.69689,0
West_SJ,2017,7,21,28.000000000000004,0.7365999999999999,74.4794,0
West_SJ,2017,7,22,29.000000000000004,0.8016037549766922,78.49685,0
West_SJ,2017,7,23,29.0,0.635,80.8058,0
West_SJ,2017,7,24,29.000000000000004,0.0,75.7152,0
West_SJ,2017,7,25,29.000000000000004,0.0254,75.41991,0
West_SJ,2017,7,26,28.000000000000004,0.5588,81.624306,0
West_SJ,2017,7,27,28.5,0.9652,80.39325,0
West_SJ,2017,7,28,28.5,0.0,77.48046,0
West_SJ,2017,7,29,29.0,0.0,76.05171,0
West_SJ,2017,7,30,28.5,0.0,72.86966,0
West_SJ,2017,7,31,28.5,0.2032,77.30442,0
West_SJ,2017,8,1,29.5,0.2285999999999999,76.41678,0
West_SJ,2017,8,2,29.000000000000004,0.1778,74.16556,0
West_SJ,2017,8,3,29.5,0.8889999999999999,77.96802,0
West_SJ,2017,8,4,28.000000000000004,0.508,83.19494,0
West_SJ,2017,8,5,28.5,0.7365999999999999,80.24739,0
West_SJ,2017,8,6,28.5,0.1778,74.91089,0
West_SJ,2017,8,7,28.5,1.7779999999999998,76.381096,0
West_SJ,2017,8,8,29.5,0.254,65.58057,0
West_SJ,2017,8,9,29.5,0.0,71.80375,0
West_SJ,2017,8,10,29.0,0.254,74.095276,0
West_SJ,2017,8,11,28.5,0.0254,79.52064,0
West_SJ,2017,8,12,30.0,2.8702,71.96459,0
West_SJ,2017,8,13,29.0,0.0,76.165054,0
West_SJ,2017,8,14,29.5,0.0761999999999999,74.63998,0
West_SJ,2017,8,15,29.0,0.7874,77.80896,0
West_SJ,2017,8,16,28.000000000000004,0.000254,76.45645,0
West_SJ,2017,8,17,26.500000000000004,0.0592742142679376,88.9537,0
West_SJ,2017,8,18,29.0,1.397,74.76934,0
West_SJ,2017,8,19,28.5,0.1523999999999999,83.74165,0
West_SJ,2017,8,20,27.5,1.8034,87.09964,0
West_SJ,2017,8,21,28.5,0.254,78.99755,0
West_SJ,2017,8,22,29.0,0.0,76.79049,0
West_SJ,2017,8,23,29.0,0.1711638444460498,75.924194,0
West_SJ,2017,8,24,28.5,0.0,77.80693,0
West_SJ,2017,8,25,29.5,0.2794,79.762665,0
West_SJ,2017,8,26,29.0,0.1016,75.98149,0
West_SJ,2017,8,27,28.000000000000004,0.4064,81.2418,0
West_SJ,2017,8,28,28.5,0.0761999999999999,79.10734,0
West_SJ,2017,8,29,29.5,0.635,76.379715,0
West_SJ,2017,8,30,29.0,0.3524391756614627,75.050156,0
West_SJ,2017,8,31,29.0,0.0,74.38451,0
West_SJ,2017,9,1,29.0,0.0,72.17889,0
West_SJ,2017,9,2,29.0,0.508,73.84056,0
West_SJ,2017,9,3,28.5,0.127,83.219536,0
West_SJ,2017,9,4,28.5,0.3047999999999999,80.00599,0
West_SJ,2017,9,5,29.0,0.000254,81.49975,0
West_SJ,2017,9,6,26.000000000000007,2.1249817495121834,81.845924,0
West_SJ,2017,9,7,28.5,0.3444359674724866,77.05308,0
West_SJ,2017,9,8,29.0,0.4064,77.638756,0
West_SJ,2017,9,9,28.5,0.0,77.42397,0
West_SJ,2017,9,10,30.0,0.0,66.02295,0
West_SJ,2017,9,11,30.0,0.0,76.956825,0
West_SJ,2017,9,12,30.0,0.0,68.5301,0
West_SJ,2017,9,13,29.5,0.0,77.04002,0
West_SJ,2017,9,14,29.0,0.0,78.732635,0
West_SJ,2017,9,15,29.0,0.508,71.39801,0
West_SJ,2017,9,16,29.0,0.0,73.47529,0
West_SJ,2017,9,17,29.0,0.0,77.949524,0
West_SJ,2017,9,18,28.5,0.4318000000000001,82.187294,0
West_SJ,2017,9,19,29.5,0.2929411579626472,76.8097,0
West_SJ,2017,9,20,27.222222222222225,0.1956702553704066,78.0973768136907,0
West_SJ,2017,9,21,25.55555555555556,0.2042048569928578,72.94883562749446,0
West_SJ,2017,9,22,26.666666666666668,0.1864193547849691,74.74317613359332,0
West_SJ,2017,9,23,28.61111111111111,0.1302769719504153,78.1692736321777,0
West_SJ,2017,9,24,27.446461616577945,0.0705663408366095,77.22055257801645,0
West_SJ,2017,9,25,30.286621833763142,0.0696788118323379,81.95281846259908,0
West_SJ,2017,9,26,26.59299557893834,0.035707930770483,86.59899315928007,0
West_SJ,2017,9,27,28.5,0.0244586921661604,79.2545,0
West_SJ,2017,9,28,28.5,1.3245732118108804,75.726746,0
West_SJ,2017,9,29,28.000000000000004,1.403852264029012,79.34835,0
West_SJ,2017,9,30,26.000000000000007,0.1108772404676846,78.10966,0
West_SJ,2017,10,1,27.0,0.4064,80.4041,0
West_SJ,2017,10,2,28.5,0.1778,76.38704,0
West_SJ,2017,10,3,28.000000000000004,0.0,75.259155,0
West_SJ,2017,10,4,28.000000000000004,0.0,77.69887,0
West_SJ,2017,10,5,29.5,0.0216390642627714,74.323326,0
West_SJ,2017,10,6,28.5,0.2482793896450007,75.94755,0
West_SJ,2017,10,7,28.000000000000004,0.9868815114271112,77.31297,0
West_SJ,2017,10,8,27.0,0.7364270184857907,82.1646,0
West_SJ,2017,10,9,27.0,1.620009795776549,84.92715,0
West_SJ,2017,10,10,27.0,0.2794,84.631836,0
West_SJ,2017,10,11,28.5,0.0281859975031005,79.57162,0
West_SJ,2017,10,12,28.5,0.4073208773872608,82.61404,0
West_SJ,2017,10,13,28.5,0.6064572056450904,78.025215,0
West_SJ,2017,10,14,29.000000000000004,3.6752040108940704,78.45822,0
West_SJ,2017,10,15,28.000000000000004,0.6612125150780768,81.88381,0
West_SJ,2017,10,16,26.000000000000007,2.919461281502314,88.70071,0
West_SJ,2017,10,17,28.5,0.868355108923504,81.86354,0
West_SJ,2017,10,18,28.000000000000004,2.8720862417006483,74.45774,0
West_SJ,2017,10,19,29.000000000000004,0.0,70.423004,0
West_SJ,2017,10,20,28.5,0.3953891349436522,72.352325,0
West_SJ,2017,10,21,28.5,0.3013719337125389,71.74337438706632,0
West_SJ,2017,10,22,29.000000000000004,0.2118919434551392,69.63929,0
West_SJ,2017,10,23,28.20232342584536,0.1834905722003006,68.99060800480923,0
West_SJ,2017,10,24,27.0,0.1796722362731249,71.94894444084316,0
West_SJ,2017,10,25,30.500000000000004,0.1099002037097178,71.53375906774458,0
West_SJ,2017,10,26,26.0,0.0738228309527862,74.88617532806965,0
West_SJ,2017,10,27,27.5,0.1171759625803879,65.81584539063091,0
West_SJ,2017,10,28,24.70003225538965,0.0644788495444021,71.12600445967942,0
West_SJ,2017,10,29,24.902132803665577,0.0301774787885711,64.88525640344221,0
West_SJ,2017,10,30,27.33016715372647,0.0598957386772513,70.39595072474316,0
West_SJ,2017,10,31,27.77777777777778,0.0,68.84560117500115,0
West_SJ,2017,11,1,26.0,0.0,85.27310940502542,0
West_SJ,2017,11,2,27.30051475557033,0.0001237966173696,77.51343730950362,0
West_SJ,2017,11,3,25.09491530547775,0.0,65.95887628728411,0
West_SJ,2017,11,4,26.38888888888889,0.0,61.29535144171157,0
West_SJ,2017,11,5,26.666666666666668,0.0508,60.90152866384485,0
West_SJ,2017,11,6,25.833333333333336,0.3809999999999999,57.81228865833224,0
West_SJ,2017,11,7,27.77777777777778,0.0508,60.86772441950158,0
West_SJ,2017,11,8,26.000000000000007,0.0166183239691105,83.45607,0
West_SJ,2017,11,9,24.722222222222225,0.5588,77.23533927094262,0
West_SJ,2017,11,10,26.38888888888889,1.27,87.19785056390823,0
West_SJ,2017,11,11,26.666666666666668,0.7112,82.11649421662115,0
West_SJ,2017,11,12,26.38888888888889,0.6604,69.2336906429372,0
West_SJ,2017,11,13,26.666666666666668,0.000254,70.59739417242079,0
West_SJ,2017,11,14,27.222222222222225,0.508,70.67826698247191,0
West_SJ,2017,11,15,27.222222222222225,0.0508,79.91472166653239,0
West_SJ,2017,11,16,28.88888888888889,0.254,76.19125766400059,0
West_SJ,2017,11,17,27.77777777777778,0.1778,69.48504997785213,0
West_SJ,2017,11,18,28.88888888888889,0.127,74.18455759723885,0
West_SJ,2017,11,19,25.27777777777778,0.1646171419401422,87.46669212065588,0
West_SJ,2017,11,20,26.38888888888889,2.5908,89.99140345701097,0
West_SJ,2017,11,21,25.833333333333336,0.5334,82.21097799789095,0
West_SJ,2017,11,22,25.55555555555556,0.0,80.04369490965725,0
West_SJ,2017,11,23,26.38888888888889,0.0,64.7746557613011,0
West_SJ,2017,11,24,26.667233897491563,0.0,59.469221858403685,0
West_SJ,2017,11,25,26.944444444444446,0.0508,71.07903053638383,0
West_SJ,2017,11,26,28.05555555555556,0.0,67.00065050490761,0
West_SJ,2017,11,27,27.5,0.0,69.67533209775974,0
West_SJ,2017,11,28,25.55555555555556,0.0,78.95574706031172,0
West_SJ,2017,11,29,26.858039691365363,0.0,78.52907582932119,0
West_SJ,2017,11,30,25.833333333333336,0.0,72.9511876770039,0
West_SJ,2017,12,1,26.666666666666668,0.0,61.30957413719999,0
West_SJ,2017,12,2,27.06067489014,-0.0055368888832089,80.77679095958956,0
West_SJ,2017,12,3,25.55555555555556,0.0,89.44229472626789,0
West_SJ,2017,12,4,28.301546411599308,0.0336613030619546,91.37928610359651,0
West_SJ,2017,12,5,29.521110609869904,0.003365592610103,84.92518222898781,0
West_SJ,2017,12,6,25.859557652683016,0.0149674629753639,89.84490291295617,0
West_SJ,2017,12,7,29.70982431138732,0.0284501197154082,78.43142900461737,0
West_SJ,2017,12,8,26.19699230660791,0.0074823631588744,77.43087949590391,0
West_SJ,2017,12,9,26.765950075011915,0.0077999261112369,74.70043296185459,0
West_SJ,2017,12,10,26.762467139103435,-0.0060080088552564,71.3133979706071,0
West_SJ,2017,12,11,31.96720616413484,0.0476014247998276,75.11975341437524,0
West_SJ,2017,12,12,28.000000000000004,0.0,67.954506,0
West_SJ,2017,12,13,27.0,0.2068751382922763,77.36826,0
West_SJ,2017,12,14,26.500000000000004,0.0,78.69624,0
West_SJ,2017,12,15,27.0,0.0,63.82489028152488,0
West_SJ,2017,12,16,25.833333333333336,0.1778,72.75540566413977,0
West_SJ,2017,12,17,27.0,0.0,69.47195,0
West_SJ,2017,12,18,26.000000000000007,0.7874,77.61573,0
West_SJ,2017,12,19,27.5,0.8382,72.34607,0
West_SJ,2017,12,20,26.500000000000004,0.1016,73.70963,0
West_SJ,2017,12,21,27.0,0.3302,69.73992,0
West_SJ,2017,12,22,27.0,0.1523999999999999,76.961044,0
West_SJ,2017,12,23,26.000000000000007,0.3809999999999999,75.34554,0
West_SJ,2017,12,24,26.500000000000004,0.5588,74.23358,0
West_SJ,2017,12,25,26.500000000000004,1.3208,73.21441,0
West_SJ,2017,12,26,26.500000000000004,0.3302,74.56029,0
West_SJ,2017,12,27,25.0,0.6604,75.864746,0
West_SJ,2017,12,28,25.0,0.8636000000000001,81.35327,0
West_SJ,2017,12,29,28.500000000000007,0.6858,73.72212,0
West_SJ,2017,12,30,25.0,0.3302,74.823814,0
West_SJ,2017,12,31,25.0,0.1523999999999999,81.20295,0
West_SJ,2018,1,1,26.000000000000007,0.0,74.92491,0
West_SJ,2018,1,2,25.500000000000004,0.0,68.26661,0
West_SJ,2018,1,3,25.0,0.0,75.56229,0
West_SJ,2018,1,4,27.0,0.0,72.25771,0
West_SJ,2018,1,5,26.500000000000004,0.0,79.53715,0
West_SJ,2018,1,6,26.000000000000007,0.2032,76.61542,0
West_SJ,2018,1,7,27.0,0.0,72.02457,0
West_SJ,2018,1,8,26.500000000000004,0.0,71.04197,0
West_SJ,2018,1,9,26.500000000000004,0.000254,73.52395,0
West_SJ,2018,1,10,26.000000000000007,0.0,81.41817,0
West_SJ,2018,1,11,26.500000000000004,0.508,75.971664,0
West_SJ,2018,1,12,26.500000000000004,0.0508,74.170746,0
West_SJ,2018,1,13,26.000000000000007,0.000254,81.4061,0
West_SJ,2018,1,14,25.500000000000004,0.4826,77.60242,0
West_SJ,2018,1,15,25.0,0.635,80.607635,0
West_SJ,2018,1,16,25.500000000000004,0.8889999999999999,80.6411,0
West_SJ,2018,1,17,26.000000000000007,0.8382,79.34076,0
West_SJ,2018,1,18,25.500000000000004,0.0761999999999999,79.676865,0
West_SJ,2018,1,19,26.000000000000007,0.0,80.503365,0
West_SJ,2018,1,20,26.000000000000007,0.0508,75.5204,0
West_SJ,2018,1,21,26.000000000000007,0.0,74.57059,0
West_SJ,2018,1,22,25.500000000000004,0.0761999999999999,79.060356,0
West_SJ,2018,1,23,25.500000000000004,0.254,80.15701,0
West_SJ,2018,1,24,26.000000000000007,1.5239999999999998,79.61429,0
West_SJ,2018,1,25,25.500000000000004,2.286,75.876,0
West_SJ,2018,1,26,26.0,0.0,71.17383,0
West_SJ,2018,1,27,25.0,0.5588,78.27711,0
West_SJ,2018,1,28,25.0,1.397,77.65896,0
West_SJ,2018,1,29,26.0,1.6001999999999998,68.886284,0
West_SJ,2018,1,30,25.500000000000004,0.0508,69.01924,0
West_SJ,2018,1,31,24.5,0.000254,67.070854,0
West_SJ,2018,2,1,26.0,0.0,65.23816915889903,0
West_SJ,2018,2,2,25.500000000000004,0.3302,69.10751,0
West_SJ,2018,2,3,25.0,0.0761999999999999,66.2054,0
West_SJ,2018,2,4,24.5,0.0,70.928856,0
West_SJ,2018,2,5,25.0,0.3809999999999999,72.08202,0
West_SJ,2018,2,6,25.500000000000004,0.2032,76.17079,0
West_SJ,2018,2,7,26.0,0.2794,68.325966,0
West_SJ,2018,2,8,25.500000000000004,0.2032,73.57273,0
West_SJ,2018,2,9,25.500000000000004,0.0508,76.20521,0
West_SJ,2018,2,10,26.0,0.6095999999999999,71.22553,0
West_SJ,2018,2,11,25.0,0.0761999999999999,71.58246,0
West_SJ,2018,2,12,25.0,0.9652,66.05591,0
West_SJ,2018,2,13,26.0,0.7112,68.27495,0
West_SJ,2018,2,14,26.0,0.3047999999999999,67.30329,0
West_SJ,2018,2,15,25.500000000000004,0.1016,69.781456,0
West_SJ,2018,2,16,25.0,3.0988,73.60616,0
West_SJ,2018,2,17,26.0,1.0414,67.24705,0
West_SJ,2018,2,18,24.5,0.2794,75.0017,0
West_SJ,2018,2,19,25.500000000000004,0.254,65.689545,0
West_SJ,2018,2,20,26.0,0.4826,67.12568,0
West_SJ,2018,2,21,24.0,0.127,74.878586,0
West_SJ,2018,2,22,25.500000000000004,1.5748,66.0321,0
West_SJ,2018,2,23,25.500000000000004,0.254,64.469025,0
West_SJ,2018,2,24,24.0,0.508,76.82411,0
West_SJ,2018,2,25,24.0,2.5908,80.413666,0
West_SJ,2018,2,26,24.5,2.6102612840748267,76.48705,0
West_SJ,2018,2,27,24.5,0.0761999999999999,77.8546,0
West_SJ,2018,2,28,24.5,0.0,77.3102,0
West_SJ,2018,3,1,25.0,0.8382,70.97093,0
West_SJ,2018,3,2,24.5,0.0,75.022865,0
West_SJ,2018,3,3,24.5,0.0,75.54404,0
West_SJ,2018,3,4,23.000000000000004,0.0,81.19761,0
West_SJ,2018,3,5,23.5,0.8889999999999999,67.76972,0
West_SJ,2018,3,6,24.0,0.127,63.85211,0
West_SJ,2018,3,7,23.5,0.0,67.03889,0
West_SJ,2018,3,8,26.000000000000007,0.0,72.08461,0
West_SJ,2018,3,9,27.5,0.0,67.53582,0
West_SJ,2018,3,10,26.500000000000004,0.0,78.49894,0
West_SJ,2018,3,11,27.0,0.0,67.61233,0
West_SJ,2018,3,12,26.000000000000007,0.0,69.44037,0
West_SJ,2018,3,13,27.0,0.0,67.86785,0
West_SJ,2018,3,14,27.0,0.0,68.59048,0
West_SJ,2018,3,15,26.000000000000007,0.0,73.75231,0
West_SJ,2018,3,16,26.500000000000004,0.0,65.228,0
West_SJ,2018,3,17,26.000000000000007,0.0,76.151825,0
West_SJ,2018,3,18,26.000000000000007,0.0,74.671295,0
West_SJ,2018,3,19,25.500000000000004,0.0,75.22559,0
West_SJ,2018,3,20,26.000000000000007,0.0,70.88883,0
West_SJ,2018,3,21,26.000000000000007,0.1016,74.54643,0
West_SJ,2018,3,22,27.0,0.0,73.75648,0
West_SJ,2018,3,23,27.0,0.0,74.59052,0
West_SJ,2018,3,24,25.500000000000004,0.0,77.96268,0
West_SJ,2018,3,25,24.5,1.143,84.34369,0
West_SJ,2018,3,26,25.500000000000004,0.4318000000000001,77.45849,0
West_SJ,2018,3,27,25.0,0.1523999999999999,81.23638,0
West_SJ,2018,3,28,26.0,0.0254,69.613754,0
West_SJ,2018,3,29,25.0,0.0,59.674168,0
West_SJ,2018,3,30,25.500000000000004,0.0,64.24057096740056,0
West_SJ,2018,3,31,25.0,0.0508,68.18129,0
West_SJ,2018,4,1,25.0,0.1778,73.65106,0
West_SJ,2018,4,2,26.500000000000004,0.0,71.06318,0
West_SJ,2018,4,3,25.500000000000004,0.0,70.8615,0
West_SJ,2018,4,4,24.5,0.0,83.44616,0
West_SJ,2018,4,5,26.000000000000007,0.0,77.05534,0
West_SJ,2018,4,6,26.000000000000007,0.0,75.35314,0
West_SJ,2018,4,7,26.000000000000007,0.0,77.99847,0
West_SJ,2018,4,8,26.500000000000004,0.0254,75.27222,0
West_SJ,2018,4,9,27.0,0.0,72.47574,0
West_SJ,2018,4,10,27.0,0.0,71.89146,0
West_SJ,2018,4,11,25.500000000000004,0.3556,76.31626,0
West_SJ,2018,4,12,26.000000000000007,0.0508,75.631546,0
West_SJ,2018,4,13,26.500000000000004,1.016,71.27293,0
West_SJ,2018,4,14,25.500000000000004,0.9906,72.89152,0
West_SJ,2018,4,15,26.000000000000007,0.3302,70.5251,0
West_SJ,2018,4,16,26.000000000000007,0.0,77.69741,0
West_SJ,2018,4,17,25.0,0.069674466833404,82.03879,0
West_SJ,2018,4,18,26.500000000000004,0.2032,76.809425,0
West_SJ,2018,4,19,27.0,0.0,71.53334,0
West_SJ,2018,4,20,26.0,2.6416,77.9448,0
West_SJ,2018,4,21,26.000000000000007,2.3622,81.569016,0
West_SJ,2018,4,22,26.500000000000004,0.1016,69.73509,0
West_SJ,2018,4,23,25.500000000000004,0.127,81.42875,0
West_SJ,2018,4,24,26.500000000000004,2.3622,71.67786,0
West_SJ,2018,4,25,27.0,0.0,71.02679,0
West_SJ,2018,4,26,27.0,0.0,75.74932,0
West_SJ,2018,4,27,27.0,1.0921999999999998,71.00805,0
West_SJ,2018,4,28,27.0,0.0,69.59345,0
West_SJ,2018,4,29,27.0,0.0,69.320435,0
West_SJ,2018,4,30,27.0,0.3809999999999999,67.90751,0
West_SJ,2018,5,1,26.500000000000004,0.0,73.19865,0
West_SJ,2018,5,2,27.0,0.7619999999999999,70.65408,0
West_SJ,2018,5,3,26.000000000000007,0.0,76.72142,0
West_SJ,2018,5,4,27.0,0.8889999999999999,75.65216,0
West_SJ,2018,5,5,27.5,0.3047999999999999,73.72253,0
West_SJ,2018,5,6,26.000000000000007,1.2954,75.86524,0
West_SJ,2018,5,7,26.500000000000004,0.0,71.49622,0
West_SJ,2018,5,8,26.000000000000007,0.2285999999999999,71.7323,0
West_SJ,2018,5,9,26.000000000000007,1.016,76.092415,0
West_SJ,2018,5,10,26.500000000000004,1.4224,68.52181,0
West_SJ,2018,5,11,25.0,0.0,87.91756780638197,0
West_SJ,2018,5,12,25.27777777777778,0.5588,85.33626085233118,0
West_SJ,2018,5,13,25.490857322795783,3.429,67.89253000878404,0
West_SJ,2018,5,14,26.666666666666668,0.0,59.88355066956983,0
West_SJ,2018,5,15,27.0,0.0,65.281075,0
West_SJ,2018,5,16,26.500000000000004,0.0,70.18279,0
West_SJ,2018,5,17,27.0,0.8636000000000001,71.71351,0
West_SJ,2018,5,18,27.0,0.3556,69.6225,0
West_SJ,2018,5,19,26.500000000000004,1.3462,79.004814,0
West_SJ,2018,5,20,26.500000000000004,1.0414,77.56506,0
West_SJ,2018,5,21,25.500000000000004,0.2032,76.04929,0
West_SJ,2018,5,22,26.500000000000004,0.4064,77.06307,0
West_SJ,2018,5,23,27.0,0.0254,75.25358,0
West_SJ,2018,5,24,27.5,0.02036608481385,75.18221,0
West_SJ,2018,5,25,25.0,1.7525999999999995,82.79031,0
West_SJ,2018,5,26,26.500000000000004,1.0921999999999998,77.827736,0
West_SJ,2018,5,27,26.500000000000004,0.000254,65.59717136937357,0
West_SJ,2018,5,28,26.944444444444446,1.2191999999999998,63.16818935398601,0
West_SJ,2018,5,29,27.5,0.3556,68.291520374411,0
West_SJ,2018,5,30,28.000000000000004,0.000254,77.5361288685042,0
West_SJ,2018,5,31,27.5,0.0042982256218681,74.54253,0
West_SJ,2018,6,1,27.5,0.0,72.7552,0
West_SJ,2018,6,2,28.5,0.0,73.16899,0
West_SJ,2018,6,3,28.000000000000004,0.0,71.27216,0
West_SJ,2018,6,4,27.5,0.0,70.9332,0
West_SJ,2018,6,5,28.000000000000004,0.0,68.252846,0
West_SJ,2018,6,6,28.000000000000004,0.0,73.87164,0
West_SJ,2018,6,7,28.5,0.0,74.095474,0
West_SJ,2018,6,8,25.500000000000004,0.0,72.543465,0
West_SJ,2018,6,9,27.0,0.1523999999999999,74.31313,0
West_SJ,2018,6,10,27.5,0.1016,74.35714,0
West_SJ,2018,6,11,28.5,0.1253588005894333,72.389565,0
West_SJ,2018,6,12,28.5,0.1523999999999999,74.20238,0
West_SJ,2018,6,13,28.5,0.0,75.62399,0
West_SJ,2018,6,14,28.5,0.0,71.1849,0
West_SJ,2018,6,15,27.5,0.0,73.69327,0
West_SJ,2018,6,16,27.5,0.2032,71.64736,0
West_SJ,2018,6,17,29.0,0.0,70.946014,0
West_SJ,2018,6,18,28.000000000000004,0.0,74.87239,0
West_SJ,2018,6,19,28.5,0.0,77.293365,0
West_SJ,2018,6,20,29.0,0.0,70.02264,0
West_SJ,2018,6,21,28.000000000000004,0.127,72.35673,0
West_SJ,2018,6,22,28.000000000000004,0.0,73.37325,0
West_SJ,2018,6,23,24.0,0.8636000000000001,85.33224,0
West_SJ,2018,6,24,28.000000000000004,2.3368,74.45061,0
West_SJ,2018,6,25,28.000000000000004,0.0,71.62029,0
West_SJ,2018,6,26,28.000000000000004,0.0,74.375084,0
West_SJ,2018,6,27,28.000000000000004,0.0508,74.41286,0
West_SJ,2018,6,28,27.0,0.0,75.060425,0
West_SJ,2018,6,29,28.5,0.6095999999999999,75.59317,0
West_SJ,2018,6,30,28.5,0.0,72.82176,0
West_SJ,2018,7,1,27.5,0.0,75.702095,0
West_SJ,2018,7,2,28.000000000000004,0.0,76.399,0
West_SJ,2018,7,3,28.5,0.0,69.86879,0
West_SJ,2018,7,4,28.5,0.0,72.10457,0
West_SJ,2018,7,5,28.5,0.0,72.890816,0
West_SJ,2018,7,6,28.5,0.1016,70.905914,0
West_SJ,2018,7,7,28.5,0.0,71.78904,0
West_SJ,2018,7,8,28.5,0.0,76.54914,0
West_SJ,2018,7,9,26.000000000000007,1.3716,85.679115,0
West_SJ,2018,7,10,29.0,2.794,72.62128,0
West_SJ,2018,7,11,28.5,0.000254,79.301575,0
West_SJ,2018,7,12,28.5,0.0,67.35973,0
West_SJ,2018,7,13,28.000000000000004,0.0,71.55071,0
West_SJ,2018,7,14,28.000000000000004,0.4285003049593608,72.597206,0
West_SJ,2018,7,15,28.5,0.1321229988381233,78.327576,0
West_SJ,2018,7,16,28.000000000000004,1.8691086008991271,79.12803,0
West_SJ,2018,7,17,28.5,0.0,74.64677,0
West_SJ,2018,7,18,29.000000000000004,0.0,72.38723,0
West_SJ,2018,7,19,28.000000000000004,0.9906,81.47981,0
West_SJ,2018,7,20,29.0,1.5494,74.683784,0
West_SJ,2018,7,21,28.5,0.0,73.62883,0
West_SJ,2018,7,22,28.5,0.0,72.14333,0
West_SJ,2018,7,23,28.5,0.1778,69.10853,0
West_SJ,2018,7,24,28.000000000000004,0.0508,78.0548,0
West_SJ,2018,7,25,27.5,0.4571999999999999,80.41653,0
West_SJ,2018,7,26,26.500000000000004,2.5654,77.24148,0
West_SJ,2018,7,27,29.0,0.4318000000000001,71.625275,0
West_SJ,2018,7,28,28.5,0.0,71.74896,0
West_SJ,2018,7,29,28.000000000000004,0.1016,75.4342,0
West_SJ,2018,7,30,29.000000000000004,0.0,74.66401,0
West_SJ,2018,7,31,28.5,0.1016,74.37682,0
West_SJ,2018,8,1,28.000000000000004,0.4571999999999999,75.41176,0
West_SJ,2018,8,2,28.000000000000004,0.0,71.47704,0
West_SJ,2018,8,3,28.5,0.0,71.253174,0
West_SJ,2018,8,4,29.000000000000004,0.0,74.792206,0
West_SJ,2018,8,5,28.000000000000004,0.2794,77.28157,0
West_SJ,2018,8,6,28.000000000000004,0.254,79.20902,0
West_SJ,2018,8,7,29.0,0.0,76.23677,0
West_SJ,2018,8,8,28.5,0.0,73.16818,0
West_SJ,2018,8,9,28.5,0.0,70.07565,0
West_SJ,2018,8,10,28.000000000000004,0.0,72.27373,0
West_SJ,2018,8,11,29.0,0.0,73.16286,0
West_SJ,2018,8,12,29.000000000000004,0.254,70.39091,0
West_SJ,2018,8,13,28.5,0.5588,74.06492,0
West_SJ,2018,8,14,29.0,0.5334,73.319305,0
West_SJ,2018,8,15,28.5,0.0254,74.23939,0
West_SJ,2018,8,16,28.5,0.5587571083789421,77.99721,0
West_SJ,2018,8,17,28.000000000000004,0.0,77.851585,0
West_SJ,2018,8,18,28.000000000000004,0.7874,78.139206,0
West_SJ,2018,8,19,28.000000000000004,0.3779458974679271,70.010605,0
West_SJ,2018,8,20,28.5,0.0,73.92335,0
West_SJ,2018,8,21,28.5,4.013199999999999,73.50816,0
West_SJ,2018,8,22,29.0,0.0,74.40834,0
West_SJ,2018,8,23,28.5,0.0,70.01348,0
West_SJ,2018,8,24,27.5,0.4571999999999999,78.01483,0
West_SJ,2018,8,25,28.000000000000004,0.9652,74.1563,0
West_SJ,2018,8,26,28.000000000000004,0.6858,77.36837,0
West_SJ,2018,8,27,27.5,2.667,76.675415,0
West_SJ,2018,8,28,28.000000000000004,3.6068,82.26025,0
West_SJ,2018,8,29,28.5,0.635,77.2992,0
West_SJ,2018,8,30,25.500000000000004,1.0921999999999998,84.409386,0
West_SJ,2018,8,31,29.0,1.1396401999108197,70.18758,0
West_SJ,2018,9,1,28.000000000000004,0.1523999999999999,74.79901,0
West_SJ,2018,9,2,28.5,0.4064,72.25625,0
West_SJ,2018,9,3,28.000000000000004,2.032,81.95622,0
West_SJ,2018,9,4,28.000000000000004,0.7874,76.92923,0
West_SJ,2018,9,5,29.0,0.0,77.35618,0
West_SJ,2018,9,6,28.5,0.8889999999999999,75.83765,0
West_SJ,2018,9,7,28.000000000000004,0.0,75.81146,0
West_SJ,2018,9,8,28.000000000000004,0.0,76.37262,0
West_SJ,2018,9,9,28.000000000000004,0.1016,76.99107,0
West_SJ,2018,9,10,28.5,0.0,72.845215,0
West_SJ,2018,9,11,29.0,0.0,74.41127,0
West_SJ,2018,9,12,28.5,0.0,76.71238,0
West_SJ,2018,9,13,29.5,0.2285999999999999,74.420715,0
West_SJ,2018,9,14,26.500000000000004,0.5841999999999999,77.80293,0
West_SJ,2018,9,15,29.5,0.7874,74.13584,0
West_SJ,2018,9,16,28.000000000000004,1.5494,78.175934,0
West_SJ,2018,9,17,29.0,1.4731999999999998,74.40339,0
West_SJ,2018,9,18,29.0,0.0,78.516815,0
West_SJ,2018,9,19,29.5,1.2954,76.48399,0
West_SJ,2018,9,20,29.0,0.127,71.66705,0
West_SJ,2018,9,21,29.0,0.0508,74.60495,0
West_SJ,2018,9,22,28.000000000000004,0.0761999999999999,77.02517,0
West_SJ,2018,9,23,28.5,0.0,75.88059,0
West_SJ,2018,9,24,28.5,1.8796,74.5491,0
West_SJ,2018,9,25,27.5,1.2191999999999998,80.203354,0
West_SJ,2018,9,26,28.5,1.6001999999999998,76.76238,0
West_SJ,2018,9,27,28.000000000000004,0.508,78.3637,0
West_SJ,2018,9,28,28.5,0.9906,78.375534,0
West_SJ,2018,9,29,28.000000000000004,0.9398,77.32838,0
West_SJ,2018,9,30,27.5,0.2032,77.25311,0
West_SJ,2018,10,1,28.000000000000004,0.7112,75.53865,0
West_SJ,2018,10,2,27.5,0.0,71.61392,0
West_SJ,2018,10,3,27.0,0.0,75.44162,0
West_SJ,2018,10,4,27.5,1.7272000000000003,82.20368,0
West_SJ,2018,10,5,27.5,0.4318000000000001,82.06686,0
West_SJ,2018,10,6,26.500000000000004,1.2191999999999998,81.138626,0
West_SJ,2018,10,7,27.0,1.0414,82.99727,0
West_SJ,2018,10,8,29.0,0.1778,77.42234,0
West_SJ,2018,10,9,27.5,0.0508,79.75295,0
West_SJ,2018,10,10,28.000000000000004,1.6001999999999998,75.197815,0
West_SJ,2018,10,11,27.5,0.0,78.658226,0
West_SJ,2018,10,12,27.0,2.3876,80.430046,0
West_SJ,2018,10,13,26.000000000000007,2.4070827037710427,82.08853,0
West_SJ,2018,10,14,27.5,0.1016,76.94539,0
West_SJ,2018,10,15,26.500000000000004,0.0508,85.183945,0
West_SJ,2018,10,16,27.0,0.5334,84.25147,0
West_SJ,2018,10,17,28.000000000000004,1.7525999999999995,81.630615,0
West_SJ,2018,10,18,28.000000000000004,1.0414,73.62984,0
West_SJ,2018,10,19,28.000000000000004,0.3556,74.651764,0
West_SJ,2018,10,20,28.5,0.4064,73.75891,0
West_SJ,2018,10,21,27.5,0.0761999999999999,77.516754,0
West_SJ,2018,10,22,28.000000000000004,0.3047999999999999,79.88975,0
West_SJ,2018,10,23,27.5,1.5494,79.403336,0
West_SJ,2018,10,24,27.5,0.3047999999999999,77.92475,0
West_SJ,2018,10,25,27.5,0.0,78.03368,0
West_SJ,2018,10,26,28.5,0.0,70.45536,0
West_SJ,2018,10,27,28.000000000000004,0.0,73.15816,0
West_SJ,2018,10,28,28.000000000000004,0.2032,72.230995,0
West_SJ,2018,10,29,27.0,0.3302,75.89327,0
West_SJ,2018,10,30,27.0,0.0,74.35983,0
West_SJ,2018,10,31,27.5,0.0508,70.24715,0
West_SJ,2018,11,1,27.5,0.0708495304038102,79.055664,0
West_SJ,2018,11,2,27.0,0.0254,81.58218,0
West_SJ,2018,11,3,27.5,2.1082,70.99816,0
West_SJ,2018,11,4,24.0,3.1496,89.520134,0
West_SJ,2018,11,5,26.000000000000007,2.3368,81.72012,0
West_SJ,2018,11,6,26.500000000000004,0.7112,83.27256,0
West_SJ,2018,11,7,26.500000000000004,0.0761999999999999,82.06211,0
West_SJ,2018,11,8,26.500000000000004,1.2446,84.203026,0
West_SJ,2018,11,9,28.000000000000004,0.0,81.39893,0
West_SJ,2018,11,10,28.000000000000004,0.0,80.10787,0
West_SJ,2018,11,11,27.5,3.302,79.20302,0
West_SJ,2018,11,12,27.0,1.5748,81.06698,0
West_SJ,2018,11,13,26.500000000000004,1.0921999999999998,81.91871,0
West_SJ,2018,11,14,26.5,1.6256,82.08308,0
West_SJ,2018,11,15,27.0,0.4826,80.23383,0
West_SJ,2018,11,16,27.0,0.1523999999999999,78.59579,0
West_SJ,2018,11,17,28.000000000000004,0.4571999999999999,74.48791,0
West_SJ,2018,11,18,27.0,0.0,73.748085,0
West_SJ,2018,11,19,26.500000000000004,0.0,74.1706,0
West_SJ,2018,11,20,27.0,0.1523999999999999,70.99334,0
West_SJ,2018,11,21,27.5,0.1016,71.351456,0
West_SJ,2018,11,22,27.5,0.0,72.5369,0
West_SJ,2018,11,23,26.500000000000004,0.0,74.18611,0
West_SJ,2018,11,24,27.0,0.0,73.18125,0
West_SJ,2018,11,25,27.0,0.0,79.31564,0
West_SJ,2018,11,26,27.0,0.0,80.32584,0
West_SJ,2018,11,27,27.0,0.0,77.26017,0
West_SJ,2018,11,28,27.0,0.0761999999999999,74.74651,0
West_SJ,2018,11,29,26.500000000000004,0.0,68.25331,0
West_SJ,2018,11,30,26.500000000000004,0.3904044333006835,74.98054,0
West_SJ,2018,12,1,26.500000000000004,0.0,74.72744,0
West_SJ,2018,12,2,26.500000000000004,0.0,73.40735,0
West_SJ,2018,12,3,26.500000000000004,0.0,78.57718,0
West_SJ,2018,12,4,27.0,0.0,72.00381,0
West_SJ,2018,12,5,27.0,0.6837702901227484,72.72361,0
West_SJ,2018,12,6,26.500000000000004,1.2687557335754769,74.228745,0
West_SJ,2018,12,7,27.0,0.0,75.75754,0
West_SJ,2018,12,8,27.0,0.0,75.276115,0
West_SJ,2018,12,9,26.000000000000007,0.0,69.48705,0
West_SJ,2018,12,10,27.0,0.0,68.51944,0
West_SJ,2018,12,11,27.5,0.0,68.5416,0
West_SJ,2018,12,12,25.500000000000004,0.0,76.94349,0
West_SJ,2018,12,13,26.500000000000004,0.0,73.1275,0
West_SJ,2018,12,14,26.500000000000004,0.3047999999999999,79.13131,0
West_SJ,2018,12,15,27.0,0.0,70.65847,0
West_SJ,2018,12,16,26.500000000000004,0.1523999999999999,75.33954,0
West_SJ,2018,12,17,26.000000000000007,0.0254,70.358536,0
West_SJ,2018,12,18,25.500000000000004,0.0,71.69463,0
West_SJ,2018,12,19,25.0,0.0,78.59721,0
West_SJ,2018,12,20,26.000000000000007,0.0,73.67867,0
West_SJ,2018,12,21,26.000000000000007,0.0,72.35546,0
West_SJ,2018,12,22,25.0,0.0,82.95121,0
West_SJ,2018,12,23,26.500000000000004,0.9398,77.63321,0
West_SJ,2018,12,24,25.500000000000004,0.1523999999999999,75.23376,0
West_SJ,2018,12,25,25.0,0.1016,74.6706,0
West_SJ,2018,12,26,25.500000000000004,0.2032,72.276764,0
West_SJ,2018,12,27,26.000000000000007,0.1016,74.37327,0
West_SJ,2018,12,28,25.0,0.6604,75.47041,0
West_SJ,2018,12,29,25.0,2.5654,70.92356,0
West_SJ,2018,12,30,26.500000000000004,0.4826,61.877796,0
West_SJ,2018,12,31,25.500000000000004,0.4064,74.25067,0
West_SJ,2019,1,1,25.500000000000004,0.5334,69.92613,0
West_SJ,2019,1,2,26.500000000000004,0.0508,67.91531,0
West_SJ,2019,1,3,26.500000000000004,0.4318000000000001,69.68924,0
West_SJ,2019,1,4,26.500000000000004,0.0,72.05124,0
West_SJ,2019,1,5,25.500000000000004,0.0,73.99111,0
West_SJ,2019,1,6,25.500000000000004,0.3813310871573821,75.23999,0
West_SJ,2019,1,7,25.500000000000004,0.0,76.029366,0
West_SJ,2019,1,8,25.500000000000004,0.2356381279030485,64.26782,0
West_SJ,2019,1,9,25.0,0.0,71.888794,0
West_SJ,2019,1,10,24.5,0.0209649336751519,77.443115,0
West_SJ,2019,1,11,25.500000000000004,0.0,75.65599,0
West_SJ,2019,1,12,24.0,0.1523999999999999,79.32592,0
West_SJ,2019,1,13,25.500000000000004,0.2285999999999999,78.36923,0
West_SJ,2019,1,14,25.0,0.1016,72.81825,0
West_SJ,2019,1,15,24.5,0.0,70.20706,0
West_SJ,2019,1,16,24.5,0.0,75.14137,0
West_SJ,2019,1,17,24.0,0.0,79.76243,0
West_SJ,2019,1,18,24.0,0.5334,77.75816,0
West_SJ,2019,1,19,24.0,0.0,76.219894,0
West_SJ,2019,1,20,25.0,0.0,69.83874,0
West_SJ,2019,1,21,24.5,0.0,78.48945,0
West_SJ,2019,1,22,25.500000000000004,0.0,79.27098,0
West_SJ,2019,1,23,25.500000000000004,1.1176,73.91275,0
West_SJ,2019,1,24,25.500000000000004,1.397,78.50536,0
West_SJ,2019,1,25,23.5,0.1778,88.26526,0
West_SJ,2019,1,26,24.0,0.2032,76.024864,0
West_SJ,2019,1,27,24.5,0.0,73.96058,0
West_SJ,2019,1,28,25.500000000000004,0.0,73.94515,0
West_SJ,2019,1,29,25.500000000000004,0.0,67.66933,0
West_SJ,2019,1,30,25.500000000000004,0.0,72.91542,0
West_SJ,2019,1,31,24.5,0.2032,76.343834,0
West_SJ,2019,2,1,24.5,0.1778,73.07315,0
West_SJ,2019,2,2,25.0,0.127,69.649,0
West_SJ,2019,2,3,24.5,0.9977070874789216,77.07811,0
West_SJ,2019,2,4,24.5,0.2035749665684463,76.03839,0
West_SJ,2019,2,5,25.0,0.0,77.142845,0
West_SJ,2019,2,6,24.5,0.0,79.80702,0
West_SJ,2019,2,7,24.5,0.3556,80.11311,0
West_SJ,2019,2,8,26.0,0.2032,74.21412,0
West_SJ,2019,2,9,26.0,0.2285999999999999,74.15139,0
West_SJ,2019,2,10,26.0,1.27,74.66471,0
West_SJ,2019,2,11,25.0,0.2285999999999999,72.073395,0
West_SJ,2019,2,12,25.0,0.0508,73.17538,0
West_SJ,2019,2,13,25.500000000000004,0.0,70.50513,0
West_SJ,2019,2,14,25.0,0.6363476490220714,79.87019,0
West_SJ,2019,2,15,25.500000000000004,0.254,77.35271,0
West_SJ,2019,2,16,26.500000000000004,0.0,73.774216,0
West_SJ,2019,2,17,26.500000000000004,0.127,77.96675,0
West_SJ,2019,2,18,25.500000000000004,0.254,75.09662,0
West_SJ,2019,2,19,25.0,0.0508,70.82212,0
West_SJ,2019,2,20,24.0,0.3047999999999999,86.83277,0
West_SJ,2019,2,21,25.0,0.3556,71.33469,0
West_SJ,2019,2,22,26.0,0.1778,72.58606,0
West_SJ,2019,2,23,26.0,0.1523999999999999,64.76998,0
West_SJ,2019,2,24,25.0,0.2032,70.69632,0
West_SJ,2019,2,25,25.0,0.0,71.91569,0
West_SJ,2019,2,26,26.0,0.0,70.70245,0
West_SJ,2019,2,27,25.0,0.5334,75.065765,0
West_SJ,2019,2,28,25.500000000000004,0.7874,78.33911,0
West_SJ,2019,3,1,25.500000000000004,1.8796,76.59895,0
West_SJ,2019,3,2,25.500000000000004,0.0761999999999999,72.84686,0
West_SJ,2019,3,3,25.0,0.0,71.50278,0
West_SJ,2019,3,4,25.0,0.0,76.33616,0
West_SJ,2019,3,5,25.0,0.2285999999999999,75.45901,0
West_SJ,2019,3,6,25.0,0.5334,77.55904,0
West_SJ,2019,3,7,25.500000000000004,0.0,77.48901,0
West_SJ,2019,3,8,25.500000000000004,0.0,70.21215,0
West_SJ,2019,3,9,25.0,0.4318000000000001,76.20013,0
West_SJ,2019,3,10,26.500000000000004,0.1778,69.34251,0
West_SJ,2019,3,11,25.500000000000004,0.2794,72.96685,0
West_SJ,2019,3,12,25.0,1.5239999999999998,75.40346,0
West_SJ,2019,3,13,24.5,0.3369008711127793,76.95592,0
West_SJ,2019,3,14,25.0,1.410183943845689,80.49408,0
West_SJ,2019,3,15,25.500000000000004,0.0,73.55472,0
West_SJ,2019,3,16,26.0,0.0,64.40497,0
West_SJ,2019,3,17,25.0,0.0,73.45844,0
West_SJ,2019,3,18,25.500000000000004,0.0,69.70976,0
West_SJ,2019,3,19,25.500000000000004,0.0,64.8329,0
West_SJ,2019,3,20,26.000000000000007,0.0,73.72015,0
West_SJ,2019,3,21,26.500000000000004,0.0,69.22104,0
West_SJ,2019,3,22,26.500000000000004,0.0,72.151054,0
West_SJ,2019,3,23,26.000000000000007,0.0,75.5993,0
West_SJ,2019,3,24,26.000000000000007,0.2794,77.14775,0
West_SJ,2019,3,25,27.0,0.1523999999999999,69.00996,0
West_SJ,2019,3,26,27.0,0.0,66.2693,0
West_SJ,2019,3,27,27.0,0.0,67.604675,0
West_SJ,2019,3,28,27.0,0.0,66.1361,0
West_SJ,2019,3,29,27.0,0.0,75.26394,0
West_SJ,2019,3,30,26.000000000000007,0.0,76.68584,0
West_SJ,2019,3,31,26.000000000000007,0.0034488943287665,75.1834,0
West_SJ,2019,4,1,26.500000000000004,0.0,75.873474,0
West_SJ,2019,4,2,25.500000000000004,0.1016,76.643845,0
West_SJ,2019,4,3,26.500000000000004,0.0,72.01629,0
West_SJ,2019,4,4,26.500000000000004,0.2794,70.96968,0
West_SJ,2019,4,5,26.000000000000007,0.000254,71.421814,0
West_SJ,2019,4,6,26.000000000000007,0.127,74.1806,0
West_SJ,2019,4,7,26.000000000000007,0.0,68.050735,0
West_SJ,2019,4,8,26.000000000000007,0.0,69.08271,0
West_SJ,2019,4,9,27.0,0.0,67.02355,0
West_SJ,2019,4,10,27.0,0.0,68.01951,0
West_SJ,2019,4,11,27.0,0.3556,69.987854,0
West_SJ,2019,4,12,27.0,0.0761999999999999,72.10731,0
West_SJ,2019,4,13,26.000000000000007,0.0002546036397551,71.44387,0
West_SJ,2019,4,14,26.000000000000007,0.349783402643762,72.32858,0
West_SJ,2019,4,15,25.500000000000004,0.5194207399822259,69.855484,0
West_SJ,2019,4,16,26.500000000000004,0.4753722148316002,69.67529,0
West_SJ,2019,4,17,26.500000000000004,0.0251841145996738,71.184814,0
West_SJ,2019,4,18,27.0,0.0,69.262215,0
West_SJ,2019,4,19,26.500000000000004,0.1559324449608579,64.95435,0
West_SJ,2019,4,20,26.500000000000004,0.0,66.98118,0
West_SJ,2019,4,21,25.500000000000004,0.020889449715829,78.265144,0
West_SJ,2019,4,22,26.000000000000007,0.0,71.61271,0
West_SJ,2019,4,23,25.500000000000004,0.0,69.40188,0
West_SJ,2019,4,24,26.000000000000007,0.0508,66.64541,0
West_SJ,2019,4,25,26.000000000000007,0.0,68.81252,0
West_SJ,2019,4,26,27.0,0.0,71.0946,0
West_SJ,2019,4,27,26.500000000000004,0.0,74.17946,0
West_SJ,2019,4,28,25.500000000000004,0.0,82.06841,0
West_SJ,2019,4,29,26.500000000000004,0.2285999999999999,75.844635,0
West_SJ,2019,4,30,27.0,0.000254,66.201614,0
West_SJ,2019,5,1,27.0,0.0,71.368965,0
West_SJ,2019,5,2,27.5,0.1778,74.78324,0
West_SJ,2019,5,3,26.500000000000004,0.2285999999999999,71.38663,0
West_SJ,2019,5,4,26.500000000000004,0.0761999999999999,69.365166,0
West_SJ,2019,5,5,26.500000000000004,0.0,70.44725,0
West_SJ,2019,5,6,26.500000000000004,0.3556,75.71555,0
West_SJ,2019,5,7,26.500000000000004,0.0,75.33348,0
West_SJ,2019,5,8,25.500000000000004,0.1523999999999999,77.94558,0
West_SJ,2019,5,9,25.0,0.4064,80.54686,0
West_SJ,2019,5,10,26.000000000000007,0.2794,81.09947,0
West_SJ,2019,5,11,27.0,0.0508,82.248955,0
West_SJ,2019,5,12,28.000000000000004,0.000254,73.78967,0
West_SJ,2019,5,13,29.0,0.0,74.10995,0
West_SJ,2019,5,14,29.0,0.0,65.88495,0
West_SJ,2019,5,15,27.5,0.0,74.90155,0
West_SJ,2019,5,16,27.5,0.0,76.43467,0
West_SJ,2019,5,17,28.000000000000004,0.0,76.37279,0
West_SJ,2019,5,18,27.5,0.0,72.77374,0
West_SJ,2019,5,19,27.5,0.0,75.81877,0
West_SJ,2019,5,20,27.0,0.0,74.95872,0
West_SJ,2019,5,21,28.000000000000004,0.4064,72.3842,0
West_SJ,2019,5,22,27.5,0.0,74.75612,0
West_SJ,2019,5,23,27.5,0.0,74.56491,0
West_SJ,2019,5,24,27.5,0.0,76.64435,0
West_SJ,2019,5,25,28.5,0.0508,71.4397,0
West_SJ,2019,5,26,27.5,0.0,76.081314,0
West_SJ,2019,5,27,27.5,0.0,80.57908,0
West_SJ,2019,5,28,27.0,2.6162,80.12724,0
West_SJ,2019,5,29,27.0,0.7619999999999999,80.59785,0
West_SJ,2019,5,30,25.0,0.4318000000000001,79.97649,0
West_SJ,2019,5,31,28.000000000000004,0.1016,74.34079,0
West_SJ,2019,6,1,27.0,0.0,71.76402,0
West_SJ,2019,6,2,26.000000000000007,0.0,79.628204,0
West_SJ,2019,6,3,27.5,1.0668,81.040855,0
West_SJ,2019,6,4,28.5,1.7779999999999998,79.88183,0
West_SJ,2019,6,5,28.5,0.3556,77.39209,0
West_SJ,2019,6,6,28.000000000000004,0.000254,78.145805,0
West_SJ,2019,6,7,28.000000000000004,0.0508,76.33838,0
West_SJ,2019,6,8,27.5,0.0,79.49054,0
West_SJ,2019,6,9,28.5,0.0761999999999999,75.1125,0
West_SJ,2019,6,10,29.5,0.0,70.90211,0
West_SJ,2019,6,11,28.5,0.0,72.701645,0
West_SJ,2019,6,12,29.859717062174816,0.0,74.93199802915505,0
West_SJ,2019,6,13,27.222222222222225,0.254,80.02907436071796,0
West_SJ,2019,6,14,26.944444444444446,0.7874,82.94284024814668,0
West_SJ,2019,6,15,26.944444444444446,0.8382,77.69570233968898,0
West_SJ,2019,6,16,27.222222222222225,1.27,83.14643561590096,0
West_SJ,2019,6,17,27.222222222222225,0.0508,66.69022375322926,0
West_SJ,2019,6,18,28.05555555555556,0.0,72.24652332472553,0
West_SJ,2019,6,19,29.000000000000004,0.0,75.45263,0
West_SJ,2019,6,20,29.000000000000004,0.0,73.26338,0
West_SJ,2019,6,21,28.5,0.0,73.75749,0
West_SJ,2019,6,22,28.5,0.0,75.66129,0
West_SJ,2019,6,23,28.5,0.0,72.7276,0
West_SJ,2019,6,24,28.5,0.0,76.76527,0
West_SJ,2019,6,25,28.5,0.0,82.473495,0
West_SJ,2019,6,26,28.5,0.0,76.85114,0
West_SJ,2019,6,27,28.000000000000004,0.000254,76.76567,0
West_SJ,2019,6,28,29.0,4.140199999999999,71.931694,0
West_SJ,2019,6,29,28.5,0.0,76.91428,0
West_SJ,2019,6,30,29.000000000000004,0.0,74.67335,0
West_SJ,2019,7,1,28.5,0.0,72.685616,0
West_SJ,2019,7,2,28.5,0.0,76.228935,0
West_SJ,2019,7,3,28.5,0.0,68.11205,0
West_SJ,2019,7,4,29.5,0.0,69.066216,0
West_SJ,2019,7,5,28.5,0.0,77.34009,0
West_SJ,2019,7,6,28.5,4.064,72.880295,0
West_SJ,2019,7,7,28.000000000000004,0.000254,72.82563,0
West_SJ,2019,7,8,30.0,0.7365999999999999,71.80223,0
West_SJ,2019,7,9,29.5,0.0,73.622444,0
West_SJ,2019,7,10,29.5,0.000254,73.42883,0
West_SJ,2019,7,11,29.000000000000004,0.0,68.94012,0
West_SJ,2019,7,12,29.5,0.0,65.18251,0
West_SJ,2019,7,13,28.5,0.0,73.74957,0
West_SJ,2019,7,14,29.000000000000004,0.0508,73.308334,0
West_SJ,2019,7,15,28.5,0.127,76.857895,0
West_SJ,2019,7,16,28.5,0.1523999999999999,73.519295,0
West_SJ,2019,7,17,28.000000000000004,1.0668,75.248276,0
West_SJ,2019,7,18,29.5,0.0,70.491905,0
West_SJ,2019,7,19,28.000000000000004,0.4298046465731408,79.02843,0
West_SJ,2019,7,20,29.5,0.0,77.06792,0
West_SJ,2019,7,21,29.0,0.0,73.80394,0
West_SJ,2019,7,22,28.000000000000004,0.8320713048913619,76.29874,0
West_SJ,2019,7,23,29.0,0.7874,74.14142,0
West_SJ,2019,7,24,28.5,0.2794,73.29455,0
West_SJ,2019,7,25,28.5,0.0,76.428764,0
West_SJ,2019,7,26,28.5,0.635,79.60998,0
West_SJ,2019,7,27,29.5,0.0761999999999999,77.025925,0
West_SJ,2019,7,28,29.000000000000004,0.4064,73.3324,0
West_SJ,2019,7,29,28.000000000000004,0.4064,79.47621,0
West_SJ,2019,7,30,25.500000000000004,1.27,89.434326,0
West_SJ,2019,7,31,27.5,1.27,75.059296,0
West_SJ,2019,8,1,30.0,1.397,71.67916,0
West_SJ,2019,8,2,29.000000000000004,0.0761999999999999,75.44614,0
West_SJ,2019,8,3,29.5,0.0761999999999999,76.25109,0
West_SJ,2019,8,4,29.000000000000004,0.0254,74.31141,0
West_SJ,2019,8,5,29.5,0.254,70.946014,0
West_SJ,2019,8,6,28.5,0.0,77.91843,0
West_SJ,2019,8,7,28.5,1.397,78.58998,0
West_SJ,2019,8,8,28.000000000000004,0.0,80.71794,0
West_SJ,2019,8,9,29.5,0.508,71.82561,0
West_SJ,2019,8,10,29.5,0.0,73.36025,0
West_SJ,2019,8,11,29.0,0.1016,72.91002,0
West_SJ,2019,8,12,29.0,2.159,73.601944,0
West_SJ,2019,8,13,30.0,0.0,70.99174,0
West_SJ,2019,8,14,29.5,0.0,72.11551,0
West_SJ,2019,8,15,29.5,0.5588,75.159134,0
West_SJ,2019,8,16,29.5,0.0761999999999999,75.74629,0
West_SJ,2019,8,17,26.500000000000004,1.018821478540373,77.490974,0
West_SJ,2019,8,18,28.5,0.4635255038410172,78.15021,0
West_SJ,2019,8,19,27.5,2.903040161271405,84.249405,0
West_SJ,2019,8,20,28.5,1.5794575490458134,79.25267,0
West_SJ,2019,8,21,28.5,0.0002469366675289,76.59129,0
West_SJ,2019,8,22,27.0,1.2790750617508202,77.356674,0
West_SJ,2019,8,23,29.0,0.0,74.89616,0
West_SJ,2019,8,24,29.0,0.0,78.498474,0
West_SJ,2019,8,25,29.5,1.2191999999999998,73.55351,0
West_SJ,2019,8,26,29.0,0.0,75.23881,0
West_SJ,2019,8,27,29.0,0.0,74.65188,0
West_SJ,2019,8,28,27.5,0.1778,78.772,0
West_SJ,2019,8,29,28.000000000000004,0.1135464400726405,77.15172,0
West_SJ,2019,8,30,29.5,0.0,71.423225,0
West_SJ,2019,8,31,29.5,0.0,75.717476,0
West_SJ,2019,9,1,28.5,0.0254,75.07534,0
West_SJ,2019,9,2,30.0,0.0,68.3061,0
West_SJ,2019,9,3,29.0,0.0,74.32546,0
West_SJ,2019,9,4,29.5,0.4318000000000001,72.80191,0
West_SJ,2019,9,5,29.0,0.1778,74.34133,0
West_SJ,2019,9,6,27.0,0.9144,80.16524,0
West_SJ,2019,9,7,28.5,0.9033835679602342,80.227646,0
West_SJ,2019,9,8,28.5,0.0254,79.385956,0
West_SJ,2019,9,9,29.0,0.127,76.11478,0
West_SJ,2019,9,10,28.5,0.1523999999999999,78.48024,0
West_SJ,2019,9,11,29.0,0.3809999999999999,76.343094,0
West_SJ,2019,9,12,29.0,0.1523999999999999,78.56549,0
West_SJ,2019,9,13,30.0,0.0,76.52575,0
West_SJ,2019,9,14,30.0,0.0,73.382835,0
West_SJ,2019,9,15,29.5,0.2032,76.594215,0
West_SJ,2019,9,16,28.5,1.1684,79.64852,0
West_SJ,2019,9,17,29.5,2.0066,74.11266,0
West_SJ,2019,9,18,30.0,0.0,67.220566,0
West_SJ,2019,9,19,29.0,0.1016,74.14488,0
West_SJ,2019,9,20,29.0,0.0,75.50243,0
West_SJ,2019,9,21,31.0,0.0,71.477646,0
West_SJ,2019,9,22,28.000000000000004,0.0,78.5328,0
West_SJ,2019,9,23,30.0,0.508,73.97371,0
West_SJ,2019,9,24,26.500000000000004,0.0254,88.26347,0
West_SJ,2019,9,25,29.5,0.0204959444435617,74.55579,0
West_SJ,2019,9,26,31.000000000000007,0.000254,66.83253,0
West_SJ,2019,9,27,30.0,0.0,74.36197,0
West_SJ,2019,9,28,29.0,0.0,76.95869,0
West_SJ,2019,9,29,26.500000000000004,0.0508,83.393936,0
West_SJ,2019,9,30,29.0,0.3302,75.02364,0
West_SJ,2019,10,1,30.500000000000004,2.667,69.78201,0
West_SJ,2019,10,2,29.0,0.0,70.78197,0
West_SJ,2019,10,3,29.5,0.0,71.72165,0
West_SJ,2019,10,4,29.0,0.0,77.69175,0
West_SJ,2019,10,5,28.5,0.7619999999999999,79.42076,0
West_SJ,2019,10,6,29.0,0.3556,76.294,0
West_SJ,2019,10,7,29.0,0.3809999999999999,74.99469,0
West_SJ,2019,10,8,30.0,0.0254,71.32693,0
West_SJ,2019,10,9,29.0,0.0,72.777275,0
West_SJ,2019,10,10,28.5,0.0,74.95091,0
West_SJ,2019,10,11,28.000000000000004,0.0,74.62805,0
West_SJ,2019,10,12,29.0,0.0,71.007126,0
West_SJ,2019,10,13,28.000000000000004,0.0,73.2878,0
West_SJ,2019,10,14,28.5,0.0254,74.223175,0
West_SJ,2019,10,15,29.0,0.0,72.48087,0
West_SJ,2019,10,16,28.5,0.0,74.12918,0
West_SJ,2019,10,17,28.5,0.0,73.25652,0
West_SJ,2019,10,18,29.0,0.0,74.10899,0
West_SJ,2019,10,19,28.5,2.4892,75.10809,0
West_SJ,2019,10,20,28.5,0.0761999999999999,75.69311,0
West_SJ,2019,10,21,28.5,2.2606,76.94631,0
West_SJ,2019,10,22,27.5,0.8889999999999999,80.86801,0
West_SJ,2019,10,23,28.000000000000004,0.3047999999999999,78.503235,0
West_SJ,2019,10,24,28.5,0.7365999999999999,78.52602,0
West_SJ,2019,10,25,28.000000000000004,0.7619999999999999,79.517334,0
West_SJ,2019,10,26,28.000000000000004,0.0761999999999999,75.786064,0
West_SJ,2019,10,27,28.000000000000004,0.3047999999999999,77.42189,0
West_SJ,2019,10,28,29.0,0.127,73.999405,0
West_SJ,2019,10,29,28.000000000000004,0.3047999999999999,72.88674,0
West_SJ,2019,10,30,28.000000000000004,0.0508,70.38114,0
West_SJ,2019,10,31,28.000000000000004,0.0,74.074715,0
West_SJ,2019,11,1,27.5,0.4064,74.10765,0
West_SJ,2019,11,2,28.000000000000004,0.0,72.298836,0
West_SJ,2019,11,3,27.5,0.0761999999999999,74.45264,0
West_SJ,2019,11,4,26.500000000000004,0.8889999999999999,80.488,0
West_SJ,2019,11,5,28.5,2.1336,75.75782,0
West_SJ,2019,11,6,28.000000000000004,1.7272000000000003,76.45641,0
West_SJ,2019,11,7,28.000000000000004,0.2794,74.870865,0
West_SJ,2019,11,8,28.5,0.0508,75.33058,0
West_SJ,2019,11,9,27.5,0.4318000000000001,80.64063,0
West_SJ,2019,11,10,29.000000000000004,0.1016,76.25351,0
West_SJ,2019,11,11,28.5,0.0,72.96647,0
West_SJ,2019,11,12,28.000000000000004,1.7525999999999995,71.16736,0
West_SJ,2019,11,13,27.0,0.0,73.12642,0
West_SJ,2019,11,14,27.5,0.0,75.03787,0
West_SJ,2019,11,15,27.0,0.3302,78.51013,0
West_SJ,2019,11,16,27.0,0.1523999999999999,75.494675,0
West_SJ,2019,11,17,26.500000000000004,0.0254,78.43383,0
West_SJ,2019,11,18,27.0,0.0,81.89378,0
West_SJ,2019,11,19,27.0,0.0,79.60934,0
West_SJ,2019,11,20,27.0,0.0,79.35208,0
West_SJ,2019,11,21,27.5,0.0,75.247536,0
West_SJ,2019,11,22,27.0,1.6001999999999998,63.489212,0
West_SJ,2019,11,23,28.000000000000004,0.0,62.004086,0
West_SJ,2019,11,24,26.500000000000004,0.0,67.231316,0
West_SJ,2019,11,25,27.0,0.0,78.64129,0
West_SJ,2019,11,26,28.000000000000004,0.0,79.07203,0
West_SJ,2019,11,27,28.5,0.7365999999999999,76.34225,0
West_SJ,2019,11,28,25.500000000000004,1.9304,82.41787,0
West_SJ,2019,11,29,26.500000000000004,0.7112,78.44503,0
West_SJ,2019,11,30,26.000000000000007,0.254,79.14602,0
West_SJ,2019,12,1,25.0,0.2203024524221039,86.38155,0
West_SJ,2019,12,2,28.000000000000004,0.0508,75.11823,0
West_SJ,2019,12,3,29.0,0.0,76.74976,0
West_SJ,2019,12,4,27.5,0.0,80.47906,0
West_SJ,2019,12,5,29.0,0.0,74.59845,0
West_SJ,2019,12,6,28.5,0.0,74.1572,0
West_SJ,2019,12,7,27.0,0.0,76.780846,0
West_SJ,2019,12,8,26.500000000000004,0.0,75.65683,0
West_SJ,2019,12,9,27.0,1.5827407210052065,79.17123,0
West_SJ,2019,12,10,27.0,0.0,76.463554,0
West_SJ,2019,12,11,27.0,0.0,72.322845,0
West_SJ,2019,12,12,27.0,0.0,73.05225,0
West_SJ,2019,12,13,26.500000000000004,0.0,78.581894,0
West_SJ,2019,12,14,26.500000000000004,4.054907730851324,80.61114,0
West_SJ,2019,12,15,28.000000000000004,0.0002206277667238,75.97107,0
West_SJ,2019,12,16,26.500000000000004,0.3120557347922374,78.71878,0
West_SJ,2019,12,17,26.500000000000004,0.0,78.58046,0
West_SJ,2019,12,18,26.500000000000004,0.2032,73.870125,0
West_SJ,2019,12,19,27.5,0.0,76.597336,0
West_SJ,2019,12,20,27.0,0.0,72.120834,0
West_SJ,2019,12,21,26.500000000000004,0.0,75.661125,0
West_SJ,2019,12,22,26.000000000000007,1.016,80.23194,0
West_SJ,2019,12,23,26.500000000000004,0.0,73.90704,0
West_SJ,2019,12,24,27.5,0.0,73.78041,0
West_SJ,2019,12,25,28.5,0.0,71.32299,0
West_SJ,2019,12,26,26.0,0.1523999999999999,82.61855,0
West_SJ,2019,12,27,27.0,0.2285999999999999,71.66742,0
West_SJ,2019,12,28,26.500000000000004,0.0,79.21988,0
West_SJ,2019,12,29,26.000000000000007,0.0,82.91264,0
West_SJ,2019,12,30,27.0,1.3462,73.199356,0
West_SJ,2019,12,31,26.000000000000007,0.254,86.49926,0
West_SJ,2020,1,1,26.500000000000004,0.3809999999999999,85.42872,0
West_SJ,2020,1,2,27.0,0.0508,74.42865,0
West_SJ,2020,1,3,25.500000000000004,1.4477999999999998,86.569244,0
West_SJ,2020,1,4,27.0,0.7365999999999999,67.37751,0
West_SJ,2020,1,5,25.500000000000004,0.0,78.2265,0
West_SJ,2020,1,6,24.5,1.8980811030100688,86.61798,0
West_SJ,2020,1,7,26.000000000000007,0.0,71.1987,0
West_SJ,2020,1,8,26.000000000000007,0.0,80.0397,0
West_SJ,2020,1,9,26.000000000000007,0.0,77.77048,0
West_SJ,2020,1,10,26.500000000000004,0.0,74.3928,0
West_SJ,2020,1,11,27.5,0.0,65.005196,0
West_SJ,2020,1,12,26.000000000000007,0.1935315634061498,78.516,0
West_SJ,2020,1,13,26.500000000000004,2.02975392227514,73.35879,0
West_SJ,2020,1,14,25.0,0.7365999999999999,70.50546,0
West_SJ,2020,1,15,25.500000000000004,1.4731999999999998,82.150986,0
West_SJ,2020,1,16,25.0,0.8636000000000001,72.208435,0
West_SJ,2020,1,17,25.0,0.3302,79.402016,0
West_SJ,2020,1,18,25.500000000000004,0.508,73.50966,0
West_SJ,2020,1,19,25.0,0.5588,78.941025,0
West_SJ,2020,1,20,25.0,1.7272000000000003,86.158104,0
West_SJ,2020,1,21,26.000000000000007,0.2285999999999999,74.31176,0
West_SJ,2020,1,22,25.500000000000004,0.0,79.744736,0
West_SJ,2020,1,23,26.000000000000007,0.0,79.8395,0
West_SJ,2020,1,24,25.0,3.175,85.34077,0
West_SJ,2020,1,25,24.5,3.2766,81.710884,0
West_SJ,2020,1,26,24.5,0.1016,79.46074,0
West_SJ,2020,1,27,25.0,1.4731999999999998,81.518,0
West_SJ,2020,1,28,24.5,0.635,82.27511,0
West_SJ,2020,1,29,25.500000000000004,0.0,78.46093,0
West_SJ,2020,1,30,26.000000000000007,0.0,77.85739,0
West_SJ,2020,1,31,26.000000000000007,0.000254,79.8029,0
West_SJ,2020,2,1,26.000000000000007,0.0508,78.10706,0
West_SJ,2020,2,2,26.500000000000004,0.0,76.27344,0
West_SJ,2020,2,3,25.500000000000004,0.0,77.08626,0
West_SJ,2020,2,4,26.500000000000004,0.0,73.928345,0
West_SJ,2020,2,5,26.000000000000007,0.0,74.85339,0
West_SJ,2020,2,6,26.500000000000004,0.1016,73.58001,0
West_SJ,2020,2,7,26.000000000000007,0.000254,75.67182,0
West_SJ,2020,2,8,26.500000000000004,0.1016,71.47314,0
West_SJ,2020,2,9,26.000000000000007,0.0761999999999999,77.43507,0
West_SJ,2020,2,10,26.000000000000007,0.254,77.53186,0
West_SJ,2020,2,11,26.000000000000007,0.0254,70.958626,0
West_SJ,2020,2,12,27.0,0.3556,73.532524,0
West_SJ,2020,2,13,27.0,0.3556,68.886955,0
West_SJ,2020,2,14,26.000000000000007,0.5841999999999999,77.77663,0
West_SJ,2020,2,15,25.500000000000004,0.6095999999999999,80.52014,0
West_SJ,2020,2,16,25.500000000000004,1.0668,79.36369,0
West_SJ,2020,2,17,26.000000000000007,0.254,74.70242,0
West_SJ,2020,2,18,26.500000000000004,0.1523999999999999,73.13209,0
West_SJ,2020,2,19,26.0,0.254,72.62402,0
West_SJ,2020,2,20,26.000000000000007,0.2794,69.95489,0
West_SJ,2020,2,21,25.500000000000004,0.0508,71.45323,0
West_SJ,2020,2,22,25.500000000000004,0.0,71.74766,0
West_SJ,2020,2,23,27.0,0.0,73.091644,0
West_SJ,2020,2,24,24.000000000000004,0.0,88.11672,0
West_SJ,2020,2,25,23.500000000000007,2.1082,90.33097,0
West_SJ,2020,2,26,26.500000000000004,2.084624369481506,79.93355,0
West_SJ,2020,2,27,24.5,0.1016,73.50168,0
West_SJ,2020,2,28,26.000000000000007,0.0508,75.95298,0
West_SJ,2020,2,29,25.0,0.000254,79.030785,0
West_SJ,2020,3,1,26.000000000000007,0.0,77.772,0
West_SJ,2020,3,2,25.0,0.9652,81.76062,0
West_SJ,2020,3,3,25.0,1.4731999999999998,78.75899,0
West_SJ,2020,3,4,26.000000000000007,0.0508,75.12266,0
West_SJ,2020,3,5,26.000000000000007,0.0,75.926956,0
West_SJ,2020,3,6,26.500000000000004,0.127,74.95662,0
West_SJ,2020,3,7,25.0,0.7619999999999999,75.99461,0
West_SJ,2020,3,8,25.500000000000004,0.0,79.27821,0
West_SJ,2020,3,9,25.0,1.3716,84.82952,0
West_SJ,2020,3,10,25.0,3.2512,81.138336,0
West_SJ,2020,3,11,25.0,0.2032,83.266106,0
West_SJ,2020,3,12,27.0,0.0508,67.8607,0
West_SJ,2020,3,13,25.500000000000004,0.0,78.41718,0
West_SJ,2020,3,14,25.0,0.9906,80.87683,0
West_SJ,2020,3,15,25.500000000000004,0.2285999999999999,63.593735,0
West_SJ,2020,3,16,25.500000000000004,0.0,72.23468,0
West_SJ,2020,3,17,25.500000000000004,0.0761999999999999,76.82355,0
West_SJ,2020,3,18,25.500000000000004,0.8128,78.328606,0
West_SJ,2020,3,19,25.500000000000004,0.5841999999999999,78.11339,0
West_SJ,2020,3,20,26.500000000000004,0.7874,70.139145,0
West_SJ,2020,3,21,26.0,0.3047999999999999,66.04563,0
West_SJ,2020,3,22,25.0,0.6095999999999999,79.89889,0
West_SJ,2020,3,23,25.0,2.54,75.88996,0
West_SJ,2020,3,24,26.0,0.0761999999999999,67.48022,0
West_SJ,2020,3,25,26.500000000000004,0.0,70.98527,0
West_SJ,2020,3,26,25.500000000000004,0.0,71.00482,0
West_SJ,2020,3,27,25.500000000000004,0.0,74.23819,0
West_SJ,2020,3,28,25.500000000000004,3.302,80.8443,0
West_SJ,2020,3,29,26.500000000000004,0.4318000000000001,73.189606,0
West_SJ,2020,3,30,27.0,0.1016,65.496994,0
West_SJ,2020,3,31,25.500000000000004,0.0,71.53006,0
West_SJ,2020,4,1,26.0,0.0,72.647934,0
West_SJ,2020,4,2,27.0,0.0,72.84828,0
West_SJ,2020,4,3,27.5,0.0,72.66411,0
West_SJ,2020,4,4,26.000000000000007,0.0,78.43253,0
West_SJ,2020,4,5,25.500000000000004,0.0,80.593636,0
West_SJ,2020,4,6,26.500000000000004,0.127,81.68237,0
West_SJ,2020,4,7,27.0,0.0,79.59992,0
West_SJ,2020,4,8,25.500000000000004,0.0064052288777063,88.5288,0
West_SJ,2020,4,9,26.500000000000004,0.3556,84.79854,0
West_SJ,2020,4,10,28.5,0.0,72.07058,0
West_SJ,2020,4,11,27.5,0.0,75.729546,0
West_SJ,2020,4,12,27.5,0.0,76.83108,0
West_SJ,2020,4,13,28.000000000000004,0.0,74.543686,0
West_SJ,2020,4,14,27.0,0.0,74.520424,0
West_SJ,2020,4,15,26.500000000000004,0.2285999999999999,79.43762,0
West_SJ,2020,4,16,26.500000000000004,0.9398,76.560326,0
West_SJ,2020,4,17,27.0,0.9906,75.87433,0
West_SJ,2020,4,18,26.500000000000004,0.0254,77.65914,0
West_SJ,2020,4,19,27.0,1.5748,77.759155,0
West_SJ,2020,4,20,28.5,0.0,69.82611,0
West_SJ,2020,4,21,28.5,0.1016,66.60124,0
West_SJ,2020,4,22,28.000000000000004,0.0,72.45233,0
West_SJ,2020,4,23,27.5,0.000254,77.15597,0
West_SJ,2020,4,24,28.000000000000004,0.6858,72.19788,0
West_SJ,2020,4,25,28.000000000000004,0.254,74.91038,0
West_SJ,2020,4,26,27.0,0.3302,73.60489,0
West_SJ,2020,4,27,27.5,0.2285999999999999,71.44724,0
West_SJ,2020,4,28,27.5,0.0,70.54996,0
West_SJ,2020,4,29,27.5,0.0,73.98854,0
West_SJ,2020,4,30,27.0,0.254,79.38806,0
West_SJ,2020,5,1,27.5,0.3047999999999999,71.25879,0
West_SJ,2020,5,2,28.5,0.0,68.687195,0
West_SJ,2020,5,3,27.5,0.0,74.786606,0
West_SJ,2020,5,4,27.5,0.0,78.514656,0
West_SJ,2020,5,5,27.5,0.3809999999999999,75.49289,0
West_SJ,2020,5,6,30.0,0.4571999999999999,68.44439,0
West_SJ,2020,5,7,30.500000000000004,0.0,61.143612,0
West_SJ,2020,5,8,30.0,0.0,63.24625,0
West_SJ,2020,5,9,28.5,0.0,73.357864,0
West_SJ,2020,5,10,28.000000000000004,0.0,69.466125,0
West_SJ,2020,5,11,28.000000000000004,0.0,70.563225,0
West_SJ,2020,5,12,27.5,0.000254,75.30256,0
West_SJ,2020,5,13,28.5,0.1016,70.93809,0
West_SJ,2020,5,14,27.5,0.0,70.16139,0
West_SJ,2020,5,15,28.000000000000004,0.0508,69.45191,0
West_SJ,2020,5,16,29.0,0.000254,65.11457,0
West_SJ,2020,5,17,30.0,0.0,70.8538,0
West_SJ,2020,5,18,29.0,0.0,69.973694,0
West_SJ,2020,5,19,28.000000000000004,0.0,73.149574,0
West_SJ,2020,5,20,28.000000000000004,0.0,70.85691,0
West_SJ,2020,5,21,29.5,0.0,75.82387,0
West_SJ,2020,5,22,29.5,0.0,74.432304,0
West_SJ,2020,5,23,29.5,0.0,71.82718,0
West_SJ,2020,5,24,29.0,0.0,70.86484,0
West_SJ,2020,5,25,30.0,0.0,68.16439,0
West_SJ,2020,5,26,29.000000000000004,0.0,72.634834,0
West_SJ,2020,5,27,28.000000000000004,0.0,75.716095,0
West_SJ,2020,5,28,27.5,0.254,75.56919,0
West_SJ,2020,5,29,28.5,0.127,72.39804,0
West_SJ,2020,5,30,28.000000000000004,0.0,75.911865,0
West_SJ,2020,5,31,29.000000000000004,0.0,72.854614,0
West_SJ,2020,6,1,28.5,0.0,75.609215,0
West_SJ,2020,6,2,28.5,0.0,74.98516,0
West_SJ,2020,6,3,29.5,0.0,72.02051,0
West_SJ,2020,6,4,29.0,0.0254,70.40167,0
West_SJ,2020,6,5,29.000000000000004,0.0,71.733284,0
West_SJ,2020,6,6,28.000000000000004,0.0,76.61623,0
West_SJ,2020,6,7,28.000000000000004,1.2446,77.126396,0
West_SJ,2020,6,8,28.000000000000004,0.2776459257583561,77.05916,0
West_SJ,2020,6,9,28.000000000000004,0.8636000000000001,75.7626,0
West_SJ,2020,6,10,28.5,0.0,74.66724,0
West_SJ,2020,6,11,28.000000000000004,0.0508,77.06516,0
West_SJ,2020,6,12,29.0,0.1523999999999999,76.98096,0
West_SJ,2020,6,13,29.5,1.1176,70.77195,0
West_SJ,2020,6,14,29.0,0.0,71.72026,0
West_SJ,2020,6,15,29.0,0.8636000000000001,70.96788,0
West_SJ,2020,6,16,28.5,0.0,73.97553,0
West_SJ,2020,6,17,28.5,0.0,73.97982,0
West_SJ,2020,6,18,29.0,0.0508,74.93812,0
West_SJ,2020,6,19,29.5,2.2606,69.868286,0
West_SJ,2020,6,20,29.5,0.0,72.07212,0
West_SJ,2020,6,21,30.0,0.3047999999999999,79.82445,0
West_SJ,2020,6,22,29.5,0.0,77.16283,0
West_SJ,2020,6,23,29.5,0.0,73.87936,0
West_SJ,2020,6,24,28.5,0.127,76.04917,0
West_SJ,2020,6,25,29.5,0.0,71.13569,0
West_SJ,2020,6,26,28.5,0.5588,83.51486,0
West_SJ,2020,6,27,29.5,0.0,76.9974,0
West_SJ,2020,6,28,29.5,0.0,77.50377,0
West_SJ,2020,6,29,29.0,0.0,71.4126,0
West_SJ,2020,6,30,29.0,0.0,73.9806,0
West_SJ,2020,7,1,29.0,0.6858,75.09472,0
West_SJ,2020,7,2,29.5,1.7018,76.53367,0
West_SJ,2020,7,3,29.5,0.0,70.76369,0
West_SJ,2020,7,4,29.5,0.0,72.184906,0
West_SJ,2020,7,5,29.0,0.0508,70.822136,0
West_SJ,2020,7,6,30.0,0.0,73.876686,0
West_SJ,2020,7,7,29.0,0.4571999999999999,81.2776,0
West_SJ,2020,7,8,30.0,1.3462,76.65186,0
West_SJ,2020,7,9,29.5,0.1523999999999999,71.961914,0
West_SJ,2020,7,10,29.0,0.0761999999999999,76.10602,0
West_SJ,2020,7,11,29.0,0.9398,71.94149,0
West_SJ,2020,7,12,27.5,2.1844,86.28514,0
West_SJ,2020,7,13,29.0,0.3556,79.22122,0
West_SJ,2020,7,14,30.0,0.1016,74.17076,0
West_SJ,2020,7,15,30.0,0.0,64.60887,0
West_SJ,2020,7,16,29.0,0.0,75.57352,0
West_SJ,2020,7,17,29.0,1.0921999999999998,73.45598,0
West_SJ,2020,7,18,28.5,0.1523999999999999,75.9761,0
West_SJ,2020,7,19,28.5,0.6951333894005204,73.73161,0
West_SJ,2020,7,20,29.0,0.0,73.45242,0
West_SJ,2020,7,21,29.0,1.4731999999999998,75.51163,0
West_SJ,2020,7,22,28.5,0.4571999999999999,77.350555,0
West_SJ,2020,7,23,28.5,0.5841999999999999,75.57827,0
West_SJ,2020,7,24,28.5,0.4571999999999999,82.62895,0
West_SJ,2020,7,25,29.5,0.1523999999999999,75.15299,0
West_SJ,2020,7,26,30.0,0.254,72.51503,0
West_SJ,2020,7,27,29.0,0.1016,71.85392,0
West_SJ,2020,7,28,29.5,1.2191999999999998,81.09522,0
West_SJ,2020,7,29,28.5,0.1016,80.40373,0
West_SJ,2020,7,30,25.0,0.0575046988055684,91.4059625,0
West_SJ,2020,7,31,29.0,0.0673247354972617,74.71886,0
West_SJ,2020,8,1,28.5,0.1523999999999999,78.34831,0
West_SJ,2020,8,2,28.5,0.1575734437243707,80.42118,0
West_SJ,2020,8,3,30.500000000000004,0.0,69.76274,0
West_SJ,2020,8,4,29.5,0.0,76.032845,0
West_SJ,2020,8,5,29.5,0.0,72.33648,0
West_SJ,2020,8,6,29.0,0.0254,71.69609,0
West_SJ,2020,8,7,29.5,0.3302,72.08381,0
West_SJ,2020,8,8,29.5,0.0,74.344536,0
West_SJ,2020,8,9,29.5,0.0,73.480835,0
West_SJ,2020,8,10,29.0,0.5334,76.00924,0
West_SJ,2020,8,11,29.0,0.0,70.8166,0
West_SJ,2020,8,12,28.500000000000007,0.0,81.52936,0
West_SJ,2020,8,13,29.0,2.7432,73.51889,0
West_SJ,2020,8,14,29.0,0.1016,74.678635,0
West_SJ,2020,8,15,29.0,1.143,78.03141,0
West_SJ,2020,8,16,29.5,0.000254,84.22624,0
West_SJ,2020,8,17,29.0,0.0,77.32159,0
West_SJ,2020,8,18,29.5,0.0,72.42384,0
West_SJ,2020,8,19,30.500000000000004,0.0,69.13443,0
West_SJ,2020,8,20,29.0,0.0,70.084045,0
West_SJ,2020,8,21,29.5,0.0744370258528613,81.6756,0
West_SJ,2020,8,22,25.500000000000004,1.6509999999999998,88.379654,0
West_SJ,2020,8,23,29.5,1.3462,77.48829,0
West_SJ,2020,8,24,26.000000000000007,1.3462,84.393616,0
West_SJ,2020,8,25,28.5,1.0921999999999998,80.30458,0
West_SJ,2020,8,26,29.0,0.0,77.09698,0
West_SJ,2020,8,27,29.000000000000004,0.0,79.48385,0
West_SJ,2020,8,28,30.0,0.1016,73.24357,0
West_SJ,2020,8,29,30.0,0.0,71.839874,0
West_SJ,2020,8,30,30.0,0.0,71.65561,0
West_SJ,2020,8,31,30.500000000000004,0.1016,77.5415,0
West_SJ,2020,9,1,29.5,0.2794,70.57859,0
West_SJ,2020,9,2,30.0,2.6416,74.98301,0
West_SJ,2020,9,3,28.000000000000004,0.0254,78.980286,0
West_SJ,2020,9,4,28.5,3.2766,79.92127,0
West_SJ,2020,9,5,29.5,0.0508,74.19663,0
West_SJ,2020,9,6,29.0,0.2032,74.387924,0
West_SJ,2020,9,7,28.000000000000004,0.508,77.79997,0
West_SJ,2020,9,8,27.5,0.254,81.00875,0
West_SJ,2020,9,9,27.5,0.254,76.60519,0
West_SJ,2020,9,10,28.5,3.5051999999999994,74.77797,0
West_SJ,2020,9,11,28.5,0.5588,78.53843,0
West_SJ,2020,9,12,28.5,0.5841999999999999,76.90271,0
West_SJ,2020,9,13,28.5,0.000254,78.03527,0
West_SJ,2020,9,14,29.5,0.0,76.89662,0
West_SJ,2020,9,15,29.0,0.0508,76.79707,0
West_SJ,2020,9,16,29.5,0.2794,77.820465,0
West_SJ,2020,9,17,30.0,0.1778,72.6168,0
West_SJ,2020,9,18,29.0,0.0761999999999999,76.572495,0
West_SJ,2020,9,19,29.0,0.0,74.78825,0
West_SJ,2020,9,20,28.5,0.0,70.32025,0
West_SJ,2020,9,21,28.5,0.0,71.55572,0
West_SJ,2020,9,22,29.5,0.0,73.46326,0
West_SJ,2020,9,23,29.5,0.2032,71.58121,0
West_SJ,2020,9,24,29.0,0.6095999999999999,74.44152,0
West_SJ,2020,9,25,29.0,0.0,79.09877,0
West_SJ,2020,9,26,28.5,0.1016,77.849464,0
West_SJ,2020,9,27,29.0,0.0,77.04751,0
West_SJ,2020,9,28,28.5,0.3047999999999999,74.39937,0
West_SJ,2020,9,29,29.0,1.4731999999999998,74.85309,0
West_SJ,2020,9,30,29.5,0.0,77.96692,0
West_SJ,2020,10,1,29.0,1.1176,75.44475,0
West_SJ,2020,10,2,29.0,0.2032,74.47851,0
West_SJ,2020,10,3,28.000000000000004,0.127,77.136604,0
West_SJ,2020,10,4,27.5,0.127,79.89692,0
West_SJ,2020,10,5,27.0,0.1016,83.02049,0
West_SJ,2020,10,6,27.5,0.254,75.443344,0
West_SJ,2020,10,7,28.5,0.0,72.5834,0
West_SJ,2020,10,8,29.0,0.0,75.005936,0
West_SJ,2020,10,9,28.000000000000004,0.8636000000000001,79.99138,0
West_SJ,2020,10,10,29.0,3.175,83.319305,0
West_SJ,2020,10,11,28.000000000000004,0.9652,81.68763,0
West_SJ,2020,10,12,28.5,1.2954,75.302444,0
West_SJ,2020,10,13,28.5,0.000254,78.84962,0
West_SJ,2020,10,14,28.000000000000004,0.5334,79.03588,0
West_SJ,2020,10,15,28.000000000000004,0.000254,79.4147,0
West_SJ,2020,10,16,27.5,1.5494,82.449005,0
West_SJ,2020,10,17,27.5,0.4064,80.39165,0
West_SJ,2020,10,18,27.5,0.7874,78.071594,0
West_SJ,2020,10,19,26.500000000000004,0.0,78.57294,0
West_SJ,2020,10,20,28.000000000000004,0.0,73.83393,0
West_SJ,2020,10,21,28.000000000000004,0.0,73.991394,0
West_SJ,2020,10,22,29.5,2.7686,69.81594,0
West_SJ,2020,10,23,29.0,0.0,75.517265,0
West_SJ,2020,10,24,31.0,0.0,69.446144,0
West_SJ,2020,10,25,29.0,0.0,75.186295,0
West_SJ,2020,10,26,29.0,0.3809999999999999,72.49426,0
West_SJ,2020,10,27,28.5,1.7018,79.338684,0
West_SJ,2020,10,28,29.5,0.1523999999999999,71.30736,0
West_SJ,2020,10,29,27.5,2.921,80.7205,0
West_SJ,2020,10,30,29.0,0.3809999999999999,74.735245,0
West_SJ,2020,10,31,28.5,0.0,72.90061,0
West_SJ,2020,11,1,28.5,0.0,72.41056,0
West_SJ,2020,11,2,28.000000000000004,0.2285999999999999,81.93479,0
West_SJ,2020,11,3,29.0,0.0,71.37586,0
West_SJ,2020,11,4,28.000000000000004,0.0,70.46397,0
West_SJ,2020,11,5,27.5,0.3556,74.504486,0
West_SJ,2020,11,6,27.0,0.0761999999999999,74.18312,0
West_SJ,2020,11,7,28.000000000000004,0.0761999999999999,74.09849,0
West_SJ,2020,11,8,27.0,0.0,80.956245,0
West_SJ,2020,11,9,27.0,1.2446,82.00674,0
West_SJ,2020,11,10,26.0,1.1536635993117688,87.95511,0
West_SJ,2020,11,11,26.500000000000004,0.4064,88.29456,0
West_SJ,2020,11,12,26.500000000000004,0.6858,80.88866,0
West_SJ,2020,11,13,27.5,0.1523999999999999,73.93212,0
West_SJ,2020,11,14,26.500000000000004,0.1778,78.027695,0
West_SJ,2020,11,15,27.0,0.4826,74.67042,0
West_SJ,2020,11,16,26.500000000000004,0.1016,77.267334,0
West_SJ,2020,11,17,27.0,0.0,78.04012,0
West_SJ,2020,11,18,26.500000000000004,0.8889999999999999,83.68459,0
West_SJ,2020,11,19,27.0,2.8194000000000004,80.064026,0
West_SJ,2020,11,20,28.000000000000004,0.2285999999999999,78.7964,0
West_SJ,2020,11,21,26.500000000000004,0.0254,80.29811,0
West_SJ,2020,11,22,27.0,0.2032,80.37952,0
West_SJ,2020,11,23,26.500000000000004,2.0574000000000003,78.06002,0
West_SJ,2020,11,24,27.0,0.3302,81.67158,0
West_SJ,2020,11,25,26.000000000000007,4.038600000000001,85.27101,0
West_SJ,2020,11,26,26.500000000000004,0.3809999999999999,80.327225,0
West_SJ,2020,11,27,25.500000000000004,0.000254,79.69037,0
West_SJ,2020,11,28,26.000000000000007,0.3047999999999999,83.38234,0
West_SJ,2020,11,29,26.500000000000004,0.0254,77.80596,0
West_SJ,2020,11,30,26.000000000000007,0.0,69.4335,0
West_SJ,2020,12,1,26.000000000000007,0.0,73.61113,0
West_SJ,2020,12,2,19.640333461670643,0.0,77.23539,0
West_SJ,2020,12,3,26.000000000000007,0.3302,74.12074,0
West_SJ,2020,12,4,26.000000000000007,0.0,68.53357,0
West_SJ,2020,12,5,25.0,0.0,78.01274,0
West_SJ,2020,12,6,25.0,0.0761999999999999,80.060875,0
West_SJ,2020,12,7,27.0,0.0,72.69953,0
West_SJ,2020,12,8,27.5,0.0,70.65086,0
West_SJ,2020,12,9,26.000000000000007,0.0,69.49558,0
West_SJ,2020,12,10,26.500000000000004,0.127,78.2047,0
West_SJ,2020,12,11,25.500000000000004,0.4064,82.29136,0
West_SJ,2020,12,12,26.000000000000007,0.6095999999999999,82.51658,0
West_SJ,2020,12,13,25.500000000000004,1.4477999999999998,83.239456,0
West_SJ,2020,12,14,27.5,0.4318000000000001,74.53139,0
West_SJ,2020,12,15,27.0,0.0761999999999999,71.12555,0
West_SJ,2020,12,16,26.000000000000007,0.254,79.74395,0
West_SJ,2020,12,17,26.000000000000007,0.2032,79.87502,0
West_SJ,2020,12,18,26.500000000000004,0.9144,80.79911,0
West_SJ,2020,12,19,26.000000000000007,2.794,79.585724,0
West_SJ,2020,12,20,27.0,0.6095999999999999,76.52958,0
West_SJ,2020,12,21,26.000000000000007,0.7112,79.9194,0
West_SJ,2020,12,22,27.5,0.0254,73.98743,0
West_SJ,2020,12,23,26.500000000000004,0.0,76.72046,0
West_SJ,2020,12,24,25.500000000000004,1.4731999999999998,77.897896,0
West_SJ,2020,12,25,26.000000000000007,1.3716,79.38892,0
West_SJ,2020,12,26,25.0,2.3622,80.675964,0
West_SJ,2020,12,27,25.0,0.0,80.51996,0
West_SJ,2020,12,28,25.0,0.0,81.7204,0
West_SJ,2020,12,29,25.500000000000004,0.1523999999999999,81.667534,0
West_SJ,2020,12,30,26.5,0.0508,66.15224,0
West_SJ,2020,12,31,27.0,0.1523999999999999,69.13136,0
West_SJ,2021,1,1,26.500000000000004,0.127,68.96193,0
West_SJ,2021,1,2,24.5,0.000254,72.486084,0
West_SJ,2021,1,3,26.500000000000004,0.1016,62.911304,0
West_SJ,2021,1,4,25.500000000000004,0.0,62.834023,0
West_SJ,2021,1,5,24.5,0.7619999999999999,79.32866,0
West_SJ,2021,1,6,24.0,0.5588,80.03819,0
West_SJ,2021,1,7,25.0,0.0,74.003654,0
West_SJ,2021,1,8,25.0,0.0254,77.30219,0
West_SJ,2021,1,9,25.0,0.0,77.579895,0
West_SJ,2021,1,10,25.500000000000004,0.0,82.577095,0
West_SJ,2021,1,11,26.000000000000007,0.0,78.03207,0
West_SJ,2021,1,12,26.000000000000007,0.0,70.05001,0
West_SJ,2021,1,13,26.000000000000007,0.1523999999999999,78.56028,0
West_SJ,2021,1,14,26.500000000000004,0.1016,78.790146,0
West_SJ,2021,1,15,25.500000000000004,0.0,76.65338,0
West_SJ,2021,1,16,25.500000000000004,0.0,79.21047,0
West_SJ,2021,1,17,25.0,0.0,78.67422,0
West_SJ,2021,1,18,25.500000000000004,0.2285999999999999,79.750595,0
West_SJ,2021,1,19,26.000000000000007,0.0761999999999999,78.377785,0
West_SJ,2021,1,20,25.500000000000004,1.5748,78.9132,0
West_SJ,2021,1,21,25.0,0.0,78.67663,0
West_SJ,2021,1,22,25.500000000000004,0.0,78.93596,0
West_SJ,2021,1,23,25.500000000000004,0.0,78.462875,0
West_SJ,2021,1,24,25.500000000000004,0.0,78.00419,0
West_SJ,2021,1,25,25.500000000000004,0.254,75.566605,0
West_SJ,2021,1,26,26.000000000000007,0.000254,75.31802,0
West_SJ,2021,1,27,26.0,0.2794,64.05286,0
West_SJ,2021,1,28,25.500000000000004,0.0,71.46307,0
West_SJ,2021,1,29,25.500000000000004,0.0,73.8555,0
West_SJ,2021,1,30,24.5,0.0,81.72167,0
West_SJ,2021,1,31,24.5,-0.0005836521863798,79.14552,0
West_SJ,2021,2,1,27.0,1.143,73.1798,0
West_SJ,2021,2,2,27.5,0.0,66.1812,0
West_SJ,2021,2,3,27.0,0.0,68.02875,0
West_SJ,2021,2,4,25.0,0.0,83.57202,0
West_SJ,2021,2,5,25.500000000000004,0.0508,78.37078,0
West_SJ,2021,2,6,26.500000000000004,0.0,65.34897,0
West_SJ,2021,2,7,27.0,0.4064,71.7314,0
West_SJ,2021,2,8,25.500000000000004,0.0,79.795296,0
West_SJ,2021,2,9,27.0,0.0254,69.19588,0
West_SJ,2021,2,10,25.0,0.0,76.953766,0
West_SJ,2021,2,11,25.500000000000004,0.2285999999999999,77.573204,0
West_SJ,2021,2,12,25.0,0.6604,80.80392,0
West_SJ,2021,2,13,27.0,0.8382,68.32208,0
West_SJ,2021,2,14,25.500000000000004,0.0,72.47312,0
West_SJ,2021,2,15,25.500000000000004,0.1778,76.24583,0
West_SJ,2021,2,16,26.500000000000004,0.1523999999999999,66.1934,0
West_SJ,2021,2,17,25.500000000000004,0.2285999999999999,83.48721,0
West_SJ,2021,2,18,26.500000000000004,0.5841999999999999,73.1212,0
West_SJ,2021,2,19,26.000000000000007,0.5841999999999999,72.14624,0
West_SJ,2021,2,20,24.5,0.0,75.71988,0
West_SJ,2021,2,21,25.0,0.000254,79.62559,0
West_SJ,2021,2,22,27.0,0.0,71.6832,0
West_SJ,2021,2,23,26.500000000000004,0.0,69.57087,0
West_SJ,2021,2,24,26.000000000000007,0.1523999999999999,65.510376,0
West_SJ,2021,2,25,26.000000000000007,0.0,63.995834,0
West_SJ,2021,2,26,25.500000000000004,0.0,67.935814,0
West_SJ,2021,2,27,25.500000000000004,1.2191999999999998,77.04482,0
West_SJ,2021,2,28,26.0,0.1016,69.299545,0
West_SJ,2021,3,1,24.5,1.5239999999999998,78.79822,0
West_SJ,2021,3,2,25.500000000000004,0.5588,66.837234,0
West_SJ,2021,3,3,25.0,0.1016,73.781334,0
West_SJ,2021,3,4,25.0,0.0,75.21274,0
West_SJ,2021,3,5,26.500000000000004,0.0,69.068756,0
West_SJ,2021,3,6,27.5,0.0,70.51182,0
West_SJ,2021,3,7,27.5,0.0,64.82846,0
West_SJ,2021,3,8,26.000000000000007,0.0,78.731674,0
West_SJ,2021,3,9,27.0,0.0,71.73412,0
West_SJ,2021,3,10,26.000000000000007,0.4064,77.162476,0
West_SJ,2021,3,11,26.000000000000007,0.000254,69.264915,0
West_SJ,2021,3,12,25.500000000000004,0.0,73.03025,0
West_SJ,2021,3,13,24.5,0.9906,78.452995,0
West_SJ,2021,3,14,25.500000000000004,0.0,74.04809,0
West_SJ,2021,3,15,25.0,0.0254,79.07708,0
West_SJ,2021,3,16,25.500000000000004,0.0,60.92252,0
West_SJ,2021,3,17,25.500000000000004,0.0,73.36244,0
West_SJ,2021,3,18,25.500000000000004,0.2285999999999999,64.185585,0
West_SJ,2021,3,19,26.000000000000007,0.0761999999999999,68.353355,0
West_SJ,2021,3,20,26.000000000000007,0.0,74.77462,0
West_SJ,2021,3,21,26.0,0.0393501622113817,67.42014,0
West_SJ,2021,3,22,25.500000000000004,0.000254,66.783394,0
West_SJ,2021,3,23,25.500000000000004,0.0,74.85557,0
West_SJ,2021,3,24,25.500000000000004,0.0,77.97648,0
West_SJ,2021,3,25,26.000000000000007,1.143,75.014114,0
West_SJ,2021,3,26,26.000000000000007,0.000254,72.85443,0
West_SJ,2021,3,27,26.000000000000007,0.3556,72.320984,0
West_SJ,2021,3,28,26.000000000000007,0.3047999999999999,75.697716,0
West_SJ,2021,3,29,26.000000000000007,0.0,79.99149,0
West_SJ,2021,3,30,27.0,0.508,75.358376,0
West_SJ,2021,3,31,27.0,0.0254,68.9749,0
West_SJ,2021,4,1,27.0,0.0508,64.57585,0
West_SJ,2021,4,2,25.0,0.0,81.77467,0
West_SJ,2021,4,3,26.500000000000004,0.254,77.09022,0
West_SJ,2021,4,4,26.000000000000007,0.0,77.00155,0
West_SJ,2021,4,5,25.500000000000004,0.0,77.98348,0
West_SJ,2021,4,6,26.000000000000007,0.0,78.78829,0
West_SJ,2021,4,7,25.500000000000004,0.3556,78.12729,0
West_SJ,2021,4,8,25.500000000000004,0.7112,73.56492,0
West_SJ,2021,4,9,25.0,0.0508,65.42165,0
West_SJ,2021,4,10,24.5,0.0,63.313454,0
West_SJ,2021,4,11,25.0,0.0,66.660706,0
West_SJ,2021,4,12,25.0,0.0,69.45988,0
West_SJ,2021,4,13,26.000000000000007,0.0,77.34501,0
West_SJ,2021,4,14,26.000000000000007,0.0,76.33319,0
West_SJ,2021,4,15,26.0,0.0,60.15027,0
West_SJ,2021,4,16,26.000000000000007,0.0,73.9726,0
West_SJ,2021,4,17,29.5,0.0508,66.03791,0
West_SJ,2021,4,18,29.5,0.0,69.56353,0
West_SJ,2021,4,19,28.000000000000004,0.0,71.50429,0
West_SJ,2021,4,20,28.000000000000004,0.0,69.31415,0
West_SJ,2021,4,21,27.5,0.0,68.47201,0
West_SJ,2021,4,22,26.500000000000004,0.0,76.577515,0
West_SJ,2021,4,23,27.5,0.127,73.01399,0
West_SJ,2021,4,24,27.5,0.635,72.46849,0
West_SJ,2021,4,25,27.5,0.0254,69.65559,0
West_SJ,2021,4,26,26.500000000000004,0.0,73.622696,0
West_SJ,2021,4,27,27.5,0.0508,72.04021,0
West_SJ,2021,4,28,25.500000000000004,0.127,81.95993,0
West_SJ,2021,4,29,26.500000000000004,1.6509999999999998,76.25296,0
West_SJ,2021,4,30,26.000000000000007,2.7432,79.05129,0
West_SJ,2021,5,1,26.000000000000007,0.0,76.406136,0
West_SJ,2021,5,2,27.0,0.0,72.548996,0
West_SJ,2021,5,3,26.500000000000004,0.2794,77.62767,0
West_SJ,2021,5,4,26.500000000000004,0.4064,77.94858,0
West_SJ,2021,5,5,27.5,0.0,73.23078,0
West_SJ,2021,5,6,27.0,0.0,70.90053,0
West_SJ,2021,5,7,26.500000000000004,0.0,73.28837,0
West_SJ,2021,5,8,26.500000000000004,0.0,74.4554,0
West_SJ,2021,5,9,27.5,0.0508,76.41206,0
West_SJ,2021,5,10,27.5,0.1778,80.08758,0
West_SJ,2021,5,11,27.5,0.0,79.577126,0
West_SJ,2021,5,12,27.5,0.1523999999999999,74.44893,0
West_SJ,2021,5,13,28.000000000000004,0.0,73.2794,0
West_SJ,2021,5,14,27.0,0.0,78.738716,0
West_SJ,2021,5,15,28.000000000000004,1.397,72.71053,0
West_SJ,2021,5,16,28.000000000000004,0.0254,73.39724,0
West_SJ,2021,5,17,27.0,0.0,75.78281,0
West_SJ,2021,5,18,29.0,0.0,73.423805,0
West_SJ,2021,5,19,29.5,0.0,71.21402,0
West_SJ,2021,5,20,28.5,0.0,75.65494,0
West_SJ,2021,5,21,27.5,0.0,75.44988,0
West_SJ,2021,5,22,27.5,0.2794,75.46895,0
West_SJ,2021,5,23,25.0,0.4826,81.524315,0
West_SJ,2021,5,24,26.500000000000004,0.000254,81.00128,0
West_SJ,2021,5,25,28.000000000000004,0.0254,74.16127,0
West_SJ,2021,5,26,28.000000000000004,0.0,74.19761,0
West_SJ,2021,5,27,28.000000000000004,0.0,75.07225,0
West_SJ,2021,5,28,27.5,0.0508,77.1314,0
West_SJ,2021,5,29,28.5,0.0508,74.23392,0
West_SJ,2021,5,30,28.000000000000004,0.0,69.47588,0
West_SJ,2021,5,31,27.0,2.5146,76.55545,0
West_SJ,2021,6,1,27.5,0.2032,74.69933,0
West_SJ,2021,6,2,27.5,0.508,76.37677,0
West_SJ,2021,6,3,27.5,0.0,74.25267,0
West_SJ,2021,6,4,27.5,0.5334,78.22086,0
West_SJ,2021,6,5,26.500000000000004,0.127,80.18839,0
West_SJ,2021,6,6,27.5,1.0414,75.22761,0
West_SJ,2021,6,7,27.0,0.2285999999999999,79.28455,0
West_SJ,2021,6,8,26.500000000000004,0.3302,81.94681,0
West_SJ,2021,6,9,26.500000000000004,3.2258,87.1859,0
West_SJ,2021,6,10,25.500000000000004,0.7112,86.57445,0
West_SJ,2021,6,11,27.0,0.1778,82.11034,0
West_SJ,2021,6,12,27.5,1.3716,77.068504,0
West_SJ,2021,6,13,27.5,0.0,78.46525,0
West_SJ,2021,6,14,28.000000000000004,0.0,75.990234,0
West_SJ,2021,6,15,28.5,0.0,77.287575,0
West_SJ,2021,6,16,29.000000000000004,0.0761999999999999,77.28763,0
West_SJ,2021,6,17,28.000000000000004,0.5841999999999999,79.979225,0
West_SJ,2021,6,18,28.5,0.8889999999999999,74.26544,0
West_SJ,2021,6,19,28.5,0.0508,75.62002,0
West_SJ,2021,6,20,28.000000000000004,0.4826,83.36695,0
West_SJ,2021,6,21,27.5,0.2285999999999999,82.75168,0
West_SJ,2021,6,22,27.0,0.4064,78.19218,0
West_SJ,2021,6,23,28.000000000000004,0.4571999999999999,72.60344,0
West_SJ,2021,6,24,27.5,0.3302,77.37634,0
West_SJ,2021,6,25,28.000000000000004,1.2446,76.64478,0
West_SJ,2021,6,26,27.0,0.9144,79.524826,0
West_SJ,2021,6,27,27.0,0.3809999999999999,77.48593,0
West_SJ,2021,6,28,27.5,0.0,77.41955,0
West_SJ,2021,6,29,28.000000000000004,4.140199999999999,74.853195,0
West_SJ,2021,6,30,28.000000000000004,0.0,75.311775,0
West_SJ,2021,7,1,28.5,1.143,79.85208,0
West_SJ,2021,7,2,29.000000000000004,0.0,75.40827,0
West_SJ,2021,7,3,30.0,0.0254,68.25304,0
West_SJ,2021,7,4,29.0,0.0,72.94544,0
West_SJ,2021,7,5,27.5,0.0,74.36103,0
West_SJ,2021,7,6,29.0,0.6858,72.78237,0
West_SJ,2021,7,7,29.000000000000004,0.0508,77.254585,0
West_SJ,2021,7,8,29.5,0.0,74.78739,0
West_SJ,2021,7,9,29.000000000000004,0.3302,71.7966,0
West_SJ,2021,7,10,28.000000000000004,1.5494,77.76722,0
West_SJ,2021,7,11,29.000000000000004,0.7874,79.76047,0
West_SJ,2021,7,12,29.0,0.1523999999999999,78.40331,0
West_SJ,2021,7,13,28.000000000000004,0.6613893434836652,79.02514,0
West_SJ,2021,7,14,27.5,0.6810192279123892,76.75624,0
West_SJ,2021,7,15,27.0,1.5239999999999998,77.34044,0
West_SJ,2021,7,16,29.0,0.127,72.504944,0
West_SJ,2021,7,17,28.5,0.6858,75.872086,0
West_SJ,2021,7,18,28.5,1.7272000000000003,81.18419,0
West_SJ,2021,7,19,29.0,0.0,74.00104,0
West_SJ,2021,7,20,29.5,0.0,73.75699,0
West_SJ,2021,7,21,29.5,0.0,71.796745,0
West_SJ,2021,7,22,28.5,0.2285999999999999,75.9352,0
West_SJ,2021,7,23,28.5,0.508,84.141304,0
West_SJ,2021,7,24,27.0,1.8542,90.86415,0
West_SJ,2021,7,25,27.5,0.5588,85.716034,0
West_SJ,2021,7,26,28.000000000000004,1.0921999999999998,83.59922,0
West_SJ,2021,7,27,29.000000000000004,0.0,72.39286,0
West_SJ,2021,7,28,27.0,0.0,77.004456,0
West_SJ,2021,7,29,28.000000000000004,1.6256,75.3118,0
West_SJ,2021,7,30,28.5,0.0761999999999999,78.389084,0
West_SJ,2021,7,31,29.5,0.6095999999999999,76.785255,0
West_SJ,2021,8,1,29.0,0.1778,76.712524,0
West_SJ,2021,8,2,28.000000000000004,0.0,78.06541,0
West_SJ,2021,8,3,28.000000000000004,0.0761999999999999,75.74907,0
West_SJ,2021,8,4,28.000000000000004,0.4571999999999999,81.98729,0
West_SJ,2021,8,5,28.5,0.2285999999999999,75.457146,0
West_SJ,2021,8,6,29.0,0.1778,76.096954,0
West_SJ,2021,8,7,29.0,0.0254,76.02,0
West_SJ,2021,8,8,28.000000000000004,0.254,78.09124,0
West_SJ,2021,8,9,29.0,0.0254,73.32266,0
West_SJ,2021,8,10,27.5,0.0,77.93746,0
West_SJ,2021,8,11,29.5,2.0828,75.01559,0
West_SJ,2021,8,12,29.5,0.000254,72.44392,0
West_SJ,2021,8,13,29.5,0.0508,72.85437,0
West_SJ,2021,8,14,29.5,0.2794,84.21673,0
West_SJ,2021,8,15,27.5,1.016,87.71312,0
West_SJ,2021,8,16,28.000000000000004,1.2954,79.531296,0
West_SJ,2021,8,17,29.0,0.0,77.86183,0
West_SJ,2021,8,18,29.5,0.2285999999999999,75.26064,0
West_SJ,2021,8,19,29.5,0.0254,71.78193,0
West_SJ,2021,8,20,29.5,0.1016,78.082985,0
West_SJ,2021,8,21,29.5,0.0,78.87334,0
West_SJ,2021,8,22,29.5,0.0,77.79606,0
West_SJ,2021,8,23,29.5,0.0,74.12655,0
West_SJ,2021,8,24,29.5,0.0254,73.91702,0
West_SJ,2021,8,25,29.0,0.0,74.99898,0
West_SJ,2021,8,26,29.0,0.0,73.32866,0
West_SJ,2021,8,27,29.5,0.0,75.07939,0
West_SJ,2021,8,28,29.5,0.0,81.80205,0
West_SJ,2021,8,29,29.5,0.0254,74.31808,0
West_SJ,2021,8,30,28.000000000000004,0.0,74.35276,0
West_SJ,2021,8,31,28.000000000000004,0.0,75.03707,0
West_SJ,2021,9,1,28.5,0.0,75.879906,0
West_SJ,2021,9,2,28.5,1.6256,76.66321,0
West_SJ,2021,9,3,29.0,1.6387316770635183,78.53786,0
West_SJ,2021,9,4,30.0,0.0508,74.253426,0
West_SJ,2021,9,5,29.5,0.0,73.57456,0
West_SJ,2021,9,6,30.0,0.0,75.398094,0
West_SJ,2021,9,7,30.0,0.0,72.92856,0
West_SJ,2021,9,8,29.0,0.254,77.8162,0
West_SJ,2021,9,9,27.5,0.000254,77.00106,0
West_SJ,2021,9,10,29.0,1.7272000000000003,77.24869,0
West_SJ,2021,9,11,28.5,0.1523999999999999,75.57302,0
West_SJ,2021,9,12,28.000000000000004,1.5239999999999998,80.25044,0
West_SJ,2021,9,13,28.000000000000004,1.905,83.8249,0
West_SJ,2021,9,14,28.5,0.7112,82.96111,0
West_SJ,2021,9,15,28.000000000000004,0.3047999999999999,84.09128,0
West_SJ,2021,9,16,29.0,0.0508,75.493515,0
West_SJ,2021,9,17,28.5,1.0921999999999998,79.35256,0
West_SJ,2021,9,18,27.5,0.2032,76.55539,0
West_SJ,2021,9,19,28.000000000000004,0.2794,77.00803,0
West_SJ,2021,9,20,28.000000000000004,1.7779999999999998,83.41781,0
West_SJ,2021,9,21,27.5,0.2032,88.28404,0
West_SJ,2021,9,22,29.5,0.1398098330541175,71.180855,0
West_SJ,2021,9,23,30.0,0.0,70.90067,0
West_SJ,2021,9,24,30.0,0.0,70.641075,0
West_SJ,2021,9,25,29.0,0.0,77.076904,0
West_SJ,2021,9,26,29.0,0.0,77.967834,0
West_SJ,2021,9,27,29.0,0.2032,75.38039,0
West_SJ,2021,9,28,29.0,0.0,75.37743,0
West_SJ,2021,9,29,29.0,2.6162,76.84997,0
West_SJ,2021,9,30,28.5,0.0,76.77725,0
West_SJ,2021,10,1,28.000000000000004,0.254,77.98361,0
West_SJ,2021,10,2,28.000000000000004,0.6095999999999999,78.4788,0
West_SJ,2021,10,3,29.0,0.3047999999999999,72.8378,0
West_SJ,2021,10,4,29.5,0.0,68.18842,0
West_SJ,2021,10,5,29.5,0.6604,73.09177,0
West_SJ,2021,10,6,28.5,0.508,74.218834,0
West_SJ,2021,10,7,29.0,0.4318000000000001,77.224144,0
West_SJ,2021,10,8,29.000000000000004,0.1016,74.44338,0
West_SJ,2021,10,9,28.5,0.0254,73.19709,0
West_SJ,2021,10,10,27.5,0.635,83.82691,0
West_SJ,2021,10,11,26.0,1.8034,85.80551,0
West_SJ,2021,10,12,28.5,0.9144,86.753525,0
West_SJ,2021,10,13,29.0,0.1523999999999999,85.49407,0
West_SJ,2021,10,14,28.5,0.1778,80.36785,0
West_SJ,2021,10,15,28.000000000000004,0.8382,81.92615,0
West_SJ,2021,10,16,28.000000000000004,0.0254,78.7221,0
West_SJ,2021,10,17,28.000000000000004,0.0,77.97892,0
West_SJ,2021,10,18,28.000000000000004,0.0,79.67806,0
West_SJ,2021,10,19,29.0,0.0508,75.62189,0
West_SJ,2021,10,20,28.000000000000004,0.0,82.064964,0
West_SJ,2021,10,21,28.5,1.5748,79.23019,0
West_SJ,2021,10,22,29.0,0.2285999999999999,70.96806,0
West_SJ,2021,10,23,29.0,0.0,68.65551,0
West_SJ,2021,10,24,26.500000000000004,0.0,80.50295,0
West_SJ,2021,10,25,28.000000000000004,1.7779999999999998,79.263664,0
West_SJ,2021,10,26,28.5,0.0,73.04331,0
West_SJ,2021,10,27,28.500000000000007,0.0,72.62509,0
West_SJ,2021,10,28,28.5,0.0,69.49321,0
West_SJ,2021,10,29,28.500000000000007,0.0,67.582954,0
West_SJ,2021,10,30,29.0,0.0,62.20906,0
West_SJ,2021,10,31,28.000000000000004,0.0,74.567184,0
West_SJ,2021,11,1,27.5,0.000254,77.22752,0
West_SJ,2021,11,2,27.5,0.0,77.77771,0
West_SJ,2021,11,3,27.5,0.8889999999999999,82.566475,0
West_SJ,2021,11,4,27.5,0.3302,77.00802,0
West_SJ,2021,11,5,28.5,0.000254,77.11316,0
West_SJ,2021,11,6,28.5,2.0574000000000003,76.80134,0
West_SJ,2021,11,7,26.0,0.0,77.96676,0
West_SJ,2021,11,8,26.500000000000004,0.0,76.326706,0
West_SJ,2021,11,9,27.5,0.0,74.92662,0
West_SJ,2021,11,10,28.000000000000004,0.0254,75.533264,0
West_SJ,2021,11,11,28.000000000000004,0.0761999999999999,77.17954,0
West_SJ,2021,11,12,28.5,0.1523999999999999,71.87323,0
West_SJ,2021,11,13,28.000000000000004,0.127,77.57474,0
West_SJ,2021,11,14,28.000000000000004,0.1523999999999999,75.4219,0
West_SJ,2021,11,15,28.000000000000004,0.0,75.59339,0
West_SJ,2021,11,16,27.0,0.0,74.66935,0
West_SJ,2021,11,17,26.500000000000004,0.2794,82.14254,0
West_SJ,2021,11,18,27.5,0.2794,76.697914,0
West_SJ,2021,11,19,27.5,0.3809999999999999,74.08864,0
West_SJ,2021,11,20,26.500000000000004,0.0508,74.82748,0
West_SJ,2021,11,21,26.500000000000004,0.127,81.645386,0
West_SJ,2021,11,22,26.500000000000004,0.1016,77.68449,0
West_SJ,2021,11,23,27.5,0.0,73.85476,0
West_SJ,2021,11,24,26.500000000000004,0.1523999999999999,77.07762,0
West_SJ,2021,11,25,26.000000000000007,0.7874,83.739716,0
West_SJ,2021,11,26,27.5,0.7619999999999999,63.463753,0
West_SJ,2021,11,27,25.500000000000004,0.0,75.13014,0
West_SJ,2021,11,28,26.500000000000004,0.000254,80.00865,0
West_SJ,2021,11,29,28.000000000000004,0.0,72.370964,0
West_SJ,2021,11,30,28.000000000000004,0.0,74.5602,0
West_SJ,2021,12,1,27.0,0.0,79.327354,0
West_SJ,2021,12,2,27.5,0.0207079355451832,76.7373,0
West_SJ,2021,12,3,26.500000000000004,0.0508,80.58109,0
West_SJ,2021,12,4,27.0,0.4826,80.91157,0
West_SJ,2021,12,5,26.500000000000004,1.5494,80.54806,0
West_SJ,2021,12,6,26.500000000000004,0.0508,77.20139,0
West_SJ,2021,12,7,26.500000000000004,0.6095999999999999,76.6161,0
West_SJ,2021,12,8,27.0,0.1016,71.7211,0
West_SJ,2021,12,9,26.500000000000004,0.8128,79.286865,0
West_SJ,2021,12,10,27.5,0.2794,73.51234,0
West_SJ,2021,12,11,27.5,2.032,72.63241,0
West_SJ,2021,12,12,28.000000000000004,0.0,74.819275,0
West_SJ,2021,12,13,27.0,0.0,81.17932,0
West_SJ,2021,12,14,27.0,0.0,76.00704,0
West_SJ,2021,12,15,26.000000000000007,0.0,78.90787,0
West_SJ,2021,12,16,26.500000000000004,0.0,72.52919,0
West_SJ,2021,12,17,26.500000000000004,0.0,75.52163,0
West_SJ,2021,12,18,26.000000000000007,0.0,80.40161,0
West_SJ,2021,12,19,25.500000000000004,0.0,81.076775,0
West_SJ,2021,12,20,25.0,0.0,81.381226,0
West_SJ,2021,12,21,25.0,0.0,81.36057,0
West_SJ,2021,12,22,26.500000000000004,0.0,75.108505,0
West_SJ,2021,12,23,26.500000000000004,0.0,76.4306,0
West_SJ,2021,12,24,26.000000000000007,0.0,79.381226,0
West_SJ,2021,12,25,25.500000000000004,0.0,82.07593,0
West_SJ,2021,12,26,25.500000000000004,0.0,78.98038,0
West_SJ,2021,12,27,25.0,0.0761999999999999,80.66431,0
West_SJ,2021,12,28,25.500000000000004,0.3809999999999999,76.90387,0
West_SJ,2021,12,29,26.000000000000007,0.2032,72.71367,0
West_SJ,2021,12,30,26.000000000000007,0.0,67.92292,0
West_SJ,2021,12,31,26.500000000000004,0.0,66.32091,0
West_SJ,2022,1,1,25.500000000000004,0.0,59.657204,0
West_SJ,2022,1,2,25.500000000000004,0.0,62.25283,0
West_SJ,2022,1,3,26.000000000000007,1.2446,78.776535,0
West_SJ,2022,1,4,24.444444444444446,0.6604,71.01225029205835,0
West_SJ,2022,1,5,25.500000000000004,2.6162,80.18236,0
West_SJ,2022,1,6,25.0,0.254,77.787125,0
West_SJ,2022,1,7,26.000000000000007,0.7112,78.22734,0
West_SJ,2022,1,8,27.0,0.2032,74.32984,0
West_SJ,2022,1,9,27.0,1.0414,68.76828,0
West_SJ,2022,1,10,26.500000000000004,0.254,69.97053,0
West_SJ,2022,1,11,25.0,0.0761999999999999,80.89221,0
West_SJ,2022,1,12,25.0,0.2285999999999999,75.3432,0
West_SJ,2022,1,13,26.5,0.0,67.164696,0
West_SJ,2022,1,14,25.500000000000004,0.0,76.93727,0
West_SJ,2022,1,15,25.0,2.5146,80.69665,0
West_SJ,2022,1,16,25.500000000000004,0.2794,78.947174,0
West_SJ,2022,1,17,27.0,0.0,69.139656,0
West_SJ,2022,1,18,25.0,0.0,76.49266,0
West_SJ,2022,1,19,25.500000000000004,0.0,79.0224,0
West_SJ,2022,1,20,25.500000000000004,0.0761999999999999,78.365685,0
West_SJ,2022,1,21,26.000000000000007,0.000254,73.23536,0
West_SJ,2022,1,22,25.500000000000004,0.0,73.12466,0
West_SJ,2022,1,23,25.500000000000004,0.0,61.343918,0
West_SJ,2022,1,24,25.0,0.0,73.362236,0
West_SJ,2022,1,25,25.500000000000004,0.0,76.272835,0
West_SJ,2022,1,26,25.0,0.0,72.02651,0
West_SJ,2022,1,27,25.500000000000004,0.127,77.48537,0
West_SJ,2022,1,28,25.0,0.127,77.37188,0
West_SJ,2022,1,29,25.500000000000004,0.0,70.349846,0
West_SJ,2022,1,30,25.0,0.0,74.4577,0
West_SJ,2022,1,31,25.0,0.0,80.42324,0
West_SJ,2022,2,1,25.0,0.4826,82.35641,0
West_SJ,2022,2,2,25.500000000000004,0.635,79.079254,0
West_SJ,2022,2,3,25.0,0.3047999999999999,84.22603,0
West_SJ,2022,2,4,24.0,0.127,78.81711,0
West_SJ,2022,2,5,22.5,1.6001999999999998,80.45012314668658,0
West_SJ,2022,2,6,24.0,1.6094169837252406,91.63376,0
West_SJ,2022,2,7,25.0,1.5730125798849337,79.90317,0
West_SJ,2022,2,8,24.5,0.127,78.57462,0
West_SJ,2022,2,9,25.0,0.000254,70.57358,0
West_SJ,2022,2,10,26.000000000000007,0.0,68.5391,0
West_SJ,2022,2,11,25.500000000000004,0.0,78.92619,0
West_SJ,2022,2,12,25.0,0.0,73.39424,0
West_SJ,2022,2,13,25.500000000000004,0.6737818498889316,77.586555,0
West_SJ,2022,2,14,25.500000000000004,0.5841999999999999,76.0703,0
West_SJ,2022,2,15,25.500000000000004,0.6604,79.40144,0
West_SJ,2022,2,16,25.500000000000004,0.7365999999999999,79.80515,0
West_SJ,2022,2,17,25.500000000000004,0.0,72.769745,0
West_SJ,2022,2,18,25.0,0.7619999999999999,83.42637,0
West_SJ,2022,2,19,25.0,1.1176,78.957504,0
West_SJ,2022,2,20,25.500000000000004,0.1778,77.966194,0
West_SJ,2022,2,21,25.500000000000004,0.4571999999999999,77.71118,0
West_SJ,2022,2,22,25.500000000000004,0.2285999999999999,73.80629,0
West_SJ,2022,2,23,24.5,0.0254,77.3946,0
West_SJ,2022,2,24,25.500000000000004,0.3047999999999999,67.33407,0
West_SJ,2022,2,25,24.5,0.2794,75.156334,0
West_SJ,2022,2,26,24.5,0.000254,74.9942,0
West_SJ,2022,2,27,25.0,0.0,81.83402,0
West_SJ,2022,2,28,25.500000000000004,0.5588,83.47509,0
West_SJ,2022,3,1,25.500000000000004,0.000254,79.14631,0
West_SJ,2022,3,2,26.000000000000007,0.0,81.05528,0
West_SJ,2022,3,3,25.500000000000004,0.0,82.37379,0
West_SJ,2022,3,4,26.000000000000007,0.0,78.99373,0
West_SJ,2022,3,5,26.000000000000007,0.3556,80.716255,0
West_SJ,2022,3,6,25.0,2.6924,81.48123,0
West_SJ,2022,3,7,25.500000000000004,1.0414,77.781624,0
West_SJ,2022,3,8,26.000000000000007,0.3809999999999999,75.60154,0
West_SJ,2022,3,9,25.500000000000004,0.3047999999999999,82.16136,0
West_SJ,2022,3,10,25.500000000000004,0.3809999999999999,83.320625,0
West_SJ,2022,3,11,25.500000000000004,0.0508,73.56076,0
West_SJ,2022,3,12,26.000000000000007,0.1778,80.849236,0
West_SJ,2022,3,13,25.0,0.6095999999999999,76.79184,0
West_SJ,2022,3,14,26.500000000000004,0.0761999999999999,73.60653,0
West_SJ,2022,3,15,27.0,0.3556,69.03665,0
West_SJ,2022,3,16,25.500000000000004,1.654570483266646,76.61094,0
West_SJ,2022,3,17,26.500000000000004,0.0543832331410609,73.64597,0
West_SJ,2022,3,18,26.000000000000007,0.0,73.75209,0
West_SJ,2022,3,19,26.500000000000004,0.3909285289649034,73.96086,0
West_SJ,2022,3,20,25.500000000000004,0.0,78.248116,0
West_SJ,2022,3,21,25.0,0.0507228684170526,73.24008,0
West_SJ,2022,3,22,25.0,0.0,73.96091,0
West_SJ,2022,3,23,25.500000000000004,0.1073061518980023,75.17405,0
West_SJ,2022,3,24,24.5,2.985456983951715,81.59329,0
West_SJ,2022,3,25,25.0,0.5334,77.23021,0
West_SJ,2022,3,26,25.500000000000004,0.3556,75.234856,0
West_SJ,2022,3,27,25.500000000000004,0.000254,76.47929,0
West_SJ,2022,3,28,25.500000000000004,0.0,76.67536,0
West_SJ,2022,3,29,25.500000000000004,0.0,78.25901,0
West_SJ,2022,3,30,26.000000000000007,0.0,73.086655,0
West_SJ,2022,3,31,26.500000000000004,0.4571999999999999,68.99036,0
West_SJ,2022,4,1,26.000000000000007,0.000254,72.07184,0
West_SJ,2022,4,2,26.000000000000007,0.0761999999999999,79.808716,0
West_SJ,2022,4,3,27.0,0.0,65.39914,0
West_SJ,2022,4,4,27.0,0.0,72.157425,0
West_SJ,2022,4,5,26.500000000000004,0.0,74.72701,0
West_SJ,2022,4,6,25.500000000000004,0.0,76.63077,0
West_SJ,2022,4,7,25.500000000000004,0.1778,75.899376,0
West_SJ,2022,4,8,26.000000000000007,0.0,73.79176,0
West_SJ,2022,4,9,26.000000000000007,0.1523999999999999,73.49137,0
West_SJ,2022,4,10,26.000000000000007,0.1016,77.01684,0
West_SJ,2022,4,11,26.000000000000007,0.0,76.32092,0
West_SJ,2022,4,12,27.0,0.0254,74.636665,0
West_SJ,2022,4,13,26.000000000000007,0.1778,70.061554,0
West_SJ,2022,4,14,26.000000000000007,0.0,77.280914,0
West_SJ,2022,4,15,25.500000000000004,0.3302,78.603134,0
West_SJ,2022,4,16,26.000000000000007,0.349042894962851,78.675095,0
West_SJ,2022,4,17,27.0,0.3556,73.90181,0
West_SJ,2022,4,18,27.5,0.0,71.52468,0
West_SJ,2022,4,19,27.5,0.0,71.453926,0
West_SJ,2022,4,20,27.0,0.0,71.819214,0
West_SJ,2022,4,21,26.500000000000004,0.0,70.097664,0
West_SJ,2022,4,22,25.500000000000004,1.1684,78.49796,0
West_SJ,2022,4,23,25.500000000000004,0.0,74.463806,0
West_SJ,2022,4,24,27.0,0.3047999999999999,64.52799,0
West_SJ,2022,4,25,26.000000000000007,0.0,71.72889,0
West_SJ,2022,4,26,26.0,0.1016,65.784355,0
West_SJ,2022,4,27,26.0,0.3809999999999999,63.961056,0
West_SJ,2022,4,28,25.0,0.0761999999999999,61.40566,0
West_SJ,2022,4,29,25.500000000000004,0.0,67.03528,0
West_SJ,2022,4,30,24.5,0.0,86.349365,0
West_SJ,2022,5,1,25.500000000000004,0.9144,84.7291,0
West_SJ,2022,5,2,28.000000000000004,0.7874,81.21451,0
West_SJ,2022,5,3,27.0,0.8886220163336139,79.331985,0
West_SJ,2022,5,4,27.0,0.0,78.34817,0
West_SJ,2022,5,5,26.500000000000004,0.0,76.712364,0
West_SJ,2022,5,6,26.500000000000004,0.0,77.38398,0
West_SJ,2022,5,7,26.500000000000004,0.0,77.41354,0
West_SJ,2022,5,8,27.0,0.0,78.09441,0
West_SJ,2022,5,9,29.5,0.0,69.16293,0
West_SJ,2022,5,10,28.5,0.0,71.99061,0
West_SJ,2022,5,11,29.0,0.0508,73.03743,0
West_SJ,2022,5,12,28.000000000000004,0.0,74.399704,0
West_SJ,2022,5,13,27.5,0.000254,75.231865,0
West_SJ,2022,5,14,27.0,0.3047999999999999,78.41757,0
West_SJ,2022,5,15,27.5,0.3556,74.90009,0
West_SJ,2022,5,16,29.0,0.0,70.74627,0
West_SJ,2022,5,17,28.000000000000004,0.0,79.38526,0
West_SJ,2022,5,18,29.5,0.0,75.31795,0
West_SJ,2022,5,19,28.000000000000004,0.0,77.470024,0
West_SJ,2022,5,20,28.000000000000004,0.0,75.30854,0
West_SJ,2022,5,21,28.000000000000004,0.0,74.62844,0
West_SJ,2022,5,22,28.000000000000004,0.0,75.51727,0
West_SJ,2022,5,23,28.000000000000004,0.0,74.76466,0
West_SJ,2022,5,24,27.5,0.3556,78.00625,0
West_SJ,2022,5,25,27.5,0.2285999999999999,75.386246,0
West_SJ,2022,5,26,28.000000000000004,0.000254,75.21267,0
West_SJ,2022,5,27,27.5,0.0254,73.79308,0
West_SJ,2022,5,28,28.000000000000004,0.0,75.3299,0
West_SJ,2022,5,29,28.000000000000004,0.0,75.25088,0
West_SJ,2022,5,30,27.5,0.0761999999999999,77.88966,0
West_SJ,2022,5,31,27.5,0.1016,76.87267,0
West_SJ,2022,6,1,27.5,0.000254,73.46352,0
West_SJ,2022,6,2,28.5,0.0,73.35907,0
West_SJ,2022,6,3,28.5,0.0,75.791565,0
West_SJ,2022,6,4,30.500000000000004,0.0,67.64754,0
West_SJ,2022,6,5,31.000000000000007,0.0,60.970776,0
West_SJ,2022,6,6,29.5,0.0,70.698265,0
West_SJ,2022,6,7,29.000000000000004,0.0,73.443794,0
West_SJ,2022,6,8,28.5,0.0,75.14424,0
West_SJ,2022,6,9,28.5,0.0,75.54903,0
West_SJ,2022,6,10,29.000000000000004,0.0,73.034874,0
West_SJ,2022,6,11,29.5,0.0,73.966324,0
West_SJ,2022,6,12,29.000000000000004,0.0,73.506485,0
West_SJ,2022,6,13,28.5,0.0,73.86727,0
West_SJ,2022,6,14,28.000000000000004,0.0254,78.007095,0
West_SJ,2022,6,15,27.0,2.1336,81.81828,0
West_SJ,2022,6,16,29.0,1.1176,78.40786,0
West_SJ,2022,6,17,28.5,0.000254,76.60197,0
West_SJ,2022,6,18,28.000000000000004,0.0,76.22569,0
West_SJ,2022,6,19,28.5,0.0,72.24943,0
West_SJ,2022,6,20,28.5,0.508,74.901825,0
West_SJ,2022,6,21,28.000000000000004,0.2285999999999999,76.81774,0
West_SJ,2022,6,22,28.000000000000004,0.0,73.539566,0
West_SJ,2022,6,23,28.5,0.0,72.88223,0
West_SJ,2022,6,24,29.5,0.0,71.86444,0
West_SJ,2022,6,25,28.000000000000004,1.1176,77.90008,0
West_SJ,2022,6,26,28.5,0.508,74.016975,0
West_SJ,2022,6,27,28.5,0.2285999999999999,70.9372,0
West_SJ,2022,6,28,29.000000000000004,0.0,73.26741,0
West_SJ,2022,6,29,29.5,0.127,73.307785,0
West_SJ,2022,6,30,29.000000000000004,0.254,77.09292,0
West_SJ,2022,7,1,29.5,0.1523999999999999,73.05867,0
West_SJ,2022,7,2,26.000000000000007,0.0254,84.788536,0
West_SJ,2022,7,3,28.000000000000004,0.0615094051425301,85.2538,0
West_SJ,2022,7,4,28.000000000000004,0.254,78.94504,0
West_SJ,2022,7,5,28.000000000000004,0.1016,77.5784,0
West_SJ,2022,7,6,27.5,0.000254,81.97519,0
West_SJ,2022,7,7,27.5,1.27,81.8141,0
West_SJ,2022,7,8,28.000000000000004,0.4826,75.70497,0
West_SJ,2022,7,9,28.5,0.1778,81.40349,0
West_SJ,2022,7,10,28.000000000000004,0.0761999999999999,81.8208,0
West_SJ,2022,7,11,29.0,0.0517769937057048,77.76567,0
West_SJ,2022,7,12,28.5,0.0,76.14071,0
West_SJ,2022,7,13,28.5,0.254,77.43689,0
West_SJ,2022,7,14,28.000000000000004,0.3302,78.31196,0
West_SJ,2022,7,15,28.5,3.429,82.385735,0
West_SJ,2022,7,16,29.5,0.0,79.37103,0
West_SJ,2022,7,17,29.000000000000004,0.8382,75.66762,0
West_SJ,2022,7,18,29.0,0.0761999999999999,77.1547,0
West_SJ,2022,7,19,28.5,0.2794,75.104866,0
West_SJ,2022,7,20,29.000000000000004,0.0254,76.073425,0
West_SJ,2022,7,21,26.500000000000004,0.4064,88.57894,0
West_SJ,2022,7,22,28.5,2.0574000000000003,77.82131,0
West_SJ,2022,7,23,28.5,1.993024882229183,73.280464,0
West_SJ,2022,7,24,27.5,0.4064,78.8408,0
West_SJ,2022,7,25,28.5,0.508,80.80181,0
West_SJ,2022,7,26,29.000000000000004,0.1778,75.90645,0
West_SJ,2022,7,27,28.000000000000004,0.0761999999999999,79.292114,0
West_SJ,2022,7,28,28.000000000000004,0.508,75.461685,0
West_SJ,2022,7,29,27.5,0.5334,77.97155,0
West_SJ,2022,7,30,28.000000000000004,1.905,83.78299,0
West_SJ,2022,7,31,29.0,0.1778,85.38767,0
West_SJ,2022,8,1,29.5,1.3252292244173458,76.69152,0
West_SJ,2022,8,2,29.000000000000004,0.0,75.02754,0
West_SJ,2022,8,3,29.0,0.5110427979060452,77.45506,0
West_SJ,2022,8,4,29.5,0.0,73.61963,0
West_SJ,2022,8,5,29.5,0.5494144985256137,72.35537500000001,0
West_SJ,2022,8,6,30.0,0.0,72.781944,0
West_SJ,2022,8,7,28.5,2.7136457373930023,84.16375,0
West_SJ,2022,8,8,29.5,2.7812217903980145,72.67691,0
West_SJ,2022,8,9,29.5,0.0,75.001816,0
West_SJ,2022,8,10,29.5,0.0,72.2082,0
West_SJ,2022,8,11,29.5,1.0842013916015876,75.91972,0
West_SJ,2022,8,12,29.0,0.0,73.54863,0
West_SJ,2022,8,13,28.5,0.0,74.021355,0
West_SJ,2022,8,14,28.5,0.0,79.7969,0
West_SJ,2022,8,15,28.000000000000004,0.0,83.5938,0
West_SJ,2022,8,16,28.5,1.016,80.20859,0
West_SJ,2022,8,17,28.000000000000004,2.6480057096684813,82.142075,0
West_SJ,2022,8,18,28.000000000000004,0.9906,83.12914,0
West_SJ,2022,8,19,28.5,0.9398,81.06836,0
West_SJ,2022,8,20,28.5,0.9204354867151596,80.38573,0
West_SJ,2022,8,21,28.000000000000004,0.3869683216053577,82.0192,0
West_SJ,2022,8,22,27.5,0.6916105364581908,83.87824,0
West_SJ,2022,8,23,28.000000000000004,0.3159618594174313,80.43877,0
West_SJ,2022,8,24,28.5,0.1052419464190555,74.35907,0
West_SJ,2022,8,25,27.5,2.8433999491115625,84.19506,0
West_SJ,2022,8,26,28.5,1.860289879611977,81.194115,0
West_SJ,2022,8,27,28.5,0.6376732227970461,76.24009,0
West_SJ,2022,8,28,28.5,0.6743179844497253,80.43531,0
West_SJ,2022,8,29,28.5,0.0,80.78286,0
West_SJ,2022,8,30,29.0,0.3642361090180976,85.01999,0
West_SJ,2022,8,31,29.0,0.0,76.75208,0
West_SJ,2022,9,1,28.5,0.1430842388761083,78.35989,0
West_SJ,2022,9,2,28.5,0.024771432376551,79.263,0
West_SJ,2022,9,3,29.5,0.0002374854799764,79.43659,0
West_SJ,2022,9,4,28.000000000000004,2.1240715147268547,90.114365,0
West_SJ,2022,9,5,28.000000000000004,2.55384002054145,82.140594,0
West_SJ,2022,9,6,27.5,1.1880386113830483,81.796715,0
West_SJ,2022,9,7,27.5,0.4552233266146929,81.262856,0
West_SJ,2022,9,8,28.5,0.5224072960301125,80.2266,0
West_SJ,2022,9,9,28.5,0.0,80.33255,0
West_SJ,2022,9,10,28.000000000000004,0.0768736188913261,82.33361,0
West_SJ,2022,9,11,28.5,2.077130130535719,79.88924,0
West_SJ,2022,9,12,28.5,0.5971212718192258,76.89946,0
West_SJ,2022,9,13,28.5,0.0,77.71648,0
West_SJ,2022,9,14,29.0,0.0,73.56928,0
West_SJ,2022,9,15,30.0,0.0,71.20135,0
West_SJ,2022,9,16,28.5,0.6373968136286864,79.736435,0
West_SJ,2022,9,17,27.5,0.0,74.228584,0
West_SJ,2022,9,18,25.0,1.116883270532934,85.97997,0
West_SJ,2022,9,19,26.0,0.1054114556076432,86.63217,0
West_SJ,2022,9,20,28.5,0.5475256637377959,77.99155,0
West_SJ,2022,9,21,29.0,0.1761628786202322,74.534294,0
West_SJ,2022,9,22,29.5,0.5785958049613279,71.89444,0
West_SJ,2022,9,23,29.0,0.0,73.0786,0
West_SJ,2022,9,24,29.0,0.1954803094579717,74.02762,0
West_SJ,2022,9,25,28.000000000000004,0.0,75.740944,0
West_SJ,2022,9,26,28.5,0.0,74.38619,0
West_SJ,2022,9,27,28.000000000000004,0.0,74.586494,0
West_SJ,2022,9,28,28.000000000000004,0.9561057859985144,75.76847,0
West_SJ,2022,9,29,27.0,1.533730390348112,81.54806,0
West_SJ,2022,9,30,27.5,0.7317942465094357,76.17217,0
West_SJ,2022,10,1,28.5,0.0932354968893871,78.9287,0
West_SJ,2022,10,2,29.000000000000004,0.1275721328631063,76.61515,0
West_SJ,2022,10,3,28.5,3.739830521283764,80.46917,0
West_SJ,2022,10,4,28.000000000000004,0.0,77.83424,0
West_SJ,2022,10,5,28.5,0.0,77.516945,0
West_SJ,2022,10,6,28.5,0.0,74.727806,0
West_SJ,2022,10,7,27.5,1.7075697112479928,81.432076,0
West_SJ,2022,10,8,28.5,0.0002253685259235,78.85237,0
West_SJ,2022,10,9,27.0,2.8480888700290907,80.07148,0
West_SJ,2022,10,10,27.5,0.8745743984815574,80.26176,0
West_SJ,2022,10,11,28.5,0.1234068548263087,79.03099,0
West_SJ,2022,10,12,29.0,0.0594242499445816,76.92494,0
West_SJ,2022,10,13,28.000000000000004,0.0,79.44676,0
West_SJ,2022,10,14,29.0,0.0,74.64505,0
West_SJ,2022,10,15,28.000000000000004,0.6454775088148687,77.38202,0
West_SJ,2022,10,16,28.000000000000004,0.0,80.16702,0
West_SJ,2022,10,17,28.000000000000004,2.2169667757973626,78.44671,0
West_SJ,2022,10,18,29.5,0.5261443875357042,71.91243,0
West_SJ,2022,10,19,29.0,0.0,72.82043,0
West_SJ,2022,10,20,28.5,0.4793353091842154,77.363396,0
West_SJ,2022,10,21,28.5,0.1500219509080068,75.98053,0
West_SJ,2022,10,22,28.000000000000004,0.0,79.73849,0
West_SJ,2022,10,23,27.5,0.8781757262130852,82.62498,0
West_SJ,2022,10,24,30.0,0.0,76.37923,0
West_SJ,2022,10,25,29.0,0.0,78.89224,0
West_SJ,2022,10,26,25.500000000000004,0.633951864399027,69.5448516541104,0
West_SJ,2022,10,27,25.0,2.745958986295843,90.05701,0
West_SJ,2022,10,28,27.0,0.2418597295824568,84.86887,0
West_SJ,2022,10,29,28.500000000000007,0.0,76.672255,0
West_SJ,2022,10,30,27.5,0.0181648866761682,83.40403,0
West_SJ,2022,10,31,26.500000000000004,0.0097276974879798,82.80368,0
West_SJ,2022,11,1,28.000000000000004,0.9447066081041948,84.7208,0
West_SJ,2022,11,2,28.000000000000004,0.0,80.185875,0
West_SJ,2022,11,3,27.5,0.0252061313153017,82.811584,0
West_SJ,2022,11,4,27.5,0.0,77.76471,0
West_SJ,2022,11,5,24.5,1.7374221910013516,88.80675,0
West_SJ,2022,11,6,28.000000000000004,0.6937468967038749,76.28822,0
West_SJ,2022,11,7,28.000000000000004,0.6674292852926398,79.77876,0
West_SJ,2022,11,8,28.5,0.258304963296916,78.71989,0
West_SJ,2022,11,9,29.0,0.5303707539490473,73.314316,0
West_SJ,2022,11,10,28.000000000000004,0.0,77.460014,0
West_SJ,2022,11,11,27.0,1.105603532312203,79.78072,0
West_SJ,2022,11,12,27.5,0.0,79.87474,0
West_SJ,2022,11,13,26.500000000000004,0.338529291870181,83.04979,0
West_SJ,2022,11,14,27.5,0.9283755968276466,81.04451,0
West_SJ,2022,11,15,27.5,0.9332420523908652,82.55302,0
West_SJ,2022,11,16,27.5,0.1333743563780092,74.03671,0
West_SJ,2022,11,17,26.500000000000004,1.3297164606801328,81.82184,0
West_SJ,2022,11,18,27.5,0.0,75.69931,0
West_SJ,2022,11,19,27.0,1.873247378077695,78.880936,0
West_SJ,2022,11,20,26.500000000000004,1.7208702392721562,82.264114,0
West_SJ,2022,11,21,26.500000000000004,0.0688760648495246,80.06788,0
West_SJ,2022,11,22,27.5,1.7749499763371184,75.91542,0
West_SJ,2022,11,23,26.500000000000004,0.829993062395849,83.21634,0
West_SJ,2022,11,24,26.500000000000004,0.0,82.23639,0
West_SJ,2022,11,25,26.500000000000004,0.0753348679156537,83.490974,0
West_SJ,2022,11,26,26.500000000000004,0.0,82.18061,0
West_SJ,2022,11,27,26.000000000000007,0.1592210482844128,78.6149,0
West_SJ,2022,11,28,27.0,0.6124812400755715,75.36138,0
West_SJ,2022,11,29,27.5,1.0432562357962358,75.20523,0
West_SJ,2022,11,30,26.500000000000004,0.0,76.74745,0
West_SJ,2022,12,1,27.5,0.0761999999999999,72.46575,0
West_SJ,2022,12,2,27.5,0.3302,72.69769,0
West_SJ,2022,12,3,26.000000000000007,0.2032,71.69482,0
West_SJ,2022,12,4,26.000000000000007,0.0508,69.996864,0
West_SJ,2022,12,5,27.0,0.4064,73.4976,0
West_SJ,2022,12,6,27.0,0.0508,69.19788,0
West_SJ,2022,12,7,27.0,0.1016,63.22239,0
West_SJ,2022,12,8,25.500000000000004,0.0761999999999999,66.09968,0
West_SJ,2022,12,9,25.500000000000004,0.1778,74.63095,0
West_SJ,2022,12,10,24.5,0.000254,74.45484,0
West_SJ,2022,12,11,25.500000000000004,0.0,76.791275,0
West_SJ,2022,12,12,24.5,0.2032,75.11908,0
West_SJ,2022,12,13,24.5,0.0,73.05541,0
West_SJ,2022,12,14,25.0,0.0,71.82819,0
West_SJ,2022,12,15,25.500000000000004,0.0,76.13404,0
West_SJ,2022,12,16,26.000000000000007,0.4571999999999999,83.425186,0
West_SJ,2022,12,17,24.5,0.5588,89.5777,0
West_SJ,2022,12,18,25.500000000000004,1.8034,78.8888,0
West_SJ,2022,12,19,25.500000000000004,0.0,76.850876,0
West_SJ,2022,12,20,26.000000000000007,0.000254,79.46614,0
West_SJ,2022,12,21,25.500000000000004,1.3462,82.38683,0
West_SJ,2022,12,22,25.500000000000004,0.0254,78.2591,0
West_SJ,2022,12,23,26.500000000000004,0.0,74.27473,0
West_SJ,2022,12,24,25.500000000000004,0.0,79.042076,0
West_SJ,2022,12,25,25.500000000000004,0.0508,76.76697,0
West_SJ,2022,12,26,25.500000000000004,0.000254,80.498604,0
West_SJ,2022,12,27,27.0,0.4318000000000001,77.26592,0
West_SJ,2022,12,28,26.000000000000007,0.000254,77.4442,0
West_SJ,2022,12,29,26.000000000000007,2.59536263290251,77.24482,0
West_SJ,2022,12,30,26.000000000000007,3.78230441789144,81.31257,0
West_SJ,2022,12,31,25.500000000000004,0.0,78.0244,0
West_SJ,2023,1,1,25.500000000000004,0.0234260316328422,82.833176,0
West_SJ,2023,1,2,25.500000000000004,0.1014409012167699,82.211174,0
West_SJ,2023,1,3,26.000000000000007,0.2623287150237807,75.43018,0
West_SJ,2023,1,4,24.0,3.0828875233231128,89.82929,0
West_SJ,2023,1,5,25.500000000000004,1.3772762386384385,82.13554,0
West_SJ,2023,1,6,25.500000000000004,0.0,79.741035,0
West_SJ,2023,1,7,25.0,1.1938,85.80699,0
West_SJ,2023,1,8,25.0,1.1684,85.483536,0
West_SJ,2023,1,9,25.500000000000004,0.7874,79.02945,0
West_SJ,2023,1,10,25.500000000000004,0.000254,80.586815,0
West_SJ,2023,1,11,25.0,0.7619999999999999,82.36636,0
West_SJ,2023,1,12,25.500000000000004,0.6095999999999999,82.09916,0
West_SJ,2023,1,13,25.500000000000004,0.3302,77.29883,0
West_SJ,2023,1,14,26.500000000000004,0.1016,74.060974,0
West_SJ,2023,1,15,24.5,0.0,78.0898,0
West_SJ,2023,1,16,23.000000000000004,-0.0444103457142762,77.49072,0
West_SJ,2023,1,17,26.0,0.000254,63.173054,0
West_SJ,2023,1,18,24.5,0.0,68.538506,0
West_SJ,2023,1,19,25.500000000000004,0.0,78.147095,0
West_SJ,2023,1,20,25.500000000000004,0.0,73.97086,0
West_SJ,2023,1,21,25.0,0.0,75.06674,0
West_SJ,2023,1,22,25.0,0.000254,75.29674,0
West_SJ,2023,1,23,25.500000000000004,0.0,68.41641,0
West_SJ,2023,1,24,25.500000000000004,0.1016,78.9521,0
West_SJ,2023,1,25,25.0,0.254,75.19721,0
West_SJ,2023,1,26,27.0,0.0761999999999999,63.57517,0
West_SJ,2023,1,27,25.0,1.5494,82.16776,0
West_SJ,2023,1,28,25.0,0.3047999999999999,70.74135,0
West_SJ,2023,1,29,26.500000000000004,0.6095999999999999,71.908806,0
West_SJ,2023,1,30,26.0,0.2285999999999999,68.185745,0
West_SJ,2023,1,31,26.0,0.000254,66.240395,0
West_SJ,2023,2,1,24.5,0.1016,77.72933,0
West_SJ,2023,2,2,27.0,0.4826,71.5055,0
West_SJ,2023,2,3,25.500000000000004,0.0761999999999999,76.82149,0
West_SJ,2023,2,4,25.0,0.0,80.349075,0
West_SJ,2023,2,5,25.500000000000004,0.6604,76.745705,0
West_SJ,2023,2,6,25.500000000000004,0.0254,76.83573,0
West_SJ,2023,2,7,26.000000000000007,0.0,78.23202,0
West_SJ,2023,2,8,25.500000000000004,0.8382,83.17373,0
West_SJ,2023,2,9,26.000000000000007,0.3302,74.04304,0
West_SJ,2023,2,10,26.000000000000007,0.9652,73.340515,0
West_SJ,2023,2,11,25.0,0.0254,73.53415,0
West_SJ,2023,2,12,26.000000000000007,0.3556,68.89292,0
West_SJ,2023,2,13,25.500000000000004,0.000254,76.197685,0
West_SJ,2023,2,14,25.0,0.0,81.06359,0
West_SJ,2023,2,15,24.5,0.0,79.74853,0
West_SJ,2023,2,16,26.000000000000007,0.2794,78.13095,0
West_SJ,2023,2,17,26.0,0.5334,66.67336,0
West_SJ,2023,2,18,25.0,0.0761999999999999,69.97999,0
West_SJ,2023,2,19,26.000000000000007,0.1778,64.90449,0
West_SJ,2023,2,20,25.0,0.0,70.94634,0
West_SJ,2023,2,21,24.5,0.2032,72.37013,0
West_SJ,2023,2,22,25.500000000000004,0.0,70.22153,0
West_SJ,2023,2,23,25.500000000000004,0.0,74.62666,0
West_SJ,2023,2,24,25.500000000000004,0.127,68.44376,0
West_SJ,2023,2,25,25.500000000000004,0.5841999999999999,71.20091,0
West_SJ,2023,2,26,24.5,0.0,72.15562,0
West_SJ,2023,2,27,24.5,0.0,71.59802,0
West_SJ,2023,2,28,24.0,0.0,70.41221,0
West_SJ,2023,3,1,24.5,0.0,71.33999,0
West_SJ,2023,3,2,25.0,0.0,74.46869,0
West_SJ,2023,3,3,25.500000000000004,0.0,73.97033,0
West_SJ,2023,3,4,25.500000000000004,0.0,73.74235,0
West_SJ,2023,3,5,25.0,0.0,78.90835,0
West_SJ,2023,3,6,24.0,0.127,79.644585,0
West_SJ,2023,3,7,25.500000000000004,0.0,70.7819,0
West_SJ,2023,3,8,24.5,0.0,73.67261,0
West_SJ,2023,3,9,25.0,0.0,75.112076,0
West_SJ,2023,3,10,25.0,0.0,62.656452,0
West_SJ,2023,3,11,25.0,0.0,68.42868,0
West_SJ,2023,3,12,24.5,0.0,69.09847,0
West_SJ,2023,3,13,25.0,0.0,72.28572,0
West_SJ,2023,3,14,25.500000000000004,0.0,80.73217,0
West_SJ,2023,3,15,25.0,0.0508,81.852745,0
West_SJ,2023,3,16,25.500000000000004,0.3302,77.080956,0
West_SJ,2023,3,17,25.0,0.127,68.53952,0
West_SJ,2023,3,18,25.500000000000004,0.0,65.93379901139403,0
West_SJ,2023,3,19,26.000000000000007,0.0,70.50471,0
West_SJ,2023,3,20,26.000000000000007,0.0,76.99331,0
West_SJ,2023,3,21,26.000000000000007,0.0508,75.48512,0
West_SJ,2023,3,22,26.000000000000007,0.0,75.549835,0
West_SJ,2023,3,23,26.0,0.0,63.130394,0
West_SJ,2023,3,24,26.000000000000007,0.0,72.58829,0
West_SJ,2023,3,25,25.500000000000004,0.3047999999999999,75.78996,0
West_SJ,2023,3,26,26.000000000000007,0.000254,69.01006,0
West_SJ,2023,3,27,25.0,0.0,74.21647,0
West_SJ,2023,3,28,26.000000000000007,0.1016,70.73659,0
West_SJ,2023,3,29,25.0,0.508,81.101616,0
West_SJ,2023,3,30,25.500000000000004,0.4571999999999999,81.13233,0
West_SJ,2023,3,31,26.000000000000007,0.000254,71.68205,0
West_SJ,2023,4,1,27.0,0.0,68.5241,0
West_SJ,2023,4,2,26.500000000000004,0.0508,76.376396,0
West_SJ,2023,4,3,26.000000000000007,0.0,72.5879,0
West_SJ,2023,4,4,26.500000000000004,0.0,74.37013,0
West_SJ,2023,4,5,25.500000000000004,0.1778,79.16298,0
West_SJ,2023,4,6,25.0,0.5334,69.96413,0
West_SJ,2023,4,7,24.5,0.0,81.090164,0
West_SJ,2023,4,8,23.5,1.8796,89.195496,0
West_SJ,2023,4,9,26.000000000000007,1.6509999999999998,76.95882,0
West_SJ,2023,4,10,26.000000000000007,0.0,81.44589,0
West_SJ,2023,4,11,26.500000000000004,0.3556,78.7262,0
West_SJ,2023,4,12,26.000000000000007,0.0,75.738174,0
West_SJ,2023,4,13,26.500000000000004,0.0,77.63523,0
West_SJ,2023,4,14,26.000000000000007,0.0,76.3815,0
West_SJ,2023,4,15,26.000000000000007,0.3302,79.76139,0
West_SJ,2023,4,16,26.000000000000007,0.0508,80.0761,0
West_SJ,2023,4,17,25.500000000000004,0.0,79.001854,0
West_SJ,2023,4,18,26.000000000000007,0.1016,76.67259,0
West_SJ,2023,4,19,26.500000000000004,0.508,73.53786,0
West_SJ,2023,4,20,27.0,0.0,70.26584,0
West_SJ,2023,4,21,25.500000000000004,0.0,77.55129,0
West_SJ,2023,4,22,26.000000000000007,0.1523999999999999,76.62183,0
West_SJ,2023,4,23,26.000000000000007,1.6764,81.93284,0
West_SJ,2023,4,24,25.500000000000004,1.7779999999999998,77.51952,0
West_SJ,2023,4,25,26.000000000000007,0.0,73.21705,0
West_SJ,2023,4,26,26.000000000000007,0.0,76.27856,0
West_SJ,2023,4,27,26.000000000000007,1.7779999999999998,84.0415,0
West_SJ,2023,4,28,26.500000000000004,0.0,77.96465,0
West_SJ,2023,4,29,27.5,1.4986,77.05071,0
West_SJ,2023,4,30,28.5,0.7874,79.06968,0
West_SJ,2023,5,1,29.5,0.0,69.61544,0
West_SJ,2023,5,2,28.5,0.0,77.91177,0
West_SJ,2023,5,3,28.000000000000004,0.0,75.3731,0
West_SJ,2023,5,4,29.5,0.0,65.85593,0
West_SJ,2023,5,5,29.0,0.0,71.89888,0
West_SJ,2023,5,6,29.5,0.0,66.37049,0
West_SJ,2023,5,7,28.000000000000004,0.0,71.99973,0
West_SJ,2023,5,8,29.0,0.0,72.86706,0
West_SJ,2023,5,9,30.0,0.0,73.9242,0
West_SJ,2023,5,10,30.0,0.0,66.2622,0
West_SJ,2023,5,11,29.0,0.0,70.41196,0
West_SJ,2023,5,12,27.5,0.0,74.85946,0
West_SJ,2023,5,13,27.5,0.9652,79.79973,0
West_SJ,2023,5,14,29.0,0.5841999999999999,74.845245,0
West_SJ,2023,5,15,29.0,0.0,74.4817,0
West_SJ,2023,5,16,27.5,0.0,75.050644,0
West_SJ,2023,5,17,29.5,0.0,72.189224,0
West_SJ,2023,5,18,28.5,0.0,76.60344,0
West_SJ,2023,5,19,27.0,0.0,82.85486,0
West_SJ,2023,5,20,28.000000000000004,3.1242,76.76394,0
West_SJ,2023,5,21,28.000000000000004,0.127,75.907,0
West_SJ,2023,5,22,28.5,0.5841999999999999,71.69865,0
West_SJ,2023,5,23,29.0,1.3462,73.35106,0
West_SJ,2023,5,24,27.5,0.2285999999999999,79.99991,0
West_SJ,2023,5,25,29.0,0.8636000000000001,75.090454,0
West_SJ,2023,5,26,29.0,0.0,76.42056,0
West_SJ,2023,5,27,29.0,1.016,79.45155,0
West_SJ,2023,5,28,29.0,0.7365999999999999,72.48365,0
West_SJ,2023,5,29,27.5,0.0,74.29889,0
West_SJ,2023,5,30,27.5,0.000254,77.30438,0
West_SJ,2023,5,31,29.5,0.1778,71.170876,0
West_SJ,2023,6,1,30.0,0.0,74.200645,0
West_SJ,2023,6,2,30.500000000000004,0.0,68.662544,0
West_SJ,2023,6,3,31.000000000000007,0.0,66.3179,0
West_SJ,2023,6,4,32.0,0.0,64.86487,0
West_SJ,2023,6,5,31.500000000000004,0.0,65.65142,0
West_SJ,2023,6,6,31.500000000000004,0.0,66.21964,0
West_SJ,2023,6,7,31.000000000000007,0.0,65.7383,0
West_SJ,2023,6,8,31.000000000000007,0.0,61.260815,0
West_SJ,2023,6,9,31.000000000000007,0.0,68.27034,0
West_SJ,2023,6,10,30.0,0.0,75.19924,0
West_SJ,2023,6,11,29.5,0.0,73.49084,0
West_SJ,2023,6,12,29.5,0.0,72.00717,0
West_SJ,2023,6,13,29.0,0.000254,77.64244,0
West_SJ,2023,6,14,30.500000000000004,0.0,66.73565,0
West_SJ,2023,6,15,30.500000000000004,0.1523999999999999,73.33522,0
West_SJ,2023,6,16,30.0,0.0,73.71733,0
West_SJ,2023,6,17,29.5,0.0,70.25952,0
West_SJ,2023,6,18,29.000000000000004,0.000254,74.950165,0
West_SJ,2023,6,19,29.0,0.0,74.85174,0
West_SJ,2023,6,20,29.0,0.1016,74.993744,0
West_SJ,2023,6,21,29.0,0.0,80.437355,0
West_SJ,2023,6,22,29.5,0.1778,79.19213,0
West_SJ,2023,6,23,28.5,0.0,75.140274,0
West_SJ,2023,6,24,29.0,1.9812,77.21426,0
West_SJ,2023,6,25,27.77777777777778,0.635,79.1470324161141,0
West_SJ,2023,6,26,29.0,0.2032,74.053215,0
West_SJ,2023,6,27,29.5,0.0,78.4939,0
West_SJ,2023,6,28,28.000000000000004,0.127,84.9133,0
West_SJ,2023,6,29,27.5,1.2191999999999998,78.64497,0
West_SJ,2023,6,30,30.500000000000004,0.0761999999999999,71.660225,0
West_SJ,2023,7,1,29.5,0.0,74.70409,0
West_SJ,2023,7,2,29.5,0.0,76.51288,0
West_SJ,2023,7,3,29.5,0.0,76.44477,0
West_SJ,2023,7,4,29.5,0.127,83.181366,0
West_SJ,2023,7,5,29.000000000000004,0.6095999999999999,78.38508,0
West_SJ,2023,7,6,30.0,0.0,74.48693,0
West_SJ,2023,7,7,29.5,0.0508,74.954254,0
West_SJ,2023,7,8,28.5,0.1016,82.52198,0
West_SJ,2023,7,9,28.5,2.8194000000000004,83.6824,0
West_SJ,2023,7,10,29.5,1.8796,77.1868,0
West_SJ,2023,7,11,30.0,0.0508,79.73184,0
West_SJ,2023,7,12,29.0,0.0,79.0951,0
West_SJ,2023,7,13,29.5,1.27,80.688805,0
West_SJ,2023,7,14,29.5,0.0,75.400795,0
West_SJ,2023,7,15,29.5,0.0753469143228145,76.73902,0
West_SJ,2023,7,16,29.5,0.142194597166041,83.249596,0
West_SJ,2023,7,17,29.000000000000004,0.4035153750008866,84.71662,0
West_SJ,2023,7,18,29.5,2.328972870289068,82.02332,0
West_SJ,2023,7,19,30.0,2.159260056096129,80.29028,0
West_SJ,2023,7,20,29.5,0.0,75.31346,0
West_SJ,2023,7,21,29.0,0.0,77.283295,0
West_SJ,2023,7,22,29.5,0.0,75.23079,0
West_SJ,2023,7,23,30.0,0.0,74.43039,0
West_SJ,2023,7,24,29.0,2.0828,76.7942,0
West_SJ,2023,7,25,27.5,0.0254,80.67393,0
West_SJ,2023,7,26,29.5,1.7525999999999995,79.94349,0
West_SJ,2023,7,27,29.0,0.0,78.88091,0
West_SJ,2023,7,28,29.0,0.127,79.14762,0
West_SJ,2023,7,29,29.0,0.5334,80.40532,0
West_SJ,2023,7,30,29.5,0.0,76.96409,0
West_SJ,2023,7,31,29.0,0.3556,79.84367,0
West_SJ,2023,8,1,27.5,0.0,81.876755,0
West_SJ,2023,8,2,29.0,3.1496,80.68742,0
West_SJ,2023,8,3,28.5,0.0,81.11184,0
West_SJ,2023,8,4,30.0,0.0,73.44245,0
West_SJ,2023,8,5,30.0,0.0,77.851814,0
West_SJ,2023,8,6,30.500000000000004,0.254,82.90081,0
West_SJ,2023,8,7,30.0,0.5334,83.84396,0
West_SJ,2023,8,8,29.5,1.905,88.27897,0
West_SJ,2023,8,9,29.5,4.191,84.81668,0
West_SJ,2023,8,10,30.0,2.286,75.18771,0
West_SJ,2023,8,11,30.500000000000004,0.3302,76.61769,0
West_SJ,2023,8,12,28.5,0.0,77.34798,0
West_SJ,2023,8,13,29.0,0.5334,77.41779,0
West_SJ,2023,8,14,30.0,1.1684,76.978065,0
West_SJ,2023,8,15,30.500000000000004,0.0254,78.166595,0
West_SJ,2023,8,16,30.500000000000004,0.0,75.64878,0
West_SJ,2023,8,17,30.0,0.0,78.9497,0
West_SJ,2023,8,18,30.0,3.556,79.02356,0
West_SJ,2023,8,19,30.500000000000004,0.2285999999999999,76.566635,0
West_SJ,2023,8,20,29.0,0.0254,80.99497,0
West_SJ,2023,8,21,27.5,0.4064,83.03033,0
West_SJ,2023,8,22,27.5,0.6095999999999999,82.70302,0
West_SJ,2023,8,23,30.500000000000004,0.0508,72.83623,0
West_SJ,2023,8,24,31.500000000000004,0.0,74.74483,0
West_SJ,2023,8,25,29.5,0.0,76.52392,0
West_SJ,2023,8,26,30.0,0.0508,75.53825,0
West_SJ,2023,8,27,31.0,0.5334,71.39139,0
West_SJ,2023,8,28,31.500000000000004,0.0,69.323875,0
West_SJ,2023,8,29,31.000000000000007,0.0,76.90539,0
West_SJ,2023,8,30,30.500000000000004,0.0,76.42063,0
West_SJ,2023,8,31,30.0,0.3809999999999999,77.119316,0
West_SJ,2023,9,1,29.5,0.4318000000000001,80.39982,0
West_SJ,2023,9,2,30.500000000000004,0.0254,76.26598,0
West_SJ,2023,9,3,30.500000000000004,0.0,71.02655,0
West_SJ,2023,9,4,29.5,0.3556,79.318184,0
West_SJ,2023,9,5,29.5,0.5588,76.16561,0
West_SJ,2023,9,6,29.0,0.0,77.2259,0
West_SJ,2023,9,7,29.0,0.0,79.64479,0
West_SJ,2023,9,8,28.5,0.2794,77.049576,0
West_SJ,2023,9,9,29.0,0.4571999999999999,84.997856,0
West_SJ,2023,9,10,29.0,1.0668,84.00478,0
West_SJ,2023,9,11,30.0,0.0,75.32822,0
West_SJ,2023,9,12,31.000000000000007,0.0508,71.08966,0
West_SJ,2023,9,13,32.0,0.0,63.975792,0
West_SJ,2023,9,14,32.0,0.0,72.29414,0
West_SJ,2023,9,15,29.5,1.6001999999999998,76.68904,0
West_SJ,2023,9,16,29.0,0.0,76.88005,0
West_SJ,2023,9,17,29.5,0.0,76.873276,0
West_SJ,2023,9,18,29.0,0.0,76.4161,0
West_SJ,2023,9,19,29.5,0.0,77.553856,0
West_SJ,2023,9,20,29.0,0.3047999999999999,80.36522,0
West_SJ,2023,9,21,29.0,0.0471221878915332,80.34674,0
West_SJ,2023,9,22,29.5,1.2107699290395342,77.42754,0
West_SJ,2023,9,23,29.5,1.22298967971244,80.61869,0
West_SJ,2023,9,24,29.5,1.016,78.69371,0
West_SJ,2023,9,25,30.0,0.0,77.53319,0
West_SJ,2023,9,26,30.500000000000004,0.1523999999999999,75.43636,0
West_SJ,2023,9,27,28.5,0.3809999999999999,80.94327,0
West_SJ,2023,9,28,29.5,0.2794,82.83001,0
West_SJ,2023,9,29,30.0,0.2285999999999999,83.04734,0
West_SJ,2023,9,30,29.5,0.7619999999999999,84.4483,0
West_SJ,2023,10,1,28.000000000000004,2.3114,90.66885,0
West_SJ,2023,10,2,30.0,1.27,79.96607,0
West_SJ,2023,10,3,29.0,0.508,88.0539,0
West_SJ,2023,10,4,29.0,1.3462,80.48509,0
West_SJ,2023,10,5,30.500000000000004,0.0254,70.6229,0
West_SJ,2023,10,6,30.500000000000004,0.0,72.62332,0
West_SJ,2023,10,7,31.000000000000007,0.0508,66.60751,0
West_SJ,2023,10,8,30.500000000000004,0.0,68.354904,0
West_SJ,2023,10,9,31.000000000000007,0.0,75.61677,0
West_SJ,2023,10,10,29.5,0.0,72.60991,0
West_SJ,2023,10,11,28.5,0.0,74.01011,0
West_SJ,2023,10,12,29.5,0.0,79.48514,0
West_SJ,2023,10,13,29.0,0.0,77.51786,0
West_SJ,2023,10,14,29.0,0.0,76.674614,0
West_SJ,2023,10,15,29.5,0.0254,75.9953,0
West_SJ,2023,10,16,31.0,0.635,71.844864,0
West_SJ,2023,10,17,29.5,0.000254,75.804726,0
West_SJ,2023,10,18,29.5,0.8636000000000001,77.92587,0
West_SJ,2023,10,19,30.0,0.0,75.09938,0
West_SJ,2023,10,20,29.0,0.0,85.56706,0
West_SJ,2023,10,21,29.5,1.9304,81.97968,0
West_SJ,2023,10,22,27.5,0.127,88.95425,0
West_SJ,2023,10,23,29.0,0.1523999999999999,78.076965,0
West_SJ,2023,10,24,29.0,0.0508,80.339226,0
West_SJ,2023,10,25,26.500000000000004,0.6526337865541793,87.518135,0
West_SJ,2023,10,26,27.0,0.6149262789167396,82.806595,0
West_SJ,2023,10,27,27.5,0.0508,91.52312,0
West_SJ,2023,10,28,27.5,0.0161277107035277,83.49203,0
West_SJ,2023,10,29,28.000000000000004,2.5908,83.37792,0
West_SJ,2023,10,30,27.5,0.4826,81.26488,0
West_SJ,2023,10,31,29.0,0.0,73.35679,0
West_SJ,2023,11,1,29.0,0.0,75.345795,0
West_SJ,2023,11,2,29.0,0.0,73.61723,0
West_SJ,2023,11,3,29.0,0.0,72.375084,0
West_SJ,2023,11,4,29.0,0.0508,76.53465,0
West_SJ,2023,11,5,28.5,0.0,76.47895,0
West_SJ,2023,11,6,28.000000000000004,0.0761999999999999,82.318794,0
West_SJ,2023,11,7,28.000000000000004,2.4384,79.55897,0
West_SJ,2023,11,8,27.0,0.9906,83.55311,0
West_SJ,2023,11,9,27.5,0.9972513702896082,89.187706,0
West_SJ,2023,11,10,27.0,1.5494,81.53715,0
West_SJ,2023,11,11,28.000000000000004,0.4318000000000001,77.04989,0
West_SJ,2023,11,12,28.000000000000004,0.254,76.47469,0
West_SJ,2023,11,13,28.000000000000004,0.000254,75.97096,0
West_SJ,2023,11,14,28.000000000000004,0.0,73.46079,0
West_SJ,2023,11,15,28.000000000000004,0.254,73.807076,0
West_SJ,2023,11,16,28.5,0.0,71.172806,0
West_SJ,2023,11,17,29.5,0.0,73.91635,0
West_SJ,2023,11,18,29.5,0.0,72.42575,0
West_SJ,2023,11,19,29.5,0.0,68.13139,0
West_SJ,2023,11,20,27.5,0.0,80.359474,0
West_SJ,2023,11,21,26.000000000000007,0.127,86.515015,0
West_SJ,2023,11,22,27.5,0.7874,76.178894,0
West_SJ,2023,11,23,26.500000000000004,0.7619999999999999,81.99206,0
West_SJ,2023,11,24,26.500000000000004,0.0761999999999999,83.46652,0
West_SJ,2023,11,25,27.0,0.000254,81.00373,0
West_SJ,2023,11,26,26.500000000000004,0.0,82.23942,0
West_SJ,2023,11,27,26.500000000000004,0.0,76.68501,0
West_SJ,2023,11,28,26.500000000000004,0.0,79.17333,0
West_SJ,2023,11,29,26.500000000000004,0.0,77.26918,0
West_SJ,2023,11,30,27.0,0.0,73.4157,0
West_SJ,2023,12,1,28.000000000000004,0.3556,73.89086,0
West_SJ,2023,12,2,27.5,0.0,73.25077,0
West_SJ,2023,12,3,27.5,0.000254,66.727196,0
West_SJ,2023,12,4,27.0,0.0,76.29177,0
West_SJ,2023,12,5,27.5,0.0,73.441345,0
West_SJ,2023,12,6,27.5,0.0,73.60168,0
West_SJ,2023,12,7,26.500000000000004,0.0,79.306046,0
West_SJ,2023,12,8,27.0,1.5748,79.0763,0
West_SJ,2023,12,9,28.000000000000004,0.0,70.19103,0
West_SJ,2023,12,10,25.500000000000004,0.0510132927663516,86.69788,0
West_SJ,2023,12,11,26.500000000000004,0.6858,81.53012,0
West_SJ,2023,12,12,27.0,0.000254,72.655975,0
West_SJ,2023,12,13,27.5,0.2285999999999999,67.73425,0
West_SJ,2023,12,14,26.500000000000004,0.4318000000000001,73.303474,0
West_SJ,2023,12,15,25.0,0.127,83.86456,0
West_SJ,2023,12,16,25.500000000000004,3.9624,85.524254,0
West_SJ,2023,12,17,25.500000000000004,1.6256,87.76462,0
West_SJ,2023,12,18,26.000000000000007,0.000254,76.38604,0
West_SJ,2023,12,19,26.000000000000007,0.0,75.26459,0
West_SJ,2023,12,20,25.0,0.0,81.54565,0
West_SJ,2023,12,21,25.500000000000004,0.0508,81.3033,0
West_SJ,2023,12,22,26.000000000000007,0.4379599685906381,81.33928,0
West_SJ,2023,12,23,25.0,0.068890690088285,82.907936,0
West_SJ,2023,12,24,25.500000000000004,0.6207900115375702,79.40829,0
West_SJ,2023,12,25,24.5,0.1156747258367145,78.578575,0
West_SJ,2023,12,26,25.0,1.8123171175024104,81.683464,0
West_SJ,2023,12,27,25.0,0.0,79.1044,0
West_SJ,2023,12,28,25.0,2.527568073928808,77.52267,0
West_SJ,2023,12,29,25.0,0.0,75.584625,0
West_SJ,2023,12,30,25.500000000000004,0.0,74.7892,0
West_SJ,2023,12,31,25.500000000000004,0.127,81.754196,0
West_SJ,2024,1,1,25.500000000000004,0.0,77.25574,0
West_SJ,2024,1,2,26.000000000000007,0.0761999999999999,76.9703,0
West_SJ,2024,1,3,25.500000000000004,0.0,79.201805,0
West_SJ,2024,1,4,26.500000000000004,0.0,80.27862,0
West_SJ,2024,1,5,25.500000000000004,0.0,78.29484,0
West_SJ,2024,1,6,27.0,0.254,80.52425,0
West_SJ,2024,1,7,26.500000000000004,0.4571999999999999,79.76019,0
West_SJ,2024,1,8,26.000000000000007,0.000254,79.70782,0
West_SJ,2024,1,9,27.5,0.2032,74.69424,0
West_SJ,2024,1,10,27.0,0.000254,79.08089,0
West_SJ,2024,1,11,26.500000000000004,0.000254,81.99212,0
West_SJ,2024,1,12,26.500000000000004,0.1016,82.31523,0
West_SJ,2024,1,13,27.0,0.0,76.91209,0
West_SJ,2024,1,14,26.500000000000004,0.0,76.86023,0
West_SJ,2024,1,15,25.500000000000004,0.0254,82.158134,0
West_SJ,2024,1,16,26.500000000000004,0.1016,79.05157,0
West_SJ,2024,1,17,27.0,0.0,73.89217,0
West_SJ,2024,1,18,26.500000000000004,0.0761999999999999,76.05419,0
West_SJ,2024,1,19,26.500000000000004,0.127,80.127785,0
West_SJ,2024,1,20,27.5,0.000254,78.27434,0
West_SJ,2024,1,21,26.500000000000004,0.0,82.53581,0
West_SJ,2024,1,22,27.5,0.0,72.18676,0
West_SJ,2024,1,23,27.5,0.0,67.833435,0
West_SJ,2024,1,24,25.0,0.1016,84.79905,0
West_SJ,2024,1,25,27.0,0.4826,70.19151,0
West_SJ,2024,1,26,26.000000000000007,0.0,70.07405,0
West_SJ,2024,1,27,26.000000000000007,0.127,73.818756,0
West_SJ,2024,1,28,25.500000000000004,0.0254,77.57986,0
West_SJ,2024,1,29,26.5,0.0,74.55622,0
West_SJ,2024,1,30,25.0,0.0,74.028984,0
West_SJ,2024,1,31,24.0,0.0267655068915273,90.71926,0
West_SJ,2024,2,1,25.0,1.4477999999999998,81.07488,0
West_SJ,2024,2,2,24.0,0.5841999999999999,71.34483,0
West_SJ,2024,2,3,24.5,0.2794,74.78675,0
West_SJ,2024,2,4,26.000000000000007,0.0,78.18379,0
West_SJ,2024,2,5,28.5,0.0,69.01759,0
West_SJ,2024,2,6,27.5,0.0,79.35343,0
West_SJ,2024,2,7,25.500000000000004,3.7338,81.15823,0
West_SJ,2024,2,8,23.5,1.397,81.96274,0
West_SJ,2024,2,9,25.0,0.2032,59.68291,0
West_SJ,2024,2,10,25.500000000000004,0.0,63.93088760515136,0
West_SJ,2024,2,11,25.500000000000004,0.0,67.1019,0
West_SJ,2024,2,12,25.0,0.3047999999999999,79.72494,0
West_SJ,2024,2,13,25.500000000000004,0.0,81.7229,0
West_SJ,2024,2,14,26.000000000000007,0.0508,80.55204,0
West_SJ,2024,2,15,25.500000000000004,0.0,81.91816,0
West_SJ,2024,2,16,26.000000000000007,0.0,78.54619,0
West_SJ,2024,2,17,27.5,0.000254,72.27831,0
West_SJ,2024,2,18,27.0,0.0,66.4813,0
West_SJ,2024,2,19,28.5,0.0,65.44944,0
West_SJ,2024,2,20,26.500000000000004,0.0,79.277245,0
West_SJ,2024,2,21,27.0,0.0,76.25296,0
West_SJ,2024,2,22,24.5,0.635,79.836266,0
West_SJ,2024,2,23,24.0,0.4064,65.59645,0
West_SJ,2024,2,24,25.0,0.0,73.92099,0
West_SJ,2024,2,25,24.722222222222225,0.3809999999999999,62.73307044615956,0
West_SJ,2024,2,26,24.5,1.7779999999999998,88.58545,0
West_SJ,2024,2,27,25.500000000000004,1.7779999999999998,83.8299,0
West_SJ,2024,2,28,25.500000000000004,0.9906,83.312096,0
West_SJ,2024,2,29,26.5,0.2032,75.731865,0
West_SJ,2024,3,1,25.0,0.8889999999999999,78.53235,0
West_SJ,2024,3,2,26.500000000000004,1.3208,63.654953,0
West_SJ,2024,3,3,25.500000000000004,0.000254,73.413414,0
West_SJ,2024,3,4,27.0,1.5494,69.5316,0
West_SJ,2024,3,5,25.0,0.000254,73.022964,0
West_SJ,2024,3,6,25.500000000000004,0.0,77.33363,0
West_SJ,2024,3,7,27.0,0.0,77.212135,0
West_SJ,2024,3,8,26.500000000000004,0.0761999999999999,80.05461,0
West_SJ,2024,3,9,26.500000000000004,0.0,79.76062,0
West_SJ,2024,3,10,27.0,0.0,76.690704,0
West_SJ,2024,3,11,26.000000000000007,0.0,79.43663,0
West_SJ,2024,3,12,26.000000000000007,0.0,79.27313,0
West_SJ,2024,3,13,26.000000000000007,0.0,71.39104,0
West_SJ,2024,3,14,26.500000000000004,0.0,78.851036,0
West_SJ,2024,3,15,26.500000000000004,0.2032,78.48759,0
West_SJ,2024,3,16,26.500000000000004,0.254,85.754486,0
West_SJ,2024,3,17,26.000000000000007,0.4318000000000001,80.39713,0
West_SJ,2024,3,18,29.0,0.0,67.22469,0
West_SJ,2024,3,19,29.5,0.0,69.1698,0
West_SJ,2024,3,20,27.0,0.0,81.387695,0
West_SJ,2024,3,21,27.0,0.8128,81.174034,0
West_SJ,2024,3,22,28.000000000000004,0.3809999999999999,75.008675,0
West_SJ,2024,3,23,27.5,0.000254,75.08797,0
West_SJ,2024,3,24,29.0,0.0,65.05313,0
West_SJ,2024,3,25,29.0,0.0,74.86673,0
West_SJ,2024,3,26,25.500000000000004,1.6509999999999998,82.362236,0
West_SJ,2024,3,27,26.5,0.0,65.17352,0
West_SJ,2024,3,28,25.500000000000004,0.0,62.656723,0
West_SJ,2024,3,29,25.500000000000004,0.0,67.41919,0
West_SJ,2024,3,30,25.500000000000004,0.0,69.09202,0
West_SJ,2024,3,31,25.500000000000004,0.127,80.77877,0
West_SJ,2024,4,1,25.500000000000004,2.794,75.99023,0
West_SJ,2024,4,2,27.0,0.3302,73.160324,0
West_SJ,2024,4,3,26.000000000000007,0.2285999999999999,77.31696,0
West_SJ,2024,4,4,27.0,0.0,72.28081,0
West_SJ,2024,4,5,28.000000000000004,0.0,77.77834,0
West_SJ,2024,4,6,28.000000000000004,0.0,79.047935,0
West_SJ,2024,4,7,28.000000000000004,0.0,79.00559,0
West_SJ,2024,4,8,27.0,0.0,81.323395,0
West_SJ,2024,4,9,26.0,1.8796,73.99048,0
West_SJ,2024,4,10,27.0,0.0,67.32701,0
West_SJ,2024,4,11,27.5,0.5841999999999999,76.15104,0
West_SJ,2024,4,12,27.0,1.143,85.59019,0
West_SJ,2024,4,13,27.0,1.5748,77.76915,0
West_SJ,2024,4,14,27.0,0.0,80.96336,0
West_SJ,2024,4,15,27.0,1.1176,86.08755,0
West_SJ,2024,4,16,25.500000000000004,0.254,85.26038,0
West_SJ,2024,4,17,27.0,1.6951731673751542,79.08627,0
West_SJ,2024,4,18,26.000000000000007,0.0,81.531235,0
West_SJ,2024,4,19,26.000000000000007,0.0551828208509287,83.73612,0
West_SJ,2024,4,20,28.000000000000004,0.0,69.047516,0
West_SJ,2024,4,21,26.500000000000004,1.0631222638359676,78.27033,0
West_SJ,2024,4,22,26.000000000000007,1.0837493975682322,82.15817,0
West_SJ,2024,4,23,27.5,1.7435760415124453,82.44163,0
West_SJ,2024,4,24,27.0,0.4343475463029789,80.214096,0
West_SJ,2024,4,25,27.0,0.4073462113439897,80.39949,0
West_SJ,2024,4,26,28.000000000000004,0.0492758662980398,76.34421,0
West_SJ,2024,4,27,27.0,2.140961694477874,81.038704,0
West_SJ,2024,4,28,26.000000000000007,0.5670916881347089,72.215126,0
West_SJ,2024,4,29,25.500000000000004,0.2314983697082368,78.70055,0
West_SJ,2024,4,30,27.0,0.1163680112757126,77.422966,0
West_SJ,2024,5,1,27.0,0.6336249372675038,84.3267,0
West_SJ,2024,5,2,27.5,2.496092682954856,84.367645,0
West_SJ,2024,5,3,26.000000000000007,3.79720930552081,85.32389,0
West_SJ,2024,5,4,26.500000000000004,0.0,80.7658,0
West_SJ,2024,5,5,28.000000000000004,0.4876375983373845,83.213036,0
West_SJ,2024,5,6,28.5,0.4684509580352504,84.95809,0
West_SJ,2024,5,7,26.000000000000007,0.3705376895791262,88.39965,0
West_SJ,2024,5,8,27.5,0.2325715665858798,82.75732,0
West_SJ,2024,5,9,28.000000000000004,0.9289041767638144,80.02381,0
West_SJ,2024,5,10,27.0,0.354120529623715,83.10406,0
West_SJ,2024,5,11,29.5,0.0290076387523461,71.760544,0
West_SJ,2024,5,12,30.0,0.5530037414364651,74.03239,0
West_SJ,2024,5,13,30.0,0.0478124678042206,75.79692,0
West_SJ,2024,5,14,28.5,0.3017030856320257,77.446365,0
West_SJ,2024,5,15,28.5,2.6834236259626234,75.10709,0
West_SJ,2024,5,16,28.5,0.0,74.66756,0
West_SJ,2024,5,17,29.0,0.0,75.23527,0
West_SJ,2024,5,18,29.0,0.2421659466721659,79.92904,0
West_SJ,2024,5,19,30.500000000000004,0.2795241471405398,74.6001,0
West_SJ,2024,5,20,30.0,0.2981621552400655,73.792534,0
West_SJ,2024,5,21,30.500000000000004,0.0,63.619907,0
West_SJ,2024,5,22,28.000000000000004,0.750795387966777,84.71001,0
West_SJ,2024,5,23,29.5,0.0,76.17351,0
West_SJ,2024,5,24,29.5,0.6055618786736372,75.4665,0
West_SJ,2024,5,25,30.0,0.1217543793393517,77.01619,0
West_SJ,2024,5,26,29.5,0.5559737816910186,78.25789,0
West_SJ,2024,5,27,29.5,0.5466453219773799,81.72668,0
West_SJ,2024,5,28,29.0,1.0812762492362744,86.511696,0
West_SJ,2024,5,29,29.0,0.9662412526729732,84.250755,0
West_SJ,2024,5,30,30.0,0.0,77.90821,0
West_SJ,2024,5,31,31.000000000000007,0.0,67.62877,0
West_SJ,2024,6,1,30.500000000000004,0.0,73.572655,0
West_SJ,2024,6,2,27.0,0.0,87.55365,0
West_SJ,2024,6,3,30.0,3.556,79.20634,0
West_SJ,2024,6,4,31.000000000000007,0.3556,70.89184,0
West_SJ,2024,6,5,30.0,0.0,75.148476,0
West_SJ,2024,6,6,29.0,0.0508,81.66927,0
West_SJ,2024,6,7,31.000000000000007,0.0,67.405914,0
West_SJ,2024,6,8,31.000000000000007,0.0,66.26609,0
West_SJ,2024,6,9,30.500000000000004,0.0,75.61986,0
West_SJ,2024,6,10,29.5,0.0,77.96248,0
West_SJ,2024,6,11,30.0,0.0,72.881165,0
West_SJ,2024,6,12,30.500000000000004,0.0,73.997604,0
West_SJ,2024,6,13,30.0,0.0,75.58378,0
West_SJ,2024,6,14,30.0,0.0,72.74635,0
West_SJ,2024,6,15,29.5,0.0508,77.81775,0
West_SJ,2024,6,16,28.5,0.7619999999999999,77.21937,0
West_SJ,2024,6,17,29.0,0.1778,79.06907,0
West_SJ,2024,6,18,29.5,0.000254,71.82528,0
West_SJ,2024,6,19,30.500000000000004,0.0,75.014275,0
West_SJ,2024,6,20,30.500000000000004,0.9906,74.21549,0
West_SJ,2024,6,21,29.5,0.3047999999999999,73.52306,0
West_SJ,2024,6,22,29.5,0.0761999999999999,74.58697,0
West_SJ,2024,6,23,29.0,0.1778,79.83149,0
West_SJ,2024,6,24,28.5,0.2032,80.57336,0
West_SJ,2024,6,25,30.0,0.3302,77.72724,0
West_SJ,2024,6,26,30.0,0.0,79.250084,0
West_SJ,2024,6,27,30.0,0.0,76.74884,0
West_SJ,2024,6,28,30.0,0.0,72.78527,0
West_SJ,2024,6,29,29.0,0.127,78.20474,0
West_SJ,2024,6,30,30.0,2.032,80.47808,0
West_SJ,2024,7,1,30.500000000000004,0.0,72.834564,0
West_SJ,2024,7,2,29.5,0.4826,80.31368,0
West_SJ,2024,7,3,26.0,0.000254,79.741295,0
West_SJ,2024,7,4,30.0,0.0,79.75161,0
West_SJ,2024,7,5,30.500000000000004,0.0508,78.844185,0
West_SJ,2024,7,6,31.000000000000007,0.000254,67.12817,0
West_SJ,2024,7,7,30.0,0.0,74.448875,0
West_SJ,2024,7,8,29.5,0.0,74.48208,0
West_SJ,2024,7,9,30.500000000000004,0.0508,80.20137,0
West_SJ,2024,7,10,28.500000000000007,0.3809999999999999,79.107787,0
West_SJ,2024,7,11,29.5,0.0761999999999999,76.24772,0
West_SJ,2024,7,12,29.5,0.0508,80.91743,0
West_SJ,2024,7,13,28.5,0.3809999999999999,86.02183,0
West_SJ,2024,7,14,30.500000000000004,0.5334,79.280876,0
West_SJ,2024,7,15,29.0,0.7619999999999999,73.45368,0
West_SJ,2024,7,16,29.0,0.0,75.13335,0
West_SJ,2024,7,17,30.0,0.3302,75.09343,0
West_SJ,2024,7,18,30.0,0.2285999999999999,76.09376,0
West_SJ,2024,7,19,28.000000000000004,0.7874,79.98656,0
West_SJ,2024,7,20,29.5,0.2285999999999999,79.23479,0
West_SJ,2024,7,21,30.0,0.0,72.458176,0
West_SJ,2024,7,22,28.5,1.6001999999999998,82.05561,0
West_SJ,2024,7,23,29.5,1.2954,75.30623,0
West_SJ,2024,7,24,29.0,0.0,75.76172,0
West_SJ,2024,7,25,30.0,0.0508,79.39832,0
West_SJ,2024,7,26,30.0,0.0254,79.770515,0
West_SJ,2024,7,27,29.5,0.0,76.46576,0
West_SJ,2024,7,28,28.5,0.8128,77.46892,0
West_SJ,2024,7,29,29.0,0.4826,77.445435,0
West_SJ,2024,7,30,28.5,0.4585882372112749,78.53031,0
West_SJ,2024,7,31,28.000000000000004,0.508,87.261375,0
West_SJ,2024,8,1,28.5,3.2004,83.1628,0
West_SJ,2024,8,2,28.5,1.3462,81.96533,0
West_SJ,2024,8,3,29.5,2.2352,74.880295,0
West_SJ,2024,8,4,30.0,0.000254,76.776505,0
West_SJ,2024,8,5,30.500000000000004,0.0761999999999999,76.18499,0
West_SJ,2024,8,6,30.0,0.0,75.12392,0
West_SJ,2024,8,7,29.5,0.0,75.30611,0
West_SJ,2024,8,8,29.0,0.3302,75.049065,0
West_SJ,2024,8,9,29.5,0.5334,81.52481,0
West_SJ,2024,8,10,30.0,0.5841999999999999,73.322205,0
West_SJ,2024,8,11,28.5,0.8128,81.91556,0
West_SJ,2024,8,12,29.0,2.8448,78.779495,0
West_SJ,2024,8,13,28.5,0.0508,79.20159,0
West_SJ,2024,8,14,25.500000000000004,2.3368,88.71898,0
West_SJ,2024,8,15,25.27777777777778,2.4384,68.01326614664356,0
West_SJ,2024,8,16,29.166666666666668,0.0,80.88346398912462,0
West_SJ,2024,8,17,29.166666666666668,0.0,85.41854303363337,0
West_SJ,2024,8,18,28.333333333333336,2.5146,70.28866044582391,0
West_SJ,2024,8,19,27.5,0.0,76.3673427199214,0
West_SJ,2024,8,20,29.444444444444446,0.0,62.85257115168339,0
West_SJ,2024,8,21,28.333333333333336,3.0226,86.61835459288369,0
West_SJ,2024,8,22,28.61111111111111,0.9144,62.13081104513908,0
West_SJ,2024,8,23,29.166666666666668,0.0761999999999999,85.27532440842953,0
West_SJ,2024,8,24,29.287825611354148,0.0655647745861342,75.8762733522919,0
West_SJ,2024,8,25,28.333333333333336,0.127,63.80965760049148,0
West_SJ,2024,8,26,28.61111111111111,0.0,87.1325306670627,0
West_SJ,2024,8,27,28.333333333333336,0.0508,78.71061461596196,0
West_SJ,2024,8,28,26.28917388391193,0.1101975557259979,76.623817179906,0
West_SJ,2024,8,29,28.88888888888889,0.1523999999999999,65.3431914885748,0
West_SJ,2024,8,30,28.3393840855013,0.8382,71.80982315823002,0
West_SJ,2024,8,31,28.333333333333336,0.7619999999999999,82.67625418730357,0
West_SJ,2024,9,1,29.703442084466086,0.2032,76.34393267777676,0
West_SJ,2024,9,2,28.05555555555556,0.508,75.12536481728897,0
West_SJ,2024,9,3,28.61111111111111,2.9972,59.56147101096264,0
West_SJ,2024,9,4,29.722222222222225,0.0,63.649655894254,0
West_SJ,2024,9,5,28.88888888888889,0.1016,78.83668315143116,0
West_SJ,2024,9,6,28.333333333333336,0.1523999999999999,81.46689834635842,0
West_SJ,2024,9,7,28.61111111111111,1.8034,76.02996626864957,0
West_SJ,2024,9,8,28.61111111111111,0.127,73.16898639802827,0
West_SJ,2024,9,9,28.88888888888889,0.3302,70.63613811049177,0
West_SJ,2024,9,10,27.77777777777778,0.635,67.45791210670332,0
West_SJ,2024,9,11,27.77777777777778,0.3556,78.20485352228171,0
West_SJ,2024,9,12,28.333333333333336,0.000254,62.85809396027256,0
West_SJ,2024,9,13,28.333333333333336,0.0,85.86691682663081,0
West_SJ,2024,9,14,28.88888888888889,1.27,72.00442319137805,0
West_SJ,2024,9,15,29.444444444444446,0.0254,79.38240938433938,0
West_SJ,2024,9,16,30.27777777777778,0.0,81.35829401867157,0
West_SJ,2024,9,17,27.09840014710187,0.0508,89.74059806427643,0
West_SJ,2024,9,18,28.333333333333336,0.5334,85.5126444607382,0
West_SJ,2024,9,19,28.88888888888889,0.0254,91.58670539857694,0
West_SJ,2024,9,20,28.61111111111111,0.0,65.15840673953107,0
West_SJ,2024,9,21,28.05555555555556,-0.0258058342631256,89.16470256299816,0
West_SJ,2024,9,22,28.88888888888889,0.0,81.40097039508841,0
West_SJ,2024,9,23,28.93976332468772,0.0,82.08876820627364,0
West_SJ,2024,9,24,31.5,0.0,70.264084,0
West_SJ,2024,9,25,30.0,0.0,72.70896,0
West_SJ,2024,9,26,29.5,0.071622500348964,77.90326,0
West_SJ,2024,9,27,29.5,0.0761999999999999,77.99077,0
West_SJ,2024,9,28,30.0,0.5588,79.48816,0
West_SJ,2024,9,29,29.0,0.6858,78.202286,0
West_SJ,2024,9,30,29.5,0.000254,76.607895,0
West_SJ,2024,10,1,29.5,0.0,75.07154,0
West_SJ,2024,10,2,28.5,0.0,77.64024,0
West_SJ,2024,10,3,29.5,1.0668,78.10473,0
West_SJ,2024,10,4,29.5,0.254,78.77114,0
West_SJ,2024,10,5,29.0,0.8382,78.50956,0
West_SJ,2024,10,6,29.0,0.000254,76.84132,0
West_SJ,2024,10,7,29.0,0.254,79.84929,0
West_SJ,2024,10,8,30.500000000000004,0.8128,72.79204,0
West_SJ,2024,10,9,31.000000000000007,0.000254,68.95847,0
West_SJ,2024,10,10,31.500000000000004,0.0,68.41924,0
West_SJ,2024,10,11,29.5,0.0,68.7472,0
West_SJ,2024,10,12,29.5,0.0,69.85356,0
West_SJ,2024,10,13,29.0,0.0,77.77778,0
West_SJ,2024,10,14,29.5,0.0,76.194214,0
West_SJ,2024,10,15,29.5,0.0,68.29309,0
West_SJ,2024,10,16,29.0,0.0,71.892654,0
West_SJ,2024,10,17,30.0,0.0,74.71646,0
West_SJ,2024,10,18,29.0,1.0921999999999998,81.074585,0
West_SJ,2024,10,19,28.5,0.2351650611433851,81.608154,0
West_SJ,2024,10,20,29.5,1.8288,80.19385,0
West_SJ,2024,10,21,29.5,0.000254,76.20808,0
West_SJ,2024,10,22,30.0,0.0,70.55314,0
West_SJ,2024,10,23,31.0,0.0,71.61973,0
West_SJ,2024,10,24,30.500000000000004,0.0075426322527769,76.28544,0
West_SJ,2024,10,25,29.0,0.0,77.53647,0
West_SJ,2024,10,26,28.5,0.1016,78.792694,0
West_SJ,2024,10,27,28.5,0.0761999999999999,77.94164,0
West_SJ,2024,10,28,29.0,0.0,75.24228,0
West_SJ,2024,10,29,28.000000000000004,0.0,81.71973,0
West_SJ,2024,10,30,27.5,0.6095999999999999,74.57803,0
West_SJ,2024,10,31,23.500000000000007,0.6194641777675385,89.97878,0
West_SJ,2024,11,1,25.500000000000004,0.6476804443988321,86.77609,0
West_SJ,2024,11,2,27.5,1.7779999999999998,78.44885,0
West_SJ,2024,11,3,28.5,0.0,78.34482,0
West_SJ,2024,11,4,29.0,0.5334,78.72186,0
West_SJ,2024,11,5,27.5,0.0,83.03945,0
West_SJ,2024,11,6,27.0,2.3876,85.799835,0
West_SJ,2024,11,7,26.000000000000007,2.4035805643282693,89.41993,0
West_SJ,2024,11,8,28.000000000000004,0.8382,84.53258,0
West_SJ,2024,11,9,28.5,0.254,81.65775,0
West_SJ,2024,11,10,27.0,4.216399999999999,86.125946,0
West_SJ,2024,11,11,26.000000000000007,2.667,84.78924,0
West_SJ,2024,11,12,28.000000000000004,0.7619999999999999,83.393845,0
West_SJ,2024,11,13,27.5,0.0,81.83444,0
West_SJ,2024,11,14,27.5,0.0,79.589485,0
West_SJ,2024,11,15,27.0,0.2032,83.956345,0
West_SJ,2024,11,16,27.5,0.3302,80.81495,0
West_SJ,2024,11,17,27.0,0.000254,82.038506,0
West_SJ,2024,11,18,27.5,1.1938,63.872795,0
West_SJ,2024,11,19,26.000000000000007,0.000254,72.45823,0
West_SJ,2024,11,20,26.500000000000004,0.000254,75.93179,0
West_SJ,2024,11,21,27.0,0.0508,76.55871,0
West_SJ,2024,11,22,29.000000000000004,0.0,74.14448,0
West_SJ,2024,11,23,28.5,0.0,80.78466,0
West_SJ,2024,11,24,27.5,0.8889999999999999,81.22948,0
West_SJ,2024,11,25,28.5,0.254,76.143295,0
West_SJ,2024,11,26,28.5,0.0508,75.56149,0
West_SJ,2024,11,27,29.0,0.0,76.400154,0
West_SJ,2024,11,28,28.5,0.0,76.89108,0
West_SJ,2024,11,29,28.5,0.5841999999999999,78.01853,0
West_SJ,2024,11,30,29.0,0.0,77.28051,0
West_SJ,2024,12,1,27.5,0.0,77.54153,0
West_SJ,2024,12,2,28.5,0.0,75.58418,0
West_SJ,2024,12,3,28.000000000000004,0.0,77.27474,0
West_SJ,2024,12,4,27.0,0.7619999999999999,79.88221,0
West_SJ,2024,12,5,27.5,1.2446,75.69214,0
West_SJ,2024,12,6,27.5,0.1016,72.378716,0
West_SJ,2024,12,7,26.500000000000004,0.0,76.23208,0
West_SJ,2024,12,8,26.500000000000004,0.0761999999999999,83.98899,0
West_SJ,2024,12,9,27.5,0.127,74.691605,0
West_SJ,2024,12,10,26.500000000000004,1.7018,81.4049,0
West_SJ,2024,12,11,27.5,1.6509999999999998,70.30419,0
West_SJ,2024,12,12,27.5,0.254,67.612305,0
West_SJ,2024,12,13,27.0,0.0761999999999999,74.44931,0
West_SJ,2024,12,14,26.500000000000004,0.4064,76.146286,0
West_SJ,2024,12,15,26.500000000000004,0.0,77.33264,0
West_SJ,2024,12,16,26.500000000000004,0.0,80.6754,0
West_SJ,2024,12,17,26.500000000000004,1.7018,82.24842,0
West_SJ,2024,12,18,26.000000000000007,1.711310383002905,86.29235,0
West_SJ,2024,12,19,26.500000000000004,1.5494,84.005424,0
West_SJ,2024,12,20,27.0,0.1778,75.65928,0
West_SJ,2024,12,21,28.5,0.0,77.34316,0
West_SJ,2024,12,22,28.5,0.4578795729213292,82.627495,0
West_SJ,2024,12,23,27.5,0.7226075986165785,78.14399,0
West_SJ,2024,12,24,27.0,1.7032993608793294,81.524124,0
West_SJ,2024,12,25,26.500000000000004,0.8198260217576175,83.62219,0
West_SJ,2024,12,26,26.500000000000004,2.3789228508357563,79.41797,0
West_SJ,2024,12,27,26.500000000000004,1.4456193657104015,79.01486,0
West_SJ,2024,12,28,26.500000000000004,0.4903943442735472,78.08381,0
West_SJ,2024,12,29,26.0,0.0,60.37618,0
West_SJ,2024,12,30,24.0,0.0508,76.20286,0
West_SJ,2024,12,31,26.5,0.1016,61.98373,0
West_SJ,2025,1,1,25.500000000000004,0.7619999999999999,78.42323,0
West_SJ,2025,1,2,25.0,0.0508,76.60308,0
West_SJ,2025,1,3,26.000000000000007,0.0,67.189964,0
West_SJ,2025,1,4,24.5,2.1082,86.58181,0
West_SJ,2025,1,5,24.5,1.2954,87.38537,0
West_SJ,2025,1,6,26.000000000000007,3.3274,76.56567,0
West_SJ,2025,1,7,25.0,0.0761999999999999,82.905685,0
West_SJ,2025,1,8,26.000000000000007,0.5334,81.592926,0
