station,day,max_temp_f,min_temp_f,min_rh,avg_rh,max_rh
TJIG,3/30/2011,84.2,80.6,70.083244,,83.66177
TJIG,3/31/2011,84.2,80.6,62.02914,,74.114944
TJIG,4/1/2011,89.6,82.4,46.142197,,62.02914
TJIG,4/2/2011,84.2,82.4,62.02914,,65.74351
TJIG,4/3/2011,82.4,82.4,65.74351,,65.74351
TJIG,4/4/2011,82.4,78.8,65.74351,,73.9485
TJIG,4/5/2011,78.8,75.2,73.9485,,83.32391
TJIG,4/6/2011,82.4,80.6,69.897545,,74.114944
TJIG,4/7/2011,80.6,80.6,65.536865,,69.71026
TJIG,4/8/2011,80.6,75.2,69.138725,,73.780556
TJIG,4/9/2011,78.8,78.8,65.32855,,65.32855
TJIG,4/10/2011,80.6,78.8,65.32855,,65.536865
TJIG,4/11/2011,78.8,78.8,65.32855,,65.32855
TJIG,4/12/2011,78.8,78.8,73.9485,,73.9485
TJIG,4/13/2011,,,,,
TJIG,4/14/2011,,,,,
TJIG,4/15/2011,80.6,78.8,74.114944,,78.62098
TJIG,4/16/2011,78.8,78.8,69.52137,,69.52137
TJIG,4/17/2011,,,,,
TJIG,4/18/2011,80.6,78.8,65.32855,,65.536865
TJIG,4/19/2011,80.6,75.2,65.536865,,83.32391
TJIG,4/20/2011,82.4,80.6,65.536865,,69.897545
TJIG,4/21/2011,,,,,
TJIG,4/22/2011,80.6,78.8,69.71026,,73.9485
TJIG,4/23/2011,80.6,78.8,69.52137,,69.71026
TJIG,4/24/2011,80.6,80.6,69.71026,,69.71026
TJIG,4/25/2011,84.2,82.4,65.94849,,69.897545
TJIG,4/26/2011,82.4,77,74.2799,,83.437645
TJIG,4/27/2011,82.4,75.2,74.2799,,88.588776
TJIG,4/28/2011,82.4,78.8,61.807594,,69.71026
TJIG,4/29/2011,82.4,77,61.807594,,69.330864
TJIG,4/30/2011,80.6,78.8,69.71026,,74.114944
TJIG,5/1/2011,80.6,75.2,78.76171,,88.588776
TJIG,5/2/2011,82.4,80.6,74.114944,,78.76171
TJIG,5/3/2011,82.4,78.8,69.897545,,78.62098
TJIG,5/4/2011,80.6,78.8,69.71026,,78.62098
TJIG,5/5/2011,,,,,
TJIG,5/6/2011,78.8,78.8,61.3594,,65.32855
TJIG,5/7/2011,80.6,77,61.58435,,69.330864
TJIG,5/8/2011,82.4,78.8,61.807594,,69.52137
TJIG,5/9/2011,82.4,80.6,65.74351,,74.114944
TJIG,5/10/2011,,,,,
TJIG,5/11/2011,80.6,78.8,69.71026,,74.114944
TJIG,5/12/2011,80.6,80.6,74.114944,,74.114944
TJIG,5/13/2011,80.6,80.6,78.76171,,78.76171
TJIG,5/14/2011,77,77,88.668915,,88.668915
TJIG,5/15/2011,89.6,77,55.530766,,83.55026
TJIG,5/16/2011,91.4,82.4,49.362175,,70.083244
TJIG,5/17/2011,80.6,75.2,74.114944,,94.14301
TJIG,5/18/2011,86,82.4,66.15182,,78.90113
TJIG,5/19/2011,78.8,77,78.62098,,88.74824
TJIG,5/20/2011,,,,,
TJIG,5/21/2011,,,,,
TJIG,5/22/2011,,,,,
TJIG,5/23/2011,,,,,
TJIG,5/24/2011,82.4,78.8,78.90113,,94.22723
TJIG,5/25/2011,,,,,
TJIG,5/26/2011,,,,,
TJIG,5/27/2011,86,82.4,69.897545,,78.90113
TJIG,5/28/2011,86,80.6,70.26737,,88.826744
TJIG,5/29/2011,,,,,
TJIG,5/30/2011,,,,,
TJIG,5/31/2011,,,,,
TJIG,6/1/2011,84.2,80.6,79.039246,,83.66177
TJIG,6/2/2011,,,,,
TJIG,6/3/2011,,,,,
TJIG,6/4/2011,82.4,77,74.2799,,88.668915
TJIG,6/5/2011,82.4,78.8,83.772194,,94.22723
TJIG,6/6/2011,86,75.2,62.249004,,88.588776
TJIG,6/7/2011,86,82.4,70.26737,,78.90113
TJIG,6/8/2011,82.4,78.8,83.55026,,83.772194
TJIG,6/9/2011,,,,,
TJIG,6/10/2011,93.2,80.6,56.010715,,88.826744
TJIG,6/11/2011,89.6,84.2,66.55361,,79.039246
TJIG,6/12/2011,,,,,
TJIG,6/13/2011,86,82.4,70.26737,,83.772194
TJIG,6/14/2011,84.2,84.2,79.039246,,79.039246
TJIG,6/15/2011,89.6,82.4,59.012367,,83.772194
TJIG,6/16/2011,78.8,75.2,73.9485,,88.588776
TJIG,6/17/2011,86,86,74.60542,,74.60542
TJIG,6/18/2011,,,,,
TJIG,6/19/2011,,,,,
TJIG,6/20/2011,,,,,
TJIG,6/21/2011,,,,,
TJIG,6/22/2011,86,86,74.60542,,74.60542
TJIG,6/23/2011,87.8,84.2,66.35352,,74.44338
TJIG,6/24/2011,86,86,70.26737,,70.26737
TJIG,6/25/2011,84.2,84.2,70.083244,,74.44338
TJIG,6/26/2011,86,78.8,74.60542,,88.74824
TJIG,6/27/2011,,,,,
TJIG,6/28/2011,,,,,
TJIG,6/29/2011,,,,,
TJIG,6/30/2011,84.2,82.4,74.44338,,78.90113
TJIG,7/1/2011,,,,,
TJIG,7/2/2011,,,74.2799,85.5574,94.1853
TJIG,7/3/2011,82.4,75.2,78.90113,,88.826744
TJIG,7/4/2011,89.6,80.6,59.012367,,88.826744
TJIG,7/5/2011,86,86,70.26737,,70.26737
TJIG,7/6/2011,,,,,
TJIG,7/7/2011,82.4,73.4,83.772194,,94.10022
TJIG,7/8/2011,84.2,82.4,65.94849,,78.90113
TJIG,7/9/2011,84.2,82.4,79.039246,,83.772194
TJIG,7/10/2011,84.2,80.6,74.44338,,88.826744
TJIG,7/11/2011,,,,,
TJIG,7/12/2011,82.4,78.8,78.90113,,88.74824
TJIG,7/13/2011,86,86,70.26737,,70.26737
TJIG,7/14/2011,89.6,75.2,62.683746,,88.588776
TJIG,7/15/2011,86,78.8,74.60542,,88.74824
TJIG,7/16/2011,86,80.6,65.94849,,78.76171
TJIG,7/17/2011,,,,,
TJIG,7/18/2011,86,80.6,69.897545,,88.826744
TJIG,7/19/2011,87.8,86,70.44994,,74.76602
TJIG,7/20/2011,82.4,82.4,83.772194,,83.772194
TJIG,7/21/2011,86,84.2,74.44338,,79.039246
TJIG,7/22/2011,86,86,66.15182,,66.15182
TJIG,7/23/2011,84.2,82.4,83.88154,,88.90445
TJIG,7/24/2011,84.2,84.2,83.88154,,83.88154
TJIG,7/25/2011,,,,,
TJIG,7/26/2011,,,,,
TJIG,7/27/2011,84.2,80.6,74.44338,,83.66177
TJIG,7/28/2011,86,78.8,70.26737,,88.74824
TJIG,7/29/2011,86,84.2,74.60542,,83.88154
TJIG,7/30/2011,86,77,70.26737,,94.18534
TJIG,7/31/2011,86,84.2,70.26737,,74.44338
TJIG,8/1/2011,,,,,
TJIG,8/2/2011,,,,,
TJIG,8/3/2011,,,,,
TJIG,8/4/2011,,,,,
TJIG,8/5/2011,,,,,
TJIG,8/6/2011,,,,,
TJIG,8/7/2011,,,,,
TJIG,8/8/2011,,,,,
TJIG,8/9/2011,,,,,
TJIG,8/10/2011,,,,,
TJIG,8/11/2011,,,,,
TJIG,8/12/2011,,,,,
TJIG,8/13/2011,,,,,
TJIG,8/14/2011,,,,,
TJIG,8/15/2011,,,,,
TJIG,8/16/2011,,,,,
TJIG,8/17/2011,,,,,
TJIG,8/18/2011,,,,,
TJIG,8/19/2011,,,,,
TJIG,8/20/2011,,,,,
TJIG,8/21/2011,,,,,
TJIG,8/22/2011,,,,,
TJIG,8/23/2011,,,,,
TJIG,8/24/2011,,,,,
TJIG,8/25/2011,,,,,
TJIG,8/26/2011,,,,,
TJIG,8/27/2011,,,,,
TJIG,8/28/2011,,,,,
TJIG,8/29/2011,,,,,
TJIG,8/30/2011,,,,,
TJIG,8/31/2011,,,,,
TJIG,9/1/2011,,,,,
TJIG,9/2/2011,,,,,
TJIG,9/3/2011,,,,,
TJIG,9/4/2011,,,,,
TJIG,9/5/2011,,,,,
TJIG,9/6/2011,,,,,
TJIG,9/7/2011,,,,,
TJIG,9/8/2011,,,,,
TJIG,9/9/2011,,,,,
TJIG,9/10/2011,,,,,
TJIG,9/11/2011,,,,,
TJIG,9/12/2011,,,,,
TJIG,9/13/2011,,,,,
TJIG,9/14/2011,,,,,
TJIG,9/15/2011,,,,,
TJIG,9/16/2011,,,,,
TJIG,9/17/2011,,,,,
TJIG,9/18/2011,,,,,
TJIG,9/19/2011,,,,,
TJIG,9/20/2011,,,,,
TJIG,9/21/2011,,,,,
TJIG,9/22/2011,,,,,
TJIG,9/23/2011,,,,,
TJIG,9/24/2011,,,,,
TJIG,9/25/2011,,,,,
TJIG,9/26/2011,,,,,
TJIG,9/27/2011,,,,,
TJIG,9/28/2011,,,,,
TJIG,9/29/2011,,,,,
TJIG,9/30/2011,,,,,
TJIG,10/1/2011,,,,,
TJIG,10/2/2011,,,,,
TJIG,10/3/2011,,,,,
TJIG,10/4/2011,,,,,
TJIG,10/5/2011,,,,,
TJIG,10/6/2011,,,,,
TJIG,10/7/2011,,,,,
TJIG,10/8/2011,,,,,
TJIG,10/9/2011,,,,,
TJIG,10/10/2011,,,,,
TJIG,10/11/2011,,,,,
TJIG,10/12/2011,,,,,
TJIG,10/13/2011,,,,,
TJIG,10/14/2011,,,,,
TJIG,10/15/2011,,,,,
TJIG,10/16/2011,,,,,
TJIG,10/17/2011,,,,,
TJIG,10/18/2011,,,,,
TJIG,10/19/2011,,,,,
TJIG,10/20/2011,,,,,
TJIG,10/21/2011,,,,,
TJIG,10/22/2011,,,,,
TJIG,10/23/2011,,,,,
TJIG,10/24/2011,,,,,
TJIG,10/25/2011,86,82.4,70.2674,76.35815,79.0392
TJIG,10/26/2011,87.8,80.6,62.249,76.305214,88.826744
TJIG,10/27/2011,87.8,80.6,66.1518,76.1674,83.6618
TJIG,10/28/2011,86,78.8,62.249,74.88695,83.5503
TJIG,10/29/2011,86,77,66.1518,80.04238,94.1853
TJIG,10/30/2011,86,78.8,66.1518,73.53807,83.5503
TJIG,10/31/2011,86,78.8,62.249,76.8933,88.7482
TJIG,11/1/2011,86,77,62.249,80.2495,94.1853
TJIG,11/2/2011,87.8,77,55.2883,76.609436,83.5503
TJIG,11/3/2011,84.2,75.2,65.9485,80.87486,94.143
TJIG,11/4/2011,89.6,77,55.2883,74.388084,88.6689
TJIG,11/5/2011,87.8,78.8,62.4672,76.05995,83.5503
TJIG,11/6/2011,89.6,77,55.5308,77.25887,88.668915
TJIG,11/7/2011,89.6,75.2,59.012367,83.24516,94.143
TJIG,11/8/2011,84.2,77,74.4434,86.79053,94.1853
TJIG,11/9/2011,87.8,75.2,70.0832,83.20769,94.143
TJIG,11/10/2011,86,75.2,70.26737,,94.22723
TJIG,11/11/2011,86,78.8,70.2674,79.2264,88.74824
TJIG,11/12/2011,86,77,66.1518,76.6757,88.6689
TJIG,11/13/2011,86,78.8,62.249,74.48118,83.6618
TJIG,11/14/2011,86,77,70.0832,83.13627,94.1853
TJIG,11/15/2011,86,80.6,66.1518,73.94663,78.7617
TJIG,11/16/2011,84.2,77,62.0291,71.95221,88.668915
TJIG,11/17/2011,86,77,62.249,75.95404,88.6689
TJIG,11/18/2011,84.2,77,69.8975,74.94603,83.5503
TJIG,11/19/2011,84.2,80.6,54.7986,65.47303,69.7103
TJIG,11/20/2011,84.2,80.6,65.9485,75.7419,78.7617
TJIG,11/21/2011,84.2,78.8,69.8975,74.85816,83.5503
TJIG,11/22/2011,84.2,80.6,69.8975,75.83508,78.7617
TJIG,11/23/2011,84.2,78.8,65.94849,73.32885,83.55026
TJIG,11/24/2011,84.2,75.2,70.0832,79.14191,88.668915
TJIG,11/25/2011,80.6,75.2,78.621,83.54283,88.668915
TJIG,11/26/2011,82.4,73.4,74.1149,89.04075,100
TJIG,11/27/2011,82.4,77,69.8975,80.97062,88.668915
TJIG,11/28/2011,84.2,73.4,70.0832,81.78232,88.507805
TJIG,11/29/2011,82.4,78.8,69.8975,76.29215,78.76171
TJIG,11/30/2011,82.4,75.2,65.7435,78.32675,88.668915
TJIG,12/1/2011,82.4,75.2,65.7435,77.47241,88.668915
TJIG,12/2/2011,84.2,75.2,65.7435,78.03387,88.5888
TJIG,12/3/2011,80.6,78.8,61.58435,65.67636,69.7103
TJIG,12/4/2011,80.6,73.4,57.8427,70.38376,83.209
TJIG,12/5/2011,80.6,75.2,74.1149,78.0703,88.5888
TJIG,12/6/2011,86,80.6,62.249004,,74.114944
TJIG,12/7/2011,87.8,80.6,62.4672,71.5384,74.2799
TJIG,12/8/2011,87.8,75.2,62.4672,79.48245,94.143
TJIG,12/9/2011,80.6,78.8,,,
TJIG,12/10/2011,82.4,75.2,69.8975,85.45987,94.1853
TJIG,12/11/2011,84.2,75.2,65.9485,79.4106,88.6689
TJIG,12/12/2011,86,73.4,62.0291,74.43705,88.5078
TJIG,12/13/2011,,,,,
TJIG,12/14/2011,,,,,
TJIG,12/15/2011,84.2,77,48.3188,54.96394,73.7806
TJIG,12/16/2011,82.4,77,57.6037,64.2594,69.3309
TJIG,12/17/2011,84.2,75.2,54.798595,66.10599,73.9485
TJIG,12/18/2011,86,77,48.582,60.155586,69.5214
TJIG,12/19/2011,86,75.2,39.860752,56.96442,64.9068
TJIG,12/20/2011,80.6,73.4,61.5844,74.813675,88.5078
TJIG,12/21/2011,82.4,77,58.08,65.003426,73.9485
TJIG,12/22/2011,82.4,77,54.5512,65.587135,73.7806
TJIG,12/23/2011,84.2,73.4,54.798595,69.1031,83.209045
TJIG,12/24/2011,84.2,77,54.7986,66.73677,73.7806
TJIG,12/25/2011,82.4,77,61.5844,71.03632,83.4376
TJIG,12/26/2011,84.2,78.8,58.08,61.221878,73.9485
TJIG,12/27/2011,84.2,75.2,58.315598,69.56928,78.3355
TJIG,12/28/2011,84.2,71.6,65.7435,82.111275,94.1002
TJIG,12/29/2011,84.2,75.2,62.0291,75.3177,83.3239
TJIG,12/30/2011,84.2,75.2,65.7435,76.628174,88.5888
TJIG,12/31/2011,84.2,73.4,58.315598,79.59492,94.1002
TJIG,1/1/2012,84.2,73.4,62.0291,78.30823,94.1002
TJIG,1/2/2012,82.4,73.4,65.5369,82.25894,94.1002
TJIG,1/3/2012,86,71.6,62.249,78.43865,94.143
TJIG,1/4/2012,84.2,71.6,62.0291,79.29642,94.057
TJIG,1/5/2012,84.2,73.4,69.8975,83.94257,94.1002
TJIG,1/6/2012,84.2,73.4,65.9485,84.791534,94.1002
TJIG,1/7/2012,84.2,73.4,65.7435,81.768196,94.1002
TJIG,1/8/2012,84.2,73.4,58.3156,74.59206,88.5078
TJIG,1/9/2012,84.2,71.6,62.0291,76.394966,88.426
TJIG,1/10/2012,84.2,73.4,62.0291,72.750916,83.209
TJIG,1/11/2012,84.2,77,,,
TJIG,1/12/2012,84.2,73.4,54.5512,67.68486,78.1907
TJIG,1/13/2012,84.2,75.2,62.0291,77.874725,88.5888
TJIG,1/14/2012,84.2,75.2,58.3156,74.58736,88.5888
TJIG,1/15/2012,84.2,75.2,61.8076,76.04548,88.5888
TJIG,1/16/2012,84.2,75.2,54.7986,69.29976,78.4789
TJIG,1/17/2012,80.6,71.6,65.5369,74.068924,88.5078
TJIG,1/18/2012,84.2,73.4,54.7986,67.65357,83.209
TJIG,1/19/2012,84.2,69.8,54.7986,76.71107,94.0132
TJIG,1/20/2012,84.2,73.4,54.7986,74.03726,88.5888
TJIG,1/21/2012,84.2,69.8,62.0291,79.586716,94.0132
TJIG,1/22/2012,84.2,73.4,54.5512,70.633965,83.209
TJIG,1/23/2012,82.4,75.2,51.2122,66.13796,78.3355
TJIG,1/24/2012,84.2,77,51.2122,58.873714,65.1185
TJIG,1/25/2012,84.2,75.2,51.4692,63.27866,69.3309
TJIG,1/26/2012,82.4,71.6,58.08,67.5107,88.426
TJIG,1/27/2012,82.4,73.4,58.08,72.39513,83.3239
TJIG,1/28/2012,80.6,71.6,61.5844,76.5071,88.426
TJIG,1/29/2012,84.2,75.2,58.3156,71.75957,78.3355
TJIG,1/30/2012,80.6,73.4,69.7103,81.61718,88.5078
TJIG,1/31/2012,84.2,75.2,62.0291,74.99135,83.3239
TJIG,2/1/2012,80.6,75.2,65.5369,73.18689,88.5888
TJIG,2/2/2012,82.4,73.4,65.7435,77.194786,88.5078
TJIG,2/3/2012,82.4,73.4,61.8076,73.342384,94.1002
TJIG,2/4/2012,82.4,75.2,58.08,68.995705,78.3355
TJIG,2/5/2012,84.2,71.6,58.3156,79.59941,94.057
TJIG,2/6/2012,82.4,71.6,65.7435,79.17022,88.5078
TJIG,2/7/2012,82.4,71.6,65.5369,80.03564,88.5078
TJIG,2/8/2012,84.2,73.4,62.0291,79.18649,88.5078
TJIG,2/9/2012,86,73.4,62.249,80.150215,94.1002
TJIG,2/10/2012,86,78.8,62.249,69.47213,78.621
TJIG,2/11/2012,87.8,73.4,43.068,70.28404,83.209
TJIG,2/12/2012,86,73.4,51.724586,69.10719,78.3355
TJIG,2/13/2012,82.4,71.6,65.7435,75.19367,83.209045
TJIG,2/14/2012,78.8,75.2,73.9485,81.37332,88.5888
TJIG,2/15/2012,82.4,73.4,65.536865,78.7949,88.507805
TJIG,2/16/2012,84.2,73.4,58.315598,74.91028,94.10022
TJIG,2/17/2012,84.2,75.2,54.798595,68.23032,78.3355
TJIG,2/18/2012,82.4,73.4,57.842686,72.10798,83.32391
TJIG,2/19/2012,84.2,71.6,62.0291,78.8173,88.5888
TJIG,2/20/2012,84.2,69.8,48.3188,70.10483,88.507805
TJIG,2/21/2012,84.2,71.6,58.315598,74.92495,88.426
TJIG,2/22/2012,84.2,75.2,54.798595,66.56752,73.9485
TJIG,2/23/2012,84.2,75.2,65.7435,74.97838,83.437645
TJIG,2/24/2012,84.2,73.4,61.807594,78.496704,88.5888
TJIG,2/25/2012,84.2,73.4,61.807594,73.16255,83.209045
TJIG,2/26/2012,86,73.4,58.315598,74.94717,88.507805
TJIG,2/27/2012,84.2,77,57.842686,68.00961,73.9485
TJIG,2/28/2012,82.4,75.2,65.7435,76.57617,83.437645
TJIG,2/29/2012,84.2,75.2,58.07999,67.2482,78.3355
TJIG,3/1/2012,80.6,73.4,69.7103,80.47531,88.5888
TJIG,3/2/2012,84.2,73.4,58.3156,74.4552,88.5078
TJIG,3/3/2012,84.2,73.4,65.7435,80.08498,94.1002
TJIG,3/4/2012,86,73.4,58.5495,77.97031,88.5078
TJIG,3/5/2012,82.4,75.2,65.5369,73.026344,78.3355
TJIG,3/6/2012,86,73.4,54.5512,70.17277,83.209
TJIG,3/7/2012,84.2,71.6,54.7986,73.46312,88.426
TJIG,3/8/2012,84.2,73.4,58.3156,70.097664,78.1907
TJIG,3/9/2012,84.2,73.4,58.3156,72.761444,83.3239
TJIG,3/10/2012,84.2,71.6,58.3156,74.52639,88.426
TJIG,3/11/2012,86,73.4,58.3156,74.514206,88.5078
TJIG,3/12/2012,82.4,75.2,61.8076,71.65482,78.621
TJIG,3/13/2012,84.2,71.6,58.3156,70.47117,83.093
TJIG,3/14/2012,84.2,75.2,61.8076,70.92289,78.3355
TJIG,3/15/2012,84.2,75.2,54.5512,65.92775,73.6111
TJIG,3/16/2012,86,73.4,51.4692,65.796364,78.1907
TJIG,3/17/2012,86,73.4,55.0443,69.07387,83.209
TJIG,3/18/2012,86,73.4,58.5495,72.52941,83.3239
TJIG,3/19/2012,86,73.4,55.0443,71.78024,83.209
TJIG,3/20/2012,86,73.4,55.0443,70.46906,83.209
TJIG,3/21/2012,86,75.2,58.5495,70.21844,78.3355
TJIG,3/22/2012,80.6,71.6,74.1149,88.563255,94.057
TJIG,3/23/2012,80.6,71.6,65.5369,80.67965,88.5078
TJIG,3/24/2012,84.2,75.2,65.7435,76.098785,83.4376
TJIG,3/25/2012,80.6,71.6,74.1149,89.644745,94.1002
TJIG,3/26/2012,86,73.4,62.0291,77.17424,88.5078
TJIG,3/27/2012,84.2,69.8,61.8076,72.01503,78.3355
TJIG,3/28/2012,84.2,75.2,65.9485,78.83774,88.6689
TJIG,3/29/2012,78.8,59,72.0149,84.779205,94.1002
TJIG,3/30/2012,80.6,73.4,73.9485,87.840416,94.143
TJIG,3/31/2012,84.2,75.2,65.5369,75.99377,83.3239
TJIG,4/1/2012,89.6,73.4,49.1036,71.8887,88.5078
TJIG,4/2/2012,89.6,75.2,48.8436,70.8901,83.3239
TJIG,4/3/2012,87.8,75.2,58.7818,73.64546,83.3239
TJIG,4/4/2012,86,77,58.5495,73.716774,83.4376
TJIG,4/5/2012,86,77,61.8076,72.72046,78.7617
TJIG,4/6/2012,87.8,75.2,55.0443,73.6106,88.5888
TJIG,4/7/2012,87.8,77,58.5495,72.35691,83.4376
TJIG,4/8/2012,87.8,77,55.2883,71.531364,83.4376
TJIG,4/9/2012,82.4,75.2,65.5369,80.54492,94.143
TJIG,4/10/2012,86,75.2,58.5495,78.28362,88.5888
TJIG,4/11/2012,87.8,77,55.2883,73.96631,88.6689
TJIG,4/12/2012,86,78.8,62.249,74.689606,83.6618
TJIG,4/13/2012,89.6,75.2,55.5308,76.929726,88.6689
TJIG,4/14/2012,82.4,73.4,74.2799,90.00862,100
TJIG,4/15/2012,82.4,75.2,54.5512,59.983124,69.3309
TJIG,4/16/2012,84.2,77,45.0687,51.821114,61.1327
TJIG,4/17/2012,84.2,77,50.6934,55.62292,69.3309
TJIG,4/18/2012,84.2,73.4,51.2122,62.91824,73.44011
TJIG,4/19/2012,86,71.6,45.6083,64.313126,78.0446
TJIG,4/20/2012,84.2,75.2,54.7986,67.95453,78.3355
TJIG,4/21/2012,84.2,75.2,69.8975,77.15995,83.6618
TJIG,4/22/2012,87.8,77,58.7818,75.85363,88.6689
TJIG,4/23/2012,89.6,80.6,52.2305,67.48014,78.7617
TJIG,4/24/2012,87.8,84.2,,,
TJIG,4/25/2012,87.8,78.8,58.7818,78.82935,88.9044
TJIG,4/26/2012,87.8,78.8,62.4672,75.55248,83.5503
TJIG,4/27/2012,84.2,77,65.9485,78.14569,88.6689
TJIG,4/28/2012,87.8,78.8,58.5495,67.19714,74.1149
TJIG,4/29/2012,86,77,62.0291,73.879036,83.4376
TJIG,4/30/2012,84.2,77,58.3156,74.81441,83.5503
TJIG,5/1/2012,86,77,62.0291,70.88493,78.4789
TJIG,5/2/2012,82.4,77,78.7617,86.29706,88.6689
TJIG,5/3/2012,82.4,77,69.8975,83.38619,94.1853
TJIG,5/4/2012,87.8,75.2,66.3535,86.25554,100
TJIG,5/5/2012,86,73.4,66.1518,83.00781,94.1002
TJIG,5/6/2012,82.4,77,69.8975,80.2821,88.6689
TJIG,5/7/2012,86,75.2,62.249,77.681755,94.143
TJIG,5/8/2012,87.8,77,66.1518,76.67526,83.6618
TJIG,5/9/2012,87.8,78.8,66.3535,79.78943,88.7482
TJIG,5/10/2012,87.8,77,58.5495,78.439285,88.7482
TJIG,5/11/2012,87.8,78.8,70.2674,83.88748,94.2272
TJIG,5/12/2012,91.4,78.8,52.4811,77.51702,88.7482
TJIG,5/13/2012,87.8,80.6,66.1518,76.77844,83.6618
TJIG,5/14/2012,89.6,77,58.5495,75.11286,88.6689
TJIG,5/15/2012,89.6,77,55.5308,73.056885,83.4376
TJIG,5/16/2012,87.8,78.8,62.4672,73.3859,78.7617
TJIG,5/17/2012,86,78.8,62.249,78.953186,88.7482
TJIG,5/18/2012,86,77,70.2674,82.57361,88.7482
TJIG,5/19/2012,89.6,78.8,49.1036,65.469154,74.2799
TJIG,5/20/2012,86,77,62.249,79.510506,88.7482
TJIG,5/21/2012,87.8,77,58.7818,74.70171,88.6689
TJIG,5/22/2012,84.2,78.8,74.2799,80.34989,83.6618
TJIG,5/23/2012,89.6,78.8,52.2305,73.017815,83.5503
TJIG,5/24/2012,87.8,78.8,62.0291,69.85232,78.621
TJIG,5/25/2012,86,80.6,62.0291,66.5486,69.8975
TJIG,5/26/2012,86,77,55.0443,67.73151,78.4789
TJIG,5/27/2012,86,77,62.249,72.090256,78.7617
TJIG,5/28/2012,87.8,80.6,58.5495,72.031425,78.7617
TJIG,5/29/2012,87.8,77,62.249,75.00818,83.6618
TJIG,5/30/2012,89.6,80.6,55.5308,70.90015,78.7617
TJIG,5/31/2012,89.6,80.6,58.7818,74.13365,83.6618
TJIG,6/1/2012,93.2,80.6,52.7302,66.81464,78.7617
TJIG,6/2/2012,93.2,80.6,46.407,63.63951,78.7617
TJIG,6/3/2012,89.6,80.6,58.7818,70.54318,78.7617
TJIG,6/4/2012,89.6,80.6,51.9784,68.47535,78.7617
TJIG,6/5/2012,93.2,78.8,43.8763,61.373184,78.621
TJIG,6/6/2012,91.4,82.4,52.4811,68.32785,74.6054
TJIG,6/7/2012,89.6,82.4,58.7818,70.18657,74.6054
TJIG,6/8/2012,89.6,80.6,62.249,71.724,78.7617
TJIG,6/9/2012,91.4,80.6,55.7715,68.321365,74.1149
TJIG,6/10/2012,91.4,80.6,55.7715,67.44023,74.1149
TJIG,6/11/2012,91.4,84.2,52.4811,65.86287,74.4434
TJIG,6/12/2012,89.6,86,58.7818,68.0466,70.4499
TJIG,6/13/2012,93.2,82.4,43.8763,63.993427,74.2799
TJIG,6/14/2012,89.6,80.6,59.0124,69.85397,78.7617
TJIG,6/15/2012,91.4,80.6,52.2305,66.38649,78.7617
TJIG,6/16/2012,89.6,80.6,62.249,71.37678,78.7617
TJIG,6/17/2012,91.4,80.6,55.5308,72.11318,83.6618
TJIG,6/18/2012,,84.2,55.5308,63.805763,74.4434
TJIG,6/19/2012,89.6,80.6,59.0124,70.058334,78.7617
TJIG,6/20/2012,87.8,82.4,62.4672,75.23337,83.7722
TJIG,6/21/2012,91.4,82.4,52.4811,66.8533,78.9011
TJIG,6/22/2012,93.2,80.6,49.3622,66.17129,83.6618
TJIG,6/23/2012,89.6,82.4,49.1036,66.63271,74.2799
TJIG,6/24/2012,91.4,80.6,55.5308,65.43112,74.1149
TJIG,6/25/2012,89.6,77,55.2883,68.54168,83.4376
TJIG,6/26/2012,91.4,82.4,52.2305,62.84763,69.8975
TJIG,6/27/2012,91.4,82.4,59.2413,71.909485,79.0392
TJIG,6/28/2012,91.4,82.4,55.7715,65.68597,70.2674
TJIG,6/29/2012,91.4,80.6,52.4811,68.25414,78.7617
TJIG,6/30/2012,89.6,84.2,59.0124,66.95193,74.4434
TJIG,7/1/2012,91.4,80.6,59.2413,70.68633,78.7617
TJIG,7/2/2012,87.8,78.8,70.4499,83.42974,88.7482
TJIG,7/3/2012,91.4,80.6,62.8986,74.783295,83.6618
TJIG,7/4/2012,91.4,75.2,59.2413,72.14354,88.5888
TJIG,7/5/2012,84.2,73.4,70.0832,86.40313,94.143
TJIG,7/6/2012,87.8,78.8,66.3535,75.88772,83.5503
TJIG,7/7/2012,91.4,80.6,59.2413,72.378105,83.6618
TJIG,7/8/2012,91.4,80.6,59.2413,72.91736,78.9011
TJIG,7/9/2012,86,78.8,70.0832,80.3529,88.7482
TJIG,7/10/2012,89.6,80.6,58.7818,74.42768,83.6618
TJIG,7/11/2012,89.6,82.4,59.0124,70.588974,78.9011
TJIG,7/12/2012,89.6,80.6,59.0124,75.598785,83.6618
TJIG,7/13/2012,89.6,78.8,62.6837,76.26561,83.8815
TJIG,7/14/2012,89.6,78.8,62.6837,74.47095,83.5503
TJIG,7/15/2012,87.8,82.4,70.2674,76.561264,83.7722
TJIG,7/16/2012,89.6,82.4,62.6837,73.19444,79.0392
TJIG,7/17/2012,89.6,82.4,,,
TJIG,7/18/2012,89.6,84.2,62.6837,64.848015,74.4434
TJIG,7/19/2012,87.8,80.6,66.1518,77.49506,83.6618
TJIG,7/20/2012,86,80.6,74.6054,85.27518,88.90445
TJIG,7/21/2012,89.6,80.6,62.6837,79.340416,88.826744
TJIG,7/22/2012,87.8,82.4,66.3535,77.907616,83.98982
TJIG,7/23/2012,89.6,80.6,62.4672,68.22568,74.2799
TJIG,7/24/2012,89.6,80.6,62.6837,75.12315,83.6618
TJIG,7/25/2012,91.4,80.6,58.781776,71.92552,83.6618
TJIG,7/26/2012,91.4,80.6,59.2413,69.52612,78.76171
TJIG,7/27/2012,91.4,82.4,52.4811,66.15084,74.2799
TJIG,7/28/2012,91.4,78.8,62.8986,74.49051,83.7722
TJIG,7/29/2012,91.4,80.6,62.8986,75.66922,83.6618
TJIG,7/30/2012,91.4,80.6,62.8986,77.03636,83.88154
TJIG,7/31/2012,82.4,77,74.1149,86.842285,94.2687
TJIG,8/1/2012,89.6,80.6,59.0124,78.02531,83.9898
TJIG,8/2/2012,91.4,80.6,59.2413,72.04501,83.6618
TJIG,8/3/2012,89.6,82.4,62.6837,71.198906,78.9011
TJIG,8/4/2012,87.8,84.2,62.249,70.72097,74.4434
TJIG,8/5/2012,91.4,82.4,62.8986,71.914055,78.9011
TJIG,8/6/2012,91.4,80.6,59.2413,72.78074,83.6618
TJIG,8/7/2012,87.8,78.8,66.3535,78.87693,88.7482
TJIG,8/8/2012,87.8,80.6,70.2674,76.9412,83.6618
TJIG,8/9/2012,93.2,80.6,49.6192,71.4374,88.8267
TJIG,8/10/2012,91.4,82.4,62.8986,69.964,83.8815
TJIG,8/11/2012,91.4,82.4,59.2413,68.97219,74.4434
TJIG,8/12/2012,91.4,82.4,52.4811,71.11448,83.7722
TJIG,8/13/2012,89.6,78.8,65.9485,76.98213,83.5503
TJIG,8/14/2012,91.4,80.6,55.5308,71.59362,83.6618
TJIG,8/15/2012,91.4,78.8,62.8986,79.36951,94.2272
TJIG,8/16/2012,89.6,80.6,62.4672,78.46196,88.8267
TJIG,8/17/2012,89.6,80.6,66.3535,77.969696,83.7722
TJIG,8/18/2012,89.6,82.4,62.6837,78.05204,83.7722
TJIG,8/19/2012,91.4,82.4,59.2413,73.431335,83.7722
TJIG,8/20/2012,91.4,82.4,59.2413,67.56483,74.2799
TJIG,8/21/2012,87.8,80.6,70.0832,74.808495,88.8267
TJIG,8/22/2012,89.6,82.4,,,
TJIG,8/23/2012,,,,,
TJIG,8/24/2012,,,,,
TJIG,8/25/2012,89.6,78.8,62.6837,65.627144,78.7617
TJIG,8/26/2012,89.6,80.6,59.0124,72.143585,83.6618
TJIG,8/27/2012,87.8,78.8,,,
TJIG,8/28/2012,89.6,84.2,62.4672,69.1772,70.4499
TJIG,8/29/2012,91.4,84.2,59.0124,63.723675,74.4434
TJIG,8/30/2012,89.6,80.6,59.0124,72.187775,83.6618
TJIG,8/31/2012,89.6,78.8,59.0124,71.36684,83.5503
TJIG,9/1/2012,89.6,80.6,62.6837,71.52501,78.7617
TJIG,9/2/2012,91.4,80.6,59.0124,73.36283,83.6618
TJIG,9/3/2012,91.4,78.8,52.4811,64.4383,73.9485
TJIG,9/4/2012,93.2,80.6,43.8763,65.131836,74.4434
TJIG,9/5/2012,93.2,80.6,49.6192,67.15317,78.7617
TJIG,9/6/2012,91.4,82.4,49.3622,65.28904,74.2799
TJIG,9/7/2012,93.2,80.6,49.6192,64.55851,74.1149
TJIG,9/8/2012,93.2,80.6,56.0107,72.207466,83.6618
TJIG,9/9/2012,93.2,80.6,49.3622,67.75792,78.7617
TJIG,9/10/2012,91.4,80.6,58.7818,68.81685,78.7617
TJIG,9/11/2012,91.4,80.6,55.7715,66.59027,74.4434
TJIG,9/12/2012,93.2,80.6,52.4811,67.579796,78.7617
TJIG,9/13/2012,91.4,80.6,59.2413,69.1319,79.1761
TJIG,9/14/2012,89.6,78.8,66.5536,79.25538,94.2272
TJIG,9/15/2012,91.4,80.6,55.7715,75.410835,88.8267
TJIG,9/16/2012,91.4,80.6,59.2413,72.012924,83.6618
TJIG,9/17/2012,91.4,82.4,59.2413,73.155655,83.7722
TJIG,9/18/2012,87.8,80.6,70.2674,78.15142,83.7722
TJIG,9/19/2012,91.4,80.6,62.6837,75.94434,88.8267
TJIG,9/20/2012,91.4,84.2,59.2413,72.013016,79.1761
TJIG,9/21/2012,91.4,78.8,55.7715,76.81415,88.7482
TJIG,9/22/2012,91.4,80.6,51.9784,71.86708,83.6618
TJIG,9/23/2012,91.4,82.4,59.0124,67.96085,74.2799
TJIG,9/24/2012,91.4,82.4,59.0124,69.26376,78.9011
TJIG,9/25/2012,87.8,78.8,66.1518,77.84179,88.7482
TJIG,9/26/2012,89.6,77,59.0124,77.59808,94.1853
TJIG,9/27/2012,91.4,78.8,59.2413,71.896965,83.5503
TJIG,9/28/2012,91.4,78.8,62.4672,78.34909,88.7482
TJIG,9/29/2012,91.4,80.6,52.4811,70.224495,83.6618
TJIG,9/30/2012,91.4,80.6,49.3622,70.9382,83.6618
TJIG,10/1/2012,93.2,84.2,59.4686,69.608116,74.4434
TJIG,10/2/2012,89.6,82.4,59.0124,72.80072,83.7722
TJIG,10/3/2012,91.4,84.2,55.7715,64.60657,70.0832
TJIG,10/4/2012,91.4,80.6,55.5308,70.37912,78.7617
TJIG,10/5/2012,91.4,78.8,58.7818,74.087296,88.7482
TJIG,10/6/2012,91.4,80.6,49.1036,68.67753,78.7617
TJIG,10/7/2012,89.6,77,55.5308,75.15885,88.9044
TJIG,10/8/2012,89.6,78.8,66.5536,79.071434,88.9044
TJIG,10/9/2012,91.4,80.6,62.8986,73.815506,83.6618
TJIG,10/10/2012,89.6,80.6,66.3535,76.76273,88.8267
TJIG,10/11/2012,89.6,77,62.6837,81.79717,88.8267
TJIG,10/12/2012,89.6,78.8,55.5308,78.41935,88.7482
TJIG,10/13/2012,89.6,78.8,66.5536,80.88898,88.9044
TJIG,10/14/2012,87.8,80.6,70.4499,83.469604,94.2687
TJIG,10/15/2012,93.2,80.6,55.7715,73.32143,83.8815
TJIG,10/16/2012,91.4,77,59.0124,74.77533,94.2272
TJIG,10/17/2012,93.2,78.8,59.2413,77.34995,88.7482
TJIG,10/18/2012,89.6,80.6,66.1518,77.15591,88.8267
TJIG,10/19/2012,87.8,77,58.7818,79.506905,94.1853
TJIG,10/20/2012,87.8,78.8,62.249,74.50735,83.5503
TJIG,10/21/2012,89.6,78.8,62.6837,76.411804,83.6618
TJIG,10/22/2012,87.8,78.8,66.3535,78.176956,88.7482
TJIG,10/23/2012,89.6,78.8,55.2883,72.66463,83.5503
TJIG,10/24/2012,91.4,80.6,52.4811,67.97605,78.7617
TJIG,10/25/2012,89.6,82.4,55.5308,66.86406,78.9011
TJIG,10/26/2012,91.4,77,62.8986,81.06416,94.1853
TJIG,10/27/2012,96.8,80.6,44.4084,68.73183,88.8267
TJIG,10/28/2012,93.2,82.4,56.0107,70.687096,78.9011
TJIG,10/29/2012,91.4,80.6,59.0124,72.16589,83.6618
TJIG,10/30/2012,93.2,80.6,52.4811,71.27312,83.6618
TJIG,10/31/2012,91.4,78.8,59.2413,75.38237,88.7482
TJIG,11/1/2012,91.4,82.4,59.2413,71.91338,78.9011
TJIG,11/2/2012,89.6,80.6,59.0124,70.10599,78.7617
TJIG,11/3/2012,89.6,78.8,59.0124,72.55186,83.5503
TJIG,11/4/2012,89.6,78.8,55.5308,72.56117,83.5503
TJIG,11/5/2012,87.8,78.8,62.4672,79.33224,88.7482
TJIG,11/6/2012,89.6,78.8,59.0124,72.52804,83.5503
TJIG,11/7/2012,93.2,78.8,46.6703,72.449,88.7482
TJIG,11/8/2012,91.4,78.8,59.0124,74.824684,88.7482
TJIG,11/9/2012,89.6,78.8,59.0124,74.61784,88.7482
TJIG,11/10/2012,89.6,78.8,59.0124,72.96613,88.7482
TJIG,11/11/2012,89.6,80.6,59.0124,73.28505,83.6618
TJIG,11/12/2012,87.8,78.8,62.249,77.42606,88.8267
TJIG,11/13/2012,87.8,78.8,65.9485,80.12037,88.7482
TJIG,11/14/2012,86,78.8,70.0832,82.276115,88.8267
TJIG,11/15/2012,89.6,77,52.2305,76.04311,94.1853
TJIG,11/16/2012,87.8,77,66.3535,82.759224,94.1853
TJIG,11/17/2012,89.6,82.4,62.249,68.10538,74.6054
TJIG,11/18/2012,89.6,78.8,62.4672,76.14177,88.7482
TJIG,11/19/2012,87.8,78.8,70.2674,82.21975,88.7482
TJIG,11/20/2012,89.6,77,62.6837,77.32717,88.6689
TJIG,11/21/2012,87.8,78.8,66.3535,75.3693,83.5503
TJIG,11/22/2012,87.8,77,66.3535,82.07339,88.8267
TJIG,11/23/2012,89.6,77,59.012367,84.17156,94.1853
TJIG,11/24/2012,87.8,75.2,55.2883,76.915726,94.143
TJIG,11/25/2012,87.8,77,62.249,75.08675,88.6689
TJIG,11/26/2012,89.6,80.6,55.2883,68.63714,74.1149
TJIG,11/27/2012,87.8,80.6,66.1518,72.536705,78.9011
TJIG,11/28/2012,87.8,75.2,62.4672,78.57884,94.143
TJIG,11/29/2012,87.8,75.2,58.7818,76.6567,94.143
TJIG,11/30/2012,87.8,78.8,58.5495,71.167915,78.7617
TJIG,12/1/2012,87.8,75.2,62.4672,80.3412,88.8267
TJIG,12/2/2012,87.8,73.4,58.5495,82.85485,94.1002
TJIG,12/3/2012,80.6,75.2,,,
TJIG,12/4/2012,86,78.8,55.0443,66.77338,73.9485
TJIG,12/5/2012,86,78.8,55.044296,65.1703,78.7617
TJIG,12/6/2012,86,73.4,55.0443,76.76295,88.6689
TJIG,12/7/2012,82.4,77,57.8427,62.12578,65.5369
TJIG,12/8/2012,86,78.8,55.0443,70.13677,78.621
TJIG,12/9/2012,86,77,58.5495,71.56742,78.621
TJIG,12/10/2012,86,78.8,54.7986,64.9035,69.7103
TJIG,12/11/2012,86,73.4,58.3156,75.41317,88.5888
TJIG,12/12/2012,86,80.6,62.0291,69.857765,74.1149
TJIG,12/13/2012,80.6,75.2,78.621,84.3099,88.6689
TJIG,12/14/2012,86,73.4,55.0443,73.567795,88.5078
TJIG,12/15/2012,84.2,73.4,58.3156,79.35735,94.143
TJIG,12/16/2012,86,71.6,55.0443,78.66269,94.057
TJIG,12/17/2012,86,71.6,55.0443,75.71719,88.5078
TJIG,12/18/2012,86,71.6,58.3156,72.50721,88.426
TJIG,12/19/2012,84.2,71.6,65.9485,83.86983,94.1002
TJIG,12/20/2012,84.2,78.8,54.7986,62.927116,65.5369
TJIG,12/21/2012,82.4,75.2,65.7435,82.38611,94.143
TJIG,12/22/2012,82.4,73.4,57.8427,74.02808,94.143
TJIG,12/23/2012,84.2,73.4,51.4692,71.15196,88.5078
TJIG,12/24/2012,84.2,71.6,58.08,71.01901,83.093
TJIG,12/25/2012,86,73.4,62.0291,78.486664,88.5078
TJIG,12/26/2012,86,71.6,62.249,79.35562,100
TJIG,12/27/2012,86,75.2,66.1518,77.915695,88.5888
TJIG,12/28/2012,86,77,58.5495,71.49315,83.4376
TJIG,12/29/2012,84.2,77,58.3156,67.36896,78.4789
TJIG,12/30/2012,89.6,69.8,46.1422,70.43039,88.3433
TJIG,12/31/2012,82.4,75.2,54.5512,68.72926,88.5888
TJIG,1/1/2013,84.2,73.4,61.58435,77.82868,88.668915
TJIG,1/2/2013,86,77,55.044296,65.461876,73.7806
TJIG,1/3/2013,80.6,75.2,65.536865,82.662735,88.5888
TJIG,1/4/2013,84.2,73.4,62.0291,75.43502,88.507805
TJIG,1/5/2013,86,78.8,58.5495,67.715576,73.9485
TJIG,1/6/2013,84.2,78.8,58.07999,65.49233,69.7103
TJIG,1/7/2013,84.2,75.2,58.315598,74.73734,88.5888
TJIG,1/8/2013,84.2,75.2,62.0291,73.26433,88.5888
TJIG,1/9/2013,84.2,77,51.4692,62.699646,73.7806
TJIG,1/10/2013,84.2,75.2,58.315598,69.77664,83.32391
TJIG,1/11/2013,84.2,75.2,51.4692,67.8859,73.7806
TJIG,1/12/2013,86,73.4,55.044296,78.177574,88.507805
TJIG,1/13/2013,82.4,75.2,48.0542,58.48115,64.90684
TJIG,1/14/2013,82.4,75.2,48.0542,65.90378,73.6111
TJIG,1/15/2013,84.2,71.6,58.315598,75.197365,88.426
TJIG,1/16/2013,80.6,73.4,61.58435,76.6981,83.32391
TJIG,1/17/2013,84.2,73.4,51.4692,68.58697,88.507805
TJIG,1/18/2013,82.4,73.4,61.807594,76.29879,88.507805
TJIG,1/19/2013,84.2,77,58.07999,68.21429,73.7806
TJIG,1/20/2013,84.2,73.4,58.315598,75.12872,88.507805
TJIG,1/21/2013,82.4,71.6,61.58435,77.50868,88.426
TJIG,1/22/2013,86,73.4,58.07999,72.11569,83.32391
TJIG,1/23/2013,84.2,75.2,62.0291,75.34208,83.32391
TJIG,1/24/2013,86,75.2,54.798595,69.24135,78.3355
TJIG,1/25/2013,86,78.8,58.5495,71.64775,74.2799
TJIG,1/26/2013,89.6,73.4,55.530766,81.57041,94.14301
TJIG,1/27/2013,86,75.2,62.0291,74.54825,83.437645
TJIG,1/28/2013,86,77,58.5495,72.71727,83.437645
TJIG,1/29/2013,82.4,73.4,65.536865,78.564125,88.507805
TJIG,1/30/2013,84.2,73.4,58.315598,73.72969,83.32391
TJIG,1/31/2013,84.2,73.4,65.7435,81.26799,88.5888
TJIG,2/1/2013,82.4,71.6,58.07999,81.19843,94.10022
TJIG,2/2/2013,84.2,71.6,51.4692,66.91585,83.09303
TJIG,2/3/2013,84.2,71.6,37.0679,67.5993,83.09303
TJIG,2/4/2013,84.2,69.8,54.5512,68.953445,82.9759
TJIG,2/5/2013,84.2,71.6,48.0542,65.640656,73.7806
TJIG,2/6/2013,82.4,71.6,54.5512,74.00574,88.426
TJIG,2/7/2013,86,73.4,54.798595,73.666016,83.32391
TJIG,2/8/2013,84.2,71.6,61.807594,76.44962,94.10022
TJIG,2/9/2013,86,75.2,58.5495,70.33316,78.47891
TJIG,2/10/2013,86,71.6,54.798595,73.08614,88.507805
TJIG,2/11/2013,82.4,75.2,69.71026,73.94537,78.47891
TJIG,2/12/2013,84.2,75.2,45.3392,56.980724,61.5844
TJIG,2/13/2013,86,71.6,48.3188,64.64494,78.19072
TJIG,2/14/2013,84.2,75.2,62.0291,73.220985,83.32391
TJIG,2/15/2013,86,73.4,45.6083,70.89365,83.209045
TJIG,2/16/2013,89.6,73.4,40.412163,63.23189,83.209045
TJIG,2/17/2013,86,73.4,51.4692,73.78743,83.209045
TJIG,2/18/2013,86,71.6,62.0291,75.900185,88.426
TJIG,2/19/2013,80.6,73.4,61.58435,80.29358,100
TJIG,2/20/2013,84.2,75.2,51.4692,72.27492,78.3355
TJIG,2/21/2013,86,73.4,54.798595,72.620605,83.32391
TJIG,2/22/2013,86,73.4,58.315598,70.86093,78.19072
TJIG,2/23/2013,84.2,77,58.07999,64.77609,69.3309
TJIG,2/24/2013,84.2,75.2,62.0291,73.21536,78.47891
TJIG,2/25/2013,84.2,73.4,58.07999,72.45217,83.209045
TJIG,2/26/2013,84.2,75.2,61.807594,71.18472,78.3355
TJIG,2/27/2013,87.8,75.2,45.87598,68.57232,83.32391
TJIG,2/28/2013,86,77,48.3188,63.504654,73.9485
TJIG,3/1/2013,87.8,77,51.9784,66.601524,73.7806
TJIG,3/2/2013,84.2,75.2,48.3188,64.205315,73.6111
TJIG,3/3/2013,86,73.4,55.0443,70.70673,78.1907
TJIG,3/4/2013,87.8,75.2,58.5495,74.51834,88.6689
TJIG,3/5/2013,80.6,77,61.5844,74.26382,78.4789
TJIG,3/6/2013,84.2,73.4,51.4692,65.62342,78.1907
TJIG,3/7/2013,86,73.4,62.0291,75.24683,88.5078
TJIG,3/8/2013,82.4,75.2,61.1327,74.86439,94.143
TJIG,3/9/2013,84.2,71.6,54.7986,72.80912,83.209
TJIG,3/10/2013,86,75.2,42.7959,58.141197,64.9068
TJIG,3/11/2013,82.4,75.2,48.0542,56.935474,60.9043
TJIG,3/12/2013,84.2,75.2,39.3045,49.26384,61.1327
TJIG,3/13/2013,86,75.2,39.8608,49.55702,65.1185
TJIG,3/14/2013,84.2,75.2,39.8608,53.26597,61.1327
TJIG,3/15/2013,86,73.4,42.7959,58.46147,73.4401
TJIG,3/16/2013,84.2,73.4,48.3188,66.69909,78.3355
TJIG,3/17/2013,86,75.2,51.4692,69.30131,78.3355
TJIG,3/18/2013,84.2,75.2,54.7986,72.56331,83.3239
TJIG,3/19/2013,86,75.2,62.0291,75.47409,83.4376
TJIG,3/20/2013,87.8,75.2,45.876,70.24679,83.3239
TJIG,3/21/2013,93.2,77,43.8763,63.774254,78.4789
TJIG,3/22/2013,86,78.8,58.5495,72.97177,78.9011
TJIG,3/23/2013,87.8,77,62.4672,79.5686,88.8267
TJIG,3/24/2013,86,77,58.5495,73.94069,83.4376
TJIG,3/25/2013,86,75.2,58.3156,71.39153,83.3239
TJIG,3/26/2013,91.4,77,38.4517,65.09515,83.4376
TJIG,3/27/2013,91.4,75.2,40.9587,71.64677,83.3239
TJIG,3/28/2013,87.8,78.8,55.2883,71.40899,83.6618
TJIG,3/29/2013,77,73.4,78.4789,83.4645,94.1002
TJIG,3/30/2013,80.6,75.2,69.7103,78.81161,88.5888
TJIG,3/31/2013,80.6,73.4,69.7103,81.66832,94.143
TJIG,4/1/2013,,,,,
TJIG,4/2/2013,89.6,75.2,46.1422,65.37096,83.3239
TJIG,4/3/2013,86,77,62.0291,74.2598,83.4376
TJIG,4/4/2013,86,75.2,62.249,75.166306,88.5888
TJIG,4/5/2013,86,77,62.249,73.66652,78.4789
TJIG,4/6/2013,89.6,77,49.1036,69.178566,88.6689
TJIG,4/7/2013,87.8,77,51.7246,76.09525,88.7482
TJIG,4/8/2013,86,78.8,65.9485,75.06303,83.5503
TJIG,4/9/2013,86,77,65.9485,78.14384,88.7482
TJIG,4/10/2013,86,77,58.5495,72.804794,83.4376
TJIG,4/11/2013,86,77,55.0443,67.35385,78.4789
TJIG,4/12/2013,86,78.8,58.3156,66.35661,74.1149
TJIG,4/13/2013,82.4,75.2,69.8975,79.80116,88.5888
TJIG,4/14/2013,86,77,55.0443,72.951454,83.4376
TJIG,4/15/2013,84.2,77,65.9485,77.17884,83.5503
TJIG,4/16/2013,86,71.6,62.249,77.34658,94.057
TJIG,4/17/2013,,73.4,58.5495,77.9027,94.1002
TJIG,4/18/2013,84.2,75.2,58.3156,73.29299,83.4376
TJIG,4/19/2013,84.2,77,58.315598,68.74465,78.4789
TJIG,4/20/2013,84.2,78.8,65.5369,71.75258,78.621
TJIG,4/21/2013,86,77,51.7246,67.675026,78.4789
TJIG,4/22/2013,84.2,75.2,54.5512,64.78903,73.6111
TJIG,4/23/2013,86,75.2,58.3156,70.87006,83.3239
TJIG,4/24/2013,86,77,61.8076,68.84947,73.7806
TJIG,4/25/2013,87.8,75.2,55.2883,69.57423,83.3239
TJIG,4/26/2013,86,78.8,58.5495,69.45334,78.621
TJIG,4/27/2013,86,77,58.5495,72.617065,83.4376
TJIG,4/28/2013,86,75.2,62.249,76.5184,88.5888
TJIG,4/29/2013,86,77,62.249,74.317696,83.4376
TJIG,4/30/2013,86,77,66.1518,78.05498,83.5503
TJIG,5/1/2013,86,77,62.249,72.323906,83.437645
TJIG,5/2/2013,87.8,78.8,17.6131,70.455696,78.76171
TJIG,5/3/2013,87.8,69.8,62.249,73.77923,83.5503
TJIG,5/4/2013,91.4,80.6,52.4811,66.446144,83.6618
TJIG,5/5/2013,87.8,80.6,58.781776,75.34999,88.826744
TJIG,5/6/2013,87.8,78.8,70.26737,81.73919,88.826744
TJIG,5/7/2013,86,75.2,74.44338,83.66626,94.14301
TJIG,5/8/2013,86,75.2,70.26737,86.373566,94.14301
TJIG,5/9/2013,84.2,75.2,69.8975,83.71073,94.18534
TJIG,5/10/2013,86,80.6,65.94849,71.565674,83.6618
TJIG,5/11/2013,86,75.2,65.94849,77.78754,88.5888
TJIG,5/12/2013,86,78.8,65.94849,74.183784,83.5503
TJIG,5/13/2013,87.8,77,65.536865,79.3573,88.668915
TJIG,5/14/2013,87.8,78.8,55.2883,75.08814,88.826744
TJIG,5/15/2013,86,78.8,70.26737,77.724594,83.6618
TJIG,5/16/2013,86,78.8,62.249,74.2212,83.5503
TJIG,5/17/2013,87.8,78.8,62.4672,73.84065,83.5503
TJIG,5/18/2013,87.8,78.8,58.781776,68.093185,74.114944
TJIG,5/19/2013,89.6,78.8,58.781776,70.0019,78.76171
TJIG,5/20/2013,86,78.8,62.249,71.35831,78.621
TJIG,5/21/2013,86,78.8,66.1518,73.924835,78.76171
TJIG,5/22/2013,82.4,73.4,74.2799,89.21121,94.14301
TJIG,5/23/2013,86,78.8,65.7435,73.79922,78.76171
TJIG,5/24/2013,86,77,69.8975,79.427315,88.668915
TJIG,5/25/2013,87.8,77,58.781776,79.24949,88.668915
TJIG,5/26/2013,86,80.6,66.1518,78.33857,83.6618
TJIG,5/27/2013,86,75.2,70.26737,80.47508,88.826744
TJIG,5/28/2013,86,78.8,70.26737,81.382095,88.74824
TJIG,5/29/2013,87.8,80.6,66.1518,74.52854,83.6618
TJIG,5/30/2013,87.8,75.2,66.3535,74.884705,88.5888
TJIG,5/31/2013,84.2,75.2,74.44338,86.462715,94.18534
TJIG,6/1/2013,86,78.8,70.2674,75.55001,83.6618
TJIG,6/2/2013,86,80.6,66.1518,76.76819,83.6618
TJIG,6/3/2013,87.8,78.8,66.1518,77.14301,83.7722
TJIG,6/4/2013,89.6,78.8,55.2883,71.08723,83.5503
TJIG,6/5/2013,87.8,80.6,70.2674,78.39229,83.7722
TJIG,6/6/2013,86,78.8,62.249,72.17501,78.7617
TJIG,6/7/2013,86,77,62.249,75.06846,83.4376
TJIG,6/8/2013,87.8,80.6,58.7818,72.65094,78.9011
TJIG,6/9/2013,87.8,80.6,66.3535,72.4361,83.6618
TJIG,6/10/2013,86,80.6,70.0832,78.26613,83.6618
TJIG,6/11/2013,86,78.8,74.4434,81.22814,88.7482
TJIG,6/12/2013,86,75.2,70.2674,87.60086,94.143
TJIG,6/13/2013,87.8,80.6,70.2674,78.189644,83.7722
TJIG,6/14/2013,89.6,80.6,59.0124,75.292435,83.7722
TJIG,6/15/2013,93.2,80.6,52.7302,74.53758,88.8267
TJIG,6/16/2013,87.8,80.6,66.3535,77.26387,83.6618
TJIG,6/17/2013,87.8,80.6,66.3535,77.013145,83.6618
TJIG,6/18/2013,87.8,80.6,66.3535,74.61845,83.7722
TJIG,6/19/2013,82.4,73.4,74.2799,87.08755,94.143
TJIG,6/20/2013,87.8,78.8,66.3535,76.99739,88.7482
TJIG,6/21/2013,87.8,80.6,58.7818,68.3955,78.7617
TJIG,6/22/2013,86,77,65.9485,76.313225,88.7482
TJIG,6/23/2013,86,77,62.249,82.273315,94.1853
TJIG,6/24/2013,82.4,75.2,83.7722,88.89426,94.2272
TJIG,6/25/2013,89.6,80.6,66.3535,77.705635,83.7722
TJIG,6/26/2013,86,75.2,66.1518,84.21623,100
TJIG,6/27/2013,86,73.4,66.1518,90.11077,100
TJIG,6/28/2013,87.8,77,66.3535,80.05872,94.1853
TJIG,6/29/2013,89.6,80.6,62.6837,72.76331,78.9011
TJIG,6/30/2013,86,78.8,70.2674,79.75744,88.7482
TJIG,7/1/2013,87.8,33.8,66.3535,80.097115,88.74824
TJIG,7/2/2013,86,77,65.94849,76.459946,88.668915
TJIG,7/3/2013,87.8,75.2,65.94849,77.42733,88.5888
TJIG,7/4/2013,89.6,80.6,66.3535,76.60802,83.6618
TJIG,7/5/2013,87.8,80.6,62.4672,69.56511,74.2799
TJIG,7/6/2013,89.6,78.8,59.012367,73.717636,83.5503
TJIG,7/7/2013,87.8,78.8,70.4499,82.72811,94.22723
TJIG,7/8/2013,87.8,80.6,70.26737,77.0469,83.6618
TJIG,7/9/2013,87.8,80.6,70.4499,79.60109,88.826744
TJIG,7/10/2013,89.6,78.8,66.5536,81.3012,88.90445
TJIG,7/11/2013,89.6,80.6,66.3535,75.301155,83.6618
TJIG,7/12/2013,89.6,80.6,58.781776,70.44312,78.76171
TJIG,7/13/2013,89.6,77,62.249,74.83159,88.668915
TJIG,7/14/2013,89.6,75.2,62.6837,76.82126,94.14301
TJIG,7/15/2013,87.8,77,66.1518,80.83169,88.826744
TJIG,7/16/2013,89.6,78.8,62.6837,77.77123,88.74824
TJIG,7/17/2013,89.6,80.6,62.6837,73.060486,78.90113
TJIG,7/18/2013,82.4,35.6,83.772194,91.65938,100
TJIG,7/19/2013,87.8,80.6,66.1518,73.261925,79.039246
TJIG,7/20/2013,89.6,80.6,62.6837,75.28878,83.6618
TJIG,7/21/2013,89.6,82.4,59.012367,69.28349,74.4434
TJIG,7/22/2013,84.2,75.2,83.66177,87.27923,94.2687
TJIG,7/23/2013,89.6,80.6,66.5536,78.029205,88.826744
TJIG,7/24/2013,91.4,80.6,66.5536,74.93633,83.6618
TJIG,7/25/2013,89.6,82.4,66.3535,73.747185,78.90113
TJIG,7/26/2013,87.8,77,66.1518,77.506874,88.826744
TJIG,7/27/2013,87.8,78.8,62.4672,77.79548,88.74824
TJIG,7/28/2013,87.8,78.8,66.3535,78.3959,88.74824
TJIG,7/29/2013,95,80.6,38.9974,63.110275,78.76171
TJIG,7/30/2013,87.8,78.8,66.3535,78.627075,88.90445
TJIG,7/31/2013,89.6,78.8,62.467205,74.01484,83.5503
TJIG,8/1/2013,84.2,78.8,69.8975,83.01483,88.7482
TJIG,8/2/2013,89.6,78.8,62.6837,76.55537,88.7482
TJIG,8/3/2013,89.6,82.4,66.5536,76.54809,83.7722
TJIG,8/4/2013,91.4,82.4,62.8986,75.28034,83.7722
TJIG,8/5/2013,91.4,80.6,59.2413,73.20181,83.6618
TJIG,8/6/2013,91.4,78.8,59.0124,72.71442,83.5503
TJIG,8/7/2013,91.4,77,62.8986,77.70103,94.1853
TJIG,8/8/2013,89.6,80.6,62.4672,72.13715,83.6618
TJIG,8/9/2013,89.6,78.8,66.3535,74.805885,83.8815
TJIG,8/10/2013,89.6,82.4,62.249,74.33286,83.7722
TJIG,8/11/2013,91.4,80.6,55.2883,72.23324,83.6618
TJIG,8/12/2013,89.6,78.8,62.6837,73.88192,83.5503
TJIG,8/13/2013,91.4,78.8,55.5308,73.73092,88.7482
TJIG,8/14/2013,91.4,82.4,59.2413,70.47266,78.9011
TJIG,8/15/2013,91.4,82.4,59.2413,70.40291,78.9011
TJIG,8/16/2013,89.6,80.6,66.5536,79.72198,88.8267
TJIG,8/17/2013,91.4,80.6,62.6837,73.39579,83.6618
TJIG,8/18/2013,89.6,80.6,62.249,75.87564,88.8267
TJIG,8/19/2013,89.6,80.6,66.1518,78.32071,88.8267
TJIG,8/20/2013,89.6,80.6,55.5308,76.62061,88.8267
TJIG,8/21/2013,89.6,78.8,66.3535,79.16761,88.7482
TJIG,8/22/2013,89.6,75.2,62.6837,75.88281,83.7722
TJIG,8/23/2013,87.8,80.6,58.3156,81.38985,88.9044
TJIG,8/24/2013,91.4,80.6,59.2413,72.49484,83.6618
TJIG,8/25/2013,91.4,84.2,59.2413,67.416046,70.2674
TJIG,8/26/2013,91.4,78.8,62.6837,78.19263,88.7482
TJIG,8/27/2013,89.6,78.8,59.0124,77.23969,88.8267
TJIG,8/28/2013,89.6,80.6,62.6837,73.67163,83.6618
TJIG,8/29/2013,89.6,78.8,66.5536,79.401215,88.8267
TJIG,8/30/2013,93.2,78.8,49.6192,77.60682,94.2272
TJIG,8/31/2013,89.6,80.6,62.6837,76.3284,83.6618
TJIG,9/1/2013,89.6,80.6,62.6837,78.88624,94.2687
TJIG,9/2/2013,89.6,78.8,62.6837,73.17253,88.7482
TJIG,9/3/2013,89.6,78.8,62.6837,74.391556,83.5503
TJIG,9/4/2013,86,78.8,74.4434,84.43621,94.2687
TJIG,9/5/2013,84.2,77,74.4434,85.040596,94.18534
TJIG,9/6/2013,87.8,77,66.1518,78.99879,88.6689
TJIG,9/7/2013,87.8,78.8,58.7818,74.514626,83.5503
TJIG,9/8/2013,93.2,78.8,52.7302,65.26125,73.9485
TJIG,9/9/2013,93.2,82.4,49.6192,67.06083,78.9011
TJIG,9/10/2013,89.6,82.4,62.4672,71.16968,78.9011
TJIG,9/11/2013,87.8,78.8,62.4672,73.50247,83.5503
TJIG,9/12/2013,84.2,78.8,78.9011,86.2721,94.2272
TJIG,9/13/2013,91.4,82.4,59.2413,68.40945,70.2674
TJIG,9/14/2013,86,77,70.0832,79.50835,88.8267
TJIG,9/15/2013,89.6,80.6,62.6837,76.80977,88.8267
TJIG,9/16/2013,91.4,82.4,62.8986,78.10701,83.8815
TJIG,9/17/2013,89.6,80.6,62.6837,78.49196,88.8267
TJIG,9/18/2013,91.4,82.4,62.8986,77.99197,88.9044
TJIG,9/19/2013,95,82.4,52.7302,73.01267,83.7722
TJIG,9/20/2013,93.2,82.4,56.0107,74.492386,83.7722
TJIG,9/21/2013,91.4,82.4,62.8986,72.88208,83.7722
TJIG,9/22/2013,95,82.4,46.9322,68.35877,83.7722
TJIG,9/23/2013,91.4,82.4,62.6837,71.50117,78.9011
TJIG,9/24/2013,93.2,82.4,38.7251,70.08803,79.1761
TJIG,9/25/2013,91.4,82.4,52.4811,68.73158,78.9011
TJIG,9/26/2013,95,82.4,46.9322,64.195816,78.9011
TJIG,9/27/2013,93.2,84.2,52.7302,65.2748,74.4434
TJIG,9/28/2013,95,82.4,44.143,61.84911,74.2799
TJIG,9/29/2013,95,80.6,46.9322,68.2621,83.6618
TJIG,9/30/2013,91.4,82.4,59.0124,69.98251,79.0392
TJIG,10/1/2013,93.2,82.4,59.2413,73.126144,83.7722
TJIG,10/2/2013,91.4,78.8,55.7715,75.46844,88.7482
TJIG,10/3/2013,87.8,80.6,66.3535,76.77704,83.6618
TJIG,10/4/2013,91.4,80.6,59.0124,73.21898,83.6618
TJIG,10/5/2013,89.6,75.2,59.0124,75.38609,88.5888
TJIG,10/6/2013,91.4,78.8,59.0124,76.39758,88.8267
TJIG,10/7/2013,93.2,80.6,62.4672,74.04911,83.6618
TJIG,10/8/2013,91.4,80.6,55.7715,74.10021,88.8267
TJIG,10/9/2013,91.4,80.6,49.3622,71.86151,83.6618
TJIG,10/10/2013,89.6,78.8,59.0124,76.53396,83.5503
TJIG,10/11/2013,89.6,78.8,62.4672,77.660255,88.7482
TJIG,10/12/2013,89.6,77,62.6837,81.54272,88.7482
TJIG,10/13/2013,87.8,75.2,66.3535,80.74395,94.143
TJIG,10/14/2013,93.2,78.8,49.3622,67.61062,83.5503
TJIG,10/15/2013,93.2,80.6,46.6703,67.592735,83.6618
TJIG,10/16/2013,91.4,80.6,52.4811,68.635544,78.7617
TJIG,10/17/2013,89.6,78.8,58.7818,71.78668,83.5503
TJIG,10/18/2013,87.8,78.8,62.249,70.87229,78.621
TJIG,10/19/2013,91.4,78.8,59.2413,76.92963,88.7482
TJIG,10/20/2013,91.4,78.8,62.8986,75.665535,83.5503
TJIG,10/21/2013,89.6,80.6,62.6837,79.410706,88.8267
TJIG,10/22/2013,91.4,80.6,52.4811,71.62939,83.6618
TJIG,10/23/2013,91.4,78.8,52.4811,70.01723,78.621
TJIG,10/24/2013,91.4,78.8,49.3622,71.47933,83.5503
TJIG,10/25/2013,91.4,82.4,49.3622,67.03844,74.4434
TJIG,10/26/2013,89.6,78.8,59.0124,72.90383,88.7482
TJIG,10/27/2013,89.6,78.8,59.0124,74.36503,83.5503
TJIG,10/28/2013,89.6,78.8,62.4672,75.096695,88.7482
TJIG,10/29/2013,91.4,75.2,59.2413,83.564125,94.1853
TJIG,10/30/2013,89.6,78.8,59.0124,73.73365,83.5503
TJIG,10/31/2013,89.6,78.8,62.6837,72.21813,83.6618
TJIG,11/1/2013,87.8,75.2,62.4672,77.51562,88.7482
TJIG,11/2/2013,89.6,75.2,55.5308,81.04688,94.143
TJIG,11/3/2013,87.8,77,62.4672,74.69494,83.4376
TJIG,11/4/2013,89.6,78.8,55.5308,76.17201,83.5503
TJIG,11/5/2013,89.6,77,62.249,75.01781,83.5503
TJIG,11/6/2013,89.6,77,59.0124,74.29448,88.6689
TJIG,11/7/2013,89.6,77,55.5308,74.68989,88.6689
TJIG,11/8/2013,89.6,77,58.7818,74.80052,88.6689
TJIG,11/9/2013,87.8,78.8,62.4672,76.2665,88.7482
TJIG,11/10/2013,89.6,78.8,59.0124,74.12037,83.5503
TJIG,11/11/2013,89.6,78.8,62.4672,74.2991,83.7722
TJIG,11/12/2013,87.8,78.8,66.1518,77.76201,88.7482
TJIG,11/13/2013,89.6,78.8,59.0124,71.857445,83.5503
TJIG,11/14/2013,89.6,77,59.0124,75.15766,88.6689
TJIG,11/15/2013,87.8,75.2,62.4672,79.45312,94.143
TJIG,11/16/2013,89.6,75.2,62.0291,79.65454,100
TJIG,11/17/2013,87.8,78.8,51.7246,65.142456,78.621
TJIG,11/18/2013,86,78.8,54.7986,63.33908,69.7103
TJIG,11/19/2013,86,73.4,55.0443,73.94243,88.5888
TJIG,11/20/2013,87.8,80.6,55.0443,64.22528,69.7103
TJIG,11/21/2013,84.2,75.2,70.0832,82.69321,94.143
TJIG,11/22/2013,86,75.2,58.5495,78.26902,94.143
TJIG,11/23/2013,86,75.2,58.5495,74.58589,88.5888
TJIG,11/24/2013,87.8,73.4,62.249,75.909706,88.5078
TJIG,11/25/2013,86,75.2,58.3156,80.71409,94.143
TJIG,11/26/2013,87.8,77,58.7818,76.26684,88.6689
TJIG,11/27/2013,87.8,75.2,55.0443,74.56621,88.5888
TJIG,11/28/2013,87.8,77,58.7818,75.79326,83.5503
TJIG,11/29/2013,82.4,75.2,65.3286,73.502335,88.6689
TJIG,11/30/2013,80.6,73.4,69.5214,80.50864,94.143
TJIG,12/1/2013,84.2,73.4,69.8975,83.77391,94.1002
TJIG,12/2/2013,89.6,73.4,55.2883,75.16303,94.1002
TJIG,12/3/2013,87.8,77,62.4672,79.24451,88.6689
TJIG,12/4/2013,82.4,73.4,78.621,91.5891,100
TJIG,12/5/2013,82.4,71.6,69.7103,86.6172,100
TJIG,12/6/2013,86,71.6,62.0291,82.26779,100
TJIG,12/7/2013,82.4,77,65.5369,75.49913,83.4376
TJIG,12/8/2013,82.4,75.2,58.08,68.10287,88.5888
TJIG,12/9/2013,84.2,78.8,58.3156,67.03192,74.1149
TJIG,12/10/2013,86,75.2,62.0291,78.22841,88.5888
TJIG,12/11/2013,84.2,75.2,65.9485,79.65064,88.7482
TJIG,12/12/2013,86,75.2,62.0291,75.84594,88.5888
TJIG,12/13/2013,86,73.4,58.3156,75.25753,94.1002
TJIG,12/14/2013,82.4,77,69.8975,78.79498,83.6618
TJIG,12/15/2013,82.4,77,69.3309,74.34729,83.5503
TJIG,12/16/2013,82.4,75.2,74.2799,85.56913,94.143
TJIG,12/17/2013,78.8,77,,,
TJIG,12/18/2013,,,,,
TJIG,12/19/2013,,,,,
TJIG,12/20/2013,82.4,73.4,65.7435,73.90483,94.1002
TJIG,12/21/2013,84.2,75.2,61.8076,72.0528,83.3239
TJIG,12/22/2013,82.4,78.8,61.8076,68.54104,73.9485
TJIG,12/23/2013,82.4,73.4,65.5369,73.66983,88.5078
TJIG,12/24/2013,78.8,71.6,73.7806,87.79283,94.057
TJIG,12/25/2013,87.8,35.6,51.9784,73.87215,93.0828
TJIG,12/26/2013,84.2,71.6,65.9485,80.19802,88.426
TJIG,12/27/2013,86,73.4,66.1518,81.61221,94.1002
TJIG,12/28/2013,84.2,77,65.9485,78.462166,88.6689
TJIG,12/29/2013,84.2,75.2,62.0291,79.28503,88.5888
TJIG,12/30/2013,82.4,75.2,61.8076,78.41773,88.5888
TJIG,12/31/2013,86,75.2,62.0291,72.214615,83.3239
TJIG,1/1/2014,84.2,73.4,65.9485,75.04081,88.5888
TJIG,1/2/2014,82.4,73.4,65.7435,79.87083,88.5888
TJIG,1/3/2014,84.2,73.4,62.0291,78.10817,94.1853
TJIG,1/4/2014,82.4,73.4,65.7435,82.57385,94.1002
TJIG,1/5/2014,86,77,45.6083,68.37555,78.4789
TJIG,1/6/2014,84.2,75.2,65.9485,77.837364,83.3239
TJIG,1/7/2014,84.2,77,62.0291,74.85623,83.4376
TJIG,1/8/2014,84.2,77,61.8076,70.60704,78.4789
TJIG,1/9/2014,84.2,75.2,58.3156,67.685684,83.3239
TJIG,1/10/2014,84.2,75.2,61.8076,69.35661,78.4789
TJIG,1/11/2014,84.2,71.6,58.3156,76.44815,88.426
TJIG,1/12/2014,84.2,73.4,58.3156,76.740005,88.5888
TJIG,1/13/2014,82.4,73.4,65.5369,80.47705,94.1002
TJIG,1/14/2014,82.4,69.8,61.5844,77.07611,88.3433
TJIG,1/15/2014,82.4,73.4,45.0687,61.22266,69.1387
TJIG,1/16/2014,82.4,69.8,51.2122,73.80232,88.3433
TJIG,1/17/2014,84.2,71.6,58.3156,78.35484,88.426
TJIG,1/18/2014,87.8,71.6,48.8436,70.30338,88.5888
TJIG,1/19/2014,86,73.4,58.3156,79.217354,94.1002
TJIG,1/20/2014,86,73.4,62.249,79.114075,94.1002
TJIG,1/21/2014,84.2,73.4,58.3156,74.87934,88.5888
TJIG,1/22/2014,87.8,75.2,51.9784,73.3315,88.5888
TJIG,1/23/2014,84.2,75.2,65.7435,75.96864,83.4376
TJIG,1/24/2014,86,75.2,61.8076,76.29132,94.143
TJIG,1/25/2014,84.2,73.4,62.0291,74.78324,83.209045
TJIG,1/26/2014,86,71.6,51.4692,74.011154,88.5888
TJIG,1/27/2014,86,75.2,51.4692,68.24874,78.3355
TJIG,1/28/2014,86,75.2,51.7246,67.35486,78.4789
TJIG,1/29/2014,84.2,75.2,54.5512,65.37963,73.6111
TJIG,1/30/2014,82.4,71.6,61.8076,77.003136,83.3239
TJIG,1/31/2014,84.2,73.4,62.0291,78.893654,88.5078
TJIG,2/1/2014,82.4,73.4,65.7435,79.293365,88.5078
TJIG,2/2/2014,82.4,73.4,69.8975,81.09028,88.5888
TJIG,2/3/2014,84.2,73.4,65.3286,77.714874,88.5078
TJIG,2/4/2014,84.2,75.2,58.3156,73.579895,83.3239
TJIG,2/5/2014,84.2,73.4,62.0291,72.99475,83.209
TJIG,2/6/2014,84.2,73.4,65.9485,81.275154,88.5888
TJIG,2/7/2014,84.2,73.4,62.0291,77.88579,94.1002
TJIG,2/8/2014,82.4,75.2,69.7103,80.71943,94.143
TJIG,2/9/2014,84.2,71.6,65.9485,80.73743,94.1002
TJIG,2/10/2014,86,73.4,61.5844,76.75376,88.5888
TJIG,2/11/2014,84.2,73.4,62.0291,76.51728,88.5078
TJIG,2/12/2014,84.2,75.2,58.3156,74.63869,83.3239
TJIG,2/13/2014,89.6,75.2,48.8436,69.01431,83.3239
TJIG,2/14/2014,89.6,75.2,49.1036,67.9199,83.3239
TJIG,2/15/2014,86,75.2,45.6083,69.03331,83.3239
TJIG,2/16/2014,86,73.4,48.582,71.677925,83.209
TJIG,2/17/2014,84.2,71.6,51.4692,76.25682,94.057
TJIG,2/18/2014,84.2,75.2,62.0291,77.382324,83.4376
TJIG,2/19/2014,86,73.4,48.582,74.71346,88.5078
TJIG,2/20/2014,84.2,77,61.8076,69.98975,73.9485
TJIG,2/21/2014,80.6,75.2,65.5369,77.669205,83.437645
TJIG,2/22/2014,78.8,73.4,69.5214,77.22073,88.5888
TJIG,2/23/2014,80.6,73.4,61.5844,72.35543,83.209
TJIG,2/24/2014,80.6,73.4,61.5844,74.728806,83.3239
TJIG,2/25/2014,80.6,73.4,61.5844,74.565956,83.209
TJIG,2/26/2014,80.6,71.6,61.5844,71.41007,78.1907
TJIG,2/27/2014,84.2,73.4,51.2122,75.184944,88.5078
TJIG,2/28/2014,82.4,73.4,58.08,77.256966,94.1002
TJIG,3/1/2014,84.2,73.4,45.3392,70.09957,78.1907
TJIG,3/2/2014,80.6,71.6,65.5369,75.51568,83.209
TJIG,3/3/2014,80.6,77,61.3594,66.42664,69.3309
TJIG,3/4/2014,80.6,71.6,54.3022,71.34205,83.093
TJIG,3/5/2014,80.6,73.4,69.5214,78.24319,88.5078
TJIG,3/6/2014,82.4,73.4,58.08,70.692825,83.209
TJIG,3/7/2014,80.6,73.4,54.3022,72.25434,78.4789
TJIG,3/8/2014,82.4,73.4,58.08,76.638115,88.5078
TJIG,3/9/2014,82.4,71.6,65.5369,74.91566,83.093
TJIG,3/10/2014,80.6,73.4,61.5844,77.87346,88.5078
TJIG,3/11/2014,80.6,75.2,61.5844,70.85655,78.3355
TJIG,3/12/2014,82.4,75.2,61.8076,71.715355,78.3355
TJIG,3/13/2014,82.4,75.2,61.5844,71.65419,83.3239
TJIG,3/14/2014,80.6,73.4,65.5369,75.781815,83.209
TJIG,3/15/2014,82.4,73.4,58.08,74.64554,88.5078
TJIG,3/16/2014,82.4,73.4,65.5369,76.7671,88.5078
TJIG,3/17/2014,82.4,75.2,61.8076,72.6903,78.4789
TJIG,3/18/2014,84.2,73.4,54.5512,71.587715,83.209
TJIG,3/19/2014,82.4,75.2,58.08,72.31646,83.3239
TJIG,3/20/2014,80.6,73.4,61.5844,73.60736,83.209
TJIG,3/21/2014,87.8,71.6,48.582,68.59417,83.209
TJIG,3/22/2014,87.8,75.2,45.876,65.42666,83.3239
TJIG,3/23/2014,86,75.2,45.6083,65.99793,83.3239
TJIG,3/24/2014,82.4,75.2,57.8427,70.14455,78.3355
TJIG,3/25/2014,86,75.2,45.6083,67.580414,78.3355
TJIG,3/26/2014,84.2,75.2,65.5369,73.13245,83.3239
TJIG,3/27/2014,82.4,78.8,61.8076,68.2974,73.9485
TJIG,3/28/2014,82.4,77,65.5369,74.453865,78.621
TJIG,3/29/2014,82.4,75.2,61.5844,69.436424,73.6111
TJIG,3/30/2014,84.2,73.4,51.4692,72.11348,83.209
TJIG,3/31/2014,82.4,73.4,58.08,75.224724,88.5078
TJIG,4/1/2014,82.4,75.2,65.7435,75.82607,83.3239
TJIG,4/2/2014,82.4,75.2,61.8076,73.69849,83.3239
TJIG,4/3/2014,82.4,75.2,61.8076,76.91215,88.5888
TJIG,4/4/2014,80.6,75.2,65.5369,72.47276,88.5888
TJIG,4/5/2014,82.4,78.8,61.8076,67.85212,73.9485
TJIG,4/6/2014,82.4,77,65.5369,72.05426,78.4789
TJIG,4/7/2014,80.6,77,69.7103,75.047104,78.621
TJIG,4/8/2014,82.4,80.6,61.8076,67.18955,74.1149
TJIG,4/9/2014,82.4,77,69.7103,80.117035,88.7482
TJIG,4/10/2014,82.4,75.2,69.7103,78.28757,88.5888
TJIG,4/11/2014,82.4,77,65.5369,71.21266,74.1149
TJIG,4/12/2014,82.4,73.4,58.08,67.60499,73.4401
TJIG,4/13/2014,82.4,75.2,61.5844,72.1783,78.621
TJIG,4/14/2014,82.4,75.2,61.5844,70.09461,78.3355
TJIG,4/15/2014,82.4,75.2,65.5369,72.029495,78.621
TJIG,4/16/2014,82.4,75.2,65.7435,75.87427,83.3239
TJIG,4/17/2014,82.4,75.2,69.7103,75.02026,83.3239
TJIG,4/18/2014,82.4,73.4,61.8076,76.66417,88.5078
TJIG,4/19/2014,82.4,73.4,65.7435,80.13113,88.5078
TJIG,4/20/2014,80.6,75.2,69.7103,78.62916,83.4376
TJIG,4/21/2014,87.8,75.2,45.876,70.33857,83.3239
TJIG,4/22/2014,89.6,77,46.1422,69.19513,83.4376
TJIG,4/23/2014,87.8,78.8,55.0443,68.91249,78.621
TJIG,4/24/2014,84.2,77,69.8975,77.460884,83.6618
TJIG,4/25/2014,84.2,77,65.9485,78.43356,88.6689
TJIG,4/26/2014,84.2,77,65.9485,76.58182,83.437645
TJIG,4/27/2014,84.2,77,61.8076,73.328,83.4376
TJIG,4/28/2014,84.2,77,58.3156,72.421074,83.4376
TJIG,4/29/2014,84.2,77,62.0291,71.941765,78.4789
TJIG,4/30/2014,84.2,78.8,65.7435,73.118454,78.621
TJIG,5/1/2014,84.2,77,62.0291,72.25255,78.4789
TJIG,5/2/2014,84.2,77,61.8076,72.84529,78.4789
TJIG,5/3/2014,86,78.8,58.3156,72.26082,78.7617
TJIG,5/4/2014,84.2,78.8,62.0291,72.452385,78.621
TJIG,5/5/2014,86,77,62.249,72.23246,78.4789
TJIG,5/6/2014,84.2,77,58.3156,71.81688,78.7617
TJIG,5/7/2014,86,73.4,58.3156,73.89992,88.5078
TJIG,5/8/2014,84.2,71.6,62.0291,80.38821,94.1002
TJIG,5/9/2014,82.4,77,61.8076,72.35271,78.621
TJIG,5/10/2014,75.2,68,83.093,90.344955,94.057
TJIG,5/11/2014,80.6,73.4,65.5369,73.8132,83.4376
TJIG,5/12/2014,82.4,73.4,73.9485,82.18664,88.5078
TJIG,5/13/2014,84.2,75.2,62.0291,78.262054,88.5888
TJIG,5/14/2014,84.2,77,62.0291,74.322105,83.4376
TJIG,5/15/2014,82.4,77,65.5369,76.6093,83.4376
TJIG,5/16/2014,84.2,77,65.9485,75.72742,83.4376
TJIG,5/17/2014,84.2,77,61.8076,71.9434,78.621
TJIG,5/18/2014,84.2,75.2,58.08,72.4724,83.3239
TJIG,5/19/2014,82.4,77,69.8975,78.89776,88.6689
TJIG,5/20/2014,86,75.2,58.5495,79.352875,88.5888
TJIG,5/21/2014,89.6,77,52.2305,76.39586,88.6689
TJIG,5/22/2014,84.2,78.8,62.0291,72.17063,78.621
TJIG,5/23/2014,84.2,78.8,58.3156,70.7965,78.621
TJIG,5/24/2014,84.2,77,58.3156,72.03114,78.4789
TJIG,5/25/2014,84.2,78.8,58.3156,74.35171,78.621
TJIG,5/26/2014,84.2,77,65.7435,76.19367,83.4376
TJIG,5/27/2014,84.2,77,65.9485,73.74816,78.621
TJIG,5/28/2014,84.2,80.6,65.9485,70.16501,74.2799
TJIG,5/29/2014,84.2,77,65.9485,75.95326,83.4376
TJIG,5/30/2014,84.2,78.8,65.9485,73.22144,78.621
TJIG,5/31/2014,84.2,78.8,62.0291,73.14887,78.621
TJIG,6/1/2014,87.8,78.8,55.2883,68.59692,74.4434
TJIG,6/2/2014,87.8,78.8,55.2883,72.47391,83.5503
TJIG,6/3/2014,87.8,78.8,51.9784,70.77072,83.5503
TJIG,6/4/2014,87.8,78.8,48.8436,70.91221,78.9011
TJIG,6/5/2014,84.2,77,70.0832,74.94679,83.5503
TJIG,6/6/2014,84.2,78.8,65.9485,73.49558,78.7617
TJIG,6/7/2014,84.2,80.6,62.0291,70.75165,78.7617
TJIG,6/8/2014,84.2,75.2,70.0832,76.93418,88.5888
TJIG,6/9/2014,87.8,78.8,51.9784,70.87338,78.621
TJIG,6/10/2014,86,78.8,70.2674,78.25042,83.5503
TJIG,6/11/2014,86,78.8,66.1518,76.159966,83.5503
TJIG,6/12/2014,84.2,78.8,65.9485,73.40083,78.7617
TJIG,6/13/2014,84.2,78.8,65.94849,74.22655,78.7617
TJIG,6/14/2014,84.2,78.8,62.0291,72.094246,78.621
TJIG,6/15/2014,84.2,80.6,70.0832,76.068634,79.0392
TJIG,6/16/2014,84.2,80.6,70.0832,74.87288,78.9011
TJIG,6/17/2014,86,78.8,66.1518,75.90634,83.5503
TJIG,6/18/2014,84.2,78.8,65.9485,74.08579,78.621
TJIG,6/19/2014,86,80.6,65.9485,71.167175,74.2799
TJIG,6/20/2014,86,80.6,66.1518,75.36647,79.0392
TJIG,6/21/2014,87.8,80.6,66.3535,80.46478,88.8267
TJIG,6/22/2014,86,80.6,65.9485,76.09447,83.6618
TJIG,6/23/2014,86,80.6,62.0291,74.63301,83.6618
TJIG,6/24/2014,86,78.8,58.5495,75.97884,88.8267
TJIG,6/25/2014,86,78.8,62.249,71.92026,78.621
TJIG,6/26/2014,86,80.6,70.0832,77.252396,83.6618
TJIG,6/27/2014,86,80.6,66.1518,74.8525,78.9011
TJIG,6/28/2014,86,80.6,62.249,70.78525,74.4434
TJIG,6/29/2014,86,78.8,66.1518,74.43459,78.9011
TJIG,6/30/2014,86,77,70.0832,76.18644,83.5503
TJIG,7/1/2014,86,80.6,66.1518,73.62657,78.9011
TJIG,7/2/2014,86,80.6,66.1518,72.65256,78.7617
TJIG,7/3/2014,86,80.6,55.0443,70.715546,74.2799
TJIG,7/4/2014,86,80.6,62.249,69.84074,74.2799
TJIG,7/5/2014,86,80.6,58.3156,71.8694,83.6618
TJIG,7/6/2014,86,78.8,58.5495,75.58676,83.6618
TJIG,7/7/2014,86,80.6,66.1518,74.487976,78.9011
TJIG,7/8/2014,86,80.6,66.1518,69.451584,78.76171
TJIG,7/9/2014,86,78.8,66.1518,75.93995,83.5503
TJIG,7/10/2014,86,80.6,62.0291,70.194565,78.9011
TJIG,7/11/2014,86,80.6,66.1518,75.7132,83.6618
TJIG,7/12/2014,86,80.6,66.1518,73.14383,78.7617
TJIG,7/13/2014,86,80.6,62.249,70.04951,74.1149
TJIG,7/14/2014,84.2,78.8,65.9485,75.65411,78.7617
TJIG,7/15/2014,87.8,77,58.7818,76.06018,83.7722
TJIG,7/16/2014,87.8,78.8,55.2883,70.04194,83.5503
TJIG,7/17/2014,86,78.8,62.249,77.12597,83.6618
TJIG,7/18/2014,84.2,78.8,70.0832,77.73728,83.5503
TJIG,7/19/2014,86,77,65.9485,79.87801,88.6689
TJIG,7/20/2014,86,80.6,66.1518,69.39431,83.7722
TJIG,7/21/2014,86,80.6,65.9485,73.76934,78.7617
TJIG,7/22/2014,84.2,78.8,69.8975,75.24996,78.9011
TJIG,7/23/2014,86,82.4,70.2674,73.89812,83.7722
TJIG,7/24/2014,86,82.4,66.1518,73.83906,78.9011
TJIG,7/25/2014,86,82.4,70.0832,76.98121,83.7722
TJIG,7/26/2014,86,82.4,70.0832,74.67977,79.0392
TJIG,7/27/2014,86,82.4,70.2674,76.49686,83.7722
TJIG,7/28/2014,86,80.6,66.1518,73.603615,78.9011
TJIG,7/29/2014,86,80.6,66.1518,73.42535,78.7617
TJIG,7/30/2014,86,80.6,65.9485,71.1432,74.2799
TJIG,7/31/2014,86,78.8,62.249,75.33577,83.5503
TJIG,8/1/2014,86,80.6,62.0291,73.86278,79.0392
TJIG,8/2/2014,80.6,75.2,78.7617,84.57026,94.1853
TJIG,8/3/2014,86,78.8,66.1518,74.661644,83.5503
TJIG,8/4/2014,86,78.8,70.2674,80.56804,88.7482
TJIG,8/5/2014,86,80.6,74.4434,81.444275,88.8267
TJIG,8/6/2014,86,80.6,66.1518,76.24306,83.6618
TJIG,8/7/2014,86,80.6,66.1518,73.58684,78.9011
TJIG,8/8/2014,86,75.2,69.8975,76.74979,100
TJIG,8/9/2014,86,80.6,66.1518,73.70841,78.9011
TJIG,8/10/2014,86,80.6,65.9485,69.861725,74.1149
TJIG,8/11/2014,86,78.8,70.2674,81.21334,88.7482
TJIG,8/12/2014,86,80.6,66.1518,80.2519,83.7722
TJIG,8/13/2014,86,80.6,66.1518,73.600586,78.7617
TJIG,8/14/2014,86,80.6,66.1518,72.79661,78.7617
TJIG,8/15/2014,86,80.6,62.249,74.08578,83.6618
TJIG,8/16/2014,82.4,78.8,78.7617,84.75817,94.2272
TJIG,8/17/2014,86,80.6,70.2674,81.49919,88.8267
TJIG,8/18/2014,86,82.4,70.2674,74.987015,78.9011
TJIG,8/19/2014,87.8,80.6,70.2674,77.63541,83.6618
TJIG,8/20/2014,86,78.8,70.2674,80.4757,88.7482
TJIG,8/21/2014,86,80.6,70.2674,76.91685,88.8267
TJIG,8/22/2014,78.8,75.2,88.6689,90.10761,94.1853
TJIG,8/23/2014,86,75.2,70.2674,86.15,94.1853
TJIG,8/24/2014,87.8,77,62.4672,76.93568,88.6689
TJIG,8/25/2014,89.6,78.8,52.2305,69.0116,78.621
TJIG,8/26/2014,89.6,80.6,49.1036,71.384415,83.6618
TJIG,8/27/2014,87.8,82.4,66.3535,75.39974,79.0392
TJIG,8/28/2014,86,82.4,65.9485,73.38299,79.0392
TJIG,8/29/2014,86,78.8,69.8975,76.06831,83.6618
TJIG,8/30/2014,86,78.8,70.0832,77.551445,88.7482
TJIG,8/31/2014,87.8,80.6,55.2883,71.64472,78.7617
TJIG,9/1/2014,86,78.8,70.0832,76.599846,88.8267
TJIG,9/2/2014,86,78.8,66.1518,81.25107,88.7482
TJIG,9/3/2014,87.8,78.8,66.3535,76.543465,83.5503
TJIG,9/4/2014,86,80.6,70.2674,76.869865,83.7722
TJIG,9/5/2014,86,78.8,70.2674,79.822365,83.6618
TJIG,9/6/2014,87.8,78.8,66.3535,77.121414,83.6618
TJIG,9/7/2014,84.2,75.2,70.0832,82.36586,94.1853
TJIG,9/8/2014,87.8,77,58.3156,78.22911,88.7482
TJIG,9/9/2014,87.8,78.8,65.9485,79.023315,88.7482
TJIG,9/10/2014,86,78.8,65.9485,75.63388,83.5503
TJIG,9/11/2014,86,78.8,66.1518,74.82755,83.5503
TJIG,9/12/2014,87.8,80.6,66.1518,75.66959,83.6618
TJIG,9/13/2014,87.8,82.4,66.3535,74.915276,79.0392
TJIG,9/14/2014,86,78.8,70.2674,80.784195,88.7482
TJIG,9/15/2014,86,78.8,70.0832,79.77265,88.7482
TJIG,9/16/2014,86,78.8,62.249,76.69456,88.7482
TJIG,9/17/2014,86,78.8,66.1518,75.320564,83.5503
TJIG,9/18/2014,87.8,78.8,66.3535,80.55531,88.7482
TJIG,9/19/2014,87.8,84.2,,,
TJIG,9/20/2014,86,73.4,66.1518,78.88496,100
TJIG,9/21/2014,87.8,80.6,70.2674,74.966034,83.6618
TJIG,9/22/2014,87.8,82.4,70.2674,75.771706,79.0392
TJIG,9/23/2014,82.4,78.8,,,
TJIG,9/24/2014,86,78.8,70.2674,81.96828,88.7482
TJIG,9/25/2014,86,75.2,66.1518,83.26157,94.143
TJIG,9/26/2014,86,77,70.0832,79.83105,88.6689
TJIG,9/27/2014,86,77,66.1518,83.95657,88.7482
TJIG,9/28/2014,89.6,78.8,55.5308,75.48001,88.7482
TJIG,9/29/2014,91.4,78.8,43.6082,67.640366,83.5503
TJIG,9/30/2014,91.4,78.8,52.2305,71.36208,83.5503
TJIG,10/1/2014,87.8,80.6,66.1518,75.065216,83.6618
TJIG,10/2/2014,87.8,80.6,58.7818,74.14438,83.6618
TJIG,10/3/2014,87.8,80.6,66.1518,75.32292,83.6618
TJIG,10/4/2014,87.8,78.8,66.1518,75.7857,83.5503
TJIG,10/5/2014,87.8,78.8,62.249,74.290924,83.5503
TJIG,10/6/2014,87.8,78.8,58.7818,71.5267,78.9011
TJIG,10/7/2014,87.8,82.4,58.7818,66.01337,69.8975
TJIG,10/8/2014,87.8,80.6,66.1518,75.044754,83.6618
TJIG,10/9/2014,87.8,78.8,66.3535,77.64296,83.5503
TJIG,10/10/2014,86,78.8,66.1518,78.214066,88.7482
TJIG,10/11/2014,89.6,78.8,55.5308,74.84826,83.5503
TJIG,10/12/2014,87.8,82.4,66.1518,74.00655,78.9011
TJIG,10/13/2014,87.8,80.6,62.249,74.291,83.6618
TJIG,10/14/2014,84.2,75.2,62.0291,81.96025,94.143
TJIG,10/15/2014,89.6,82.4,49.1036,69.74299,74.4434
TJIG,10/16/2014,87.8,78.8,62.4672,75.86667,83.8815
TJIG,10/17/2014,87.8,78.8,62.4672,77.20114,88.7482
TJIG,10/18/2014,87.8,80.6,62.4672,73.36196,78.7617
TJIG,10/19/2014,87.8,78.8,66.1518,74.88932,83.5503
TJIG,10/20/2014,87.8,78.8,66.1518,77.68547,88.7482
TJIG,10/21/2014,86,78.8,62.249,74.40214,83.5503
TJIG,10/22/2014,87.8,78.8,65.9485,71.987564,78.621
TJIG,10/23/2014,87.8,78.8,58.7818,73.149055,78.621
TJIG,10/24/2014,89.6,80.6,55.5308,71.258736,83.6618
TJIG,10/25/2014,89.6,80.6,52.2305,69.807465,78.9011
TJIG,10/26/2014,89.6,80.6,52.2305,73.38501,83.6618
TJIG,10/27/2014,87.8,78.8,66.3535,77.22666,83.6618
TJIG,10/28/2014,87.8,78.8,62.4672,77.27365,88.7482
TJIG,10/29/2014,87.8,82.4,62.4672,72.04412,78.9011
TJIG,10/30/2014,86,78.8,70.2674,83.18893,94.2272
TJIG,10/31/2014,86,77,66.1518,81.6375,94.1853
TJIG,11/1/2014,89.6,78.8,58.7818,78.00845,88.7482
TJIG,11/2/2014,87.8,80.6,66.3535,78.238754,88.8267
TJIG,11/3/2014,86,77,66.1518,81.19819,88.7482
TJIG,11/4/2014,80.6,71.6,78.4789,83.94899,94.1002
TJIG,11/5/2014,78.8,73.4,69.5214,80.88723,88.5888
TJIG,11/6/2014,87.8,75.2,58.781776,74.06378,83.4376
TJIG,11/7/2014,77,71.6,88.426,91.21989,94.1002
TJIG,11/8/2014,86,77,62.249,77.69134,83.4376
TJIG,11/9/2014,87.8,77,66.3535,82.64052,94.1853
TJIG,11/10/2014,86,80.6,66.1518,74.82663,83.6618
TJIG,11/11/2014,86,77,66.1518,77.28017,88.6689
TJIG,11/12/2014,86,77,62.249,77.44566,88.6689
TJIG,11/13/2014,86,75.2,58.5495,76.4806,88.5888
TJIG,11/14/2014,86,77,65.9485,76.824585,83.5503
TJIG,11/15/2014,86,77,66.1518,76.453636,83.4376
TJIG,11/16/2014,86,77,66.1518,75.931175,83.6618
TJIG,11/17/2014,86,82.4,66.1518,72.5684,74.4434
TJIG,11/18/2014,86,78.8,66.1518,73.73853,78.621
TJIG,11/19/2014,86,78.8,70.0832,76.66824,83.6618
TJIG,11/20/2014,86,77,62.0291,72.85175,78.621
TJIG,11/21/2014,86,78.8,55.0443,71.416275,78.621
TJIG,11/22/2014,93.2,73.4,46.6703,88.31239,94.1853
TJIG,11/23/2014,84.2,77,62.0291,74.819786,83.4376
TJIG,11/24/2014,84.2,78.8,65.9485,74.72561,83.5503
TJIG,11/25/2014,82.4,77,65.7435,79.6021,88.7482
TJIG,11/26/2014,84.2,75.2,65.9485,79.27622,88.5888
TJIG,11/27/2014,84.2,75.2,58.3156,69.18537,78.3355
TJIG,11/28/2014,84.2,73.4,62.0291,75.89485,88.5078
TJIG,11/29/2014,82.4,75.2,74.2799,81.46781,88.6689
TJIG,11/30/2014,84.2,75.2,70.0832,82.86409,94.143
TJIG,12/1/2014,84.2,75.2,65.9485,80.184044,94.143
TJIG,12/2/2014,84.2,78.8,65.9485,70.163475,74.1149
TJIG,12/3/2014,84.2,75.2,69.8975,79.54457,88.5888
TJIG,12/4/2014,84.2,75.2,65.7435,79.09352,88.6689
TJIG,12/5/2014,84.2,77,61.8076,72.4092,83.4376
TJIG,12/6/2014,82.4,78.8,65.5369,69.33019,74.1149
TJIG,12/7/2014,82.4,73.4,57.8427,71.243324,83.209
TJIG,12/8/2014,82.4,69.8,54.5512,71.839966,82.9759
TJIG,12/9/2014,84.2,71.6,51.4692,71.88297,83.209
TJIG,12/10/2014,84.2,73.4,65.9485,78.01506,88.5078
TJIG,12/11/2014,84.2,75.2,65.7435,75.70753,88.5888
TJIG,12/12/2014,84.2,75.2,65.9485,77.971985,83.5503
TJIG,12/13/2014,86,73.4,65.7435,77.071335,88.5888
TJIG,12/14/2014,82.4,73.4,65.5369,75.66568,83.3239
TJIG,12/15/2014,82.4,73.4,65.7435,83.74894,94.10022
TJIG,12/16/2014,77,73.4,88.5888,92.40554,100
TJIG,12/17/2014,82.4,75.2,61.5844,74.76045,88.6689
TJIG,12/18/2014,82.4,77,61.58435,67.82217,83.4376
TJIG,12/19/2014,82.4,73.4,58.08,71.59075,83.209
TJIG,12/20/2014,82.4,73.4,61.8076,73.451935,83.3239
TJIG,12/21/2014,84.2,75.2,54.7986,67.47089,78.3355
TJIG,12/22/2014,84.2,73.4,58.3156,76.00975,83.3239
TJIG,12/23/2014,82.4,75.2,69.7103,77.37133,83.5503
TJIG,12/24/2014,82.4,75.2,58.08,67.58636,73.6111
TJIG,12/25/2014,82.4,77,65.5369,70.271,78.621
TJIG,12/26/2014,82.4,73.4,65.5369,76.45312,88.5078
TJIG,12/27/2014,82.4,77,58.08,64.95765,78.4789
TJIG,12/28/2014,80.6,73.4,61.5844,73.65699,83.3239
TJIG,12/29/2014,84.2,73.4,61.8076,75.68044,88.5078
TJIG,12/30/2014,82.4,75.2,61.8076,72.93037,83.4376
TJIG,12/31/2014,82.4,75.2,65.7435,76.09203,83.3239
TJIG,1/1/2015,82.4,75.2,69.8975,79.24393,88.5888
TJIG,1/2/2015,82.4,75.2,69.7103,80.03171,88.5888
TJIG,1/3/2015,82.4,78.8,58.08,67.67928,78.621
TJIG,1/4/2015,82.4,77,58.08,70.170235,78.4789
TJIG,1/5/2015,82.4,77,61.8076,68.87931,73.9485
TJIG,1/6/2015,82.4,75.2,61.8076,70.55471,78.3355
TJIG,1/7/2015,82.4,75.2,61.5844,72.98463,83.5503
TJIG,1/8/2015,82.4,73.4,61.8076,69.570564,88.5078
TJIG,1/9/2015,82.4,73.4,61.8076,77.19289,83.209
TJIG,1/10/2015,82.4,73.4,69.8975,79.669876,88.5078
TJIG,1/11/2015,129.2,75.2,17.4969,74.91391,88.5888
TJIG,1/12/2015,82.4,78.8,65.7435,76.528015,83.5503
TJIG,1/13/2015,82.4,75.2,65.5369,74.529564,83.3239
TJIG,1/14/2015,82.4,75.2,65.7435,77.45506,88.5888
TJIG,1/15/2015,84.2,75.2,65.9485,75.87297,83.3239
TJIG,1/16/2015,86,73.4,55.0443,75.69629,88.5078
TJIG,1/17/2015,84.2,75.2,62.0291,78.488686,88.7482
TJIG,1/18/2015,82.4,73.4,69.7103,80.33677,88.5078
TJIG,1/19/2015,80.6,73.4,65.5369,77.39876,88.5078
TJIG,1/20/2015,82.4,73.4,61.5844,74.60055,83.209
TJIG,1/21/2015,82.4,73.4,61.8076,76.46307,88.5078
TJIG,1/22/2015,80.6,73.4,69.3309,81.83274,94.1002
TJIG,1/23/2015,80.6,73.4,74.1149,84.94218,94.1002
TJIG,1/24/2015,84.2,73.4,58.3156,76.7954,94.1002
TJIG,1/25/2015,84.2,71.6,54.5512,77.58105,94.057
TJIG,1/26/2015,84.2,75.2,54.5512,73.204414,83.3239
TJIG,1/27/2015,86,75.2,55.0443,76.406845,88.5888
TJIG,1/28/2015,84.2,73.4,54.7986,73.2314,88.5078
TJIG,1/29/2015,82.4,75.2,61.8076,75.302895,83.3239
TJIG,1/30/2015,82.4,71.6,65.5369,82.221016,94.057
TJIG,1/31/2015,82.4,73.4,65.5369,77.26203,88.5078
TJIG,2/1/2015,80.6,77,54.0515,67.524796,73.7806
TJIG,2/2/2015,80.6,75.2,65.5369,70.67773,73.7806
TJIG,2/3/2015,82.4,73.4,69.7103,77.11063,83.3239
TJIG,2/4/2015,82.4,75.2,69.8975,79.00929,88.5888
TJIG,2/5/2015,82.4,73.4,65.7435,75.15122,83.3239
TJIG,2/6/2015,82.4,71.6,58.08,78.268265,88.5078
TJIG,2/7/2015,82.4,71.6,61.8076,73.95844,83.093
TJIG,2/8/2015,82.4,75.2,65.7435,75.67443,83.3239
TJIG,2/9/2015,84.2,73.4,58.3156,75.724846,88.5078
TJIG,2/10/2015,86,75.2,45.6083,65.71769,83.3239
TJIG,2/11/2015,86,77,55.0443,65.99411,73.9485
TJIG,2/12/2015,82.4,73.4,61.8076,78.539085,88.5078
TJIG,2/13/2015,80.6,75.2,74.1149,84.381676,94.143
TJIG,2/14/2015,84.2,75.2,65.9485,81.78219,88.5888
TJIG,2/15/2015,80.6,75.2,78.621,83.59503,88.5888
TJIG,2/16/2015,78.8,77,65.3286,70.01951,73.7806
TJIG,2/17/2015,84.2,73.4,58.3156,77.768486,88.5078
TJIG,2/18/2015,84.2,75.2,61.8076,74.405556,83.3239
TJIG,2/19/2015,86,75.2,55.0443,75.73982,88.5888
TJIG,2/20/2015,82.4,73.4,65.7435,76.975975,88.5078
TJIG,2/21/2015,82.4,73.4,65.7435,81.01878,94.1002
TJIG,2/22/2015,80.6,75.2,69.7103,77.68012,88.5888
TJIG,2/23/2015,82.4,73.4,61.8076,74.2745,83.3239
TJIG,2/24/2015,82.4,71.6,61.8076,75.96285,88.5078
TJIG,2/25/2015,84.2,73.4,62.0291,73.64316,83.3239
TJIG,2/26/2015,84.2,75.2,54.7986,70.8975,83.3239
TJIG,2/27/2015,82.4,75.2,58.08,69.932884,78.621
TJIG,2/28/2015,82.4,73.4,65.5369,80.753685,94.1002
TJIG,3/1/2015,82.4,77,58.08,67.362976,73.7806
TJIG,3/2/2015,80.6,69.8,57.8427,72.94688,94.0132
TJIG,3/3/2015,80.6,73.4,61.5844,71.33158,83.209
TJIG,3/4/2015,82.4,78.8,54.5512,64.24515,69.5214
TJIG,3/5/2015,82.4,75.2,54.5512,67.40465,73.6111
TJIG,3/6/2015,82.4,75.2,54.5512,68.62109,73.9485
TJIG,3/7/2015,82.4,73.4,54.3022,70.39229,83.209
TJIG,3/8/2015,80.6,73.4,61.5844,73.454254,83.209
TJIG,3/9/2015,82.4,75.2,61.5844,74.02202,78.621
TJIG,3/10/2015,82.4,75.2,65.5369,74.85639,83.3239
TJIG,3/11/2015,80.6,73.4,61.5844,71.38966,83.3239
TJIG,3/12/2015,82.4,77,58.08,64.20612,73.7806
TJIG,3/13/2015,80.6,71.6,65.5369,76.83674,83.093
TJIG,3/14/2015,80.6,73.4,65.5369,73.96778,83.209
TJIG,3/15/2015,82.4,73.4,61.8076,71.280106,78.1907
TJIG,3/16/2015,80.6,73.4,65.5369,76.90395,88.5078
TJIG,3/17/2015,82.4,71.6,61.5844,74.1224,88.426
TJIG,3/18/2015,80.6,73.4,61.5844,72.32569,78.1907
TJIG,3/19/2015,82.4,75.2,61.8076,73.58441,78.4789
TJIG,3/20/2015,82.4,71.6,61.8076,76.84051,88.426
TJIG,3/21/2015,80.6,77,61.5844,67.51002,69.7103
TJIG,3/22/2015,82.4,73.4,61.8076,75.41193,83.32391
TJIG,3/23/2015,82.4,73.4,58.08,73.353935,83.209
TJIG,3/24/2015,82.4,73.4,69.8975,79.372025,88.5078
TJIG,3/25/2015,82.4,75.2,65.7435,74.53808,83.3239
TJIG,3/26/2015,82.4,77,61.8076,72.71672,78.4789
TJIG,3/27/2015,84.2,77,58.3156,69.76484,74.1149
TJIG,3/28/2015,84.2,75.2,48.3188,70.640656,83.3239
TJIG,3/29/2015,82.4,75.2,58.08,69.906654,78.3355
TJIG,3/30/2015,82.4,73.4,61.8076,72.87431,83.209
TJIG,3/31/2015,80.6,71.6,54.3022,71.78611,83.093
TJIG,4/1/2015,82.4,73.4,61.8076,75.5256,83.3239
TJIG,4/2/2015,82.4,75.2,65.5369,74.27282,83.3239
TJIG,4/3/2015,82.4,77,57.6037,62.658993,65.5369
TJIG,4/4/2015,82.4,73.4,58.08,69.28468,73.9485
TJIG,4/5/2015,80.6,73.4,69.7103,76.49553,83.209
TJIG,4/6/2015,82.4,75.2,65.7435,75.89201,83.3239
TJIG,4/7/2015,82.4,77,65.5369,72.3409,78.4789
TJIG,4/8/2015,82.4,75.2,58.08,73.01033,83.3239
TJIG,4/9/2015,82.4,73.4,61.8076,75.21368,88.5078
TJIG,4/10/2015,82.4,73.4,69.7103,80.38272,88.5888
TJIG,4/11/2015,82.4,75.2,65.7435,75.19746,83.3239
TJIG,4/12/2015,82.4,77,58.08,72.11264,78.4789
TJIG,4/13/2015,82.4,77,65.5369,71.67814,74.1149
TJIG,4/14/2015,80.6,75.2,69.7103,75.81534,83.3239
TJIG,4/15/2015,82.4,75.2,61.8076,71.40335,78.4789
TJIG,4/16/2015,82.4,75.2,61.5844,67.34286,73.9485
TJIG,4/17/2015,80.6,77,69.7103,73.75819,83.4376
TJIG,4/18/2015,86,75.2,51.7246,73.199295,83.3239
TJIG,4/19/2015,84.2,77,62.0291,75.81786,83.4376
TJIG,4/20/2015,82.4,78.8,65.7435,74.49214,78.621
TJIG,4/21/2015,82.4,77,65.7435,72.2069,78.4789
TJIG,4/22/2015,82.4,75.2,61.5844,69.95434,78.3355
TJIG,4/23/2015,84.2,75.2,61.8076,75.00097,83.3239
TJIG,4/24/2015,84.2,77,58.3156,73.293884,83.6618
TJIG,4/25/2015,87.8,77,51.9784,70.37757,78.9011
TJIG,4/26/2015,89.6,78.8,46.1422,68.14254,78.9011
TJIG,4/27/2015,91.4,78.8,46.1422,68.83904,89.2075
TJIG,4/28/2015,89.6,78.8,46.1422,63.368053,78.621
TJIG,4/29/2015,89.6,78.8,43.3387,60.58473,73.9485
TJIG,4/30/2015,89.6,78.8,40.686,58.382988,73.9485
TJIG,5/1/2015,89.6,78.8,40.4122,61.70872,78.621
TJIG,5/2/2015,87.8,78.8,45.876,63.64522,78.621
TJIG,5/3/2015,89.6,77,46.1422,69.112495,83.4376
TJIG,5/4/2015,86,78.8,61.8076,74.15745,83.5503
TJIG,5/5/2015,84.2,78.8,65.7435,72.86117,78.621
TJIG,5/6/2015,84.2,78.8,62.0291,68.473816,73.9485
TJIG,5/7/2015,87.8,78.8,45.6083,57.996544,69.5214
TJIG,5/8/2015,87.8,78.8,43.068,66.5888,74.1149
TJIG,5/9/2015,86,78.8,61.8076,69.611694,78.7617
TJIG,5/10/2015,84.2,78.8,58.3156,72.46597,78.7617
TJIG,5/11/2015,84.2,78.8,61.8076,69.22471,74.1149
TJIG,5/12/2015,82.4,78.8,69.8975,76.54151,83.5503
TJIG,5/13/2015,84.2,80.6,58.3156,69.406235,74.1149
TJIG,5/14/2015,82.4,78.8,69.7103,72.53117,78.621
TJIG,5/15/2015,84.2,75.2,65.9485,74.8192,88.5888
TJIG,5/16/2015,82.4,77,61.8076,79.22997,88.6689
TJIG,5/17/2015,84.2,77,69.8975,77.41741,83.4376
TJIG,5/18/2015,84.2,77,65.9485,73.84854,83.437645
TJIG,5/19/2015,84.2,77,62.0291,73.78798,83.4376
TJIG,5/20/2015,82.4,73.4,78.7617,82.41557,88.7482
TJIG,5/21/2015,86,77,65.9485,78.496635,88.7482
TJIG,5/22/2015,86,80.6,62.249,73.96755,78.7617
TJIG,5/23/2015,84.2,80.6,74.2799,76.51097,78.9011
TJIG,5/24/2015,84.2,80.6,62.0291,70.4353,74.1149
TJIG,5/25/2015,86,78.8,65.7435,72.66596,78.621
TJIG,5/26/2015,84.2,78.8,62.0291,71.565834,78.7617
TJIG,5/27/2015,84.2,78.8,62.0291,71.16327,78.621
TJIG,5/28/2015,86,82.4,58.3156,64.88844,78.9011
TJIG,5/29/2015,84.2,77,69.8975,80.57645,94.1853
TJIG,5/30/2015,84.2,80.6,65.7435,78.651146,83.7722
TJIG,5/31/2015,86,78.8,62.249,81.07735,88.7482
TJIG,6/1/2015,86,80.6,66.1518,75.02267,78.9011
TJIG,6/2/2015,84.2,77,70.0832,78.23611,88.6689
TJIG,6/3/2015,84.2,78.8,70.0832,79.24778,83.6618
TJIG,6/4/2015,87.8,78.8,55.2883,73.20955,83.5503
TJIG,6/5/2015,89.6,78.8,52.2305,72.1447,83.7722
TJIG,6/6/2015,89.6,80.6,52.2305,67.00971,78.7617
TJIG,6/7/2015,89.6,82.4,52.2305,66.1383,74.2799
TJIG,6/8/2015,89.6,80.6,55.2883,71.083405,78.7617
TJIG,6/9/2015,86,80.6,66.1518,74.141525,78.7617
TJIG,6/10/2015,86,80.6,65.9485,70.00706,74.1149
TJIG,6/11/2015,84.2,78.8,70.0832,76.534744,83.5503
TJIG,6/12/2015,86,78.8,70.0832,77.98525,83.5503
TJIG,6/13/2015,86,80.6,62.249,73.61612,78.9011
TJIG,6/14/2015,86,80.6,66.1518,73.82106,78.7617
TJIG,6/15/2015,86,78.8,65.9485,73.44348,78.621
TJIG,6/16/2015,86,80.6,66.1518,71.803055,74.2799
TJIG,6/17/2015,84.2,80.6,74.4434,81.96522,83.7722
TJIG,6/18/2015,86,82.4,70.2674,76.77907,79.0392
TJIG,6/19/2015,86,80.6,66.1518,73.522804,78.7617
TJIG,6/20/2015,84.2,80.6,65.9485,72.05765,74.4434
TJIG,6/21/2015,86,78.8,62.0291,71.10005,78.621
TJIG,6/22/2015,86,75.2,74.2799,76.690445,88.5888
TJIG,6/23/2015,86,80.6,70.0832,77.059616,83.6618
TJIG,6/24/2015,89.6,80.6,52.2305,69.71221,78.7617
TJIG,6/25/2015,86,80.6,58.5495,68.83918,74.1149
TJIG,6/26/2015,86,78.8,62.249,73.30987,78.9011
TJIG,6/27/2015,87.8,80.6,55.2883,73.16325,83.6618
TJIG,6/28/2015,86,82.4,66.1518,70.02431,78.9011
TJIG,6/29/2015,86,80.6,62.249,71.853065,78.7617
TJIG,6/30/2015,82.4,78.8,69.8975,75.54478,83.6618
TJIG,7/1/2015,84.2,78.8,20.2929,76.92167,88.7482
TJIG,7/2/2015,86,82.4,65.9485,69.50325,74.2799
TJIG,7/3/2015,86,80.6,65.9485,73.90697,78.9011
TJIG,7/4/2015,86,80.6,66.1518,73.59351,78.7617
TJIG,7/5/2015,86,80.6,62.249,70.97656,74.4434
TJIG,7/6/2015,86,80.6,66.1518,74.9299,78.7617
TJIG,7/7/2015,86,80.6,66.1518,73.37316,78.7617
TJIG,7/8/2015,86,82.4,66.1518,71.22494,74.2799
TJIG,7/9/2015,86,78.8,66.1518,76.611206,83.6618
TJIG,7/10/2015,84.2,78.8,65.9485,77.67191,83.5503
TJIG,7/11/2015,86,78.8,58.5495,73.60429,83.5503
TJIG,7/12/2015,82.4,75.2,69.8975,83.36921,94.143
TJIG,7/13/2015,86,78.8,62.0291,70.795364,78.621
TJIG,7/14/2015,84.2,78.8,74.4434,80.68365,83.7722
TJIG,7/15/2015,86,80.6,58.5495,71.270706,78.9011
TJIG,7/16/2015,86,82.4,70.2674,75.603294,83.7722
TJIG,7/17/2015,86,80.6,62.249,70.04524,74.2799
TJIG,7/18/2015,86,80.6,62.0291,72.92782,78.7617
TJIG,7/19/2015,86,78.8,62.249,71.02599,74.2799
TJIG,7/20/2015,86,75.2,65.9485,78.550804,88.5888
TJIG,7/21/2015,86,78.8,70.2674,78.570946,88.7482
TJIG,7/22/2015,91.4,80.6,49.3622,71.90643,83.6618
TJIG,7/23/2015,86,82.4,70.2674,72.89917,74.6054
TJIG,7/24/2015,86,82.4,66.1518,73.079956,78.9011
TJIG,7/25/2015,86,80.6,62.0291,71.77051,78.7617
TJIG,7/26/2015,86,80.6,62.249,72.29105,78.7617
TJIG,7/27/2015,87.8,78.8,65.9485,72.08983,78.621
TJIG,7/28/2015,,,,,
TJIG,7/29/2015,,,,,
TJIG,7/30/2015,86,84.2,70.2674,70.701706,74.4434
TJIG,7/31/2015,86,80.6,70.0832,79.496605,83.7722
TJIG,8/1/2015,86,82.4,66.1518,69.95995,74.4434
TJIG,8/2/2015,86,78.8,70.0832,78.30606,83.5503
TJIG,8/3/2015,89.6,80.6,46.1422,71.69698,78.7617
TJIG,8/4/2015,86,80.6,66.1518,73.55055,78.7617
TJIG,8/5/2015,86,78.8,66.1518,75.269585,83.5503
TJIG,8/6/2015,86,80.6,62.249,70.50499,74.1149
TJIG,8/7/2015,86,78.8,66.1518,72.65914,78.9011
TJIG,8/8/2015,86,78.8,62.249,78.75627,88.7482
TJIG,8/9/2015,86,80.6,66.1518,73.55747,78.7617
TJIG,8/10/2015,86,80.6,62.249,71.97144,78.7617
TJIG,8/11/2015,86,78.8,65.9485,73.962654,78.7617
TJIG,8/12/2015,86,82.4,62.249,70.858894,74.4434
TJIG,8/13/2015,86,82.4,65.9485,69.16697,74.4434
TJIG,8/14/2015,87.8,80.6,62.0291,70.46002,78.7617
TJIG,8/15/2015,86,80.6,74.2799,79.50144,83.8815
TJIG,8/16/2015,86,77,65.9485,81.66987,94.1853
TJIG,8/17/2015,86,77,62.249,74.68089,88.6689
TJIG,8/18/2015,86,78.8,66.1518,75.04778,83.5503
TJIG,8/19/2015,87.8,80.6,62.4672,72.58007,78.7617
TJIG,8/20/2015,86,80.6,70.0832,74.714806,79.0392
TJIG,8/21/2015,87.8,82.4,58.5495,73.845566,83.7722
TJIG,8/22/2015,87.8,80.6,62.4672,74.68366,83.6618
TJIG,8/23/2015,86,80.6,62.249,72.482994,78.7617
TJIG,8/24/2015,87.8,78.8,66.3535,78.29643,88.7482
TJIG,8/25/2015,86,78.8,74.6054,84.37908,94.2272
TJIG,8/26/2015,87.8,82.4,70.4499,77.507515,83.7722
TJIG,8/27/2015,86,82.4,74.6054,78.91114,88.9044
TJIG,8/28/2015,84.2,77,65.5369,72.73214,79.0392
TJIG,8/29/2015,86,80.6,70.2674,77.63328,83.6618
TJIG,8/30/2015,84.2,78.8,79.0392,89.28515,94.2272
TJIG,8/31/2015,87.8,78.8,70.4499,83.11104,94.2272
TJIG,9/1/2015,87.8,80.6,70.4499,82.52377,88.8267
TJIG,9/2/2015,87.8,80.6,65.9485,78.35114,83.6618
TJIG,9/3/2015,87.8,80.6,61.8076,75.979095,83.6618
TJIG,9/4/2015,87.8,78.8,66.1518,79.058556,88.7482
TJIG,9/5/2015,86,78.8,70.2674,82.4803,88.8267
TJIG,9/6/2015,87.8,78.8,58.7818,73.078476,83.5503
TJIG,9/7/2015,87.8,80.6,70.2674,76.41099,83.6618
TJIG,9/8/2015,87.8,78.8,62.4672,77.043015,88.7482
TJIG,9/9/2015,87.8,80.6,58.5495,70.713875,78.7617
TJIG,9/10/2015,87.8,84.2,70.2674,75.31985,79.0392
TJIG,9/11/2015,87.8,82.4,70.4499,77.62726,83.7722
TJIG,9/12/2015,84.2,77,58.08,71.1519,83.5503
TJIG,9/13/2015,87.8,82.4,66.3535,74.17432,79.0392
TJIG,9/14/2015,87.8,82.4,66.1518,71.154945,74.4434
TJIG,9/15/2015,87.8,80.6,70.2674,78.80726,83.7722
TJIG,9/16/2015,87.8,80.6,62.249,75.25469,79.0392
TJIG,9/17/2015,87.8,80.6,66.3535,76.83566,83.6618
TJIG,9/18/2015,87.8,78.8,66.1518,78.44253,88.7482
TJIG,9/19/2015,87.8,78.8,62.4672,78.18638,88.7482
TJIG,9/20/2015,87.8,78.8,66.1518,75.76099,83.6618
TJIG,9/21/2015,86,78.8,65.7435,77.928375,88.7482
TJIG,9/22/2015,87.8,77,62.4672,76.64513,88.6689
TJIG,9/23/2015,86,80.6,70.2674,79.27823,83.7722
TJIG,9/24/2015,87.8,78.8,58.7818,78.70051,88.7482
TJIG,9/25/2015,89.6,80.6,58.7818,73.63224,83.6618
TJIG,9/26/2015,87.8,80.6,55.2883,73.70305,83.6618
TJIG,9/27/2015,89.6,80.6,55.0443,72.998566,83.6618
TJIG,9/28/2015,89.6,78.8,62.4672,74.503815,83.5503
TJIG,9/29/2015,89.6,82.4,58.7818,70.3656,74.6054
TJIG,9/30/2015,89.6,80.6,55.5308,69.118324,78.7617
TJIG,10/1/2015,91.4,82.4,49.1036,65.42817,74.2799
TJIG,10/2/2015,89.6,82.4,55.5308,69.04014,78.9011
TJIG,10/3/2015,82.4,82.4,,,
TJIG,10/4/2015,93.2,82.4,43.8763,64.414536,78.9011
TJIG,10/5/2015,89.6,80.6,58.7818,72.95583,83.6618
TJIG,10/6/2015,91.4,84.2,52.4811,67.991196,74.766
TJIG,10/7/2015,87.8,82.4,70.2674,76.736206,79.0392
TJIG,10/8/2015,89.6,80.6,66.3535,76.81493,83.6618
TJIG,10/9/2015,86,77,66.1518,80.49913,88.7482
TJIG,10/10/2015,87.8,82.4,62.249,72.90317,78.9011
TJIG,10/11/2015,87.8,82.4,58.7818,72.67402,78.9011
TJIG,10/12/2015,87.8,78.8,66.1518,74.03986,83.5503
TJIG,10/13/2015,87.8,80.6,58.5495,73.75866,83.7722
TJIG,10/14/2015,87.8,80.6,66.3535,75.435905,79.0392
TJIG,10/15/2015,87.8,80.6,66.3535,76.927185,83.6618
TJIG,10/16/2015,86,78.8,70.0832,81.35663,88.7482
TJIG,10/17/2015,86,78.8,70.0832,79.12139,88.7482
TJIG,10/18/2015,87.8,78.8,66.3535,78.664085,88.7482
TJIG,10/19/2015,87.8,78.8,62.249,74.555405,83.5503
TJIG,10/20/2015,89.6,78.8,51.9784,72.20728,83.5503
TJIG,10/21/2015,87.8,80.6,62.4672,72.524925,78.7617
TJIG,10/22/2015,89.6,80.6,62.4672,76.16609,83.6618
TJIG,10/23/2015,86,78.8,62.249,75.13712,83.6618
TJIG,10/24/2015,86,73.4,62.249,79.63769,88.6689
TJIG,10/25/2015,87.8,73.4,58.7818,79.044914,88.5888
TJIG,10/26/2015,80.6,75.2,74.1149,83.10629,88.5888
TJIG,10/27/2015,84.2,78.8,69.8975,82.82317,88.7482
TJIG,10/28/2015,86,78.8,70.2674,81.29265,88.7482
TJIG,10/29/2015,87.8,77,65.9485,80.43507,94.1853
TJIG,10/30/2015,87.8,78.8,62.4672,78.29806,83.7722
TJIG,10/31/2015,87.8,77,66.1518,80.34917,88.6689
TJIG,11/1/2015,84.2,75.2,74.4434,84.77294,88.7482
TJIG,11/2/2015,87.8,75.2,62.249,81.864365,94.143
TJIG,11/3/2015,84.2,78.8,70.0832,82.79489,88.7482
TJIG,11/4/2015,86,78.8,66.1518,76.83195,83.6618
TJIG,11/5/2015,86,78.8,66.1518,76.75399,83.6618
TJIG,11/6/2015,86,77,66.1518,78.50309,88.6689
TJIG,11/7/2015,80.6,75.2,78.7617,86.967964,94.1853
TJIG,11/8/2015,86,78.8,66.1518,81.45852,88.7482
TJIG,11/9/2015,86,78.8,66.1518,76.15555,83.5503
TJIG,11/10/2015,87.8,77,66.1518,78.22611,88.6689
TJIG,11/11/2015,86,77,70.0832,81.54699,94.1853
TJIG,11/12/2015,86,78.8,62.0291,73.80826,83.5503
TJIG,11/13/2015,86,77,65.9485,75.94062,83.4376
TJIG,11/14/2015,84.2,77,69.8975,78.32453,83.7722
TJIG,11/15/2015,86,77,62.249,77.24496,88.6689
TJIG,11/16/2015,86,77,62.249,77.61131,88.6689
TJIG,11/17/2015,86,77,62.249,75.355545,88.7482
TJIG,11/18/2015,86,77,66.1518,78.27782,88.6689
TJIG,11/19/2015,86,77,62.249,74.98643,83.5503
TJIG,11/20/2015,84.2,80.6,45.3392,60.696854,69.7103
TJIG,11/21/2015,82.4,73.4,51.2122,76.669846,88.5078
TJIG,11/22/2015,84.2,75.2,58.08,72.15396,78.4789
TJIG,11/23/2015,86,77,65.9485,77.14232,88.7482
TJIG,11/24/2015,87.8,77,51.9784,71.15619,83.5503
TJIG,11/25/2015,86,75.2,55.0443,77.4775,88.5888
TJIG,11/26/2015,84.2,77,69.8975,80.48821,88.6689
TJIG,11/27/2015,86,77,62.0291,74.60259,83.5503
TJIG,11/28/2015,82.4,75.2,69.8975,82.333984,88.668915
TJIG,11/29/2015,82.4,71.6,74.2799,83.58996,94.14301
TJIG,11/30/2015,86,78.8,66.1518,75.902145,83.5503
TJIG,12/1/2015,86,78.8,70.2674,79.87137,83.7722
TJIG,12/2/2015,86,77,65.9485,80.15317,88.6689
TJIG,12/3/2015,86,78.8,62.249,71.990364,78.7617
TJIG,12/4/2015,84.2,77,69.8975,77.14936,83.4376
TJIG,12/5/2015,84.2,78.8,69.8975,79.01958,83.5503
TJIG,12/6/2015,84.2,75.2,58.08,76.80442,88.5888
TJIG,12/7/2015,82.4,75.2,74.1149,82.93789,94.143
TJIG,12/8/2015,86,75.2,55.0443,78.868576,88.5888
TJIG,12/9/2015,86,77,51.7246,72.55034,83.4376
TJIG,12/10/2015,86,75.2,55.0443,72.34102,88.5888
TJIG,12/11/2015,86,77,58.5495,74.292854,83.5503
TJIG,12/12/2015,84.2,80.6,58.3156,66.160225,74.1149
TJIG,12/13/2015,84.2,75.2,62.0291,72.558586,78.4789
TJIG,12/14/2015,84.2,77,62.0291,73.79419,83.4376
TJIG,12/15/2015,84.2,75.2,58.08,71.79497,83.3239
TJIG,12/16/2015,84.2,75.2,61.5844,73.50563,83.3239
TJIG,12/17/2015,84.2,75.2,61.8076,74.34319,83.3239
TJIG,12/18/2015,84.2,77,61.8076,72.487434,78.621
TJIG,12/19/2015,84.2,75.2,69.8975,77.29002,83.3239
TJIG,12/20/2015,82.4,75.2,61.8076,79.58028,88.5888
TJIG,12/21/2015,84.2,77,65.7435,75.461975,83.4376
TJIG,12/22/2015,82.4,75.2,69.7103,79.34546,88.5888
TJIG,12/23/2015,84.2,77,62.0291,72.82053,78.621
TJIG,12/24/2015,82.4,77,69.8975,78.17004,83.4376
TJIG,12/25/2015,82.4,78.8,65.5369,71.89948,78.621
TJIG,12/26/2015,84.2,75.2,65.7435,78.08999,83.5503
TJIG,12/27/2015,82.4,73.4,65.7435,74.03542,78.621
TJIG,12/28/2015,82.4,73.4,69.7103,82.087105,88.5078
TJIG,12/29/2015,82.4,75.2,65.7435,75.79919,83.3239
TJIG,12/30/2015,80.6,77,73.9485,76.97131,88.6689
TJIG,12/31/2015,82.4,75.2,65.5369,75.61595,83.4376
TJIG,1/1/2016,82.4,75.2,61.8076,72.49403,78.3355
TJIG,1/2/2016,82.4,44.6,65.3286,74.77566,83.209
TJIG,1/3/2016,82.4,71.6,61.8076,77.80088,88.5078
TJIG,1/4/2016,84.2,73.4,51.4692,69.69283,83.209
TJIG,1/5/2016,84.2,73.4,58.3156,78.00911,88.5888
TJIG,1/6/2016,82.4,73.4,65.7435,81.288185,88.5888
TJIG,1/7/2016,86,75.2,54.7986,74.257484,88.5888
TJIG,1/8/2016,84.2,75.2,65.7435,77.09735,88.5888
TJIG,1/9/2016,82.4,73.4,69.8975,79.87172,88.5078
TJIG,1/10/2016,82.4,75.2,69.8975,80.18019,88.5888
TJIG,1/11/2016,82.4,77,65.5369,73.57388,83.4376
TJIG,1/12/2016,82.4,73.4,65.7435,75.53133,83.209
TJIG,1/13/2016,82.4,75.2,57.8427,68.37898,78.3355
TJIG,1/14/2016,82.4,73.4,61.5844,72.216064,83.209
TJIG,1/15/2016,82.4,71.6,54.5512,69.99617,83.209
TJIG,1/16/2016,80.6,73.4,69.5214,79.130775,88.5078
TJIG,1/17/2016,82.4,73.4,61.8076,75.055374,83.209
TJIG,1/18/2016,82.4,73.4,61.8076,75.62593,83.3239
TJIG,1/19/2016,82.4,73.4,65.7435,80.90715,88.5888
TJIG,1/20/2016,82.4,77,65.7435,77.271355,83.4376
TJIG,1/21/2016,82.4,71.6,65.7435,78.31547,88.426
TJIG,1/22/2016,82.4,73.4,65.5369,76.40347,88.5078
TJIG,1/23/2016,82.4,75.2,61.8076,70.46425,78.3355
TJIG,1/24/2016,84.2,77,58.3156,74.59694,83.4376
TJIG,1/25/2016,80.6,73.4,69.5214,84.35456,94.1002
TJIG,1/26/2016,82.4,75.2,65.7435,74.72993,83.3239
TJIG,1/27/2016,84.2,77,54.5512,67.62542,78.4789
TJIG,1/28/2016,84.2,75.2,54.7986,72.10726,78.4789
TJIG,1/29/2016,86,73.4,45.3392,70.60275,88.5078
TJIG,1/30/2016,82.4,73.4,65.5369,80.54306,88.5078
TJIG,1/31/2016,82.4,75.2,61.8076,75.109146,83.4376
TJIG,2/1/2016,84.2,73.4,54.5512,72.30065,88.5078
TJIG,2/2/2016,82.4,73.4,61.8076,74.003265,83.3239
TJIG,2/3/2016,82.4,75.2,61.8076,74.855835,83.3239
TJIG,2/4/2016,80.6,77,50.9536,62.5573,69.3309
TJIG,2/5/2016,80.6,71.6,61.5844,78.38146,88.5078
TJIG,2/6/2016,86,71.6,51.7246,72.64784,88.426
TJIG,2/7/2016,84.2,71.6,54.7986,77.20591,88.5078
TJIG,2/8/2016,86,73.4,51.7246,74.77018,88.5888
TJIG,2/9/2016,84.2,75.2,65.7435,78.13105,88.5888
TJIG,2/10/2016,84.2,75.2,58.3156,76.26198,88.5888
TJIG,2/11/2016,82.4,73.4,65.5369,76.02158,88.5078
TJIG,2/12/2016,82.4,75.2,61.8076,74.64211,83.3239
TJIG,2/13/2016,84.2,73.4,54.5512,72.94475,83.209
TJIG,2/14/2016,80.6,73.4,65.5369,75.73976,83.209
TJIG,2/15/2016,82.4,71.6,61.8076,77.53186,88.5078
TJIG,2/16/2016,84.2,75.2,61.8076,74.116844,83.3239
TJIG,2/17/2016,84.2,75.2,65.7435,76.579735,83.3239
TJIG,2/18/2016,84.2,77,58.3156,75.877,83.4376
TJIG,2/19/2016,82.4,77,69.8975,79.93322,88.6689
TJIG,2/20/2016,80.6,77,57.8427,65.96837,69.5214
TJIG,2/21/2016,80.6,75.2,65.5369,74.22379,88.5888
TJIG,2/22/2016,84.2,73.4,61.8076,80.138466,94.1002
TJIG,2/23/2016,84.2,73.4,54.7986,75.610275,88.5078
TJIG,2/24/2016,84.2,75.2,65.7435,73.41017,78.4789
TJIG,2/25/2016,82.4,77,61.8076,73.078575,78.4789
TJIG,2/26/2016,82.4,75.2,61.8076,73.99565,83.3239
TJIG,2/27/2016,82.4,73.4,61.8076,75.52634,88.5078
TJIG,2/28/2016,82.4,75.2,65.3286,75.65228,83.3239
TJIG,2/29/2016,82.4,73.4,65.7435,77.41488,88.5888
TJIG,3/1/2016,82.4,75.2,61.8076,73.44153,83.3239
TJIG,3/2/2016,82.4,75.2,61.8076,75.20527,83.3239
TJIG,3/3/2016,82.4,77,65.5369,71.346436,73.9485
TJIG,3/4/2016,82.4,75.2,61.8076,72.231544,78.3355
TJIG,3/5/2016,84.2,77,65.5369,78.00257,83.4376
TJIG,3/6/2016,82.4,75.2,69.8975,81.18872,88.5888
TJIG,3/7/2016,80.6,75.2,73.9485,82.44973,88.5888
TJIG,3/8/2016,78.8,77,65.1185,68.120316,69.5214
TJIG,3/9/2016,80.6,75.2,34.1335,52.18031,73.6111
TJIG,3/10/2016,80.6,73.4,50.9536,59.790283,73.4401
TJIG,3/11/2016,80.6,77,57.8427,63.522774,69.3309
TJIG,3/12/2016,80.6,73.4,65.3286,71.41905,88.5078
TJIG,3/13/2016,80.6,73.4,69.7103,80.88584,94.1002
TJIG,3/14/2016,82.4,73.4,65.7435,83.78688,94.1002
TJIG,3/15/2016,82.4,75.2,65.7435,77.11225,83.3239
TJIG,3/16/2016,82.4,75.2,65.7435,77.395836,88.5888
TJIG,3/17/2016,80.6,73.4,61.5844,73.10949,83.209
TJIG,3/18/2016,82.4,73.4,61.5844,69.7626,78.1907
TJIG,3/19/2016,82.4,71.6,54.5512,70.8043,83.093
TJIG,3/20/2016,86,73.4,45.6083,69.92904,83.209
TJIG,3/21/2016,87.8,77,45.3392,66.07695,78.621
TJIG,3/22/2016,82.4,75.2,65.7435,75.68845,83.3239
TJIG,3/23/2016,80.6,77,69.7103,78.48539,88.6689
TJIG,3/24/2016,82.4,77,61.8076,70.846466,78.621
TJIG,3/25/2016,82.4,75.2,65.7435,73.38669,78.621
TJIG,3/26/2016,80.6,75.2,69.7103,80.0521,88.5888
TJIG,3/27/2016,,,,,
TJIG,3/28/2016,,,,,
TJIG,3/29/2016,,,,,
TJIG,3/30/2016,82.4,75.2,65.5369,75.54558,83.3239
TJIG,3/31/2016,82.4,75.2,61.8076,73.80013,83.3239
TJIG,4/1/2016,82.4,73.4,58.08,80.65795,94.1002
TJIG,4/2/2016,82.4,75.2,69.8975,80.15477,88.5888
TJIG,4/3/2016,82.4,75.2,69.7103,78.0603,88.5888
TJIG,4/4/2016,82.4,75.2,61.8076,78.48904,88.5888
TJIG,4/5/2016,86,75.2,58.5495,73.51877,83.3239
TJIG,4/6/2016,84.2,75.2,62.0291,73.15309,78.4789
TJIG,4/7/2016,84.2,75.2,54.7986,78.88248,88.5888
TJIG,4/8/2016,82.4,75.2,65.7435,78.40681,88.5888
TJIG,4/9/2016,84.2,75.2,65.7435,74.29449,83.3239
TJIG,4/10/2016,82.4,77,65.7435,72.52863,78.4789
TJIG,4/11/2016,82.4,75.2,69.8975,81.580025,88.5888
TJIG,4/12/2016,82.4,77,65.7435,79.61677,83.4376
TJIG,4/13/2016,82.4,75.2,69.8975,78.02748,83.4376
TJIG,4/14/2016,82.4,75.2,61.8076,72.53241,83.3239
TJIG,4/15/2016,84.2,75.2,58.08,71.02942,83.3239
TJIG,4/16/2016,82.4,77,61.8076,68.18134,73.7806
TJIG,4/17/2016,86,77,62.249,72.32537,78.4789
TJIG,4/18/2016,82.4,75.2,69.8975,79.36674,88.5888
TJIG,4/19/2016,80.6,75.2,65.5369,77.86666,88.5888
TJIG,4/20/2016,82.4,78.8,57.8427,61.20433,69.5214
TJIG,4/21/2016,82.4,78.8,57.6037,60.798904,65.5369
TJIG,4/22/2016,80.6,77,65.5369,76.13191,94.1853
TJIG,4/23/2016,84.2,77,70.0832,85.6818,94.1853
TJIG,4/24/2016,89.6,78.8,49.1036,74.21061,88.7482
TJIG,4/25/2016,84.2,75.2,69.8975,80.753006,88.6689
TJIG,4/26/2016,82.4,77,74.2799,83.26433,88.8267
TJIG,4/27/2016,86,75.2,62.249,77.968636,88.5888
TJIG,4/28/2016,87.8,77,55.2883,78.99479,94.1853
TJIG,4/29/2016,84.2,77,69.5214,78.74238,83.7722
TJIG,4/30/2016,82.4,77,69.8975,78.870346,83.4376
TJIG,5/1/2016,80.6,75.2,73.9485,79.14324,83.4376
TJIG,5/2/2016,82.4,73.4,69.8975,80.90567,88.5888
TJIG,5/3/2016,84.2,77,65.9485,76.94897,83.4376
TJIG,5/4/2016,86,78.8,55.0443,70.62774,78.621
TJIG,5/5/2016,87.8,78.8,55.2883,71.63141,83.5503
TJIG,5/6/2016,89.6,80.6,55.5308,68.95438,78.7617
TJIG,5/7/2016,87.8,82.4,55.2883,67.736046,74.2799
TJIG,5/8/2016,82.4,73.4,65.5369,75.1275,83.209
TJIG,5/9/2016,84.2,80.6,69.8975,77.042854,83.6618
TJIG,5/10/2016,84.2,77,65.9485,76.1285,83.5503
TJIG,5/11/2016,84.2,77,69.8975,77.078964,83.4376
TJIG,5/12/2016,84.2,78.8,62.0291,71.35225,78.7617
TJIG,5/13/2016,82.4,77,69.8975,81.742355,88.7482
TJIG,5/14/2016,84.2,77,65.9485,77.47042,88.6689
TJIG,5/15/2016,84.2,78.8,65.9485,75.81897,83.5503
TJIG,5/16/2016,84.2,78.8,61.8076,74.56061,83.6618
TJIG,5/17/2016,84.2,78.8,74.4434,79.51814,83.7722
TJIG,5/18/2016,84.2,80.6,70.0832,74.78436,78.9011
TJIG,5/19/2016,84.2,78.8,69.8975,76.66855,83.5503
TJIG,5/20/2016,84.2,78.8,70.0832,77.0614,83.5503
TJIG,5/21/2016,84.2,78.8,69.8975,78.59815,88.8267
TJIG,5/22/2016,89.6,78.8,49.1036,67.25896,83.5503
TJIG,5/23/2016,89.6,82.4,52.2305,65.249466,74.2799
TJIG,5/24/2016,89.6,80.6,55.2883,69.33161,78.7617
TJIG,5/25/2016,84.2,78.8,69.8975,74.34214,83.5503
TJIG,5/26/2016,84.2,80.6,62.0291,68.1253,74.1149
TJIG,5/27/2016,86,78.8,58.5495,72.169655,78.9011
TJIG,5/28/2016,86,77,69.8975,78.56949,88.6689
TJIG,5/29/2016,84.2,78.8,69.8975,79.88693,83.6618
TJIG,5/30/2016,84.2,46.4,74.2799,86.44969,94.2272
TJIG,5/31/2016,84.2,78.8,74.2799,83.21927,88.7482
TJIG,6/1/2016,84.2,78.8,74.4434,85.64569,94.2272
TJIG,6/2/2016,84.2,78.8,78.7617,85.27537,88.8267
TJIG,6/3/2016,86,80.6,70.2674,82.11445,88.8267
TJIG,6/4/2016,84.2,78.8,74.2799,86.029366,94.2272
TJIG,6/5/2016,87.8,78.8,58.7818,73.27251,83.5503
TJIG,6/6/2016,86,80.6,65.9485,77.15755,83.6618
TJIG,6/7/2016,84.2,80.6,74.2799,79.474884,83.7722
TJIG,6/8/2016,89.6,77,58.7818,75.33147,88.6689
TJIG,6/9/2016,89.6,80.6,55.5308,77.6282,83.6618
TJIG,6/10/2016,86,80.6,65.9485,75.20124,79.0392
TJIG,6/11/2016,86,80.6,70.0832,74.844154,78.7617
TJIG,6/12/2016,89.6,78.8,52.2305,73.086136,83.5503
TJIG,6/13/2016,89.6,82.4,55.5308,68.95805,78.9011
TJIG,6/14/2016,89.6,82.4,49.1036,64.407364,74.2799
TJIG,6/15/2016,86,80.6,66.1518,74.09361,78.9011
TJIG,6/16/2016,86,80.6,66.1518,73.42036,78.9011
TJIG,6/17/2016,86,80.6,66.1518,73.64373,78.7617
TJIG,6/18/2016,86,80.6,65.9485,73.34067,83.6618
TJIG,6/19/2016,86,80.6,70.0832,75.8709,79.0392
TJIG,6/20/2016,84.2,78.8,74.2799,83.2414,88.7482
TJIG,6/21/2016,86,78.8,66.1518,75.8511,83.5503
TJIG,6/22/2016,86,77,65.9485,77.21614,88.6689
TJIG,6/23/2016,86,78.8,66.1518,74.98761,83.5503
TJIG,6/24/2016,87.8,78.8,66.1518,75.96915,83.5503
TJIG,6/25/2016,86,80.6,70.0832,76.83119,83.6618
TJIG,6/26/2016,86,80.6,65.7435,74.2333,78.9011
TJIG,6/27/2016,86,80.6,58.3156,68.76659,74.1149
TJIG,6/28/2016,86,80.6,58.5495,73.22409,78.9011
TJIG,6/29/2016,87.8,80.6,55.2883,73.1102,83.6618
TJIG,6/30/2016,86,80.6,62.249,71.0349,74.2799
TJIG,7/1/2016,84.2,78.8,,,
TJIG,7/2/2016,82.4,77,74.2799,87.86408,94.2272
TJIG,7/3/2016,86,78.8,70.0832,76.218925,83.5503
TJIG,7/4/2016,86,80.6,70.0832,76.886185,83.6618
TJIG,7/5/2016,84.2,82.4,,,
TJIG,7/6/2016,86,82.4,74.6054,80.83643,83.8815
TJIG,7/7/2016,86,84.2,70.0832,75.27963,79.0392
TJIG,7/8/2016,86,78.8,62.249,73.63295,83.5503
TJIG,7/9/2016,86,77,70.2674,84.93256,94.1853
TJIG,7/10/2016,86,82.4,74.2799,77.55623,88.9044
TJIG,7/11/2016,86,82.4,74.4434,76.85099,79.0392
TJIG,7/12/2016,86,82.4,66.1518,70.793304,74.2799
TJIG,7/13/2016,84.2,78.8,70.0832,80.56987,88.7482
TJIG,7/14/2016,86,78.8,66.1518,78.75136,88.7482
TJIG,7/15/2016,86,78.8,66.1518,76.73049,83.5503
TJIG,7/16/2016,87.8,80.6,70.4499,79.03833,83.7722
TJIG,7/17/2016,86,80.6,70.2674,76.30199,83.6618
TJIG,7/18/2016,86,77,66.1518,78.7751,88.6689
TJIG,7/19/2016,87.8,78.8,66.1518,78.488495,88.7482
TJIG,7/20/2016,87.8,82.4,66.3535,76.83344,83.8815
TJIG,7/21/2016,87.8,80.6,70.4499,81.722084,88.8267
TJIG,7/22/2016,87.8,80.6,66.3535,74.30279,78.9011
TJIG,7/23/2016,86,80.6,66.1518,73.8483,78.9011
TJIG,7/24/2016,86,82.4,62.249,69.68775,74.4434
TJIG,7/25/2016,87.8,77,66.3535,76.14903,83.4376
TJIG,7/26/2016,86,78.8,74.6054,86.48573,94.2272
TJIG,7/27/2016,87.8,80.6,74.6054,81.42635,88.8267
TJIG,7/28/2016,87.8,80.6,70.0832,75.95749,83.6618
TJIG,7/29/2016,87.8,80.6,62.249,75.96623,83.6618
TJIG,7/30/2016,86,78.8,66.1518,72.61382,83.5503
TJIG,7/31/2016,84.2,77,78.7617,86.019035,94.2272
TJIG,8/1/2016,86,80.6,74.6054,83.15895,88.8267
TJIG,8/2/2016,86,80.6,66.1518,77.00727,83.7722
TJIG,8/3/2016,86,78.8,70.2674,77.06252,83.5503
TJIG,8/4/2016,87.8,80.6,70.2674,77.10867,83.6618
TJIG,8/5/2016,84.2,77,83.4376,88.37555,94.2272
TJIG,8/6/2016,84.2,77,78.9011,88.20598,94.2272
TJIG,8/7/2016,91.4,80.6,52.4811,75.4893,83.8815
TJIG,8/8/2016,87.8,80.6,74.6054,80.97723,88.8267
TJIG,8/9/2016,87.8,82.4,66.1518,76.432274,83.7722
TJIG,8/10/2016,86,77,70.0832,80.41063,88.7482
TJIG,8/11/2016,86,78.8,70.2674,78.55083,83.6618
TJIG,8/12/2016,86,78.8,66.1518,78.855034,88.7482
TJIG,8/13/2016,86,78.8,70.2674,81.32943,88.7482
TJIG,8/14/2016,87.8,78.8,70.2674,77.85718,83.7722
TJIG,8/15/2016,87.8,80.6,66.3535,76.369,83.6618
TJIG,8/16/2016,87.8,80.6,62.4672,72.718864,78.7617
TJIG,8/17/2016,87.8,80.6,66.3535,76.59264,83.6618
TJIG,8/18/2016,89.6,82.4,62.6837,76.157295,83.7722
TJIG,8/19/2016,87.8,80.6,66.3535,76.03161,83.6618
TJIG,8/20/2016,87.8,80.6,66.3535,75.12088,83.6618
TJIG,8/21/2016,87.8,80.6,66.3535,75.027214,83.6618
TJIG,8/22/2016,87.8,80.6,62.4672,80.110275,88.8267
TJIG,8/23/2016,86,78.8,62.249,76.88999,88.7482
TJIG,8/24/2016,84.2,78.8,69.8975,85.068054,88.9044
TJIG,8/25/2016,89.6,82.4,59.012367,68.905106,78.90113
TJIG,8/26/2016,87.8,80.6,62.4672,77.68237,83.6618
TJIG,8/27/2016,87.8,80.6,62.249,74.76937,83.6618
TJIG,8/28/2016,87.8,78.8,62.249,77.49504,88.7482
TJIG,8/29/2016,91.4,80.6,49.3622,69.46594,83.6618
TJIG,8/30/2016,87.8,82.4,70.2674,77.82888,83.8815
TJIG,8/31/2016,87.8,82.4,66.3535,73.81999,79.0392
TJIG,9/1/2016,87.8,80.6,62.4672,72.53695,78.7617
TJIG,9/2/2016,86,78.8,70.0832,81.79611,88.9044
TJIG,9/3/2016,87.8,84.2,70.0832,71.41269,74.6054
TJIG,9/4/2016,87.8,84.2,66.3535,71.859344,79.0392
TJIG,9/5/2016,86,75.2,70.0832,73.45595,88.5888
TJIG,9/6/2016,87.8,78.8,66.3535,79.089226,88.7482
TJIG,9/7/2016,87.8,80.6,62.249,70.41128,78.7617
TJIG,9/8/2016,87.8,78.8,58.7818,74.05228,83.5503
TJIG,9/9/2016,87.8,78.8,66.3535,77.93789,83.5503
TJIG,9/10/2016,89.6,78.8,62.4672,78.52137,88.7482
TJIG,9/11/2016,87.8,80.6,66.3535,76.78781,83.7722
TJIG,9/12/2016,87.8,78.8,70.2674,76.93164,83.6618
TJIG,9/13/2016,87.8,78.8,66.3535,77.71506,88.7482
TJIG,9/14/2016,87.8,78.8,62.4672,74.975494,83.6618
TJIG,9/15/2016,87.8,80.6,62.4672,72.11567,78.7617
TJIG,9/16/2016,87.8,78.8,58.7818,73.190155,83.5503
TJIG,9/17/2016,87.8,78.8,62.249,72.17643,78.621
TJIG,9/18/2016,87.8,78.8,55.2883,78.04791,88.7482
TJIG,9/19/2016,87.8,80.6,66.1518,76.203636,83.6618
TJIG,9/20/2016,86,78.8,58.5495,80.25894,88.7482
TJIG,9/21/2016,87.8,77,66.1518,81.84084,94.1853
TJIG,9/22/2016,87.8,77,70.2674,81.77916,94.1853
TJIG,9/23/2016,91.4,80.6,62.4672,71.145,78.7617
TJIG,9/24/2016,87.8,80.6,66.3535,77.317215,83.7722
TJIG,9/25/2016,87.8,80.6,62.4672,73.534096,83.6618
TJIG,9/26/2016,87.8,80.6,66.1518,74.81647,83.6618
TJIG,9/27/2016,87.8,80.6,74.6054,81.529594,88.8267
TJIG,9/28/2016,87.8,82.4,66.3535,75.66383,83.7722
TJIG,9/29/2016,87.8,78.8,66.3535,72.318214,88.7482
TJIG,9/30/2016,86,78.8,66.1518,73.18504,83.6618
TJIG,10/1/2016,86,78.8,66.1518,76.17306,83.6618
TJIG,10/2/2016,86,77,65.9485,76.46174,83.4376
TJIG,10/3/2016,86,80.6,58.5495,76.95043,83.7722
TJIG,10/4/2016,87.8,80.6,66.1518,79.37787,83.7722
TJIG,10/5/2016,87.8,82.4,55.0443,75.25968,83.7722
TJIG,10/6/2016,89.6,82.4,55.5308,74.86535,83.7722
TJIG,10/7/2016,87.8,80.6,66.3535,77.71032,83.7722
TJIG,10/8/2016,86,80.6,66.1518,75.81063,83.6618
TJIG,10/9/2016,89.6,78.8,55.5308,73.944435,83.7722
TJIG,10/10/2016,89.6,75.2,55.5308,75.56338,88.5888
TJIG,10/11/2016,89.6,78.8,62.6837,77.84519,88.7482
TJIG,10/12/2016,89.6,80.6,55.5308,74.70408,88.8267
TJIG,10/13/2016,87.8,80.6,66.3535,77.23366,83.7722
TJIG,10/14/2016,87.8,80.6,70.4499,78.84016,83.7722
TJIG,10/15/2016,87.8,78.8,62.4672,76.771805,88.7482
TJIG,10/16/2016,87.8,78.8,62.4672,73.20067,83.5503
TJIG,10/17/2016,89.6,78.8,52.2305,69.22548,83.5503
TJIG,10/18/2016,86,77,69.8975,80.61574,88.7482
TJIG,10/19/2016,86,75.2,70.2674,80.37262,88.5888
TJIG,10/20/2016,89.6,80.6,55.5308,73.77163,88.8267
TJIG,10/21/2016,91.4,80.6,52.4811,73.27378,88.8267
TJIG,10/22/2016,87.8,78.8,66.3535,78.28209,88.7482
TJIG,10/23/2016,86,78.8,70.2674,80.27674,88.7482
TJIG,10/24/2016,86,78.8,58.5495,81.05796,88.8267
TJIG,10/25/2016,84.2,77,74.4434,87.05991,94.1853
TJIG,10/26/2016,84.2,77,70.0832,82.43455,94.1853
TJIG,10/27/2016,86,78.8,66.1518,78.40361,88.7482
TJIG,10/28/2016,86,78.8,70.0832,80.41137,88.7482
TJIG,10/29/2016,87.8,78.8,70.2674,80.406075,88.7482
TJIG,10/30/2016,91.4,78.8,62.8986,80.023964,88.7482
TJIG,10/31/2016,87.8,77,62.4672,77.11418,83.5503
TJIG,11/1/2016,84.2,78.8,70.0832,79.66292,83.6618
TJIG,11/2/2016,86,75.2,65.9485,77.79511,88.6689
TJIG,11/3/2016,80.6,75.2,78.7617,87.96411,94.143
TJIG,11/4/2016,86,75.2,17.6131,77.90397,94.143
TJIG,11/5/2016,87.8,78.8,55.2883,67.65763,74.2799
TJIG,11/6/2016,86,78.8,66.1518,80.20066,88.7482
TJIG,11/7/2016,82.4,75.2,74.2799,80.803444,94.143
TJIG,11/8/2016,84.2,77,74.4434,85.59074,94.1853
TJIG,11/9/2016,86,75.2,70.2674,81.645676,88.5888
TJIG,11/10/2016,,,,,
TJIG,11/11/2016,86,77,66.1518,84.90737,94.1853
TJIG,11/12/2016,86,78.8,70.0832,80.83078,88.7482
TJIG,11/13/2016,86,78.8,74.4434,81.62805,88.7482
TJIG,11/14/2016,86,77,70.2674,79.22524,88.6689
TJIG,11/15/2016,86,77,66.1518,80.862526,88.6689
TJIG,11/16/2016,86,75.2,69.8975,82.426834,94.143
TJIG,11/17/2016,84.2,77,79.0392,87.21939,94.1853
TJIG,11/18/2016,82.4,77,74.2799,82.62752,88.6689
TJIG,11/19/2016,82.4,73.4,69.8975,83.20482,94.1002
TJIG,11/20/2016,82.4,75.2,74.2799,87.77726,94.143
TJIG,11/21/2016,78.8,75.2,83.5503,92.82623,94.1853
TJIG,11/22/2016,84.2,75.2,74.4434,91.32492,100
TJIG,11/23/2016,86,75.2,70.0832,82.586205,94.143
TJIG,11/24/2016,86,80.6,66.1518,76.03657,83.6618
TJIG,11/25/2016,86,78.8,65.9485,75.72464,83.5503
TJIG,11/26/2016,84.2,75.2,69.8975,83.09898,94.1853
TJIG,11/27/2016,86,77,55.0443,71.6225,78.4789
TJIG,11/28/2016,82.4,71.6,65.7435,82.82911,94.057
TJIG,11/29/2016,84.2,75.2,58.3156,74.09998,83.3239
TJIG,11/30/2016,82.4,75.2,74.2799,81.066536,88.7482
TJIG,12/1/2016,86,75.2,65.9485,81.92442,94.143
TJIG,12/2/2016,84.2,77,65.9485,82.03575,88.7482
TJIG,12/3/2016,84.2,77,70.0832,82.202034,88.7482
TJIG,12/4/2016,86,77,62.249,77.80499,88.6689
TJIG,12/5/2016,84.2,80.6,65.9485,77.73886,83.6618
TJIG,12/6/2016,84.2,77,65.9485,78.37758,88.6689
TJIG,12/7/2016,84.2,80.6,65.9485,69.26481,74.1149
TJIG,12/8/2016,84.2,78.8,58.315598,65.60543,69.7103
TJIG,12/9/2016,84.2,77,65.94849,79.45744,88.668915
TJIG,12/10/2016,84.2,77,70.0832,80.17447,88.6689
TJIG,12/11/2016,84.2,80.6,62.0291,69.952286,74.1149
TJIG,12/12/2016,84.2,78.8,62.0291,69.707085,78.7617
TJIG,12/13/2016,82.4,77,74.2799,81.51473,83.5503
TJIG,12/14/2016,84.2,77,58.3156,72.4262,83.4376
TJIG,12/15/2016,84.2,75.2,58.3156,73.93506,83.4376
TJIG,12/16/2016,84.2,75.2,65.9485,78.18541,88.5888
TJIG,12/17/2016,84.2,77,65.9485,80.57189,88.6689
TJIG,12/18/2016,84.2,80.6,19.7942,68.70807,74.1149
TJIG,12/19/2016,82.4,77,65.7435,72.353546,78.4789
TJIG,12/20/2016,82.4,75.2,65.7435,77.277176,83.3239
TJIG,12/21/2016,82.4,78.8,65.5369,69.03957,74.1149
TJIG,12/22/2016,84.2,75.2,58.08,70.74473,78.3355
TJIG,12/23/2016,84.2,75.2,65.9485,78.897766,88.6689
TJIG,12/24/2016,82.4,77,69.8975,78.972275,88.6689
TJIG,12/25/2016,82.4,78.8,65.7435,70.90543,74.1149
TJIG,12/26/2016,82.4,80.6,65.7435,69.59386,74.1149
TJIG,12/27/2016,82.4,78.8,65.7435,68.69602,73.9485
TJIG,12/28/2016,82.4,73.4,65.5369,77.17846,88.5078
TJIG,12/29/2016,82.4,78.8,65.5369,66.697845,74.1149
TJIG,12/30/2016,84.2,73.4,61.8076,75.7,88.5078
TJIG,12/31/2016,82.4,71.6,61.8076,78.47729,88.5888
TJIG,1/1/2017,82.4,78.8,61.8076,71.14455,73.9485
TJIG,1/2/2017,82.4,78.8,34.4145,68.38063,78.621
TJIG,1/3/2017,82.4,75.2,61.8076,74.45689,83.3239
TJIG,1/4/2017,82.4,71.6,51.2122,71.32599,88.426
TJIG,1/5/2017,86,73.4,54.5512,70.257866,78.3355
TJIG,1/6/2017,84.2,73.4,62.0291,74.864075,83.3239
TJIG,1/7/2017,84.2,77,61.8076,74.45211,78.621
TJIG,1/8/2017,82.4,75.2,61.8076,78.0061,88.5888
TJIG,1/9/2017,80.6,73.4,19.7942,76.60645,88.5078
TJIG,1/10/2017,82.4,73.4,61.8076,79.201965,88.5078
TJIG,1/11/2017,80.6,73.4,61.3594,75.03356,88.5078
TJIG,1/12/2017,78.8,73.4,47.5203,59.154137,88.5078
TJIG,1/13/2017,80.6,77,57.8427,66.52371,73.7806
TJIG,1/14/2017,80.6,71.6,65.3286,73.104645,88.426
TJIG,1/15/2017,80.6,77,57.6037,66.29409,69.5214
TJIG,1/16/2017,80.6,77,54.3022,60.155342,65.3286
TJIG,1/17/2017,80.6,71.6,57.8427,76.11499,88.426
TJIG,1/18/2017,80.6,75.2,57.6037,66.41713,73.6111
TJIG,1/19/2017,78.8,66.2,54.0515,68.897644,82.738
TJIG,1/20/2017,80.6,68,57.8427,73.0013,82.8575
TJIG,1/21/2017,78.8,69.8,61.3594,75.53323,88.3433
TJIG,1/22/2017,80.6,71.6,54.3022,71.65897,83.209
TJIG,1/23/2017,82.4,73.4,45.0687,66.074104,78.1907
TJIG,1/24/2017,86,73.4,48.582,65.195244,78.3355
TJIG,1/25/2017,82.4,73.4,61.8076,75.09835,83.209
TJIG,1/26/2017,82.4,73.4,45.0687,61.2192,73.4401
TJIG,1/27/2017,80.6,71.6,61.5844,74.83274,83.093
TJIG,1/28/2017,82.4,73.4,65.3286,77.24984,83.3239
TJIG,1/29/2017,82.4,75.2,61.8076,74.894615,83.4376
TJIG,1/30/2017,80.6,75.2,69.7103,77.71178,83.3239
TJIG,1/31/2017,82.4,73.4,65.7435,78.69003,88.5078
TJIG,2/1/2017,82.4,75.2,69.5214,79.20881,88.5888
TJIG,2/2/2017,82.4,77,69.7103,74.24565,78.621
TJIG,2/3/2017,82.4,75.2,69.7103,76.54649,83.3239
TJIG,2/4/2017,80.6,73.4,69.7103,80.541115,88.5078
TJIG,2/5/2017,80.6,75.2,65.5369,75.79433,83.4376
TJIG,2/6/2017,82.4,75.2,69.8975,78.910675,83.3239
TJIG,2/7/2017,84.2,75.2,58.3156,73.51205,83.3239
TJIG,2/8/2017,84.2,75.2,54.5512,70.70242,83.3239
TJIG,2/9/2017,86,75.2,48.582,70.184784,78.4789
TJIG,2/10/2017,82.4,73.4,65.7435,77.23517,88.5078
TJIG,2/11/2017,82.4,75.2,58.08,67.04604,78.3355
TJIG,2/12/2017,80.6,73.4,61.5844,75.10449,83.209
TJIG,2/13/2017,80.6,73.4,61.5844,78.44279,88.5078
TJIG,2/14/2017,80.6,71.6,61.5844,74.556,88.426
TJIG,2/15/2017,82.4,71.6,54.3022,69.75862,83.093
TJIG,2/16/2017,82.4,71.6,58.08,72.77619,83.209
TJIG,2/17/2017,82.4,71.6,58.08,71.60886,83.209
TJIG,2/18/2017,80.6,71.6,57.8427,72.889,83.209
TJIG,2/19/2017,78.8,73.4,69.5214,78.3497,88.5078
TJIG,2/20/2017,82.4,71.6,58.08,75.97881,88.426
TJIG,2/21/2017,78.8,73.4,57.3629,61.739964,78.1907
TJIG,2/22/2017,78.8,71.6,61.3594,69.89912,78.3355
TJIG,2/23/2017,78.8,73.4,69.5214,79.239586,83.4376
TJIG,2/24/2017,86,73.4,45.6083,68.54846,88.5078
TJIG,2/25/2017,82.4,71.6,61.5844,74.31744,83.093
TJIG,2/26/2017,82.4,73.4,65.5369,74.716446,83.209
TJIG,2/27/2017,82.4,73.4,65.7435,79.94772,94.1002
TJIG,2/28/2017,82.4,75.2,69.5214,75.87781,83.3239
TJIG,3/1/2017,82.4,78.8,65.5369,69.70392,73.9485
TJIG,3/2/2017,82.4,77,65.5369,70.7277,73.9485
TJIG,3/3/2017,82.4,73.4,57.8427,73.32532,83.3239
TJIG,3/4/2017,82.4,73.4,61.8076,76.834755,88.5078
TJIG,3/5/2017,82.4,73.4,54.5512,72.82728,83.209045
TJIG,3/6/2017,77,71.6,73.7806,81.15926,88.5078
TJIG,3/7/2017,77,71.6,65.1185,76.424805,83.209
TJIG,3/8/2017,80.6,75.2,54.0515,55.526375,69.1387
TJIG,3/9/2017,78.8,77,69.5214,70.690765,78.4789
TJIG,3/10/2017,80.6,73.4,57.8427,76.931725,88.5078
TJIG,3/11/2017,80.6,71.6,69.5214,77.59874,88.5078
TJIG,3/12/2017,82.4,75.2,61.8076,75.00744,83.3239
TJIG,3/13/2017,82.4,75.2,61.5844,69.79724,73.7806
TJIG,3/14/2017,82.4,75.2,65.5369,72.17479,78.3355
TJIG,3/15/2017,80.6,73.4,61.5844,73.8079,83.209
TJIG,3/16/2017,82.4,75.2,61.5844,71.598366,78.3355
TJIG,3/17/2017,80.6,75.2,61.58435,70.60605,78.3355
TJIG,3/18/2017,80.6,77,65.5369,73.82879,78.4789
TJIG,3/19/2017,80.6,71.6,65.5369,79.19918,88.426
TJIG,3/20/2017,80.6,73.4,69.5214,79.048164,88.5078
TJIG,3/21/2017,82.4,73.4,69.7103,81.395004,88.5888
TJIG,3/22/2017,86,73.4,51.7246,74.345406,88.5888
TJIG,3/23/2017,80.6,73.4,73.9485,83.34416,94.1002
TJIG,3/24/2017,80.6,73.4,73.9485,82.17985,88.5078
TJIG,3/25/2017,80.6,73.4,65.5369,74.42246,78.4789
TJIG,3/26/2017,86,73.4,58.5495,76.83577,88.5078
TJIG,3/27/2017,84.2,75.2,65.7435,78.06738,88.5888
TJIG,3/28/2017,82.4,75.2,65.7435,79.28505,94.143
TJIG,3/29/2017,80.6,73.4,69.7103,78.99348,88.5888
TJIG,3/30/2017,82.4,77,61.5844,67.18527,73.7806
TJIG,3/31/2017,82.4,73.4,57.8427,67.98927,78.1907
TJIG,4/1/2017,82.4,75.2,61.3594,76.06021,83.3239
TJIG,4/2/2017,84.2,75.2,69.8975,79.823715,88.5888
TJIG,4/3/2017,82.4,78.8,65.7435,72.242256,78.621
TJIG,4/4/2017,82.4,77,61.5844,67.56464,73.7806
TJIG,4/5/2017,82.4,75.2,58.08,69.21663,78.3355
TJIG,4/6/2017,82.4,75.2,61.8076,70.33958,74.1149
TJIG,4/7/2017,82.4,75.2,61.8076,69.47289,78.621
TJIG,4/8/2017,86,75.2,55.0443,71.54475,78.3355
TJIG,4/9/2017,82.4,77,69.7103,75.0821,78.621
TJIG,4/10/2017,82.4,75.2,74.1149,80.99732,83.5503
TJIG,4/11/2017,84.2,73.4,54.5512,73.86966,83.209
TJIG,4/12/2017,84.2,73.4,61.8076,81.50036,94.1002
TJIG,4/13/2017,80.6,73.4,65.5369,81.479485,88.5888
TJIG,4/14/2017,82.4,73.4,61.8076,78.294945,88.5078
TJIG,4/15/2017,80.6,73.4,69.5214,75.79969,83.3239
TJIG,4/16/2017,84.2,75.2,65.7435,75.48237,83.4376
TJIG,4/17/2017,80.6,73.4,25.1317,84.93235,94.1002
TJIG,4/18/2017,80.6,78.8,65.3286,67.58536,69.5214
TJIG,4/19/2017,80.6,75.2,61.3594,68.34648,73.7806
TJIG,4/20/2017,82.4,73.4,61.58435,69.98776,78.1907
TJIG,4/21/2017,82.4,75.2,58.08,69.83264,78.3355
TJIG,4/22/2017,80.6,75.2,57.8427,68.04035,73.9485
TJIG,4/23/2017,84.2,75.2,54.7986,70.483215,88.6689
TJIG,4/24/2017,84.2,77,65.9485,77.38522,88.6689
TJIG,4/25/2017,86,78.8,62.249,78.010826,83.5503
TJIG,4/26/2017,84.2,75.2,70.0832,80.43237,88.6689
TJIG,4/27/2017,82.4,78.8,65.7435,71.404854,78.7617
TJIG,4/28/2017,82.4,78.8,69.7103,75.81585,83.5503
TJIG,4/29/2017,80.6,75.2,74.1149,83.19539,88.6689
TJIG,4/30/2017,78.8,78.8,,,
TJIG,5/1/2017,80.6,73.4,74.1149,82.438126,88.5888
TJIG,5/2/2017,80.6,78.8,69.7103,73.36396,74.1149
TJIG,5/3/2017,82.4,75.2,69.8975,80.21684,88.5888
TJIG,5/4/2017,84.2,82.4,74.4434,76.999146,78.9011
TJIG,5/5/2017,84.2,80.6,69.8975,74.2047,74.4434
TJIG,5/6/2017,84.2,77,58.3156,73.57936,83.4376
TJIG,5/7/2017,84.2,77,65.9485,74.36906,78.7617
TJIG,5/8/2017,82.4,78.8,69.7103,75.37911,83.5503
TJIG,5/9/2017,82.4,75.2,69.7103,83.73656,88.6689
TJIG,5/10/2017,82.4,77,69.8975,80.63028,88.6689
TJIG,5/11/2017,82.4,75.2,69.7103,80.05148,88.6689
TJIG,5/12/2017,82.4,75.2,65.7435,77.34958,88.5888
TJIG,5/13/2017,84.2,77,65.9485,77.14277,83.6618
TJIG,5/14/2017,86,78.8,65.9485,76.91481,83.5503
TJIG,5/15/2017,87.8,80.6,55.2883,72.00987,83.6618
TJIG,5/16/2017,89.6,80.6,52.2305,65.164345,74.1149
TJIG,5/17/2017,86,80.6,66.1518,76.38896,83.6618
TJIG,5/18/2017,84.2,80.6,74.2799,77.86037,78.9011
TJIG,5/19/2017,84.2,78.8,69.8975,75.87487,78.7617
TJIG,5/20/2017,84.2,80.6,65.9485,72.03579,74.2799
TJIG,5/21/2017,84.2,80.6,70.0832,75.74127,83.6618
TJIG,5/22/2017,84.2,78.8,74.4434,79.25602,83.6618
TJIG,5/23/2017,86,78.8,70.2674,78.53511,83.7722
TJIG,5/24/2017,87.8,80.6,55.2883,70.67703,78.7617
TJIG,5/25/2017,84.2,80.6,70.0832,75.038704,78.9011
TJIG,5/26/2017,84.2,77,70.0832,78.51426,83.6618
TJIG,5/27/2017,84.2,77,70.0832,79.0858,88.6689
TJIG,5/28/2017,84.2,77,65.9485,75.89049,83.4376
TJIG,5/29/2017,84.2,77,70.0832,83.05981,88.6689
TJIG,5/30/2017,84.2,78.8,69.8975,81.41553,83.7722
TJIG,5/31/2017,84.2,77,70.0832,79.38137,88.6689
TJIG,6/1/2017,84.2,80.6,58.3156,66.89766,69.8975
TJIG,6/2/2017,84.2,75.2,69.8975,77.04089,88.5888
TJIG,6/3/2017,84.2,78.8,70.0832,79.033516,83.7722
TJIG,6/4/2017,86,80.6,74.4434,79.99517,83.8815
TJIG,6/5/2017,87.8,80.6,62.4672,74.92885,83.6618
TJIG,6/6/2017,86,80.6,66.1518,72.028755,74.4434
TJIG,6/7/2017,86,80.6,65.9485,73.38883,78.7617
TJIG,6/8/2017,84.2,78.8,65.9485,78.92293,83.6618
TJIG,6/9/2017,86,78.8,66.1518,77.65167,88.7482
TJIG,6/10/2017,84.2,78.8,65.9485,77.28938,88.7482
TJIG,6/11/2017,84.2,82.4,65.9485,68.83941,70.0832
TJIG,6/12/2017,86,77,65.7435,72.73535,78.4789
TJIG,6/13/2017,86,78.8,69.8975,75.339005,78.9011
TJIG,6/14/2017,86,80.6,74.2799,79.05627,83.6618
TJIG,6/15/2017,86,80.6,58.5495,75.424446,83.6618
TJIG,6/16/2017,86,80.6,65.9485,72.81871,78.7617
TJIG,6/17/2017,84.2,78.8,65.9485,73.82403,78.621
TJIG,6/18/2017,86,78.8,65.9485,73.04569,78.621
TJIG,6/19/2017,86,75.2,66.1518,81.05128,94.143
TJIG,6/20/2017,86,78.8,70.2674,81.60666,88.7482
TJIG,6/21/2017,84.2,80.6,65.9485,72.86396,78.7617
TJIG,6/22/2017,86,82.4,65.9485,68.27474,70.0832
TJIG,6/23/2017,86,78.8,62.0291,71.676605,78.7617
TJIG,6/24/2017,84.2,80.6,70.0832,74.78423,78.9011
TJIG,6/25/2017,84.2,80.6,74.4434,76.70661,79.0392
TJIG,6/26/2017,86,80.6,70.2674,78.3478,83.6618
TJIG,6/27/2017,86,82.4,70.2674,75.86821,78.9011
TJIG,6/28/2017,86,80.6,66.1518,75.2108,78.9011
TJIG,6/29/2017,86,80.6,65.9485,73.09589,83.6618
TJIG,6/30/2017,84.2,78.8,70.0832,80.17792,83.6618
TJIG,7/1/2017,86,78.8,66.1518,76.16605,83.5503
TJIG,7/2/2017,86,80.6,66.1518,74.700745,78.90113
TJIG,7/3/2017,86,78.8,66.1518,79.93136,88.74824
TJIG,7/4/2017,86,77,70.26737,78.820076,88.668915
TJIG,7/5/2017,87.8,78.8,58.781776,79.84071,94.22723
TJIG,7/6/2017,86,80.6,66.1518,74.46063,78.90113
TJIG,7/7/2017,84.2,77,74.44338,84.10247,88.74824
TJIG,7/8/2017,86,77,70.26737,81.560646,88.74824
TJIG,7/9/2017,86,77,74.6054,85.93841,94.18534
TJIG,7/10/2017,87.8,80.6,58.781776,72.82417,78.76171
TJIG,7/11/2017,87.8,80.6,69.8975,74.22346,78.76171
TJIG,7/12/2017,84.2,78.8,70.0832,79.25381,83.5503
TJIG,7/13/2017,86,77,66.1518,79.2117,88.668915
TJIG,7/14/2017,87.8,80.6,66.3535,77.51129,83.7722
TJIG,7/15/2017,86,78.8,74.44338,81.2772,88.74824
TJIG,7/16/2017,86,80.6,70.26737,77.43899,83.6618
TJIG,7/17/2017,87.8,75.2,70.26737,80.24687,94.14301
TJIG,7/18/2017,86,78.8,74.44338,81.890114,88.74824
TJIG,7/19/2017,87.8,82.4,66.1518,73.44057,78.90113
TJIG,7/20/2017,86,80.6,66.1518,74.69689,83.6618
TJIG,7/21/2017,86,78.8,70.26737,74.4794,83.7722
TJIG,7/22/2017,86,82.4,74.44338,78.49685,83.88154
TJIG,7/23/2017,87.8,80.6,70.4499,80.8058,88.826744
TJIG,7/24/2017,86,82.4,70.0832,75.7152,79.039246
TJIG,7/25/2017,86,82.4,70.26737,75.41991,79.039246
TJIG,7/26/2017,86,78.8,70.26737,81.624306,88.74824
TJIG,7/27/2017,87.8,78.8,70.4499,80.39325,88.74824
TJIG,7/28/2017,87.8,78.8,66.1518,77.48046,83.88154
TJIG,7/29/2017,87.8,80.6,66.1518,76.05171,83.6618
TJIG,7/30/2017,87.8,78.8,62.249,72.86966,83.5503
TJIG,7/31/2017,87.8,78.8,66.3535,77.30442,83.5503
TJIG,8/1/2017,87.8,82.4,70.4499,76.41678,79.0392
TJIG,8/2/2017,86,82.4,66.1518,74.16556,88.9044
TJIG,8/3/2017,87.8,82.4,70.4499,77.96802,83.7722
TJIG,8/4/2017,86,78.8,74.6054,83.19494,88.9044
TJIG,8/5/2017,86,80.6,70.2674,80.24739,88.8267
TJIG,8/6/2017,87.8,78.8,62.4672,74.91089,83.5503
TJIG,8/7/2017,87.8,78.8,66.1518,76.381096,83.5503
TJIG,8/8/2017,89.6,80.6,58.5495,65.58057,74.4434
TJIG,8/9/2017,87.8,82.4,66.3535,71.80375,74.4434
TJIG,8/10/2017,87.8,80.6,62.249,74.095276,83.6618
TJIG,8/11/2017,89.6,77,66.5536,79.52064,88.7482
TJIG,8/12/2017,91.4,80.6,55.5308,71.96459,83.6618
TJIG,8/13/2017,87.8,80.6,70.2674,76.165054,83.6618
TJIG,8/14/2017,87.8,82.4,62.4672,74.63998,79.0392
TJIG,8/15/2017,87.8,80.6,66.3535,77.80896,88.8267
TJIG,8/16/2017,87.8,77,66.3535,76.45645,88.6689
TJIG,8/17/2017,84.2,75.2,78.9011,88.9537,94.1853
TJIG,8/18/2017,87.8,80.6,62.4672,74.76934,83.6618
TJIG,8/19/2017,87.8,78.8,70.0832,83.74165,88.9044
TJIG,8/20/2017,86,77,74.1149,87.09964,94.2272
TJIG,8/21/2017,87.8,78.8,66.1518,78.99755,88.8267
TJIG,8/22/2017,87.8,80.6,66.3535,76.79049,83.7722
TJIG,8/23/2017,87.8,80.6,66.3535,75.924194,83.6618
TJIG,8/24/2017,87.8,78.8,66.1518,77.80693,83.8815
TJIG,8/25/2017,87.8,82.4,66.1518,79.762665,88.9044
TJIG,8/26/2017,87.8,80.6,66.3535,75.98149,83.7722
TJIG,8/27/2017,87.8,77,58.7818,81.2418,88.6689
TJIG,8/28/2017,87.8,78.8,66.3535,79.10734,88.7482
TJIG,8/29/2017,89.6,80.6,58.7818,76.379715,88.8267
TJIG,8/30/2017,87.8,80.6,66.3535,75.050156,83.6618
TJIG,8/31/2017,87.8,80.6,62.4672,74.38451,83.6618
TJIG,9/1/2017,87.8,80.6,62.4672,72.17889,79.0392
TJIG,9/2/2017,87.8,80.6,66.3535,73.84056,83.6618
TJIG,9/3/2017,87.8,78.8,70.4499,83.219536,88.9044
TJIG,9/4/2017,87.8,78.8,70.2674,80.00599,88.7482
TJIG,9/5/2017,87.8,80.6,70.4499,81.49975,88.8267
TJIG,9/6/2017,84.2,73.4,78.9011,81.845924,94.1002
TJIG,9/7/2017,87.8,78.8,66.3535,77.05308,83.6618
TJIG,9/8/2017,87.8,80.6,62.4672,77.638756,88.8267
TJIG,9/9/2017,86,80.6,70.2674,77.42397,83.6618
TJIG,9/10/2017,91.4,80.6,49.362175,66.02295,74.114944
TJIG,9/11/2017,89.6,82.4,66.5536,76.956825,83.7722
TJIG,9/12/2017,91.4,80.6,49.3622,68.5301,78.7617
TJIG,9/13/2017,89.6,80.6,59.012367,77.04002,83.8815
TJIG,9/14/2017,87.8,80.6,66.3535,78.732635,88.9044
TJIG,9/15/2017,87.8,80.6,58.7818,71.39801,78.7617
TJIG,9/16/2017,87.8,80.6,66.3535,73.47529,79.0392
TJIG,9/17/2017,87.8,80.6,65.94849,77.949524,83.8815
TJIG,9/18/2017,87.8,78.8,70.4499,82.187294,94.2272
TJIG,9/19/2017,87.8,82.4,70.26737,76.8097,79.0392
TJIG,9/20/2017,,,,,
TJIG,9/21/2017,,,,,
TJIG,9/22/2017,,,,,
TJIG,9/23/2017,,,,,
TJIG,9/24/2017,,,,,
TJIG,9/25/2017,,,,,
TJIG,9/26/2017,,,,,
TJIG,9/27/2017,86,80.6,61.5844,79.2545,83.7722
TJIG,9/28/2017,86,80.6,70.0832,75.726746,83.7722
TJIG,9/29/2017,86,78.8,69.8975,79.34835,88.7482
TJIG,9/30/2017,82.4,75.2,69.8975,78.10966,88.7482
TJIG,10/1/2017,84.2,77,74.2799,80.4041,83.7722
TJIG,10/2/2017,86,80.6,70.2674,76.38704,78.9011
TJIG,10/3/2017,86,78.8,66.1518,75.259155,88.7482
TJIG,10/4/2017,86,78.8,70.0832,77.69887,83.5503
TJIG,10/5/2017,89.6,80.6,55.5308,74.323326,83.6618
TJIG,10/6/2017,87.8,78.8,65.9485,75.94755,88.7482
TJIG,10/7/2017,86,78.8,65.9485,77.31297,83.5503
TJIG,10/8/2017,86,75.2,70.0832,82.1646,94.14301
TJIG,10/9/2017,84.2,77,70.0832,84.92715,94.1853
TJIG,10/10/2017,86,75.2,65.9485,84.631836,100
TJIG,10/11/2017,87.8,78.8,62.4672,79.57162,88.7482
TJIG,10/12/2017,86,80.6,74.6054,82.61404,88.8267
TJIG,10/13/2017,86,80.6,70.2674,78.025215,88.8267
TJIG,10/14/2017,86,82.4,70.2674,78.45822,83.7722
TJIG,10/15/2017,87.8,77,58.7818,81.88381,94.2272
TJIG,10/16/2017,82.4,75.2,78.9011,88.70071,100
TJIG,10/17/2017,87.8,78.8,62.4672,81.86354,88.7482
TJIG,10/18/2017,86,78.8,62.249,74.45774,83.5503
TJIG,10/19/2017,86,82.4,62.249,70.423004,74.2799
TJIG,10/20/2017,86,80.6,62.249,72.352325,78.7617
TJIG,10/21/2017,86,80.6,,,
TJIG,10/22/2017,86,82.4,66.1518,69.63929,70.083244
TJIG,10/23/2017,,,,,
TJIG,10/24/2017,82.4,78.8,,,
TJIG,10/25/2017,87.8,86,,,
TJIG,10/26/2017,78.8,78.8,,,
TJIG,10/27/2017,82.4,80.6,,,
TJIG,10/28/2017,,,,,
TJIG,10/29/2017,,,,,
TJIG,10/30/2017,,,,,
TJIG,10/31/2017,,,,,
TJIG,11/1/2017,78.8,78.8,,,
TJIG,11/2/2017,,,,,
TJIG,11/3/2017,,,,,
TJIG,11/4/2017,,,,,
TJIG,11/5/2017,,,,,
TJIG,11/6/2017,,,,,
TJIG,11/7/2017,,,,,
TJIG,11/8/2017,82.4,75.2,74.1149,83.45607,94.143
TJIG,11/9/2017,,,,,
TJIG,11/10/2017,,,,,
TJIG,11/11/2017,,,,,
TJIG,11/12/2017,,,,,
TJIG,11/13/2017,,,,,
TJIG,11/14/2017,,,,,
TJIG,11/15/2017,,,,,
TJIG,11/16/2017,,,,,
TJIG,11/17/2017,,,,,
TJIG,11/18/2017,,,,,
TJIG,11/19/2017,,,,,
TJIG,11/20/2017,,,,,
TJIG,11/21/2017,,,,,
TJIG,11/22/2017,,,,,
TJIG,11/23/2017,,,,,
TJIG,11/24/2017,,,,,
TJIG,11/25/2017,,,,,
TJIG,11/26/2017,,,,,
TJIG,11/27/2017,,,,,
TJIG,11/28/2017,,,,,
TJIG,11/29/2017,,,,,
TJIG,11/30/2017,,,,,
TJIG,12/1/2017,,,,,
TJIG,12/2/2017,,,,,
TJIG,12/3/2017,,,,,
TJIG,12/4/2017,,,,,
TJIG,12/5/2017,,,,,
TJIG,12/6/2017,,,,,
TJIG,12/7/2017,,,,,
TJIG,12/8/2017,,,,,
TJIG,12/9/2017,,,,,
TJIG,12/10/2017,,,,,
TJIG,12/11/2017,,,,,
TJIG,12/12/2017,84.2,80.6,58.3156,67.954506,69.8975
TJIG,12/13/2017,84.2,77,65.9485,77.36826,83.4376
TJIG,12/14/2017,84.2,75.2,62.0291,78.69624,88.5888
TJIG,12/15/2017,80.6,80.6,,,
TJIG,12/16/2017,,,,,
TJIG,12/17/2017,84.2,77,65.9485,69.47195,83.4376
TJIG,12/18/2017,82.4,75.2,69.7103,77.61573,88.5888
TJIG,12/19/2017,84.2,78.8,65.9485,72.34607,74.1149
TJIG,12/20/2017,82.4,77,65.7435,73.70963,83.4376
TJIG,12/21/2017,82.4,78.8,65.7435,69.73992,74.1149
TJIG,12/22/2017,84.2,77,65.9485,76.961044,83.4376
TJIG,12/23/2017,82.4,75.2,61.5844,75.34554,88.5888
TJIG,12/24/2017,82.4,77,61.8076,74.23358,78.621
TJIG,12/25/2017,82.4,77,65.7435,73.21441,78.4789
TJIG,12/26/2017,82.4,77,65.7435,74.56029,78.621
TJIG,12/27/2017,80.6,73.4,65.5369,75.864746,83.3239
TJIG,12/28/2017,80.6,73.4,69.5214,81.35327,88.5888
TJIG,12/29/2017,93.2,73.4,43.8763,73.72212,88.5078
TJIG,12/30/2017,82.4,71.6,65.5369,74.823814,83.093
TJIG,12/31/2017,82.4,71.6,65.7435,81.20295,94.057
TJIG,1/1/2018,82.4,75.2,61.807594,74.92491,83.437645
TJIG,1/2/2018,82.4,73.4,54.30221,68.26661,78.19072
TJIG,1/3/2018,82.4,71.6,65.74351,75.56229,88.42599
TJIG,1/4/2018,86,75.2,58.315598,72.25771,88.588776
TJIG,1/5/2018,84.2,75.2,65.94849,79.53715,88.588776
TJIG,1/6/2018,82.4,75.2,69.897545,76.61542,83.32391
TJIG,1/7/2018,84.2,77,58.315598,72.02457,83.437645
TJIG,1/8/2018,82.4,77,58.079987,71.04197,78.47891
TJIG,1/9/2018,84.2,75.2,51.469208,73.52395,83.32391
TJIG,1/10/2018,82.4,75.2,69.897545,81.41817,88.588776
TJIG,1/11/2018,82.4,77,61.807594,75.971664,83.437645
TJIG,1/12/2018,82.4,77,65.536865,74.170746,78.62098
TJIG,1/13/2018,82.4,75.2,69.897545,81.4061,88.588776
TJIG,1/14/2018,82.4,73.4,69.71026,77.60242,88.507805
TJIG,1/15/2018,80.6,73.4,69.52137,80.607635,88.507805
TJIG,1/16/2018,82.4,73.4,69.897545,80.6411,88.588776
TJIG,1/17/2018,82.4,75.2,65.74351,79.34076,88.588776
TJIG,1/18/2018,82.4,73.4,69.897545,79.676865,88.507805
TJIG,1/19/2018,82.4,75.2,69.71026,80.503365,88.588776
TJIG,1/20/2018,82.4,75.2,65.74351,75.5204,83.32391
TJIG,1/21/2018,82.4,75.2,61.807594,74.57059,83.32391
TJIG,1/22/2018,82.4,73.4,65.74351,79.060356,88.588776
TJIG,1/23/2018,82.4,73.4,69.897545,80.15701,88.588776
TJIG,1/24/2018,82.4,75.2,65.74351,79.61429,88.588776
TJIG,1/25/2018,82.4,73.4,61.807594,75.876,88.507805
TJIG,1/26/2018,80.6,77,69.330864,71.17383,78.62098
TJIG,1/27/2018,80.6,73.4,69.330864,78.27711,88.588776
TJIG,1/28/2018,80.6,73.4,65.536865,77.65896,83.32391
TJIG,1/29/2018,80.6,77,57.842686,68.886284,73.9485
TJIG,1/30/2018,80.6,75.2,61.3594,69.01924,78.335495
TJIG,1/31/2018,80.6,71.6,47.788013,67.070854,83.09303
TJIG,2/1/2018,80.6,77,44.248478,51.663326,65.118546
TJIG,2/2/2018,80.6,75.2,61.58435,69.10751,73.9485
TJIG,2/3/2018,80.6,73.4,50.953636,66.2054,78.19072
TJIG,2/4/2018,80.6,71.6,64.90684,70.928856,88.42599
TJIG,2/5/2018,80.6,73.4,65.536865,72.08202,78.19072
TJIG,2/6/2018,80.6,75.2,65.536865,76.17079,83.437645
TJIG,2/7/2018,80.6,77,61.58435,68.325966,78.47891
TJIG,2/8/2018,80.6,75.2,65.536865,73.57273,83.32391
TJIG,2/9/2018,80.6,75.2,65.536865,76.20521,83.32391
TJIG,2/10/2018,80.6,77,65.536865,71.22553,73.9485
TJIG,2/11/2018,80.6,73.4,57.842686,71.58246,88.507805
TJIG,2/12/2018,80.6,73.4,57.603676,66.05591,88.507805
TJIG,2/13/2018,80.6,77,61.3594,68.27495,73.9485
TJIG,2/14/2018,80.6,77,61.58435,67.30329,73.9485
TJIG,2/15/2018,80.6,75.2,65.32855,69.781456,83.32391
TJIG,2/16/2018,80.6,73.4,61.58435,73.60616,88.507805
TJIG,2/17/2018,80.6,77,61.58435,67.24705,69.52137
TJIG,2/18/2018,80.6,71.6,61.58435,75.0017,83.09303
TJIG,2/19/2018,80.6,75.2,57.842686,65.689545,78.335495
TJIG,2/20/2018,80.6,77,61.58435,67.12568,73.780556
TJIG,2/21/2018,78.8,71.6,69.330864,74.878586,88.588776
TJIG,2/22/2018,80.6,75.2,65.1185,66.0321,78.335495
TJIG,2/23/2018,80.6,75.2,54.30221,64.469025,69.138725
TJIG,2/24/2018,80.6,69.8,65.32855,76.82411,88.34331
TJIG,2/25/2018,78.8,71.6,69.52137,80.413666,88.42599
TJIG,2/26/2018,80.6,71.6,61.58435,76.48705,88.42599
TJIG,2/27/2018,80.6,71.6,61.58435,77.8546,88.42599
TJIG,2/28/2018,80.6,71.6,65.536865,77.3102,88.42599
TJIG,3/1/2018,80.6,73.4,61.58435,70.97093,83.209045
TJIG,3/2/2018,80.6,71.6,65.536865,75.022865,83.09303
TJIG,3/3/2018,80.6,71.6,61.58435,75.54404,83.09303
TJIG,3/4/2018,77,69.8,57.362946,81.19761,94.01323
TJIG,3/5/2018,78.8,69.8,57.362946,67.76972,88.34331
TJIG,3/6/2018,78.8,71.6,54.051514,63.85211,78.04456
TJIG,3/7/2018,78.8,69.8,57.603676,67.03889,77.89702
TJIG,3/8/2018,84.2,73.4,58.315598,72.08461,78.19072
TJIG,3/9/2018,86,77,51.724586,67.53582,78.47891
TJIG,3/10/2018,82.4,77,69.897545,78.49894,83.437645
TJIG,3/11/2018,84.2,77,48.318848,67.61233,78.47891
TJIG,3/12/2018,82.4,75.2,54.551235,69.44037,83.32391
TJIG,3/13/2018,86,75.2,45.60833,67.86785,83.32391
TJIG,3/14/2018,86,75.2,51.469208,68.59048,83.32391
TJIG,3/15/2018,82.4,75.2,54.551235,73.75231,83.437645
TJIG,3/16/2018,86,73.4,42.795868,65.228,78.19072
TJIG,3/17/2018,82.4,75.2,65.74351,76.151825,83.32391
TJIG,3/18/2018,82.4,75.2,61.58435,74.671295,83.32391
TJIG,3/19/2018,82.4,73.4,61.807594,75.22559,83.209045
TJIG,3/20/2018,82.4,75.2,58.079987,70.88883,78.335495
TJIG,3/21/2018,82.4,75.2,65.536865,74.54643,78.335495
TJIG,3/22/2018,84.2,77,62.02914,73.75648,78.76171
TJIG,3/23/2018,84.2,77,61.807594,74.59052,83.437645
TJIG,3/24/2018,80.6,75.2,69.52137,77.96268,83.32391
TJIG,3/25/2018,80.6,71.6,69.71026,84.34369,94.10022
TJIG,3/26/2018,82.4,73.4,65.536865,77.45849,88.588776
TJIG,3/27/2018,80.6,73.4,69.71026,81.23638,88.588776
TJIG,3/28/2018,80.6,77,61.58435,69.613754,73.780556
TJIG,3/29/2018,78.8,75.2,54.051514,59.674168,64.90684
TJIG,3/30/2018,80.6,75.2,50.953636,58.12649,64.90684
TJIG,3/31/2018,80.6,73.4,57.842686,68.18129,73.780556
TJIG,4/1/2018,80.6,73.4,61.58435,73.65106,83.209045
TJIG,4/2/2018,84.2,75.2,54.798595,71.06318,78.335495
TJIG,4/3/2018,80.6,75.2,65.536865,70.8615,73.9485
TJIG,4/4/2018,82.4,69.8,69.71026,83.44616,100
TJIG,4/5/2018,82.4,75.2,69.897545,77.05534,83.32391
TJIG,4/6/2018,82.4,75.2,65.74351,75.35314,83.32391
TJIG,4/7/2018,82.4,75.2,69.71026,77.99847,88.588776
TJIG,4/8/2018,84.2,75.2,58.315598,75.27222,83.32391
TJIG,4/9/2018,84.2,77,61.807594,72.47574,78.47891
TJIG,4/10/2018,82.4,78.8,61.807594,71.89146,78.62098
TJIG,4/11/2018,82.4,73.4,61.807594,76.31626,88.507805
TJIG,4/12/2018,82.4,75.2,65.74351,75.631546,83.32391
TJIG,4/13/2018,82.4,77,54.551235,71.27293,78.47891
TJIG,4/14/2018,80.6,75.2,65.118546,72.89152,88.588776
TJIG,4/15/2018,82.4,75.2,61.58435,70.5251,78.335495
TJIG,4/16/2018,82.4,75.2,69.71026,77.69741,83.437645
TJIG,4/17/2018,80.6,73.4,73.9485,82.03879,88.588776
TJIG,4/18/2018,82.4,77,61.807594,76.809425,83.437645
TJIG,4/19/2018,84.2,77,58.079987,71.53334,78.47891
TJIG,4/20/2018,80.6,77,69.71026,77.9448,83.437645
TJIG,4/21/2018,82.4,75.2,65.536865,81.569016,94.14301
TJIG,4/22/2018,82.4,77,61.807594,69.73509,73.9485
TJIG,4/23/2018,80.6,75.2,73.9485,81.42875,88.668915
TJIG,4/24/2018,82.4,77,61.807594,71.67786,78.47891
TJIG,4/25/2018,86,75.2,42.795868,71.02679,83.32391
TJIG,4/26/2018,82.4,78.8,65.74351,75.74932,78.7617
TJIG,4/27/2018,82.4,78.8,61.58435,71.00805,74.114944
TJIG,4/28/2018,84.2,77,61.807594,69.59345,74.114944
TJIG,4/29/2018,84.2,77,58.315598,69.320435,73.780556
TJIG,4/30/2018,82.4,78.8,61.58435,67.90751,73.9485
TJIG,5/1/2018,82.4,77,65.536865,73.19865,78.76171
TJIG,5/2/2018,84.2,77,58.315598,70.65408,78.47891
TJIG,5/3/2018,82.4,75.2,61.807594,76.72142,83.5503
TJIG,5/4/2018,86,75.2,55.044296,75.65216,83.55026
TJIG,5/5/2018,84.2,78.8,65.74351,73.72253,78.62098
TJIG,5/6/2018,82.4,75.2,65.536865,75.86524,88.588776
TJIG,5/7/2018,82.4,77,61.807594,71.49622,78.47891
TJIG,5/8/2018,82.4,75.2,61.807594,71.7323,78.335495
TJIG,5/9/2018,82.4,75.2,65.74351,76.092415,88.588776
TJIG,5/10/2018,82.4,77,58.079987,68.52181,73.780556
TJIG,5/11/2018,77,77,,,
TJIG,5/12/2018,,,,,
TJIG,5/13/2018,,,,,
TJIG,5/14/2018,,,,,
TJIG,5/15/2018,82.4,78.8,61.3594,65.281075,65.74351
TJIG,5/16/2018,82.4,77,61.807594,70.18279,73.780556
TJIG,5/17/2018,84.2,77,65.74351,71.71351,78.47891
TJIG,5/18/2018,82.4,78.8,61.807594,69.6225,73.9485
TJIG,5/19/2018,82.4,77,69.897545,79.004814,83.437645
TJIG,5/20/2018,82.4,77,69.897545,77.56506,83.437645
TJIG,5/21/2018,82.4,73.4,69.897545,76.04929,83.209045
TJIG,5/22/2018,82.4,77,65.74351,77.06307,83.437645
TJIG,5/23/2018,82.4,78.8,69.71026,75.25358,78.76171
TJIG,5/24/2018,84.2,78.8,69.897545,75.18221,78.76171
TJIG,5/25/2018,80.6,73.4,73.9485,82.79031,94.10022
TJIG,5/26/2018,82.4,77,69.897545,77.827736,83.55026
TJIG,5/27/2018,82.4,77,,,
TJIG,5/28/2018,,,,,
TJIG,5/29/2018,,,,,
TJIG,5/30/2018,82.4,82.4,,,
TJIG,5/31/2018,84.2,78.8,69.897545,74.54253,78.76171
TJIG,6/1/2018,84.2,78.8,65.94849,72.7552,78.62098
TJIG,6/2/2018,87.8,78.8,55.28835,73.16899,83.55026
TJIG,6/3/2018,86,78.8,55.044296,71.27216,78.62098
TJIG,6/4/2018,84.2,78.8,65.94849,70.9332,78.62098
TJIG,6/5/2018,86,78.8,62.02914,68.252846,74.2799
TJIG,6/6/2018,84.2,80.6,69.897545,73.87164,79.039246
TJIG,6/7/2018,86,80.6,65.94849,74.095474,78.90113
TJIG,6/8/2018,84.2,71.6,65.94849,72.543465,83.5503
TJIG,6/9/2018,84.2,77,65.94849,74.31313,83.437645
TJIG,6/10/2018,84.2,78.8,65.94849,74.35714,78.90113
TJIG,6/11/2018,86,80.6,62.249004,72.389565,78.76171
TJIG,6/12/2018,86,80.6,66.15182,74.20238,78.76171
TJIG,6/13/2018,86,80.6,70.083244,75.62399,78.90113
TJIG,6/14/2018,86,80.6,65.94849,71.1849,74.2799
TJIG,6/15/2018,84.2,78.8,62.02914,73.69327,83.55026
TJIG,6/16/2018,84.2,78.8,62.02914,71.64736,78.62098
TJIG,6/17/2018,87.8,80.6,58.781776,70.946014,78.76171
TJIG,6/18/2018,86,78.8,65.94849,74.87239,83.55026
TJIG,6/19/2018,86,80.6,69.897545,77.293365,83.772194
TJIG,6/20/2018,87.8,80.6,55.28835,70.02264,78.76171
TJIG,6/21/2018,86,78.8,62.249004,72.35673,78.62098
TJIG,6/22/2018,86,78.8,66.15182,73.37325,83.55026
TJIG,6/23/2018,80.6,69.8,69.52137,85.33224,94.10022
TJIG,6/24/2018,86,78.8,62.249004,74.45061,78.90113
TJIG,6/25/2018,84.2,80.6,65.94849,71.62029,74.2799
TJIG,6/26/2018,84.2,80.6,70.083244,74.375084,78.90113
TJIG,6/27/2018,84.2,80.6,65.94849,74.41286,78.76171
TJIG,6/28/2018,84.2,77,69.897545,75.060425,83.66177
TJIG,6/29/2018,86,80.6,69.897545,75.59317,83.772194
TJIG,6/30/2018,86,80.6,65.94849,72.82176,78.76171
TJIG,7/1/2018,84.2,78.8,65.94849,75.702095,83.55026
TJIG,7/2/2018,86,78.8,70.083244,76.399,83.55026
TJIG,7/3/2018,86,80.6,58.549522,69.86879,74.2799
TJIG,7/4/2018,86,80.6,65.94849,72.10457,78.90113
TJIG,7/5/2018,86,80.6,65.94849,72.890816,78.76171
TJIG,7/6/2018,86,80.6,65.74351,70.905914,74.44338
TJIG,7/7/2018,86,80.6,65.94849,71.78904,78.90113
TJIG,7/8/2018,86,80.6,74.2799,76.54914,83.772194
TJIG,7/9/2018,82.4,75.2,78.90113,85.679115,100
TJIG,7/10/2018,87.8,80.6,55.28835,72.62128,78.76171
TJIG,7/11/2018,86,80.6,70.26737,79.301575,83.772194
TJIG,7/12/2018,86,80.6,62.249004,67.35973,74.114944
TJIG,7/13/2018,86,78.8,58.549522,71.55071,78.62098
TJIG,7/14/2018,86,78.8,69.897545,72.597206,88.826744
TJIG,7/15/2018,86,80.6,70.26737,78.327576,83.66177
TJIG,7/16/2018,86,78.8,70.083244,79.12803,88.74824
TJIG,7/17/2018,86,80.6,66.15182,74.64677,78.90113
TJIG,7/18/2018,86,82.4,66.15182,72.38723,78.90113
TJIG,7/19/2018,84.2,80.6,74.44338,81.47981,83.772194
TJIG,7/20/2018,87.8,80.6,58.781776,74.683784,83.772194
TJIG,7/21/2018,86,80.6,66.15182,73.62883,78.90113
TJIG,7/22/2018,86,80.6,62.02914,72.14333,78.76171
TJIG,7/23/2018,86,80.6,62.02914,69.10853,74.114944
TJIG,7/24/2018,86,78.8,70.083244,78.0548,83.55026
TJIG,7/25/2018,84.2,78.8,70.083244,80.41653,88.74824
TJIG,7/26/2018,86,73.4,65.94849,77.24148,88.668915
TJIG,7/27/2018,87.8,80.6,62.249004,71.625275,78.76171
TJIG,7/28/2018,86,80.6,62.249004,71.74896,78.76171
TJIG,7/29/2018,86,78.8,62.249004,75.4342,83.55026
TJIG,7/30/2018,86,82.4,70.083244,74.66401,79.039246
TJIG,7/31/2018,86,80.6,66.15182,74.37682,83.66177
TJIG,8/1/2018,86,78.8,66.15182,75.41176,83.55026
TJIG,8/2/2018,86,78.8,62.02914,71.47704,78.62098
TJIG,8/3/2018,86,80.6,65.94849,71.253174,78.90113
TJIG,8/4/2018,86,82.4,62.249004,74.792206,79.039246
TJIG,8/5/2018,86,78.8,70.26737,77.28157,83.772194
TJIG,8/6/2018,86,78.8,70.26737,79.20902,88.74824
TJIG,8/7/2018,87.8,80.6,65.94849,76.23677,83.66177
TJIG,8/8/2018,86,80.6,66.15182,73.16818,78.76171
TJIG,8/9/2018,86,80.6,65.74351,70.07565,74.2799
TJIG,8/10/2018,86,78.8,62.02914,72.27373,78.76171
TJIG,8/11/2018,87.8,80.6,66.15182,73.16286,83.772194
TJIG,8/12/2018,86,82.4,62.249004,70.39091,74.44338
TJIG,8/13/2018,87.8,78.8,62.249004,74.06492,83.55026
TJIG,8/14/2018,87.8,80.6,66.15182,73.319305,78.90113
TJIG,8/15/2018,86,80.6,66.15182,74.23939,78.76171
TJIG,8/16/2018,87.8,78.8,66.35352,77.99721,83.772194
TJIG,8/17/2018,86,78.8,70.26737,77.851585,83.66177
TJIG,8/18/2018,86,78.8,70.083244,78.139206,88.74824
TJIG,8/19/2018,86,78.8,58.549522,70.010605,74.44338
TJIG,8/20/2018,87.8,78.8,66.35352,73.92335,78.62098
TJIG,8/21/2018,86,80.6,66.15182,73.50816,78.90113
TJIG,8/22/2018,87.8,80.6,62.467205,74.40834,78.90113
TJIG,8/23/2018,86,80.6,66.15182,70.01348,78.76171
TJIG,8/24/2018,84.2,78.8,69.897545,78.01483,83.55026
TJIG,8/25/2018,86,78.8,65.94849,74.1563,83.55026
TJIG,8/26/2018,87.8,77,55.28835,77.36837,88.668915
TJIG,8/27/2018,84.2,78.8,65.94849,76.675415,83.55026
TJIG,8/28/2018,86,78.8,74.44338,82.26025,88.74824
TJIG,8/29/2018,86,80.6,70.26737,77.2992,79.039246
TJIG,8/30/2018,80.6,75.2,74.114944,84.409386,94.18534
TJIG,8/31/2018,89.6,78.8,55.28835,70.18758,83.55026
TJIG,9/1/2018,86,78.8,66.15182,74.79901,83.55026
TJIG,9/2/2018,87.8,78.8,62.467205,72.25625,78.62098
TJIG,9/3/2018,86,78.8,70.083244,81.95622,94.22723
TJIG,9/4/2018,87.8,77,66.35352,76.92923,100
TJIG,9/5/2018,87.8,80.6,66.35352,77.35618,83.772194
TJIG,9/6/2018,87.8,78.8,62.467205,75.83765,83.55026
TJIG,9/7/2018,86,78.8,66.15182,75.81146,83.55026
TJIG,9/8/2018,86,78.8,69.897545,76.37262,83.66177
TJIG,9/9/2018,86,78.8,62.249004,76.99107,88.74824
TJIG,9/10/2018,86,80.6,66.15182,72.845215,78.90113
TJIG,9/11/2018,87.8,80.6,66.15182,74.41127,78.76171
TJIG,9/12/2018,87.8,78.8,62.467205,76.71238,88.74824
TJIG,9/13/2018,87.8,82.4,62.467205,74.420715,83.772194
TJIG,9/14/2018,84.2,75.2,70.083244,77.80293,94.14301
TJIG,9/15/2018,91.4,78.8,55.77155,74.13584,83.55026
TJIG,9/16/2018,86,78.8,66.15182,78.175934,88.74824
TJIG,9/17/2018,89.6,78.8,55.530766,74.40339,88.74824
TJIG,9/18/2018,87.8,80.6,70.44994,78.516815,83.772194
TJIG,9/19/2018,87.8,82.4,70.26737,76.48399,83.772194
TJIG,9/20/2018,89.6,78.8,49.103626,71.66705,83.55026
TJIG,9/21/2018,87.8,80.6,66.15182,74.60495,83.772194
TJIG,9/22/2018,86,78.8,66.15182,77.02517,88.74824
TJIG,9/23/2018,87.8,78.8,65.536865,75.88059,83.55026
TJIG,9/24/2018,87.8,78.8,62.467205,74.5491,83.55026
TJIG,9/25/2018,86,77,70.26737,80.203354,88.668915
TJIG,9/26/2018,87.8,78.8,66.15182,76.76238,83.66177
TJIG,9/27/2018,86,78.8,70.26737,78.3637,83.55026
TJIG,9/28/2018,87.8,78.8,62.467205,78.375534,88.74824
TJIG,9/29/2018,86,78.8,66.15182,77.32838,83.55026
TJIG,9/30/2018,84.2,78.8,70.083244,77.25311,83.55026
TJIG,10/1/2018,86,78.8,66.15182,75.53865,83.66177
TJIG,10/2/2018,86,77,55.044296,71.61392,83.437645
TJIG,10/3/2018,86,75.2,62.249004,75.44162,83.55026
TJIG,10/4/2018,86,77,62.02914,82.20368,88.74824
TJIG,10/5/2018,86,77,70.26737,82.06686,88.74824
TJIG,10/6/2018,84.2,75.2,62.02914,81.138626,88.74824
TJIG,10/7/2018,84.2,77,74.44338,82.99727,88.74824
TJIG,10/8/2018,87.8,80.6,62.467205,77.42234,83.66177
TJIG,10/9/2018,86,77,70.26737,79.75295,94.18534
TJIG,10/10/2018,86,78.8,66.15182,75.197815,83.66177
TJIG,10/11/2018,86,77,66.15182,78.658226,88.74824
TJIG,10/12/2018,84.2,77,74.2799,80.430046,83.55026
TJIG,10/13/2018,82.4,75.2,69.897545,82.08853,88.588776
TJIG,10/14/2018,86,77,62.249004,76.94539,88.668915
TJIG,10/15/2018,82.4,77,78.62098,85.183945,88.74824
TJIG,10/16/2018,84.2,77,74.2799,84.25147,88.826744
TJIG,10/17/2018,86,78.8,70.26737,81.630615,88.74824
TJIG,10/18/2018,86,78.8,62.249004,73.62984,83.55026
TJIG,10/19/2018,86,78.8,62.249004,74.651764,83.55026
TJIG,10/20/2018,86,80.6,65.94849,73.75891,78.76171
TJIG,10/21/2018,86,77,65.94849,77.516754,88.668915
TJIG,10/22/2018,86,78.8,70.26737,79.88975,88.74824
TJIG,10/23/2018,86,77,66.15182,79.403336,88.668915
TJIG,10/24/2018,86,77,66.15182,77.92475,88.668915
TJIG,10/25/2018,86,77,65.94849,78.03368,88.668915
TJIG,10/26/2018,86,80.6,62.249004,70.45536,78.76171
TJIG,10/27/2018,86,78.8,66.15182,73.15816,78.62098
TJIG,10/28/2018,86,78.8,58.549522,72.230995,83.55026
TJIG,10/29/2018,84.2,77,65.74351,75.89327,88.668915
TJIG,10/30/2018,86,75.2,58.549522,74.35983,88.588776
TJIG,10/31/2018,84.2,78.8,65.94849,70.24715,74.2799
TJIG,11/1/2018,84.2,78.8,70.083244,79.055664,88.74824
TJIG,11/2/2018,84.2,77,69.897545,81.58218,88.668915
TJIG,11/3/2018,84.2,78.8,65.74351,70.99816,78.62098
TJIG,11/4/2018,78.8,71.6,78.62098,89.520134,94.14301
TJIG,11/5/2018,84.2,73.4,70.083244,81.72012,94.10022
TJIG,11/6/2018,84.2,75.2,65.94849,83.27256,94.14301
TJIG,11/7/2018,84.2,75.2,70.083244,82.06211,88.588776
TJIG,11/8/2018,84.2,75.2,69.897545,84.203026,94.26866
TJIG,11/9/2018,86,78.8,70.26737,81.39893,88.74824
TJIG,11/10/2018,86,78.8,66.15182,80.10787,88.74824
TJIG,11/11/2018,86,77,66.15182,79.20302,88.668915
TJIG,11/12/2018,84.2,77,70.083244,81.06698,88.668915
TJIG,11/13/2018,84.2,75.2,74.2799,81.91871,88.668915
TJIG,11/14/2018,80.6,78.8,74.114944,82.08308,83.66177
TJIG,11/15/2018,86,75.2,62.02914,80.23383,88.668915
TJIG,11/16/2018,84.2,77,70.083244,78.59579,83.437645
TJIG,11/17/2018,86,78.8,62.02914,74.48791,83.55026
TJIG,11/18/2018,84.2,77,65.74351,73.748085,83.437645
TJIG,11/19/2018,84.2,75.2,54.798595,74.1706,88.588776
TJIG,11/20/2018,84.2,77,61.807594,70.99334,83.55026
TJIG,11/21/2018,86,77,51.724586,71.351456,83.437645
TJIG,11/22/2018,86,77,62.02914,72.5369,83.437645
TJIG,11/23/2018,84.2,75.2,54.551235,74.18611,88.588776
TJIG,11/24/2018,86,75.2,58.549522,73.18125,83.32391
TJIG,11/25/2018,86,75.2,65.94849,79.31564,88.588776
TJIG,11/26/2018,84.2,77,70.083244,80.32584,88.668915
TJIG,11/27/2018,84.2,77,62.02914,77.26017,83.55026
TJIG,11/28/2018,86,75.2,58.549522,74.74651,88.588776
TJIG,11/29/2018,84.2,75.2,42.522427,68.25331,78.335495
TJIG,11/30/2018,84.2,75.2,62.02914,74.98054,83.32391
TJIG,12/1/2018,84.2,75.2,61.807594,74.72744,83.32391
TJIG,12/2/2018,84.2,75.2,61.807594,73.40735,83.32391
TJIG,12/3/2018,84.2,75.2,65.94849,78.57718,88.588776
TJIG,12/4/2018,84.2,77,62.02914,72.00381,83.437645
TJIG,12/5/2018,84.2,77,65.536865,72.72361,78.47891
TJIG,12/6/2018,84.2,75.2,62.02914,74.228745,83.437645
TJIG,12/7/2018,84.2,77,65.94849,75.75754,83.437645
TJIG,12/8/2018,82.4,78.8,69.71026,75.276115,78.76171
TJIG,12/9/2018,82.4,75.2,54.551235,69.48705,78.335495
TJIG,12/10/2018,86,75.2,51.469208,68.51944,78.335495
TJIG,12/11/2018,86,77,48.581966,68.5416,78.47891
TJIG,12/12/2018,84.2,71.6,58.315598,76.94349,88.42599
TJIG,12/13/2018,84.2,75.2,58.315598,73.1275,83.32391
TJIG,12/14/2018,84.2,75.2,65.74351,79.13131,88.668915
TJIG,12/15/2018,84.2,77,54.798595,70.65847,78.47891
TJIG,12/16/2018,84.2,75.2,65.536865,75.33954,83.437645
TJIG,12/17/2018,84.2,73.4,48.318848,70.358536,88.507805
TJIG,12/18/2018,82.4,73.4,57.842686,71.69463,83.209045
TJIG,12/19/2018,82.4,71.6,65.536865,78.59721,88.42599
TJIG,12/20/2018,84.2,73.4,61.807594,73.67867,83.209045
TJIG,12/21/2018,82.4,75.2,61.807594,72.35546,83.32391
TJIG,12/22/2018,80.6,73.4,69.71026,82.95121,88.668915
TJIG,12/23/2018,84.2,75.2,65.74351,77.63321,88.588776
TJIG,12/24/2018,82.4,73.4,58.079987,75.23376,83.437645
TJIG,12/25/2018,80.6,73.4,65.536865,74.6706,88.507805
TJIG,12/26/2018,82.4,73.4,58.079987,72.276764,83.209045
TJIG,12/27/2018,82.4,75.2,65.74351,74.37327,83.437645
TJIG,12/28/2018,80.6,73.4,65.32855,75.47041,94.10022
TJIG,12/29/2018,80.6,73.4,65.32855,70.92356,88.507805
TJIG,12/30/2018,82.4,77,50.953636,61.877796,69.52137
TJIG,12/31/2018,82.4,73.4,51.212227,74.25067,88.507805
TJIG,1/1/2019,80.6,75.2,57.842686,69.92613,78.47891
TJIG,1/2/2019,82.4,77,54.551235,67.91531,73.780556
TJIG,1/3/2019,82.4,77,58.079987,69.68924,73.780556
TJIG,1/4/2019,84.2,75.2,58.079987,72.05124,78.335495
TJIG,1/5/2019,82.4,73.4,61.58435,73.99111,83.32391
TJIG,1/6/2019,82.4,73.4,61.807594,75.23999,83.209045
TJIG,1/7/2019,82.4,73.4,65.74351,76.029366,83.209045
TJIG,1/8/2019,80.6,75.2,61.3594,64.26782,73.6111
TJIG,1/9/2019,80.6,73.4,65.536865,71.888794,83.209045
TJIG,1/10/2019,80.6,71.6,61.58435,77.443115,88.42599
TJIG,1/11/2019,80.6,75.2,65.536865,75.65599,83.437645
TJIG,1/12/2019,80.6,69.8,65.32855,79.32592,94.01323
TJIG,1/13/2019,82.4,73.4,61.807594,78.36923,88.507805
TJIG,1/14/2019,82.4,71.6,61.58435,72.81825,83.209045
TJIG,1/15/2019,80.6,71.6,57.842686,70.20706,83.09303
TJIG,1/16/2019,80.6,71.6,65.536865,75.14137,83.09303
TJIG,1/17/2019,78.8,71.6,65.32855,79.76243,88.42599
TJIG,1/18/2019,80.6,69.8,61.58435,77.75816,94.01323
TJIG,1/19/2019,80.6,69.8,61.58435,76.219894,88.34331
TJIG,1/20/2019,82.4,71.6,58.079987,69.83874,78.04456
TJIG,1/21/2019,80.6,71.6,65.536865,78.48945,83.437645
TJIG,1/22/2019,82.4,73.4,61.807594,79.27098,88.507805
TJIG,1/23/2019,80.6,75.2,69.52137,73.91275,78.47891
TJIG,1/24/2019,82.4,73.4,61.807594,78.50536,88.507805
TJIG,1/25/2019,77,71.6,73.780556,88.26526,94.10022
TJIG,1/26/2019,80.6,69.8,57.842686,76.024864,88.34331
TJIG,1/27/2019,80.6,71.6,61.58435,73.96058,83.09303
TJIG,1/28/2019,82.4,73.4,58.079987,73.94515,83.209045
TJIG,1/29/2019,82.4,73.4,48.0542,67.66933,78.19072
TJIG,1/30/2019,80.6,75.2,65.3286,72.91542,78.3355
TJIG,1/31/2019,80.6,71.6,61.3594,76.343834,88.5078
TJIG,2/1/2019,80.6,71.6,61.5844,73.07315,83.209
TJIG,2/2/2019,80.6,73.4,57.8427,69.649,78.1907
TJIG,2/3/2019,80.6,71.6,65.5369,77.07811,88.426
TJIG,2/4/2019,80.6,71.6,65.5369,76.03839,88.426
TJIG,2/5/2019,80.6,73.4,65.5369,77.142845,88.5078
TJIG,2/6/2019,80.6,71.6,69.7103,79.80702,88.5888
TJIG,2/7/2019,80.6,71.6,61.5844,80.11311,94.057
TJIG,2/8/2019,80.6,77,69.7103,74.21412,78.4789
TJIG,2/9/2019,80.6,77,65.5369,74.15139,78.4789
TJIG,2/10/2019,80.6,77,69.5214,74.66471,78.4789
TJIG,2/11/2019,80.6,73.4,65.5369,72.073395,83.209
TJIG,2/12/2019,80.6,73.4,61.5844,73.17538,83.209
TJIG,2/13/2019,82.4,73.4,54.5512,70.50513,78.3355
TJIG,2/14/2019,82.4,71.6,61.5844,79.87019,88.426
TJIG,2/15/2019,82.4,73.4,58.08,77.35271,88.5888
TJIG,2/16/2019,86,73.4,55.0443,73.774216,88.5078
TJIG,2/17/2019,82.4,77,69.7103,77.96675,83.4376
TJIG,2/18/2019,80.6,75.2,65.5369,75.09662,83.3239
TJIG,2/19/2019,80.6,73.4,65.3286,70.82212,73.9485
TJIG,2/20/2019,78.8,71.6,69.5214,86.83277,94.057
TJIG,2/21/2019,82.4,71.6,57.8427,71.33469,88.426
TJIG,2/22/2019,80.6,77,69.7103,72.58606,78.621
TJIG,2/23/2019,80.6,77,57.8427,64.76998,73.7806
TJIG,2/24/2019,80.6,73.4,61.3594,70.69632,83.209
TJIG,2/25/2019,80.6,73.4,65.5369,71.91569,78.4789
TJIG,2/26/2019,80.6,77,65.5369,70.70245,73.9485
TJIG,2/27/2019,80.6,73.4,69.5214,75.065765,88.5078
TJIG,2/28/2019,80.6,75.2,69.7103,78.33911,83.4376
TJIG,3/1/2019,82.4,73.4,61.807594,76.59895,88.507805
TJIG,3/2/2019,82.4,73.4,54.5512,72.84686,83.209045
TJIG,3/3/2019,80.6,73.4,61.58435,71.50278,83.209045
TJIG,3/4/2019,80.6,73.4,65.32855,76.33616,83.209045
TJIG,3/5/2019,80.6,73.4,57.842686,75.45901,83.209045
TJIG,3/6/2019,82.4,71.6,65.536865,77.55904,88.507805
TJIG,3/7/2019,82.4,73.4,65.32855,77.48901,88.507805
TJIG,3/8/2019,82.4,73.4,61.58435,70.21215,78.3355
TJIG,3/9/2019,80.6,73.4,65.1185,76.20013,83.209045
TJIG,3/10/2019,82.4,77,65.536865,69.34251,78.47891
TJIG,3/11/2019,80.6,75.2,61.58435,72.96685,78.47891
TJIG,3/12/2019,82.4,71.6,58.079987,75.40346,88.426
TJIG,3/13/2019,80.6,71.6,65.536865,76.95592,83.09303
TJIG,3/14/2019,82.4,71.6,61.807594,80.49408,94.057
TJIG,3/15/2019,82.4,73.4,61.807594,73.55472,83.209045
TJIG,3/16/2019,80.6,77,57.842686,64.40497,69.3309
TJIG,3/17/2019,82.4,71.6,61.807594,73.45844,83.09303
TJIG,3/18/2019,82.4,73.4,54.5512,69.70976,83.209045
TJIG,3/19/2019,82.4,73.4,51.2122,64.8329,73.44011
TJIG,3/20/2019,82.4,75.2,61.58435,73.72015,83.32391
TJIG,3/21/2019,84.2,75.2,48.3188,69.22104,83.32391
TJIG,3/22/2019,84.2,75.2,61.58435,72.151054,78.47891
TJIG,3/23/2019,82.4,75.2,61.807594,75.5993,83.32391
TJIG,3/24/2019,84.2,73.4,62.0291,77.14775,88.507805
TJIG,3/25/2019,86,75.2,45.6083,69.00996,83.32391
TJIG,3/26/2019,86,75.2,45.6083,66.2693,83.32391
TJIG,3/27/2019,86,75.2,48.3188,67.604675,83.32391
TJIG,3/28/2019,86,75.2,45.6083,66.1361,83.32391
TJIG,3/29/2019,86,75.2,58.315598,75.26394,83.32391
TJIG,3/30/2019,82.4,75.2,65.7435,76.68584,88.668915
TJIG,3/31/2019,82.4,75.2,65.7435,75.1834,83.32391
TJIG,4/1/2019,84.2,75.2,65.94849,75.873474,83.32391
TJIG,4/2/2019,82.4,73.4,61.807594,76.643845,88.507805
TJIG,4/3/2019,82.4,77,65.536865,72.01629,78.47891
TJIG,4/4/2019,82.4,77,58.079987,70.96968,78.47891
TJIG,4/5/2019,82.4,75.2,61.807594,71.421814,78.3355
TJIG,4/6/2019,82.4,75.2,58.079987,74.1806,83.32391
TJIG,4/7/2019,82.4,75.2,61.807594,68.050735,73.6111
TJIG,4/8/2019,82.4,75.2,61.58435,69.08271,73.7806
TJIG,4/9/2019,82.4,78.8,61.58435,67.02355,69.7103
TJIG,4/10/2019,84.2,77,54.5512,68.01951,74.114944
TJIG,4/11/2019,86,75.2,48.581966,69.987854,83.32391
TJIG,4/12/2019,84.2,77,61.807594,72.10731,78.47891
TJIG,4/13/2019,82.4,75.2,61.807594,71.44387,78.47891
TJIG,4/14/2019,82.4,75.2,61.58435,72.32858,83.32391
TJIG,4/15/2019,82.4,73.4,57.842686,69.855484,78.621
TJIG,4/16/2019,82.4,77,61.807594,69.67529,73.9485
TJIG,4/17/2019,82.4,77,65.7435,71.184814,73.9485
TJIG,4/18/2019,84.2,77,58.315598,69.262215,73.9485
TJIG,4/19/2019,82.4,77,57.842686,64.95435,69.7103
TJIG,4/20/2019,82.4,77,61.807594,66.98118,73.9485
TJIG,4/21/2019,82.4,73.4,65.7435,78.265144,88.5888
TJIG,4/22/2019,82.4,75.2,61.58435,71.61271,83.32391
TJIG,4/23/2019,82.4,73.4,54.5512,69.40188,78.19072
TJIG,4/24/2019,82.4,75.2,58.079987,66.64541,73.6111
TJIG,4/25/2019,82.4,75.2,58.079987,68.81252,78.3355
TJIG,4/26/2019,84.2,77,62.0291,71.0946,74.114944
TJIG,4/27/2019,82.4,77,69.8975,74.17946,78.76171
TJIG,4/28/2019,82.4,73.4,74.1149,82.06841,94.10022
TJIG,4/29/2019,82.4,77,69.52137,75.844635,83.437645
TJIG,4/30/2019,82.4,78.8,61.807594,66.201614,69.7103
TJIG,5/1/2019,82.4,78.8,65.7435,71.368965,74.114944
TJIG,5/2/2019,84.2,78.8,65.94849,74.78324,83.5503
TJIG,5/3/2019,82.4,77,65.7435,71.38663,74.114944
TJIG,5/4/2019,82.4,77,61.58435,69.365166,73.9485
TJIG,5/5/2019,82.4,77,58.079987,70.44725,78.47891
TJIG,5/6/2019,82.4,77,69.71026,75.71555,78.621
TJIG,5/7/2019,82.4,77,65.536865,75.33348,83.437645
TJIG,5/8/2019,80.6,75.2,69.71026,77.94558,83.32391
TJIG,5/9/2019,80.6,73.4,74.1149,80.54686,88.507805
TJIG,5/10/2019,82.4,75.2,65.7435,81.09947,88.5888
TJIG,5/11/2019,84.2,77,74.2799,82.248955,88.668915
TJIG,5/12/2019,86,78.8,58.5495,73.78967,83.5503
TJIG,5/13/2019,89.6,78.8,49.1036,74.10995,83.5503
TJIG,5/14/2019,89.6,78.8,48.84356,65.88495,78.621
TJIG,5/15/2019,84.2,78.8,58.079987,74.90155,83.5503
TJIG,5/16/2019,84.2,78.8,69.8975,76.43467,83.5503
TJIG,5/17/2019,86,78.8,65.94849,76.37279,83.5503
TJIG,5/18/2019,84.2,78.8,65.7435,72.77374,78.76171
TJIG,5/19/2019,84.2,78.8,62.0291,75.81877,83.5503
TJIG,5/20/2019,84.2,77,62.0291,74.95872,83.437645
TJIG,5/21/2019,86,78.8,58.315598,72.3842,78.621
TJIG,5/22/2019,84.2,78.8,62.0291,74.75612,78.76171
TJIG,5/23/2019,84.2,78.8,70.0832,74.56491,83.5503
TJIG,5/24/2019,86,77,55.044296,76.64435,83.5503
TJIG,5/25/2019,86,80.6,62.249,71.4397,74.2799
TJIG,5/26/2019,84.2,78.8,70.0832,76.081314,78.90113
TJIG,5/27/2019,84.2,78.8,70.0832,80.57908,83.6618
TJIG,5/28/2019,84.2,77,70.0832,80.12724,83.5503
TJIG,5/29/2019,82.4,78.8,74.1149,80.59785,88.74824
TJIG,5/30/2019,80.6,73.4,69.71026,79.97649,88.5888
TJIG,5/31/2019,86,78.8,58.315598,74.34079,83.5503
TJIG,6/1/2019,84.2,77,62.0291,71.76402,78.47891
TJIG,6/2/2019,82.4,75.2,69.71026,79.628204,94.14301
TJIG,6/3/2019,86,77,69.8975,81.040855,88.668915
TJIG,6/4/2019,86,80.6,74.44338,79.88183,88.826744
TJIG,6/5/2019,86,80.6,65.94849,77.39209,83.6618
TJIG,6/6/2019,86,78.8,66.1518,78.145805,88.74824
TJIG,6/7/2019,86,78.8,66.1518,76.33838,83.5503
TJIG,6/8/2019,84.2,78.8,69.8975,79.49054,83.7722
TJIG,6/9/2019,86,80.6,66.1518,75.1125,83.6618
TJIG,6/10/2019,89.6,80.6,55.530766,70.90211,83.6618
TJIG,6/11/2019,86,80.6,65.94849,72.701645,78.76171
TJIG,6/12/2019,,,,,
TJIG,6/13/2019,,,,,
TJIG,6/14/2019,,,,,
TJIG,6/15/2019,,,,,
TJIG,6/16/2019,,,,,
TJIG,6/17/2019,,,,,
TJIG,6/18/2019,,,,,
TJIG,6/19/2019,86,82.4,70.26737,75.45263,83.7722
TJIG,6/20/2019,86,82.4,65.94849,73.26338,79.039246
TJIG,6/21/2019,86,80.6,66.1518,73.75749,78.76171
TJIG,6/22/2019,86,80.6,70.0832,75.66129,79.039246
TJIG,6/23/2019,86,80.6,69.8975,72.7276,78.90113
TJIG,6/24/2019,86,80.6,70.26737,76.76527,83.7722
TJIG,6/25/2019,86,80.6,74.6054,82.473495,88.90445
TJIG,6/26/2019,86,80.6,66.1518,76.85114,83.6618
TJIG,6/27/2019,86,78.8,66.1518,76.76567,83.5503
TJIG,6/28/2019,87.8,80.6,55.2883,71.931694,83.7722
TJIG,6/29/2019,86,80.6,70.0832,76.91428,83.6618
TJIG,6/30/2019,86,82.4,66.1518,74.67335,78.90113
TJIG,7/1/2019,86,80.6,66.1518,72.685616,78.76171
TJIG,7/2/2019,86,80.6,66.1518,76.228935,83.6618
TJIG,7/3/2019,86,80.6,58.5495,68.11205,74.114944
TJIG,7/4/2019,87.8,82.4,62.4672,69.066216,74.4434
TJIG,7/5/2019,86,80.6,70.0832,77.34009,88.826744
TJIG,7/6/2019,86,80.6,66.1518,72.880295,78.76171
TJIG,7/7/2019,84.2,80.6,62.0291,72.82563,78.76171
TJIG,7/8/2019,87.8,84.2,66.3535,71.80223,79.039246
TJIG,7/9/2019,89.6,80.6,52.2305,73.622444,83.6618
TJIG,7/10/2019,86,84.2,66.1518,73.42883,79.039246
TJIG,7/11/2019,86,82.4,62.249,68.94012,74.2799
TJIG,7/12/2019,86,84.2,55.044296,65.18251,70.083244
TJIG,7/13/2019,86,80.6,66.1518,73.74957,78.90113
TJIG,7/14/2019,86,82.4,66.1518,73.308334,78.90113
TJIG,7/15/2019,86,80.6,70.0832,76.857895,83.6618
TJIG,7/16/2019,86,80.6,70.0832,73.519295,78.76171
TJIG,7/17/2019,86,78.8,65.94849,75.248276,83.5503
TJIG,7/18/2019,86,84.2,66.1518,70.491905,74.4434
TJIG,7/19/2019,87.8,77,70.26737,79.02843,83.7722
TJIG,7/20/2019,87.8,82.4,66.3535,77.06792,83.7722
TJIG,7/21/2019,87.8,80.6,66.1518,73.80394,78.90113
TJIG,7/22/2019,86,78.8,65.7435,76.29874,83.6618
TJIG,7/23/2019,87.8,80.6,62.4672,74.14142,83.6618
TJIG,7/24/2019,86,80.6,66.1518,73.29455,78.76171
TJIG,7/25/2019,86,80.6,66.1518,76.428764,83.7722
TJIG,7/26/2019,86,80.6,70.26737,79.60998,83.88154
TJIG,7/27/2019,87.8,82.4,70.26737,77.025925,83.7722
TJIG,7/28/2019,86,82.4,66.1518,73.3324,78.90113
TJIG,7/29/2019,86,78.8,70.0832,79.47621,83.6618
TJIG,7/30/2019,80.6,75.2,83.66177,89.434326,94.14301
TJIG,7/31/2019,86,77,70.26737,75.059296,94.18534
TJIG,8/1/2019,87.8,84.2,70.26737,71.67916,79.039246
TJIG,8/2/2019,86,82.4,70.26737,75.44614,79.039246
TJIG,8/3/2019,87.8,82.4,62.4672,76.25109,83.7722
TJIG,8/4/2019,86,82.4,66.1518,74.31141,78.90113
TJIG,8/5/2019,86,84.2,66.1518,70.946014,74.60542
TJIG,8/6/2019,86,80.6,70.0832,77.91843,83.6618
TJIG,8/7/2019,86,80.6,70.0832,78.58998,83.6618
TJIG,8/8/2019,86,78.8,70.0832,80.71794,88.74824
TJIG,8/9/2019,89.6,80.6,59.012367,71.82561,78.76171
TJIG,8/10/2019,87.8,82.4,62.4672,73.36025,78.90113
TJIG,8/11/2019,87.8,80.6,62.249,72.91002,78.90113
TJIG,8/12/2019,87.8,80.6,62.4672,73.601944,78.76171
TJIG,8/13/2019,87.8,84.2,66.1518,70.99174,74.60542
TJIG,8/14/2019,87.8,82.4,66.3535,72.11551,74.60542
TJIG,8/15/2019,87.8,82.4,66.3535,75.159134,83.88154
TJIG,8/16/2019,87.8,82.4,66.3535,75.74629,83.7722
TJIG,8/17/2019,86,73.4,65.94849,77.490974,94.14301
TJIG,8/18/2019,87.8,78.8,62.249,78.15021,88.74824
TJIG,8/19/2019,86,77,74.2799,84.249405,88.90445
TJIG,8/20/2019,86,80.6,69.8975,79.25267,88.826744
TJIG,8/21/2019,87.8,78.8,62.249,76.59129,88.74824
TJIG,8/22/2019,87.8,73.4,58.781776,77.356674,100
TJIG,8/23/2019,87.8,80.6,66.1518,74.89616,83.6618
TJIG,8/24/2019,87.8,80.6,70.4499,78.498474,83.88154
TJIG,8/25/2019,87.8,82.4,62.249,73.55351,83.7722
TJIG,8/26/2019,87.8,80.6,62.4672,75.23881,83.6618
TJIG,8/27/2019,87.8,80.6,62.4672,74.65188,83.6618
TJIG,8/28/2019,84.2,78.8,70.0832,78.772,88.74824
TJIG,8/29/2019,87.8,77,65.94849,77.15172,83.6618
TJIG,8/30/2019,91.4,78.8,49.362175,71.423225,88.74824
TJIG,8/31/2019,89.6,80.6,59.012367,75.717476,83.6618
TJIG,9/1/2019,87.8,78.8,62.249,75.07534,83.5503
TJIG,9/2/2019,91.4,80.6,49.362175,68.3061,78.76171
TJIG,9/3/2019,87.8,80.6,48.84356,74.32546,83.6618
TJIG,9/4/2019,89.6,80.6,62.6837,72.80191,78.90113
TJIG,9/5/2019,87.8,80.6,66.3535,74.34133,83.6618
TJIG,9/6/2019,86,75.2,66.1518,80.16524,94.18534
TJIG,9/7/2019,87.8,78.8,66.3535,80.227646,88.74824
TJIG,9/8/2019,87.8,78.8,66.1518,79.385956,88.74824
TJIG,9/9/2019,89.6,78.8,66.3535,76.11478,83.5503
TJIG,9/10/2019,87.8,78.8,66.1518,78.48024,83.6618
TJIG,9/11/2019,87.8,80.6,66.3535,76.343094,83.6618
TJIG,9/12/2019,87.8,80.6,66.3535,78.56549,88.826744
TJIG,9/13/2019,91.4,80.6,62.4672,76.52575,83.6618
TJIG,9/14/2019,89.6,82.4,62.4672,73.382835,79.1761
TJIG,9/15/2019,87.8,82.4,66.3535,76.594215,83.7722
TJIG,9/16/2019,87.8,78.8,62.249,79.64852,88.826744
TJIG,9/17/2019,89.6,80.6,55.530766,74.11266,88.826744
TJIG,9/18/2019,91.4,80.6,49.362175,67.220566,78.76171
TJIG,9/19/2019,87.8,80.6,62.4672,74.14488,83.6618
TJIG,9/20/2019,87.8,80.6,66.3535,75.50243,83.6618
TJIG,9/21/2019,95,80.6,49.6192,71.477646,83.98982
TJIG,9/22/2019,89.6,75.2,59.012367,78.5328,88.668915
TJIG,9/23/2019,89.6,82.4,62.4672,73.97371,78.90113
TJIG,9/24/2019,84.2,75.2,79.0392,88.26347,94.14301
TJIG,9/25/2019,91.4,78.8,55.7715,74.55579,83.6618
TJIG,9/26/2019,93.2,82.4,49.6192,66.83253,74.2799
TJIG,9/27/2019,89.6,82.4,62.6837,74.36197,78.90113
TJIG,9/28/2019,87.8,80.6,66.3535,76.95869,83.88154
TJIG,9/29/2019,84.2,75.2,74.44338,83.393936,94.14301
TJIG,9/30/2019,89.6,78.8,59.012367,75.02364,83.6618
TJIG,10/1/2019,93.2,80.6,52.73017,69.78201,83.6618
TJIG,10/2/2019,87.8,80.6,58.781776,70.78197,78.76171
TJIG,10/3/2019,89.6,80.6,46.142197,71.72165,83.6618
TJIG,10/4/2019,87.8,80.6,70.26737,77.69175,83.6618
TJIG,10/5/2019,87.8,78.8,66.3535,79.42076,88.74824
TJIG,10/6/2019,87.8,80.6,66.1518,76.294,83.6618
TJIG,10/7/2019,87.8,80.6,62.4672,74.99469,83.6618
TJIG,10/8/2019,89.6,82.4,62.4672,71.32693,78.90113
TJIG,10/9/2019,87.8,80.6,66.3535,72.777275,78.76171
TJIG,10/10/2019,87.8,78.8,62.4672,74.95091,83.5503
TJIG,10/11/2019,86,78.8,66.15182,74.62805,78.76171
TJIG,10/12/2019,89.6,78.8,46.142197,71.007126,78.62098
TJIG,10/13/2019,87.8,77,62.467205,73.2878,83.437645
TJIG,10/14/2019,87.8,78.8,62.467205,74.223175,83.55026
TJIG,10/15/2019,87.8,80.6,62.467205,72.48087,78.76171
TJIG,10/16/2019,87.8,78.8,62.467205,74.12918,83.55026
TJIG,10/17/2019,87.8,78.8,62.467205,73.25652,83.55026
TJIG,10/18/2019,87.8,80.6,66.35352,74.10899,78.90113
TJIG,10/19/2019,87.8,78.8,65.94849,75.10809,83.66177
TJIG,10/20/2019,87.8,78.8,66.35352,75.69311,83.66177
TJIG,10/21/2019,87.8,78.8,66.35352,76.94631,88.74824
TJIG,10/22/2019,84.2,78.8,65.94849,80.86801,88.74824
TJIG,10/23/2019,87.8,77,58.781776,78.503235,88.668915
TJIG,10/24/2019,87.8,78.8,62.467205,78.52602,83.66177
TJIG,10/25/2019,86,78.8,66.15182,79.517334,88.74824
TJIG,10/26/2019,87.8,77,62.467205,75.786064,88.668915
TJIG,10/27/2019,87.8,77,62.467205,77.42189,88.668915
TJIG,10/28/2019,87.8,80.6,66.35352,73.999405,83.66177
TJIG,10/29/2019,86,78.8,62.02914,72.88674,83.55026
TJIG,10/30/2019,86,78.8,62.249004,70.38114,78.62098
TJIG,10/31/2019,87.8,77,62.249004,74.074715,88.668915
TJIG,11/1/2019,86,77,62.249004,74.10765,83.437645
TJIG,11/2/2019,86,78.8,62.249004,72.298836,78.62098
TJIG,11/3/2019,86,77,62.249004,74.45264,83.437645
TJIG,11/4/2019,84.2,75.2,70.083244,80.488,88.588776
TJIG,11/5/2019,87.8,78.8,62.467205,75.75782,83.55026
TJIG,11/6/2019,86,78.8,66.15182,76.45641,83.55026
TJIG,11/7/2019,86,78.8,62.249004,74.870865,83.55026
TJIG,11/8/2019,87.8,78.8,58.781776,75.33058,83.55026
TJIG,11/9/2019,87.8,75.2,66.15182,80.64063,94.14301
TJIG,11/10/2019,91.4,77,55.530766,76.25351,94.18534
TJIG,11/11/2019,87.8,78.8,62.467205,72.96647,78.62098
TJIG,11/12/2019,86,78.8,54.798595,71.16736,78.62098
TJIG,11/13/2019,86,75.2,62.02914,73.12642,83.32391
TJIG,11/14/2019,86,77,65.94849,75.03787,83.437645
TJIG,11/15/2019,84.2,77,65.94849,78.51013,88.668915
TJIG,11/16/2019,84.2,77,65.94849,75.494675,83.437645
TJIG,11/17/2019,84.2,75.2,70.083244,78.43383,88.588776
TJIG,11/18/2019,84.2,77,70.083244,81.89378,88.90445
TJIG,11/19/2019,84.2,77,70.083244,79.60934,88.668915
TJIG,11/20/2019,84.2,77,70.083244,79.35208,88.668915
TJIG,11/21/2019,84.2,78.8,65.94849,75.247536,83.55026
TJIG,11/22/2019,82.4,78.8,54.551235,63.489212,74.114944
TJIG,11/23/2019,84.2,80.6,54.798595,62.004086,69.71026
TJIG,11/24/2019,84.2,75.2,58.315598,67.231316,83.32391
TJIG,11/25/2019,86,75.2,70.083244,78.64129,88.588776
TJIG,11/26/2019,86,78.8,70.26737,79.07203,83.772194
TJIG,11/27/2019,86,80.6,70.26737,76.34225,83.66177
TJIG,11/28/2019,82.4,73.4,69.897545,82.41787,94.10022
TJIG,11/29/2019,84.2,75.2,62.02914,78.44503,88.588776
TJIG,11/30/2019,82.4,75.2,65.74351,79.14602,88.588776
TJIG,12/1/2019,80.6,73.4,74.114944,86.38155,94.10022
TJIG,12/2/2019,89.6,75.2,55.28835,75.11823,88.588776
TJIG,12/3/2019,89.6,78.8,59.012367,76.74976,83.66177
TJIG,12/4/2019,86,77,70.083244,80.47906,88.668915
TJIG,12/5/2019,89.6,78.8,55.530766,74.59845,88.74824
TJIG,12/6/2019,87.8,78.8,62.249004,74.1572,83.55026
TJIG,12/7/2019,84.2,77,70.083244,76.780846,83.437645
TJIG,12/8/2019,84.2,75.2,65.74351,75.65683,88.588776
TJIG,12/9/2019,84.2,77,65.94849,79.17123,88.668915
TJIG,12/10/2019,84.2,77,65.94849,76.463554,83.437645
TJIG,12/11/2019,84.2,77,62.02914,72.322845,88.668915
TJIG,12/12/2019,84.2,77,65.74351,73.05225,83.437645
TJIG,12/13/2019,84.2,75.2,65.94849,78.581894,88.588776
TJIG,12/14/2019,84.2,75.2,65.94849,80.61114,88.588776
TJIG,12/15/2019,87.8,77,58.781776,75.97107,83.55026
TJIG,12/16/2019,84.2,75.2,69.897545,78.71878,88.588776
TJIG,12/17/2019,84.2,75.2,65.94849,78.58046,88.588776
TJIG,12/18/2019,84.2,75.2,62.02914,73.870125,83.32391
TJIG,12/19/2019,86,77,62.249004,76.597336,83.437645
TJIG,12/20/2019,84.2,77,58.315598,72.120834,78.76171
TJIG,12/21/2019,84.2,75.2,62.02914,75.661125,88.588776
TJIG,12/22/2019,82.4,75.2,69.897545,80.23194,88.588776
TJIG,12/23/2019,84.2,75.2,62.02914,73.90704,83.32391
TJIG,12/24/2019,87.8,75.2,55.28835,73.78041,88.588776
TJIG,12/25/2019,87.8,78.8,58.549522,71.32299,83.55026
TJIG,12/26/2019,80.6,77,78.76171,82.61855,88.74824
TJIG,12/27/2019,82.4,78.8,65.74351,71.66742,78.62098
TJIG,12/28/2019,84.2,75.2,65.74351,79.21988,88.588776
TJIG,12/29/2019,84.2,73.4,69.897545,82.91264,94.10022
TJIG,12/30/2019,82.4,78.8,65.74351,73.199356,78.76171
TJIG,12/31/2019,82.4,75.2,74.2799,86.49926,94.14301
TJIG,1/1/2020,84.2,75.2,74.2799,85.42872,94.14301
TJIG,1/2/2020,82.4,78.8,69.897545,74.42865,78.76171
TJIG,1/3/2020,82.4,73.4,65.74351,86.569244,100
TJIG,1/4/2020,82.4,78.8,58.079987,67.37751,73.9485
TJIG,1/5/2020,80.6,75.2,74.114944,78.2265,88.588776
TJIG,1/6/2020,78.8,73.4,78.62098,86.61798,94.10022
TJIG,1/7/2020,82.4,75.2,61.807594,71.1987,83.32391
TJIG,1/8/2020,82.4,75.2,69.71026,80.0397,88.588776
TJIG,1/9/2020,82.4,75.2,69.897545,77.77048,88.588776
TJIG,1/10/2020,84.2,75.2,61.3594,74.3928,83.32391
TJIG,1/11/2020,84.2,78.8,61.58435,65.005196,73.9485
TJIG,1/12/2020,82.4,75.2,69.71026,78.516,88.588776
TJIG,1/13/2020,82.4,77,54.551235,73.35879,78.62098
TJIG,1/14/2020,80.6,73.4,65.536865,70.50546,83.437645
TJIG,1/15/2020,82.4,73.4,65.74351,82.150986,88.588776
TJIG,1/16/2020,82.4,71.6,58.079987,72.208435,83.09303
TJIG,1/17/2020,82.4,71.6,65.74351,79.402016,94.05696
TJIG,1/18/2020,80.6,75.2,61.58435,73.50966,83.32391
TJIG,1/19/2020,80.6,73.4,69.71026,78.941025,88.507805
TJIG,1/20/2020,80.6,73.4,74.114944,86.158104,94.10022
TJIG,1/21/2020,84.2,73.4,54.798595,74.31176,88.507805
TJIG,1/22/2020,84.2,71.6,65.74351,79.744736,94.05696
TJIG,1/23/2020,82.4,75.2,65.74351,79.8395,94.14301
TJIG,1/24/2020,80.6,73.4,74.114944,85.34077,94.10022
TJIG,1/25/2020,80.6,71.6,61.58435,81.710884,94.05696
TJIG,1/26/2020,80.6,71.6,61.58435,79.46074,88.42599
TJIG,1/27/2020,80.6,73.4,69.71026,81.518,88.668915
TJIG,1/28/2020,80.6,71.6,69.71026,82.27511,94.05696
TJIG,1/29/2020,82.4,73.4,65.74351,78.46093,94.10022
TJIG,1/30/2020,84.2,73.4,62.02914,77.85739,88.507805
TJIG,1/31/2020,84.2,73.4,65.74351,79.8029,88.507805
TJIG,2/1/2020,82.4,75.2,69.71026,78.10706,88.588776
TJIG,2/2/2020,86,73.4,58.079987,76.27344,88.507805
TJIG,2/3/2020,82.4,73.4,65.74351,77.08626,88.507805
TJIG,2/4/2020,82.4,77,65.74351,73.928345,83.437645
TJIG,2/5/2020,82.4,75.2,69.897545,74.85339,83.32391
TJIG,2/6/2020,84.2,75.2,62.02914,73.58001,83.32391
TJIG,2/7/2020,82.4,75.2,69.71026,75.67182,78.76171
TJIG,2/8/2020,82.4,77,58.079987,71.47314,78.47891
TJIG,2/9/2020,82.4,75.2,65.74351,77.43507,88.588776
TJIG,2/10/2020,82.4,75.2,65.74351,77.53186,88.588776
TJIG,2/11/2020,82.4,75.2,65.74351,70.958626,74.114944
TJIG,2/12/2020,82.4,78.8,69.71026,73.532524,78.62098
TJIG,2/13/2020,82.4,78.8,58.07999,68.886955,74.114944
TJIG,2/14/2020,82.4,75.2,69.71026,77.77663,88.588776
TJIG,2/15/2020,82.4,73.4,65.74351,80.52014,94.10022
TJIG,2/16/2020,80.6,75.2,69.71026,79.36369,88.588776
TJIG,2/17/2020,82.4,75.2,69.71026,74.70242,83.32391
TJIG,2/18/2020,82.4,77,69.71026,73.13209,78.47891
TJIG,2/19/2020,80.6,77,65.536865,72.62402,78.47891
TJIG,2/20/2020,82.4,75.2,58.07999,69.95489,78.335495
TJIG,2/21/2020,82.4,73.4,61.807594,71.45323,78.19072
TJIG,2/22/2020,82.4,73.4,58.07999,71.74766,78.47891
TJIG,2/23/2020,87.8,73.4,45.87598,73.091644,83.55026
TJIG,2/24/2020,77,73.4,78.47891,88.11672,94.10022
TJIG,2/25/2020,75.2,73.4,83.32391,90.33097,94.14301
TJIG,2/26/2020,84.2,75.2,65.94849,79.93355,88.588776
TJIG,2/27/2020,82.4,69.8,54.551235,73.50168,88.34331
TJIG,2/28/2020,82.4,75.2,69.71026,75.95298,83.32391
TJIG,2/29/2020,82.4,71.6,69.71026,79.030785,88.507805
TJIG,3/1/2020,82.4,75.2,69.897545,77.772,83.32391
TJIG,3/2/2020,78.8,75.2,73.9485,81.76062,88.588776
TJIG,3/3/2020,80.6,73.4,65.536865,78.75899,88.507805
TJIG,3/4/2020,82.4,75.2,65.536865,75.12266,83.32391
TJIG,3/5/2020,82.4,75.2,65.74351,75.926956,83.32391
TJIG,3/6/2020,84.2,75.2,62.02914,74.95662,83.32391
TJIG,3/7/2020,82.4,71.6,61.807594,75.99461,88.507805
TJIG,3/8/2020,82.4,73.4,61.807594,79.27821,94.10022
TJIG,3/9/2020,78.8,75.2,78.62098,84.82952,88.588776
TJIG,3/10/2020,82.4,71.6,65.536865,81.138336,94.05696
TJIG,3/11/2020,80.6,73.4,69.52137,83.266106,94.10022
TJIG,3/12/2020,87.8,73.4,48.581966,67.8607,88.507805
TJIG,3/13/2020,82.4,73.4,69.71026,78.41718,88.507805
TJIG,3/14/2020,80.6,73.4,69.71026,80.87683,88.588776
TJIG,3/15/2020,80.6,75.2,57.603676,63.593735,69.138725
TJIG,3/16/2020,80.6,75.2,65.32855,72.23468,88.588776
TJIG,3/17/2020,80.6,75.2,69.71026,76.82355,83.437645
TJIG,3/18/2020,80.6,75.2,74.114944,78.328606,83.437645
TJIG,3/19/2020,80.6,75.2,69.71026,78.11339,83.55026
TJIG,3/20/2020,82.4,77,61.58435,70.139145,78.47891
TJIG,3/21/2020,80.6,77,61.58435,66.04563,69.330864
TJIG,3/22/2020,80.6,73.4,69.71026,79.89889,88.507805
TJIG,3/23/2020,80.6,73.4,65.32855,75.88996,88.507805
TJIG,3/24/2020,80.6,77,65.118546,67.48022,73.9485
TJIG,3/25/2020,82.4,77,61.807594,70.98527,73.9485
TJIG,3/26/2020,82.4,73.4,61.58435,71.00482,78.19072
TJIG,3/27/2020,84.2,71.6,54.798595,74.23819,83.09303
TJIG,3/28/2020,82.4,73.4,69.897545,80.8443,94.10022
TJIG,3/29/2020,82.4,77,65.74351,73.189606,78.47891
TJIG,3/30/2020,82.4,78.8,61.58435,65.496994,69.71026
TJIG,3/31/2020,82.4,73.4,65.74351,71.53006,78.62098
TJIG,4/1/2020,86,71.6,54.551235,72.647934,83.09303
TJIG,4/2/2020,87.8,73.4,48.84356,72.84828,83.209045
TJIG,4/3/2020,87.8,75.2,55.28835,72.66411,83.32391
TJIG,4/4/2020,82.4,75.2,69.897545,78.43253,88.588776
TJIG,4/5/2020,82.4,73.4,69.897545,80.593636,88.507805
TJIG,4/6/2020,82.4,77,74.2799,81.68237,88.668915
TJIG,4/7/2020,82.4,78.8,74.2799,79.59992,83.55026
TJIG,4/8/2020,80.6,75.2,78.76171,88.5288,94.14301
TJIG,4/9/2020,82.4,77,78.76171,84.79854,88.826744
TJIG,4/10/2020,89.6,77,52.23055,72.07058,83.437645
TJIG,4/11/2020,84.2,78.8,69.897545,75.729546,78.90113
TJIG,4/12/2020,84.2,78.8,70.083244,76.83108,83.55026
TJIG,4/13/2020,84.2,80.6,69.897545,74.543686,78.76171
TJIG,4/14/2020,82.4,78.8,69.897545,74.520424,78.76171
TJIG,4/15/2020,84.2,75.2,65.94849,79.43762,88.668915
TJIG,4/16/2020,84.2,75.2,65.94849,76.560326,83.55026
TJIG,4/17/2020,84.2,77,65.94849,75.87433,83.437645
TJIG,4/18/2020,84.2,75.2,69.897545,77.65914,88.588776
TJIG,4/19/2020,84.2,77,65.94849,77.759155,88.668915
TJIG,4/20/2020,87.8,78.8,45.87598,69.82611,78.62098
TJIG,4/21/2020,89.6,77,40.68604,66.60124,78.47891
TJIG,4/22/2020,86,78.8,58.549522,72.45233,78.90113
TJIG,4/23/2020,84.2,78.8,69.897545,77.15597,83.55026
TJIG,4/24/2020,86,78.8,55.044296,72.19788,78.76171
TJIG,4/25/2020,87.8,77,55.28835,74.91038,83.55026
TJIG,4/26/2020,84.2,77,54.798595,73.60489,83.437645
TJIG,4/27/2020,84.2,78.8,62.02914,71.44724,74.2799
TJIG,4/28/2020,84.2,78.8,62.02914,70.54996,74.2799
TJIG,4/29/2020,84.2,78.8,62.02914,73.98854,78.76171
TJIG,4/30/2020,84.2,77,65.94849,79.38806,83.66177
TJIG,5/1/2020,84.2,78.8,65.94849,71.25879,74.2799
TJIG,5/2/2020,86,80.6,58.549522,68.687195,74.2799
TJIG,5/3/2020,84.2,78.8,69.897545,74.786606,78.90113
TJIG,5/4/2020,84.2,78.8,65.94849,78.514656,83.66177
TJIG,5/5/2020,84.2,78.8,69.71026,75.49289,83.55026
TJIG,5/6/2020,91.4,80.6,49.362175,68.44439,78.76171
TJIG,5/7/2020,91.4,82.4,46.406975,61.143612,74.2799
TJIG,5/8/2020,91.4,80.6,49.362175,63.24625,74.2799
TJIG,5/9/2020,86,80.6,62.02914,73.357864,78.76171
TJIG,5/10/2020,84.2,80.6,62.02914,69.466125,74.114944
TJIG,5/11/2020,86,78.8,58.549522,70.563225,78.62098
TJIG,5/12/2020,87.8,75.2,55.28835,75.30256,94.14301
TJIG,5/13/2020,87.8,78.8,58.549522,70.93809,74.2799
TJIG,5/14/2020,84.2,78.8,62.02914,70.16139,78.62098
TJIG,5/15/2020,86,78.8,58.549522,69.45191,74.114944
TJIG,5/16/2020,87.8,80.6,48.84356,65.11457,74.114944
TJIG,5/17/2020,91.4,80.6,55.77155,70.8538,74.44338
TJIG,5/18/2020,87.8,80.6,55.28835,69.973694,78.90113
TJIG,5/19/2020,84.2,80.6,69.897545,73.149574,74.44338
TJIG,5/20/2020,84.2,80.6,65.74351,70.85691,74.2799
TJIG,5/21/2020,89.6,80.6,59.012367,75.82387,79.17608
TJIG,5/22/2020,89.6,80.6,55.530766,74.432304,79.17608
TJIG,5/23/2020,89.6,80.6,55.530766,71.82718,79.17608
TJIG,5/24/2020,87.8,80.6,48.84356,70.86484,78.76171
TJIG,5/25/2020,91.4,80.6,52.23055,68.16439,78.76171
TJIG,5/26/2020,86,82.4,62.249004,72.634834,79.039246
TJIG,5/27/2020,86,78.8,70.083244,75.716095,78.90113
TJIG,5/28/2020,84.2,78.8,69.71026,75.56919,78.76171
TJIG,5/29/2020,87.8,78.8,62.249004,72.39804,79.039246
TJIG,5/30/2020,86,78.8,65.94849,75.911865,83.55026
TJIG,5/31/2020,86,82.4,70.26737,72.854614,74.44338
TJIG,6/1/2020,86,80.6,70.083244,75.609215,83.772194
TJIG,6/2/2020,86,80.6,70.083244,74.98516,83.772194
TJIG,6/3/2020,87.8,82.4,62.467205,72.02051,74.44338
TJIG,6/4/2020,87.8,80.6,58.781776,70.40167,78.76171
TJIG,6/5/2020,86,82.4,66.15182,71.733284,74.44338
TJIG,6/6/2020,86,78.8,66.15182,76.61623,83.66177
TJIG,6/7/2020,86,78.8,70.083244,77.126396,83.55026
TJIG,6/8/2020,86,78.8,66.15182,77.05916,83.55026
TJIG,6/9/2020,86,78.8,66.15182,75.7626,83.55026
TJIG,6/10/2020,87.8,78.8,62.467205,74.66724,83.55026
TJIG,6/11/2020,86,78.8,62.249004,77.06516,83.55026
TJIG,6/12/2020,87.8,80.6,66.35352,76.98096,83.66177
TJIG,6/13/2020,89.6,80.6,52.23055,70.77195,78.76171
TJIG,6/14/2020,87.8,80.6,62.467205,71.72026,78.76171
TJIG,6/15/2020,87.8,80.6,62.249004,70.96788,78.76171
TJIG,6/16/2020,86,80.6,66.15182,73.97553,78.90113
TJIG,6/17/2020,86,80.6,66.15182,73.97982,78.76171
TJIG,6/18/2020,87.8,80.6,70.083244,74.93812,79.039246
TJIG,6/19/2020,87.8,82.4,62.467205,69.868286,83.88154
TJIG,6/20/2020,87.8,82.4,66.15182,72.07212,79.039246
TJIG,6/21/2020,89.6,82.4,66.55361,79.82445,83.88154
TJIG,6/22/2020,87.8,82.4,70.26737,77.16283,83.88154
TJIG,6/23/2020,87.8,82.4,66.35352,73.87936,79.039246
TJIG,6/24/2020,86,80.6,70.083244,76.04917,83.66177
TJIG,6/25/2020,87.8,82.4,62.467205,71.13569,74.44338
TJIG,6/26/2020,87.8,78.8,74.76602,83.51486,88.90445
TJIG,6/27/2020,87.8,82.4,70.44994,76.9974,83.88154
TJIG,6/28/2020,87.8,82.4,70.26737,77.50377,83.772194
TJIG,6/29/2020,87.8,80.6,62.467205,71.4126,78.76171
TJIG,6/30/2020,87.8,80.6,62.467205,73.9806,88.826744
TJIG,7/1/2020,87.8,80.6,66.35352,75.09472,79.039246
TJIG,7/2/2020,87.8,82.4,66.35352,76.53367,83.88154
TJIG,7/3/2020,87.8,82.4,62.467205,70.76369,74.60542
TJIG,7/4/2020,87.8,82.4,58.781776,72.184906,78.90113
TJIG,7/5/2020,87.8,80.6,66.15182,70.822136,74.44338
TJIG,7/6/2020,87.8,84.2,66.35352,73.876686,83.88154
TJIG,7/7/2020,87.8,80.6,74.76602,81.2776,83.88154
TJIG,7/8/2020,89.6,82.4,62.467205,76.65186,83.88154
TJIG,7/9/2020,87.8,82.4,62.467205,71.961914,78.90113
TJIG,7/10/2020,87.8,80.6,66.15182,76.10602,83.772194
TJIG,7/11/2020,87.8,80.6,62.249004,71.94149,78.76171
TJIG,7/12/2020,86,77,74.44338,86.28514,94.18534
TJIG,7/13/2020,87.8,80.6,66.35352,79.22122,83.88154
TJIG,7/14/2020,87.8,84.2,62.467205,74.17076,79.039246
TJIG,7/15/2020,87.8,84.2,62.467205,64.60887,74.44338
TJIG,7/16/2020,87.8,80.6,66.35352,75.57352,78.90113
TJIG,7/17/2020,87.8,80.6,66.15182,73.45598,78.90113
TJIG,7/18/2020,87.8,78.8,66.35352,75.9761,83.55026
TJIG,7/19/2020,87.8,78.8,66.35352,73.73161,78.62098
TJIG,7/20/2020,87.8,80.6,66.35352,73.45242,78.76171
TJIG,7/21/2020,87.8,80.6,66.35352,75.51163,79.17608
TJIG,7/22/2020,86,80.6,70.26737,77.350555,83.66177
TJIG,7/23/2020,87.8,78.8,66.15182,75.57827,83.55026
TJIG,7/24/2020,87.8,78.8,74.76602,82.62895,88.74824
TJIG,7/25/2020,87.8,82.4,70.26737,75.15299,79.039246
TJIG,7/26/2020,87.8,84.2,66.35352,72.51503,74.60542
TJIG,7/27/2020,87.8,80.6,62.467205,71.85392,78.76171
TJIG,7/28/2020,87.8,82.4,74.60542,81.09522,88.90445
TJIG,7/29/2020,86,80.6,74.44338,80.40373,88.90445
TJIG,7/30/2020,78.8,75.2,88.668915,,94.14301
TJIG,7/31/2020,87.8,80.6,62.467205,74.71886,83.66177
TJIG,8/1/2020,86,80.6,74.44338,78.34831,83.66177
TJIG,8/2/2020,87.8,78.8,70.083244,80.42118,88.74824
TJIG,8/3/2020,93.2,80.6,49.619205,69.76274,83.66177
TJIG,8/4/2020,87.8,82.4,66.35352,76.032845,83.88154
TJIG,8/5/2020,87.8,82.4,62.467205,72.33648,78.90113
TJIG,8/6/2020,87.8,80.6,62.249004,71.69609,78.76171
TJIG,8/7/2020,87.8,82.4,66.35352,72.08381,88.90445
TJIG,8/8/2020,87.8,82.4,66.35352,74.344536,83.772194
TJIG,8/9/2020,87.8,82.4,66.35352,73.480835,78.90113
TJIG,8/10/2020,87.8,80.6,66.35352,76.00924,83.66177
TJIG,8/11/2020,87.8,80.6,66.15182,70.8166,74.44338
TJIG,8/12/2020,84.2,82.4,74.44338,81.52936,88.98136
TJIG,8/13/2020,87.8,80.6,66.15182,73.51889,79.039246
TJIG,8/14/2020,87.8,80.6,66.35352,74.678635,83.66177
TJIG,8/15/2020,87.8,80.6,70.083244,78.03141,83.66177
TJIG,8/16/2020,87.8,82.4,74.76602,84.22624,88.90445
TJIG,8/17/2020,87.8,80.6,66.35352,77.32159,83.66177
TJIG,8/18/2020,87.8,82.4,66.35352,72.42384,78.90113
TJIG,8/19/2020,91.4,82.4,49.362175,69.13443,74.44338
TJIG,8/20/2020,87.8,80.6,62.467205,70.084045,79.039246
TJIG,8/21/2020,87.8,82.4,74.60542,81.6756,88.98136
TJIG,8/22/2020,80.6,75.2,78.62098,88.379654,100
TJIG,8/23/2020,87.8,82.4,70.44994,77.48829,83.88154
TJIG,8/24/2020,82.4,75.2,74.2799,84.393616,88.668915
TJIG,8/25/2020,87.8,78.8,62.467205,80.30458,88.74824
TJIG,8/26/2020,87.8,80.6,66.35352,77.09698,83.88154
TJIG,8/27/2020,86,82.4,70.26737,79.48385,88.90445
TJIG,8/28/2020,87.8,84.2,66.35352,73.24357,79.17608
TJIG,8/29/2020,87.8,84.2,66.35352,71.839874,74.44338
TJIG,8/30/2020,87.8,84.2,66.35352,71.65561,79.039246
TJIG,8/31/2020,89.6,84.2,70.630974,77.5415,83.88154
TJIG,9/1/2020,87.8,82.4,66.35352,70.57859,83.88154
TJIG,9/2/2020,87.8,84.2,66.35352,74.98301,83.88154
TJIG,9/3/2020,86,78.8,73.9485,78.980286,83.66177
TJIG,9/4/2020,87.8,78.8,66.35352,79.92127,88.74824
TJIG,9/5/2020,87.8,82.4,66.35352,74.19663,79.039246
TJIG,9/6/2020,87.8,80.6,62.467205,74.387924,83.66177
TJIG,9/7/2020,86,78.8,66.15182,77.79997,83.55026
TJIG,9/8/2020,84.2,78.8,74.2799,81.00875,83.88154
TJIG,9/9/2020,87.8,75.2,62.467205,76.60519,88.588776
TJIG,9/10/2020,87.8,78.8,62.249004,74.77797,83.66177
TJIG,9/11/2020,87.8,78.8,66.15182,78.53843,88.74824
TJIG,9/12/2020,87.8,78.8,70.083244,76.90271,83.55026
TJIG,9/13/2020,87.8,78.8,58.781776,78.03527,88.74824
TJIG,9/14/2020,89.6,80.6,62.683746,76.89662,83.66177
TJIG,9/15/2020,87.8,80.6,70.26737,76.79707,83.66177
TJIG,9/16/2020,89.6,80.6,70.26737,77.820465,83.66177
TJIG,9/17/2020,87.8,84.2,66.35352,72.6168,79.039246
TJIG,9/18/2020,87.8,80.6,66.35352,76.572495,83.66177
TJIG,9/19/2020,87.8,80.6,62.467205,74.78825,83.66177
TJIG,9/20/2020,87.8,78.8,55.28835,70.32025,78.62098
TJIG,9/21/2020,87.8,78.8,62.467205,71.55572,78.62098
TJIG,9/22/2020,89.6,80.6,59.012367,73.46326,78.90113
TJIG,9/23/2020,91.4,78.8,55.77155,71.58121,83.55026
TJIG,9/24/2020,87.8,80.6,66.15182,74.44152,78.76171
TJIG,9/25/2020,87.8,80.6,74.60542,79.09877,83.66177
TJIG,9/26/2020,87.8,78.8,66.35352,77.849464,88.74824
TJIG,9/27/2020,87.8,80.6,70.26737,77.04751,83.88154
TJIG,9/28/2020,87.8,78.8,66.35352,74.39937,83.55026
TJIG,9/29/2020,89.6,78.8,59.012367,74.85309,83.66177
TJIG,9/30/2020,87.8,82.4,66.35352,77.96692,83.772194
TJIG,10/1/2020,87.8,80.6,62.249004,75.44475,83.66177
TJIG,10/2/2020,87.8,80.6,66.15182,74.47851,78.90113
TJIG,10/3/2020,86,78.8,62.249004,77.136604,83.55026
TJIG,10/4/2020,84.2,78.8,70.083244,79.89692,83.66177
TJIG,10/5/2020,86,75.2,65.94849,83.02049,94.18534
TJIG,10/6/2020,87.8,75.2,62.467205,75.443344,88.588776
TJIG,10/7/2020,89.6,77,55.530766,72.5834,83.437645
TJIG,10/8/2020,87.8,80.6,66.35352,75.005936,88.826744
TJIG,10/9/2020,87.8,77,66.35352,79.99138,88.74824
TJIG,10/10/2020,89.6,78.8,62.683746,83.319305,94.22723
TJIG,10/11/2020,86,78.8,66.15182,81.68763,88.74824
TJIG,10/12/2020,87.8,78.8,66.35352,75.302444,83.55026
TJIG,10/13/2020,87.8,78.8,70.44994,78.84962,83.55026
TJIG,10/14/2020,86,78.8,69.897545,79.03588,88.74824
TJIG,10/15/2020,86,78.8,70.26737,79.4147,83.66177
TJIG,10/16/2020,84.2,78.8,74.44338,82.449005,88.90445
TJIG,10/17/2020,86,77,66.15182,80.39165,88.668915
TJIG,10/18/2020,86,77,66.15182,78.071594,88.668915
TJIG,10/19/2020,84.2,75.2,70.083244,78.57294,88.588776
TJIG,10/20/2020,86,78.8,65.74351,73.83393,78.62098
TJIG,10/21/2020,87.8,77,55.28835,73.991394,83.55026
TJIG,10/22/2020,91.4,78.8,40.958687,69.81594,83.66177
TJIG,10/23/2020,87.8,80.6,62.467205,75.517265,79.17608
TJIG,10/24/2020,95,80.6,46.93223,69.446144,78.76171
TJIG,10/25/2020,87.8,80.6,66.35352,75.186295,88.90445
TJIG,10/26/2020,87.8,80.6,66.15182,72.49426,78.76171
TJIG,10/27/2020,87.8,78.8,66.15182,79.338684,88.74824
TJIG,10/28/2020,87.8,82.4,62.467205,71.30736,78.90113
TJIG,10/29/2020,84.2,78.8,74.2799,80.7205,88.74824
TJIG,10/30/2020,87.8,80.6,62.467205,74.735245,83.66177
TJIG,10/31/2020,86,80.6,65.94849,72.90061,78.76171
TJIG,11/1/2020,86,80.6,62.249004,72.41056,78.76171
TJIG,11/2/2020,87.8,77,62.467205,81.93479,94.18534
TJIG,11/3/2020,87.8,80.6,62.467205,71.37586,74.44338
TJIG,11/4/2020,86,78.8,62.249004,70.46397,78.62098
TJIG,11/5/2020,86,77,65.94849,74.504486,83.437645
TJIG,11/6/2020,84.2,77,65.94849,74.18312,83.437645
TJIG,11/7/2020,86,78.8,65.94849,74.09849,78.76171
TJIG,11/8/2020,86,75.2,66.15182,80.956245,94.14301
TJIG,11/9/2020,84.2,77,74.2799,82.00674,88.668915
TJIG,11/10/2020,80.6,77,83.55026,87.95511,94.18534
TJIG,11/11/2020,84.2,75.2,70.083244,88.29456,94.14301
TJIG,11/12/2020,84.2,75.2,65.94849,80.88866,88.588776
TJIG,11/13/2020,84.2,78.8,65.94849,73.93212,83.55026
TJIG,11/14/2020,84.2,75.2,65.94849,78.027695,88.588776
TJIG,11/15/2020,84.2,77,65.94849,74.67042,83.55026
TJIG,11/16/2020,84.2,75.2,65.94849,77.267334,88.588776
TJIG,11/17/2020,84.2,77,70.083244,78.04012,83.66177
TJIG,11/18/2020,84.2,75.2,70.083244,83.68459,94.14301
TJIG,11/19/2020,84.2,77,70.083244,80.064026,88.668915
TJIG,11/20/2020,87.8,77,58.781776,78.7964,88.668915
TJIG,11/21/2020,84.2,75.2,69.897545,80.29811,88.588776
TJIG,11/22/2020,86,75.2,58.549522,80.37952,88.588776
TJIG,11/23/2020,84.2,75.2,65.94849,78.06002,88.668915
TJIG,11/24/2020,87.8,73.4,58.781776,81.67158,94.14301
TJIG,11/25/2020,82.4,75.2,69.897545,85.27101,94.14301
TJIG,11/26/2020,84.2,75.2,65.94849,80.327225,88.588776
TJIG,11/27/2020,82.4,73.4,65.74351,79.69037,94.10022
TJIG,11/28/2020,82.4,75.2,74.2799,83.38234,88.588776
TJIG,11/29/2020,84.2,75.2,65.94849,77.80596,88.588776
TJIG,11/30/2020,82.4,75.2,57.842686,69.4335,83.32391
TJIG,12/1/2020,84.2,73.4,65.74351,73.61113,83.209045
TJIG,12/2/2020,84.2,32,62.02914,77.23539,88.507805
TJIG,12/3/2020,84.2,73.4,58.07999,74.12074,88.507805
TJIG,12/4/2020,82.4,75.2,65.536865,68.53357,73.6111
TJIG,12/5/2020,80.6,73.4,65.536865,78.01274,88.588776
TJIG,12/6/2020,82.4,71.6,69.71026,80.060875,88.42599
TJIG,12/7/2020,86,75.2,58.07999,72.69953,83.32391
TJIG,12/8/2020,87.8,75.2,51.978363,70.65086,83.32391
TJIG,12/9/2020,84.2,73.4,58.07999,69.49558,78.19072
TJIG,12/10/2020,84.2,75.2,62.02914,78.2047,88.588776
TJIG,12/11/2020,82.4,73.4,65.74351,82.29136,94.10022
TJIG,12/12/2020,84.2,73.4,65.94849,82.51658,94.10022
TJIG,12/13/2020,82.4,73.4,74.2799,83.239456,94.10022
TJIG,12/14/2020,82.4,80.6,69.71026,74.53139,78.76171
TJIG,12/15/2020,82.4,78.8,65.74351,71.12555,78.62098
TJIG,12/16/2020,82.4,75.2,69.897545,79.74395,88.588776
TJIG,12/17/2020,84.2,73.4,69.897545,79.87502,88.588776
TJIG,12/18/2020,84.2,75.2,69.897545,80.79911,88.588776
TJIG,12/19/2020,82.4,75.2,74.114944,79.585724,83.55026
TJIG,12/20/2020,84.2,77,65.94849,76.52958,83.437645
TJIG,12/21/2020,82.4,75.2,69.71026,79.9194,88.588776
TJIG,12/22/2020,84.2,78.8,65.94849,73.98743,78.62098
TJIG,12/23/2020,84.2,75.2,62.02914,76.72046,83.55026
TJIG,12/24/2020,82.4,73.4,61.807594,77.897896,94.10022
TJIG,12/25/2020,82.4,75.2,69.71026,79.38892,88.668915
TJIG,12/26/2020,82.4,71.6,69.71026,80.675964,94.05696
TJIG,12/27/2020,82.4,71.6,69.71026,80.51996,94.05696
TJIG,12/28/2020,82.4,71.6,69.71026,81.7204,94.05696
TJIG,12/29/2020,82.4,73.4,65.74351,81.667534,94.10022
TJIG,12/30/2020,80.6,78.8,61.58435,66.15224,73.9485
TJIG,12/31/2020,82.4,78.8,61.58435,69.13136,73.9485
TJIG,1/1/2021,82.4,77,54.551235,68.96193,78.47891
TJIG,1/2/2021,80.6,71.6,57.842686,72.486084,83.32391
TJIG,1/3/2021,82.4,77,54.30221,62.911304,69.330864
TJIG,1/4/2021,80.6,75.2,54.30221,62.834023,78.335495
TJIG,1/5/2021,78.8,73.4,73.780556,79.32866,94.10022
TJIG,1/6/2021,80.6,69.8,61.58435,80.03819,94.05696
TJIG,1/7/2021,82.4,71.6,58.07999,74.003654,83.09303
TJIG,1/8/2021,82.4,71.6,65.32855,77.30219,88.42599
TJIG,1/9/2021,82.4,71.6,69.71026,77.579895,83.09303
TJIG,1/10/2021,82.4,73.4,74.114944,82.577095,94.10022
TJIG,1/11/2021,82.4,75.2,65.74351,78.03207,88.588776
TJIG,1/12/2021,82.4,75.2,61.807594,70.05001,78.62098
TJIG,1/13/2021,82.4,75.2,65.74351,78.56028,88.588776
TJIG,1/14/2021,86,73.4,58.549522,78.790146,94.14301
TJIG,1/15/2021,82.4,73.4,58.07999,76.65338,83.209045
TJIG,1/16/2021,82.4,73.4,65.74351,79.21047,88.507805
TJIG,1/17/2021,82.4,71.6,61.807594,78.67422,88.588776
TJIG,1/18/2021,82.4,73.4,58.07999,79.750595,94.10022
TJIG,1/19/2021,82.4,75.2,69.71026,78.377785,88.588776
TJIG,1/20/2021,82.4,73.4,69.897545,78.9132,88.507805
TJIG,1/21/2021,82.4,71.6,65.74351,78.67663,88.507805
TJIG,1/22/2021,82.4,73.4,65.74351,78.93596,88.507805
TJIG,1/23/2021,82.4,73.4,65.74351,78.462875,88.507805
TJIG,1/24/2021,82.4,73.4,65.74351,78.00419,88.507805
TJIG,1/25/2021,80.6,75.2,69.52137,75.566605,83.32391
TJIG,1/26/2021,82.4,75.2,65.74351,75.31802,88.588776
TJIG,1/27/2021,80.6,77,57.842686,64.05286,73.9485
TJIG,1/28/2021,82.4,73.4,58.07999,71.46307,83.209045
TJIG,1/29/2021,82.4,73.4,58.07999,73.8555,83.32391
TJIG,1/30/2021,80.6,71.6,69.71026,81.72167,94.10022
TJIG,1/31/2021,78.8,73.4,69.52137,79.14552,94.10022
TJIG,2/1/2021,87.8,73.4,51.724586,73.1798,88.507805
TJIG,2/2/2021,87.8,75.2,48.84356,66.1812,78.335495
TJIG,2/3/2021,87.8,73.4,45.87598,68.02875,83.209045
TJIG,2/4/2021,80.6,73.4,74.114944,83.57202,88.588776
TJIG,2/5/2021,82.4,73.4,69.71026,78.37078,88.507805
TJIG,2/6/2021,82.4,77,58.07999,65.34897,73.9485
TJIG,2/7/2021,86,75.2,45.60833,71.7314,88.588776
TJIG,2/8/2021,82.4,73.4,69.71026,79.795296,88.507805
TJIG,2/9/2021,82.4,78.8,54.551235,69.19588,78.62098
TJIG,2/10/2021,80.6,73.4,69.52137,76.953766,94.10022
TJIG,2/11/2021,82.4,73.4,65.74351,77.573204,88.588776
TJIG,2/12/2021,80.6,73.4,61.58435,80.80392,94.10022
TJIG,2/13/2021,86,75.2,48.318848,68.32208,83.32391
TJIG,2/14/2021,80.6,75.2,61.58435,72.47312,88.588776
TJIG,2/15/2021,82.4,73.4,61.58435,76.24583,88.507805
TJIG,2/16/2021,82.4,77,58.07999,66.1934,73.9485
TJIG,2/17/2021,82.4,73.4,65.74351,83.48721,94.10022
TJIG,2/18/2021,82.4,77,65.536865,73.1212,78.47891
TJIG,2/19/2021,82.4,75.2,58.07999,72.14624,78.47891
TJIG,2/20/2021,80.6,71.6,65.536865,75.71988,83.09303
TJIG,2/21/2021,80.6,73.4,69.71026,79.62559,88.507805
TJIG,2/22/2021,82.4,78.8,65.74351,71.6832,73.9485
TJIG,2/23/2021,84.2,75.2,54.798595,69.57087,78.335495
TJIG,2/24/2021,82.4,75.2,54.551235,65.510376,73.6111
TJIG,2/25/2021,82.4,75.2,57.842686,63.995834,69.138725
TJIG,2/26/2021,82.4,73.4,58.07999,67.935814,88.507805
TJIG,2/27/2021,80.6,75.2,69.52137,77.04482,88.588776
TJIG,2/28/2021,80.6,77,57.603676,69.299545,78.47891
TJIG,3/1/2021,80.6,71.6,61.58435,78.79822,94.05696
TJIG,3/2/2021,80.6,75.2,54.30221,66.837234,78.335495
TJIG,3/3/2021,80.6,73.4,61.3594,73.781334,83.209045
TJIG,3/4/2021,84.2,69.8,51.469208,75.21274,88.34331
TJIG,3/5/2021,86,73.4,42.522427,69.068756,78.335495
TJIG,3/6/2021,87.8,75.2,45.87598,70.51182,83.32391
TJIG,3/7/2021,87.8,75.2,45.87598,64.82846,78.335495
TJIG,3/8/2021,82.4,75.2,69.897545,78.731674,83.32391
TJIG,3/9/2021,82.4,78.8,65.74351,71.73412,78.62098
TJIG,3/10/2021,82.4,75.2,65.74351,77.162476,88.588776
TJIG,3/11/2021,82.4,75.2,61.58435,69.264915,78.62098
TJIG,3/12/2021,82.4,73.4,65.32855,73.03025,78.19072
TJIG,3/13/2021,80.6,71.6,65.536865,78.452995,88.42599
TJIG,3/14/2021,80.6,75.2,65.536865,74.04809,83.32391
TJIG,3/15/2021,80.6,73.4,69.52137,79.07708,88.507805
TJIG,3/16/2021,80.6,75.2,50.953636,60.92252,65.32855
TJIG,3/17/2021,80.6,75.2,61.58435,73.36244,83.32391
TJIG,3/18/2021,80.6,75.2,54.051514,64.185585,83.32391
TJIG,3/19/2021,82.4,75.2,58.07999,68.353355,78.335495
TJIG,3/20/2021,82.4,75.2,65.536865,74.77462,78.62098
TJIG,3/21/2021,80.6,77,61.58435,67.42014,73.9485
TJIG,3/22/2021,82.4,73.4,58.07999,66.783394,73.6111
TJIG,3/23/2021,82.4,73.4,61.58435,74.85557,83.209045
TJIG,3/24/2021,82.4,73.4,69.71026,77.97648,88.507805
TJIG,3/25/2021,82.4,75.2,65.74351,75.014114,83.32391
TJIG,3/26/2021,82.4,75.2,65.536865,72.85443,83.32391
TJIG,3/27/2021,82.4,75.2,65.32855,72.320984,78.335495
TJIG,3/28/2021,82.4,75.2,65.74351,75.697716,88.588776
TJIG,3/29/2021,82.4,75.2,69.71026,79.99149,94.14301
TJIG,3/30/2021,82.4,78.8,69.897545,75.358376,78.62098
TJIG,3/31/2021,82.4,78.8,65.32855,68.9749,78.62098
TJIG,4/1/2021,82.4,78.8,54.551235,64.57585,73.9485
TJIG,4/2/2021,80.6,73.4,69.71026,81.77467,88.588776
TJIG,4/3/2021,86,73.4,58.315598,77.09022,94.10022
TJIG,4/4/2021,84.2,73.4,58.315598,77.00155,88.507805
TJIG,4/5/2021,82.4,73.4,65.74351,77.98348,88.507805
TJIG,4/6/2021,82.4,75.2,65.74351,78.78829,88.588776
TJIG,4/7/2021,80.6,75.2,69.71026,78.12729,88.588776
TJIG,4/8/2021,80.6,75.2,61.58435,73.56492,83.32391
TJIG,4/9/2021,80.6,73.4,57.842686,65.42165,73.44011
TJIG,4/10/2021,80.6,71.6,54.30221,63.313454,73.26756
TJIG,4/11/2021,82.4,71.6,57.842686,66.660706,73.26756
TJIG,4/12/2021,82.4,71.6,61.3594,69.45988,78.04456
TJIG,4/13/2021,82.4,75.2,69.897545,77.34501,83.32391
TJIG,4/14/2021,82.4,75.2,69.897545,76.33319,83.32391
TJIG,4/15/2021,80.6,77,57.603676,60.15027,65.32855
TJIG,4/16/2021,82.4,75.2,69.71026,73.9726,78.76171
TJIG,4/17/2021,91.4,78.8,46.142197,66.03791,83.55026
TJIG,4/18/2021,91.4,78.8,46.142197,69.56353,78.62098
TJIG,4/19/2021,86,78.8,51.724586,71.50429,78.62098
TJIG,4/20/2021,86,78.8,58.315598,69.31415,74.114944
TJIG,4/21/2021,84.2,78.8,61.807594,68.47201,74.2799
TJIG,4/22/2021,82.4,77,69.897545,76.577515,83.55026
TJIG,4/23/2021,84.2,78.8,69.897545,73.01399,74.2799
TJIG,4/24/2021,84.2,78.8,65.74351,72.46849,78.62098
TJIG,4/25/2021,84.2,78.8,58.315598,69.65559,74.114944
TJIG,4/26/2021,84.2,75.2,61.58435,73.622696,83.32391
TJIG,4/27/2021,84.2,78.8,65.74351,72.04021,78.62098
TJIG,4/28/2021,80.6,75.2,74.114944,81.95993,88.588776
TJIG,4/29/2021,84.2,75.2,61.807594,76.25296,83.437645
TJIG,4/30/2021,82.4,75.2,69.897545,79.05129,88.588776
TJIG,5/1/2021,82.4,75.2,69.71026,76.406136,83.32391
TJIG,5/2/2021,84.2,77,65.74351,72.548996,78.47891
TJIG,5/3/2021,84.2,75.2,65.94849,77.62767,88.588776
TJIG,5/4/2021,84.2,75.2,65.94849,77.94858,88.588776
TJIG,5/5/2021,84.2,78.8,65.94849,73.23078,78.76171
TJIG,5/6/2021,84.2,77,65.74351,70.90053,74.114944
TJIG,5/7/2021,84.2,75.2,62.02914,73.28837,83.32391
TJIG,5/8/2021,84.2,75.2,61.807594,74.4554,83.32391
TJIG,5/9/2021,84.2,78.8,70.083244,76.41206,83.66177
TJIG,5/10/2021,86,77,58.549522,80.08758,88.668915
TJIG,5/11/2021,84.2,78.8,74.2799,79.577126,83.55026
TJIG,5/12/2021,84.2,78.8,65.94849,74.44893,78.62098
TJIG,5/13/2021,84.2,80.6,69.897545,73.2794,78.76171
TJIG,5/14/2021,82.4,78.8,74.2799,78.738716,83.66177
TJIG,5/15/2021,87.8,77,51.978363,72.71053,88.74824
TJIG,5/16/2021,86,78.8,58.549522,73.39724,78.76171
TJIG,5/17/2021,84.2,77,69.897545,75.78281,83.437645
TJIG,5/18/2021,89.6,78.8,52.23055,73.423805,78.90113
TJIG,5/19/2021,91.4,78.8,49.362175,71.21402,83.55026
TJIG,5/20/2021,86,80.6,65.94849,75.65494,78.90113
TJIG,5/21/2021,84.2,78.8,69.897545,75.44988,78.62098
TJIG,5/22/2021,84.2,78.8,69.897545,75.46895,78.90113
TJIG,5/23/2021,80.6,73.4,69.71026,81.524315,88.588776
TJIG,5/24/2021,84.2,75.2,74.2799,81.00128,88.588776
TJIG,5/25/2021,84.2,80.6,70.083244,74.16127,78.76171
TJIG,5/26/2021,84.2,80.6,69.897545,74.19761,78.76171
TJIG,5/27/2021,84.2,80.6,70.083244,75.07225,78.76171
TJIG,5/28/2021,84.2,78.8,69.897545,77.1314,83.55026
TJIG,5/29/2021,86,80.6,66.15182,74.23392,78.76171
TJIG,5/30/2021,84.2,80.6,65.94849,69.47588,74.2799
TJIG,5/31/2021,84.2,77,70.083244,76.55545,83.55026
TJIG,6/1/2021,84.2,78.8,65.74351,74.69933,78.76171
TJIG,6/2/2021,84.2,78.8,69.897545,76.37677,83.55026
TJIG,6/3/2021,84.2,78.8,69.897545,74.25267,83.55026
TJIG,6/4/2021,84.2,78.8,70.083244,78.22086,83.55026
TJIG,6/5/2021,84.2,75.2,70.083244,80.18839,88.588776
TJIG,6/6/2021,84.2,78.8,65.94849,75.22761,83.55026
TJIG,6/7/2021,82.4,78.8,74.114944,79.28455,83.55026
TJIG,6/8/2021,82.4,77,73.9485,81.94681,88.668915
TJIG,6/9/2021,84.2,75.2,74.44338,87.1859,94.14301
TJIG,6/10/2021,82.4,73.4,74.114944,86.57445,94.14301
TJIG,6/11/2021,82.4,78.8,78.76171,82.11034,83.66177
TJIG,6/12/2021,84.2,78.8,70.083244,77.068504,78.90113
TJIG,6/13/2021,84.2,78.8,70.083244,78.46525,83.55026
TJIG,6/14/2021,84.2,80.6,70.083244,75.990234,78.90113
TJIG,6/15/2021,86,80.6,70.26737,77.287575,88.826744
TJIG,6/16/2021,86,82.4,70.26737,77.28763,83.772194
TJIG,6/17/2021,86,78.8,70.26737,79.979225,88.74824
TJIG,6/18/2021,86,80.6,66.15182,74.26544,78.90113
TJIG,6/19/2021,86,80.6,69.897545,75.62002,78.90113
TJIG,6/20/2021,86,78.8,74.44338,83.36695,88.826744
TJIG,6/21/2021,84.2,78.8,74.44338,82.75168,88.74824
TJIG,6/22/2021,82.4,78.8,74.2799,78.19218,88.74824
TJIG,6/23/2021,84.2,80.6,65.94849,72.60344,83.66177
TJIG,6/24/2021,86,77,65.94849,77.37634,88.668915
TJIG,6/25/2021,86,78.8,66.15182,76.64478,83.55026
TJIG,6/26/2021,86,75.2,58.549522,79.524826,88.668915
TJIG,6/27/2021,86,75.2,61.807594,77.48593,88.668915
TJIG,6/28/2021,84.2,78.8,70.083244,77.41955,83.55026
TJIG,6/29/2021,86,78.8,65.94849,74.853195,83.55026
TJIG,6/30/2021,86,78.8,65.94849,75.311775,83.55026
TJIG,7/1/2021,86,80.6,70.083244,79.85208,83.88154
TJIG,7/2/2021,86,82.4,70.26737,75.40827,78.90113
TJIG,7/3/2021,89.6,82.4,58.781776,68.25304,79.039246
TJIG,7/4/2021,87.8,80.6,58.781776,72.94544,78.90113
TJIG,7/5/2021,84.2,78.8,69.897545,74.36103,78.90113
TJIG,7/6/2021,87.8,80.6,66.35352,72.78237,74.44338
TJIG,7/7/2021,86,82.4,74.44338,77.254585,79.039246
TJIG,7/8/2021,87.8,82.4,66.15182,74.78739,79.039246
TJIG,7/9/2021,86,82.4,65.94849,71.7966,74.44338
TJIG,7/10/2021,86,78.8,62.249004,77.76722,88.74824
TJIG,7/11/2021,86,82.4,74.60542,79.76047,88.90445
TJIG,7/12/2021,87.8,80.6,66.35352,78.40331,83.772194
TJIG,7/13/2021,86,78.8,70.083244,79.02514,88.74824
TJIG,7/14/2021,84.2,78.8,65.74351,76.75624,83.55026
TJIG,7/15/2021,86,75.2,66.15182,77.34044,88.588776
TJIG,7/16/2021,87.8,80.6,62.467205,72.504944,83.66177
TJIG,7/17/2021,86,80.6,70.083244,75.872086,79.039246
TJIG,7/18/2021,86,80.6,70.26737,81.18419,94.26866
TJIG,7/19/2021,87.8,80.6,66.15182,74.00104,78.76171
TJIG,7/20/2021,87.8,82.4,66.15182,73.75699,79.039246
TJIG,7/21/2021,87.8,82.4,62.467205,71.796745,78.90113
TJIG,7/22/2021,86,80.6,70.083244,75.9352,83.772194
TJIG,7/23/2021,86,80.6,74.44338,84.141304,88.90445
TJIG,7/24/2021,82.4,78.8,78.90113,90.86415,94.26866
TJIG,7/25/2021,86,77,70.26737,85.716034,94.18534
TJIG,7/26/2021,86,78.8,74.60542,83.59922,88.74824
TJIG,7/27/2021,86,82.4,66.15182,72.39286,74.44338
TJIG,7/28/2021,86,75.2,65.94849,77.004456,88.588776
TJIG,7/29/2021,86,78.8,66.15182,75.3118,83.66177
TJIG,7/30/2021,86,80.6,70.26737,78.389084,83.772194
TJIG,7/31/2021,87.8,82.4,66.35352,76.785255,83.88154
TJIG,8/1/2021,87.8,80.6,66.35352,76.712524,83.66177
TJIG,8/2/2021,84.2,80.6,65.94849,78.06541,83.66177
TJIG,8/3/2021,84.2,80.6,70.083244,75.74907,78.76171
TJIG,8/4/2021,86,78.8,74.2799,81.98729,88.74824
TJIG,8/5/2021,86,80.6,66.15182,75.457146,79.039246
TJIG,8/6/2021,87.8,80.6,66.35352,76.096954,83.66177
TJIG,8/7/2021,87.8,80.6,66.15182,76.02,83.66177
TJIG,8/8/2021,84.2,80.6,70.083244,78.09124,83.66177
TJIG,8/9/2021,87.8,80.6,66.15182,73.32266,78.76171
TJIG,8/10/2021,84.2,78.8,70.083244,77.93746,88.826744
TJIG,8/11/2021,89.6,80.6,59.012367,75.01559,83.88154
TJIG,8/12/2021,87.8,82.4,66.15182,72.44392,74.60542
TJIG,8/13/2021,87.8,82.4,66.35352,72.85437,79.039246
TJIG,8/14/2021,87.8,82.4,74.76602,84.21673,88.90445
TJIG,8/15/2021,86,77,70.26737,87.71312,94.18534
TJIG,8/16/2021,86,78.8,70.26737,79.531296,88.74824
TJIG,8/17/2021,87.8,80.6,66.35352,77.86183,83.66177
TJIG,8/18/2021,87.8,82.4,66.35352,75.26064,79.039246
TJIG,8/19/2021,87.8,82.4,66.35352,71.78193,74.44338
TJIG,8/20/2021,87.8,82.4,70.26737,78.082985,83.88154
TJIG,8/21/2021,87.8,82.4,74.76602,78.87334,83.88154
TJIG,8/22/2021,87.8,82.4,66.35352,77.79606,83.88154
TJIG,8/23/2021,87.8,82.4,66.35352,74.12655,79.039246
TJIG,8/24/2021,87.8,82.4,66.35352,73.91702,78.90113
TJIG,8/25/2021,87.8,80.6,66.15182,74.99898,83.66177
TJIG,8/26/2021,87.8,80.6,66.15182,73.32866,78.76171
TJIG,8/27/2021,87.8,82.4,70.083244,75.07939,83.88154
TJIG,8/28/2021,87.8,82.4,70.44994,81.80205,88.90445
TJIG,8/29/2021,87.8,82.4,66.35352,74.31808,78.90113
TJIG,8/30/2021,84.2,80.6,70.083244,74.35276,78.76171
TJIG,8/31/2021,86,78.8,62.02914,75.03707,83.66177
TJIG,9/1/2021,87.8,78.8,55.28835,75.879906,88.74824
TJIG,9/2/2021,87.8,78.8,66.35352,76.66321,83.55026
TJIG,9/3/2021,87.8,80.6,70.44994,78.53786,83.88154
TJIG,9/4/2021,89.6,82.4,62.683746,74.253426,79.17608
TJIG,9/5/2021,87.8,82.4,66.35352,73.57456,79.039246
TJIG,9/6/2021,87.8,84.2,66.35352,75.398094,79.039246
TJIG,9/7/2021,87.8,84.2,66.35352,72.92856,79.039246
TJIG,9/8/2021,87.8,80.6,70.26737,77.8162,83.772194
TJIG,9/9/2021,87.8,75.2,58.07999,77.00106,83.66177
TJIG,9/10/2021,87.8,80.6,58.549522,77.24869,83.66177
TJIG,9/11/2021,87.8,78.8,62.02914,75.57302,88.74824
TJIG,9/12/2021,86,78.8,62.02914,80.25044,83.88154
TJIG,9/13/2021,86,78.8,74.44338,83.8249,94.26866
TJIG,9/14/2021,87.8,78.8,70.44994,82.96111,88.74824
TJIG,9/15/2021,84.2,80.6,74.44338,84.09128,88.90445
TJIG,9/16/2021,87.8,80.6,66.35352,75.493515,79.17608
TJIG,9/17/2021,87.8,78.8,66.35352,79.35256,88.74824
TJIG,9/18/2021,86,77,62.249004,76.55539,88.668915
TJIG,9/19/2021,86,78.8,66.15182,77.00803,88.74824
TJIG,9/20/2021,86,78.8,74.44338,83.41781,88.90445
TJIG,9/21/2021,84.2,78.8,74.44338,88.28404,100
TJIG,9/22/2021,89.6,80.6,55.530766,71.180855,78.76171
TJIG,9/23/2021,91.4,80.6,55.77155,70.90067,83.88154
TJIG,9/24/2021,91.4,80.6,52.481148,70.641075,78.76171
TJIG,9/25/2021,87.8,80.6,62.467205,77.076904,83.66177
TJIG,9/26/2021,87.8,80.6,70.26737,77.967834,83.88154
TJIG,9/27/2021,87.8,80.6,66.35352,75.38039,83.66177
TJIG,9/28/2021,87.8,80.6,66.35352,75.37743,79.17608
TJIG,9/29/2021,87.8,80.6,66.35352,76.84997,83.66177
TJIG,9/30/2021,87.8,78.8,62.467205,76.77725,83.66177
TJIG,10/1/2021,87.8,77,66.15182,77.98361,88.668915
TJIG,10/2/2021,87.8,77,58.549522,78.4788,88.74824
TJIG,10/3/2021,89.6,78.8,55.530766,72.8378,88.74824
TJIG,10/4/2021,89.6,80.6,55.530766,68.18842,78.76171
TJIG,10/5/2021,87.8,82.4,62.467205,73.09177,78.90113
TJIG,10/6/2021,87.8,78.8,62.467205,74.218834,83.55026
TJIG,10/7/2021,87.8,80.6,66.35352,77.224144,83.88154
TJIG,10/8/2021,84.2,84.2,74.44338,,74.44338
TJIG,10/9/2021,87.8,78.8,62.467205,73.19709,83.55026
TJIG,10/10/2021,84.2,78.8,74.44338,83.82691,88.74824
TJIG,10/11/2021,80.6,77,78.76171,85.80551,94.22723
TJIG,10/12/2021,87.8,78.8,74.76602,86.753525,94.26866
TJIG,10/13/2021,89.6,78.8,66.35352,85.49407,94.22723
TJIG,10/14/2021,87.8,78.8,66.15182,80.36785,94.26866
TJIG,10/15/2021,86,78.8,66.15182,81.92615,88.74824
TJIG,10/16/2021,86,78.8,70.26737,78.7221,83.66177
TJIG,10/17/2021,86,78.8,65.94849,77.97892,83.55026
TJIG,10/18/2021,86,78.8,70.26737,79.67806,88.74824
TJIG,10/19/2021,87.8,80.6,62.467205,75.62189,83.66177
TJIG,10/20/2021,86,78.8,74.44338,82.064964,94.26866
TJIG,10/21/2021,89.6,77,58.781776,79.23019,88.74824
TJIG,10/22/2021,89.6,78.8,55.530766,70.96806,83.55026
TJIG,10/23/2021,89.6,78.8,52.23055,68.65551,74.2799
TJIG,10/24/2021,84.2,75.2,65.94849,80.50295,88.668915
TJIG,10/25/2021,87.8,77,62.249004,79.263664,94.18534
TJIG,10/26/2021,89.6,77,46.142197,73.04331,88.668915
TJIG,10/27/2021,91.4,75.2,43.608177,72.62509,88.588776
TJIG,10/28/2021,89.6,77,51.978363,69.49321,83.437645
TJIG,10/29/2021,91.4,75.2,43.338745,67.582954,88.588776
TJIG,10/30/2021,89.6,78.8,43.338745,62.20906,74.114944
TJIG,10/31/2021,86,78.8,66.15182,74.567184,83.66177
TJIG,11/1/2021,86,77,62.249004,77.22752,88.668915
TJIG,11/2/2021,84.2,78.8,65.94849,77.77771,83.66177
TJIG,11/3/2021,84.2,78.8,69.897545,82.566475,88.74824
TJIG,11/4/2021,86,77,66.15182,77.00802,88.668915
TJIG,11/5/2021,89.6,77,55.530766,77.11316,88.668915
TJIG,11/6/2021,87.8,78.8,62.02914,76.80134,88.74824
TJIG,11/7/2021,86,71.6,62.249004,77.96676,100
TJIG,11/8/2021,84.2,75.2,65.94849,76.326706,88.588776
TJIG,11/9/2021,84.2,78.8,69.897545,74.92662,78.62098
TJIG,11/10/2021,86,78.8,62.249004,75.533264,83.55026
TJIG,11/11/2021,86,78.8,66.15182,77.17954,83.55026
TJIG,11/12/2021,86,80.6,66.15182,71.87323,78.76171
TJIG,11/13/2021,86,78.8,65.94849,77.57474,83.66177
TJIG,11/14/2021,86,78.8,66.15182,75.4219,83.55026
TJIG,11/15/2021,86,78.8,62.249004,75.59339,83.55026
TJIG,11/16/2021,84.2,77,61.807594,74.66935,88.668915
TJIG,11/17/2021,84.2,75.2,70.083244,82.14254,94.14301
TJIG,11/18/2021,84.2,78.8,70.083244,76.697914,88.74824
TJIG,11/19/2021,84.2,78.8,65.94849,74.08864,78.76171
TJIG,11/20/2021,84.2,75.2,65.94849,74.82748,83.32391
TJIG,11/21/2021,84.2,75.2,65.94849,81.645386,94.14301
TJIG,11/22/2021,84.2,75.2,65.94849,77.68449,88.588776
TJIG,11/23/2021,87.8,75.2,51.978363,73.85476,88.588776
TJIG,11/24/2021,84.2,75.2,69.897545,77.07762,83.437645
TJIG,11/25/2021,82.4,75.2,74.2799,83.739716,94.14301
TJIG,11/26/2021,82.4,80.6,58.07999,63.463753,69.71026
TJIG,11/27/2021,84.2,71.6,62.02914,75.13014,83.09303
TJIG,11/28/2021,84.2,75.2,70.083244,80.00865,88.588776
TJIG,11/29/2021,89.6,75.2,52.23055,72.370964,88.588776
TJIG,11/30/2021,86,78.8,66.15182,74.5602,83.55026
TJIG,12/1/2021,84.2,77,69.897545,79.327354,88.668915
TJIG,12/2/2021,86,77,62.02914,76.7373,88.74824
TJIG,12/3/2021,84.2,75.2,70.083244,80.58109,88.588776
TJIG,12/4/2021,84.2,77,70.083244,80.91157,88.668915
TJIG,12/5/2021,84.2,75.2,70.083244,80.54806,88.668915
TJIG,12/6/2021,84.2,75.2,65.94849,77.20139,83.66177
TJIG,12/7/2021,84.2,75.2,62.02914,76.6161,88.588776
TJIG,12/8/2021,84.2,77,65.74351,71.7211,83.437645
TJIG,12/9/2021,84.2,75.2,65.94849,79.286865,88.588776
TJIG,12/10/2021,84.2,78.8,65.94849,73.51234,78.76171
TJIG,12/11/2021,84.2,78.8,65.74351,72.63241,78.62098
TJIG,12/12/2021,84.2,80.6,65.94849,74.819275,78.76171
TJIG,12/13/2021,84.2,77,70.083244,81.17932,88.668915
TJIG,12/14/2021,82.4,78.8,69.897545,76.00704,83.55026
TJIG,12/15/2021,82.4,75.2,69.897545,78.90787,94.14301
TJIG,12/16/2021,82.4,77,61.58435,72.52919,78.47891
TJIG,12/17/2021,84.2,75.2,61.807594,75.52163,83.32391
TJIG,12/18/2021,82.4,75.2,65.536865,80.40161,88.588776
TJIG,12/19/2021,82.4,73.4,65.74351,81.076775,94.10022
TJIG,12/20/2021,80.6,73.4,74.114944,81.381226,88.588776
TJIG,12/21/2021,82.4,71.6,65.74351,81.36057,94.05696
TJIG,12/22/2021,84.2,75.2,58.315598,75.108505,88.588776
TJIG,12/23/2021,84.2,75.2,62.02914,76.4306,88.588776
TJIG,12/24/2021,84.2,73.4,62.02914,79.381226,88.507805
TJIG,12/25/2021,82.4,73.4,65.74351,82.07593,94.14301
TJIG,12/26/2021,82.4,73.4,65.74351,78.98038,88.588776
TJIG,12/27/2021,82.4,71.6,65.74351,80.66431,94.05696
TJIG,12/28/2021,82.4,73.4,65.536865,76.90387,83.32391
TJIG,12/29/2021,82.4,75.2,61.807594,72.71367,83.32391
TJIG,12/30/2021,82.4,75.2,58.07999,67.92292,73.9485
TJIG,12/31/2021,82.4,77,61.58435,66.32091,73.780556
TJIG,1/1/2022,82.4,73.4,51.212227,59.657204,73.9485
TJIG,1/2/2022,82.4,73.4,50.953636,62.25283,69.52137
TJIG,1/3/2022,82.4,75.2,65.74351,78.776535,88.588776
TJIG,1/4/2022,,,,,
TJIG,1/5/2022,82.4,73.4,61.807594,80.18236,94.10022
TJIG,1/6/2022,82.4,71.6,58.07999,77.787125,94.05696
TJIG,1/7/2022,82.4,75.2,65.536865,78.22734,88.588776
TJIG,1/8/2022,82.4,78.8,69.71026,74.32984,83.55026
TJIG,1/9/2022,82.4,78.8,65.536865,68.76828,73.9485
TJIG,1/10/2022,82.4,77,58.07999,69.97053,73.9485
TJIG,1/11/2022,82.4,71.6,65.74351,80.89221,94.10022
TJIG,1/12/2022,82.4,71.6,58.07999,75.3432,88.42599
TJIG,1/13/2022,87.8,71.6,42.795868,67.164696,88.42599
TJIG,1/14/2022,84.2,71.6,58.315598,76.93727,88.507805
TJIG,1/15/2022,80.6,73.4,61.58435,80.69665,88.668915
TJIG,1/16/2022,82.4,73.4,69.897545,78.947174,88.507805
TJIG,1/17/2022,87.8,73.4,43.067974,69.139656,88.507805
TJIG,1/18/2022,82.4,71.6,69.71026,76.49266,83.209045
TJIG,1/19/2022,82.4,73.4,65.74351,79.0224,88.588776
TJIG,1/20/2022,82.4,73.4,65.74351,78.365685,88.507805
TJIG,1/21/2022,82.4,75.2,61.58435,73.23536,83.32391
TJIG,1/22/2022,82.4,73.4,65.74351,73.12466,78.335495
TJIG,1/23/2022,82.4,73.4,48.0542,61.343918,78.19072
TJIG,1/24/2022,82.4,71.6,57.842686,73.362236,83.09303
TJIG,1/25/2022,82.4,73.4,61.58435,76.272835,88.507805
TJIG,1/26/2022,82.4,71.6,58.07999,72.02651,83.09303
TJIG,1/27/2022,82.4,73.4,61.58435,77.48537,88.588776
TJIG,1/28/2022,82.4,71.6,61.58435,77.37188,88.42599
TJIG,1/29/2022,82.4,73.4,51.212227,70.349846,83.209045
TJIG,1/30/2022,82.4,71.6,61.807594,74.4577,83.09303
TJIG,1/31/2022,82.4,71.6,65.536865,80.42324,94.05696
TJIG,2/1/2022,82.4,71.6,65.74351,82.35641,94.05696
TJIG,2/2/2022,82.4,73.4,65.74351,79.079254,94.10022
TJIG,2/3/2022,80.6,73.4,73.9485,84.22603,94.10022
TJIG,2/4/2022,78.8,71.6,69.138725,78.81711,94.10022
TJIG,2/5/2022,75.2,69.8,88.507805,93.1573,94.10022
TJIG,2/6/2022,78.8,71.6,78.62098,91.63376,94.10022
TJIG,2/7/2022,80.6,73.4,65.536865,79.90317,88.507805
TJIG,2/8/2022,80.6,71.6,61.58435,78.57462,94.05696
TJIG,2/9/2022,80.6,73.4,61.58435,70.57358,78.62098
TJIG,2/10/2022,82.4,75.2,58.07999,68.5391,73.6111
TJIG,2/11/2022,82.4,73.4,61.3594,78.92619,94.10022
TJIG,2/12/2022,80.6,73.4,54.30221,73.39424,83.32391
TJIG,2/13/2022,80.6,75.2,69.71026,77.586555,83.55026
TJIG,2/14/2022,82.4,73.4,65.74351,76.0703,88.507805
TJIG,2/15/2022,82.4,73.4,65.74351,79.40144,88.507805
TJIG,2/16/2022,82.4,73.4,69.897545,79.80515,94.10022
TJIG,2/17/2022,80.6,75.2,65.536865,72.769745,78.335495
TJIG,2/18/2022,80.6,73.4,73.9485,83.42637,94.10022
TJIG,2/19/2022,80.6,73.4,69.52137,78.957504,88.507805
TJIG,2/20/2022,82.4,73.4,65.536865,77.966194,88.507805
TJIG,2/21/2022,82.4,73.4,65.536865,77.71118,88.507805
TJIG,2/22/2022,80.6,75.2,69.52137,73.80629,83.32391
TJIG,2/23/2022,78.8,73.4,69.330864,77.3946,83.437645
TJIG,2/24/2022,80.6,75.2,50.953636,67.33407,78.335495
TJIG,2/25/2022,80.6,71.6,65.536865,75.156334,83.09303
TJIG,2/26/2022,80.6,71.6,65.536865,74.9942,83.209045
TJIG,2/27/2022,80.6,73.4,69.71026,81.83402,88.588776
TJIG,2/28/2022,82.4,73.4,74.2799,83.47509,94.14301
TJIG,3/1/2022,82.4,73.4,69.71026,79.14631,88.507805
TJIG,3/2/2022,82.4,75.2,69.897545,81.05528,88.588776
TJIG,3/3/2022,82.4,73.4,74.2799,82.37379,88.507805
TJIG,3/4/2022,82.4,75.2,69.897545,78.99373,88.588776
TJIG,3/5/2022,82.4,75.2,69.71026,80.716255,88.588776
TJIG,3/6/2022,80.6,73.4,69.52137,81.48123,94.10022
TJIG,3/7/2022,82.4,73.4,65.74351,77.781624,88.507805
TJIG,3/8/2022,82.4,75.2,65.74351,75.60154,83.32391
TJIG,3/9/2022,82.4,73.4,69.897545,82.16136,94.10022
TJIG,3/10/2022,80.6,75.2,74.114944,83.320625,88.588776
TJIG,3/11/2022,82.4,73.4,61.58435,73.56076,83.32391
TJIG,3/12/2022,82.4,75.2,58.07999,80.849236,94.14301
TJIG,3/13/2022,82.4,71.6,65.536865,76.79184,88.42599
TJIG,3/14/2022,82.4,77,65.74351,73.60653,78.62098
TJIG,3/15/2022,82.4,78.8,54.30221,69.03665,78.62098
TJIG,3/16/2022,82.4,73.4,58.07999,76.61094,88.507805
TJIG,3/17/2022,82.4,77,61.807594,73.64597,83.437645
TJIG,3/18/2022,82.4,75.2,54.551235,73.75209,88.588776
TJIG,3/19/2022,82.4,77,65.118546,73.96086,78.47891
TJIG,3/20/2022,82.4,73.4,65.74351,78.248116,88.588776
TJIG,3/21/2022,80.6,73.4,65.536865,73.24008,78.62098
TJIG,3/22/2022,80.6,73.4,65.536865,73.96091,78.47891
TJIG,3/23/2022,82.4,73.4,65.74351,75.17405,83.209045
TJIG,3/24/2022,78.8,73.4,69.52137,81.59329,88.588776
TJIG,3/25/2022,80.6,73.4,73.9485,77.23021,78.62098
TJIG,3/26/2022,82.4,73.4,51.212227,75.234856,88.507805
TJIG,3/27/2022,82.4,73.4,61.58435,76.47929,88.507805
TJIG,3/28/2022,82.4,73.4,69.71026,76.67536,83.209045
TJIG,3/29/2022,82.4,73.4,65.74351,78.25901,88.507805
TJIG,3/30/2022,82.4,75.2,61.807594,73.086655,83.32391
TJIG,3/31/2022,82.4,77,65.32855,68.99036,73.9485
TJIG,4/1/2022,82.4,75.2,65.74351,72.07184,78.335495
TJIG,4/2/2022,82.4,75.2,65.74351,79.808716,88.588776
TJIG,4/3/2022,84.2,77,51.469208,65.39914,73.780556
TJIG,4/4/2022,86,75.2,51.724586,72.157425,83.32391
TJIG,4/5/2022,84.2,75.2,62.02914,74.72701,83.32391
TJIG,4/6/2022,82.4,73.4,57.842686,76.63077,88.588776
TJIG,4/7/2022,82.4,73.4,65.74351,75.899376,83.209045
TJIG,4/8/2022,82.4,75.2,61.807594,73.79176,83.32391
TJIG,4/9/2022,82.4,75.2,65.536865,73.49137,78.335495
TJIG,4/10/2022,84.2,73.4,58.07999,77.01684,88.588776
TJIG,4/11/2022,82.4,75.2,69.897545,76.32092,83.32391
TJIG,4/12/2022,82.4,78.8,69.897545,74.636665,78.62098
TJIG,4/13/2022,82.4,75.2,61.58435,70.061554,78.335495
TJIG,4/14/2022,82.4,75.2,65.536865,77.280914,83.32391
TJIG,4/15/2022,82.4,73.4,69.897545,78.603134,88.588776
TJIG,4/16/2022,82.4,75.2,69.897545,78.675095,83.32391
TJIG,4/17/2022,84.2,77,65.74351,73.90181,78.47891
TJIG,4/18/2022,84.2,78.8,62.02914,71.52468,78.62098
TJIG,4/19/2022,84.2,78.8,62.02914,71.453926,83.55026
TJIG,4/20/2022,82.4,78.8,65.74351,71.819214,78.62098
TJIG,4/21/2022,82.4,77,65.74351,70.097664,78.62098
TJIG,4/22/2022,82.4,73.4,65.74351,78.49796,88.507805
TJIG,4/23/2022,80.6,75.2,65.32855,74.463806,83.32391
TJIG,4/24/2022,82.4,78.8,61.3594,64.52799,73.9485
TJIG,4/25/2022,82.4,75.2,65.536865,71.72889,78.335495
TJIG,4/26/2022,80.6,77,61.58435,65.784355,73.9485
TJIG,4/27/2022,80.6,77,54.30221,63.961056,69.330864
TJIG,4/28/2022,80.6,73.4,57.603676,61.40566,64.90684
TJIG,4/29/2022,82.4,73.4,58.07999,67.03528,73.44011
TJIG,4/30/2022,78.8,73.4,78.62098,86.349365,94.14301
TJIG,5/1/2022,80.6,75.2,69.71026,84.7291,88.74824
TJIG,5/2/2022,86,78.8,62.249004,81.21451,88.74824
TJIG,5/3/2022,82.4,78.8,74.2799,79.331985,83.66177
TJIG,5/4/2022,82.4,78.8,74.114944,78.34817,83.55026
TJIG,5/5/2022,82.4,77,69.897545,76.712364,83.437645
TJIG,5/6/2022,82.4,77,69.897545,77.38398,83.437645
TJIG,5/7/2022,82.4,77,69.897545,77.41354,83.437645
TJIG,5/8/2022,84.2,77,65.94849,78.09441,83.437645
TJIG,5/9/2022,91.4,78.8,49.362175,69.16293,83.55026
TJIG,5/10/2022,87.8,78.8,55.28835,71.99061,78.62098
TJIG,5/11/2022,89.6,78.8,55.530766,73.03743,83.66177
TJIG,5/12/2022,84.2,80.6,65.94849,74.399704,83.66177
TJIG,5/13/2022,84.2,78.8,70.083244,75.231865,88.74824
TJIG,5/14/2022,84.2,77,65.94849,78.41757,88.668915
TJIG,5/15/2022,84.2,78.8,69.897545,74.90009,78.62098
TJIG,5/16/2022,89.6,78.8,49.103626,70.74627,78.90113
TJIG,5/17/2022,84.2,80.6,74.44338,79.38526,83.772194
TJIG,5/18/2022,89.6,80.6,59.012367,75.31795,83.772194
TJIG,5/19/2022,84.2,80.6,74.44338,77.470024,83.772194
TJIG,5/20/2022,84.2,80.6,70.083244,75.30854,78.90113
TJIG,5/21/2022,84.2,80.6,65.94849,74.62844,78.76171
TJIG,5/22/2022,84.2,80.6,70.083244,75.51727,78.90113
TJIG,5/23/2022,84.2,80.6,70.083244,74.76466,78.90113
TJIG,5/24/2022,84.2,78.8,65.94849,78.00625,83.55026
TJIG,5/25/2022,84.2,78.8,70.083244,75.386246,78.62098
TJIG,5/26/2022,84.2,80.6,65.74351,75.21267,78.90113
TJIG,5/27/2022,84.2,78.8,65.94849,73.79308,78.62098
TJIG,5/28/2022,84.2,80.6,70.083244,75.3299,78.90113
TJIG,5/29/2022,84.2,80.6,70.083244,75.25088,78.90113
TJIG,5/30/2022,84.2,78.8,70.083244,77.88966,88.74824
TJIG,5/31/2022,84.2,78.8,70.083244,76.87267,83.55026
TJIG,6/1/2022,84.2,78.8,65.74351,73.46352,78.76171
TJIG,6/2/2022,86,80.6,62.249004,73.35907,78.76171
TJIG,6/3/2022,87.8,78.8,62.467205,75.791565,83.55026
TJIG,6/4/2022,93.2,80.6,49.619205,67.64754,78.76171
TJIG,6/5/2022,93.2,82.4,43.608177,60.970776,74.2799
TJIG,6/6/2022,87.8,82.4,62.467205,70.698265,74.44338
TJIG,6/7/2022,86,82.4,70.083244,73.443794,78.90113
TJIG,6/8/2022,86,80.6,70.083244,75.14424,78.90113
TJIG,6/9/2022,86,80.6,70.083244,75.54903,78.90113
TJIG,6/10/2022,86,82.4,70.083244,73.034874,78.90113
TJIG,6/11/2022,87.8,82.4,58.781776,73.966324,83.772194
TJIG,6/12/2022,86,82.4,70.083244,73.506485,78.90113
TJIG,6/13/2022,86,80.6,66.15182,73.86727,78.76171
TJIG,6/14/2022,84.2,80.6,70.083244,78.007095,79.039246
TJIG,6/15/2022,84.2,77,74.44338,81.81828,94.22723
TJIG,6/16/2022,87.8,80.6,66.35352,78.40786,83.66177
TJIG,6/17/2022,87.8,78.8,62.467205,76.60197,83.55026
TJIG,6/18/2022,86,78.8,70.083244,76.22569,83.55026
TJIG,6/19/2022,86,80.6,66.15182,72.24943,78.90113
TJIG,6/20/2022,86,80.6,70.083244,74.901825,79.039246
TJIG,6/21/2022,86,78.8,66.15182,76.81774,83.55026
TJIG,6/22/2022,86,78.8,65.94849,73.539566,78.62098
TJIG,6/23/2022,86,80.6,62.249004,72.88223,78.76171
TJIG,6/24/2022,87.8,82.4,66.15182,71.86444,74.44338
TJIG,6/25/2022,86,78.8,70.26737,77.90008,83.772194
TJIG,6/26/2022,86,80.6,65.94849,74.016975,78.90113
TJIG,6/27/2022,86,80.6,65.94849,70.9372,74.44338
TJIG,6/28/2022,86,82.4,70.083244,73.26741,78.90113
TJIG,6/29/2022,87.8,82.4,70.26737,73.307785,74.60542
TJIG,6/30/2022,86,82.4,70.26737,77.09292,83.772194
TJIG,7/1/2022,87.8,82.4,66.35352,73.05867,78.90113
TJIG,7/2/2022,82.4,75.2,78.76171,84.788536,94.14301
TJIG,7/3/2022,86,78.8,70.083244,85.2538,94.26866
TJIG,7/4/2022,84.2,80.6,74.44338,78.94504,83.66177
TJIG,7/5/2022,86,78.8,70.26737,77.5784,83.55026
TJIG,7/6/2022,86,77,70.26737,81.97519,88.90445
TJIG,7/7/2022,84.2,78.8,74.2799,81.8141,88.74824
TJIG,7/8/2022,84.2,80.6,69.897545,75.70497,78.90113
TJIG,7/9/2022,86,80.6,74.60542,81.40349,83.88154
TJIG,7/10/2022,86,78.8,70.26737,81.8208,88.826744
TJIG,7/11/2022,87.8,80.6,62.467205,77.76567,83.772194
TJIG,7/12/2022,86,80.6,70.083244,76.14071,83.772194
TJIG,7/13/2022,86,80.6,66.15182,77.43689,83.66177
TJIG,7/14/2022,86,78.8,70.083244,78.31196,88.74824
TJIG,7/15/2022,86,80.6,70.083244,82.385735,88.826744
TJIG,7/16/2022,87.8,82.4,70.44994,79.37103,83.772194
TJIG,7/17/2022,86,82.4,70.26737,75.66762,78.90113
TJIG,7/18/2022,87.8,80.6,58.781776,77.1547,83.66177
TJIG,7/19/2022,86,80.6,70.083244,75.104866,78.76171
TJIG,7/20/2022,86,82.4,74.2799,76.073425,79.17608
TJIG,7/21/2022,82.4,77,83.772194,88.57894,94.26866
TJIG,7/22/2022,86,80.6,70.26737,77.82131,83.66177
TJIG,7/23/2022,86,80.6,66.15182,73.280464,78.90113
TJIG,7/24/2022,86,77,66.15182,78.8408,88.668915
TJIG,7/25/2022,86,80.6,70.26737,80.80181,88.826744
TJIG,7/26/2022,86,82.4,70.083244,75.90645,79.039246
TJIG,7/27/2022,86,78.8,70.26737,79.292114,88.74824
TJIG,7/28/2022,86,78.8,66.15182,75.461685,83.55026
TJIG,7/29/2022,86,77,66.15182,77.97155,88.668915
TJIG,7/30/2022,86,78.8,74.60542,83.78299,94.22723
TJIG,7/31/2022,87.8,80.6,74.76602,85.38767,94.26866
TJIG,8/1/2022,87.8,82.4,70.26737,76.69152,79.17608
TJIG,8/2/2022,86,82.4,70.26737,75.02754,78.90113
TJIG,8/3/2022,87.8,80.6,66.35352,77.45506,83.66177
TJIG,8/4/2022,87.8,82.4,66.35352,73.61963,79.039246
TJIG,8/5/2022,86,84.2,70.26737,,74.44338
TJIG,8/6/2022,87.8,84.2,66.35352,72.781944,79.039246
TJIG,8/7/2022,86,80.6,74.44338,84.16375,88.90445
TJIG,8/8/2022,87.8,82.4,66.35352,72.67691,79.039246
TJIG,8/9/2022,87.8,82.4,66.35352,75.001816,79.039246
TJIG,8/10/2022,87.8,82.4,66.35352,72.2082,74.60542
TJIG,8/11/2022,87.8,82.4,66.35352,75.91972,79.039246
TJIG,8/12/2022,87.8,80.6,66.15182,73.54863,78.76171
TJIG,8/13/2022,86,80.6,66.15182,74.021355,78.76171
TJIG,8/14/2022,86,80.6,74.44338,79.7969,83.88154
TJIG,8/15/2022,84.2,80.6,74.44338,83.5938,88.98136
TJIG,8/16/2022,86,80.6,74.114944,80.20859,83.88154
TJIG,8/17/2022,86,78.8,74.44338,82.142075,88.74824
TJIG,8/18/2022,87.8,77,66.35352,83.12914,94.22723
TJIG,8/19/2022,87.8,78.8,66.35352,81.06836,94.22723
TJIG,8/20/2022,87.8,78.8,70.26737,80.38573,88.90445
TJIG,8/21/2022,87.8,77,74.2799,82.0192,88.668915
TJIG,8/22/2022,87.8,75.2,65.94849,83.87824,94.14301
TJIG,8/23/2022,87.8,77,62.249004,80.43877,88.826744
TJIG,8/24/2022,87.8,78.8,62.467205,74.35907,83.55026
TJIG,8/25/2022,84.2,78.8,74.44338,84.19506,88.826744
TJIG,8/26/2022,87.8,78.8,70.26737,81.194115,88.90445
TJIG,8/27/2022,87.8,78.8,66.35352,76.24009,83.66177
TJIG,8/28/2022,87.8,78.8,66.35352,80.43531,88.826744
TJIG,8/29/2022,87.8,78.8,66.35352,80.78286,88.74824
TJIG,8/30/2022,87.8,80.6,70.44994,85.01999,94.26866
TJIG,8/31/2022,87.8,80.6,66.35352,76.75208,83.66177
TJIG,9/1/2022,87.8,78.8,66.35352,78.35989,88.74824
TJIG,9/2/2022,87.8,78.8,66.15182,79.263,94.22723
TJIG,9/3/2022,87.8,82.4,70.44994,79.43659,83.88154
TJIG,9/4/2022,86,78.8,79.17608,90.114365,94.309654
TJIG,9/5/2022,86,78.8,70.26737,82.140594,88.826744
TJIG,9/6/2022,86,77,70.26737,81.796715,94.22723
TJIG,9/7/2022,87.8,75.2,58.781776,81.262856,94.14301
TJIG,9/8/2022,87.8,78.8,66.35352,80.2266,88.826744
TJIG,9/9/2022,87.8,78.8,66.35352,80.33255,94.22723
TJIG,9/10/2022,86,78.8,62.02914,82.33361,94.22723
TJIG,9/11/2022,87.8,78.8,66.35352,79.88924,94.22723
TJIG,9/12/2022,86,80.6,65.94849,76.89946,83.66177
TJIG,9/13/2022,87.8,78.8,66.15182,77.71648,88.74824
TJIG,9/14/2022,87.8,80.6,62.467205,73.56928,83.66177
TJIG,9/15/2022,87.8,84.2,66.15182,71.20135,79.039246
TJIG,9/16/2022,86,80.6,70.083244,79.736435,88.826744
TJIG,9/17/2022,86,77,66.15182,74.228584,94.18534
TJIG,9/18/2022,78.8,75.2,78.62098,85.97997,100
TJIG,9/19/2022,80.6,77,83.55026,86.63217,94.18534
TJIG,9/20/2022,87.8,78.8,62.467205,77.99155,88.74824
TJIG,9/21/2022,89.6,78.8,59.012367,74.534294,88.74824
TJIG,9/22/2022,89.6,80.6,55.530766,71.89444,83.66177
TJIG,9/23/2022,89.6,78.8,58.781776,73.0786,83.66177
TJIG,9/24/2022,87.8,80.6,66.15182,74.02762,78.90113
TJIG,9/25/2022,86,78.8,66.15182,75.740944,83.55026
TJIG,9/26/2022,86,80.6,66.15182,74.38619,78.90113
TJIG,9/27/2022,86,78.8,65.94849,74.586494,78.90113
TJIG,9/28/2022,86,78.8,62.02914,75.76847,83.55026
TJIG,9/29/2022,84.2,77,69.897545,81.54806,88.668915
TJIG,9/30/2022,86,77,62.02914,76.17217,83.437645
TJIG,10/1/2022,87.8,78.8,62.467205,78.9287,88.74824
TJIG,10/2/2022,91.4,77,55.77155,76.61515,88.826744
TJIG,10/3/2022,86,80.6,70.083244,80.46917,88.826744
TJIG,10/4/2022,86,78.8,70.26737,77.83424,83.66177
TJIG,10/5/2022,87.8,78.8,62.467205,77.516945,88.74824
TJIG,10/6/2022,86,80.6,62.249004,74.727806,83.66177
TJIG,10/7/2022,86,77,74.114944,81.432076,88.74824
TJIG,10/8/2022,87.8,78.8,66.35352,78.85237,88.74824
TJIG,10/9/2022,86,75.2,70.26737,80.07148,88.588776
TJIG,10/10/2022,87.8,75.2,66.35352,80.26176,88.588776
TJIG,10/11/2022,87.8,78.8,70.26737,79.03099,88.74824
TJIG,10/12/2022,87.8,80.6,66.35352,76.92494,83.66177
TJIG,10/13/2022,87.8,77,66.15182,79.44676,88.668915
TJIG,10/14/2022,87.8,80.6,66.35352,74.64505,78.76171
TJIG,10/15/2022,86,78.8,70.26737,77.38202,83.55026
TJIG,10/16/2022,87.8,77,66.35352,80.16702,88.74824
TJIG,10/17/2022,86,78.8,69.897545,78.44671,83.66177
TJIG,10/18/2022,91.4,78.8,52.481148,71.91243,83.55026
TJIG,10/19/2022,87.8,80.6,62.467205,72.82043,78.76171
TJIG,10/20/2022,87.8,78.8,70.26737,77.363396,83.66177
TJIG,10/21/2022,87.8,78.8,65.94849,75.98053,83.66177
TJIG,10/22/2022,86,78.8,70.083244,79.73849,88.74824
TJIG,10/23/2022,86,77,70.26737,82.62498,94.18534
TJIG,10/24/2022,93.2,78.8,56.010715,76.37923,83.55026
TJIG,10/25/2022,87.8,80.6,66.15182,78.89224,83.88154
TJIG,10/26/2022,80.6,75.2,83.55026,93.59821,100
TJIG,10/27/2022,80.6,73.4,83.66177,90.05701,100
TJIG,10/28/2022,86,75.2,70.083244,84.86887,100
TJIG,10/29/2022,84.2,82.4,74.44338,,78.90113
TJIG,10/30/2022,86,77,70.26737,83.40403,94.18534
TJIG,10/31/2022,84.2,75.2,69.897545,82.80368,94.14301
TJIG,11/1/2022,86,78.8,70.26737,84.7208,94.22723
TJIG,11/2/2022,86,78.8,74.44338,80.185875,88.74824
TJIG,11/3/2022,86,77,70.26737,82.811584,94.18534
TJIG,11/4/2022,84.2,78.8,65.94849,77.76471,83.55026
TJIG,11/5/2022,78.8,73.4,83.437645,88.80675,100
TJIG,11/6/2022,89.6,75.2,55.530766,76.28822,88.588776
TJIG,11/7/2022,87.8,77,58.781776,79.77876,88.668915
TJIG,11/8/2022,89.6,77,59.012367,78.71989,88.668915
TJIG,11/9/2022,89.6,78.8,59.012367,73.314316,83.55026
TJIG,11/10/2022,86,78.8,70.083244,77.460014,83.55026
TJIG,11/11/2022,84.2,77,74.2799,79.78072,83.66177
TJIG,11/12/2022,86,77,70.083244,79.87474,88.668915
TJIG,11/13/2022,84.2,75.2,70.083244,83.04979,94.14301
TJIG,11/14/2022,86,77,70.083244,81.04451,88.668915
TJIG,11/15/2022,87.8,75.2,62.467205,82.55302,94.14301
TJIG,11/16/2022,84.2,78.8,65.94849,74.03671,78.62098
TJIG,11/17/2022,84.2,75.2,70.083244,81.82184,94.14301
TJIG,11/18/2022,84.2,78.8,70.083244,75.69931,78.90113
TJIG,11/19/2022,84.2,77,69.897545,78.880936,88.668915
TJIG,11/20/2022,84.2,75.2,70.083244,82.264114,94.14301
TJIG,11/21/2022,84.2,75.2,70.083244,80.06788,88.74824
TJIG,11/22/2022,84.2,78.8,65.94849,75.91542,83.55026
TJIG,11/23/2022,84.2,75.2,70.083244,83.21634,94.14301
TJIG,11/24/2022,84.2,75.2,70.083244,82.23639,94.14301
TJIG,11/25/2022,84.2,75.2,70.083244,83.490974,94.14301
TJIG,11/26/2022,84.2,75.2,70.083244,82.18061,94.14301
TJIG,11/27/2022,84.2,73.4,65.94849,78.6149,88.588776
TJIG,11/28/2022,84.2,77,65.94849,75.36138,83.437645
TJIG,11/29/2022,84.2,78.8,65.94849,75.20523,83.55026
TJIG,11/30/2022,84.2,75.2,62.02914,76.74745,88.588776
TJIG,12/1/2022,84.2,78.8,62.02914,72.46575,78.62098
TJIG,12/2/2022,84.2,78.8,62.02914,72.69769,78.62098
TJIG,12/3/2022,82.4,75.2,58.07999,71.69482,83.32391
TJIG,12/4/2022,82.4,75.2,61.58435,69.996864,78.335495
TJIG,12/5/2022,82.4,78.8,65.74351,73.4976,78.62098
TJIG,12/6/2022,82.4,78.8,58.07999,69.19788,78.62098
TJIG,12/7/2022,82.4,78.8,57.842686,63.22239,65.536865
TJIG,12/8/2022,80.6,75.2,50.953636,66.09968,73.9485
TJIG,12/9/2022,82.4,73.4,54.551235,74.63095,88.507805
TJIG,12/10/2022,80.6,71.6,61.58435,74.45484,83.09303
TJIG,12/11/2022,82.4,73.4,65.536865,76.791275,88.507805
TJIG,12/12/2022,80.6,71.6,57.842686,75.11908,94.05696
TJIG,12/13/2022,80.6,71.6,61.3594,73.05541,83.09303
TJIG,12/14/2022,82.4,71.6,58.07999,71.82819,83.09303
TJIG,12/15/2022,82.4,73.4,65.74351,76.13404,83.209045
TJIG,12/16/2022,82.4,75.2,74.114944,83.425186,94.14301
TJIG,12/17/2022,78.8,73.4,83.55026,89.5777,94.14301
TJIG,12/18/2022,82.4,73.4,65.74351,78.8888,94.10022
TJIG,12/19/2022,82.4,73.4,61.807594,76.850876,88.507805
TJIG,12/20/2022,82.4,75.2,69.897545,79.46614,88.588776
TJIG,12/21/2022,82.4,73.4,69.71026,82.38683,94.10022
TJIG,12/22/2022,82.4,73.4,69.897545,78.2591,88.507805
TJIG,12/23/2022,84.2,75.2,62.02914,74.27473,83.32391
TJIG,12/24/2022,82.4,73.4,65.74351,79.042076,88.588776
TJIG,12/25/2022,82.4,73.4,61.807594,76.76697,88.507805
TJIG,12/26/2022,80.6,75.2,69.71026,80.498604,94.14301
TJIG,12/27/2022,86,75.2,58.549522,77.26592,88.588776
TJIG,12/28/2022,82.4,75.2,65.536865,77.4442,88.588776
TJIG,12/29/2022,82.4,75.2,69.71026,77.24482,83.32391
TJIG,12/30/2022,82.4,75.2,69.897545,81.31257,88.588776
TJIG,12/31/2022,82.4,73.4,65.74351,78.0244,88.507805
TJIG,1/1/2023,82.4,73.4,69.897545,82.833176,94.10022
TJIG,1/2/2023,82.4,73.4,69.71026,82.211174,94.10022
TJIG,1/3/2023,82.4,75.2,65.74351,75.43018,83.32391
TJIG,1/4/2023,78.8,71.6,78.62098,89.82929,94.10022
TJIG,1/5/2023,80.6,75.2,69.71026,82.13554,88.588776
TJIG,1/6/2023,82.4,73.4,65.74351,79.741035,94.10022
TJIG,1/7/2023,80.6,73.4,74.114944,85.80699,94.14301
TJIG,1/8/2023,82.4,71.6,69.71026,85.483536,94.05696
TJIG,1/9/2023,82.4,73.4,65.536865,79.02945,88.507805
TJIG,1/10/2023,82.4,73.4,65.74351,80.586815,88.507805
TJIG,1/11/2023,82.4,71.6,65.74351,82.36636,94.05696
TJIG,1/12/2023,82.4,73.4,69.897545,82.09916,94.10022
TJIG,1/13/2023,82.4,73.4,65.74351,77.29883,88.507805
TJIG,1/14/2023,86,73.4,48.581966,74.060974,88.507805
TJIG,1/15/2023,82.4,69.8,65.74351,78.0898,100
TJIG,1/16/2023,77,69.8,61.13273,77.49072,94.01323
TJIG,1/17/2023,80.6,77,54.30221,63.173054,65.32855
TJIG,1/18/2023,80.6,71.6,50.953636,68.538506,83.09303
TJIG,1/19/2023,82.4,73.4,65.74351,78.147095,88.507805
TJIG,1/20/2023,82.4,73.4,61.58435,73.97086,83.209045
TJIG,1/21/2023,82.4,71.6,61.807594,75.06674,83.09303
TJIG,1/22/2023,82.4,71.6,65.536865,75.29674,83.32391
TJIG,1/23/2023,82.4,73.4,61.807594,68.41641,73.44011
TJIG,1/24/2023,82.4,73.4,65.536865,78.9521,94.10022
TJIG,1/25/2023,82.4,71.6,65.32855,75.19721,83.55026
TJIG,1/26/2023,82.4,78.8,57.842686,63.57517,69.52137
TJIG,1/27/2023,80.6,73.4,65.32855,82.16776,94.10022
TJIG,1/28/2023,80.6,73.4,57.842686,70.74135,88.507805
TJIG,1/29/2023,82.4,77,61.58435,71.908806,78.62098
TJIG,1/30/2023,80.6,77,65.32855,68.185745,69.71026
TJIG,1/31/2023,80.6,77,61.58435,66.240395,69.52137
TJIG,2/1/2023,80.6,71.6,61.58435,77.72933,94.05696
TJIG,2/2/2023,82.4,78.8,65.74351,71.5055,73.9485
TJIG,2/3/2023,82.4,73.4,61.807594,76.82149,88.507805
TJIG,2/4/2023,80.6,73.4,69.71026,80.349075,88.588776
TJIG,2/5/2023,80.6,75.2,65.536865,76.745705,83.32391
TJIG,2/6/2023,82.4,73.4,61.807594,76.83573,88.507805
TJIG,2/7/2023,82.4,75.2,69.71026,78.23202,83.32391
TJIG,2/8/2023,82.4,73.4,65.74351,83.17373,94.10022
TJIG,2/9/2023,82.4,75.2,65.74351,74.04304,83.32391
TJIG,2/10/2023,82.4,75.2,65.74351,73.340515,78.335495
TJIG,2/11/2023,80.6,73.4,65.536865,73.53415,78.62098
TJIG,2/12/2023,82.4,75.2,61.58435,68.89292,73.6111
TJIG,2/13/2023,82.4,73.4,58.07999,76.197685,88.507805
TJIG,2/14/2023,80.6,73.4,69.71026,81.06359,88.588776
TJIG,2/15/2023,80.6,71.6,69.71026,79.74853,88.42599
TJIG,2/16/2023,82.4,75.2,69.897545,78.13095,83.437645
TJIG,2/17/2023,80.6,77,57.842686,66.67336,78.47891
TJIG,2/18/2023,80.6,73.4,57.842686,69.97999,78.19072
TJIG,2/19/2023,82.4,75.2,54.30221,64.90449,78.335495
TJIG,2/20/2023,80.6,73.4,57.842686,70.94634,78.47891
TJIG,2/21/2023,82.4,69.8,54.551235,72.37013,83.09303
TJIG,2/22/2023,80.6,75.2,61.58435,70.22153,78.335495
TJIG,2/23/2023,80.6,75.2,69.71026,74.62666,83.32391
TJIG,2/24/2023,80.6,75.2,61.58435,68.44376,73.9485
TJIG,2/25/2023,80.6,75.2,65.32855,71.20091,78.335495
TJIG,2/26/2023,80.6,71.6,57.842686,72.15562,83.09303
TJIG,2/27/2023,80.6,71.6,57.842686,71.59802,83.09303
TJIG,2/28/2023,80.6,69.8,54.30221,70.41221,82.97585
TJIG,3/1/2023,80.6,71.6,57.842686,71.33999,83.09303
TJIG,3/2/2023,80.6,73.4,61.58435,74.46869,83.209045
TJIG,3/3/2023,82.4,73.4,65.74351,73.97033,78.62098
TJIG,3/4/2023,82.4,73.4,65.536865,73.74235,78.19072
TJIG,3/5/2023,80.6,73.4,69.71026,78.90835,88.507805
TJIG,3/6/2023,80.6,69.8,69.71026,79.644585,88.34331
TJIG,3/7/2023,82.4,73.4,61.58435,70.7819,78.19072
TJIG,3/8/2023,80.6,71.6,61.58435,73.67261,83.09303
TJIG,3/9/2023,82.4,71.6,65.32855,75.112076,83.09303
TJIG,3/10/2023,80.6,73.4,54.30221,62.656452,73.44011
TJIG,3/11/2023,80.6,73.4,61.3594,68.42868,73.44011
TJIG,3/12/2023,80.6,71.6,57.842686,69.09847,78.04456
TJIG,3/13/2023,82.4,71.6,61.807594,72.28572,78.62098
TJIG,3/14/2023,82.4,73.4,69.897545,80.73217,88.507805
TJIG,3/15/2023,80.6,73.4,61.58435,81.852745,94.10022
TJIG,3/16/2023,82.4,73.4,58.07999,77.080956,88.507805
TJIG,3/17/2023,78.8,75.2,61.3594,68.53952,73.6111
TJIG,3/18/2023,80.6,75.2,47.788013,54.018425,65.32855
TJIG,3/19/2023,82.4,75.2,61.58435,70.50471,78.62098
TJIG,3/20/2023,82.4,75.2,69.71026,76.99331,83.55026
TJIG,3/21/2023,82.4,75.2,69.71026,75.48512,83.32391
TJIG,3/22/2023,82.4,75.2,65.74351,75.549835,83.32391
TJIG,3/23/2023,80.6,77,54.30221,63.130394,69.330864
TJIG,3/24/2023,82.4,75.2,61.58435,72.58829,83.32391
TJIG,3/25/2023,82.4,73.4,61.58435,75.78996,88.507805
TJIG,3/26/2023,82.4,75.2,65.32855,69.01006,73.6111
TJIG,3/27/2023,80.6,73.4,65.32855,74.21647,94.10022
TJIG,3/28/2023,82.4,75.2,61.58435,70.73659,74.114944
TJIG,3/29/2023,80.6,73.4,69.71026,81.101616,88.588776
TJIG,3/30/2023,82.4,73.4,61.58435,81.13233,94.10022
TJIG,3/31/2023,82.4,75.2,61.58435,71.68205,83.32391
TJIG,4/1/2023,82.4,78.8,58.07999,68.5241,73.9485
TJIG,4/2/2023,82.4,77,65.74351,76.376396,83.437645
TJIG,4/3/2023,82.4,75.2,58.07999,72.5879,83.32391
TJIG,4/4/2023,82.4,77,65.74351,74.37013,78.76171
TJIG,4/5/2023,80.6,75.2,69.71026,79.16298,83.437645
TJIG,4/6/2023,80.6,73.4,65.32855,69.96413,78.19072
TJIG,4/7/2023,80.6,71.6,73.9485,81.090164,88.588776
TJIG,4/8/2023,78.8,69.8,78.62098,89.195496,94.05696
TJIG,4/9/2023,84.2,73.4,58.315598,76.95882,88.507805
TJIG,4/10/2023,82.4,75.2,69.71026,81.44589,88.588776
TJIG,4/11/2023,84.2,75.2,54.798595,78.7262,88.588776
TJIG,4/12/2023,82.4,75.2,65.74351,75.738174,83.32391
TJIG,4/13/2023,82.4,77,69.897545,77.63523,83.437645
TJIG,4/14/2023,82.4,75.2,65.74351,76.3815,83.32391
TJIG,4/15/2023,82.4,75.2,69.897545,79.76139,88.588776
TJIG,4/16/2023,82.4,75.2,69.897545,80.0761,88.588776
TJIG,4/17/2023,82.4,73.4,61.58435,79.001854,88.507805
TJIG,4/18/2023,82.4,75.2,65.74351,76.67259,83.55026
TJIG,4/19/2023,84.2,75.2,61.807594,73.53786,83.32391
TJIG,4/20/2023,82.4,78.8,65.74351,70.26584,73.9485
TJIG,4/21/2023,82.4,73.4,65.74351,77.55129,83.32391
TJIG,4/22/2023,82.4,75.2,58.07999,76.62183,94.14301
TJIG,4/23/2023,82.4,75.2,74.114944,81.93284,94.14301
TJIG,4/24/2023,82.4,73.4,65.74351,77.51952,88.507805
TJIG,4/25/2023,82.4,75.2,65.536865,73.21705,83.32391
TJIG,4/26/2023,82.4,75.2,69.71026,76.27856,88.668915
TJIG,4/27/2023,82.4,75.2,69.897545,84.0415,94.14301
TJIG,4/28/2023,84.2,75.2,70.083244,77.96465,94.14301
TJIG,4/29/2023,84.2,78.8,74.2799,77.05071,78.90113
TJIG,4/30/2023,87.8,78.8,58.781776,79.06968,83.66177
TJIG,5/1/2023,91.4,78.8,49.362175,69.61544,83.55026
TJIG,5/2/2023,87.8,78.8,58.781776,77.91177,83.55026
TJIG,5/3/2023,86,78.8,65.94849,75.3731,83.55026
TJIG,5/4/2023,91.4,78.8,52.23055,65.85593,78.62098
TJIG,5/5/2023,87.8,80.6,58.781776,71.89888,79.039246
TJIG,5/6/2023,91.4,78.8,43.608177,66.37049,78.62098
TJIG,5/7/2023,86,78.8,58.315598,71.99973,78.62098
TJIG,5/8/2023,87.8,80.6,58.781776,72.86706,79.039246
TJIG,5/9/2023,91.4,80.6,52.481148,73.9242,83.88154
TJIG,5/10/2023,91.4,80.6,43.608177,66.2622,78.76171
TJIG,5/11/2023,87.8,80.6,51.978363,70.41196,74.44338
TJIG,5/12/2023,84.2,78.8,65.94849,74.85946,83.55026
TJIG,5/13/2023,84.2,78.8,70.083244,79.79973,83.66177
TJIG,5/14/2023,89.6,78.8,55.530766,74.845245,83.55026
TJIG,5/15/2023,89.6,78.8,52.23055,74.4817,83.55026
TJIG,5/16/2023,84.2,78.8,65.94849,75.050644,78.62098
TJIG,5/17/2023,89.6,80.6,52.23055,72.189224,78.76171
TJIG,5/18/2023,86,80.6,70.083244,76.60344,83.772194
TJIG,5/19/2023,84.2,77,74.2799,82.85486,94.18534
TJIG,5/20/2023,86,78.8,62.02914,76.76394,83.88154
TJIG,5/21/2023,87.8,77,58.781776,75.907,88.668915
TJIG,5/22/2023,87.8,78.8,55.28835,71.69865,78.76171
TJIG,5/23/2023,89.6,78.8,55.530766,73.35106,83.55026
TJIG,5/24/2023,87.8,75.2,62.467205,79.99991,94.14301
TJIG,5/25/2023,87.8,80.6,62.467205,75.090454,83.88154
TJIG,5/26/2023,89.6,78.8,59.012367,76.42056,89.0575
TJIG,5/27/2023,87.8,80.6,70.083244,79.45155,83.88154
TJIG,5/28/2023,87.8,80.6,58.781776,72.48365,78.76171
TJIG,5/29/2023,84.2,78.8,65.94849,74.29889,78.90113
TJIG,5/30/2023,84.2,78.8,65.94849,77.30438,88.74824
TJIG,5/31/2023,91.4,78.8,49.362175,71.170876,83.55026
TJIG,6/1/2023,91.4,80.6,55.77155,74.200645,83.66177
TJIG,6/2/2023,91.4,82.4,55.77155,68.662544,78.90113
TJIG,6/3/2023,93.2,82.4,52.73017,66.3179,78.90113
TJIG,6/4/2023,96.8,82.4,47.192715,64.86487,78.90113
TJIG,6/5/2023,93.2,84.2,49.619205,65.65142,79.039246
TJIG,6/6/2023,95,82.4,52.73017,66.21964,78.90113
TJIG,6/7/2023,93.2,82.4,52.73017,65.7383,74.76602
TJIG,6/8/2023,93.2,82.4,46.67032,61.260815,74.2799
TJIG,6/9/2023,93.2,82.4,52.481148,68.27034,79.039246
TJIG,6/10/2023,87.8,84.2,62.467205,75.19924,83.88154
TJIG,6/11/2023,87.8,82.4,66.35352,73.49084,78.90113
TJIG,6/12/2023,87.8,82.4,66.35352,72.00717,74.60542
TJIG,6/13/2023,87.8,80.6,66.35352,77.64244,83.88154
TJIG,6/14/2023,91.4,82.4,43.608177,66.73565,79.17608
TJIG,6/15/2023,89.6,84.2,66.35352,73.33522,79.17608
TJIG,6/16/2023,87.8,84.2,70.26737,73.71733,79.17608
TJIG,6/17/2023,87.8,82.4,62.02914,70.25952,74.44338
TJIG,6/18/2023,86,82.4,66.15182,74.950165,83.88154
TJIG,6/19/2023,87.8,80.6,66.35352,74.85174,79.039246
TJIG,6/20/2023,87.8,80.6,55.28835,74.993744,83.88154
TJIG,6/21/2023,87.8,80.6,74.76602,80.437355,88.98136
TJIG,6/22/2023,87.8,82.4,74.76602,79.19213,83.772194
TJIG,6/23/2023,86,80.6,70.26737,75.140274,83.88154
TJIG,6/24/2023,87.8,80.6,70.26737,77.21426,83.66177
TJIG,6/25/2023,,,,,
TJIG,6/26/2023,87.8,80.6,66.35352,74.053215,79.039246
TJIG,6/27/2023,89.6,80.6,66.35352,78.4939,83.88154
TJIG,6/28/2023,86,78.8,79.039246,84.9133,88.90445
TJIG,6/29/2023,84.2,78.8,70.083244,78.64497,83.55026
TJIG,6/30/2023,91.4,82.4,55.77155,71.660225,83.88154
TJIG,7/1/2023,87.8,82.4,66.35352,74.70409,89.132866
TJIG,7/2/2023,87.8,82.4,66.35352,76.51288,83.88154
TJIG,7/3/2023,87.8,82.4,66.35352,76.44477,83.88154
TJIG,7/4/2023,87.8,82.4,74.76602,83.181366,88.90445
TJIG,7/5/2023,86,82.4,70.26737,78.38508,83.772194
TJIG,7/6/2023,87.8,84.2,66.35352,74.48693,79.039246
TJIG,7/7/2023,87.8,82.4,66.35352,74.954254,83.88154
TJIG,7/8/2023,86,80.6,74.44338,82.52198,94.26866
TJIG,7/9/2023,87.8,78.8,74.76602,83.6824,88.74824
TJIG,7/10/2023,87.8,82.4,74.60542,77.1868,83.88154
TJIG,7/11/2023,87.8,84.2,74.76602,79.73184,83.88154
TJIG,7/12/2023,87.8,80.6,62.467205,79.0951,83.88154
TJIG,7/13/2023,87.8,82.4,66.35352,80.688805,88.90445
TJIG,7/14/2023,87.8,82.4,66.35352,75.400795,83.88154
TJIG,7/15/2023,87.8,82.4,70.26737,76.73902,83.88154
TJIG,7/16/2023,87.8,82.4,74.60542,83.249596,88.90445
TJIG,7/17/2023,86,82.4,79.039246,84.71662,88.98136
TJIG,7/18/2023,87.8,82.4,74.76602,82.02332,88.90445
TJIG,7/19/2023,87.8,84.2,70.44994,80.29028,88.98136
TJIG,7/20/2023,87.8,82.4,66.35352,75.31346,79.039246
TJIG,7/21/2023,87.8,80.6,66.35352,77.283295,83.66177
TJIG,7/22/2023,89.6,80.6,55.530766,75.23079,83.66177
TJIG,7/23/2023,89.6,82.4,66.55361,74.43039,79.039246
TJIG,7/24/2023,87.8,80.6,66.35352,76.7942,83.66177
TJIG,7/25/2023,87.8,75.2,74.76602,80.67393,94.14301
TJIG,7/26/2023,87.8,82.4,65.94849,79.94349,83.88154
TJIG,7/27/2023,87.8,80.6,70.44994,78.88091,83.88154
TJIG,7/28/2023,87.8,80.6,74.60542,79.14762,83.88154
TJIG,7/29/2023,87.8,80.6,70.44994,80.40532,88.90445
TJIG,7/30/2023,87.8,82.4,70.44994,76.96409,83.88154
TJIG,7/31/2023,87.8,80.6,66.35352,79.84367,88.826744
TJIG,8/1/2023,87.8,75.2,70.44994,81.876755,94.18534
TJIG,8/2/2023,87.8,80.6,70.083244,80.68742,88.90445
TJIG,8/3/2023,87.8,78.8,70.44994,81.11184,88.74824
TJIG,8/4/2023,89.6,82.4,58.781776,73.44245,79.17608
TJIG,8/5/2023,89.6,82.4,70.630974,77.851814,83.772194
TJIG,8/6/2023,91.4,82.4,66.7521,82.90081,94.309654
TJIG,8/7/2023,89.6,82.4,74.92519,83.84396,88.98136
TJIG,8/8/2023,87.8,82.4,79.31164,88.27897,94.309654
TJIG,8/9/2023,89.6,80.6,70.630974,84.81668,94.26866
TJIG,8/10/2023,91.4,80.6,55.77155,75.18771,88.826744
TJIG,8/11/2023,89.6,84.2,70.630974,76.61769,79.31164
TJIG,8/12/2023,87.8,78.8,62.249004,77.34798,83.88154
TJIG,8/13/2023,87.8,80.6,70.44994,77.41779,83.66177
TJIG,8/14/2023,89.6,82.4,70.630974,76.978065,79.31164
TJIG,8/15/2023,89.6,84.2,70.44994,78.166595,88.98136
TJIG,8/16/2023,89.6,84.2,70.44994,75.64878,79.17608
TJIG,8/17/2023,89.6,82.4,66.35352,78.9497,83.772194
TJIG,8/18/2023,87.8,84.2,74.76602,79.02356,83.88154
TJIG,8/19/2023,89.6,84.2,70.44994,76.566635,79.17608
TJIG,8/20/2023,89.6,78.8,74.76602,80.99497,88.98136
TJIG,8/21/2023,84.2,78.8,74.44338,83.03033,88.90445
TJIG,8/22/2023,82.4,80.6,74.2799,82.70302,88.826744
TJIG,8/23/2023,91.4,82.4,55.77155,72.83623,88.90445
TJIG,8/24/2023,95,82.4,56.24827,74.74483,83.772194
TJIG,8/25/2023,87.8,82.4,66.35352,76.52392,83.88154
TJIG,8/26/2023,91.4,80.6,59.241306,75.53825,88.826744
TJIG,8/27/2023,95,80.6,46.93223,71.39139,88.90445
TJIG,8/28/2023,95,82.4,46.93223,69.323875,88.90445
TJIG,8/29/2023,91.4,84.2,59.241306,76.90539,83.88154
TJIG,8/30/2023,89.6,84.2,62.683746,76.42063,83.88154
TJIG,8/31/2023,89.6,82.4,66.35352,77.119316,83.772194
TJIG,9/1/2023,89.6,80.6,70.44994,80.39982,88.826744
TJIG,9/2/2023,93.2,80.6,52.73017,76.26598,88.826744
TJIG,9/3/2023,91.4,82.4,59.012367,71.02655,78.90113
TJIG,9/4/2023,87.8,82.4,66.35352,79.318184,83.88154
TJIG,9/5/2023,89.6,80.6,66.55361,76.16561,83.66177
TJIG,9/6/2023,89.6,78.8,70.44994,77.2259,83.55026
TJIG,9/7/2023,87.8,80.6,70.44994,79.64479,88.826744
TJIG,9/8/2023,87.8,78.8,66.35352,77.049576,83.55026
TJIG,9/9/2023,87.8,80.6,79.17608,84.997856,94.26866
TJIG,9/10/2023,87.8,80.6,74.76602,84.00478,94.26866
TJIG,9/11/2023,89.6,82.4,70.26737,75.32822,79.039246
TJIG,9/12/2023,93.2,82.4,56.010715,71.08966,79.17608
TJIG,9/13/2023,95,84.2,44.14303,63.975792,83.98982
TJIG,9/14/2023,96.8,82.4,53.223515,72.29414,83.772194
TJIG,9/15/2023,89.6,80.6,58.781776,76.68904,88.826744
TJIG,9/16/2023,87.8,80.6,62.467205,76.88005,83.66177
TJIG,9/17/2023,89.6,80.6,66.35352,76.873276,83.66177
TJIG,9/18/2023,87.8,80.6,66.35352,76.4161,83.66177
TJIG,9/19/2023,87.8,82.4,70.44994,77.553856,79.17608
TJIG,9/20/2023,87.8,80.6,70.44994,80.36522,88.826744
TJIG,9/21/2023,87.8,80.6,70.44994,80.34674,88.90445
TJIG,9/22/2023,89.6,80.6,66.35352,77.42754,83.66177
TJIG,9/23/2023,89.6,80.6,70.630974,80.61869,88.90445
TJIG,9/24/2023,89.6,80.6,70.44994,78.69371,83.66177
TJIG,9/25/2023,89.6,82.4,70.44994,77.53319,83.772194
TJIG,9/26/2023,89.6,84.2,66.35352,75.43636,79.17608
TJIG,9/27/2023,87.8,78.8,74.76602,80.94327,88.90445
TJIG,9/28/2023,89.6,80.6,70.630974,82.83001,94.26866
TJIG,9/29/2023,89.6,82.4,70.630974,83.04734,94.309654
TJIG,9/30/2023,87.8,82.4,74.76602,84.4483,94.309654
TJIG,10/1/2023,86,78.8,83.88154,90.66885,94.309654
TJIG,10/2/2023,87.8,84.2,74.76602,79.96607,83.88154
TJIG,10/3/2023,87.8,80.6,74.76602,88.0539,94.309654
TJIG,10/4/2023,87.8,80.6,66.35352,80.48509,88.826744
TJIG,10/5/2023,93.2,80.6,56.010715,70.6229,78.90113
TJIG,10/6/2023,91.4,82.4,59.012367,72.62332,83.88154
TJIG,10/7/2023,93.2,82.4,49.362175,66.60751,79.039246
TJIG,10/8/2023,93.2,80.6,52.73017,68.354904,78.76171
TJIG,10/9/2023,93.2,82.4,56.010715,75.61677,88.90445
TJIG,10/10/2023,87.8,82.4,66.35352,72.60991,79.039246
TJIG,10/11/2023,87.8,78.8,62.467205,74.01011,83.55026
TJIG,10/12/2023,87.8,82.4,74.76602,79.48514,83.88154
TJIG,10/13/2023,87.8,80.6,66.35352,77.51786,83.66177
TJIG,10/14/2023,87.8,80.6,62.467205,76.674614,83.772194
TJIG,10/15/2023,89.6,80.6,66.55361,75.9953,83.772194
TJIG,10/16/2023,95,80.6,49.619205,71.844864,83.66177
TJIG,10/17/2023,89.6,80.6,62.683746,75.804726,83.66177
TJIG,10/18/2023,89.6,80.6,62.683746,77.92587,88.826744
TJIG,10/19/2023,89.6,82.4,66.35352,75.09938,78.90113
TJIG,10/20/2023,87.8,80.6,70.44994,85.56706,94.26866
TJIG,10/21/2023,87.8,82.4,70.44994,81.97968,88.90445
TJIG,10/22/2023,84.2,78.8,74.44338,88.95425,94.26866
TJIG,10/23/2023,87.8,80.6,70.26737,78.076965,83.66177
TJIG,10/24/2023,87.8,80.6,66.35352,80.339226,88.826744
TJIG,10/25/2023,84.2,75.2,78.90113,87.518135,94.22723
TJIG,10/26/2023,84.2,77,69.897545,82.806595,94.18534
TJIG,10/27/2023,86,77,74.60542,91.52312,100
TJIG,10/28/2023,86,77,70.26737,83.49203,94.18534
TJIG,10/29/2023,87.8,77,66.35352,83.37792,94.18534
TJIG,10/30/2023,84.2,78.8,69.897545,81.26488,88.74824
TJIG,10/31/2023,89.6,78.8,58.781776,73.35679,83.55026
TJIG,11/1/2023,87.8,80.6,66.15182,75.345795,83.66177
TJIG,11/2/2023,87.8,80.6,66.35352,73.61723,78.76171
TJIG,11/3/2023,87.8,80.6,66.35352,72.375084,79.039246
TJIG,11/4/2023,87.8,80.6,66.35352,76.53465,83.66177
TJIG,11/5/2023,87.8,78.8,66.15182,76.47895,83.55026
TJIG,11/6/2023,87.8,77,74.44338,82.318794,100
TJIG,11/7/2023,86,78.8,62.249004,79.55897,83.66177
TJIG,11/8/2023,86,75.2,66.15182,83.55311,100
TJIG,11/9/2023,86,77,70.26737,89.187706,94.22723
TJIG,11/10/2023,82.4,78.8,74.2799,81.53715,88.74824
TJIG,11/11/2023,86,78.8,66.15182,77.04989,83.66177
TJIG,11/12/2023,86,78.8,66.15182,76.47469,83.66177
TJIG,11/13/2023,86,78.8,66.15182,75.97096,83.55026
TJIG,11/14/2023,86,78.8,65.94849,73.46079,78.76171
TJIG,11/15/2023,87.8,77,58.549522,73.807076,83.437645
TJIG,11/16/2023,87.8,78.8,55.28835,71.172806,78.62098
TJIG,11/17/2023,91.4,78.8,55.77155,73.91635,83.55026
TJIG,11/18/2023,87.8,82.4,62.467205,72.42575,78.90113
TJIG,11/19/2023,89.6,80.6,52.23055,68.13139,78.76171
TJIG,11/20/2023,82.4,80.6,74.2799,80.359474,83.66177
TJIG,11/21/2023,82.4,75.2,74.2799,86.515015,100
TJIG,11/22/2023,82.4,80.6,69.897545,76.178894,78.76171
TJIG,11/23/2023,84.2,75.2,70.083244,81.99206,88.668915
TJIG,11/24/2023,84.2,75.2,74.2799,83.46652,94.14301
TJIG,11/25/2023,84.2,77,69.897545,81.00373,88.74824
TJIG,11/26/2023,84.2,75.2,70.083244,82.23942,94.14301
TJIG,11/27/2023,84.2,75.2,70.083244,76.68501,83.32391
TJIG,11/28/2023,84.2,75.2,65.94849,79.17333,88.668915
TJIG,11/29/2023,84.2,75.2,65.94849,77.26918,88.588776
TJIG,11/30/2023,84.2,77,65.94849,73.4157,88.668915
TJIG,12/1/2023,84.2,80.6,65.94849,73.89086,78.76171
TJIG,12/2/2023,84.2,78.8,65.94849,73.25077,78.62098
TJIG,12/3/2023,82.4,80.6,58.07999,66.727196,74.114944
TJIG,12/4/2023,86,75.2,66.15182,76.29177,83.32391
TJIG,12/5/2023,84.2,78.8,62.02914,73.441345,83.55026
TJIG,12/6/2023,84.2,78.8,65.94849,73.60168,78.62098
TJIG,12/7/2023,84.2,75.2,65.74351,79.306046,88.588776
TJIG,12/8/2023,86,75.2,65.94849,79.0763,94.14301
TJIG,12/9/2023,84.2,80.6,65.94849,70.19103,74.114944
TJIG,12/10/2023,82.4,73.4,74.2799,86.69788,94.14301
TJIG,12/11/2023,84.2,75.2,70.083244,81.53012,94.14301
TJIG,12/12/2023,84.2,77,65.94849,72.655975,83.437645
TJIG,12/13/2023,82.4,80.6,61.58435,67.73425,78.76171
TJIG,12/14/2023,82.4,77,61.807594,73.303474,83.437645
TJIG,12/15/2023,80.6,73.4,74.114944,83.86456,94.14301
TJIG,12/16/2023,82.4,73.4,69.897545,85.524254,94.14301
TJIG,12/17/2023,80.6,75.2,78.62098,87.76462,94.14301
TJIG,12/18/2023,82.4,75.2,65.74351,76.38604,83.32391
TJIG,12/19/2023,84.2,73.4,58.07999,75.26459,88.507805
TJIG,12/20/2023,80.6,73.4,69.71026,81.54565,88.668915
TJIG,12/21/2023,82.4,73.4,69.897545,81.3033,88.507805
TJIG,12/22/2023,82.4,75.2,65.74351,81.33928,88.588776
TJIG,12/23/2023,80.6,73.4,74.114944,82.907936,94.10022
TJIG,12/24/2023,82.4,73.4,69.52137,79.40829,88.507805
TJIG,12/25/2023,80.6,71.6,69.71026,78.578575,83.55026
TJIG,12/26/2023,80.6,73.4,65.536865,81.683464,94.10022
TJIG,12/27/2023,80.6,73.4,69.71026,79.1044,88.507805
TJIG,12/28/2023,80.6,73.4,65.536865,77.52267,88.507805
TJIG,12/29/2023,82.4,71.6,58.07999,75.584625,83.09303
TJIG,12/30/2023,82.4,73.4,61.807594,74.7892,83.32391
TJIG,12/31/2023,82.4,73.4,65.74351,81.754196,94.10022
TJIG,1/1/2024,82.4,73.4,69.897545,77.25574,83.32391
TJIG,1/2/2024,82.4,75.2,61.807594,76.9703,88.588776
TJIG,1/3/2024,82.4,73.4,69.71026,79.201805,88.507805
TJIG,1/4/2024,84.2,75.2,69.897545,80.27862,88.588776
TJIG,1/5/2024,82.4,73.4,65.536865,78.29484,88.507805
TJIG,1/6/2024,84.2,77,69.897545,80.52425,88.668915
TJIG,1/7/2024,84.2,75.2,69.897545,79.76019,88.588776
TJIG,1/8/2024,84.2,73.4,65.94849,79.70782,88.507805
TJIG,1/9/2024,84.2,78.8,65.94849,74.69424,78.76171
TJIG,1/10/2024,84.2,77,65.94849,79.08089,83.66177
TJIG,1/11/2024,84.2,75.2,74.2799,81.99212,88.668915
TJIG,1/12/2024,84.2,75.2,69.897545,82.31523,94.14301
TJIG,1/13/2024,84.2,77,69.897545,76.91209,83.437645
TJIG,1/14/2024,84.2,75.2,65.74351,76.86023,88.588776
TJIG,1/15/2024,80.6,75.2,78.62098,82.158134,94.14301
TJIG,1/16/2024,84.2,75.2,65.74351,79.05157,94.14301
TJIG,1/17/2024,82.4,78.8,69.897545,73.89217,83.55026
TJIG,1/18/2024,84.2,75.2,62.02914,76.05419,83.55026
TJIG,1/19/2024,84.2,75.2,62.02914,80.127785,88.588776
TJIG,1/20/2024,87.8,75.2,55.28835,78.27434,88.588776
TJIG,1/21/2024,84.2,75.2,74.114944,82.53581,94.14301
TJIG,1/22/2024,84.2,78.8,65.74351,72.18676,78.62098
TJIG,1/23/2024,84.2,78.8,58.315598,67.833435,74.114944
TJIG,1/24/2024,78.8,75.2,83.55026,84.79905,88.668915
TJIG,1/25/2024,82.4,78.8,61.58435,70.19151,73.9485
TJIG,1/26/2024,82.4,75.2,61.58435,70.07405,73.9485
TJIG,1/27/2024,82.4,75.2,65.74351,73.818756,83.32391
TJIG,1/28/2024,82.4,73.4,65.74351,77.57986,88.507805
TJIG,1/29/2024,87.8,71.6,45.87598,74.55622,88.42599
TJIG,1/30/2024,82.4,71.6,57.842686,74.028984,83.09303
TJIG,1/31/2024,78.8,71.6,78.62098,90.71926,94.10022
TJIG,2/1/2024,80.6,73.4,73.9485,81.07488,88.588776
TJIG,2/2/2024,78.8,71.6,61.3594,71.34483,94.05696
TJIG,2/3/2024,80.6,71.6,61.58435,74.78675,83.09303
TJIG,2/4/2024,84.2,73.4,62.02914,78.18379,88.507805
TJIG,2/5/2024,89.6,77,52.23055,69.01759,83.437645
TJIG,2/6/2024,86,77,65.94849,79.35343,94.18534
TJIG,2/7/2024,80.6,75.2,73.9485,81.15823,94.14301
TJIG,2/8/2024,78.8,69.8,65.32855,81.96274,88.588776
TJIG,2/9/2024,78.8,75.2,50.693428,59.68291,64.90684
TJIG,2/10/2024,80.6,75.2,50.43159,57.258488,65.32855
TJIG,2/11/2024,80.6,75.2,61.3594,67.1019,73.6111
TJIG,2/12/2024,82.4,71.6,61.807594,79.72494,94.05696
TJIG,2/13/2024,84.2,71.6,62.02914,81.7229,94.05696
TJIG,2/14/2024,84.2,73.4,62.02914,80.55204,88.507805
TJIG,2/15/2024,82.4,73.4,74.114944,81.91816,88.588776
TJIG,2/16/2024,82.4,75.2,65.536865,78.54619,88.588776
TJIG,2/17/2024,87.8,75.2,48.84356,72.27831,88.588776
TJIG,2/18/2024,87.8,73.4,48.581966,66.4813,83.209045
TJIG,2/19/2024,89.6,77,52.23055,65.44944,78.76171
TJIG,2/20/2024,84.2,75.2,65.74351,79.277245,88.588776
TJIG,2/21/2024,86,75.2,55.044296,76.25296,88.588776
TJIG,2/22/2024,80.6,71.6,54.30221,79.836266,94.05696
TJIG,2/23/2024,80.6,69.8,50.953636,65.59645,77.89702
TJIG,2/24/2024,82.4,71.6,65.536865,73.92099,78.04456
TJIG,2/25/2024,,,,,
TJIG,2/26/2024,78.8,73.4,78.62098,88.58545,94.14301
TJIG,2/27/2024,80.6,75.2,73.9485,83.8299,88.588776
TJIG,2/28/2024,82.4,73.4,69.897545,83.312096,94.10022
TJIG,2/29/2024,80.6,78.8,69.71026,75.731865,78.62098
TJIG,3/1/2024,80.6,73.4,69.71026,78.53235,100
TJIG,3/2/2024,82.4,77,54.051514,63.654953,69.71026
TJIG,3/3/2024,82.4,73.4,65.32855,73.413414,94.10022
TJIG,3/4/2024,82.4,78.8,61.58435,69.5316,73.9485
TJIG,3/5/2024,82.4,71.6,61.58435,73.022964,83.09303
TJIG,3/6/2024,82.4,73.4,65.74351,77.33363,88.507805
TJIG,3/7/2024,86,75.2,62.249004,77.212135,83.437645
TJIG,3/8/2024,84.2,75.2,69.897545,80.05461,88.588776
TJIG,3/9/2024,82.4,77,74.2799,79.76062,83.437645
TJIG,3/10/2024,84.2,77,69.897545,76.690704,83.437645
TJIG,3/11/2024,82.4,75.2,69.897545,79.43663,88.588776
TJIG,3/12/2024,82.4,75.2,69.897545,79.27313,88.588776
TJIG,3/13/2024,82.4,75.2,61.807594,71.39104,78.335495
TJIG,3/14/2024,84.2,75.2,65.94849,78.851036,88.588776
TJIG,3/15/2024,82.4,77,69.897545,78.48759,88.668915
TJIG,3/16/2024,84.2,75.2,65.94849,85.754486,94.14301
TJIG,3/17/2024,84.2,73.4,70.083244,80.39713,88.507805
TJIG,3/18/2024,89.6,78.8,46.142197,67.22469,83.55026
TJIG,3/19/2024,91.4,78.8,52.23055,69.1698,83.55026
TJIG,3/20/2024,84.2,77,65.94849,81.387695,88.668915
TJIG,3/21/2024,84.2,77,69.897545,81.174034,88.668915
TJIG,3/22/2024,84.2,80.6,69.897545,75.008675,78.76171
TJIG,3/23/2024,84.2,78.8,65.94849,75.08797,88.98136
TJIG,3/24/2024,89.6,78.8,49.103626,65.05313,78.62098
TJIG,3/25/2024,89.6,78.8,52.23055,74.86673,88.74824
TJIG,3/26/2024,82.4,73.4,69.71026,82.362236,94.14301
TJIG,3/27/2024,80.6,78.8,61.58435,65.17352,69.71026
TJIG,3/28/2024,82.4,73.4,54.551235,62.656723,68.94494
TJIG,3/29/2024,82.4,73.4,57.842686,67.41919,78.19072
TJIG,3/30/2024,82.4,73.4,61.58435,69.09202,73.44011
TJIG,3/31/2024,82.4,73.4,69.71026,80.77877,94.14301
TJIG,4/1/2024,80.6,75.2,69.71026,75.99023,88.588776
TJIG,4/2/2024,82.4,78.8,69.71026,73.160324,78.62098
TJIG,4/3/2024,82.4,75.2,69.71026,77.31696,83.32391
TJIG,4/4/2024,84.2,77,58.315598,72.28081,78.47891
TJIG,4/5/2024,86,78.8,70.083244,77.77834,83.55026
TJIG,4/6/2024,86,78.8,70.26737,79.047935,88.90445
TJIG,4/7/2024,86,78.8,65.94849,79.00559,88.74824
TJIG,4/8/2024,86,75.2,70.26737,81.323395,88.668915
TJIG,4/9/2024,80.6,77,69.71026,73.99048,78.62098
TJIG,4/10/2024,82.4,78.8,65.32855,67.32701,74.114944
TJIG,4/11/2024,84.2,78.8,65.94849,76.15104,83.55026
TJIG,4/12/2024,82.4,78.8,78.90113,85.59019,88.74824
TJIG,4/13/2024,84.2,77,65.94849,77.76915,88.668915
TJIG,4/14/2024,84.2,77,74.2799,80.96336,88.74824
TJIG,4/15/2024,84.2,77,70.083244,86.08755,94.18534
TJIG,4/16/2024,82.4,73.4,78.90113,85.26038,100
TJIG,4/17/2024,82.4,78.8,74.2799,79.08627,83.55026
TJIG,4/18/2024,82.4,75.2,69.897545,81.531235,94.14301
TJIG,4/19/2024,82.4,75.2,69.897545,83.73612,94.14301
TJIG,4/20/2024,84.2,80.6,62.02914,69.047516,74.114944
TJIG,4/21/2024,82.4,77,65.74351,78.27033,88.668915
TJIG,4/22/2024,82.4,75.2,74.2799,82.15817,100
TJIG,4/23/2024,86,77,66.15182,82.44163,94.18534
TJIG,4/24/2024,84.2,77,70.083244,80.214096,88.668915
TJIG,4/25/2024,84.2,77,74.2799,80.39949,88.668915
TJIG,4/26/2024,86,78.8,66.15182,76.34421,83.55026
TJIG,4/27/2024,84.2,77,70.083244,81.038704,88.668915
TJIG,4/28/2024,82.4,75.2,65.74351,72.215126,88.588776
TJIG,4/29/2024,80.6,75.2,74.114944,78.70055,94.14301
TJIG,4/30/2024,82.4,78.8,69.897545,77.422966,83.55026
TJIG,5/1/2024,82.4,78.8,78.76171,84.3267,88.826744
TJIG,5/2/2024,84.2,78.8,74.44338,84.367645,88.826744
TJIG,5/3/2024,84.2,73.4,74.44338,85.32389,94.14301
TJIG,5/4/2024,84.2,75.2,70.083244,80.7658,88.588776
TJIG,5/5/2024,86,78.8,70.26737,83.213036,88.90445
TJIG,5/6/2024,86,80.6,78.90113,84.95809,94.26866
TJIG,5/7/2024,82.4,75.2,78.90113,88.39965,100
TJIG,5/8/2024,84.2,78.8,74.2799,82.75732,88.74824
TJIG,5/9/2024,86,78.8,70.083244,80.02381,88.826744
TJIG,5/10/2024,84.2,77,74.2799,83.10406,94.18534
TJIG,5/11/2024,91.4,78.8,52.481148,71.760544,83.66177
TJIG,5/12/2024,91.4,80.6,52.481148,74.03239,83.772194
TJIG,5/13/2024,87.8,84.2,74.44338,75.79692,83.88154
TJIG,5/14/2024,86,80.6,70.26737,77.446365,83.772194
TJIG,5/15/2024,86,80.6,70.26737,75.10709,78.76171
TJIG,5/16/2024,86,80.6,70.083244,74.66756,78.76171
TJIG,5/17/2024,87.8,80.6,66.15182,75.23527,83.88154
TJIG,5/18/2024,87.8,80.6,66.35352,79.92904,83.88154
TJIG,5/19/2024,91.4,82.4,55.77155,74.6001,79.17608
TJIG,5/20/2024,89.6,82.4,62.683746,73.792534,78.90113
TJIG,5/21/2024,93.2,80.6,49.362175,63.619907,70.44994
TJIG,5/22/2024,84.2,80.6,78.90113,84.71001,94.26866
TJIG,5/23/2024,91.4,78.8,55.77155,76.17351,88.826744
TJIG,5/24/2024,87.8,82.4,66.15182,75.4665,79.17608
TJIG,5/25/2024,89.6,82.4,66.35352,77.01619,83.88154
TJIG,5/26/2024,87.8,82.4,66.35352,78.25789,83.772194
TJIG,5/27/2024,87.8,82.4,74.2799,81.72668,94.309654
TJIG,5/28/2024,87.8,80.6,74.76602,86.511696,94.26866
TJIG,5/29/2024,87.8,80.6,74.60542,84.250755,94.26866
TJIG,5/30/2024,89.6,82.4,62.683746,77.90821,88.90445
TJIG,5/31/2024,93.2,82.4,49.619205,67.62877,78.90113
TJIG,6/1/2024,89.6,84.2,55.530766,73.572655,83.88154
TJIG,6/2/2024,86,75.2,79.17608,87.55365,94.18534
TJIG,6/3/2024,91.4,80.6,59.241306,79.20634,88.90445
TJIG,6/4/2024,93.2,82.4,55.77155,70.89184,83.772194
TJIG,6/5/2024,91.4,80.6,59.241306,75.148476,83.88154
TJIG,6/6/2024,87.8,80.6,66.35352,81.66927,88.826744
TJIG,6/7/2024,93.2,82.4,49.619205,67.405914,78.90113
TJIG,6/8/2024,93.2,82.4,49.619205,66.26609,78.90113
TJIG,6/9/2024,89.6,84.2,70.44994,75.61986,83.88154
TJIG,6/10/2024,87.8,82.4,70.44994,77.96248,88.98136
TJIG,6/11/2024,87.8,84.2,66.35352,72.881165,83.88154
TJIG,6/12/2024,89.6,84.2,66.35352,73.997604,83.88154
TJIG,6/13/2024,87.8,84.2,70.44994,75.58378,79.039246
TJIG,6/14/2024,87.8,84.2,66.35352,72.74635,79.039246
TJIG,6/15/2024,89.6,80.6,62.683746,77.81775,88.90445
TJIG,6/16/2024,87.8,78.8,62.467205,77.21937,83.66177
TJIG,6/17/2024,87.8,80.6,70.44994,79.06907,83.66177
TJIG,6/18/2024,89.6,80.6,55.530766,71.82528,78.90113
TJIG,6/19/2024,93.2,80.6,52.73017,75.014275,83.66177
TJIG,6/20/2024,89.6,84.2,66.55361,74.21549,79.17608
TJIG,6/21/2024,87.8,82.4,66.35352,73.52306,78.90113
TJIG,6/22/2024,87.8,82.4,66.15182,74.58697,79.039246
TJIG,6/23/2024,87.8,80.6,70.083244,79.83149,83.88154
TJIG,6/24/2024,87.8,78.8,70.44994,80.57336,83.88154
TJIG,6/25/2024,89.6,82.4,62.683746,77.72724,83.88154
TJIG,6/26/2024,87.8,84.2,74.60542,79.250084,83.88154
TJIG,6/27/2024,87.8,84.2,70.44994,76.74884,83.88154
TJIG,6/28/2024,89.6,82.4,66.35352,72.78527,78.90113
TJIG,6/29/2024,87.8,80.6,70.44994,78.20474,83.66177
TJIG,6/30/2024,89.6,82.4,70.44994,80.47808,88.90445
TJIG,7/1/2024,89.6,84.2,66.35352,72.834564,79.17608
TJIG,7/2/2024,91.4,78.8,62.683746,80.31368,88.90445
TJIG,7/3/2024,87.8,69.8,74.76602,79.741295,83.88154
TJIG,7/4/2024,87.8,84.2,74.76602,79.75161,83.88154
TJIG,7/5/2024,91.4,82.4,59.241306,78.844185,83.88154
TJIG,7/6/2024,93.2,82.4,49.619205,67.12817,78.90113
TJIG,7/7/2024,87.8,84.2,66.35352,74.448875,79.039246
TJIG,7/8/2024,87.8,82.4,62.467205,74.48208,83.88154
TJIG,7/9/2024,89.6,84.2,70.630974,80.20137,83.88154
TJIG,7/10/2024,84.2,82.4,74.44338,,83.772194
TJIG,7/11/2024,87.8,82.4,70.26737,76.24772,83.88154
TJIG,7/12/2024,87.8,82.4,70.44994,80.91743,88.90445
TJIG,7/13/2024,87.8,78.8,74.76602,86.02183,94.22723
TJIG,7/14/2024,89.6,84.2,70.630974,79.280876,83.88154
TJIG,7/15/2024,87.8,80.6,62.467205,73.45368,83.66177
TJIG,7/16/2024,87.8,80.6,65.94849,75.13335,79.17608
TJIG,7/17/2024,87.8,84.2,70.44994,75.09343,79.17608
TJIG,7/18/2024,87.8,84.2,66.35352,76.09376,83.88154
TJIG,7/19/2024,84.2,80.6,70.083244,79.98656,88.90445
TJIG,7/20/2024,87.8,82.4,74.76602,79.23479,83.88154
TJIG,7/21/2024,87.8,84.2,66.35352,72.458176,79.039246
TJIG,7/22/2024,87.8,78.8,70.083244,82.05561,88.90445
TJIG,7/23/2024,87.8,82.4,62.249004,75.30623,83.88154
TJIG,7/24/2024,87.8,80.6,66.35352,75.76172,83.66177
TJIG,7/25/2024,89.6,82.4,70.44994,79.39832,83.98982
TJIG,7/26/2024,87.8,84.2,74.76602,79.770515,83.88154
TJIG,7/27/2024,87.8,82.4,70.26737,76.46576,79.17608
TJIG,7/28/2024,87.8,78.8,66.35352,77.46892,83.55026
TJIG,7/29/2024,87.8,80.6,66.35352,77.445435,83.66177
TJIG,7/30/2024,87.8,78.8,66.35352,78.53031,88.74824
TJIG,7/31/2024,84.2,80.6,78.90113,87.261375,94.26866
TJIG,8/1/2024,87.8,78.8,66.35352,83.1628,88.826744
TJIG,8/2/2024,87.8,78.8,74.44338,81.96533,88.74824
TJIG,8/3/2024,87.8,82.4,66.35352,74.880295,78.90113
TJIG,8/4/2024,89.6,82.4,70.630974,76.776505,79.17608
TJIG,8/5/2024,89.6,84.2,70.44994,76.18499,83.88154
TJIG,8/6/2024,87.8,84.2,70.26737,75.12392,79.039246
TJIG,8/7/2024,89.6,80.6,62.683746,75.30611,83.66177
TJIG,8/8/2024,87.8,80.6,66.35352,75.049065,83.88154
TJIG,8/9/2024,87.8,82.4,70.44994,81.52481,88.98136
TJIG,8/10/2024,87.8,84.2,66.35352,73.322205,83.88154
TJIG,8/11/2024,87.8,78.8,70.44994,81.91556,88.826744
TJIG,8/12/2024,87.8,80.6,66.35352,78.779495,88.826744
TJIG,8/13/2024,87.8,78.8,70.44994,79.20159,100
TJIG,8/14/2024,78.8,77,88.668915,88.71898,88.74824
TJIG,8/15/2024,,,,,
TJIG,8/16/2024,,,,,
TJIG,8/17/2024,,,,,
TJIG,8/18/2024,,,,,
TJIG,8/19/2024,,,,,
TJIG,8/20/2024,,,,,
TJIG,8/21/2024,,,,,
TJIG,8/22/2024,,,,,
TJIG,8/23/2024,,,,,
TJIG,8/24/2024,,,,,
TJIG,8/25/2024,,,,,
TJIG,8/26/2024,,,,,
TJIG,8/27/2024,,,,,
TJIG,8/28/2024,,,,,
TJIG,8/29/2024,,,,,
TJIG,8/30/2024,,,,,
TJIG,8/31/2024,,,,,
TJIG,9/1/2024,,,,,
TJIG,9/2/2024,,,,,
TJIG,9/3/2024,,,,,
TJIG,9/4/2024,,,,,
TJIG,9/5/2024,,,,,
TJIG,9/6/2024,,,,,
TJIG,9/7/2024,,,,,
TJIG,9/8/2024,,,,,
TJIG,9/9/2024,,,,,
TJIG,9/10/2024,,,,,
TJIG,9/11/2024,,,,,
TJIG,9/12/2024,,,,,
TJIG,9/13/2024,,,,,
TJIG,9/14/2024,,,,,
TJIG,9/15/2024,,,,,
TJIG,9/16/2024,,,,,
TJIG,9/17/2024,,,,,
TJIG,9/18/2024,,,,,
TJIG,9/19/2024,,,,,
TJIG,9/20/2024,,,,,
TJIG,9/21/2024,,,,,
TJIG,9/22/2024,,,,,
TJIG,9/23/2024,,,,,
TJIG,9/24/2024,89.6,87.8,66.55361,70.264084,74.76602
TJIG,9/25/2024,89.6,82.4,62.683746,72.70896,78.90113
TJIG,9/26/2024,89.6,80.6,55.28835,77.90326,88.90445
TJIG,9/27/2024,89.6,80.6,70.44994,77.99077,83.772194
TJIG,9/28/2024,89.6,82.4,70.630974,79.48816,83.88154
TJIG,9/29/2024,87.8,80.6,70.44994,78.202286,83.66177
TJIG,9/30/2024,89.6,80.6,66.35352,76.607895,83.66177
TJIG,10/1/2024,89.6,80.6,66.15182,75.07154,83.66177
TJIG,10/2/2024,87.8,78.8,66.35352,77.64024,83.88154
TJIG,10/3/2024,89.6,80.6,66.35352,78.10473,88.826744
TJIG,10/4/2024,87.8,82.4,70.44994,78.77114,83.772194
TJIG,10/5/2024,87.8,80.6,66.15182,78.50956,88.826744
TJIG,10/6/2024,87.8,80.6,66.35352,76.84132,88.826744
TJIG,10/7/2024,89.6,78.8,62.467205,79.84929,88.90445
TJIG,10/8/2024,93.2,80.6,55.77155,72.79204,83.66177
TJIG,10/9/2024,93.2,82.4,56.010715,68.95847,79.039246
TJIG,10/10/2024,95,82.4,46.67032,68.41924,88.90445
TJIG,10/11/2024,89.6,80.6,55.530766,68.7472,78.90113
TJIG,10/12/2024,91.4,78.8,49.362175,69.85356,83.55026
TJIG,10/13/2024,89.6,78.8,62.467205,77.77778,88.826744
TJIG,10/14/2024,89.6,80.6,62.683746,76.194214,83.66177
TJIG,10/15/2024,89.6,80.6,55.530766,68.29309,78.76171
TJIG,10/16/2024,89.6,78.8,59.012367,71.892654,83.55026
TJIG,10/17/2024,89.6,82.4,62.683746,74.71646,79.039246
TJIG,10/18/2024,87.8,80.6,66.35352,81.074585,88.826744
TJIG,10/19/2024,87.8,78.8,66.35352,81.608154,88.826744
TJIG,10/20/2024,89.6,80.6,66.35352,80.19385,88.826744
TJIG,10/21/2024,89.6,80.6,62.683746,76.20808,88.826744
TJIG,10/22/2024,91.4,80.6,52.481148,70.55314,83.66177
TJIG,10/23/2024,95,80.6,52.73017,71.61973,88.826744
TJIG,10/24/2024,91.4,82.4,66.35352,76.28544,83.772194
TJIG,10/25/2024,89.6,78.8,69.897545,77.53647,83.772194
TJIG,10/26/2024,87.8,78.8,66.35352,78.792694,88.74824
TJIG,10/27/2024,87.8,78.8,66.15182,77.94164,88.74824
TJIG,10/28/2024,87.8,80.6,66.35352,75.24228,83.66177
TJIG,10/29/2024,84.2,80.6,74.44338,81.71973,88.826744
TJIG,10/30/2024,87.8,75.2,62.467205,74.57803,83.55026
TJIG,10/31/2024,75.2,73.4,88.507805,89.97878,100
TJIG,11/1/2024,82.4,73.4,69.897545,86.77609,94.14301
TJIG,11/2/2024,87.8,75.2,62.467205,78.44885,88.588776
TJIG,11/3/2024,87.8,78.8,66.35352,78.34482,83.55026
TJIG,11/4/2024,87.8,80.6,66.35352,78.72186,83.88154
TJIG,11/5/2024,84.2,78.8,74.44338,83.03945,94.22723
TJIG,11/6/2024,86,75.2,74.44338,85.799835,94.14301
TJIG,11/7/2024,84.2,73.4,74.2799,89.41993,100
TJIG,11/8/2024,87.8,77,62.467205,84.53258,94.18534
TJIG,11/9/2024,86,80.6,70.26737,81.65775,88.90445
TJIG,11/10/2024,82.4,78.8,83.66177,86.125946,94.22723
TJIG,11/11/2024,82.4,75.2,78.90113,84.78924,94.14301
TJIG,11/12/2024,86,78.8,66.15182,83.393845,88.90445
TJIG,11/13/2024,86,77,70.26737,81.83444,94.18534
TJIG,11/14/2024,84.2,78.8,70.083244,79.589485,83.66177
TJIG,11/15/2024,82.4,78.8,74.2799,83.956345,88.74824
TJIG,11/16/2024,86,77,70.083244,80.81495,88.668915
TJIG,11/17/2024,84.2,77,69.897545,82.038506,88.74824
TJIG,11/18/2024,82.4,80.6,54.551235,63.872795,69.71026
TJIG,11/19/2024,84.2,73.4,62.02914,72.45823,83.32391
TJIG,11/20/2024,84.2,75.2,62.02914,75.93179,88.588776
TJIG,11/21/2024,84.2,77,65.74351,76.55871,83.55026
TJIG,11/22/2024,91.4,77,55.77155,74.14448,83.55026
TJIG,11/23/2024,87.8,78.8,70.26737,80.78466,88.74824
TJIG,11/24/2024,84.2,78.8,74.44338,81.22948,88.826744
TJIG,11/25/2024,87.8,78.8,58.781776,76.143295,88.74824
TJIG,11/26/2024,87.8,78.8,66.15182,75.56149,83.55026
TJIG,11/27/2024,89.6,78.8,59.012367,76.400154,83.55026
TJIG,11/28/2024,87.8,78.8,66.15182,76.89108,83.55026
TJIG,11/29/2024,87.8,78.8,58.781776,78.01853,88.90445
TJIG,11/30/2024,89.6,78.8,58.781776,77.28051,88.74824
TJIG,12/1/2024,87.8,75.2,58.781776,77.54153,88.588776
TJIG,12/2/2024,87.8,78.8,65.94849,75.58418,83.66177
TJIG,12/3/2024,86,78.8,66.15182,77.27474,83.55026
TJIG,12/4/2024,86,75.2,66.15182,79.88221,88.588776
TJIG,12/5/2024,86,77,66.15182,75.69214,83.437645
TJIG,12/6/2024,84.2,78.8,62.02914,72.378716,83.55026
TJIG,12/7/2024,84.2,75.2,62.02914,76.23208,88.588776
TJIG,12/8/2024,84.2,75.2,74.2799,83.98899,94.14301
TJIG,12/9/2024,86,77,66.15182,74.691605,83.437645
TJIG,12/10/2024,84.2,75.2,69.897545,81.4049,94.14301
TJIG,12/11/2024,84.2,78.8,62.02914,70.30419,78.62098
TJIG,12/12/2024,82.4,80.6,61.58435,67.612305,69.897545
TJIG,12/13/2024,82.4,78.8,69.71026,74.44931,78.76171
TJIG,12/14/2024,86,73.4,58.549522,76.146286,88.507805
TJIG,12/15/2024,84.2,75.2,69.897545,77.33264,88.588776
TJIG,12/16/2024,84.2,75.2,70.083244,80.6754,88.588776
TJIG,12/17/2024,84.2,75.2,70.083244,82.24842,94.14301
TJIG,12/18/2024,82.4,75.2,74.2799,86.29235,94.14301
TJIG,12/19/2024,84.2,75.2,65.94849,84.005424,94.14301
TJIG,12/20/2024,87.8,73.4,55.28835,75.65928,94.10022
TJIG,12/21/2024,87.8,78.8,66.15182,77.34316,83.55026
TJIG,12/22/2024,87.8,78.8,66.35352,82.627495,88.74824
TJIG,12/23/2024,84.2,78.8,65.94849,78.14399,83.66177
TJIG,12/24/2024,84.2,77,70.083244,81.524124,88.668915
TJIG,12/25/2024,84.2,75.2,70.083244,83.62219,94.14301
TJIG,12/26/2024,84.2,75.2,70.083244,79.41797,94.14301
TJIG,12/27/2024,82.4,77,74.114944,79.01486,83.437645
TJIG,12/28/2024,84.2,75.2,57.842686,78.08381,94.14301
TJIG,12/29/2024,80.6,77,50.693428,60.37618,65.118546
TJIG,12/30/2024,80.6,69.8,57.842686,76.20286,94.01323
TJIG,12/31/2024,80.6,78.8,61.58435,61.98373,65.32855
TJIG,1/1/2025,82.4,73.4,58.07999,78.42323,88.588776
TJIG,1/2/2025,82.4,71.6,65.74351,76.60308,88.42599
TJIG,1/3/2025,84.2,73.4,54.551235,67.189964,78.19072
TJIG,1/4/2025,80.6,71.6,69.71026,86.58181,100
TJIG,1/5/2025,78.8,73.4,78.62098,87.38537,94.10022
TJIG,1/6/2025,82.4,75.2,69.71026,76.56567,88.588776
TJIG,1/7/2025,82.4,71.6,69.897545,82.905685,94.05696
TJIG,1/8/2025,84.2,73.4,65.94849,81.592926,94.10022
TJIG,1/9/2025,82.4,73.4,65.536865,81.0079,94.10022
TJIG,1/10/2025,80.6,78.8,61.3594,68.84249,73.9485
TJIG,1/11/2025,80.6,73.4,57.842686,67.622665,78.19072
TJIG,1/12/2025,80.6,69.8,57.842686,74.78172,88.34331
TJIG,1/13/2025,82.4,73.4,57.842686,68.81142,83.209045
TJIG,1/14/2025,82.4,73.4,65.536865,77.620056,88.588776
TJIG,1/15/2025,82.4,78.8,61.58435,68.5829,73.9485
TJIG,1/16/2025,80.6,78.8,57.842686,65.06629,69.52137
TJIG,1/17/2025,84.2,75.2,62.02914,72.57008,83.32391
TJIG,1/18/2025,82.4,78.8,69.897545,79.768936,88.74824
TJIG,1/19/2025,84.2,78.8,62.02914,75.24787,83.55026
TJIG,1/20/2025,82.4,77,69.897545,75.97218,83.55026
TJIG,1/21/2025,84.2,73.4,65.94849,76.174995,88.507805
TJIG,1/22/2025,82.4,75.2,74.2799,80.626465,100
TJIG,1/23/2025,82.4,75.2,69.897545,84.29927,94.14301
TJIG,1/24/2025,82.4,78.8,65.74351,74.00485,78.62098
TJIG,1/25/2025,82.4,73.4,69.897545,79.93218,88.507805
TJIG,1/26/2025,82.4,75.2,65.74351,73.22769,78.335495
TJIG,1/27/2025,86,75.2,54.798595,73.0978,94.14301
TJIG,1/28/2025,84.2,73.4,65.94849,79.039566,88.588776
TJIG,1/29/2025,84.2,75.2,70.083244,80.99628,88.588776
TJIG,1/30/2025,82.4,75.2,69.897545,81.36301,94.14301
TJIG,1/31/2025,82.4,78.8,69.897545,75.80126,83.55026
TJIG,2/1/2025,82.4,77,65.74351,73.238785,78.47891
TJIG,2/2/2025,82.4,78.8,69.71026,75.13858,78.62098
TJIG,2/3/2025,82.4,77,69.71026,77.04997,83.437645
TJIG,2/4/2025,82.4,78.8,65.74351,70.93131,78.62098
TJIG,2/5/2025,82.4,73.4,65.74351,78.76428,94.10022
TJIG,2/6/2025,82.4,78.8,61.807594,69.76302,73.9485
TJIG,2/7/2025,80.6,75.2,69.71026,73.82907,83.32391
TJIG,2/8/2025,80.6,77,69.71026,75.24832,83.437645
TJIG,2/9/2025,82.4,78.8,69.71026,73.86035,78.76171
TJIG,2/10/2025,82.4,78.8,65.74351,72.453865,74.2799
TJIG,2/11/2025,82.4,73.4,65.74351,78.275475,88.588776
TJIG,2/12/2025,82.4,75.2,61.807594,71.955574,78.62098
TJIG,2/13/2025,82.4,75.2,61.807594,71.58861,88.588776
TJIG,2/14/2025,82.4,73.4,65.74351,75.35348,83.209045
TJIG,2/15/2025,82.4,71.6,58.07999,73.98141,94.05696
TJIG,2/16/2025,82.4,73.4,58.07999,74.69782,88.507805
TJIG,2/17/2025,84.2,71.6,54.798595,71.75768,78.04456
TJIG,2/18/2025,82.4,71.6,58.07999,73.76321,83.09303
TJIG,2/19/2025,84.2,75.2,54.798595,71.79142,78.335495
TJIG,2/20/2025,82.4,75.2,69.897545,80.38144,94.14301
TJIG,2/21/2025,82.4,73.4,65.74351,77.81477,88.507805
TJIG,2/22/2025,82.4,75.2,69.71026,77.53195,83.32391
TJIG,2/23/2025,82.4,71.6,65.74351,79.50622,94.05696
TJIG,2/24/2025,82.4,73.4,65.74351,72.1609,78.19072
TJIG,2/25/2025,82.4,75.2,65.74351,77.54611,94.14301
TJIG,2/26/2025,84.2,75.2,58.07999,76.989655,88.588776
TJIG,2/27/2025,84.2,75.2,65.94849,78.72114,88.588776
TJIG,2/28/2025,82.4,75.2,69.71026,77.31907,83.32391
TJIG,3/1/2025,84.2,75.2,54.798595,74.120834,88.588776
TJIG,3/2/2025,87.8,73.4,45.87598,69.767494,83.32391
TJIG,3/3/2025,84.2,73.4,62.02914,79.54085,94.10022
TJIG,3/4/2025,80.6,73.4,73.9485,80.27548,94.10022
TJIG,3/5/2025,82.4,75.2,69.897545,77.75758,83.32391
TJIG,3/6/2025,87.8,73.4,58.781776,79.435356,94.10022
TJIG,3/7/2025,84.2,77,70.083244,76.00325,78.76171
TJIG,3/8/2025,82.4,78.8,74.2799,76.798805,78.76171
TJIG,3/9/2025,82.4,75.2,69.897545,79.36919,88.668915
TJIG,3/10/2025,84.2,73.4,62.02914,79.530014,94.10022
TJIG,3/11/2025,89.6,73.4,43.067974,65.72408,83.32391
TJIG,3/12/2025,84.2,73.4,58.07999,67.48398,73.44011
TJIG,3/13/2025,84.2,77,69.897545,77.74118,83.55026
TJIG,3/14/2025,78.8,73.4,73.9485,87.59935,94.10022
TJIG,3/15/2025,80.6,69.8,65.536865,77.309074,88.34331
TJIG,3/16/2025,84.2,75.2,54.798595,70.00814,83.32391
TJIG,3/17/2025,82.4,77,54.551235,73.61036,83.437645
TJIG,3/18/2025,82.4,73.4,61.58435,73.04473,83.209045
TJIG,3/19/2025,80.6,73.4,54.30221,70.85039,83.32391
TJIG,3/20/2025,80.6,71.6,57.603676,66.9323,78.04456
TJIG,3/21/2025,82.4,75.2,65.536865,70.73639,74.114944
TJIG,3/22/2025,80.6,75.2,73.9485,85.558105,94.14301
TJIG,3/23/2025,84.2,80.6,62.02914,72.12061,78.76171
TJIG,3/24/2025,84.2,75.2,65.74351,76.031006,88.588776
TJIG,3/25/2025,82.4,75.2,65.74351,78.453156,88.588776
TJIG,3/26/2025,87.8,77,51.978363,74.69532,83.437645
TJIG,3/27/2025,89.6,75.2,46.142197,69.32989,83.32391
TJIG,3/28/2025,84.2,78.8,62.02914,71.21094,74.2799
TJIG,3/29/2025,82.4,78.8,65.74351,71.80326,78.76171
TJIG,3/30/2025,84.2,75.2,65.74351,74.22664,83.32391
TJIG,3/31/2025,84.2,75.2,61.807594,73.73842,83.32391
TJIG,4/1/2025,84.2,75.2,62.02914,74.18081,83.32391
TJIG,4/2/2025,82.4,73.4,65.74351,79.03957,88.588776
TJIG,4/3/2025,82.4,78.8,54.551235,68.35904,74.114944
TJIG,4/4/2025,82.4,78.8,57.842686,66.109695,74.114944
TJIG,4/5/2025,82.4,71.6,65.32855,79.14989,94.05696
TJIG,4/6/2025,82.4,77,61.807594,69.71274,73.9485
TJIG,4/7/2025,82.4,75.2,58.07999,72.7442,83.32391
TJIG,4/8/2025,82.4,75.2,65.74351,,83.32391
